arm,seed,drivers.num_drivers,requests,completed,completion_rate,cancel_rate,cancel_no_match_rate,cancel_eta_rate,wait_mean_s,wait_p50_s,wait_p90_s,wait_all_mean_s,completed_per_hour,time_to_match_mean_s,pickup_mean_s,driver_idle_frac,driver_enroute_frac,driver_ontrip_frac,batches,batch_riders_mean,solve_ms_mean,solve_ms_p99,decline_rate
immediate_greedy,0,250,2956,1761,0.5957374830852503,0.4042625169147497,0.015561569688768605,0.38870094722598103,501.7777977352565,480.19569577824495,778.7903279495258,321.46858347464365,704.4,55.19484612144308,446.58295161381346,0.0003335513448925006,0.2631161131017668,0.7365503355533407,2800,13.815,0.14582485714267282,0.4925039993941026,0.05723542116630669
immediate_greedy,1,250,2855,1763,0.6175131348511383,0.38248686514886165,0.008756567425569177,0.37373029772329247,473.73926580020486,446.3171026771097,754.1803103944582,310.9386116938873,705.2,38.82520070157072,434.9140650986342,0.00040795670588878217,0.25656032497758835,0.7430317183165228,2893,10.49913584514345,0.11307044589687489,0.38664799889374984,0.04345388281469022
immediate_greedy,2,250,3002,1746,0.5816122584943371,0.4183877415056629,0.012658227848101266,0.4057295136575616,504.8929217116353,478.3912649332565,778.8505573371253,315.2678246292811,698.4,47.07414900930373,457.8187727023316,9.64171011975377e-05,0.26780918540615345,0.732094397492649,2943,12.496772001359158,0.13319004417945218,0.4771960002108243,0.05394736842105263
immediate_greedy,3,250,2945,1752,0.5949066213921902,0.40509337860780986,0.010186757215619695,0.3949066213921901,490.5729150063036,466.26737039251384,767.856105745175,310.6042286845356,700.8,42.66037758670148,447.91253741960213,5.227339287365188e-05,0.26437401254110493,0.7355737140660215,2890,11.33598615916955,0.12299543251397767,0.472298999575287,0.04643628509719223
immediate_greedy,4,250,2902,1747,0.6019986216402481,0.3980013783597519,0.005513439007580979,0.3924879393521709,481.01450103310043,451.7079213236193,767.3060070502645,303.8411097832265,698.8,34.38125567509662,446.63324535800376,0.00030653514132726904,0.26000210930766693,0.7396913555510057,2904,9.119146005509641,0.10526098483904246,0.34011300020210855,0.047697368421052634
immediate_greedy,5,250,3099,1724,0.5563084866085835,0.4436915133914166,0.049370764762826716,0.39432074862858985,550.166969968279,526.576367737719,837.021997780322,346.6292531039186,689.6,85.21685560306194,464.95011436521713,1.3929027399377245e-05,0.27034005747846346,0.7296460134941372,2635,22.577609108159393,0.23539354837895193,0.7322540000313891,0.05277185501066098
immediate_greedy,6,250,2974,1727,0.5806993947545394,0.41930060524546064,0.01378614660390047,0.4055144586415602,498.1629464596922,477.50567821301047,769.5855922850325,310.8696542165975,690.8,48.94818591156304,449.2147605481291,0.0003496081427752567,0.26335360894788085,0.736296782909344,2843,12.76574041505452,0.1361828350204743,0.45179600067058334,0.053872956311980705
immediate_greedy,7,250,2943,1741,0.5915732246007476,0.4084267753992525,0.004417261297995243,0.40400951410125724,458.2643957376038,425.9134972440311,732.6425886579609,281.90879943246006,696.4,23.442509841585743,434.82188589601805,0.0003319478018849705,0.2532627997088697,0.7464052524892453,3118,6.769082745349583,0.08134967928987039,0.27313000005960925,0.04944609564982437
immediate_greedy,0,300,2956,2242,0.7584573748308525,0.24154262516914748,0.0,0.24154262516914748,360.76553872607855,327.04499119698994,604.6734723327061,275.3740478979931,896.8,4.252454362777828,356.5130843633007,0.00354803999380628,0.2193165504675822,0.7771354095386115,3480,2.279310344827586,0.036568477008617706,0.12742100034301984,0.05374331550802139
immediate_greedy,1,300,2855,2223,0.7786339754816112,0.2213660245183888,0.0,0.2213660245183888,342.0900857125394,312.83003548610395,579.4433940773519,267.9154653485311,889.2,2.837888256169389,339.25219745637,0.0056610172168005835,0.20802161961024596,0.7863173631729535,3440,1.9819767441860465,0.0330666860326198,0.13046900081462845,0.046866333887964504
immediate_greedy,2,300,3002,2241,0.7465023317788141,0.25349766822118586,0.0,0.25349766822118586,358.14014128459746,328.98956737194203,584.3382343686335,268.98014548559115,896.4,3.2083903044874695,354.93175098010994,0.0027299841280353453,0.21861112948613542,0.7786588863858293,3645,2.1083676268861455,0.03618883404161989,0.11198000116564796,0.049895506792058515
immediate_greedy,3,300,2945,2230,0.7572156196943973,0.2427843803056027,0.0,0.2427843803056027,350.93972933193965,321.01748102428223,587.4201480087455,267.1753748560524,892.0,2.5077705475066,348.431958784433,0.0030031268715029953,0.21514462924198158,0.7818522438865155,3552,1.9085022522522523,0.03715833334247584,0.15059199986353616,0.05567338282078473
immediate_greedy,4,300,2902,2241,0.7722260509993109,0.22777394900068917,0.0,0.22777394900068917,350.82508247262655,324.2417030576944,572.3414942881245,272.7110021089721,896.4,3.2402284469517584,347.58485402567476,0.002731388241694952,0.21440689467980759,0.7828617170784974,3547,2.1370171976318013,0.03552199042133767,0.1313080002364586,0.04540481400437637
immediate_greedy,5,300,3099,2182,0.7040980961600516,0.29590190383994835,0.0,0.29590190383994835,375.8377634391269,348.6886472036101,621.8959203400485,267.64045322469457,872.8,5.673391291131597,370.1643721479953,0.002497545962780911,0.2257458490863445,0.7717566049508746,3636,2.787953795379538,0.04639169418102795,0.20222999983161574,0.04919292851652575
immediate_greedy,6,300,2974,2196,0.738399462004035,0.26160053799596505,0.0003362474781439139,0.26126429051782113,362.17736430562013,339.0924715390115,590.5152253282408,268.9183666787352,878.4,3.2599932407977787,358.9173710648223,0.0037635110120303986,0.21838786013790304,0.7778486288500666,3567,1.944771516680684,0.03452141857178274,0.11786800012487222,0.05027932960893855
immediate_greedy,7,300,2943,2223,0.7553516819571865,0.24464831804281345,0.0,0.24464831804281345,346.8030842897406,316.9077758532585,589.7270820809763,263.7391022622049,889.2,3.496116243804158,343.3069680459364,0.006463693809990284,0.210855604264703,0.7826807019253068,3556,2.124578177727784,0.03961712597667083,0.1287049999518784,0.05029585798816568
immediate_greedy,0,350,2956,2741,0.9272665764546685,0.07273342354533154,0.0,0.07273342354533154,241.03618081590972,219.05901106371584,415.23126365081225,223.54304545085455,1096.4,0.18853768058150333,240.8476431353282,0.032725513914564866,0.16011588297103804,0.807158603114397,3576,1.0713087248322148,0.028267030175573613,0.0418750000790169,0.04403025391680173
immediate_greedy,1,350,2855,2715,0.9509632224168126,0.04903677758318739,0.0,0.04903677758318739,205.95351823590164,182.33711646559686,366.15731571098,195.87379202851574,1086.0,0.1236431019186221,205.82987513398305,0.046668284448319254,0.1383927821083404,0.8149389334433403,3487,1.0424433610553485,0.02476833954624803,0.04152799945586591,0.049764998617638924
immediate_greedy,2,350,3002,2714,0.9040639573617588,0.09593604263824117,0.0,0.09593604263824117,258.2321539161866,234.53355797834138,437.39103769703314,233.62958600973874,1085.6,0.3450820437477862,257.8870718724388,0.031212528439054924,0.16807808839474384,0.8007093831662012,3698,1.1538669551108707,0.025100135201418718,0.05140300032508091,0.05556998182290314
immediate_greedy,3,350,2945,2718,0.9229202037351443,0.07707979626485569,0.0,0.07707979626485569,235.30740748780897,211.1945970493366,415.1544772326078,217.2484656872732,1087.2,0.21340627160752795,235.09400121620143,0.029551339944714507,0.15622808577809874,0.8142205742771867,3608,1.0911862527716185,0.025688885791608638,0.050092999572370886,0.04784816893878642
immediate_greedy,4,350,2902,2726,0.9393521709166093,0.06064782908339077,0.0,0.06064782908339077,215.02462119482811,195.7812423473183,370.1529435070238,202.02020412880327,1090.4,0.10896760196436053,214.91565359286375,0.03832369438736773,0.14610788491326518,0.8155684206993671,3532,1.05039637599094,0.03355908832326538,0.04179999996267725,0.04696886947023485
immediate_greedy,5,350,3099,2681,0.8651177799290094,0.13488222007099065,0.00032268473701193933,0.1345595353339787,288.9527843905546,263.3998837586537,480.66863142848706,250.4410141685128,1072.4,0.8553605183173396,288.09742387223724,0.014883652116475516,0.18483949286818832,0.8002768550153362,3743,1.2938819129040877,0.028883889929136156,0.09087399968848328,0.054295182258475655
immediate_greedy,6,350,2974,2684,0.902488231338265,0.09751176866173504,0.0,0.09751176866173504,258.77908212552387,238.47193762139705,436.3000494321304,233.81857966654385,1073.6,0.5017817116447358,258.27730041387906,0.028873915815223375,0.16646326886154544,0.8046628153232313,3613,1.204262385828951,0.02747066147038166,0.07256399978359698,0.04697091006138244
immediate_greedy,7,350,2943,2731,0.927964661909616,0.07203533809038397,0.0,0.07203533809038397,226.5114657456788,206.61835718161274,392.3296991348325,210.26125790305713,1092.4,0.19082289184965986,226.3206428538292,0.03474815059891932,0.15216006187515413,0.8130917875259266,3573,1.0663308144416457,0.025500727675660254,0.045256000303197604,0.04773462783171521
immediate_greedy,0,400,2956,2927,0.9901894451962111,0.009810554803788904,0.0,0.009810554803788904,135.7931547146021,116.47667963113327,252.98410486423165,134.4633018703933,1170.8,0.13094223190316606,135.66221248269895,0.1454854767482353,0.09388877510104521,0.7606257481507195,3605,1.0399445214979195,0.024791484054291994,0.04210000035527628,0.05601493731661777
immediate_greedy,1,400,2855,2832,0.9919439579684763,0.008056042031523642,0.0,0.008056042031523642,130.4490914379028,112.62059927424752,250.7476514155209,129.40164373720276,1132.8,0.09815572013173961,130.35093571777105,0.16229465544071192,0.08813689373120931,0.7495684508280789,3504,1.0345319634703196,0.029561272801867215,0.04430000080901664,0.05186206896551724
immediate_greedy,2,400,3002,2927,0.975016655562958,0.024983344437041973,0.0,0.024983344437041973,155.10351667861872,134.2992363507865,288.6678037851934,151.23285047433993,1170.8,0.0980122689018166,155.00550440971688,0.1402970478836383,0.10422425718530587,0.7554786949310558,3692,1.0333152762730227,0.025601841790924906,0.04340899948147127,0.04665792922673657
immediate_greedy,3,400,2945,2924,0.9928692699490662,0.007130730050933786,0.0,0.007130730050933786,137.63361719570167,122.28823385310295,247.60360353109587,136.65456649822133,1169.6,0.1132624027392748,137.5203547929624,0.13911894003615244,0.09452167726196711,0.7663593827018805,3634,1.0407264722069345,0.02914080901266875,0.04853499969613043,0.05817028027498678
immediate_greedy,4,400,2902,2849,0.981736733287388,0.01826326671261199,0.0,0.01826326671261199,137.28759217787007,115.53406239698779,266.2481768996745,134.79297800012094,1139.6,0.09918691526143054,137.18840526260863,0.15522560679076502,0.09286525392619971,0.7519091392830353,3563,1.0364861072130227,0.026790794280528607,0.043342000535631184,0.04722904722904723
immediate_greedy,5,400,3099,3023,0.9754759599870926,0.02452404001290739,0.0,0.02452404001290739,176.85073402713826,159.7495590687504,318.64474669964625,172.5196379916674,1209.2,0.10893274046993856,176.7418012866683,0.08378209896301943,0.11906030097680333,0.7971576000601772,3758,1.0380521554018094,0.025648350150782196,0.04554299935989546,0.04821749166452936
immediate_greedy,6,400,2974,2929,0.9848688634835239,0.015131136516476126,0.0,0.015131136516476126,162.09167548745808,144.21222559114358,293.42731703316684,159.64201851620703,1171.6,0.11468352081970093,161.97699196663834,0.12490768946008514,0.10677241821937779,0.7683198923205371,3622,1.0416896742131418,0.02693072886869748,0.042500001272856025,0.05353829843625762
immediate_greedy,7,400,2943,2914,0.9901461094121644,0.009853890587835541,0.0,0.009853890587835541,133.1520375105081,118.32980699748896,242.38513699687684,131.84615181957864,1165.6,0.10345053996842311,133.0485869705397,0.1396589135595756,0.09167020008830508,0.7686708863521192,3602,1.0349805663520266,0.026511104930787753,0.04769900120663804,0.05284334763948498
immediate_greedy,0,450,2956,2933,0.9922192151556157,0.007780784844384303,0.0,0.007780784844384303,109.72431223656577,89.23794781312608,215.2689404755671,108.87096407957341,1173.2,0.09305397764375882,109.631258258922,0.2507418102809433,0.07049502391180153,0.6787631658072553,3612,1.0332225913621262,0.025355177190314847,0.04160000025876798,0.05171489817792069
immediate_greedy,1,450,2855,2851,0.998598949211909,0.0014010507880910684,0.0,0.0014010507880910684,100.41208014341959,86.1335651541176,192.21104950500694,100.2713977194008,1140.4,0.09192123821093302,100.32015890520867,0.2648533020783437,0.0629142456253212,0.6722324522963351,3507,1.0276589677787282,0.026921813513194393,0.04509399968810613,0.046337402885682576
immediate_greedy,2,450,3002,2959,0.9856762158560959,0.014323784143904063,0.0,0.014323784143904063,124.88597151040743,103.83799253977713,250.3448873482702,123.10374896376476,1183.6,0.09110070125839226,124.79487080914905,0.2407427512322269,0.07793989644545465,0.6813173523223184,3696,1.0362554112554112,0.028039556266410186,0.04503500067585277,0.049895506792058515
immediate_greedy,3,450,2945,2943,0.999320882852292,0.0006791171477079797,0.0,0.0006791171477079797,90.38440110044648,79.4829079657984,168.57739262941686,90.32301950377385,1177.2,0.08006990152154338,90.30433119892496,0.2526878340624253,0.06057721557071474,0.68673495036686,3637,1.033544129777289,0.02541077812247487,0.04240000089339446,0.05240755520085129
immediate_greedy,4,450,2902,2884,0.9937973811164714,0.006202618883528601,0.0,0.006202618883528601,111.80866582421577,90.58265795726425,226.8473295984737,111.11760044379403,1153.6,0.08469711028539263,111.72396871393039,0.2534493483759598,0.0695652415399781,0.6769854100840621,3566,1.0280426247896803,0.02600266405615366,0.042800000301213004,0.04644808743169399
immediate_greedy,5,450,3099,3085,0.9954824136818329,0.00451758631816715,0.0,0.00451758631816715,112.06450058482682,98.53596571956223,203.62107523583254,111.55895659665886,1234.0,0.08801383231422756,111.9764867525126,0.20096054771556318,0.07457315978066965,0.7244662925037672,3791,1.0284885254550251,0.027578422589953133,0.04411999925650887,0.04821749166452936
immediate_greedy,6,450,2974,2963,0.996301277740417,0.003698722259583053,0.0,0.003698722259583053,113.8133196255996,101.02039241872171,207.6886910726786,113.39362527058812,1185.2,0.07570950160825905,113.73761012399136,0.2338589569014062,0.07269165521229451,0.6934493878862993,3640,1.0299450549450548,0.026328818682316693,0.04312200093409049,0.047479327820752204
immediate_greedy,7,450,2943,2937,0.9979612640163099,0.0020387359836901123,0.0,0.0020387359836901123,96.30564210653752,83.11813968613751,175.19582583282755,96.11002895124507,1174.8,0.08244440879937913,96.22319769773814,0.24810058779565392,0.06367995386196494,0.6882194583423812,3616,1.0287610619469028,0.025700719008587856,0.043369999457354404,0.050806451612903224
batched_greedy@2s,0,250,2956,2085,0.7053450608930988,0.2946549391069012,0.2104194857916103,0.08423545331529093,373.75791883263753,345.02287448259585,567.996278337118,320.63741978847236,834.0,97.57700364588527,276.1809151867523,0.00016446443303205684,0.15014921098764772,0.8496863245793203,2786,30.631371141421393,0.037622182365738464,0.13240500047686551,0.05276872964169381
batched_greedy@2s,1,250,2855,2044,0.715936952714536,0.2840630472854641,0.1796847635726795,0.10437828371278458,380.4852966956705,347.6091330488289,595.8478293492029,325.24465607686767,817.6,92.86286370058498,287.6224329950856,6.078698067731855e-05,0.15875550543622724,0.8411837075830955,2911,27.878048780487806,0.0341652009639623,0.12463000002753695,0.04642039882314482
batched_greedy@2s,2,250,3002,2061,0.6865423051299134,0.3134576948700866,0.21252498334443704,0.10093271152564957,376.98449107482446,344.22092463242916,581.5853015200482,318.76197897734284,824.4,92.54215805485282,284.4423330199716,0.0001080591038855578,0.15559255747580175,0.8442993834203126,3032,28.857519788918207,0.03456553430069563,0.14283799988334067,0.049013367281986
batched_greedy@2s,3,250,2945,2076,0.7049235993208829,0.29507640067911717,0.232937181663837,0.062139219015280134,364.8466356616108,339.0206933898744,551.0539373072083,320.6257265708004,830.4,106.11394267635767,258.73269298525315,0.0,0.12714149621470283,0.8728585037852972,2508,36.25877192982456,0.04517177035449424,0.15395800101032353,0.042866711319490956
batched_greedy@2s,4,250,2902,2068,0.7126119917298415,0.28738800827015853,0.20778773259820812,0.07960027567195038,368.81095998273213,336.408397379028,567.5935619242415,323.32629287773364,827.2,100.27960190749299,268.53135807523915,6.51961046569781e-05,0.1401289265246571,0.8598058773706859,2688,32.658482142857146,0.038247358648255785,0.1457560009112059,0.057648214870619066
batched_greedy@2s,5,250,3099,2090,0.6744111003549532,0.3255888996450468,0.287189415940626,0.038399483704420784,369.4682799869022,338.62889698017307,571.9518354967345,329.7396738761974,836.0,120.0302253862771,249.43805460062512,0.0,0.11902513459445156,0.8809748654055485,2390,45.427196652719665,0.045330502098104984,0.13525199954528985,0.04948805460750853
batched_greedy@2s,6,250,2974,2027,0.6815736381977135,0.3184263618022865,0.2336919973100202,0.0847343644922663,380.1502988005356,345.3493016227949,577.1214511632245,325.46466930289535,810.8,104.81090096351194,275.33939783702374,2.2673941573578405e-05,0.14198431087515187,0.8579930151832745,2717,35.539933750460065,0.04178156055243579,0.1821919999929387,0.054315228257247584
batched_greedy@2s,7,250,2943,2019,0.6860346585117227,0.31396534148827726,0.1967380224260958,0.11722731906218145,380.55807527059216,344.77165976505967,599.472526343884,318.7373011404723,807.6,89.39738612434357,291.1606891462486,0.0003511749418396458,0.1593321838718907,0.8403166411862696,3089,27.505017805114925,0.03536393655229903,0.1309120010409967,0.047449967721110396
batched_greedy@2s,0,300,2956,2317,0.7838294993234101,0.21617050067659,0.041271989174560215,0.17489851150202976,357.89710461277065,322.5600357417543,577.78221691575,293.34507075546384,926.8,29.172447430876975,328.7246571818937,0.00226368183184004,0.1948891315187904,0.8028471866493696,3384,9.18144208037825,0.03081229315972906,0.1415140006065488,0.044463087248322146
batched_greedy@2s,1,300,2855,2256,0.7901926444833626,0.20980735551663748,0.004903677758318739,0.20490367775831875,338.8086455117203,309.2677142381881,555.7550701595596,271.3489379849845,902.4,9.267956089384635,329.5406894223357,0.003923858273841364,0.19922637712149746,0.7968497646046611,3410,4.196480938416422,0.02933366567932057,0.16174700114788695,0.053112033195020746
batched_greedy@2s,2,300,3002,2262,0.7534976682211859,0.24650233177881412,0.003997335109926716,0.24250499666888742,361.47331210128186,330.60304442597237,596.0966295118437,275.97178502506546,904.8,9.453519146351155,352.01979295493067,0.0028280618985349086,0.2142427634209947,0.7829291746804704,3718,3.894835933297472,0.028360623989310347,0.17470499979026474,0.04805672268907563
batched_greedy@2s,3,300,2945,2267,0.7697792869269949,0.2302207130730051,0.004414261460101867,0.22580645161290322,344.275540058823,312.9451289055269,572.9260861140785,268.32824977913475,906.8,7.415266569783736,336.8602734890393,0.003206161804023374,0.20758681025077277,0.7892070279452039,3722,4.059376679204728,0.028618216028091305,0.156643999780499,0.05435651478816946
batched_greedy@2s,4,300,2902,2228,0.7677463818056512,0.23225361819434873,0.0006891798759476223,0.2315644383184011,359.45752191209993,327.73303862799685,601.8577245453904,278.4414869042094,891.2,6.86726671595756,352.5902551961423,0.002436926956316224,0.21391153885341646,0.7836515341902673,3642,3.275947281713344,0.027757276223571378,0.14093899941144658,0.046473482777474026
batched_greedy@2s,5,300,3099,2265,0.7308809293320426,0.2691190706679574,0.0484027105517909,0.2207163601161665,369.6990134543398,339.53907595226656,593.3332808734494,285.65435521431937,906.0,30.242621594095816,339.456391860244,0.0011809059330726767,0.20144887208559972,0.7973702219813276,3476,9.667433831990794,0.030468843483551413,0.13534999879993848,0.0514118273841236
batched_greedy@2s,6,300,2974,2249,0.7562205783456624,0.24377942165433758,0.008742434431741762,0.23503698722259583,347.00394755653235,316.9617134563705,589.7717259394075,266.0808734493258,899.6,11.74223051223584,335.2617170442965,0.004704141776062703,0.20568678494087114,0.7896090732830663,3452,4.071842410196988,0.02851457124650705,0.15135799960262283,0.045246431457042824
batched_greedy@2s,7,300,2943,2235,0.7594291539245668,0.24057084607543322,0.0003397893306150187,0.2402310567448182,345.3137555824854,311.86399697940715,578.6570312628486,264.40235738548284,894.0,5.430228384736274,339.8835271977491,0.004859772190322615,0.20558339482657606,0.7895568329831014,3626,2.921676778819636,0.02881718147091757,0.15639999946870375,0.046461372231226365
batched_greedy@2s,0,350,2956,2741,0.9272665764546685,0.07273342354533154,0.0,0.07273342354533154,240.10485045033843,216.70279247418148,403.20786938553374,222.77792623118702,1096.4,1.261482844586799,238.84336760575167,0.030331581022047204,0.15844962708265642,0.8112187918952963,2800,1.4296428571428572,0.044175464301718294,0.19393000122363374,0.04840010755579457
batched_greedy@2s,1,350,2855,2722,0.953415061295972,0.04658493870402802,0.0,0.04658493870402802,206.58800496888503,184.11683849026758,369.29633453997593,197.0201686929046,1088.8,1.1070572326996315,205.48094773618544,0.0473336519209931,0.13855121735429185,0.8141151307247151,2627,1.3806623524933384,0.048173087174035636,0.2271659999678375,0.04660194174757282
batched_greedy@2s,2,350,3002,2721,0.9063957361758828,0.09360426382411725,0.00033311125916055963,0.09327115256495669,247.44748584510455,225.76842063452204,420.6308644882665,224.49959028294606,1088.4,1.1781808717977138,246.26930497330682,0.03516007673437408,0.161855422652054,0.802984500613572,2805,1.477361853832442,0.04421005347489841,0.21600799933366951,0.05040480543222774
batched_greedy@2s,3,350,2945,2719,0.9232597623089983,0.0767402376910017,0.0,0.0767402376910017,225.8603348803553,202.1960274516896,393.74466591958446,208.69245870253576,1087.6,1.2113469604914118,224.64898791986388,0.03323316408557816,0.14978418459990622,0.8169826513145156,2805,1.429590017825312,0.04537643492341153,0.2245559990842597,0.052155401809473124
batched_greedy@2s,4,350,2902,2726,0.9393521709166093,0.06064782908339077,0.0,0.06064782908339077,220.24030136816648,201.9235975754632,372.75051615242137,207.02813087731465,1090.4,1.2219728267454428,219.01832854142097,0.035943161016630656,0.1463351004092373,0.817721738574132,2739,1.438846294267981,0.04546947791772714,0.20277999985410036,0.0482683392418871
batched_greedy@2s,5,350,3099,2686,0.8667312036140691,0.13326879638593095,0.00032268473701193933,0.132946111648919,283.2391526713305,261.464606412801,476.33882310650256,246.2662669657308,1074.4,2.023661298882858,281.21549137244756,0.01441012653124192,0.18006604640708282,0.8055238270616754,3067,1.9481578089338116,0.0384365503532491,0.2001979992564891,0.051393505497315264
batched_greedy@2s,6,350,2974,2687,0.9034969737726967,0.09650302622730329,0.0,0.09650302622730329,257.44311440789335,237.95484095036863,428.1091511917604,232.792116309454,1074.8,1.2029353232768643,256.24017908461644,0.02516713667421622,0.16605544612551948,0.8087774172002643,2780,1.441726618705036,0.04306517987859204,0.2602969996405593,0.0487480021310602
batched_greedy@2s,7,350,2943,2721,0.9245667686034659,0.07543323139653414,0.0,0.07543323139653414,229.3469143918904,204.8221191923285,400.7533602388012,212.1643771883457,1088.4,1.1371700278875103,228.20974436400283,0.03545691990394134,0.15318910999192975,0.8113539701041289,2741,1.3954761036118204,0.04498639181774132,0.2062000003206771,0.05106154259607632
batched_greedy@2s,0,400,2956,2925,0.9895128552097429,0.010487144790257105,0.0,0.010487144790257105,139.5992217034824,121.86842151349174,256.8436100133676,138.1475009732061,1170.0,1.1150734830470355,138.48414822043537,0.14606759072427805,0.09536702838478277,0.7585653808909392,2689,1.3908516177017478,0.0708413536783066,0.2475960001902421,0.05374331550802139
batched_greedy@2s,1,400,2855,2833,0.9922942206654991,0.007705779334500876,0.0,0.007705779334500876,132.69570769282592,114.68448939803784,253.63401835565475,131.68369091836016,1133.2,1.1067575722568233,131.5889501205691,0.16211407912494832,0.08855106270804673,0.749334858167005,2617,1.3828811616354604,0.07472858232794372,0.27342400040652154,0.05029013539651837
batched_greedy@2s,2,400,3002,2926,0.9746835443037974,0.02531645569620253,0.0,0.02531645569620253,160.18657623713676,141.59674336823036,299.6799885363257,156.16259073226047,1170.4,1.1044704961519858,159.08210574098476,0.13764423156826275,0.10619121030128191,0.7561645581304554,2695,1.4244897959183673,0.07409113173920347,0.2822739998373434,0.05261786923678041
batched_greedy@2s,3,400,2945,2925,0.9932088285229203,0.006791171477079796,0.0,0.006791171477079796,136.40291252034268,121.52889593200098,248.52686286791655,135.48456753912998,1170.0,1.097148869785491,135.3057636505572,0.1414046554852784,0.09296562499802243,0.7656297195166992,2725,1.3772477064220183,0.07155842201035564,0.2697520003857789,0.05089261923794298
batched_greedy@2s,4,400,2902,2853,0.9831150930392832,0.016884906960716747,0.0,0.016884906960716747,139.296603272718,115.7648925747726,270.50228098031096,136.98616934769416,1141.2,1.1353024507919351,138.16130082192603,0.1532796123919378,0.09359224099440755,0.7531281466136547,2647,1.4087646392142048,0.0743622213736887,0.24480800046148943,0.04068169323804288
batched_greedy@2s,5,400,3099,3016,0.9732171668280091,0.026782833171990966,0.0,0.026782833171990966,177.41671599609296,160.07765149295028,316.0513372924456,172.694629192163,1206.4,1.1340534329658154,176.28266256312713,0.08556115050725972,0.11862977123746994,0.7958090782552703,2790,1.4086021505376345,0.05901842294693244,0.23248999847055643,0.054522292993630574
batched_greedy@2s,6,400,2974,2929,0.9848688634835239,0.015131136516476126,0.0,0.015131136516476126,162.54949476363842,146.1678780728289,289.44325635146583,160.10797061559637,1171.6,1.123509134812299,161.4259856288261,0.1250734170487735,0.10662326765919405,0.7683033152920324,2682,1.4052945563012678,0.06483665175850672,0.2953199999865329,0.052533828601751126
batched_greedy@2s,7,400,2943,2915,0.9904858987427795,0.009514101257220523,0.0,0.009514101257220523,134.43432487980868,120.368057732137,244.32141125957818,133.16816791655705,1166.0,1.1029799303822987,133.33134494942638,0.13931458821181003,0.09229655923141793,0.768388852556772,2718,1.3749080206033848,0.06989543782458883,0.2571090014862419,0.055124431362055124
batched_greedy@2s,0,450,2956,2935,0.9928958051420839,0.007104194857916103,0.0,0.007104194857916103,109.63395824086471,87.60795506269642,214.63068310215476,108.86553300038948,1174.0,1.1049510118603945,108.52900722900429,0.25068576451556634,0.0700538805696703,0.6792603549147633,2682,1.3881431767337808,0.10609116332836314,0.31388599918500454,0.049422508729519206
batched_greedy@2s,1,450,2855,2852,0.9989492119089317,0.0010507880910683013,0.0,0.0010507880910683013,101.37036697281908,88.01398102123949,191.32393635724023,101.26565715126247,1140.8,1.1059878401022645,100.2643791327168,0.26418669355285396,0.06332195216170991,0.6724913542854362,2617,1.3798242262132212,0.09973091325365381,0.3203600000415465,0.04818609803378565
batched_greedy@2s,2,450,3002,2967,0.9883411059293804,0.011658894070619586,0.0,0.011658894070619586,124.69299195369894,104.83817551667744,244.6039655360306,123.262291289269,1186.8,1.090854282562768,123.60213767113616,0.23978752866018527,0.07738824778094534,0.6828242235588694,2698,1.4251297257227575,0.0994260934020092,0.320018000984419,0.0501436406372421
batched_greedy@2s,3,450,2945,2943,0.999320882852292,0.0006791171477079797,0.0,0.0006791171477079797,91.31787901114991,80.17505008327498,167.869772308927,91.25651857347314,1177.2,1.092342322729801,90.22553668842009,0.25287803632565065,0.06032831836405473,0.6867936453102946,2732,1.3726207906295753,0.09864568081271076,0.33078000029490806,0.050133333333333335
batched_greedy@2s,4,450,2902,2882,0.9931082012405238,0.006891798759476223,0.0,0.006891798759476223,112.13618637919939,90.2927610596098,225.94148342640486,111.36984263359254,1152.8,1.1009292242263786,111.03525715497298,0.2541418021409866,0.06922393719025915,0.6766342606687542,2649,1.3805209513023782,0.1028514156432662,0.31145200009632384,0.04566584632212196
batched_greedy@2s,5,450,3099,3084,0.995159728944821,0.00484027105517909,0.0,0.00484027105517909,113.3667852463867,98.88865706045499,206.98171663747513,112.82553259117547,1233.6,1.1066750246191823,112.26011022176753,0.20065730003606277,0.07462283724449588,0.7247198627194413,2771,1.4074341392998917,0.09563608804861404,0.37400000037451064,0.04846153846153846
batched_greedy@2s,6,450,2974,2963,0.996301277740417,0.003698722259583053,0.0,0.003698722259583053,116.01004167615731,101.53197932549119,211.6861987864324,115.58569386793748,1185.2,1.107759914667523,114.90228176148976,0.2338484318583709,0.07293856310244493,0.6932130050391841,2686,1.3979895755770664,0.08846381238339852,0.36640499911300145,0.04900133155792277
batched_greedy@2s,7,450,2943,2938,0.9983010533469249,0.0016989466530750934,0.0,0.0016989466530750934,96.19534335494572,83.36723127644063,172.949764428605,96.03465872728515,1175.2,1.0833784184070407,95.11196493653868,0.24873149236267647,0.0630315711604605,0.688236936476863,2697,1.3748609566184649,0.0975688913555954,0.32250000003841706,0.04773462783171521
batched_greedy@5s,0,250,2956,2085,0.7053450608930988,0.2946549391069012,0.2198917456021651,0.07476319350473613,364.93285378043544,333.32420429623835,556.9374527876895,317.546663235875,834.0,98.86077722053129,266.0720765599042,0.00013830669775794782,0.14256214009214693,0.8572995532100951,1679,35.70279928528886,0.04912167954716898,0.21655199994711444,0.04961958319550116
batched_greedy@5s,1,250,2855,2015,0.7057793345008757,0.29422066549912435,0.17267950963222417,0.12154115586690017,366.52051143887616,335.6746348034394,568.8436508346559,311.96982351284066,806.0,81.5754533731413,284.9450580657349,0.0002557064712265993,0.15533712756755694,0.8444071659612166,1764,29.563492063492063,0.04538112244680759,0.21470899984706132,0.0512987012987013
batched_greedy@5s,2,250,3002,2117,0.7051965356429047,0.29480346435709526,0.24283810792804797,0.0519653564290473,367.189015121308,338.87729004034736,552.3570884629489,325.57593275911444,846.8,109.12127012475412,258.0677449965539,0.0,0.13444007005767292,0.865559929942327,1681,40.06186793575253,0.05113819153641775,0.1931399998284178,0.046519300560871
batched_greedy@5s,3,250,2945,2062,0.700169779286927,0.299830220713073,0.2567062818336163,0.04312393887945671,362.6660088096714,337.6281467580782,544.3168794243062,324.1142015894542,824.8,112.33260506700452,250.33340374266695,0.0,0.11860114394260718,0.8813988560573929,1642,41.702801461632156,0.05374445800763822,0.20357599973067356,0.05602716468590832
batched_greedy@5s,4,250,2902,2087,0.7191592005513439,0.2808407994486561,0.2164024810475534,0.06443831840110269,366.6758410171872,337.1232361758157,558.7150511744798,327.56194861897274,834.8,102.57474151917253,264.1010994980146,2.1166078132919616e-05,0.13689524302824743,0.8630835908936197,1709,37.21357519016969,0.050984727930300885,0.22383600022294584,0.05950413223140496
batched_greedy@5s,5,250,3099,2098,0.6769925782510487,0.32300742174895125,0.2846079380445305,0.038399483704420784,370.4096462130632,336.81683462013916,577.4540768244891,329.24931392861237,839.2,120.56190773037103,249.84773848269214,0.0,0.12012189075793918,0.8798781092420609,1620,46.995679012345676,0.056421790166630806,0.2036239995868527,0.05202312138728324
batched_greedy@5s,6,250,2974,2024,0.6805648957632818,0.3194351042367182,0.22394082044384667,0.09549428379287156,376.75410497167354,340.77368359212414,586.5203946769836,320.17903657940167,809.6,101.217638593025,275.5364663786486,3.493240623674016e-05,0.14435891346590465,0.8556061541278586,1698,37.851590106007066,0.04978062423125449,0.2048270005616359,0.05452742894910773
batched_greedy@5s,7,250,2943,2020,0.6863744478423377,0.31362555215766225,0.20931022765885152,0.10431532449881074,373.4461852189403,339.67697097520045,585.0520929471725,316.1799320894597,808.0,96.51040619928517,276.9357790196552,0.0001406228434975217,0.14753977412730404,0.8523196030291984,1760,32.67613636363637,0.046571988630975364,0.21116399917445963,0.04240631163708087
batched_greedy@5s,0,300,2956,2357,0.797361299052774,0.20263870094722597,0.04330175913396482,0.15933694181326116,349.96914881229634,323.22682125195024,562.834424687416,292.02992911269143,942.8,35.49727830366125,314.4718705086351,0.002477510796339927,0.18631724549159037,0.8112052437120697,1866,11.812968917470526,0.04201430868434188,0.2705299997614926,0.04880089235917457
batched_greedy@5s,1,300,2855,2270,0.7950963222416813,0.20490367775831875,0.008756567425569177,0.19614711033274956,334.63553715180575,305.3493505138997,558.8202730114295,271.62184427757603,908.0,13.7190216543563,320.91651549744944,0.0036985776321313705,0.19181026977400512,0.8044911525938636,1898,5.7834562697576395,0.03905147524223392,0.2460320006321125,0.047193521362747834
batched_greedy@5s,2,300,3002,2279,0.7591605596269154,0.2408394403730846,0.0069953364423717525,0.23384410393071287,358.94301342261815,326.77945242452915,577.9024219802619,277.86521864221453,911.6,15.995857435679405,342.9471559869387,0.0027536652256788864,0.20754945985940282,0.7896968749149184,1952,6.177766393442623,0.038921157803744166,0.27235100000325485,0.047167325428194996
batched_greedy@5s,3,300,2945,2272,0.7714770797962649,0.22852292020373516,0.013242784380305603,0.21528013582342953,359.49345772727247,328.3475827213938,603.9481432210026,283.5217868144491,908.8,17.28442347941313,342.20903424785934,0.002557212940969765,0.20896130277124536,0.788481484287785,1963,6.453387671930718,0.038318441132369915,0.2531640003871868,0.051171559385941284
batched_greedy@5s,4,300,2902,2251,0.7756719503790489,0.22432804962095107,0.0034458993797381117,0.22088215024121297,353.92968423891347,327.0310046218601,585.9483646592871,278.6412577935307,900.4,11.475165488546832,342.4545187503666,0.0024318961799827117,0.20710910162559162,0.7904590021944257,1952,4.783299180327869,0.037736731527371885,0.2502350010399823,0.04552934722984092
batched_greedy@5s,5,300,3099,2334,0.7531461761858664,0.2468538238141336,0.08228460793804453,0.16456921587608905,367.1511397863675,333.1627468089805,590.1229165864962,301.69739653447783,933.6,49.99017417299393,317.16096561337355,0.0012447192213961699,0.18148647297943762,0.8172688077991663,1844,18.004338394793926,0.04457955530178997,0.23325100028159768,0.047409040793825796
batched_greedy@5s,6,300,2974,2239,0.7528581035642232,0.24714189643577672,0.01109616677874916,0.23604572965702758,371.26008403633693,338.0175922208273,616.9223391016337,285.0688509398614,895.6,17.358973106420745,353.9011109299163,0.002936114252792693,0.21313340167752345,0.7839304840696838,1934,6.156670113753878,0.03805160292425556,0.2704670003731735,0.047644683714670254
batched_greedy@5s,7,300,2943,2279,0.7743798844716276,0.2256201155283724,0.02616377845735644,0.19945633707101598,345.93532194701874,310.10533559986015,580.0808048806393,277.5754081542257,911.6,22.562900935286887,323.3724210117319,0.004404854968796148,0.19330337708523815,0.8022917679459657,1894,8.327349524815206,0.0406961457418089,0.2593890001116959,0.047960308710033074
batched_greedy@5s,0,350,2956,2771,0.9374154262516915,0.06258457374830853,0.0,0.06258457374830853,231.74228331495718,209.42152317964064,398.31774976460383,217.44979018350028,1108.4,2.7452784609683283,228.99700485398887,0.03265634117212255,0.15385324603642242,0.8134904127914551,1758,2.1257110352673494,0.061120819087183705,0.32256499995128285,0.042737354611847446
batched_greedy@5s,1,350,2855,2706,0.9478108581436077,0.05218914185639229,0.0,0.05218914185639229,212.38045583943008,190.58024336101266,377.1759126674483,201.45870769738775,1082.4,2.737747563119689,209.64270827631043,0.04767575874405353,0.13986727011824002,0.8124569711377065,1752,2.067922374429224,0.060083904104867046,0.30348399997819797,0.049764998617638924
batched_greedy@5s,2,350,3002,2714,0.9040639573617588,0.09593604263824117,0.0,0.09593604263824117,250.33510433571482,225.81366120659231,434.61268160343803,226.7303437648065,1085.6,2.898245086700574,247.43685924901425,0.03801288588243169,0.16135788559039463,0.8006292285271737,1799,2.2306837131739856,0.058519677607659165,0.32858999846212095,0.055324675324675325
batched_greedy@5s,3,350,2945,2725,0.9252971137521222,0.07470288624787776,0.0,0.07470288624787776,233.71454735766935,209.86054990173216,408.7682343144355,216.50428912046482,1090.0,2.884294610913094,230.83025274675626,0.031145289198568054,0.15313643049712378,0.8157182803043082,1794,2.121516164994426,0.05678244147420952,0.33168699870657264,0.054921729901830724
batched_greedy@5s,4,350,2902,2747,0.9465885596140593,0.05341144038594073,0.0,0.05341144038594073,212.80908902467644,193.8582499724539,368.2071669623754,201.64074076972145,1098.8,2.794979992394624,210.01410903228185,0.035125704289939455,0.14204477084645586,0.8228295248636047,1774,2.1071025930101466,0.05966505072191125,0.30473799892206427,0.052917232021709636
batched_greedy@5s,5,350,3099,2687,0.867053888351081,0.132946111648919,0.001936108422071636,0.13101000322684736,286.1232533888116,261.68411040972205,481.75638027630566,249.3537303834137,1074.8,4.8955970536716436,281.2276563351399,0.013115319478602958,0.17983086144621435,0.8070538190751827,1842,3.024972855591748,0.05390380022545958,0.318521000426699,0.046822742474916385
batched_greedy@5s,6,350,2974,2696,0.9065232010759919,0.09347679892400806,0.0,0.09347679892400806,262.90936141815945,242.2810174822298,436.383629912772,238.7560760799039,1078.4,3.195274786971631,259.71408663118785,0.02520597287315002,0.16759690166011124,0.8071971254667388,1786,2.2737961926091823,0.053809854454642946,0.3351949997522757,0.055041016141836464
batched_greedy@5s,7,350,2943,2724,0.9255861365953109,0.0744138634046891,0.0,0.0744138634046891,233.31502515495413,208.50546140108327,407.38627309489254,216.21611145556776,1089.6,2.780528692807824,230.53449646214628,0.03734596739012014,0.15283029330195236,0.8098237393079275,1795,2.1036211699164347,0.05800947075947071,0.3377580014785051,0.05029585798816568
batched_greedy@5s,0,400,2956,2921,0.9881596752368065,0.011840324763193504,0.0,0.011840324763193504,140.38614508152148,122.29997592457403,254.82065976897593,138.76398049622662,1168.4,2.76017896894971,137.62596611257177,0.14728472228205688,0.09428933883704864,0.7584259388808945,1769,2.1158846806105145,0.10047128322851329,0.41204399851267154,0.05450173657493989
batched_greedy@5s,1,400,2855,2833,0.9922942206654991,0.007705779334500876,0.0,0.007705779334500876,133.1352756455729,115.65755426490523,245.94414689184666,132.13742450518004,1133.2,2.746675193069219,130.38860045250368,0.16247229954180897,0.08778852089757498,0.7497391795606161,1747,2.070406410990269,0.10779038352700088,0.41242800019972464,0.049764998617638924
batched_greedy@5s,2,400,3002,2916,0.9713524317121919,0.028647568287808126,0.0,0.028647568287808126,160.5122256278673,140.27399830976265,299.8140408413583,155.99620381594767,1166.4,2.732819634948842,157.77940599291847,0.13960781227303834,0.10518813851084345,0.7552040492161183,1770,2.1576271186440676,0.10495192092314881,0.45509299952755045,0.04665792922673657
batched_greedy@5s,3,400,2945,2928,0.9942275042444821,0.005772495755517827,0.0,0.005772495755517827,136.74977550314154,122.34110489927912,250.45331193431915,135.9763588448081,1171.2,2.8622467896505017,133.88752871349104,0.1409169540451894,0.09255201071065294,0.7665310352441577,1797,2.099610461880913,0.09405954370778699,0.3984279998257987,0.05592366816856613
batched_greedy@5s,4,400,2902,2853,0.9831150930392832,0.016884906960716747,0.0,0.016884906960716747,138.85305258450862,118.48061746374333,263.76358000937216,136.59209166021694,1141.2,2.739285393518001,136.1137671909906,0.15480910130820424,0.09212723880926948,0.7530636598825262,1764,2.0884353741496597,0.1043521541679697,0.4335599994919894,0.04252400548696845
batched_greedy@5s,5,400,3099,3022,0.9751532752500807,0.02484672474991933,0.0,0.02484672474991933,176.56945391251256,157.8248178639601,319.5359806837224,172.2701878715894,1208.8,2.7815099555523846,173.7879439569602,0.08428499830176986,0.11712703381664794,0.7985879678815822,1804,2.182926829268293,0.08273015522387471,0.3974889989331133,0.05307476397040061
batched_greedy@5s,6,400,2974,2930,0.9852051109616677,0.014794889038332213,0.0,0.014794889038332213,160.35056153398037,144.38577240302948,282.47993502826205,158.02552203147513,1172.0,2.82444896822774,157.52611256575264,0.1259452140779574,0.10512202947193781,0.7689327564501048,1774,2.127959413754228,0.10765800449713105,0.49529099969731755,0.05403973509933775
batched_greedy@5s,7,400,2943,2915,0.9904858987427795,0.009514101257220523,0.0,0.009514101257220523,133.85074500788406,120.21125256392679,241.0387950502205,132.60882897900763,1166.0,2.7753638640178564,131.0753811438662,0.14090201406835762,0.09103748120571742,0.7680605047259249,1784,2.0980941704035874,0.0955545403379263,0.3984949995719947,0.05663905957787871
batched_greedy@5s,0,450,2956,2934,0.9925575101488497,0.007442489851150203,0.0,0.007442489851150203,111.54433628893977,89.51852728598874,219.1762672388709,110.73999480224161,1173.6,2.753761884235427,108.79057440470432,0.2501789795578869,0.070412220360687,0.679408800081426,1767,2.1154499151103567,0.15387402376044962,0.543703999974241,0.053237025147137504
batched_greedy@5s,1,450,2855,2850,0.9982486865148862,0.0017513134851138354,0.0,0.0017513134851138354,103.05145235045286,88.87407609552292,195.83762541187951,102.88053159165716,1140.0,2.754092415773862,100.29735993467901,0.26531190585920655,0.06306706478949368,0.6716210293512997,1748,2.068649885583524,0.13887242561628493,0.4265830001349968,0.04950221238938053
batched_greedy@5s,2,450,3002,2963,0.9870086608927382,0.012991339107261825,0.0,0.012991339107261825,129.15658643937243,108.28752857928203,256.171773652412,127.52929586266039,1185.2,2.7822731759293133,126.37431326344313,0.23984898327298118,0.07878126202623897,0.6813697547007799,1788,2.163870246085011,0.14884272930581163,0.5923549997169171,0.05801605801605802
batched_greedy@5s,3,450,2945,2941,0.9986417657045841,0.0013582342954159593,0.0,0.0013582342954159593,94.62684010094378,82.57053289093164,171.80678834871105,94.50222084243337,1176.4,2.8157732338549426,91.81106686708881,0.25322253746362355,0.061135290017035486,0.685642172519341,1798,2.085094549499444,0.13954210232043668,0.5166390009617317,0.049879967991464394
batched_greedy@5s,4,450,2902,2882,0.9931082012405238,0.006891798759476223,0.0,0.006891798759476223,116.18855219552019,93.57694536889358,233.9486977710303,115.40667039885867,1152.8,2.6849139944673017,113.5036382010529,0.2530612870583295,0.07017573620017244,0.6767629767414981,1762,2.0675368898978435,0.1451530079685694,0.4537729999901771,0.04199835300576448
batched_greedy@5s,5,450,3099,3084,0.995159728944821,0.00484027105517909,0.0,0.00484027105517909,114.11169708091509,100.61292940856856,208.55875266618582,113.57357281101167,1233.6,2.721827896348494,111.3898691845666,0.20018865377099393,0.07436354825328736,0.7254477979757187,1790,2.177653631284916,0.13147094970267895,0.5360860005202982,0.04797331965110313
batched_greedy@5s,6,450,2974,2965,0.9969737726967047,0.003026227303295225,0.0,0.003026227303295225,116.17059164978022,101.71301918979543,209.5538693946744,115.82707505887568,1186.0,2.7546292480452017,113.41596240173503,0.23361738666851084,0.07252131824581767,0.6938612950856715,1771,2.110671936758893,0.12380937326289215,0.46541000028810137,0.04467629748528625
batched_greedy@5s,7,450,2943,2936,0.9976214746856948,0.002378525314305131,0.0,0.002378525314305131,98.69879330981317,86.20590540366084,179.16079648216873,98.47355301895169,1174.4,2.7094817008467853,95.98931160896639,0.2488615285864066,0.06325113008286844,0.6878873413307249,1784,2.077354260089686,0.13944204034087795,0.5254090012203974,0.04722072315164598
batched_greedy@10s,0,250,2956,2109,0.7134641407307172,0.2865358592692828,0.233085250338295,0.05345060893098782,356.923075891281,328.2085160001425,539.4333283243623,319.63324839892226,843.6,104.17224651825006,252.75082937303088,1.70329902228639e-05,0.13196487115628955,0.8680180958534875,1020,40.205882352941174,0.07281362744762708,0.34718299957603427,0.0519611129735166
batched_greedy@10s,1,250,2855,2052,0.718739054290718,0.28126094570928195,0.2136602451838879,0.06760070052539405,368.0668114864582,337.61876363253214,565.4808498332825,326.711960656259,820.8,102.52764746612878,265.53916402032945,3.0039104864188427e-05,0.1411227789982904,0.8588471818968454,1023,37.97849462365591,0.06793665689049118,0.2927999998792072,0.04918588873812754
batched_greedy@10s,2,250,3002,2111,0.7031978680879414,0.2968021319120586,0.25116588940706197,0.04563624250499667,362.8384539959027,334.371461862047,549.6343230557195,323.6282210318102,844.4,110.7124166847554,252.1260373111473,1.2296276845388396e-05,0.1325328795503424,0.8674548241728122,1026,42.87329434697856,0.07309951271988475,0.3238249996684317,0.049518112329677635
batched_greedy@10s,3,250,2945,2068,0.7022071307300509,0.2977928692699491,0.24516129032258063,0.05263157894736842,361.7018502965486,335.39707996352035,553.8817630678324,320.82350719842765,827.2,107.90270080223699,253.79914949431165,0.0,0.1266142464513416,0.8733857535486583,1023,41.72336265884653,0.07271397846582153,0.289534000439744,0.05419050824638169
batched_greedy@10s,4,250,2902,2077,0.7157133011716058,0.2842866988283942,0.23018607856650586,0.05410062026188835,355.96374963216846,329.10949412438504,546.5771076413741,320.8336987259314,830.8,105.30083491708696,250.66291471508146,7.381518800168932e-06,0.1271588279963488,0.872833790484851,1019,39.91658488714426,0.07148724238454673,0.3589499992449417,0.051065268853567804
batched_greedy@10s,5,250,3099,2086,0.6731203614069055,0.32687963859309455,0.2804130364633753,0.046466602129719266,361.64178035741315,331.95180604546226,548.7550436297952,321.50488960006123,834.4,117.41033015119048,244.2314502062227,2.428014780673564e-05,0.11916834534529992,0.8808073745068934,1020,48.01862745098039,0.08580382352246328,0.40508900032363926,0.046353101567825496
batched_greedy@10s,6,250,2974,2035,0.6842636180228648,0.31573638197713516,0.22158708809683927,0.0941492938802959,372.0423455260734,340.7665958543812,574.5337848479593,317.4020828297415,814.0,100.75607808834286,271.2862674377305,0.00021682634412663416,0.14296935633330768,0.8568138173225657,1035,39.66859903381643,0.07017574877516707,0.3366280005866427,0.05828119855120185
batched_greedy@10s,7,250,2943,2062,0.7006455997281685,0.29935440027183147,0.2218824328916072,0.07747196738022426,363.4891786391302,332.24359311492344,568.6297690178434,317.7761611930233,824.8,97.41973095982294,266.0694476793073,2.2450026072711302e-05,0.14006013386815747,0.8599174161057698,1042,37.12859884836852,0.07590527833086254,0.34487899974919706,0.05056179775280899
batched_greedy@10s,0,300,2956,2354,0.7963464140730717,0.20365358592692828,0.04431664411366712,0.15933694181326116,348.28191720823685,320.9485887558021,555.0679896218998,292.3071402265952,941.6,38.76223146741718,309.5196857408196,0.0015943573114700997,0.1820852166942499,0.81632042599428,1059,14.316336166194523,0.061265627952962365,0.4186519994254923,0.05254378648874062
batched_greedy@10s,1,300,2855,2333,0.8171628721541155,0.1828371278458844,0.023117338003502626,0.15971978984238178,328.3046237516648,303.514761244669,535.211873697749,277.50700371509373,933.2,28.004173610030385,300.30045014163437,0.003652429753206543,0.1801021783727485,0.816245391874045,1059,10.352219074598677,0.05915118039946933,0.41653799980849826,0.05095720720720721
batched_greedy@10s,2,300,3002,2361,0.7864756828780812,0.21352431712191872,0.039640239840106596,0.17388407728181213,346.46363611387125,322.05573599781656,555.1818953775091,286.17097311071063,944.4,31.836228176396062,314.62740793747514,0.0026769242758690314,0.1920060309943616,0.8053170447297694,1074,12.71415270018622,0.0711169460277101,0.4962460000024292,0.04586160108548168
batched_greedy@10s,3,300,2945,2381,0.8084889643463498,0.19151103565365024,0.06689303904923599,0.12461799660441426,344.89126603055604,313.9073071407165,553.0200508610401,299.22981974149025,952.4,48.06146848229018,296.82979754826584,0.0013488053715495906,0.17078339599841172,0.8278677986300387,1052,17.745247148288975,0.06401378328940953,0.39804499958336237,0.04728199320498301
batched_greedy@10s,4,300,2902,2287,0.7880771881461062,0.21192281185389386,0.004824259131633356,0.20709855272226052,357.6430677917767,327.27675189402,576.693086648733,287.7304314165974,914.8,20.72618941592032,336.91687837585636,0.0020014512982644227,0.2009124401856088,0.7970861085161268,1062,7.882297551789077,0.055941431296157536,0.3864880001128777,0.05027322404371585
batched_greedy@10s,5,300,3099,2357,0.760567925137141,0.23943207486285897,0.08712487899322362,0.15230719586963537,369.9829407164052,337.84742516116967,585.7073457007687,307.42358480904613,942.8,62.348318501349105,307.6346222150561,0.0003833757938112307,0.1750089814707061,0.8246076427354827,1060,22.81320754716981,0.06534688680334992,0.3398630001902359,0.043115438108484005
batched_greedy@10s,6,300,2974,2311,0.777067921990585,0.22293207800941492,0.03732347007397444,0.18560860793544048,353.9996169704757,324.78651747075673,577.881257133894,288.6421435209307,924.4,30.379862921054887,323.6197540494208,0.0018546809691475312,0.19417821875698976,0.8039671002738626,1071,11.843137254901961,0.060700933713730934,0.42902999994112123,0.0473568281938326
batched_greedy@10s,7,300,2943,2297,0.7804960924226979,0.21950390757730207,0.01766904519198097,0.2018348623853211,342.9920089301012,308.0798513539912,585.4291187351758,276.10310854287667,918.8,22.966537584206918,320.02547134589423,0.005205663862093291,0.19319751533672364,0.8015968208011831,1083,9.050784856879039,0.06786768238927057,0.4596539995327501,0.048933843630399126
batched_greedy@10s,0,350,2956,2760,0.9336941813261164,0.06630581867388363,0.0,0.06630581867388363,236.18820545398933,216.28013963356125,394.505824275033,220.9991241347592,1104.0,5.685476609668878,230.50272884432047,0.03239455519445856,0.1530875971876761,0.8145178476178654,1044,3.628352490421456,0.08664856320671067,0.501751000228978,0.04299621416982152
batched_greedy@10s,1,350,2855,2713,0.9502626970227671,0.049737302977232924,0.0,0.049737302977232924,211.4426194751274,190.45167884661805,370.28539198388756,201.21517097710378,1085.2,5.45372479791206,205.98889467721534,0.04766986159301941,0.1377051679406999,0.8146249704662807,1037,3.4821600771456125,0.08905110893607543,0.4642519994376955,0.04739467849223947
batched_greedy@10s,2,350,3002,2726,0.9080612924716855,0.09193870752831446,0.0,0.09193870752831446,259.43098017630143,236.9426240548005,431.0503959465291,236.27183352885916,1090.4,5.857176701059029,253.57380347524239,0.03424865894394001,0.16552959262814476,0.8002217484279153,1051,3.801141769743102,0.08597583257261525,0.5625499989037053,0.05212405525149857
batched_greedy@10s,3,350,2945,2746,0.932427843803056,0.06757215619694397,0.0,0.06757215619694397,227.61403917644793,206.5470527411071,389.75863017114625,212.7353667203491,1098.4,5.741146872525847,221.87289230392204,0.03265346559082483,0.14779057624940078,0.8195559581597743,1042,3.674664107485605,0.08626554701651298,0.5445309987771898,0.054168879447689854
batched_greedy@10s,4,350,2902,2727,0.9396967608545831,0.06030323914541695,0.0,0.06030323914541695,228.9892053872769,207.7006183153253,391.62062781503084,215.66550618219168,1090.8,5.8048904849421525,223.18431490233482,0.03150223114905916,0.14967307948644762,0.8188246893644932,1044,3.632183908045977,0.09051034480570953,0.5917530008809969,0.05394415830848468
batched_greedy@10s,5,350,3099,2696,0.8699580509841884,0.13004194901581156,0.002258793159083575,0.12778315585672798,285.60728819879756,258.992688233815,474.0490924214837,250.26254690027613,1078.4,8.83910320827975,276.7681849905178,0.012618150657648129,0.17723029251801778,0.8101515568243342,1059,4.829084041548631,0.07727271009542068,0.4675419998238809,0.046343975283213185
batched_greedy@10s,6,350,2974,2703,0.9088769334229994,0.09112306657700067,0.0,0.09112306657700067,251.86281201998122,230.8056522261113,430.83700461327993,229.7256954939412,1081.2,6.118148425815766,245.74466359416544,0.031768177703523776,0.15909949568272092,0.8091323266137552,1048,3.823473282442748,0.0819423664258903,0.6060249996517078,0.05479089465325569
batched_greedy@10s,7,350,2943,2723,0.9252463472646959,0.07475365273530411,0.0,0.07475365273530411,232.29332023373004,212.0137682351251,404.0164663974166,215.45378984050427,1089.2,5.705932848583346,226.58738738514668,0.03668845244282579,0.15049235946436482,0.8128191880928094,1050,3.6266666666666665,0.09686066670318334,0.5554270006177829,0.049273021001615507
batched_greedy@10s,0,400,2956,2923,0.9888362652232747,0.011163734776725304,0.0,0.011163734776725304,143.66069136040593,125.72310335494876,262.2366593171632,142.11858966743694,1169.2,5.533195046714593,138.12749631369135,0.14544459159305906,0.09472543262394711,0.7598299757829938,1040,3.5903846153846155,0.1554338461259109,0.569691999080532,0.051968925796946154
batched_greedy@10s,1,400,2855,2830,0.9912434325744308,0.008756567425569177,0.0,0.008756567425569177,131.67825113285676,114.93487602840924,245.41604563888515,130.59739625095233,1132.0,5.5142495723893,126.16400156046745,0.1667865873928839,0.08519710490780207,0.748016307699314,1042,3.4817658349328213,0.1622644913752324,0.5912530002206035,0.052646085997794925
batched_greedy@10s,2,400,3002,2927,0.975016655562958,0.024983344437041973,0.0,0.024983344437041973,162.30540673256266,142.55866359026277,300.2794417587433,158.38370520576458,1170.8,5.482028855015411,156.82337787754724,0.13788711613446378,0.10527613969890184,0.7568367441666344,1044,3.6494252873563218,0.16091053639405334,0.6375739992290613,0.04540682414698163
batched_greedy@10s,3,400,2945,2927,0.9938879456706282,0.006112054329371817,0.0,0.006112054329371817,134.62178730758924,120.43435757698626,242.32846690799252,133.84160668160226,1170.8,5.666939698275724,128.95484760931353,0.14231653965437085,0.08939111910054041,0.7682923412450887,1042,3.6228406909788866,0.15171880999412943,0.6726259995230065,0.05642384105960265
batched_greedy@10s,4,400,2902,2848,0.9813921433494142,0.018607856650585803,0.0,0.018607856650585803,140.48153212313113,120.09486782892691,262.5748201851382,138.026131327765,1139.2,5.673189106585943,134.80834301654517,0.15693850337254803,0.0916205121919074,0.7514409844355445,1042,3.5652591170825336,0.15994904030938872,0.617530999497829,0.04930536638518115
batched_greedy@10s,5,400,3099,3026,0.9764440141981284,0.02355598580187157,0.0,0.02355598580187157,181.98593624881124,165.6089047682044,325.6218883259985,177.8427751810566,1210.4,5.5627324451190425,176.42320380369216,0.08473151650415113,0.11883461959066455,0.7964338639051843,1052,3.722433460076046,0.13522281369832959,0.6293710002319135,0.05162279580884232
batched_greedy@10s,6,400,2974,2932,0.9858776059179556,0.014122394082044385,0.0,0.014122394082044385,161.58549880356398,144.699675638788,286.3450126526021,159.3777058249015,1172.8,5.551083926584019,156.03441487697998,0.12852954867772234,0.10316223378097343,0.7683082175413042,1040,3.6134615384615385,0.13857298077150168,0.6699440004376811,0.04976051091005854
batched_greedy@10s,7,400,2943,2915,0.9904858987427795,0.009514101257220523,0.0,0.009514101257220523,139.19213060037072,124.46307720055302,246.6653553753622,137.9353024303036,1166.0,5.589884493498022,133.6022461068727,0.13865433002286384,0.0927596372803804,0.7685860326967557,1050,3.5695238095238095,0.14953095238784694,0.5849530003069958,0.05789754535752401
batched_greedy@10s,0,450,2956,2931,0.9915426251691475,0.008457374830852503,0.0,0.008457374830852503,113.51158617732452,93.71882312827984,216.8094785539315,112.60745283308029,1172.4,5.527365350793772,107.98422082653076,0.2524042542212335,0.06919813316611251,0.678397612612654,1040,3.589423076923077,0.2422224038215203,0.6950270000379531,0.051968925796946154
batched_greedy@10s,1,450,2855,2850,0.9982486865148862,0.0017513134851138354,0.0,0.0017513134851138354,105.69270376071648,91.5619130019154,198.2963946019176,105.51862673918784,1140.0,5.543848511581329,100.14885524913518,0.2653539787301436,0.06282925403895842,0.6718167672308979,1044,3.4731800766283527,0.22304664747119612,0.6799439994938427,0.052123552123552123
batched_greedy@10s,2,450,3002,2962,0.9866755496335776,0.013324450366422385,0.0,0.013324450366422385,131.47778078239978,110.6563816252633,258.5365810902816,129.82113042285508,1184.8,5.523298152660932,125.95448262973885,0.2392513557683147,0.07842446678825488,0.6823241774434304,1049,3.665395614871306,0.23207302192800416,0.7804240007681073,0.05286458333333333
batched_greedy@10s,3,450,2945,2942,0.998981324278438,0.0010186757215619694,0.0,0.0010186757215619694,98.43430920470925,86.9936912889184,179.72217872041273,98.34451130407773,1176.8,5.592061391775569,92.84224781293368,0.25224211192099705,0.06146211074570214,0.6862957773333008,1041,3.6071085494716617,0.22549106633138782,0.8154999995895159,0.05139813581890812
batched_greedy@10s,4,450,2902,2879,0.9920744314266023,0.007925568573397657,0.0,0.007925568573397657,118.38834243112655,94.86354050773843,237.22625942172178,117.4968247927259,1151.6,5.467844568522419,112.92049786260411,0.2544124010513953,0.06973739619913151,0.6758502027494732,1036,3.5241312741312742,0.2376815637017621,0.7830250003280582,0.044097507532182965
batched_greedy@10s,5,450,3099,3083,0.9948370442078089,0.005162955792191029,0.0,0.005162955792191029,118.60791645990669,105.37189897994813,213.92397990489792,118.01936107252129,1233.2,5.460380168105935,113.14753629180076,0.20025643486640154,0.07490300841329166,0.7248405567203068,1054,3.6907020872865277,0.20528074004639046,0.7149799999933749,0.04601542416452442
batched_greedy@10s,6,450,2974,2963,0.996301277740417,0.003698722259583053,0.0,0.003698722259583053,119.23995405800117,105.66478031990664,215.94134741095223,118.8138065032391,1185.2,5.515395220106726,113.72455883789443,0.23404530478902402,0.07260970057002765,0.6933449946409483,1042,3.602687140115163,0.2051425144198712,0.818411999734962,0.0487480021310602
batched_greedy@10s,7,450,2943,2939,0.9986408426775399,0.0013591573224600749,0.0,0.0013591573224600749,100.62791101504386,87.66644442191318,179.5818830191016,100.49538405934284,1175.6,5.491855337671815,95.13605567737204,0.248314215893123,0.06289484546287097,0.6887909386440061,1050,3.540952380952381,0.21843142857895664,0.6888069994420221,0.05029585798816568
batched_greedy@20s,0,250,2956,2131,0.7209066305818674,0.2790933694181326,0.2395128552097429,0.03958051420838971,346.3803449554719,319.14715216837067,525.9028245105728,314.9650090313117,852.4,103.89311567106863,242.4872292844033,3.7083117633827996e-05,0.12733758120799182,0.8726253356743744,546,42.68315018315018,0.13468992674527963,0.6522099997709999,0.057633973710819006
batched_greedy@20s,1,250,2855,2068,0.7243432574430824,0.2756567425569177,0.20910683012259193,0.06654991243432574,356.6058421399744,326.6293972995909,551.7324632895288,318.7314389836143,827.2,100.08181853940916,256.5240236005653,0.00020693226653506927,0.13866986457919311,0.8611232031542718,550,39.374545454545455,0.11330000000849726,0.5356289997325796,0.049202578893790296
batched_greedy@20s,2,250,3002,2115,0.7045303131245836,0.2954696868754164,0.24716855429713525,0.04830113257828115,351.31785139001477,320.3113679051012,546.7537203625445,315.93740920125464,846.0,108.50348011695714,242.81437127305762,0.00023012259113774499,0.12867923476872725,0.871090642640135,546,44.50732600732601,0.12189340662225998,0.6270500006394256,0.04407345575959933
batched_greedy@20s,3,250,2945,2089,0.7093378607809847,0.2906621392190153,0.2567062818336163,0.03395585738539898,352.69129524604796,326.010955277432,543.9969130964099,318.8761112001104,835.6,113.53661824656905,239.15467699947888,1.0702707206944372e-05,0.11880523870210966,0.8811840585906834,547,45.62888482632541,0.13636270564322855,0.7152840011258362,0.04986244841815681
batched_greedy@20s,4,250,2902,2086,0.71881461061337,0.2811853893866299,0.24190213645761544,0.039283252929014474,347.0940227904437,316.5457434688633,530.8083254255123,318.07808858391076,834.4,107.31083084297259,239.78319194747118,4.4761284869980754e-06,0.12387044086898173,0.8761250830025313,548,42.70985401459854,0.12247682476286538,0.6066499997177742,0.05591544493692465
batched_greedy@20s,5,250,3099,2086,0.6731203614069055,0.32687963859309455,0.2920296869958051,0.03484995159728945,356.88185732138277,329.5082059250344,556.4770885476723,320.1253055521748,834.4,121.28593537714683,235.5959219442359,4.511984095410056e-05,0.11557815028416624,0.8843767298748796,545,51.64770642201835,0.13791743123641134,0.6175399995117887,0.05079474775397374
batched_greedy@20s,6,250,2974,2058,0.6919973100201748,0.30800268997982516,0.23301950235373234,0.07498318762609281,351.07913584530354,324.96772627194196,539.2997926746285,306.9339108052279,823.2,95.21896750978489,255.86016833551867,0.00021337826331614755,0.1368559726441239,0.8629306490925599,546,40.701465201465204,0.11890201470693113,0.5978449996291594,0.056578506863073315
batched_greedy@20s,7,250,2943,2079,0.7064220183486238,0.29357798165137616,0.23717295276928305,0.0564050288820931,354.05542758093634,321.93189631276255,542.3441807581415,315.85047512939025,831.6,104.4255309494505,249.62989663148588,4.1707825531048e-05,0.1332825428158158,0.8666757493586532,546,41.36996336996337,0.11812967033700181,0.5766649986071521,0.04954499494438827
batched_greedy@20s,0,300,2956,2383,0.8061569688768606,0.1938430311231394,0.06596752368064952,0.12787550744248985,343.1982127201106,313.59652939054286,539.0778634956861,296.7392896677911,953.2,51.22814014284812,291.9700725772625,0.001480987124390272,0.17173156563339767,0.826787447242212,549,20.1183970856102,0.1109200364355344,0.7587519990920555,0.05161656267725468
batched_greedy@20s,1,300,2855,2350,0.8231173380035026,0.17688266199649738,0.03117338003502627,0.1457092819614711,327.7502707844072,299.24193100690945,535.6548507645226,282.28887223529995,940.0,33.23223080747555,294.51803997693156,0.003731484287220158,0.1775696876894487,0.8186988280233312,544,14.251838235294118,0.10295018377265104,0.7484869999098044,0.053465346534653464
batched_greedy@20s,2,300,3002,2407,0.801798800799467,0.19820119920053297,0.06129247168554297,0.13690872751499,342.4457677303268,309.34598174423445,549.7094786136553,294.41752535198833,962.8,47.83521275662176,294.61055497370506,0.0020577020370420923,0.17485964610335428,0.8230826518596036,545,20.073394495412845,0.10826550453136047,0.7402519998868223,0.04643449419568822
batched_greedy@20s,3,300,2945,2392,0.8122241086587436,0.18777589134125636,0.07130730050933787,0.1164685908319185,334.43495122193667,302.47450582777765,531.1606299800981,293.6456574395333,956.8,53.322487147744155,281.1124640741925,0.001587480160294721,0.16194340587127745,0.8364691139684278,540,21.53148148148148,0.11381111113493077,0.7005539998863242,0.05149971703452179
batched_greedy@20s,4,300,2902,2365,0.8149552033080634,0.1850447966919366,0.046519641626464506,0.13852515506547208,351.28816159281575,320.9192373360497,557.4270725631366,303.2960632445196,946.0,50.1069372010761,301.18122439173965,0.0008319450998936854,0.17511706980171077,0.8240509850983956,544,19.169117647058822,0.10567867643457622,0.7095380004102483,0.04470387243735763
batched_greedy@20s,5,300,3099,2414,0.7789609551468215,0.22103904485317843,0.1355275895450145,0.08551145530816393,346.87259062713053,319.34972768542366,536.3146603501646,308.3591810645751,965.6,74.343285610915,272.5293050162156,0.00028022818499072417,0.15144892009159408,0.8482708517234152,542,31.206642066420663,0.12884926199118846,0.6905870005539336,0.05137085137085137
batched_greedy@20s,6,300,2974,2354,0.7915265635507733,0.20847343644922664,0.06590450571620712,0.1425689307330195,345.377887317227,311.7059915802056,553.3338700605457,294.4094378552584,941.6,51.12251196115673,294.2553753560703,0.0019179168439079635,0.17203333572542737,0.8260487474306647,548,20.496350364963504,0.10930419704599291,0.8704389999547855,0.05201012088838909
batched_greedy@20s,7,300,2943,2386,0.8107373428474346,0.1892626571525654,0.0689772341148488,0.12028542303771661,329.03027121836567,294.71767469078804,525.6007232390518,287.5212472282245,954.4,51.00584056031084,278.0244306580549,0.003100517625538173,0.162514613546087,0.8343848688283749,542,20.599630996309962,0.12539188188934683,0.7044150002002427,0.04559793518784055
batched_greedy@20s,0,350,2956,2772,0.9377537212449256,0.06224627875507442,0.00033829499323410016,0.06190798376184033,235.68758800353535,212.68287718495844,397.627725224282,221.97234302807286,1108.8,11.94179825610529,223.74578974743005,0.034473768893627826,0.14923576664882038,0.8162904644575518,540,7.166666666666667,0.16757370375233693,1.1242420004600737,0.05249062667380825
batched_greedy@20s,1,350,2855,2713,0.9502626970227671,0.049737302977232924,0.0,0.049737302977232924,208.72883027322487,187.40257049530373,364.5745225078754,198.97376357096599,1085.2,10.9556444587163,197.7731858145086,0.04839955659694389,0.1331282606351564,0.8184721827678998,539,6.7309833024118735,0.16246048241499716,0.8856160003779228,0.04923928077455048
batched_greedy@20s,2,350,3002,2714,0.9040639573617588,0.09593604263824117,0.0,0.09593604263824117,264.3984544869756,236.76410387509304,449.7471905901182,240.8901883367674,1085.6,12.284788530140201,252.11366595683543,0.03337012014712828,0.16367791896074385,0.8029519608921278,542,7.680811808118081,0.15262804430931684,1.0362689999237782,0.05434217368694748
batched_greedy@20s,3,350,2945,2750,0.933786078098472,0.06621392190152801,0.0,0.06621392190152801,227.38893223932592,202.55506195773296,389.08698544774063,213.20144179090312,1100.0,11.190549203198065,216.19838303612786,0.03306383065484114,0.14461673859678412,0.8223194307483748,539,7.050092764378479,0.15384879405040605,0.8270360001188239,0.04555198285101822
batched_greedy@20s,4,350,2902,2742,0.9448656099241902,0.05513439007580979,0.0,0.05513439007580979,228.59699905199423,203.4994793337214,391.6715732481832,216.72019907634353,1096.8,11.392642554001755,217.2043564979925,0.0313511477426517,0.1453524091217412,0.8232964431356071,540,6.975925925925926,0.1840312963294208,0.9425390004071243,0.04800872885979269
batched_greedy@20s,5,350,3099,2715,0.8760890609874153,0.12391093901258471,0.00968054211035818,0.11423039690222653,286.4930836681352,254.90255079017788,474.75619879544234,255.46254842154497,1086.0,19.47804839358243,267.0150352745528,0.0135624740616949,0.16900266210034834,0.8174348638379568,540,10.231481481481481,0.1371301851880465,0.8448780002072458,0.05006451612903226
batched_greedy@20s,6,350,2974,2708,0.9105581708137189,0.0894418291862811,0.0010087424344317419,0.08843308675184935,255.7809175281249,230.12581351220388,426.7550491237209,234.3836430016042,1083.2,12.263525847985365,243.51739168013953,0.02839850941477002,0.15769115063110634,0.8139103399541237,538,7.405204460966543,0.1425263940105232,0.8985940009733895,0.052324037184594954
batched_greedy@20s,7,350,2943,2730,0.9276248725790011,0.07237512742099898,0.0,0.07237512742099898,230.2973657213029,207.14961187355016,400.1635903972348,214.58663827975715,1092.0,11.159846011971144,219.13751970933177,0.03673893098905946,0.14679112332569008,0.8164699456852504,539,7.00556586270872,0.16366883121383466,1.0735240005669768,0.048760775862068964
batched_greedy@20s,0,400,2956,2922,0.9884979702300406,0.011502029769959404,0.0,0.011502029769959404,146.97361198391445,130.2646244007501,257.5967594086201,145.46060336506977,1168.8,11.181119097151079,135.79249288676334,0.14777514773226622,0.09329648834568639,0.7589283639220474,539,6.966604823747681,0.3232769944224181,1.4035580004201627,0.05752330226364847
batched_greedy@20s,1,400,2855,2827,0.9901926444833625,0.009807355516637478,0.0,0.009807355516637478,136.6278512331588,120.62672013914744,247.07732450412232,135.40521928244956,1130.8,11.098859662218805,125.52899157094002,0.16620473654840542,0.08474008177775408,0.7490551816738404,540,6.718518518518518,0.3031557406925626,1.1608549995253292,0.052646085997794925
batched_greedy@20s,2,400,3002,2931,0.9763491005996002,0.023650899400399734,0.0,0.023650899400399734,166.5150562469175,146.3769046199468,297.17935815689816,162.85342472081808,1172.4,10.80365227838413,155.7114039685334,0.13872874151512593,0.10412836229275213,0.7571428961921219,540,7.057407407407408,0.2894361110790029,1.1746500003027909,0.045156208978734576
batched_greedy@20s,3,400,2945,2934,0.9962648556876061,0.003735144312393888,0.0,0.003735144312393888,139.47217957412047,123.20469567577834,247.91860720013344,138.9981421919248,1173.6,11.034266816669744,128.43791275745073,0.14147484061831717,0.08959534044858929,0.7689298189330935,538,6.9907063197026025,0.28859814125727506,1.1798690000250642,0.05291145971816007
batched_greedy@20s,4,400,2902,2849,0.981736733287388,0.01826326671261199,0.0,0.01826326671261199,146.4389681851181,124.80145361133782,271.22115402970275,143.98768142674538,1139.6,11.105665518090499,135.33330266702762,0.15764532646480756,0.09121819317929558,0.7511364803558969,541,6.837338262476894,0.31089353054080177,1.2835400004405553,0.04930536638518115
batched_greedy@20s,5,400,3099,3026,0.9764440141981284,0.02355598580187157,0.0,0.02355598580187157,189.34442785911273,169.9497736794815,334.2209800068931,185.20548574554954,1210.4,11.1343635004424,178.21006435867034,0.08310562281330998,0.11923451827072114,0.7976598589159689,540,7.257407407407407,0.23810240740944952,0.9745709992785124,0.050166368057332995
batched_greedy@20s,6,400,2974,2929,0.9848688634835239,0.015131136516476126,0.0,0.015131136516476126,163.46060259466054,147.25487030915065,289.7066232141392,161.1659458998698,1171.6,11.196645475418165,152.26395711924238,0.13075650196275632,0.10153373343422356,0.7677097646030202,538,7.0055762081784385,0.26409107806684373,1.0868220001248117,0.052533828601751126
batched_greedy@20s,7,400,2943,2916,0.9908256880733946,0.009174311926605505,0.0,0.009174311926605505,142.77116551327512,126.72650751556148,253.2237472478696,141.5576573543337,1166.4,10.884629867543097,131.886535645732,0.14008777900865546,0.09070040414794327,0.7692118168434013,539,6.890538033395177,0.28627717998757846,1.1627500003305613,0.049273021001615507
batched_greedy@20s,0,450,2956,2935,0.9928958051420839,0.007104194857916103,0.0,0.007104194857916103,117.56285001606533,96.721545454423,224.1090908998209,116.80461597140376,1174.0,11.069301300751585,106.49354871531374,0.25157118718485405,0.06883032502212728,0.6795984877930187,539,6.907235621521336,0.45346623374051365,1.396645999448083,0.049422508729519206
batched_greedy@20s,1,450,2855,2850,0.9982486865148862,0.0017513134851138354,0.0,0.0017513134851138354,111.29369728892519,98.35061788681287,199.40676414846885,111.1234235064432,1140.0,11.228457909785106,100.0652393791401,0.26505757619183545,0.06316650306764957,0.671775920740515,540,6.7481481481481485,0.43545555563132105,1.5154880010049967,0.056805708013172335
batched_greedy@20s,2,450,3002,2964,0.9873417721518988,0.012658227848101266,0.0,0.012658227848101266,136.9459683055413,116.32304260003684,260.3272586441875,135.33347973612427,1185.6,10.874696312383206,126.07127199315809,0.2388090843502754,0.07871722478300743,0.6824736908667172,540,7.090740740740741,0.44276759259042187,1.4495150010589,0.0501436406372421
batched_greedy@20s,3,450,2945,2940,0.99830220713073,0.001697792869269949,0.0,0.001697792869269949,102.45716386008867,91.55148366848834,182.47716824509916,102.30739382332293,1176.0,10.912067912868283,91.54509594722039,0.2537082455898373,0.060372190750674695,0.6859195636594879,538,6.966542750929368,0.42847843871715474,1.228696000325726,0.049626467449306294
batched_greedy@20s,4,450,2902,2876,0.9910406616126809,0.00895933838731909,0.0,0.00895933838731909,122.77753019973552,100.13843396996526,238.6207507723184,121.75845977993751,1150.4,10.762447418328978,112.01508278140653,0.25557916505716843,0.06903931656410774,0.6753815183787238,541,6.757855822550832,0.4835476895041984,1.449779999165913,0.04514363885088919
batched_greedy@20s,5,450,3099,3084,0.995159728944821,0.00484027105517909,0.0,0.00484027105517909,122.25878788071597,108.35662332708398,220.79810869031203,121.7259106858115,1233.6,10.903258814824895,111.35552906589108,0.2005679849291621,0.07447049496946617,0.7249615201013717,541,7.182994454713493,0.4479242144613288,1.4874799995595904,0.04503345342254246
batched_greedy@20s,6,450,2974,2966,0.9973100201748487,0.0026899798251513113,0.0,0.0026899798251513113,125.16560220162334,110.24801084651472,226.73517380680823,124.88487914008118,1186.4,11.078873321431319,114.08672888019201,0.23473856831856724,0.07237459837393354,0.6928868333074992,538,6.9869888475836435,0.39623643124794056,1.3090899995768266,0.05001330140994945
batched_greedy@20s,7,450,2943,2937,0.9979612640163099,0.0020387359836901123,0.0,0.0020387359836901123,105.52742649504698,92.37662624786935,186.43429594321606,105.34603622725075,1174.8,10.849068658496288,94.67835783655069,0.24924104940097394,0.06251982554896898,0.6882391250500571,539,6.894248608534323,0.4232456401086977,1.3066160002927065,0.04978471474703983
batched_greedy@30s,0,250,2956,2152,0.7280108254397835,0.2719891745602165,0.2351150202976996,0.03687415426251692,340.1896845627832,313.87538909358864,511.1071868718089,311.07014457756156,860.8,108.70301315673376,231.48667140604948,7.36273933348849e-05,0.12485252728960149,0.8750738453170637,366,45.005464480874316,0.19307677595732387,0.9174499998152904,0.05426356589147287
batched_greedy@30s,1,250,2855,2088,0.7313485113835376,0.2686514886164623,0.22416812609457093,0.04448336252189142,343.7776759184864,315.3186994790108,534.721770705734,312.56602309169074,835.2,103.58304192676955,240.1946339917168,0.0003400849969523517,0.12739135552511907,0.8722685594779286,365,42.38904109589041,0.17971643832275383,1.121240000211403,0.04908399585205669
batched_greedy@30s,2,250,3002,2117,0.7051965356429047,0.29480346435709526,0.26682211858760824,0.02798134576948701,348.0536739292512,320.88963687914384,544.8403917375233,316.805320370659,846.8,115.30381470888705,232.74985922036413,0.0,0.12393462297685835,0.8760653770231416,365,48.50410958904109,0.194907397255445,0.8502279992535486,0.049252717391304345
batched_greedy@30s,3,250,2945,2090,0.7096774193548387,0.2903225806451613,0.26112054329371814,0.029202037351443125,341.85482774170015,314.79798351916133,527.222115975059,312.0451928148184,836.0,110.96936099035456,230.88546675134558,2.1736196255756417e-05,0.11801756600033955,0.8819606978034047,367,46.561307901907355,0.17973188003784454,0.8363339992501994,0.05486968449931413
batched_greedy@30s,4,250,2902,2097,0.722605099931082,0.277394900068918,0.2467263955892488,0.030668504479669192,347.30543092165453,321.72305149818567,532.4752676868201,319.23620913563906,838.8,116.71757083564825,230.5878600860063,1.0712763061224702e-05,0.12081667133974199,0.8791726158971968,367,45.84741144414169,0.1815089918148456,0.891829999709442,0.056790968183373244
batched_greedy@30s,5,250,3099,2103,0.6786060019361084,0.3213939980638916,0.2800903517263633,0.041303646337528234,345.635766674916,315.51080422146333,545.3903047072132,311.8395439315255,841.2,117.00130737362488,228.63445930129117,8.573348106897619e-05,0.11652270529508264,0.8833915612238484,365,51.88219178082192,0.19860630136837207,0.7864799997332751,0.047602739726027396
batched_greedy@30s,6,250,2974,2073,0.6970410221923335,0.30295897780766645,0.2488231338264963,0.05413584398117014,349.8625265562691,318.61679175421887,543.1266231925588,311.95942990750933,829.2,109.4210682893823,240.44145826688683,0.0002926536467820984,0.12718063679125077,0.8725267095619672,368,46.20923913043478,0.18804510869299323,1.0334760001751413,0.05340636768230058
batched_greedy@30s,7,250,2943,2092,0.7108392796466191,0.2891607203533809,0.25076452599388377,0.038396194359497114,344.42345401126227,314.33752739581723,545.1223475080035,313.52610109465286,836.8,109.97622609577854,234.44722791548372,2.4173349709195464e-05,0.12497327298704247,0.8750025536632483,367,45.22070844686648,0.18355422343286193,1.1508740000863285,0.047537030657940064
batched_greedy@30s,0,300,2956,2439,0.8251014884979703,0.17489851150202976,0.07239512855209743,0.10250338294993235,332.1720251624619,302.3523621274635,529.7238678211418,294.3715055209739,975.6,57.10868879404535,275.06333636841657,0.0026894226124483337,0.16394377434569254,0.8333668030418592,363,23.853994490358126,0.170434986160545,0.9727799996471729,0.05299145299145299
batched_greedy@30s,1,300,2855,2355,0.8248686514886164,0.17513134851138354,0.051138353765323996,0.12399299474605954,324.07588328138434,289.0505187253957,528.44948878539,284.5552577564799,942.0,46.36401756417078,277.7118657172135,0.003764623113251554,0.16614684523122356,0.8300885316555249,364,20.01098901098901,0.15503846150870113,1.0594929990293167,0.05054881571346043
batched_greedy@30s,2,300,3002,2431,0.8097934710193204,0.19020652898067955,0.07661558960692871,0.11359093937375084,327.74413413372133,298.43872149078925,527.7503651706174,288.5926512802551,972.4,56.19423857382984,271.5498955598915,0.004070714540553472,0.1623948418766398,0.8335344435828067,366,24.58743169398907,0.19987814201536186,1.19017000006352,0.048630519843487985
batched_greedy@30s,3,300,2945,2398,0.8142614601018676,0.18573853989813244,0.0869269949066214,0.09881154499151104,326.9993182694855,300.02498033081383,515.6873927733906,291.41804830315516,959.2,59.464336593485164,267.5349816760003,0.0014633079783693101,0.15394084960040738,0.8445958424212233,364,25.425824175824175,0.18083736262229688,1.2099089995172112,0.052450558899398106
batched_greedy@30s,4,300,2902,2408,0.8297725706409372,0.1702274293590627,0.05961405926946933,0.11061337008959339,330.8688854444641,299.3665636179353,530.6965276219122,294.79193298682367,963.2,50.94516105701807,279.92372438744604,0.002025158932882683,0.1660186188048717,0.8319562222622455,365,21.912328767123288,0.15974684930083577,1.0523039996769514,0.05606146841206602
batched_greedy@30s,5,300,3099,2439,0.78702807357212,0.21297192642787996,0.14811229428848016,0.06485963213939981,337.8352586712182,313.79317411297416,521.3044046784985,306.1332396744874,975.6,82.41836525636491,255.4168934148533,0.00027204181777388636,0.14084916176875667,0.8588787964134694,362,35.71823204419889,0.1892649171112886,0.9111109994410065,0.053888727060879694
batched_greedy@30s,6,300,2974,2408,0.8096839273705447,0.19031607262945527,0.10221923335574983,0.08809683927370544,338.7312705789812,309.0232170089764,533.5274988382055,302.48766885446463,963.2,70.24337188610548,268.4878986928757,0.0014676833741081735,0.15259162859171638,0.8459406880341754,363,28.99173553719008,0.18291652891757645,1.438186000341375,0.0445095168374817
batched_greedy@30s,7,300,2943,2409,0.81855249745158,0.18144750254842,0.0672782874617737,0.11416921508664628,323.078675483032,290.8307207948237,525.4567531287006,284.71722912179774,963.6,51.177297160078645,271.90137832295335,0.0038994380049465643,0.1625816715368119,0.8335188904582416,363,22.289256198347108,0.1664256198071062,1.067838000963092,0.04961505560307956
batched_greedy@30s,0,350,2956,2775,0.9387686062246279,0.06123139377537212,0.00033829499323410016,0.06089309878213803,241.83715747676126,217.46555774455464,406.5459991959701,228.39582176616366,1110.0,17.504061748870765,224.33309572789045,0.03183608814271269,0.14831281833557405,0.8198510935217131,361,10.65650969529086,0.2229775623100748,1.24484000079974,0.046875
batched_greedy@30s,1,350,2855,2717,0.9516637478108582,0.04833625218914186,0.0,0.04833625218914186,214.48768012762827,192.13139234177015,373.83265665223774,204.95398640394922,1086.8,16.82033036578468,197.66734976184358,0.048497054765063066,0.13342233204749174,0.8180806131874452,360,10.080555555555556,0.2577583333479399,1.466893000142604,0.0508146920740127
batched_greedy@30s,2,350,3002,2744,0.9140572951365756,0.08594270486342438,0.0006662225183211193,0.08527648234510327,251.3629687459853,227.07282449565128,428.3870026063374,232.2695573811854,1097.6,18.177080368500828,233.18588837748445,0.040126895651141005,0.15232500048068345,0.8075481038681754,360,11.402777777777779,0.23413138886401916,1.284417999358997,0.05066597022721337
batched_greedy@30s,3,350,2945,2738,0.9297113752122241,0.0702886247877759,0.0,0.0702886247877759,237.75824734678272,212.85249517229977,418.1310313638738,222.51994778611262,1095.2,17.26936732295377,220.48888002382893,0.030513717246869024,0.14654220455185135,0.8229440782012797,361,10.673130193905816,0.2375326869663685,1.4577999998436977,0.049626467449306294
batched_greedy@30s,4,350,2902,2743,0.945210199862164,0.05478980013783598,0.00034458993797381116,0.05444521019986216,224.9525624740381,199.973250143752,388.84166774799246,213.92441946341253,1097.2,18.085358524693707,206.8672039493444,0.038299470298762066,0.13962143404713143,0.8220790956541065,360,10.602777777777778,0.254662222197213,1.4654080001128043,0.056517036235803134
batched_greedy@30s,5,350,3099,2752,0.888028396256857,0.11197160374314295,0.01452081316553727,0.09745079057760568,277.4116752447033,247.9404095809814,464.67387972767494,252.20648557122982,1100.8,26.71837756324066,250.69329768146255,0.017153687396504195,0.15927484868271397,0.8235714639207818,360,14.569444444444445,0.2277988889949888,1.3447719992109346,0.05320247933884298
batched_greedy@30s,6,350,2974,2721,0.9149293880295898,0.08507061197041023,0.0033624747814391394,0.08170813718897109,256.0083664416857,232.33989334815305,428.9562084243771,236.59787412598808,1088.4,19.721670622105314,236.28669581958044,0.032731214738474096,0.1516950132321547,0.8155737720293711,362,11.417127071823204,0.21668563533631585,1.3866869999765183,0.051916932907348244
batched_greedy@30s,7,350,2943,2743,0.9320421338769963,0.06795786612300374,0.0,0.06795786612300374,231.50849594997797,207.0936513668753,395.2546079984543,217.13258724631217,1097.2,17.112521974386574,214.3959739755914,0.03825805213530932,0.1441520219993271,0.8175899258653636,360,10.522222222222222,0.23535666659376553,1.3948470006835143,0.05182599355531686
batched_greedy@30s,0,400,2956,2916,0.986468200270636,0.013531799729364006,0.0,0.013531799729364006,148.74330920699637,131.14337611719384,262.66305638699623,146.99843050682193,1166.4,16.355969959348243,132.38733924764813,0.15168347718363567,0.09122777662984238,0.757088746186522,360,10.380555555555556,0.44538305562835173,1.3752969985944279,0.052983676746052984
batched_greedy@30s,1,400,2855,2831,0.9915936952714536,0.00840630472854641,0.0,0.00840630472854641,142.75797912866798,125.74446997633004,256.874576217263,141.70322254847989,1132.4,16.720798452029335,126.03718067663868,0.1670686794952472,0.08416499699316765,0.7487663235115851,361,10.005540166204986,0.46543684213973197,1.876179999817393,0.04844961240310078
batched_greedy@30s,2,400,3002,2926,0.9746835443037974,0.02531645569620253,0.0,0.02531645569620253,173.81619981308313,154.6901785311311,306.62818650925055,169.87115409849017,1170.4,16.523872874073216,157.29232693900994,0.13841187917361536,0.10467706637899665,0.7569110544473879,360,10.58611111111111,0.41966500001662,1.487834999716143,0.043649750197212726
batched_greedy@30s,3,400,2945,2927,0.9938879456706282,0.006112054329371817,0.0,0.006112054329371817,145.7029483396511,130.77557404885283,254.02395022460223,144.93074205517706,1170.8,16.472219734376594,129.23072860527452,0.1431487436795998,0.08935730436043071,0.7674939519599695,360,10.422222222222222,0.43775916667275144,1.8221180007822135,0.05063965884861407
batched_greedy@30s,4,400,2902,2855,0.9838042729152309,0.016195727084769126,0.0,0.016195727084769126,147.90323566366362,126.43376760515639,268.2744979267714,145.8401126643037,1142.0,17.111524718039853,130.79171094562378,0.15722955012195375,0.08958245600704753,0.7531879938709987,360,10.225,0.48420305555636234,2.8450599999450965,0.04722904722904723
batched_greedy@30s,5,400,3099,3031,0.9780574378831881,0.021942562116811875,0.0,0.021942562116811875,185.83573225360973,168.09608461548487,326.97976142261996,182.20997543094592,1212.4,16.67355202121788,169.16218023239185,0.08870250726418925,0.11478340718566948,0.7965140855501412,360,10.911111111111111,0.36183388895349505,1.4056200006598378,0.054040275299515675
batched_greedy@30s,6,400,2974,2928,0.98453261600538,0.01546738399462004,0.0,0.01546738399462004,168.1223206359998,152.07469786006232,290.1265069274652,165.83653327674736,1171.2,16.55419998671884,151.56812064928098,0.12966020394258793,0.10092459431294656,0.7694152017444655,360,10.46111111111111,0.3873547222408686,1.6399449991149608,0.05177907594264471
batched_greedy@30s,7,400,2943,2920,0.9921848453958546,0.00781515460414543,0.0,0.00781515460414543,146.6086505398598,131.56531485448613,257.35046632694457,145.623863522527,1168.0,16.643587972754563,129.96506256710526,0.141219234096455,0.08977348664771738,0.7690072792558277,360,10.347222222222221,0.4173472222141249,1.5944090000630287,0.052080536912751677
batched_greedy@30s,0,450,2956,2933,0.9922192151556157,0.007780784844384303,0.0,0.007780784844384303,123.30533933762622,102.49382143952789,228.8370464086618,122.50416244354558,1173.2,16.26939496289146,107.03594437473475,0.25242707503651096,0.0691327219444158,0.6784402030190733,361,10.296398891966758,0.6636038781323508,1.593800000046029,0.04788808178638687
batched_greedy@30s,1,450,2855,2848,0.9975481611208407,0.0024518388791593695,0.0,0.0024518388791593695,116.7261012278332,102.44239321012947,212.44104938797364,116.50016117390757,1139.2,16.88532936295957,99.84077186487362,0.26650203852089044,0.06254791046841959,0.67095005101069,360,10.072222222222223,0.6528622222756693,1.667535999295073,0.052123552123552123
batched_greedy@30s,2,450,3002,2969,0.9890073284477016,0.010992671552298468,0.0,0.010992671552298468,138.98530397263562,117.77629607106974,257.7742936387094,137.68960351612284,1187.6,16.550701825354963,122.43460214728067,0.2377819551291324,0.07663950851768049,0.6855785363531871,360,10.65,0.6618008333185167,1.8905829997493164,0.05113488129402557
batched_greedy@30s,3,450,2945,2940,0.99830220713073,0.001697792869269949,0.0,0.001697792869269949,105.9725360218498,94.57256195393529,186.61932308927214,105.8151974797794,1176.0,16.50550750038984,89.46702852145997,0.25407870626086704,0.05945028345884526,0.6864710102802877,361,10.398891966759003,0.6407709141088381,1.6806599996925744,0.05114544485881726
batched_greedy@30s,4,450,2902,2879,0.9920744314266023,0.007925568573397657,0.0,0.007925568573397657,128.01735201078634,105.79312047081476,243.25872984263364,127.14825072491479,1151.6,16.88621223945974,111.13113977132662,0.2553125109406889,0.06864475653622464,0.6760427325230864,360,10.180555555555555,0.6674038888882529,1.9763159998728959,0.047748976807639835
batched_greedy@30s,5,450,3099,3089,0.9967731526298806,0.003226847370119393,0.0,0.003226847370119393,129.43861884995084,115.73870463261574,229.19412436850254,129.0755595042682,1235.6,16.29293632239976,113.14568252755109,0.19790854985878384,0.07544082130541914,0.726650628835797,360,10.802777777777777,0.6121602777663308,2.106925000443884,0.045770120853689894
batched_greedy@30s,6,450,2974,2962,0.995965030262273,0.004034969737726967,0.0,0.004034969737726967,129.6808225714881,116.18056327511385,227.1448168219983,129.2306044431341,1184.8,16.697897213645803,112.98292535784232,0.2354423962634223,0.07232238004668354,0.6922352236898941,360,10.491666666666667,0.5879852777777868,1.9170629998734559,0.05454064072014827
batched_greedy@30s,7,450,2943,2939,0.9986408426775399,0.0013591573224600749,0.0,0.0013591573224600749,111.54690250405142,97.940292007891,193.8037920537904,111.4188789466432,1175.6,16.683781344091766,94.86312115995966,0.24872408043995706,0.06252119083872833,0.6887547287213146,360,10.36111111111111,0.643151944440332,1.8535949997931351,0.05335120643431635
optimal@2s/λ=0.0,0,250,2956,2055,0.6951962110960758,0.30480378890392423,0.20433017591339647,0.10047361299052775,375.7913386631468,343.52758770710625,591.9983073704203,319.08781547226147,822.0,94.44163377166878,281.34970489147804,1.5017885111750124e-05,0.15287335656261217,0.8471116255522761,2756,30.293904208998548,0.07540000000997954,0.1273450001463061,0.05008130081300813
optimal@2s/λ=0.0,1,250,2855,1992,0.697723292469352,0.302276707530648,0.14500875656742557,0.1572679509632224,384.76471541314135,348.76529647329085,615.5321222801917,312.93166234558987,796.8,78.72286745917303,306.04184795396833,0.0002770685379335216,0.17246903744922418,0.8272538940128423,3339,21.12428870919437,0.06667804732097504,0.13837200000125444,0.0473634354278497
optimal@2s/λ=0.0,2,250,3002,2114,0.704197201865423,0.29580279813457694,0.25316455696202533,0.04263824117255163,370.4331047020476,340.40482959769224,555.2518196044842,330.3525021053301,845.6,112.96824391817636,257.4648607838712,0.0,0.13388884873688864,0.8661111512631113,2650,37.57962264150943,0.0805620000069469,0.14135100036583023,0.039235412474849095
optimal@2s/λ=0.0,3,250,2945,2066,0.701528013582343,0.29847198641765704,0.24584040747028862,0.05263157894736842,363.648930740782,334.9121695979038,558.2208484224043,322.1881508094427,826.4,111.11166432563432,252.53726641514768,6.333447194260953e-05,0.12179662768834693,0.8781400378397105,2473,38.1520420541852,0.08685495350264859,0.14371999990544312,0.04508474576271186
optimal@2s/λ=0.0,4,250,2902,2069,0.7129565816678153,0.2870434183321847,0.20020675396278428,0.08683666436940041,374.7173942223429,341.50695033629927,578.0385738157247,326.28142614807416,827.6,101.34158766357788,273.37580655876496,2.2261298014297304e-05,0.1434538780179019,0.8565238606840838,2622,32.25705568268497,0.07936102213400577,0.1423330006218747,0.04990151017728168
optimal@2s/λ=0.0,5,250,3099,2114,0.6821555340432398,0.31784446595676025,0.28170377541142305,0.0361406905453372,368.11822679346545,339.0647954869564,567.7724049311626,328.07484315266623,845.6,119.44940998671117,248.66881680675425,0.0,0.12037767547660766,0.8796223245233923,2351,45.2475542322416,0.09358545300092946,0.1770999997461331,0.049642978578714726
optimal@2s/λ=0.0,6,250,2974,2023,0.6802286482851378,0.31977135171486215,0.22898453261600538,0.09078681909885676,381.737909604072,342.6931513345535,591.4555963502957,324.358905118373,809.2,102.83477416991752,278.9031354341545,3.3188832909654594e-06,0.14473468729335384,0.8552619938233552,2716,35.433357879234165,0.07928641384208762,0.15474999918296808,0.05089820359281437
optimal@2s/λ=0.0,7,250,2943,2021,0.6867142371729528,0.31328576282704723,0.1984369690791709,0.11484879374787632,374.79543928001624,344.2112720620007,590.5035178316612,314.9750628515304,808.4,90.01489529504639,284.7805439849698,5.652136744714092e-05,0.15295040861911155,0.8469930700134414,3003,27.820845820845822,0.07381295371588648,0.13469799978338415,0.0509020618556701
optimal@2s/λ=0.0,0,300,2956,2309,0.7811231393775372,0.21887686062246278,0.03822733423545332,0.18064952638700948,360.55476346820296,326.73897427585325,584.5243758140675,294.3299234862066,923.6,30.012476396782635,330.5422870714203,0.0026429694972028525,0.19667553967698603,0.8006814908258112,3425,9.04905109489051,0.06433018975437409,0.11542799940798425,0.046479265237962704
optimal@2s/λ=0.0,1,300,2855,2251,0.7884413309982486,0.21155866900175133,0.008756567425569177,0.20280210157618214,347.8109863722789,314.7538286079798,573.226552339559,279.58391802885023,900.4,14.09121090603944,333.7197754662395,0.004318366578028278,0.1998277416205819,0.7958538918013899,3441,5.457134553908747,0.06209229875037145,0.10763999962364315,0.04586129753914989
optimal@2s/λ=0.0,2,300,3002,2270,0.7561625582944703,0.24383744170552965,0.002664890073284477,0.24117255163224516,360.024067848759,329.19169061292723,594.5333565940532,275.23779152170283,908.0,7.981363565321095,352.04270428343784,0.002808920440919148,0.21450912212718123,0.7826819574318997,3578,3.6145891559530465,0.06288577417825539,0.11549200000445127,0.05024862601413243
optimal@2s/λ=0.0,3,300,2945,2267,0.7697792869269949,0.2302207130730051,0.010186757215619695,0.2200339558573854,364.89037402288403,331.3578556643224,609.2173025465285,286.9491349198695,906.8,16.101806332383624,348.7885676905005,0.0020987004979455956,0.21064466915055005,0.7872566303515043,3755,5.839946737683089,0.06359912114758953,0.11528999973961623,0.056875834445927906
optimal@2s/λ=0.0,4,300,2902,2223,0.7660234321157822,0.23397656788421778,0.0013783597518952446,0.23259820813232254,359.6441495856445,327.9985112669401,588.5246894880561,277.8609716145855,889.2,7.432669173474577,352.2114804121699,0.0029517244199516878,0.2113927133677474,0.7856555622123009,3998,3.3321660830415207,0.0595491245753212,0.1299269996343353,0.04571584998631262
optimal@2s/λ=0.0,5,300,3099,2258,0.728622136172959,0.271377863827041,0.04678928686673121,0.2245885769603098,371.5154348556834,337.29244830991047,592.6866440919761,285.70403112485434,903.2,31.436386615078874,340.0790482406046,0.0011617665928240432,0.20038922657027367,0.7984490068369022,3665,9.358526603001364,0.06456210093077931,0.13680800060683398,0.04830531091539898
optimal@2s/λ=0.0,6,300,2974,2218,0.7457969065232011,0.2542030934767989,0.010423671822461332,0.24377942165433758,362.80375647034737,333.1466909364185,611.2437384299067,275.23352633056743,887.2,11.442462333503453,351.36129413684387,0.0032512335628446017,0.21282398216554071,0.7839247842716146,3515,4.293314366998578,0.06342990041960406,0.12963400116859727,0.046849757673667204
optimal@2s/λ=0.0,7,300,2943,2243,0.7621474685694869,0.23785253143051308,0.007475365273530411,0.23037716615698267,354.50023159266567,318.8930571130836,605.684290337775,275.1222644691022,897.2,11.771378452313524,342.72885314035216,0.005299109858237557,0.20702548838422616,0.7876754017575363,3578,4.638065958636109,0.0634591671185536,0.12575300048411012,0.04594888526373029
optimal@2s/λ=0.0,0,350,2956,2743,0.9279431664411367,0.07205683355886333,0.0,0.07205683355886333,238.59881083275565,217.03452493357327,407.3516644922847,221.5768207843507,1097.2,1.2276103564461447,237.3712004763095,0.03409446064474357,0.15745617292603672,0.8084493664292197,2796,1.432761087267525,0.07547374821277869,0.11981500083493307,0.046862375437651496
optimal@2s/λ=0.0,1,350,2855,2716,0.9513134851138354,0.04868651488616462,0.0,0.04868651488616462,207.60996989306597,185.35967164094677,367.0785668877061,197.56139666019905,1086.4,1.1194155541402155,206.4905543389257,0.04909342635863295,0.13787150922760427,0.8130350644137627,2638,1.381349507202426,0.07843282790258044,0.12715300015770514,0.05002763957987839
optimal@2s/λ=0.0,2,350,3002,2704,0.9007328447701533,0.09926715522984676,0.0,0.09926715522984676,254.43574353846435,231.75278070372724,429.1385801022888,229.4377544244654,1081.6,1.1730649873842487,253.26267855108009,0.034556802356872744,0.16417139626886368,0.8012718013742636,2841,1.4762407602956706,0.077463217181677,0.12318000008235683,0.051876955161626694
optimal@2s/λ=0.0,3,350,2945,2736,0.9290322580645162,0.07096774193548387,0.0,0.07096774193548387,229.86518995939662,206.74509242830572,403.31939185745523,213.66991378753252,1094.4,1.1746916482031915,228.69049831119344,0.03189906809994215,0.1524925450793359,0.8156083868207219,2770,1.412635379061372,0.07703855594742302,0.12284300019018672,0.046063202999464384
optimal@2s/λ=0.0,4,350,2902,2732,0.9414197105444521,0.0585802894555479,0.0,0.0585802894555479,220.58488174842023,203.24021181810804,376.5182128810939,207.81554745519063,1092.8,1.2089496426699375,219.37593210575025,0.03382921909952575,0.1474737350654158,0.8186970458350585,2698,1.4599703484062267,0.07765481837632089,0.12254799961738204,0.049564270152505446
optimal@2s/λ=0.0,5,350,3099,2670,0.861568247821878,0.13843175217812198,0.000968054211035818,0.13746369796708616,284.4368044945455,258.62378585539636,484.0656793363316,246.29232938770943,1068.0,2.6497167909255652,281.78708770361993,0.014920432938213272,0.17980036763082,0.8052791994309668,3101,2.3750403095775554,0.0726495646552038,0.1322999996773433,0.050448143405889885
optimal@2s/λ=0.0,6,350,2974,2686,0.9031607262945528,0.0968392737054472,0.0,0.0968392737054472,257.85220688046564,239.62009489410787,427.0640491207432,233.11050612893587,1074.4,1.330147117433803,256.52205976303185,0.024803033340548897,0.16476019850570858,0.8104367681537425,2792,1.515401146131805,0.08228989973201187,0.16329400048562334,0.05127523910733262
optimal@2s/λ=0.0,7,350,2943,2708,0.9201495073054706,0.07985049269452939,0.0,0.07985049269452939,233.4411811117797,208.7113395306419,411.93027005417025,214.99821375902022,1083.2,1.192032130263117,232.24914898151664,0.03577440117709559,0.1543403725291854,0.8098852262937191,2796,1.4334763948497855,0.07802789698680226,0.13919999883000891,0.052080536912751677
optimal@2s/λ=0.0,0,400,2956,2928,0.9905277401894452,0.009472259810554804,0.0,0.009472259810554804,137.51864941865625,118.66136323769706,259.62938132217334,136.22754081001273,1171.2,1.1160772525449483,136.40257216611133,0.14523333241384864,0.09425484610784259,0.7605118214783088,2691,1.3905611296915645,0.08198439241716707,0.1321300002018686,0.05424906467129877
optimal@2s/λ=0.0,1,400,2855,2832,0.9919439579684763,0.008056042031523642,0.0,0.008056042031523642,132.2787822050836,115.32392130642074,249.5769034532305,131.2256548579537,1132.8,1.1086541192390151,131.17012808584457,0.16242985790914968,0.08815782985234973,0.7494123122385006,2613,1.3869115958668197,0.0851047072419244,0.1293519994942472,0.05160044150110375
optimal@2s/λ=0.0,2,400,3002,2917,0.9716855429713525,0.028314457028647568,0.0,0.028314457028647568,157.0508892672763,138.91926788527599,286.82921237208393,152.63767886644456,1166.8,1.1007843728840632,155.9501048943922,0.14100846070633785,0.1039515045350703,0.7550400347585918,2680,1.4298507462686567,0.08296406715917735,0.14579100037735795,0.050887265135699376
optimal@2s/λ=0.0,3,400,2945,2928,0.9942275042444821,0.005772495755517827,0.0,0.005772495755517827,133.68901080662377,118.97485325550042,246.38743983622498,132.92525753729595,1171.2,1.1021970352854533,132.5868137713383,0.1407297580171508,0.0919353709872358,0.7673348709956134,2725,1.3805504587155963,0.0925994495434821,0.15383199941425102,0.0531632110579479
optimal@2s/λ=0.0,4,400,2902,2852,0.9827705031013094,0.01722949689869056,0.0,0.01722949689869056,138.2298868670905,115.42066951860215,268.49037586710386,135.89117175316977,1140.8,1.1378433097114016,137.0920435573791,0.15381792854476597,0.09320113453800469,0.7529809369172293,2650,1.409056603773585,0.08655075471736227,0.14856099969620093,0.04199835300576448
optimal@2s/λ=0.0,5,400,3099,3021,0.9748305905130688,0.02516940948693127,0.0,0.02516940948693127,175.9583569974724,158.40867450509222,317.31001504776395,171.55706946374505,1208.4,1.1357112867725891,174.82264571069982,0.08396075209965678,0.11814128992702612,0.7978979579733171,2787,1.4104772156440617,0.08889917473038778,0.16215000068768828,0.054763117677024964
optimal@2s/λ=0.0,6,400,2974,2927,0.984196368527236,0.015803631472763955,0.0,0.015803631472763955,157.2013617651624,143.7103362629132,277.0987522371703,154.7371027693888,1170.8,1.1044191849743685,156.09694258018803,0.1281374337113149,0.10404393939694014,0.767818626891745,2665,1.4048780487804877,0.08613617262368044,0.13771600075415344,0.04620726495726496
optimal@2s/λ=0.0,7,400,2943,2915,0.9904858987427795,0.009514101257220523,0.0,0.009514101257220523,133.87556501836934,119.0658636117596,245.20336597375515,132.61300250911813,1166.0,1.1012875797809718,132.77427743858834,0.13971283056015052,0.09198290192355436,0.7683042675162951,2724,1.3700440528634361,0.08546644638515215,0.15440099949046268,0.053858520900321546
optimal@2s/λ=0.0,0,450,2956,2935,0.9928958051420839,0.007104194857916103,0.0,0.007104194857916103,109.50959308564114,87.42209752814051,216.09984661384337,108.74205135946215,1174.0,1.1042695808552838,108.40532350478585,0.251197681350849,0.06983231951255364,0.6789699991365974,2685,1.386219739292365,0.09055404097120494,0.13318000033905256,0.049167114454594305
optimal@2s/λ=0.0,1,450,2855,2850,0.9982486865148862,0.0017513134851138354,0.0,0.0017513134851138354,101.85804572671496,88.34755602619646,192.6924870538328,101.68365541268024,1140.0,1.1038722800988203,100.75417344661618,0.2645701852905309,0.06339073573891958,0.6720390789705495,2619,1.378388697976327,0.09011386022683329,0.17683799997030306,0.047922437673130196
optimal@2s/λ=0.0,2,450,3002,2965,0.9876748834110592,0.012325116588940706,0.0,0.012325116588940706,124.9882563601808,104.88241907353222,246.8238097094827,123.47190363275104,1186.0,1.0986109215993096,123.88964543858151,0.23977101032349582,0.07763857461707545,0.6825904150594286,2701,1.4279896334690856,0.08690758978900198,0.13869999929738697,0.053111168966415
optimal@2s/λ=0.0,3,450,2945,2943,0.999320882852292,0.0006791171477079797,0.0,0.0006791171477079797,90.99380317037688,80.08542411360486,168.48002739861715,90.93266281816074,1177.2,1.0855465361175007,89.90825663425937,0.2531009046530641,0.060135566144664594,0.6867635292022714,2727,1.3714704803813715,0.08709405940568954,0.14188800047122616,0.04759358288770053
optimal@2s/λ=0.0,4,450,2902,2883,0.9934527911784976,0.006547208821502412,0.0,0.006547208821502412,112.41752576257092,90.63284442028271,226.71925955373445,111.68788827928202,1153.2,1.105496770401999,111.31202899216892,0.25404096513393837,0.06948482922797895,0.6764742056380827,2652,1.3815987933634992,0.08815603317721366,0.15845800091483306,0.047489082969432314
optimal@2s/λ=0.0,5,450,3099,3083,0.9948370442078089,0.005162955792191029,0.0,0.005162955792191029,113.32873681595404,99.51747917344619,207.0664606986478,112.75249326018492,1233.2,1.1056323601670608,112.223104455787,0.2013441567538523,0.07454593304195678,0.7241099102041909,2770,1.407942238267148,0.09074180506816805,0.1737239998510631,0.04846153846153846
optimal@2s/λ=0.0,6,450,2974,2963,0.996301277740417,0.003698722259583053,0.0,0.003698722259583053,115.09490884468812,102.06007553640302,209.99859551035172,114.67371132320935,1185.2,1.1012454051765956,113.99366343951154,0.23383265211378357,0.07273506725019645,0.69343228063602,2684,1.395305514157973,0.09590055884776875,0.20880900119664203,0.046461949265687585
optimal@2s/λ=0.0,7,450,2943,2938,0.9983010533469249,0.0016989466530750934,0.0,0.0016989466530750934,96.27004682037182,84.27520423267197,173.6349672901635,96.10814855570533,1175.2,1.0871899284074769,95.18285689196433,0.2484915037005707,0.06308708681711861,0.6884214094823107,2695,1.377365491651206,0.08832534320910261,0.1438539999071508,0.048760775862068964
optimal@2s/λ=1.0,0,250,2956,2042,0.6907983761840325,0.3092016238159675,0.2050067658998647,0.10419485791610285,435.30822858255596,414.63007258506104,643.5149218265841,350.23366548872525,816.8,143.31381585892726,291.9944127236287,0.00013733524185688455,0.16173368814603706,0.8381289766121061,2729,36.00659582264566,0.08470443384985932,0.1527800004259913,0.05006501950585176
optimal@2s/λ=1.0,1,250,2855,2041,0.7148861646234675,0.2851138353765324,0.18879159369527146,0.09632224168126094,428.6622373994739,404.67332424456345,648.2339342850523,354.02336513389093,816.4,138.1483761929158,290.5138612065581,6.078698067731855e-05,0.15896236760595617,0.8409768454133666,2862,33.89867225716282,0.07652459818856854,0.148416999818437,0.04614370468029005
optimal@2s/λ=1.0,2,250,3002,2090,0.6962025316455697,0.3037974683544304,0.24317121918720852,0.060626249167221855,441.8729420592738,422.3956056618275,637.4094297203393,366.87069384087715,836.0,166.31682345111662,275.5561186081572,0.0,0.1478226413429309,0.8521773586570691,2618,43.28915202444614,0.089239610374614,0.1654490010696463,0.04037061548643282
optimal@2s/λ=1.0,3,250,2945,2066,0.701528013582343,0.29847198641765704,0.24448217317487267,0.05398981324278438,433.7115195015989,413.55997756341003,624.4523103910349,360.7877216784289,826.4,162.5732392100323,271.13828029156656,3.385686004616542e-05,0.14060704419514042,0.8593590989448134,2511,43.95659099960175,0.08936224611912123,0.1698500000202332,0.05190890823844608
optimal@2s/λ=1.0,4,250,2902,2073,0.7143349414197105,0.28566505858028945,0.2191592005513439,0.06650585802894556,432.2751996753695,410.22454141905837,638.3973645413527,365.20957042070125,829.2,158.87731810200145,273.39788157336807,0.0,0.14203076146317442,0.8579692385368256,2526,42.531670625494854,0.09116710213256723,0.16005000043151085,0.053577371048252914
optimal@2s/λ=1.0,5,250,3099,2058,0.6640851887705711,0.33591481122942884,0.2781542433042917,0.05776056792513714,450.67486602038383,432.8880185719877,648.2844685431537,367.281979182786,823.2,178.23967120377304,272.4351948166108,0.0,0.13811548407926588,0.8618845159207341,2388,52.02303182579565,0.09912307372424359,0.17205199994350556,0.045008460236886635
optimal@2s/λ=1.0,6,250,2974,2020,0.6792199058507061,0.32078009414929387,0.2336919973100202,0.08708809683927371,441.5414159027384,417.9496056074818,657.1636259505217,359.07708747099997,808.0,155.540333549688,286.0010823530503,0.0,0.15029325952857397,0.849706740471426,2518,44.146544876886416,0.0900001985744798,0.18497700095394962,0.05015045135406219
optimal@2s/λ=1.0,7,250,2943,2033,0.6907917091403329,0.309208290859667,0.22154264356099218,0.08766564729867482,428.7398766653617,408.5558026065555,635.1828245032735,351.7029522897615,813.2,146.45499486614622,282.28488179921544,6.414269619774677e-05,0.15046233575643836,0.8494735215473639,2772,36.51984126984127,0.08210912697120043,0.16979500020170216,0.045755968169761276
optimal@2s/λ=1.0,0,300,2956,2364,0.7997293640054127,0.20027063599458728,0.05345060893098782,0.14682002706359945,370.6324635972768,342.8211356941656,590.4625561415769,311.3833259774157,945.6,55.47158866272687,315.1608749345499,0.0018388675438781664,0.1821212480289662,0.8160398844271557,3035,15.162108731466228,0.07239686983576715,0.1244980009141727,0.05347144456886898
optimal@2s/λ=1.0,1,300,2855,2260,0.7915936952714536,0.2084063047285464,0.004553415061295972,0.20385288966725043,344.1959882365638,315.6191608195213,573.2586482658162,276.63451510482554,904.0,13.241846450922766,330.954141785641,0.005082809621886477,0.20030981714614263,0.7946073732319708,3449,5.013337199188171,0.0626395766830741,0.11895199990249239,0.050997782705099776
optimal@2s/λ=1.0,2,300,3002,2246,0.7481678880746169,0.2518321119253831,0.00033311125916055963,0.2514990006662225,354.1727973320092,326.9088175887837,583.5270454358938,267.0344276327525,898.4,4.193354538669806,349.9794427933394,0.002694071622281924,0.21430178677019482,0.7830041416075232,3508,2.631413911060433,0.06534461232240885,0.12908999884530153,0.04716981132075472
optimal@2s/λ=1.0,3,300,2945,2277,0.7731748726655348,0.2268251273344652,0.014601018675721562,0.21222410865874364,367.7884786433688,336.9772829830872,606.5779468576516,291.31254846638825,910.8,25.256910814421733,342.53156782894706,0.0017638354190120003,0.20545125839093686,0.7927849061900512,3498,7.545740423098914,0.0643387364402549,0.11722099934559065,0.05122674575357239
optimal@2s/λ=1.0,4,300,2902,2210,0.7615437629221227,0.23845623707787733,0.0013783597518952446,0.2370778773259821,364.27717080471274,334.9597751129638,606.9265108460773,280.5691399069776,884.0,8.893834115217029,355.38333668949576,0.002032194481905757,0.21246236066784166,0.7855054448502525,3826,3.8044955567171983,0.060100940946900404,0.10655000050974195,0.04072647220693451
optimal@2s/λ=1.0,5,300,3099,2333,0.7528234914488545,0.24717650855114554,0.08712487899322362,0.1600516295579219,395.764855431675,373.7271312028206,608.1966637578334,320.42747448880596,933.2,80.13010965374802,315.634745777927,0.0007085983530495004,0.1775042772208965,0.821787124426054,3187,20.46689676812049,0.07223159711999227,0.1297999988310039,0.05023461219983439
optimal@2s/λ=1.0,6,300,2974,2198,0.7390719569603228,0.2609280430396772,0.0020174848688634837,0.2589105581708137,372.73082057602664,344.30428921745306,622.7222230984589,278.502832464212,879.2,8.752021001879767,363.97879957414693,0.0029818083371647573,0.21677265025171336,0.7802455414111219,3647,3.9860159034823144,0.0627898546770919,0.12705399974947795,0.043466595116715856
optimal@2s/λ=1.0,7,300,2943,2264,0.7692830445124023,0.23071695548759769,0.010193679918450561,0.22052327556914714,352.6130564938561,320.8595709366682,585.5424381807816,277.2999058020304,905.6,18.342434172884786,334.27062232097137,0.004525723627905289,0.19977263871274095,0.7957016376593539,3666,5.875613747954174,0.061276759418101415,0.12053500104229896,0.043965046422719825
optimal@2s/λ=1.0,0,350,2956,2740,0.9269282814614344,0.07307171853856563,0.0,0.07307171853856563,238.3640810624446,219.18691315123488,405.25236514786667,221.10730015042364,1096.0,1.24608839360204,237.11799266884256,0.031519255145793935,0.15770749004971055,0.8107732548044955,2795,1.4364937388193202,0.07777599285045149,0.1459179995799786,0.04454643628509719
optimal@2s/λ=1.0,1,350,2855,2716,0.9513134851138354,0.04868651488616462,0.0,0.04868651488616462,207.60996989306597,185.35967164094677,367.0785668877061,197.56139666019905,1086.4,1.1194155541402155,206.4905543389257,0.04909342635863295,0.13787150922760427,0.8130350644137627,2638,1.381349507202426,0.07991796816197161,0.1330410000628036,0.05002763957987839
optimal@2s/λ=1.0,2,350,3002,2704,0.9007328447701533,0.09926715522984676,0.0,0.09926715522984676,254.43574353846435,231.75278070372724,429.1385801022888,229.4377544244654,1081.6,1.1730649873842487,253.26267855108009,0.034556802356872744,0.16417139626886368,0.8012718013742636,2841,1.4762407602956706,0.07438201335844977,0.11651999957393844,0.051876955161626694
optimal@2s/λ=1.0,3,350,2945,2736,0.9290322580645162,0.07096774193548387,0.0,0.07096774193548387,229.86518995939662,206.74509242830572,403.31939185745523,213.6678764360894,1094.4,1.1746916482031915,228.69049831119344,0.03189906809994215,0.1524925450793359,0.8156083868207219,2770,1.4115523465703972,0.079983176896191,0.1277929993557336,0.046063202999464384
optimal@2s/λ=1.0,4,350,2902,2737,0.9431426602343211,0.05685733976567884,0.0,0.05685733976567884,221.7604551951799,202.32285029152627,374.57258114281484,209.31567611864435,1094.8,1.213717930199081,220.54673726498083,0.032864821897716084,0.14792044121250617,0.8192147368897778,2711,1.4625599409811878,0.08540793063554442,0.14093000045249943,0.05059847660500544
optimal@2s/λ=1.0,5,350,3099,2676,0.8635043562439496,0.13649564375605033,0.0006453694740238787,0.13585027428202645,286.11905070095594,261.0043883117721,488.5890946971049,248.07835971097612,1070.4,2.3998818640288837,283.71916883692705,0.014459425023487632,0.18055411832127435,0.804986456655238,3046,2.1828627708470125,0.07315334867536616,0.12837499953093365,0.05140664961636829
optimal@2s/λ=1.0,6,350,2974,2686,0.9031607262945528,0.0968392737054472,0.0,0.0968392737054472,257.9569825355815,239.6681186202777,427.0640491207432,233.20448174987624,1074.4,1.330126236184587,256.6268562993968,0.024807254119563273,0.16483541138739458,0.8103573344930421,2793,1.514500537056928,0.07799373434104107,0.1297479999630013,0.05102311985118257
optimal@2s/λ=1.0,7,350,2943,2708,0.9201495073054706,0.07985049269452939,0.0,0.07985049269452939,233.06716335252855,207.8138298887975,411.93027005417025,214.64726958819537,1083.2,1.1920279215058194,231.87513543102273,0.035870382580049744,0.15432863942307962,0.8098009779968707,2793,1.4314357321876119,0.0824473684347513,0.14620000038121342,0.05233494363929147
optimal@2s/λ=1.0,0,400,2956,2928,0.9905277401894452,0.009472259810554804,0.0,0.009472259810554804,137.51864941865625,118.66136323769706,259.62938132217334,136.22754081001273,1171.2,1.1160772525449483,136.40257216611133,0.14523333241384864,0.09425484610784259,0.7605118214783088,2691,1.3905611296915645,0.08220824969272966,0.12765000028593926,0.05424906467129877
optimal@2s/λ=1.0,1,400,2855,2832,0.9919439579684763,0.008056042031523642,0.0,0.008056042031523642,132.2787822050836,115.32392130642074,249.5769034532305,131.2256548579537,1132.8,1.1086541192390151,131.17012808584457,0.16242985790914968,0.08815782985234973,0.7494123122385006,2613,1.3869115958668197,0.0837482587095798,0.13123999990057234,0.05160044150110375
optimal@2s/λ=1.0,2,400,3002,2917,0.9716855429713525,0.028314457028647568,0.0,0.028314457028647568,157.0508892672763,138.91926788527599,286.82921237208393,152.63767886644456,1166.8,1.1007843728840632,155.9501048943922,0.14100846070633785,0.1039515045350703,0.7550400347585918,2680,1.4298507462686567,0.08824824627590172,0.15323299989177058,0.050887265135699376
optimal@2s/λ=1.0,3,400,2945,2928,0.9942275042444821,0.005772495755517827,0.0,0.005772495755517827,133.68901080662377,118.97485325550042,246.38743983622498,132.92525753729595,1171.2,1.1021970352854533,132.5868137713383,0.1407297580171508,0.0919353709872358,0.7673348709956134,2725,1.3805504587155963,0.08430884404675587,0.1456640005198979,0.0531632110579479
optimal@2s/λ=1.0,4,400,2902,2852,0.9827705031013094,0.01722949689869056,0.0,0.01722949689869056,138.2298868670905,115.42066951860215,268.49037586710386,135.89117175316977,1140.8,1.1378433097114016,137.0920435573791,0.15381792854476597,0.09320113453800469,0.7529809369172293,2650,1.409056603773585,0.0839135849131502,0.14716300000145535,0.04199835300576448
optimal@2s/λ=1.0,5,400,3099,3021,0.9748305905130688,0.02516940948693127,0.0,0.02516940948693127,175.9583569974724,158.40867450509222,317.31001504776395,171.55706946374505,1208.4,1.1357112867725891,174.82264571069982,0.08396075209965678,0.11814128992702612,0.7978979579733171,2787,1.4104772156440617,0.08596813776753068,0.13125600056810066,0.054763117677024964
optimal@2s/λ=1.0,6,400,2974,2927,0.984196368527236,0.015803631472763955,0.0,0.015803631472763955,157.2013617651624,143.7103362629132,277.0987522371703,154.7371027693888,1170.8,1.1044191849743685,156.09694258018803,0.1281374337113149,0.10404393939694014,0.767818626891745,2665,1.4048780487804877,0.08616213886122749,0.1407800000743016,0.04620726495726496
optimal@2s/λ=1.0,7,400,2943,2915,0.9904858987427795,0.009514101257220523,0.0,0.009514101257220523,133.87556501836934,119.0658636117596,245.20336597375515,132.61300250911813,1166.0,1.1012875797809718,132.77427743858834,0.13971283056015052,0.09198290192355436,0.7683042675162951,2724,1.3700440528634361,0.08447400880690747,0.14778800004933138,0.053858520900321546
optimal@2s/λ=1.0,0,450,2956,2935,0.9928958051420839,0.007104194857916103,0.0,0.007104194857916103,109.50959308564114,87.42209752814051,216.09984661384337,108.74205135946215,1174.0,1.1042695808552838,108.40532350478585,0.251197681350849,0.06983231951255364,0.6789699991365974,2685,1.386219739292365,0.08985508381117771,0.1437840005382892,0.049167114454594305
optimal@2s/λ=1.0,1,450,2855,2850,0.9982486865148862,0.0017513134851138354,0.0,0.0017513134851138354,101.85804572671496,88.34755602619646,192.6924870538328,101.68365541268024,1140.0,1.1038722800988203,100.75417344661618,0.2645701852905309,0.06339073573891958,0.6720390789705495,2619,1.378388697976327,0.08682462771945963,0.1325760004328916,0.047922437673130196
optimal@2s/λ=1.0,2,450,3002,2965,0.9876748834110592,0.012325116588940706,0.0,0.012325116588940706,124.9882563601808,104.88241907353222,246.8238097094827,123.47190363275104,1186.0,1.0986109215993096,123.88964543858151,0.23977101032349582,0.07763857461707545,0.6825904150594286,2701,1.4279896334690856,0.08647593485676737,0.12969999988854397,0.053111168966415
optimal@2s/λ=1.0,3,450,2945,2943,0.999320882852292,0.0006791171477079797,0.0,0.0006791171477079797,90.99380317037688,80.08542411360486,168.48002739861715,90.93266281816074,1177.2,1.0855465361175007,89.90825663425937,0.2531009046530641,0.060135566144664594,0.6867635292022714,2727,1.3714704803813715,0.09097920793122645,0.15738800026156216,0.04759358288770053
optimal@2s/λ=1.0,4,450,2902,2883,0.9934527911784976,0.006547208821502412,0.0,0.006547208821502412,112.41752576257092,90.63284442028271,226.71925955373445,111.68788827928202,1153.2,1.105496770401999,111.31202899216892,0.25404096513393837,0.06948482922797895,0.6764742056380827,2652,1.3815987933634992,0.09257156862310158,0.17313099968305282,0.047489082969432314
optimal@2s/λ=1.0,5,450,3099,3083,0.9948370442078089,0.005162955792191029,0.0,0.005162955792191029,113.32873681595404,99.51747917344619,207.0664606986478,112.75249326018492,1233.2,1.1056323601670608,112.223104455787,0.2013441567538523,0.07454593304195678,0.7241099102041909,2770,1.407942238267148,0.09220916967851506,0.18249600016133619,0.04846153846153846
optimal@2s/λ=1.0,6,450,2974,2963,0.996301277740417,0.003698722259583053,0.0,0.003698722259583053,115.09490884468812,102.06007553640302,209.99859551035172,114.67371132320935,1185.2,1.1012454051765956,113.99366343951154,0.23383265211378357,0.07273506725019645,0.69343228063602,2684,1.395305514157973,0.09342630402353183,0.19962199978181208,0.046461949265687585
optimal@2s/λ=1.0,7,450,2943,2938,0.9983010533469249,0.0016989466530750934,0.0,0.0016989466530750934,96.27004682037182,84.27520423267197,173.6349672901635,96.10814855570533,1175.2,1.0871899284074769,95.18285689196433,0.2484915037005707,0.06308708681711861,0.6884214094823107,2695,1.377365491651206,0.08855743971335786,0.1757259984151459,0.048760775862068964
optimal@5s/λ=0.0,0,250,2956,2098,0.709742895805142,0.2902571041948579,0.22090663058186738,0.06935047361299053,368.6052261979521,339.04340485121566,552.6399270612261,322.0450349570277,839.2,103.37183410006625,265.23339209788594,0.0,0.14003580322733655,0.8599641967726634,1666,37.35294117647059,0.09569801918036099,0.16187500104933855,0.050033134526176276
optimal@5s/λ=0.0,1,250,2855,2032,0.7117338003502627,0.2882661996497373,0.17583187390542906,0.11243432574430823,373.76469794441795,343.8321101201475,583.8992846679334,317.92107746345977,812.8,91.63294471821213,282.13175322620583,0.00017301014490244697,0.15440394902240856,0.845423040832689,1733,30.216387766878245,0.09218776685107505,0.15320399936172183,0.04699738903394256
optimal@5s/λ=0.0,2,250,3002,2103,0.7005329780146569,0.2994670219853431,0.24050632911392406,0.05896069287141906,372.81116776490325,343.80940119042,568.5322838965161,326.50272624463383,841.2,108.06421248041359,264.7469552844897,0.0,0.14055488479885003,0.85944511520115,1675,38.644776119402984,0.09803361195111786,0.15860400075325742,0.04725959960617
optimal@5s/λ=0.0,3,250,2945,2073,0.7039049235993209,0.2960950764006791,0.25161290322580643,0.044482173174872665,363.11943471768905,336.57507315938074,556.2330226679351,324.29083184494044,829.2,112.85644728974931,250.26298742793972,0.0,0.12082523158726208,0.8791747684127379,1651,40.86977589339794,0.09818461537632617,0.18369999997958075,0.054072321730314295
optimal@5s/λ=0.0,4,250,2902,2070,0.7133011716057891,0.2866988283942109,0.22674017918676775,0.05995864920744314,365.3237973366512,336.3671316993871,559.9985052207244,325.69506186001917,828.0,103.26974907778165,262.0540482588695,0.0,0.13434943442419858,0.8656505655758014,1685,37.3246290801187,0.0962745994220637,0.1487079999060373,0.05700871898054997
optimal@5s/λ=0.0,5,250,3099,2073,0.6689254598257502,0.33107454017424975,0.29073894804775735,0.04033559212649242,366.540148733121,336.00699214349606,567.0523749435662,324.3972093374037,829.2,120.1388166385976,246.40133209452344,0.0,0.11727640806025916,0.8827235919397408,1618,47.39060568603214,0.10056928306410699,0.2013919998535128,0.04793103448275862
optimal@5s/λ=0.0,6,250,2974,2023,0.6802286482851378,0.31977135171486215,0.21822461331540013,0.101546738399462,380.40835739341287,345.0558483411237,584.9268637848697,319.7616743359039,809.2,99.26868729946958,281.1396700939433,4.812274237121488e-05,0.14839350230428228,0.8515583749533465,1713,37.27729130180969,0.09352060714482921,0.17264399954001375,0.05372445616348055
optimal@5s/λ=0.0,7,250,2943,2011,0.6833163438668026,0.31668365613319743,0.19707781175671085,0.11960584437648658,375.3936803208954,341.45888802162517,589.3131548772581,313.8560142092753,804.4,90.29695476355077,285.0967255573446,9.12761098225128e-05,0.1523880734827828,0.8475206504073947,1755,30.729344729344728,0.08839225072764918,0.1565760007360952,0.04470359572400389
optimal@5s/λ=0.0,0,300,2956,2342,0.7922868741542625,0.20771312584573748,0.03822733423545332,0.16948579161028418,358.9739876758828,328.46746004774036,565.3063078770036,296.7607127507267,936.8,33.751182997065555,325.2228046788173,0.002025349901065246,0.19469105194742675,0.803283598151508,1890,11.362433862433862,0.08046878306784916,0.14025499982381,0.05697770437654831
optimal@5s/λ=0.0,1,300,2855,2277,0.7975481611208406,0.20245183887915938,0.015411558669001752,0.18704028021015762,344.1662499784164,314.00356322843436,561.2540648624748,281.87321897951153,910.8,18.46733950310462,325.6989104753118,0.0032583233752083393,0.19573894747634543,0.8010027291484463,1891,7.023268112109995,0.08019772607587419,0.13413000069704137,0.0506435366536094
optimal@5s/λ=0.0,2,300,3002,2277,0.7584943371085943,0.24150566289140574,0.016655562958027982,0.22485009993337776,363.3017625970795,331.38130122765324,599.3572130726277,283.42923759030435,910.8,18.19298750415659,345.10877509292294,0.002620276725610341,0.20829262746490187,0.7890870958094879,1946,7.158273381294964,0.07589984582578857,0.12108000000807799,0.053562005277044855
optimal@5s/λ=0.0,3,300,2945,2318,0.7870967741935484,0.2129032258064516,0.06485568760611206,0.14804753820033956,366.52808855114375,335.1008276332045,593.0685177030562,308.1609269404239,927.2,47.44261649869663,319.08547205244713,0.001441966923478633,0.18132464931693545,0.817233383759586,1882,15.955897980871413,0.08202747077187565,0.13483800046742545,0.047740112994350284
optimal@5s/λ=0.0,4,300,2902,2266,0.7808407994486561,0.2191592005513439,0.007236388697450034,0.21192281185389386,355.8600728413958,327.77454490540276,585.3634284731515,282.15175907103725,906.4,14.41171222966949,341.44836061172634,0.0019050905916149264,0.20587750926347562,0.7922174001449095,1949,5.308876346844536,0.07763966135846727,0.15127599937841293,0.04750137287204832
optimal@5s/λ=0.0,5,300,3099,2324,0.749919328815747,0.250080671184253,0.0951919974185221,0.15488867376573087,371.9281129314721,344.5501237229814,579.7831444856771,307.66800624909223,929.6,58.07093409637032,313.8571788351018,0.0005379469149089975,0.17661790764894927,0.8228441454361417,1837,20.770821992378877,0.08452754486297863,0.1405800006614297,0.04981909268021152
optimal@5s/λ=0.0,6,300,2974,2313,0.7777404169468729,0.2222595830531271,0.03463349024882313,0.18762609280430398,350.57009338527956,321.3876790282284,574.7890181113446,283.9310508458021,925.2,28.734357036138693,321.8357363491409,0.002515047296123974,0.19250879347210587,0.8049761592317702,1887,9.989931107578167,0.08077450981787025,0.15669799915485774,0.04960263085776925
optimal@5s/λ=0.0,7,300,2943,2294,0.7794767244308529,0.22052327556914714,0.027862725110431533,0.1926605504587156,351.8625156006358,316.5114681596858,586.5998137406981,284.63221154976407,917.6,24.767821087508718,327.0946945131271,0.004360553326053234,0.19574723569168503,0.7998922109822617,1922,8.905306971904267,0.07918740896577359,0.1406980007959644,0.04776366648260629
optimal@5s/λ=0.0,0,350,2956,2746,0.928958051420839,0.07104194857916103,0.0,0.07104194857916103,236.33104247067953,214.1331025610823,409.0560901318531,219.80153968482304,1098.4,2.8996979782129455,233.4313444924666,0.03213963317379359,0.15408895142636211,0.8137714153998443,1773,2.1641285956006766,0.08557507051343251,0.16441599997051493,0.049167114454594305
optimal@5s/λ=0.0,1,350,2855,2698,0.9450087565674256,0.05499124343257443,0.0,0.05499124343257443,217.974110549409,194.61413219495444,391.95448682996755,206.1411440240763,1079.2,2.7715440896641184,215.20256645974493,0.04562529553717989,0.14306559290864726,0.8113091115541728,1755,2.068945868945869,0.08456638177532266,0.14696399957756523,0.05160044150110375
optimal@5s/λ=0.0,2,350,3002,2721,0.9063957361758828,0.09360426382411725,0.0,0.09360426382411725,252.23529065399103,230.3146558612716,427.52175528450016,229.02793226697776,1088.4,2.8615322249786614,249.37375842901236,0.036281972466084486,0.16420919447265647,0.7995088330612591,1802,2.215871254162042,0.08388312987671806,0.12528599912911886,0.05581516095534787
optimal@5s/λ=0.0,3,350,2945,2736,0.9290322580645162,0.07096774193548387,0.0,0.07096774193548387,230.7862252001817,206.1752453665763,405.09946878200185,214.68852547937047,1094.4,2.933515108117364,227.8527100920643,0.03147006783319383,0.15177807038769964,0.8167518617791066,1791,2.1529871580122837,0.08197230599274904,0.1287499997488339,0.04886515353805074
optimal@5s/λ=0.0,4,350,2902,2736,0.9427980702963473,0.057201929703652656,0.0,0.057201929703652656,226.43603689762722,204.52675375419062,390.2930913639368,213.687759228598,1094.4,2.9165905966995633,223.51944630092765,0.03180751780164255,0.14994562454011492,0.8182468576582426,1774,2.143742953776776,0.08480405863045865,0.14748100018550758,0.055224688684353006
optimal@5s/λ=0.0,5,350,3099,2671,0.8618909325588899,0.13810906744111004,0.003226847370119393,0.13488222007099065,295.28720608367723,272.9032736007998,484.8713687121581,256.15123743910493,1068.4,5.968434451215746,289.31877163246145,0.01280977378427839,0.18222470865008053,0.8049655175656412,1854,3.423948220064725,0.0839826861076541,0.1423990006151144,0.0517550602100948
optimal@5s/λ=0.0,6,350,2974,2693,0.9055144586415602,0.09448554135843981,0.0,0.09448554135843981,265.6663014897167,247.77352490844896,442.0504635260557,241.050330369957,1077.2,3.361329407911904,262.3049720818048,0.023979058244250076,0.16926939502905267,0.8067515467266972,1801,2.332037756801777,0.08163325930691866,0.14310000005934853,0.05152722443559097
optimal@5s/λ=0.0,7,350,2943,2717,0.9232076112810058,0.07679238871899423,0.0,0.07679238871899423,233.98036134139372,210.87142989368203,409.8614017668478,216.26902284530578,1086.8,2.805651520677714,231.17470982071598,0.035642365917071074,0.15442405263476058,0.8099335814481684,1792,2.1099330357142856,0.08427896208676852,0.1466899994557024,0.05106154259607632
optimal@5s/λ=0.0,0,400,2956,2929,0.9908660351826793,0.009133964817320704,0.0,0.009133964817320704,136.95534285961457,118.70989577807813,250.87324275322678,135.72575081626204,1171.6,2.7663909713090513,134.18895188830555,0.1464209111744521,0.09301089937365814,0.7605681894518896,1762,2.122587968217934,0.09012065833825861,0.167246000291925,0.052983676746052984
optimal@5s/λ=0.0,1,400,2855,2834,0.9926444833625219,0.007355516637478109,0.0,0.007355516637478109,131.25950710087332,115.55353299935132,240.96988020898985,130.3241925254829,1133.6,2.7612263034464806,128.49828079742684,0.16295184779376515,0.08668280955139819,0.7503653426548367,1762,2.059023836549376,0.09019171395594597,0.14631899999585557,0.052646085997794925
optimal@5s/λ=0.0,2,400,3002,2919,0.9723517654896735,0.02764823451032645,0.0,0.02764823451032645,159.0484264272116,138.7292644325844,295.6489597445204,154.7508783522157,1167.6,2.71876529900778,156.32966112820384,0.1417874527969725,0.10432930187574653,0.753883245327281,1766,2.163646659116648,0.0905148358032135,0.1673249999839753,0.04490546218487395
optimal@5s/λ=0.0,3,400,2945,2930,0.9949066213921901,0.0050933786078098476,0.0,0.0050933786078098476,135.2980294489181,121.46217258921706,244.98156168948566,134.62333016650427,1172.0,2.8772053480658553,132.42082410085226,0.14047142900664217,0.09197542937573494,0.7675531416176229,1788,2.115212527964206,0.09084586127639781,0.15685700123867613,0.05817028027498678
optimal@5s/λ=0.0,4,400,2902,2852,0.9827705031013094,0.01722949689869056,0.0,0.01722949689869056,139.01084328535637,118.72832426019886,264.93411049810726,136.67298383954804,1140.8,2.7389895334927634,136.2718537518636,0.15593589683809314,0.09176633430971291,0.752297768852194,1763,2.0805445263754963,0.0940062393264411,0.18732800010184225,0.043573581803233764
optimal@5s/λ=0.0,5,400,3099,3019,0.9741852210390448,0.025814778960955145,0.0,0.025814778960955145,179.90062445173695,162.99012846721644,322.79044164273836,175.33853198926795,1207.6,2.7721166482856257,177.1285078034513,0.08507162009685532,0.1186981288803535,0.7962302510227912,1804,2.1773835920177382,0.09060171840472628,0.1434790012899612,0.05210727969348659
optimal@5s/λ=0.0,6,400,2974,2935,0.9868863483523873,0.013113651647612643,0.0,0.013113651647612643,160.0737451262585,143.33937754977796,283.3610398381699,158.01535533981854,1174.0,2.8143672466440455,157.25937787961448,0.12504179731102286,0.10506386926455984,0.7698943334244174,1771,2.127046866177301,0.09477408243986477,0.19070999951509282,0.05203079373506769
optimal@5s/λ=0.0,7,400,2943,2911,0.9891267414203194,0.010873258579680599,0.0,0.010873258579680599,135.041501514276,120.23024927359347,241.65927511721384,133.61653160567107,1164.4,2.7758179468969852,132.26568356737906,0.14055427851863872,0.09174554652602497,0.7677001749553364,1787,2.097369893676553,0.08862982652561228,0.1421700013088411,0.05789754535752401
optimal@5s/λ=0.0,0,450,2956,2932,0.9918809201623816,0.008119079837618403,0.0,0.008119079837618403,110.2687255355861,88.48457810362834,218.58740605306122,109.39526915795487,1172.8,2.7426217501526335,107.52610378543348,0.25243599608161016,0.06961538110878736,0.6779486228096026,1763,2.1140102098695404,0.10121525806350977,0.2236480000647117,0.05044271532063322
optimal@5s/λ=0.0,1,450,2855,2851,0.998598949211909,0.0014010507880910684,0.0,0.0014010507880910684,102.5936642890861,89.07482618991526,193.59790322857043,102.45535052536707,1140.4,2.760769210314808,99.8328950787713,0.264576681913298,0.06293168038053379,0.6724916377061683,1750,2.0674285714285716,0.09902982857394298,0.1735819996065401,0.05002763957987839
optimal@5s/λ=0.0,2,450,3002,2963,0.9870086608927382,0.012991339107261825,0.0,0.012991339107261825,129.03333379185884,109.604712465994,251.78666990007082,127.40212289987994,1185.2,2.7507428484518024,126.28259094340707,0.2391078610470718,0.07896845252468196,0.6819236864282462,1789,2.150363331470095,0.09763102288252463,0.15286399968317685,0.05261786923678041
optimal@5s/λ=0.0,3,450,2945,2942,0.998981324278438,0.0010186757215619694,0.0,0.0010186757215619694,94.5656856700762,83.17921730736748,173.48685588520948,94.47219617005577,1176.8,2.832876358058477,91.73280931201774,0.2529529924368391,0.06087262637420564,0.6861743811889552,1808,2.0790929203539825,0.09839845134729733,0.18209300047601573,0.05240755520085129
optimal@5s/λ=0.0,4,450,2902,2880,0.9924190213645762,0.007580978635423846,0.0,0.007580978635423846,114.87349707492974,92.48042888820964,231.27132077459353,114.02402039444306,1152.0,2.6981377059643523,112.17535936896539,0.2542318138204682,0.06938033774283953,0.6763878484366923,1761,2.073253833049404,0.10635604769446323,0.16546000006201228,0.043573581803233764
optimal@5s/λ=0.0,5,450,3099,3086,0.9958050984188448,0.004194901581155212,0.0,0.004194901581155212,114.95961988750469,100.62737000832658,208.67868724687753,114.4908011029698,1234.4,2.737051176557941,112.22256871094675,0.19994067479854705,0.07487305995114041,0.7251862652503125,1789,2.184460592509782,0.09803722751291036,0.18989200034411607,0.05040941658137155
optimal@5s/λ=0.0,6,450,2974,2964,0.9966375252185609,0.0033624747814391394,0.0,0.0033624747814391394,118.12520476977139,103.70723423399522,214.11113855381305,117.73571128464341,1185.6,2.798074993598085,115.32712977617331,0.23378752862235908,0.07329883179310696,0.6929136395845339,1781,2.112857944974733,0.09473318358733282,0.1563800004078077,0.05102311985118257
optimal@5s/λ=0.0,7,450,2943,2936,0.9976214746856948,0.002378525314305131,0.0,0.002378525314305131,97.69640772449921,85.50411779651063,174.35028467952088,97.4746104488174,1174.4,2.7169353471081763,94.97947237739102,0.24868269441808094,0.06297913984461267,0.6883381657373063,1780,2.0848314606741574,0.09766325842514909,0.170335999227973,0.04850444624090541
optimal@5s/λ=1.0,0,250,2956,2081,0.7039918809201624,0.2960081190798376,0.2368064952638701,0.059201623815967525,432.9321324256886,414.22374503580613,625.1149046370865,359.80146465055105,832.4,165.60343719516734,267.3286952305213,0.0001151342376406982,0.14135660279412196,0.8585282629682374,1641,46.97867154174284,0.10074424134118638,0.1798799999960463,0.04819683181664981
optimal@5s/λ=1.0,1,250,2855,2045,0.7162872154115587,0.28371278458844135,0.20140105078809106,0.08231173380035026,424.0421503378875,400.45498386431973,636.1209967820372,355.41775252505573,818.0,144.6020728757479,279.4400774621397,0.0,0.1511116155173235,0.8488883844826765,1672,41.00777511961722,0.09766925836847108,0.17162699983600738,0.04586541680616003
optimal@5s/λ=1.0,2,250,3002,2086,0.6948700866089274,0.3051299133910726,0.24050632911392406,0.06462358427714857,438.23489313495963,424.2634788052319,629.4800022060163,363.39407376942637,834.4,161.51832847011985,276.7165646648397,5.831633739010916e-07,0.1503398274024591,0.849659589434167,1706,46.39449003516999,0.09791512310726758,0.16439500031992793,0.04936253677672442
optimal@5s/λ=1.0,3,250,2945,2037,0.6916808149405772,0.30831918505942274,0.25500848896434636,0.0533106960950764,431.1728603052653,416.9968209481817,626.118608697843,359.43818116576455,814.8,166.21993364614968,264.9529266591157,0.0,0.13439029677509404,0.8656097032249059,1649,48.22013341419042,0.10688714371147179,0.18772400042507795,0.057036787040162
optimal@5s/λ=1.0,4,250,2902,2057,0.7088215024121296,0.29117849758787046,0.2222605099931082,0.06891798759476224,427.234653720067,409.5181117057964,617.0273149984016,361.19873501694525,822.8,159.11065344525886,268.1240002748081,0.0,0.13890135656272584,0.8610986434372742,1680,45.87440476190476,0.10508779766951193,0.27192699955776367,0.06382275132275132
optimal@5s/λ=1.0,5,250,3099,2040,0.6582768635043562,0.34172313649564373,0.29106163278476926,0.050661503710874474,444.38591832195743,430.6934355280848,646.3385699861149,364.46573348641584,816.0,179.1547871806237,265.23113114133366,0.0,0.13205230417258068,0.8679476958274194,1603,55.61447286338116,0.109856519051021,0.18538200019975196,0.05360191191532947
optimal@5s/λ=1.0,6,250,2974,2037,0.6849361129791527,0.31506388702084737,0.242098184263618,0.07296570275722931,435.63722662079806,415.7712286946098,638.3065554802907,356.37725132304,814.8,157.5907269655322,278.04649965526585,3.868649049404161e-06,0.14503957734112338,0.8549565540098272,1631,47.258123850398526,0.10223047210581926,0.1950400002897369,0.04290091930541369
optimal@5s/λ=1.0,7,250,2943,2055,0.6982670744138634,0.30173292558613657,0.22663948352021746,0.07509344206591913,426.8744721037094,406.9759159291816,624.837410795486,353.27349596631643,822.0,147.74374939695974,279.13072270674974,6.803825626542049e-05,0.15023557648018432,0.8496963852635503,1709,41.0491515506144,0.09450655354866652,0.16677599873219154,0.05104408352668213
optimal@5s/λ=1.0,0,300,2956,2382,0.8058186738836265,0.19418132611637348,0.04330175913396482,0.15087956698240865,373.6577231972416,350.5100420669992,574.417439446694,315.2810305127748,952.8,61.45680610853957,312.200917088702,0.0015884795875453633,0.18007565826510852,0.8183358621473462,1824,17.801535087719298,0.08759682022504453,0.14759999976377003,0.05302609661299278
optimal@5s/λ=1.0,1,300,2855,2279,0.7982486865148861,0.20175131348511383,0.010157618213660246,0.1915936952714536,341.5590906660598,316.28159984382546,554.6445708752724,278.27239668840474,911.6,19.377641899511065,322.18144876654867,0.003991846856369223,0.19330364960124002,0.8027045035423908,1891,6.713379164463247,0.09174362770621405,0.19606999903771677,0.049372384937238493
optimal@5s/λ=1.0,2,300,3002,2301,0.7664890073284477,0.2335109926715523,0.019320453031312457,0.21419053964023985,364.13135854470244,335.97476290382656,589.5186801638047,287.28054571045976,920.4,22.904616650654866,341.2267418940476,0.0032740039679499205,0.20913400213821684,0.7875919938938332,1968,8.021849593495935,0.07784247966947447,0.13213200083555418,0.05592192033764178
optimal@5s/λ=1.0,3,300,2945,2263,0.7684210526315789,0.23157894736842105,0.01799660441426146,0.2135823429541596,367.54668423382054,336.97146305552997,597.3538534655866,290.5123595568579,905.2,29.216166256903534,338.330517976917,0.002546349510085157,0.20061275830231637,0.7968408921875983,1940,9.45103092783505,0.07845046392006778,0.1341929994487144,0.04776119402985075
optimal@5s/λ=1.0,4,300,2902,2218,0.7643004824259132,0.23569951757408683,0.0,0.23569951757408683,354.6376653987912,324.0903898323395,584.4581878287618,273.6906649681624,887.2,7.810506906656934,346.8271584921343,0.003251821906297738,0.20984311714116963,0.7869050609525325,1950,3.6107692307692307,0.07504466665126622,0.11535099976754282,0.051630434782608696
optimal@5s/λ=1.0,5,300,3099,2357,0.760567925137141,0.23943207486285897,0.09809616005162956,0.14133591481122942,404.11265100182675,374.0625625713774,630.7481266960141,334.49528499230456,942.8,89.55023980822564,314.56241119360106,0.00026082015647620546,0.17645883254411487,0.8232803472994089,1813,26.681742967457254,0.0926263651160558,0.18372799997450717,0.05153203342618384
optimal@5s/λ=1.0,6,300,2974,2242,0.753866845998655,0.246133154001345,0.00941492938802959,0.2367182246133154,370.4030957885055,344.4597987494508,610.2734810679381,284.97383388258487,896.8,17.08753752268663,353.31555826581877,0.0020389750839757237,0.21216393562847405,0.7857970892875502,1896,6.3238396624472575,0.07715738396240616,0.12671500062424457,0.045785079450579046
optimal@5s/λ=1.0,7,300,2943,2245,0.7628270472307169,0.23717295276928305,0.0030581039755351682,0.2341148487937479,349.62549940649615,314.75597281266255,591.0459449973899,270.00685982600436,898.0,10.209272431832526,339.4162269746637,0.004762253458418368,0.20642883691345315,0.7888089096281284,1950,4.316923076923077,0.0792812307703664,0.13672200042492474,0.04887928706454226
optimal@5s/λ=1.0,0,350,2956,2745,0.9286197564276049,0.07138024357239513,0.0,0.07138024357239513,238.35511197501128,214.7433184137344,411.56454034770013,221.59769581072237,1098.0,2.9464017803039426,235.40871019470734,0.030837775275976358,0.15561168088176708,0.8135505438422566,1772,2.1783295711060946,0.08898323928691543,0.15586999948936853,0.04711900915455035
optimal@5s/λ=1.0,1,350,2855,2698,0.9450087565674256,0.05499124343257443,0.0,0.05499124343257443,217.974110549409,194.61413219495444,391.95448682996755,206.1411440240763,1079.2,2.7715440896641184,215.20256645974493,0.04562529553717989,0.14306559290864726,0.8113091115541728,1755,2.068945868945869,0.08602125356024419,0.14945999944757227,0.05160044150110375
optimal@5s/λ=1.0,2,350,3002,2717,0.9050632911392406,0.0949367088607595,0.0,0.0949367088607595,252.17061595739904,228.4876864452724,428.5929749361809,228.62020117777092,1086.8,2.8949486936729367,249.27566726372606,0.03610354126299943,0.16385588799759035,0.8000405707394103,1803,2.2190793122573487,0.08511264560358957,0.14898400026140746,0.0563051375194603
optimal@5s/λ=1.0,3,350,2945,2728,0.9263157894736842,0.07368421052631578,0.0,0.07368421052631578,230.36499746516338,206.1752453665763,407.15166342761455,213.68930390079638,1091.2,2.9008085857692185,227.46418887939416,0.03246275088111998,0.15137209350772277,0.8161651556111572,1789,2.1486864169927333,0.09749670208888853,0.20824799961701415,0.04835693294149078
optimal@5s/λ=1.0,4,350,2902,2726,0.9393521709166093,0.06064782908339077,0.0,0.06064782908339077,233.4556405957434,211.20409060652582,402.0768711194446,219.51208028146726,1090.4,2.837010817766684,230.6186297779767,0.02991300104715442,0.15311497696713713,0.8169720219857085,1768,2.1266968325791855,0.10227070134529163,0.18689900000026535,0.05240293239207168
optimal@5s/λ=1.0,5,350,3099,2675,0.8631816715069377,0.13681832849306227,0.0016134236850596966,0.13520490480800257,292.12831057898796,268.7302368902606,482.9197807733344,253.64907778298578,1070.0,5.857608061352767,286.2707025176352,0.013216487492926443,0.18145991234662673,0.8053236001604469,1828,3.3796498905908097,0.08371416846589962,0.14981899945269106,0.051446122344509855
optimal@5s/λ=1.0,6,350,2974,2693,0.9055144586415602,0.09448554135843981,0.0,0.09448554135843981,265.8450339508476,247.77352490844896,442.0909350679514,241.22942304731214,1077.2,3.338568507567017,262.50646544328055,0.0239750406560056,0.16935259905420202,0.8066723602897924,1801,2.3309272626318713,0.10327345920044358,0.17349999870930333,0.05203079373506769
optimal@5s/λ=1.0,7,350,2943,2718,0.9235474006116208,0.0764525993883792,0.0,0.0764525993883792,233.09743689328565,209.8133518472746,409.7832547123393,215.5417089332808,1087.2,2.7750668639273512,230.3223700293583,0.035784261962147616,0.15400841474943117,0.8102073232884212,1793,2.1026213050752927,0.10521611820359904,0.2218240007641725,0.049273021001615507
optimal@5s/λ=1.0,0,400,2956,2929,0.9908660351826793,0.009133964817320704,0.0,0.009133964817320704,136.95534285961457,118.70989577807813,250.87324275322678,135.72575081626204,1171.6,2.7663909713090513,134.18895188830555,0.1464209111744521,0.09301089937365814,0.7605681894518896,1762,2.122587968217934,0.0918673666104606,0.14833399958661167,0.052983676746052984
optimal@5s/λ=1.0,1,400,2855,2834,0.9926444833625219,0.007355516637478109,0.0,0.007355516637478109,131.25950710087332,115.55353299935132,240.96988020898985,130.3241925254829,1133.6,2.7612263034464806,128.49828079742684,0.16295184779376515,0.08668280955139819,0.7503653426548367,1762,2.059023836549376,0.09479046536246773,0.15583100006551795,0.052646085997794925
optimal@5s/λ=1.0,2,400,3002,2919,0.9723517654896735,0.02764823451032645,0.0,0.02764823451032645,159.0484264272116,138.7292644325844,295.6489597445204,154.7508783522157,1167.6,2.71876529900778,156.32966112820384,0.1417874527969725,0.10432930187574653,0.753883245327281,1766,2.163646659116648,0.0899501132738134,0.14591000017389882,0.04490546218487395
optimal@5s/λ=1.0,3,400,2945,2930,0.9949066213921901,0.0050933786078098476,0.0,0.0050933786078098476,135.2980294489181,121.46217258921706,244.98156168948566,134.62333016650427,1172.0,2.8772053480658553,132.42082410085226,0.14047142900664217,0.09197542937573494,0.7675531416176229,1788,2.115212527964206,0.106784675611703,0.21736000131568264,0.05817028027498678
optimal@5s/λ=1.0,4,400,2902,2853,0.9831150930392832,0.016884906960716747,0.0,0.016884906960716747,139.10885073742725,118.64283370105204,264.9311567461258,136.82396264637947,1141.2,2.743457327774347,136.3653934096529,0.1549832191670096,0.09223080288576306,0.7527859779472272,1762,2.0856980703745744,0.09049358681384198,0.14692899909277898,0.04540481400437637
optimal@5s/λ=1.0,5,400,3099,3019,0.9741852210390448,0.025814778960955145,0.0,0.025814778960955145,179.90062445173695,162.99012846721644,322.79044164273836,175.33853198926795,1207.6,2.7721166482856257,177.1285078034513,0.08507162009685532,0.1186981288803535,0.7962302510227912,1804,2.1773835920177382,0.09044589801094102,0.14959700041799806,0.05210727969348659
optimal@5s/λ=1.0,6,400,2974,2935,0.9868863483523873,0.013113651647612643,0.0,0.013113651647612643,160.0737451262585,143.33937754977796,283.3610398381699,158.01535533981854,1174.0,2.8143672466440455,157.25937787961448,0.12504179731102286,0.10506386926455984,0.7698943334244174,1771,2.127046866177301,0.09011620551499973,0.1488599995354887,0.05203079373506769
optimal@5s/λ=1.0,7,400,2943,2911,0.9891267414203194,0.010873258579680599,0.0,0.010873258579680599,135.041501514276,120.23024927359347,241.65927511721384,133.61653160567107,1164.4,2.7758179468969852,132.26568356737906,0.14055427851863872,0.09174554652602497,0.7677001749553364,1787,2.097369893676553,0.09075008391559956,0.16228399996180015,0.05789754535752401
optimal@5s/λ=1.0,0,450,2956,2932,0.9918809201623816,0.008119079837618403,0.0,0.008119079837618403,110.2687255355861,88.48457810362834,218.58740605306122,109.39526915795487,1172.8,2.7426217501526335,107.52610378543348,0.25243599608161016,0.06961538110878736,0.6779486228096026,1763,2.1140102098695404,0.10236080545409804,0.15684200010582502,0.05044271532063322
optimal@5s/λ=1.0,1,450,2855,2851,0.998598949211909,0.0014010507880910684,0.0,0.0014010507880910684,102.5936642890861,89.07482618991526,193.59790322857043,102.45535052536707,1140.4,2.760769210314808,99.8328950787713,0.264576681913298,0.06293168038053379,0.6724916377061683,1750,2.0674285714285716,0.09785491428400357,0.1732620000620954,0.05002763957987839
optimal@5s/λ=1.0,2,450,3002,2963,0.9870086608927382,0.012991339107261825,0.0,0.012991339107261825,129.03333379185884,109.604712465994,251.78666990007082,127.40212289987994,1185.2,2.7507428484518024,126.28259094340707,0.2391078610470718,0.07896845252468196,0.6819236864282462,1789,2.150363331470095,0.09555645613287744,0.15703600045526397,0.05261786923678041
optimal@5s/λ=1.0,3,450,2945,2942,0.998981324278438,0.0010186757215619694,0.0,0.0010186757215619694,94.5656856700762,83.17921730736748,173.48685588520948,94.47219617005577,1176.8,2.832876358058477,91.73280931201774,0.2529529924368391,0.06087262637420564,0.6861743811889552,1808,2.0790929203539825,0.0959473451232558,0.14287200026956273,0.05240755520085129
optimal@5s/λ=1.0,4,450,2902,2880,0.9924190213645762,0.007580978635423846,0.0,0.007580978635423846,114.87349707492974,92.48042888820964,231.27132077459353,114.02402039444306,1152.0,2.6981377059643523,112.17535936896539,0.2542318138204682,0.06938033774283953,0.6763878484366923,1761,2.073253833049404,0.10189074385357873,0.18710000003920896,0.043573581803233764
optimal@5s/λ=1.0,5,450,3099,3086,0.9958050984188448,0.004194901581155212,0.0,0.004194901581155212,114.95961988750469,100.62737000832658,208.67868724687753,114.4908011029698,1234.4,2.737051176557941,112.22256871094675,0.19994067479854705,0.07487305995114041,0.7251862652503125,1789,2.184460592509782,0.09439323646389416,0.1654599997709732,0.05040941658137155
optimal@5s/λ=1.0,6,450,2974,2964,0.9966375252185609,0.0033624747814391394,0.0,0.0033624747814391394,118.12520476977139,103.70723423399522,214.11113855381305,117.73571128464341,1185.6,2.798074993598085,115.32712977617331,0.23378752862235908,0.07329883179310696,0.6929136395845339,1781,2.112857944974733,0.09871577764694932,0.17376000032527378,0.05102311985118257
optimal@5s/λ=1.0,7,450,2943,2936,0.9976214746856948,0.002378525314305131,0.0,0.002378525314305131,97.69640772449921,85.50411779651063,174.35028467952088,97.4746104488174,1174.4,2.7169353471081763,94.97947237739102,0.24868269441808094,0.06297913984461267,0.6883381657373063,1780,2.0848314606741574,0.1106792696600167,0.20098400018469004,0.04850444624090541
optimal@10s/λ=0.0,0,250,2956,2112,0.7144790257104194,0.2855209742895805,0.2256427604871448,0.05987821380243572,360.15576216518184,329.3083469997291,549.5419184214602,318.5703488501422,844.8,104.72147625491864,255.4342859102632,1.4038674843046465e-05,0.13526263447896078,0.8647233268461962,1021,39.187071498530855,0.10728844274418638,0.17176000001200004,0.042631755622692176
optimal@10s/λ=0.0,1,250,2855,2063,0.7225919439579684,0.2774080560420315,0.20945709281961472,0.06795096322241681,363.8140254332967,333.8431510916307,558.8002799484926,322.8319936964446,825.2,99.84409338417842,263.9699320491183,5.963172002806014e-05,0.14106221721855858,0.8588781510614134,1030,37.1495145631068,0.1055832038828069,0.176374999118707,0.04613297150610583
optimal@10s/λ=0.0,2,250,3002,2116,0.7048634243837442,0.29513657561625584,0.23684210526315788,0.058294470353097934,363.58942885717335,335.6336537136367,554.050008112224,321.9871827405316,846.4,107.59126392717391,255.9981649299994,0.0,0.13546880242591083,0.8645311975740891,1041,41.0268972142171,0.11992901059429632,0.17318000027444153,0.05060398302317989
optimal@10s/λ=0.0,3,250,2945,2069,0.702546689303905,0.2974533106960951,0.24753820033955856,0.0499151103565365,363.2653227138459,337.28641976279414,550.4765986404426,322.19744021875607,827.6,109.98960511993839,253.27571759390753,2.210237906644276e-07,0.12505965133899644,0.8749401276372128,1038,42.10789980732177,0.1111143545302934,0.18580199970528882,0.0550118123523456
optimal@10s/λ=0.0,4,250,2902,2089,0.7198483804272915,0.28015161957270845,0.23121984838042728,0.04893177119228118,355.3654042405738,331.2360862954338,539.1475078203272,321.28179292689765,835.6,101.5492327679806,253.81617147259325,2.8699353181523392e-05,0.13096221357452797,0.8690090870722905,1025,38.673170731707316,0.10594536584593277,0.18748800124740225,0.05525606469002695
optimal@10s/λ=0.0,5,250,3099,2088,0.6737657308809293,0.32623426911907066,0.28234914488544693,0.04388512423362375,364.44987606286395,333.1646826576671,567.0793759040287,324.6105931951995,835.2,118.25643854018742,246.19343752267656,0.0,0.11934625956386713,0.8806537404361329,1021,48.69637610186092,0.11593516164410943,0.1974199989490441,0.04892234006158057
optimal@10s/λ=0.0,6,250,2974,2050,0.6893073301950235,0.31069266980497645,0.22898453261600538,0.08170813718897109,371.2742329621205,339.304027337525,567.0409006684212,320.4954623577873,820.0,104.40366210240443,266.8705708597161,0.00017620393907370817,0.13982920493767267,0.8599945911232536,1028,41.23929961089494,0.10874542799559835,0.20447900073122588,0.0468013468013468
optimal@10s/λ=0.0,7,250,2943,2068,0.7026843357118586,0.2973156642881414,0.23547400611620795,0.0618416581719334,360.6355663176188,334.0961406582327,551.3536660965298,320.2149528379763,827.2,103.92841839536648,256.7071479222523,0.0,0.13272465565032937,0.8672753443496707,1042,39.230326295585414,0.1074838771610704,0.19024599961994604,0.04611242006058566
optimal@10s/λ=0.0,0,300,2956,2372,0.8024357239512855,0.1975642760487145,0.054465493910690124,0.14309878213802435,355.5801790049203,322.17348160752476,572.7282769581177,301.1141461975666,948.8,45.00310932948309,310.5770696754372,0.0017012532916066967,0.18460740782634447,0.8136913388820489,1059,15.548630783758263,0.09624796980714168,0.14582199870346843,0.05298570227081581
optimal@10s/λ=0.0,1,300,2855,2328,0.8154115586690017,0.18458844133099825,0.023117338003502626,0.16147110332749562,338.9469515037053,308.1092149817898,545.7917762588924,285.9293546228368,931.2,30.790330913088226,308.156620590617,0.002781486770971486,0.18557567533142091,0.8116428378976076,1065,10.997183098591549,0.09379539904654673,0.16704400062735605,0.05257239246556086
optimal@10s/λ=0.0,2,300,3002,2347,0.7818121252498335,0.21818787475016654,0.04863424383744171,0.16955363091272485,355.51257711777146,330.3313726194492,570.7355449875581,293.3544755252623,938.8,33.77257750002594,321.7399996177456,0.0022130092144533003,0.19238950945018132,0.8053974813353653,1056,13.375946969696969,0.10498304924098964,0.16663500018694322,0.051630434782608696
optimal@10s/λ=0.0,3,300,2945,2308,0.7837011884550085,0.2162988115449915,0.046179966044142616,0.1701188455008489,366.5580633440783,339.22636883014366,585.1752000845387,302.75964070175826,923.2,37.48915436058731,329.068908983491,0.0013740519876808451,0.1926275631494148,0.8059983848629043,1061,13.941564561734213,0.09343364746508415,0.1452399999834597,0.053852526926263466
optimal@10s/λ=0.0,4,300,2902,2286,0.7877325982081324,0.21226740179186768,0.015506547208821502,0.19676085458304618,361.0421084732754,337.28357527741036,573.432536458477,292.86309083404166,914.4,25.084528652762366,335.957579820513,0.0007260684148836265,0.19849420930956785,0.8007797222755485,1061,9.493873704052781,0.08805362867123626,0.1458000002457996,0.05044101433296582
optimal@10s/λ=0.0,5,300,3099,2372,0.7654081961923201,0.2345918038076799,0.1074540174249758,0.1271377863827041,367.1687232123184,337.31400000989834,566.3525271896103,312.3286541906347,948.8,68.8908895067297,298.27783370558865,0.00016379689743707972,0.16661215400939394,0.8332240490931689,1051,25.893434823977163,0.10709029496905503,0.15250000069499947,0.048986486486486486
optimal@10s/λ=0.0,6,300,2974,2290,0.7700067249495629,0.22999327505043712,0.04270342972427707,0.18728984532616005,367.8779465911696,337.7665716748679,584.7664021476321,299.10551157481063,916.0,38.04007164240231,329.83787494876725,0.0021682903268065313,0.193796910221208,0.8040347994519854,1070,14.04392523364486,0.0896754205450209,0.13913399978264343,0.04466019417475728
optimal@10s/λ=0.0,7,300,2943,2317,0.7872918790349983,0.2127081209650017,0.039755351681957186,0.1729527692830445,342.2921626014456,313.6135921353407,562.4532832588803,283.62393941019167,926.8,35.88407408439863,306.40808851704696,0.003875679628080237,0.18013576737122228,0.8159885530006975,1067,13.341143392689785,0.09110243677851125,0.1471159989887381,0.05087572977481234
optimal@10s/λ=0.0,0,350,2956,2777,0.9394451962110961,0.060554803788903926,0.0,0.060554803788903926,237.6582371221921,217.98081238817758,397.40097245791367,223.7420914420186,1110.8,5.545978220289555,232.1122589019025,0.027748441606781048,0.15458256855193897,0.81766898984128,1044,3.6015325670498086,0.09023936778680851,0.14767099926757507,0.042737354611847446
optimal@10s/λ=0.0,1,350,2855,2702,0.9464098073555166,0.053590192644483364,0.0,0.053590192644483364,216.65238933333896,195.0808214591366,378.35386431189477,205.36153369661812,1080.8,5.543678443813134,211.1087108895258,0.04495952571463775,0.14035607648034212,0.8146843978050202,1041,3.4956772334293946,0.09260576370986998,0.15357999982370485,0.052123552123552123
optimal@10s/λ=0.0,2,350,3002,2716,0.90473017988008,0.09526982011992005,0.0,0.09526982011992005,257.1891457419739,232.6021620287238,439.47080551691397,233.49257029962112,1086.4,5.672636147224923,251.51650959474895,0.03322043663216996,0.16367412827121536,0.8031054350966147,1048,3.7938931297709924,0.10118225188432374,0.1624919998175754,0.046407970634504456
optimal@10s/λ=0.0,3,350,2945,2725,0.9252971137521222,0.07470288624787776,0.0,0.07470288624787776,233.28014828950256,208.33552544357644,407.0213615545951,216.41811315242867,1090.0,5.798074708201869,227.4820735813007,0.03139179034039064,0.1509879982062487,0.8176202114533606,1044,3.6848659003831417,0.09777787356449302,0.16586899986577908,0.04937283159861222
optimal@10s/λ=0.0,4,350,2902,2738,0.943487250172295,0.05651274982770503,0.0,0.05651274982770503,239.674575074209,217.888218488878,411.76815672997895,226.58025353850286,1095.2,5.792827971695561,233.88174710251346,0.025997741446264825,0.1556215974337526,0.8183806611199826,1046,3.6166347992351815,0.09987017207515887,0.20326000058048435,0.04904632152588556
optimal@10s/λ=0.0,5,350,3099,2671,0.8618909325588899,0.13810906744111004,0.007099064214262665,0.13101000322684736,303.9335947864223,279.006379949089,498.4277425937689,265.39299020819055,1068.4,12.030878161216872,291.90271662520547,0.0121435676851373,0.18300373497187433,0.8048526973429884,1060,6.077358490566038,0.1085355660438407,0.2540880002925411,0.0497166409067491
optimal@10s/λ=0.0,6,350,2974,2695,0.9061869535978481,0.09381304640215199,0.0,0.09381304640215199,264.45599196609686,242.9177667982376,441.8808671084625,240.25622468848928,1078.0,5.9566897324734445,258.4993022336235,0.027370007771550537,0.16622406906269854,0.806405923165751,1046,3.7304015296367115,0.09609005733869033,0.21030999951108087,0.05328738069989396
optimal@10s/λ=0.0,7,350,2943,2713,0.9218484539585458,0.0781515460414543,0.0,0.0781515460414543,229.93275958158483,212.87990911158522,396.9991992398992,212.46866904990273,1085.2,5.582503273802273,224.3502563077826,0.03961200637558039,0.15003666884080497,0.8103513247836146,1047,3.5902578796561606,0.09350697229642863,0.17003799999656605,0.04490127130105491
optimal@10s/λ=0.0,0,400,2956,2923,0.9888362652232747,0.011163734776725304,0.0,0.011163734776725304,140.3420436706818,124.89185338314746,253.24561795890074,138.84918718980188,1169.2,5.531124067181726,134.81091960350005,0.14774578262050347,0.09276114999560117,0.7594930673838954,1042,3.5854126679462572,0.10465930901316024,0.20098600067285544,0.052730192719486084
optimal@10s/λ=0.0,1,400,2855,2839,0.9943957968476357,0.005604203152364273,0.0,0.005604203152364273,136.6522278903638,119.47925243240479,254.89042374270122,135.92952932298218,1135.6,5.4872527805476405,131.16497510981614,0.1611685217524262,0.08801469580892993,0.7508167824386439,1043,3.4688398849472675,0.10299213805891888,0.2023760004158232,0.05002763957987839
optimal@10s/λ=0.0,2,400,3002,2920,0.9726848767488341,0.02731512325116589,0.0,0.02731512325116589,162.73648961820072,143.12599443316003,302.12312935619167,158.4347125613091,1168.0,5.54294471103449,157.19354490716623,0.14127009013421526,0.10452911284125659,0.7542007970245281,1051,3.6460513796384397,0.10560066605672264,0.18865000038204016,0.050887265135699376
optimal@10s/λ=0.0,3,400,2945,2925,0.9932088285229203,0.006791171477079796,0.0,0.006791171477079796,135.5962765949889,121.19765528789048,243.96463939628717,134.72485733668384,1170.0,5.578494669629618,130.01778192535926,0.14247233460687303,0.09042775436913983,0.7670999110239871,1041,3.6032660902977907,0.10127185401568228,0.15818000028957602,0.050386563583044525
optimal@10s/λ=0.0,4,400,2902,2853,0.9831150930392832,0.016884906960716747,0.0,0.016884906960716747,142.63313277421548,122.59007541736173,267.8068507564709,140.34696331618025,1141.2,5.518090593527925,137.11504218068757,0.1544526790837902,0.09252815655422812,0.7530191643619817,1040,3.520192307692308,0.10084961540122514,0.17340099981083726,0.04488232074438971
optimal@10s/λ=0.0,5,400,3099,3031,0.9780574378831881,0.021942562116811875,0.0,0.021942562116811875,181.703687610523,166.38979293015836,323.6003630066034,177.84156567332766,1212.4,5.589248004610501,176.11443960591245,0.08314952586647052,0.11904782824812633,0.7978026458854032,1054,3.7229601518026567,0.10164212523465033,0.18727499960732535,0.05065234075211052
optimal@10s/λ=0.0,6,400,2974,2927,0.984196368527236,0.015803631472763955,0.0,0.015803631472763955,161.1203912416939,144.98534979635224,285.8318429601426,158.6744581089326,1170.8,5.537389631849813,155.58300160984413,0.12760946666281153,0.10333429745437815,0.7690562358828104,1042,3.6065259117082533,0.10102715925886112,0.16538999996555495,0.04976051091005854
optimal@10s/λ=0.0,7,400,2943,2912,0.9894665307509344,0.010533469249065579,0.0,0.010533469249065579,139.72517922724427,126.41052634497782,246.2823992484738,138.30862194219057,1164.8,5.563356862883934,134.16182236436035,0.14034083180883694,0.0923018113085971,0.7673573568825659,1050,3.558095238095238,0.10250657142543267,0.1921030007906665,0.05487152034261242
optimal@10s/λ=0.0,0,450,2956,2932,0.9918809201623816,0.008119079837618403,0.0,0.008119079837618403,115.79326764200201,93.89969434656268,226.93230854350344,114.90165448509798,1172.8,5.478325170676673,110.31494247132537,0.2508032893617178,0.07068224670653991,0.6785144639317423,1044,3.5584291187739465,0.11062547891088306,0.20519300102023377,0.04737550471063257
optimal@10s/λ=0.0,1,450,2855,2850,0.9982486865148862,0.0017513134851138354,0.0,0.0017513134851138354,104.80142931656299,91.89750258731169,194.86342377405998,104.6226888993024,1140.0,5.532539868435838,99.26888944812715,0.2660018687302874,0.06246138491775028,0.6715367463519624,1043,3.4717162032598274,0.11221706613019916,0.20100199959415463,0.0508146920740127
optimal@10s/λ=0.0,2,450,3002,2966,0.9880079946702198,0.011992005329780146,0.0,0.011992005329780146,128.5938951792623,108.44817091703726,249.99099803353374,127.12489762661767,1186.4,5.585437089248216,123.00845809001407,0.23842490556461404,0.07724013342120041,0.6843349610141856,1048,3.6841603053435112,0.11743444654101262,0.18128899948351315,0.05752785695776108
optimal@10s/λ=0.0,3,450,2945,2942,0.998981324278438,0.0010186757215619694,0.0,0.0010186757215619694,97.0087986750405,85.95292692241287,179.66589200989168,96.9196802214515,1176.8,5.596233913885951,91.41256476115454,0.2525602219255897,0.060709028014006246,0.6867307500604041,1045,3.594258373205742,0.10920564590809304,0.17825200047809622,0.0516506922257721
optimal@10s/λ=0.0,4,450,2902,2880,0.9924190213645762,0.007580978635423846,0.0,0.007580978635423846,117.3960174563082,95.42462855655594,231.06029178094232,116.5486183523862,1152.0,5.501427783887568,111.89458967242062,0.25436900716987704,0.06928269199703652,0.6763483008330864,1039,3.521655437921078,0.11597670832031727,0.23217599977215178,0.046187482918830285
optimal@10s/λ=0.0,5,450,3099,3082,0.994514359470797,0.005485640529202969,0.0,0.005485640529202969,117.47873064074379,102.79098569471807,212.28439428455587,116.86342878642274,1232.8,5.460034912968863,112.01869572777494,0.2013440156727324,0.07436812767057283,0.7242878566566948,1052,3.699619771863118,0.11540133077117047,0.2833470000950912,0.046505652620760535
optimal@10s/λ=0.0,6,450,2974,2965,0.9969737726967047,0.003026227303295225,0.0,0.003026227303295225,118.47771568697513,105.35221815682326,214.4310175977971,118.13997423193902,1186.0,5.505745817890892,112.97196986908423,0.23406753583326592,0.07229216172610857,0.6936403024406255,1042,3.602687140115163,0.1113853166948336,0.2592020007068626,0.0487480021310602
optimal@10s/λ=0.0,7,450,2943,2938,0.9983010533469249,0.0016989466530750934,0.0,0.0016989466530750934,101.33189501056238,88.6864336465917,178.08358642475554,101.16809968002055,1175.2,5.513423360647136,95.81847164991521,0.2482009252993788,0.06323731269050646,0.6885617620101148,1051,3.544243577545195,0.109383729786463,0.1998999996430939,0.052080536912751677
optimal@10s/λ=1.0,0,250,2956,2098,0.709742895805142,0.2902571041948579,0.2428958051420839,0.04736129905277402,425.34187448305096,407.55276742571914,621.2314034974651,357.8520523964425,839.2,160.01121778517677,265.3306566978742,0.0,0.1427561158882107,0.8572438841117893,1032,48.01453488372093,0.11701608524381582,0.2279650002492412,0.04874746106973595
optimal@10s/λ=1.0,1,250,2855,2066,0.7236427320490367,0.2763572679509632,0.2192644483362522,0.057092819614711035,418.3666605456306,398.24728097600473,612.9761047178353,356.4788414599536,826.4,152.31501550512306,266.0516450405076,1.249917264700505e-05,0.14186239149777782,0.8581251093295752,1030,45.47281553398058,0.11418213590747028,0.1952959996560824,0.05042589437819421
optimal@10s/λ=1.0,2,250,3002,2118,0.7055296469020653,0.29447035309793473,0.2504996668887408,0.04397068620919387,428.1404945511945,414.229894199108,615.5845532108992,362.19807670290396,847.2,168.63178307703265,259.5087114741618,0.0,0.13919543851699684,0.8608045614830032,1025,51.14731707317073,0.12342019509538305,0.2065359996049665,0.048029148724743294
optimal@10s/λ=1.0,3,250,2945,2026,0.6879456706281833,0.31205432937181665,0.26179966044142616,0.05025466893039049,431.60893625660407,415.7639417637479,618.4524171217827,358.5922685314027,810.4,167.98342637145348,263.6255098851507,0.0,0.1347031941582627,0.8652968058417373,1029,50.392614188532555,0.11694965984934667,0.19966400039265866,0.055858310626702996
optimal@10s/λ=1.0,4,250,2902,2058,0.7091660923501034,0.29083390764989664,0.228118538938663,0.06271536871123363,421.04972998532844,403.19947874491345,608.6862583190707,356.190021277359,823.2,158.20346546522637,262.8462645201021,0.0,0.1371106395531648,0.8628893604468353,1030,46.97572815533981,0.11190456313749908,0.18563299943707542,0.060626249167221855
optimal@10s/λ=1.0,5,250,3099,2055,0.6631171345595354,0.33688286544046464,0.29009357857373347,0.04678928686673121,440.55384409085684,423.3606292291479,635.6344133816631,361.61397878580755,822.0,179.84141368289878,260.7124304079581,0.0,0.13301900528734142,0.8669809947126585,1024,56.87890625,0.12193515624581153,0.23567099971842248,0.05
optimal@10s/λ=1.0,6,250,2974,2031,0.6829186281102891,0.3170813718897108,0.23604572965702758,0.08103564223268325,434.96642123896953,417.9138121032611,629.0782907692355,356.395903768183,812.4,158.69942542771514,276.26699581125433,0.0,0.14708087483128174,0.8529191251687183,1021,49.43878550440744,0.11598305583464134,0.2226800002972591,0.04957841483979764
optimal@10s/λ=1.0,7,250,2943,2045,0.6948691811077132,0.30513081889228677,0.24566768603465852,0.05946313285762827,424.3033720683582,405.7823793945954,617.7438151880996,354.76917492351413,818.0,155.9462441624535,268.3571279059047,0.0,0.14203377216802027,0.8579662278319797,1026,46.499025341130604,0.11291237816785689,0.20247499969627825,0.047505938242280284
optimal@10s/λ=1.0,0,300,2956,2393,0.8095399188092016,0.19046008119079838,0.05886332882273342,0.13159675236806495,376.0732772739113,350.3842978327284,581.4470154548136,321.5632887895778,957.2,69.75407900891645,306.31919826499495,0.0012835572635925678,0.17651302642576197,0.8222034163106455,1056,21.632575757575758,0.10008617423443755,0.18225000085294618,0.05211267605633803
optimal@10s/λ=1.0,1,300,2855,2300,0.8056042031523643,0.19439579684763572,0.013660245183887917,0.1807355516637478,348.5469776232463,318.97777587969404,565.3656726718903,288.697813022971,920.0,26.972130939422016,321.5748466838242,0.002566415330559862,0.19273022823225902,0.804703356437181,1059,9.749763928234183,0.09071633620899708,0.15063999966514544,0.05242610150585611
optimal@10s/λ=1.0,2,300,3002,2337,0.7784810126582279,0.22151898734177214,0.029313790806129246,0.1922051965356429,358.2214819829147,329.90755077223,570.4640729154563,289.9311784265303,934.8,37.39631086628408,320.82517111663066,0.0026727547417809768,0.19384393618804194,0.8034833090701772,1074,13.05586592178771,0.09120018622733414,0.15855899973757911,0.04674905964535196
optimal@10s/λ=1.0,3,300,2945,2315,0.7860780984719864,0.21392190152801357,0.04753820033955857,0.166383701188455,378.2976015016136,354.6570454729499,594.8445649666858,312.97429166150204,926.0,54.44357387191629,323.85402762969727,0.0011570234102181837,0.1871781126321486,0.8116648639576332,1064,17.513157894736842,0.10118862779303786,0.1995039991743376,0.0507628294036061
optimal@10s/λ=1.0,4,300,2902,2265,0.7804962095106823,0.2195037904893177,0.014128187456926258,0.20537560303239144,367.9495794727711,336.96742140933566,595.144465317849,295.3173497138391,906.0,27.531359274085794,340.4182201986853,0.0013763894411005185,0.20110589624749398,0.7975177143114055,1068,9.878277153558052,0.09304522472860056,0.17324900021776446,0.05090809025866813
optimal@10s/λ=1.0,5,300,3099,2365,0.7631494030332365,0.23685059696676347,0.10293643110680865,0.13391416585995483,393.80358683210824,371.88888196418884,597.1944208454864,327.43479936018514,946.0,87.0780260653884,306.72556076671987,0.00020026714368514208,0.17384673644411222,0.8259529964122027,1053,28.216524216524217,0.1079424501506083,0.20574799957103096,0.05383542538354254
optimal@10s/λ=1.0,6,300,2974,2298,0.7726967047747142,0.2273032952252858,0.02925353059852051,0.1980497646267653,372.67401297846675,347.3957914846151,595.8122752489172,299.0115847991082,919.2,38.72508129398719,333.9489316844796,0.001412263315105596,0.19880648433355597,0.7997812523513383,1069,12.960710944808232,0.08960233864328884,0.13923200058343338,0.050422458435541016
optimal@10s/λ=1.0,7,300,2943,2291,0.7784573564390078,0.22154264356099218,0.02310567448182127,0.1984369690791709,358.75910379682574,326.0405127812692,595.578079428974,289.03220618248673,916.4,33.877547512643574,324.8815562841822,0.0025865749813924186,0.19228779432843393,0.8051256306901736,1066,11.578799249530956,0.11780422136279725,0.3270900006100394,0.04653083700440529
optimal@10s/λ=1.0,0,350,2956,2773,0.9380920162381596,0.06190798376184033,0.0,0.06190798376184033,236.40904788455182,216.7407011024461,394.3131071815107,222.23016782943853,1109.2,5.609734227214413,230.7993136573374,0.028280924992208294,0.1537962796997209,0.8179227953080709,1043,3.6145733461169702,0.10539405558187195,0.17072200062102633,0.04299621416982152
optimal@10s/λ=1.0,1,350,2855,2702,0.9464098073555166,0.053590192644483364,0.0,0.053590192644483364,216.65238933333896,195.0808214591366,378.35386431189477,205.36153369661812,1080.8,5.543678443813134,211.1087108895258,0.04495952571463775,0.14035607648034212,0.8146843978050202,1041,3.4956772334293946,0.11186263207676939,0.2353400002903059,0.052123552123552123
optimal@10s/λ=1.0,2,350,3002,2712,0.9033977348434377,0.0966022651565623,0.0,0.0966022651565623,261.72799508172244,239.90501356083905,440.5302966849013,237.16586582847927,1084.8,5.752304360125709,255.97569072159678,0.0318719490331393,0.16721613904345256,0.8009119119234082,1048,3.7872137404580153,0.12687022899626754,0.2550490004432503,0.04490546218487395
optimal@10s/λ=1.0,3,350,2945,2725,0.9252971137521222,0.07470288624787776,0.0,0.07470288624787776,233.28014828950256,208.33552544357644,407.0213615545951,216.41811315242867,1090.0,5.798074708201869,227.4820735813007,0.03139179034039064,0.1509879982062487,0.8176202114533606,1044,3.6848659003831417,0.09385938695360675,0.18150700048863622,0.04937283159861222
optimal@10s/λ=1.0,4,350,2902,2732,0.9414197105444521,0.0585802894555479,0.0,0.0585802894555479,236.1227652734572,211.8391457330556,411.41040196393794,222.75549663097738,1092.8,5.885291254041746,230.2374740194154,0.028878575406347605,0.15352488115858268,0.8175965434350697,1044,3.6484674329501914,0.09267499998717386,0.1595700012694578,0.05266015200868621
optimal@10s/λ=1.0,5,350,3099,2681,0.8651177799290094,0.13488222007099065,0.005485640529202969,0.12939657954178768,291.1059064361941,264.3942368616499,480.3644393191762,255.1491149124244,1072.4,11.157022402292732,279.9488840339014,0.013821303867481129,0.17708829015011052,0.8090904059824083,1060,5.831132075471698,0.09764594339153604,0.14509700095004532,0.04818345787168256
optimal@10s/λ=1.0,6,350,2974,2694,0.9058507061197041,0.0941492938802959,0.0,0.0941492938802959,264.8778124749223,243.003574081838,446.66898340211924,240.53754981310092,1077.6,5.953432207583604,258.9243802673387,0.027335504573372218,0.16652956078857406,0.8061349346380537,1045,3.7291866028708136,0.09301023923982164,0.1923280007758866,0.052533828601751126
optimal@10s/λ=1.0,7,350,2943,2713,0.9218484539585458,0.0781515460414543,0.0,0.0781515460414543,240.478766946311,223.83105850022594,413.5203286124259,222.16928753274414,1085.2,5.5907590001199186,234.88800794619107,0.035018021979874955,0.15480198324205163,0.8101799947780735,1048,3.5830152671755724,0.09336803434212536,0.17508300048575617,0.048760775862068964
optimal@10s/λ=1.0,0,400,2956,2923,0.9888362652232747,0.011163734776725304,0.0,0.011163734776725304,140.3420436706818,124.89185338314746,253.24561795890074,138.84918718980188,1169.2,5.531124067181726,134.81091960350005,0.14774578262050347,0.09276114999560117,0.7594930673838954,1042,3.5854126679462572,0.10612869482254665,0.18499900021197177,0.052730192719486084
optimal@10s/λ=1.0,1,400,2855,2839,0.9943957968476357,0.005604203152364273,0.0,0.005604203152364273,136.6522278903638,119.47925243240479,254.89042374270122,135.92952932298218,1135.6,5.4872527805476405,131.16497510981614,0.1611685217524262,0.08801469580892993,0.7508167824386439,1043,3.4688398849472675,0.10561658677441943,0.1688059998195967,0.05002763957987839
optimal@10s/λ=1.0,2,400,3002,2920,0.9726848767488341,0.02731512325116589,0.0,0.02731512325116589,162.73648961820072,143.12599443316003,302.12312935619167,158.4347125613091,1168.0,5.54294471103449,157.19354490716623,0.14127009013421526,0.10452911284125659,0.7542007970245281,1051,3.6460513796384397,0.10254519502848314,0.19880000036209822,0.050887265135699376
optimal@10s/λ=1.0,3,400,2945,2925,0.9932088285229203,0.006791171477079796,0.0,0.006791171477079796,135.5962765949889,121.19765528789048,243.96463939628717,134.72485733668384,1170.0,5.578494669629618,130.01778192535926,0.14247233460687303,0.09042775436913983,0.7670999110239871,1041,3.6032660902977907,0.10213141205727481,0.17218000029970368,0.050386563583044525
optimal@10s/λ=1.0,4,400,2902,2853,0.9831150930392832,0.016884906960716747,0.0,0.016884906960716747,142.63313277421548,122.59007541736173,267.8068507564709,140.34696331618025,1141.2,5.518090593527925,137.11504218068757,0.1544526790837902,0.09252815655422812,0.7530191643619817,1040,3.520192307692308,0.1052578846313806,0.17103200054407341,0.04488232074438971
optimal@10s/λ=1.0,5,400,3099,3031,0.9780574378831881,0.021942562116811875,0.0,0.021942562116811875,181.703687610523,166.38979293015836,323.6003630066034,177.84156567332766,1212.4,5.589248004610501,176.11443960591245,0.08314952586647052,0.11904782824812633,0.7978026458854032,1054,3.7229601518026567,0.10328472479545824,0.18662200009202942,0.05065234075211052
optimal@10s/λ=1.0,6,400,2974,2927,0.984196368527236,0.015803631472763955,0.0,0.015803631472763955,161.1203912416939,144.98534979635224,285.8318429601426,158.6744581089326,1170.8,5.537389631849813,155.58300160984413,0.12760946666281153,0.10333429745437815,0.7690562358828104,1042,3.6065259117082533,0.10827053743040588,0.19793600038610662,0.04976051091005854
optimal@10s/λ=1.0,7,400,2943,2912,0.9894665307509344,0.010533469249065579,0.0,0.010533469249065579,139.72517922724427,126.41052634497782,246.2823992484738,138.30862194219057,1164.8,5.563356862883934,134.16182236436035,0.14034083180883694,0.0923018113085971,0.7673573568825659,1050,3.558095238095238,0.10900523808058574,0.25636700111135724,0.05487152034261242
optimal@10s/λ=1.0,0,450,2956,2932,0.9918809201623816,0.008119079837618403,0.0,0.008119079837618403,115.79326764200201,93.89969434656268,226.93230854350344,114.90165448509798,1172.8,5.478325170676673,110.31494247132537,0.2508032893617178,0.07068224670653991,0.6785144639317423,1044,3.5584291187739465,0.1220916666532928,0.20151700035057676,0.04737550471063257
optimal@10s/λ=1.0,1,450,2855,2850,0.9982486865148862,0.0017513134851138354,0.0,0.0017513134851138354,104.80142931656299,91.89750258731169,194.86342377405998,104.6226888993024,1140.0,5.532539868435838,99.26888944812715,0.2660018687302874,0.06246138491775028,0.6715367463519624,1043,3.4717162032598274,0.12145436239987288,0.38692999925842425,0.0508146920740127
optimal@10s/λ=1.0,2,450,3002,2966,0.9880079946702198,0.011992005329780146,0.0,0.011992005329780146,128.5938951792623,108.44817091703726,249.99099803353374,127.12489762661767,1186.4,5.585437089248216,123.00845809001407,0.23842490556461404,0.07724013342120041,0.6843349610141856,1048,3.6841603053435112,0.115798854945918,0.2682920009829094,0.05752785695776108
optimal@10s/λ=1.0,3,450,2945,2942,0.998981324278438,0.0010186757215619694,0.0,0.0010186757215619694,97.0087986750405,85.95292692241287,179.66589200989168,96.9196802214515,1176.8,5.596233913885951,91.41256476115454,0.2525602219255897,0.060709028014006246,0.6867307500604041,1045,3.594258373205742,0.11259856460715977,0.21763599957921526,0.0516506922257721
optimal@10s/λ=1.0,4,450,2902,2880,0.9924190213645762,0.007580978635423846,0.0,0.007580978635423846,117.3960174563082,95.42462855655594,231.06029178094232,116.5486183523862,1152.0,5.501427783887568,111.89458967242062,0.25436900716987704,0.06928269199703652,0.6763483008330864,1039,3.521655437921078,0.10953599614421976,0.18060600054013706,0.046187482918830285
optimal@10s/λ=1.0,5,450,3099,3082,0.994514359470797,0.005485640529202969,0.0,0.005485640529202969,117.47873064074379,102.79098569471807,212.28439428455587,116.86342878642274,1232.8,5.460034912968863,112.01869572777494,0.2013440156727324,0.07436812767057283,0.7242878566566948,1052,3.699619771863118,0.1119181558659332,0.18483499963622307,0.046505652620760535
optimal@10s/λ=1.0,6,450,2974,2965,0.9969737726967047,0.003026227303295225,0.0,0.003026227303295225,118.47771568697513,105.35221815682326,214.4310175977971,118.13997423193902,1186.0,5.505745817890892,112.97196986908423,0.23406753583326592,0.07229216172610857,0.6936403024406255,1042,3.602687140115163,0.11417284073425588,0.1825770005234517,0.0487480021310602
optimal@10s/λ=1.0,7,450,2943,2938,0.9983010533469249,0.0016989466530750934,0.0,0.0016989466530750934,101.33189501056238,88.6864336465917,178.08358642475554,101.16809968002055,1175.2,5.513423360647136,95.81847164991521,0.2482009252993788,0.06323731269050646,0.6885617620101148,1051,3.544243577545195,0.11011941009041883,0.1784999994924874,0.052080536912751677
optimal@20s/λ=0.0,0,250,2956,2146,0.725981055480379,0.2740189445196211,0.2381596752368065,0.03585926928281461,348.1771351240094,316.691567998369,534.9072107076126,315.72240788248627,858.4,106.26666605065276,241.91046907335664,0.0,0.1271886716550781,0.8728113283449219,549,42.60109289617486,0.13043734064547918,0.2033800009667174,0.05313028764805414
optimal@20s/λ=0.0,1,250,2855,2058,0.7208406304728546,0.2791593695271454,0.2213660245183888,0.05779334500875657,354.15380848422205,324.77008765641494,543.2200752779188,318.799066384729,823.2,100.70649309777797,253.44731538644416,1.7886528773413576e-05,0.13322885271394494,0.8667532607572817,547,40.248628884826324,0.12847861056917853,0.20647399967856406,0.054035567715458276
optimal@20s/λ=0.0,2,250,3002,2133,0.7105263157894737,0.2894736842105263,0.25316455696202533,0.036309127248501,349.27126438810257,322.49606609161674,528.1277460642241,318.19461555181977,853.2,109.74962207315976,239.52164231494282,6.578364224696997e-07,0.12672288398842244,0.8732764581751551,547,44.9963436928702,0.13661700182501674,0.21163600067666255,0.04680708793045804
optimal@20s/λ=0.0,3,250,2945,2104,0.7144312393887946,0.28556876061120545,0.2614601018675722,0.024108658743633278,349.8971687205724,326.07429609049177,532.9908592701604,320.84757241627807,841.6,115.41905116748813,234.4781175530842,0.0,0.11468250818081256,0.8853174918191875,547,46.74405850091408,0.1345435100720318,0.22921799973118973,0.0543515651874785
optimal@20s/λ=0.0,4,250,2902,2099,0.7232942798070296,0.27670572019297035,0.24086836664369402,0.03583735354927636,348.36080003932005,320.81676945069285,531.8198162797862,318.15490022049056,839.6,109.496249471561,238.864550567759,0.0,0.12092374219939658,0.8790762578006034,549,42.74863387978142,0.12974863390009175,0.212312000512611,0.06054421768707483
optimal@20s/λ=0.0,5,250,3099,2109,0.68054211035818,0.3194578896418199,0.2891255243626976,0.030332365279122298,348.52308641397,319.0648672511261,549.8415107287396,317.85682560515374,843.6,115.9832466139982,232.5398397999718,3.3961672970328636e-05,0.11519921663683075,0.8847668216901989,545,51.361467889908255,0.14466788985757392,0.2816759993584127,0.05212288574387297
optimal@20s/λ=0.0,6,250,2974,2066,0.6946872898453261,0.3053127101546738,0.25453934095494285,0.050773369199731,353.56401801825405,323.6546395603564,542.5515618818704,314.1130578759587,826.4,101.21284264736511,252.35117537088897,3.129123076299341e-06,0.1330400853339376,0.8669567855429862,545,43.2091743119266,0.1346148623637118,0.2655959997355237,0.05134390075809786
optimal@20s/λ=0.0,7,250,2943,2087,0.709140332993544,0.290859667006456,0.24464831804281345,0.04621134896364254,352.19134221419733,322.3775561044713,534.7016139684569,317.23910255680903,834.8,104.91684247194954,247.2744997422478,1.3959910284357547e-05,0.13150773284774137,0.8684783072419743,548,42.003649635036496,0.1399927006959643,0.2310489995943498,0.052115059221658204
optimal@20s/λ=0.0,0,300,2956,2419,0.8183355886332883,0.18166441136671177,0.08288227334235454,0.09878213802435724,347.3522808913167,320.371774963628,533.7302149609452,308.61210322436307,967.6,62.353372254063956,284.9989086372527,0.0006140016328761951,0.16464599061361657,0.8347400077535072,545,24.06788990825688,0.1587502752120207,0.2559839990863102,0.05344827586206897
optimal@20s/λ=0.0,1,300,2855,2348,0.8224168126094571,0.1775831873905429,0.03957968476357268,0.13800350262697023,333.87770354145965,308.3318042164909,534.6689191817693,287.9535238103674,939.2,39.73757730278507,294.14012623867455,0.0029911735567294487,0.17567845741452198,0.8213303690287487,543,15.863720073664824,0.12230460403668678,0.2502359993741267,0.04786471768415019
optimal@20s/λ=0.0,2,300,3002,2397,0.7984676882078614,0.20153231179213857,0.08227848101265822,0.11925383077948035,351.9335217348494,324.79018258479755,551.3770561303044,306.74384939155095,958.8,56.3021800140359,295.63134172081357,0.00134447197221114,0.1733069486980197,0.8253485793297691,546,23.267399267399266,0.13730732601725187,0.21799500036649946,0.05335195530726257
optimal@20s/λ=0.0,3,300,2945,2401,0.8152801358234295,0.18471986417657046,0.09202037351443124,0.09269949066213921,343.9754549118377,316.59389048900357,534.8300305006478,306.75730346062176,960.4,64.26372857106118,279.7117263407765,0.0014016135453555874,0.1579431990915543,0.8406551873630901,543,25.044198895027623,0.11819723755992524,0.20598399940354303,0.05376653248993674
optimal@20s/λ=0.0,4,300,2902,2347,0.8087525844245348,0.1912474155754652,0.055823569951757405,0.1354238456237078,354.9532762665921,326.99459464322535,562.6657759776834,305.8158184129697,938.8,48.73134282133366,306.2219334452584,0.000912332711479501,0.1777670589400733,0.8213206083484472,545,19.190825688073396,0.11642366969331014,0.19799199930275732,0.04968589377498572
optimal@20s/λ=0.0,5,300,3099,2431,0.7844465956760245,0.2155534043239755,0.15198451113262343,0.06356889319135205,351.7063641028342,323.2473680143212,542.9338172784046,316.8612768770454,972.4,83.67230531853887,268.0340587842953,0.00010063899317840105,0.14550000172770924,0.8543993592791125,544,34.362132352941174,0.13553455884488463,0.23195399984615567,0.04938271604938271
optimal@20s/λ=0.0,6,300,2974,2364,0.7948890383322125,0.2051109616677875,0.07431069266980497,0.13080026899798253,348.63196835289,316.9253977296671,554.9717488065409,299.5361464069809,945.6,56.3097190154962,292.32224933739377,0.0010689518893087046,0.16882013134719667,0.8301109167634946,545,22.11376146788991,0.12668458720652595,0.1830360001622466,0.046723646723646726
optimal@20s/λ=0.0,7,300,2943,2367,0.8042813455657493,0.19571865443425077,0.07203533809038397,0.1236833163438668,340.04864619306943,309.59955361772654,536.4388075240344,294.9090583471602,946.8,52.64833305818425,287.40031313488515,0.0027252182657245398,0.16788091076522252,0.8293938709690529,545,20.858715596330274,0.11191944952962339,0.1768640003865577,0.0451668584579977
optimal@20s/λ=0.0,0,350,2956,2755,0.9320027063599459,0.06799729364005412,0.0,0.06799729364005412,246.27955424781783,226.77411445212238,410.0756222332794,230.46678430061124,1102.0,11.134750233087074,235.14480401473077,0.028089826492511044,0.15543991113429814,0.8164702623731908,540,6.938888888888889,0.11215166667979146,0.1912609993451042,0.042737354611847446
optimal@20s/λ=0.0,1,350,2855,2709,0.9488616462346761,0.051138353765323996,0.0,0.051138353765323996,219.83365617648982,195.92350661525506,379.86401739342034,209.21095026071637,1083.6,11.186250818793523,208.64740535769627,0.04788181543370792,0.13823916494103194,0.8138790196252601,540,6.768518518518518,0.10611629634661733,0.2003390000390938,0.05186206896551724
optimal@20s/λ=0.0,2,350,3002,2742,0.9133910726182545,0.0866089273817455,0.0,0.0866089273817455,256.2552028011418,235.74008820964264,427.5677885449999,235.47018584223287,1096.8,12.168535434891455,244.08666736625037,0.03261331267434804,0.15971465076029853,0.8076720365653535,540,7.553703703703704,0.12271833337325477,0.17839099969933164,0.05360395524329951
optimal@20s/λ=0.0,3,350,2945,2748,0.933106960950764,0.06689303904923599,0.0,0.06689303904923599,229.90813199181758,208.1219997537114,395.22409391673136,215.39223263346574,1099.2,11.284612202626,218.62351978919156,0.03207341309708795,0.14501585418788787,0.8229107327150241,540,7.055555555555555,0.10734592587040323,0.18243200114739014,0.05139813581890812
optimal@20s/λ=0.0,4,350,2902,2731,0.9410751206064782,0.05892487939352171,0.0,0.05892487939352171,245.50067855322482,218.89225512210214,418.33201967544665,231.73798325124702,1092.4,11.185059661586068,234.31561889163876,0.02610480729480222,0.15401035082768338,0.8198848418775144,540,6.896296296296296,0.10414629632914849,0.1789419992383046,0.047748976807639835
optimal@20s/λ=0.0,5,350,3099,2701,0.8715714746692481,0.12842852533075186,0.013230074217489512,0.11519845111326234,299.388554664176,277.7594036307919,492.0501597449256,266.16842758181485,1080.4,21.645391979871583,277.7431626843045,0.011583271947958218,0.17356332734861438,0.8148534007034274,540,10.946296296296296,0.11181296295035281,0.22327300084725735,0.05387986594483114
optimal@20s/λ=0.0,6,350,2974,2693,0.9055144586415602,0.09448554135843981,0.0026899798251513113,0.0917955615332885,271.04467826932887,251.22440339855893,446.71174602594425,247.73623295303446,1077.2,14.417363009314638,256.6273152600142,0.02357093128217024,0.16284523056208622,0.8135838381557435,539,8.139146567717995,0.11496363638086285,0.24842199971317316,0.053400637619553666
optimal@20s/λ=0.0,7,350,2943,2715,0.9225280326197758,0.07747196738022426,0.0,0.07747196738022426,243.79584800045137,221.00771739246647,421.39228573663803,226.1007982093937,1086.0,11.59267986807712,232.20316813237426,0.03230207799525795,0.15350180737703928,0.8141961146277028,540,7.15,0.11213666668010303,0.19548399950508616,0.0515713134568896
optimal@20s/λ=0.0,0,400,2956,2924,0.9891745602165088,0.010825439783491205,0.0,0.010825439783491205,144.8244269323179,127.63853984958541,257.5557355545922,143.38733951821527,1169.6,11.11132970802901,133.71309722428887,0.14835338500349785,0.09200562485541246,0.7596409901410897,541,6.902033271719039,0.1304990757738385,0.2061800001683878,0.052222817354043924
optimal@20s/λ=0.0,1,400,2855,2831,0.9915936952714536,0.00840630472854641,0.0,0.00840630472854641,139.46384259889197,122.64455118309434,250.89445218712353,138.40044064224517,1132.4,11.084536292546558,128.37930630634543,0.16323307201633433,0.08629944255502796,0.7504674854286377,539,6.7309833024118735,0.13820630804482129,0.27577999971981637,0.052646085997794925
optimal@20s/λ=0.0,2,400,3002,2935,0.9776815456362425,0.022318454363757494,0.0,0.022318454363757494,169.74934689265297,149.13586622280127,309.7815497333358,166.2043163554606,1174.0,11.129414450074348,158.61993244257863,0.13716637177289143,0.10625156461227939,0.7565820636148292,540,7.138888888888889,0.11872074072151143,0.20858300056715975,0.056060212821178304
optimal@20s/λ=0.0,3,400,2945,2931,0.9952461799660441,0.004753820033955857,0.0,0.004753820033955857,139.990749305909,125.87407601112136,246.23819454564,139.3895552276398,1172.4,11.075857657822654,128.91489164808638,0.14188436309783267,0.08957349803183177,0.7685421388703356,539,6.990723562152134,0.12055844154745295,0.20556199910060968,0.05467091295116773
optimal@20s/λ=0.0,4,400,2902,2856,0.9841488628532047,0.015851137146795313,0.0,0.015851137146795313,149.20946297342252,126.58081159506764,280.62848974391545,147.0432848991538,1142.4,11.019007589917303,138.19045538350522,0.15285278305361674,0.09275615329621802,0.7543910636501652,541,6.818853974121996,0.12531035120373887,0.26543999883870223,0.0487871354592532
optimal@20s/λ=0.0,5,400,3099,3025,0.9761213294611165,0.023878670538883512,0.0,0.023878670538883512,187.7286507514413,171.83006443548038,330.0350425606604,183.51909244308797,1210.0,11.160874915075087,176.56777583636625,0.08436372944252218,0.1183593133903844,0.7972769571670933,541,7.238447319778189,0.1190792976047376,0.18268000058014883,0.05040941658137155
optimal@20s/λ=0.0,6,400,2974,2923,0.9828513786146604,0.01714862138533961,0.0,0.01714862138533961,165.80464527345117,150.29028586031973,296.16875938553693,163.16613029764721,1169.2,11.302531417395421,154.50211385605573,0.12964888747009587,0.10346410114531025,0.7668870113845939,538,7.0353159851301115,0.12112546465386136,0.2019270004893769,0.05653896961690885
optimal@20s/λ=0.0,7,400,2943,2912,0.9894665307509344,0.010533469249065579,0.0,0.010533469249065579,142.2361735144568,127.52644680463982,249.00764950562964,140.85740490522488,1164.8,11.061621665134252,131.1745518493225,0.1410621315024799,0.09052562455572145,0.7684122439417986,539,6.936920222634508,0.12276623375346761,0.198850000379025,0.05562984755282161
optimal@20s/λ=0.0,0,450,2956,2935,0.9928958051420839,0.007104194857916103,0.0,0.007104194857916103,116.24401614466083,97.08372509736046,218.81034673933243,115.50299015525165,1174.0,11.061406411475069,105.18260973318574,0.2524261266180493,0.0679760043554274,0.6795978690265233,540,6.890740740740741,0.13272981478722715,0.2176209995195678,0.04891158290782048
optimal@20s/λ=0.0,1,450,2855,2849,0.9978984238178634,0.0021015761821366026,0.0,0.0021015761821366026,110.221769578036,96.73500292200333,200.4766380429508,110.02722249398518,1139.6,11.051436710369586,99.17033286766642,0.26613209874218124,0.06243820474335163,0.6714296965144672,539,6.716141001855288,0.13379870134571883,0.2281020004738821,0.0505524861878453
optimal@20s/λ=0.0,2,450,3002,2967,0.9883411059293804,0.011658894070619586,0.0,0.011658894070619586,136.38112433960725,116.8451456161265,259.3952012447037,134.90210561265587,1186.8,10.846825361154776,125.53429897845248,0.23713595743179322,0.07826339585524032,0.6846006467129665,540,7.0851851851851855,0.14512296300179311,0.2208659995267226,0.04939884997386304
optimal@20s/λ=0.0,3,450,2945,2939,0.9979626485568761,0.0020373514431239388,0.0,0.0020373514431239388,102.46836590111954,91.40315174628813,181.4918230538075,102.29717543456752,1175.6,10.922775928358961,91.54558997276058,0.25363168796248026,0.060991749601985716,0.6853765624355341,539,6.957328385899815,0.14630909087299457,0.26936800084513385,0.050133333333333335
optimal@20s/λ=0.0,4,450,2902,2879,0.9920744314266023,0.007925568573397657,0.0,0.007925568573397657,123.86208502080216,102.34595805857316,237.62969441030802,122.97990336947932,1151.6,10.96176985019586,112.9003151706063,0.2540928800086309,0.06976231865925817,0.6761448013321109,541,6.818853974121996,0.13514898342496584,0.2190200000768528,0.05368763557483731
optimal@20s/λ=0.0,5,450,3099,3087,0.9961277831558567,0.003872216844143272,0.0,0.003872216844143272,124.35110894137527,111.04005634134,221.29363188708888,123.92566446710276,1234.8,11.161122350047235,113.18998659132804,0.19877748532312703,0.07526600345725738,0.7259565112196156,540,7.270370370370371,0.1378811111088133,0.2657449997241202,0.054763117677024964
optimal@20s/λ=0.0,6,450,2974,2964,0.9966375252185609,0.0033624747814391394,0.0,0.0033624747814391394,123.42617493794704,109.6881452460957,216.42583015802316,123.05873413229024,1185.6,11.027294166867671,112.39888077107936,0.23496453155626376,0.07183249448101744,0.6932029739627188,538,6.970260223048327,0.13337806685875603,0.20701499877759488,0.047733333333333336
optimal@20s/λ=0.0,7,450,2943,2940,0.9989806320081549,0.0010193679918450561,0.0,0.0010193679918450561,106.27426116535132,93.02628267702403,188.22526693357784,106.17238346311211,1176.0,10.844915287429766,95.42934587792156,0.24777475680577732,0.06311637569133534,0.6891088675028874,538,6.901486988847584,0.13731691448902322,0.28515300051367354,0.04901696741179639
optimal@20s/λ=1.0,0,250,2956,2123,0.7182002706359946,0.28179972936400544,0.2395128552097429,0.042286874154262515,416.9722422071914,401.8840679890818,602.1232680439321,354.5735715943242,849.2,166.51364346474867,250.4585987424428,2.3711525109548045e-05,0.13595000055426357,0.864026287920627,548,51.448905109489054,0.15412335764878238,0.34094100035872327,0.04874746106973595
optimal@20s/λ=1.0,1,250,2855,2051,0.7183887915936953,0.2816112084063047,0.2119089316987741,0.06970227670753065,414.62367503876004,395.5184002123415,617.6904901016196,349.8880159152673,820.4,148.43458113250423,266.1890939062559,8.401416928767948e-05,0.14481175627658346,0.8551042295541288,548,46.253649635036496,0.1325744524630837,0.22727800020220448,0.04949152542372881
optimal@20s/λ=1.0,2,250,3002,2112,0.703530979347102,0.29646902065289804,0.26015989340439705,0.036309127248501,423.1092795242533,402.89023311990195,611.6586513848424,358.3002148648902,844.8,171.55025088368834,251.55902864056495,0.0,0.13661220867132262,0.8633877913286774,547,53.81535648994515,0.14707751372302658,0.32507000065379305,0.04820890525610981
optimal@20s/λ=1.0,3,250,2945,2046,0.6947368421052632,0.30526315789473685,0.2641765704584041,0.04108658743633277,430.28814070028346,413.57420803107516,628.9889851268872,359.8115912643939,818.4,174.94367949038937,255.34446120989406,0.0,0.1322031402430803,0.8677968597569198,549,54.189435336976324,0.14176502734198865,0.23356800047622517,0.04832585433206766
optimal@20s/λ=1.0,4,250,2902,2064,0.7112336319779462,0.28876636802205374,0.2470709855272226,0.04169538249483115,415.04007777483207,402.0362680007988,598.171799021129,354.7719885332101,825.6,163.63938730206027,251.4006904727718,9.246523407515876e-07,0.1322732325890354,0.8677258427586239,550,50.841818181818184,0.13870981814927125,0.254681000005803,0.05846153846153846
optimal@20s/λ=1.0,5,250,3099,2058,0.6640851887705711,0.33591481122942884,0.3010648596321394,0.03484995159728945,441.15992267000365,425.9878014025985,630.9363131824074,364.20338384055424,823.2,188.4106299890408,252.74929268096284,0.0,0.1307885783971429,0.8692114216028571,546,61.663003663003664,0.15299267395829244,0.244780000684841,0.05645999307239349
optimal@20s/λ=1.0,6,250,2974,2032,0.6832548755884331,0.31674512441156694,0.257901815736382,0.05884330867518493,426.33939145069826,408.2195189013619,621.6034029214545,351.2419243300706,812.8,163.39076379145666,262.9486276592416,0.0,0.14047719452675828,0.8595228054732418,548,51.903284671532845,0.14383667882485782,0.32597300007182517,0.046398891966759004
optimal@20s/λ=1.0,7,250,2943,2074,0.7047230716955487,0.29527692830445124,0.25178389398572887,0.043493034318722396,417.8563119096014,399.1281468365132,608.7265238967748,352.81884946896406,829.6,160.47331149151535,257.383000418086,9.044723202564556e-06,0.13971008172443775,0.8602808735523596,552,49.32971014492754,0.13875181162552178,0.24957699997685284,0.05141300646918624
optimal@20s/λ=1.0,0,300,2956,2442,0.8261163734776725,0.17388362652232747,0.07679296346414073,0.09709066305818674,366.5572050127018,342.2898535425845,560.7009006320292,323.26057072291525,976.8,79.6759799966411,286.8812250160607,0.0007826503371116994,0.1671429018608742,0.8320744478020141,544,27.06801470588235,0.12045477940185212,0.18396799903712296,0.04772857964347326
optimal@20s/λ=1.0,1,300,2855,2339,0.8192644483362522,0.1807355516637478,0.03537653239929948,0.14535901926444833,354.13609742170667,333.76851843241093,555.1223758251133,303.8272136039611,935.6,52.281515162640204,301.8545822590665,0.0016948940388658452,0.17830554660959733,0.8199995593515368,544,18.496323529411764,0.11022849262791864,0.1987810002538028,0.04823059360730594
optimal@20s/λ=1.0,2,300,3002,2428,0.8087941372418388,0.19120586275816123,0.09193870752831446,0.09926715522984676,372.48512595397665,348.66798641075275,561.9562346785242,326.42039896097816,971.2,85.77312200605225,286.7120039479244,0.0005892325267715262,0.1656361934001272,0.8337745740731012,547,29.6691042047532,0.12554680075279034,0.23301200024434338,0.04815864022662889
optimal@20s/λ=1.0,3,300,2945,2394,0.8129032258064516,0.1870967741935484,0.08251273344651952,0.10458404074702886,364.26313535090117,342.53997122400733,560.9237248361445,318.9813230303286,957.6,81.3281866651416,282.93494868575954,0.0010783022659536568,0.16145671218735633,0.8374649855466899,547,27.636197440585008,0.12034442412183438,0.217863999168912,0.050900772090363165
optimal@20s/λ=1.0,4,300,2902,2390,0.8235699517574087,0.17643004824259131,0.06374913852515507,0.11268090971743625,372.52298506328066,347.7007714041217,574.250074197597,326.41911344363325,956.0,77.71785933486576,294.80512572841496,0.00022917046297559477,0.1678714340861384,0.831899395450886,547,25.850091407678246,0.11536416820758252,0.17867200029286318,0.04590069284064665
optimal@20s/λ=1.0,5,300,3099,2452,0.7912229751532752,0.20877702484672475,0.14972571797353984,0.0590513068731849,393.09959652102583,374.17599791700354,584.7279328629304,346.6518166680664,980.8,127.66134102076825,265.4382555002576,1.0062369426788657e-05,0.14388295317615277,0.8561069844544205,546,42.83882783882784,0.1416778387955184,0.2583299997240822,0.05067369654364382
optimal@20s/λ=1.0,6,300,2974,2371,0.7972427706792199,0.2027572293207801,0.07666442501681238,0.12609280430396771,375.42882801150205,352.3110140173303,577.3524583350049,321.3136801436841,948.4,77.70108634511618,297.7277416663859,0.0010377500817879322,0.17292663992828747,0.8260356099899246,545,26.59633027522936,0.13150862385273202,0.21216400025878038,0.04378935317687464
optimal@20s/λ=1.0,7,300,2943,2381,0.8090383961943595,0.1909616038056405,0.06489976214746856,0.12606184165817194,358.04305388185503,332.75126312896646,560.7989822937689,308.83658484500415,952.4,67.16998807760781,290.87306580424723,0.0023970008554072895,0.17014157862738338,0.8274614205172094,545,23.555963302752293,0.14294954134621807,0.2236559995071724,0.0524822695035461
optimal@20s/λ=1.0,0,350,2956,2758,0.9330175913396481,0.06698240866035182,0.0,0.06698240866035182,247.0311218908703,229.01691749230258,409.93921316300697,231.46882434790123,1103.2,11.459705850126147,235.5714160407442,0.02799120867018596,0.15534849524668043,0.8166602960831336,539,7.0519480519480515,0.11293283855618783,0.2503300001262689,0.04583445672688056
optimal@20s/λ=1.0,1,350,2855,2709,0.9488616462346761,0.051138353765323996,0.0,0.051138353765323996,219.83365617648982,195.92350661525506,379.86401739342034,209.21095026071637,1083.6,11.186250818793523,208.64740535769627,0.04788181543370792,0.13823916494103194,0.8138790196252601,540,6.768518518518518,0.11123111112451793,0.19738900085940278,0.052123552123552123
optimal@20s/λ=1.0,2,350,3002,2726,0.9080612924716855,0.09193870752831446,0.0006662225183211193,0.09127248500999334,265.0340862290229,243.4155982515906,449.57372224320284,242.01510170279073,1090.4,11.714318656779838,253.31976757224305,0.02986264689999387,0.16531792561869618,0.80481942748131,540,7.401851851851852,0.12305185188813118,0.3462730002320316,0.04793085385018334
optimal@20s/λ=1.0,3,350,2945,2745,0.9320882852292021,0.06791171477079797,0.0,0.06791171477079797,232.5455795961702,214.28611940159772,398.1099156717293,217.72097786138337,1098.0,11.301285579078773,221.24429401709145,0.03092509255776577,0.14634529796437695,0.8227296094778573,540,7.0851851851851855,0.10676555549354008,0.18210299966085589,0.050386563583044525
optimal@20s/λ=1.0,4,350,2902,2741,0.9445210199862164,0.055478980013783596,0.0,0.055478980013783596,235.6909812099889,212.27801761875253,393.500025794503,223.3307626675524,1096.4,11.10936827340237,224.58161293658657,0.0284205037233135,0.1486492867774654,0.8229302094992211,541,6.878003696857671,0.13676746766409595,0.25239999922632705,0.050081654872074034
optimal@20s/λ=1.0,5,350,3099,2711,0.8747983220393676,0.12520167796063247,0.010648596321393998,0.11455308163923847,308.216955923432,285.056938089343,502.0399173330561,274.4985778203225,1084.4,27.50923021268321,280.7077257107488,0.0096436965853049,0.17278584877936695,0.8175704546353282,540,12.338888888888889,0.11478314814599731,0.25170200053253233,0.05352547606793618
optimal@20s/λ=1.0,6,350,2974,2703,0.9088769334229994,0.09112306657700067,0.0010087424344317419,0.09011432414256892,270.2765503292381,251.4632579613217,445.85104631526127,247.17185542237345,1081.2,13.795602307580316,256.4809480216577,0.02155503933272706,0.16376170853638158,0.8146832521308914,538,7.801115241635688,0.10752360592412305,0.17965200075195753,0.05683320116309807
optimal@20s/λ=1.0,7,350,2943,2714,0.9221882432891607,0.07781175671083929,0.0,0.07781175671083929,242.39869214572968,218.70468622681437,420.63636633520736,224.66117350867486,1085.6,11.553155673666108,230.84553647206351,0.03357224975878797,0.1525707711585593,0.8138569790826528,540,7.12037037037037,0.10830703699024592,0.1922300006845035,0.052080536912751677
optimal@20s/λ=1.0,0,400,2956,2924,0.9891745602165088,0.010825439783491205,0.0,0.010825439783491205,144.8244269323179,127.63853984958541,257.5557355545922,143.38733951821527,1169.6,11.11132970802901,133.71309722428887,0.14835338500349785,0.09200562485541246,0.7596409901410897,541,6.902033271719039,0.1214275415739313,0.19925999986298856,0.052222817354043924
optimal@20s/λ=1.0,1,400,2855,2831,0.9915936952714536,0.00840630472854641,0.0,0.00840630472854641,139.46384259889197,122.64455118309434,250.89445218712353,138.40044064224517,1132.4,11.084536292546558,128.37930630634543,0.16323307201633433,0.08629944255502796,0.7504674854286377,539,6.7309833024118735,0.1215333951848435,0.20949800014932418,0.052646085997794925
optimal@20s/λ=1.0,2,400,3002,2935,0.9776815456362425,0.022318454363757494,0.0,0.022318454363757494,169.74934689265297,149.13586622280127,309.7815497333358,166.2043163554606,1174.0,11.129414450074348,158.61993244257863,0.13716637177289143,0.10625156461227939,0.7565820636148292,540,7.138888888888889,0.12150925927185367,0.1932440006021352,0.056060212821178304
optimal@20s/λ=1.0,3,400,2945,2931,0.9952461799660441,0.004753820033955857,0.0,0.004753820033955857,139.990749305909,125.87407601112136,246.23819454564,139.3895552276398,1172.4,11.075857657822654,128.91489164808638,0.14188436309783267,0.08957349803183177,0.7685421388703356,539,6.990723562152134,0.1242734694316759,0.21271399997203852,0.05467091295116773
optimal@20s/λ=1.0,4,400,2902,2858,0.9848380427291523,0.015161957270847692,0.0,0.015161957270847692,147.1037137059496,124.30143720812612,273.0259259760996,145.04912075266606,1143.2,11.076815097767836,136.02689860818177,0.1532692451411074,0.09208315013176051,0.7546476047271321,541,6.829944547134935,0.1197537892649943,0.17401999975845683,0.05188807389296387
optimal@20s/λ=1.0,5,400,3099,3026,0.9764440141981284,0.02355598580187157,0.0,0.02355598580187157,186.96985095127044,171.56386109496725,326.59692444650955,182.86394899449542,1210.4,11.131373635401452,175.838477315869,0.0839013845923308,0.11805803394276657,0.7980405814649026,540,7.2518518518518515,0.11951018520145833,0.21190899957218812,0.05040941658137155
optimal@20s/λ=1.0,6,400,2974,2923,0.9828513786146604,0.01714862138533961,0.0,0.01714862138533961,165.80464527345117,150.29028586031973,296.16875938553693,163.16613029764721,1169.2,11.302531417395421,154.50211385605573,0.12964888747009587,0.10346410114531025,0.7668870113845939,538,7.0353159851301115,0.12404386617673789,0.2550150002571171,0.05653896961690885
optimal@20s/λ=1.0,7,400,2943,2912,0.9894665307509344,0.010533469249065579,0.0,0.010533469249065579,142.2361735144568,127.52644680463982,249.00764950562964,140.85740490522488,1164.8,11.061621665134252,131.1745518493225,0.1410621315024799,0.09052562455572145,0.7684122439417986,539,6.936920222634508,0.12456345085277855,0.22328200026095155,0.05562984755282161
optimal@20s/λ=1.0,0,450,2956,2935,0.9928958051420839,0.007104194857916103,0.0,0.007104194857916103,116.24401614466083,97.08372509736046,218.81034673933243,115.50299015525165,1174.0,11.061406411475069,105.18260973318574,0.2524261266180493,0.0679760043554274,0.6795978690265233,540,6.890740740740741,0.1289801851709382,0.19857899982525856,0.04891158290782048
optimal@20s/λ=1.0,1,450,2855,2849,0.9978984238178634,0.0021015761821366026,0.0,0.0021015761821366026,110.221769578036,96.73500292200333,200.4766380429508,110.02722249398518,1139.6,11.051436710369586,99.17033286766642,0.26613209874218124,0.06243820474335163,0.6714296965144672,539,6.716141001855288,0.1316643785064347,0.20884400018985622,0.0505524861878453
optimal@20s/λ=1.0,2,450,3002,2967,0.9883411059293804,0.011658894070619586,0.0,0.011658894070619586,136.38112433960725,116.8451456161265,259.3952012447037,134.90210561265587,1186.8,10.846825361154776,125.53429897845248,0.23713595743179322,0.07826339585524032,0.6846006467129665,540,7.0851851851851855,0.13358185187826166,0.20350500051790732,0.04939884997386304
optimal@20s/λ=1.0,3,450,2945,2939,0.9979626485568761,0.0020373514431239388,0.0,0.0020373514431239388,102.46836590111954,91.40315174628813,181.4918230538075,102.29717543456752,1175.6,10.922775928358961,91.54558997276058,0.25363168796248026,0.060991749601985716,0.6853765624355341,539,6.957328385899815,0.14554471239541655,0.3122540001277231,0.050133333333333335
optimal@20s/λ=1.0,4,450,2902,2879,0.9920744314266023,0.007925568573397657,0.0,0.007925568573397657,123.86208502080216,102.34595805857316,237.62969441030802,122.97990336947932,1151.6,10.96176985019586,112.9003151706063,0.2540928800086309,0.06976231865925817,0.6761448013321109,541,6.818853974121996,0.13201534192697226,0.21532000137085566,0.05368763557483731
optimal@20s/λ=1.0,5,450,3099,3087,0.9961277831558567,0.003872216844143272,0.0,0.003872216844143272,124.35110894137527,111.04005634134,221.29363188708888,123.92566446710276,1234.8,11.161122350047235,113.18998659132804,0.19877748532312703,0.07526600345725738,0.7259565112196156,540,7.270370370370371,0.15189777778788185,0.22762700007660897,0.054763117677024964
optimal@20s/λ=1.0,6,450,2974,2964,0.9966375252185609,0.0033624747814391394,0.0,0.0033624747814391394,123.42617493794704,109.6881452460957,216.42583015802316,123.05873413229024,1185.6,11.027294166867671,112.39888077107936,0.23496453155626376,0.07183249448101744,0.6932029739627188,538,6.970260223048327,0.1423730483114666,0.2833149995058193,0.047733333333333336
optimal@20s/λ=1.0,7,450,2943,2940,0.9989806320081549,0.0010193679918450561,0.0,0.0010193679918450561,106.27426116535132,93.02628267702403,188.22526693357784,106.17238346311211,1176.0,10.844915287429766,95.42934587792156,0.24777475680577732,0.06311637569133534,0.6891088675028874,538,6.901486988847584,0.134079739813367,0.22062900095988877,0.04901696741179639
optimal@30s/λ=0.0,0,250,2956,2130,0.7205683355886333,0.2794316644113667,0.2395128552097429,0.039918809201623814,340.1341777565232,316.0879702782049,513.5130580210289,309.78898318396784,852.0,106.27757254221034,233.8566052143128,4.222954912217675e-05,0.12532188681130998,0.8746358836395678,367,44.561307901907355,0.15044795640159656,0.23902199965959872,0.051970108695652176
optimal@30s/λ=0.0,1,250,2855,2084,0.7299474605954466,0.2700525394045534,0.2245183887915937,0.04553415061295972,342.8489489365117,312.6949712618225,517.50702482412,314.93000989078416,833.6,102.93892044856675,239.91002848794494,6.997712542094107e-05,0.1259765228241825,0.8739535000503965,365,43.11780821917808,0.1460515068224408,0.22227199973713144,0.04385659589279499
optimal@30s/λ=0.0,2,250,3002,2148,0.715522984676882,0.2844770153231179,0.2554963357761492,0.028980679546968688,344.30882094783163,318.35281916407894,519.7500070467038,314.55209347944134,859.2,111.43069213189546,232.87812881593618,1.1353773641296558e-05,0.12557439914714597,0.8744142470792128,366,47.404371584699454,0.15605054642171617,0.23395499974867578,0.04813194210703467
optimal@30s/λ=0.0,3,250,2945,2092,0.7103565365025467,0.2896434634974533,0.25806451612903225,0.031578947368421054,341.81212990126085,312.56092730413866,530.4283980289266,310.9868073891582,836.8,111.50400490120434,230.30812500005652,1.4885733557886447e-05,0.11586030850594357,0.8841248057604986,366,46.775956284153004,0.1811540983669788,1.3001149995034254,0.04504504504504504
optimal@30s/λ=0.0,4,250,2902,2100,0.7236388697450035,0.27636113025499653,0.2505168849069607,0.025844245348035838,344.7249592276264,314.5149426943203,531.7376223751833,316.95880040218947,840.0,114.50410613797278,230.22085308965362,0.0,0.1186583374790168,0.8813416625209831,367,45.64032697547684,0.14888446863348295,0.23199000006570705,0.06046032291308828
optimal@30s/λ=0.0,5,250,3099,2100,0.6776379477250726,0.32236205227492737,0.2904162633107454,0.031945788964181994,344.54700784118023,313.1268479556438,538.3422600518362,313.20203056135,840.0,116.34232115880023,228.20468668238,2.3897754863698437e-05,0.11543140687949448,0.8845446953656417,363,52.53168044077135,0.19392093663529933,0.27893399972526817,0.047883414295628035
optimal@30s/λ=0.0,6,250,2974,2083,0.7004034969737727,0.2995965030262273,0.2558843308675185,0.04371217215870881,352.3952381169073,322.69838189517577,556.394991471768,315.4179209011766,833.2,112.66148906586521,239.73374905104205,9.28366793955154e-05,0.12609946070829564,0.8738077026123089,368,47.10597826086956,0.17237934782374592,0.4940009993515532,0.05370051635111876
optimal@30s/λ=0.0,7,250,2943,2095,0.7118586476384642,0.2881413523615359,0.2524634726469589,0.03567787971457696,344.3700765173535,317.2931067215377,537.1944482752994,313.91739519326785,838.0,113.48861968102295,230.8814568363305,0.0,0.12133474700968633,0.8786652529903137,367,46.079019073569484,0.1989670300157027,0.6913659998463074,0.045627376425855515
optimal@30s/λ=0.0,0,300,2956,2452,0.8294993234100135,0.17050067658998647,0.09133964817320704,0.07916102841677942,338.5873542779631,314.39396261223555,524.0214953912634,305.98811072718667,980.8,68.4836883524088,270.10366592555425,0.0010264408465735964,0.15686343881795212,0.8421101203354743,364,27.615384615384617,0.13399945054426188,0.2452529998663522,0.05273833671399594
optimal@30s/λ=0.0,1,300,2855,2372,0.8308231173380035,0.16917688266199649,0.05779334500875657,0.11138353765323993,333.68207654402715,308.3211735116056,526.4534204913756,295.3908124951806,948.8,51.334752423495964,282.3473241205312,0.002982505955027924,0.16977134333721486,0.8272461507077572,364,21.373626373626372,0.12758461535158458,0.19267399919044692,0.054108796296296294
optimal@30s/λ=0.0,2,300,3002,2451,0.8164556962025317,0.18354430379746836,0.09160559626915389,0.09193870752831446,332.89009846658814,309.3912656877874,524.825272591941,298.5197989058389,980.4,59.25699124583469,273.6331072207535,0.002030601735085382,0.1625893168459461,0.8353800814189686,364,26.38736263736264,0.13619890103575097,0.21850700039067306,0.046267385750780585
optimal@30s/λ=0.0,3,300,2945,2414,0.8196943972835314,0.1803056027164686,0.09405772495755518,0.08624787775891342,333.123260078237,306.9150824119713,522.9278041390257,299.52726686863474,965.6,61.792502257993355,271.33075782024366,0.0005689135258960727,0.15473271598123411,0.8446983704928699,362,26.511049723756905,0.13328314928495671,0.21348200076317875,0.04644412191582003
optimal@30s/λ=0.0,4,300,2902,2409,0.830117160578911,0.1698828394210889,0.07443142660234321,0.0954514128187457,343.19274235095645,317.6785192442512,527.8081087705837,309.21716287249245,963.6,63.11985869139341,280.07288365956305,0.0003455011609753302,0.16152132208127934,0.8381331767577452,362,25.8121546961326,0.12926519346526033,0.20705300012195946,0.0446454625036475
optimal@30s/λ=0.0,5,300,3099,2421,0.7812197483059051,0.21878025169409487,0.1442400774443369,0.07454017424975799,341.3986451129185,316.5838752224022,521.2108966376964,306.35096146651625,968.4,82.40304909793632,258.99559601498214,0.0005616339169112951,0.1425200699058525,0.8569182961772361,361,35.578947368421055,0.15759722995617745,0.3077600005781277,0.046811000585137506
optimal@30s/λ=0.0,6,300,2974,2389,0.8032952252858103,0.19670477471418965,0.10053799596503027,0.09616677874915938,341.3734040814976,318.47917636192324,516.0782934885733,303.717596699838,955.6,68.23083109013903,273.14257299135863,0.0006545707849985209,0.15608790872621786,0.8432575204887837,364,28.60164835164835,0.13973653841066364,0.41285600113042203,0.051118210862619806
optimal@30s/λ=0.0,7,300,2943,2413,0.81991165477404,0.1800883452259599,0.08222901800883452,0.09785932721712538,333.76468030405147,305.09444799677385,521.1058086957987,297.6840313037481,965.2,59.84526923074613,273.9194110733053,0.0014616396834574072,0.16152108311052324,0.8370172772060194,364,25.186813186813186,0.1328214286111908,0.23197799937406677,0.048046309696092616
optimal@30s/λ=0.0,0,350,2956,2763,0.9347090663058186,0.06529093369418133,0.0,0.06529093369418133,252.77605489718962,232.2738143997617,418.5061778917198,237.7089826456232,1105.2,17.35735299040772,235.41870190678193,0.028799927470634003,0.154428265875165,0.816771806654201,360,10.658333333333333,0.14518333338047443,0.35295299932841045,0.04583445672688056
optimal@30s/λ=0.0,1,350,2855,2716,0.9513134851138354,0.04868651488616462,0.0,0.04868651488616462,217.80742672924265,197.51203159603097,375.96957942269137,208.1178359211302,1086.4,16.829893712128985,200.97753301711373,0.04745223944847044,0.13407293894392602,0.8184748216076035,360,10.116666666666667,0.1250747221547499,0.19863300041834037,0.0508146920740127
optimal@30s/λ=0.0,2,350,3002,2734,0.9107261825449701,0.08927381745502998,0.002331778814123917,0.08694203864090606,275.9308221741359,249.9756903856969,476.72468569950365,253.9500965592716,1093.6,19.41055227252836,256.5202699016076,0.027605376671962167,0.16559517158187634,0.8067994517461615,362,11.632596685082873,0.13434944752116884,0.21770699975604615,0.04899135446685879
optimal@30s/λ=0.0,3,350,2945,2751,0.934125636672326,0.06587436332767402,0.00033955857385398983,0.06553480475382004,245.98591787266486,222.4468684540543,420.20346553696436,231.05129014749838,1100.4,17.573797445791687,228.41212042687317,0.026546099368019292,0.15113128022277372,0.8223226204092069,360,10.741666666666667,0.12425333336775818,0.20574500087604985,0.052421500798296966
optimal@30s/λ=0.0,4,350,2902,2746,0.9462439696760855,0.053756030323914544,0.00034458993797381116,0.05341144038594073,236.2935788840752,217.23556201874771,396.5171616296375,224.76055732964164,1098.4,17.643465074589194,218.650113809486,0.03249320611666765,0.1461408556612519,0.8213659382220804,361,10.418282548476455,0.1200008310331322,0.20296000002417697,0.05447154471544716
optimal@30s/λ=0.0,5,350,3099,2759,0.8902871894159406,0.10971281058405938,0.018393030009680542,0.09131978057437883,292.271674689658,267.32332641697576,475.0109641675068,267.496781268662,1103.6,30.333193253949062,261.938481435709,0.010185985741186596,0.16255818693669627,0.8272558273221171,361,15.850415512465373,0.1599925208085093,0.4311400000005912,0.04570383912248629
optimal@30s/λ=0.0,6,350,2974,2736,0.9199731002017485,0.08002689979825152,0.004034969737726967,0.07599193006052454,259.2763488517917,238.26933601539486,427.08747264613464,240.71763233326462,1094.4,19.99263473685509,239.2837141149366,0.02685843980119632,0.1542286839966699,0.8189128762021338,360,11.522222222222222,0.1252250000056342,0.21075099924928511,0.05746822033898305
optimal@30s/λ=0.0,7,350,2943,2753,0.9354400271831464,0.06455997281685355,0.0006795786612300374,0.06388039415562351,235.5361298365376,215.16817816011462,397.95737047798286,221.53881637938895,1101.2,17.329053054080575,218.20707678245708,0.03553899101099248,0.14713291902227899,0.8173280899667286,361,10.53185595567867,0.12841855953353196,0.2854200003639555,0.046731496488384656
optimal@30s/λ=0.0,0,400,2956,2923,0.9888362652232747,0.011163734776725304,0.0,0.011163734776725304,151.18109699495193,134.96586127855517,266.23611898061523,149.7575565103754,1169.2,16.525791585220137,134.65530540973177,0.14988624853428434,0.09212826956371577,0.7579854819019999,361,10.398891966759003,0.13492382268470207,0.21783999945910176,0.056769722814498935
optimal@30s/λ=0.0,1,400,2855,2837,0.9936952714535902,0.006304728546409807,0.0,0.006304728546409807,142.39679085142313,126.43908426497774,253.57989624925412,141.63346990819886,1134.8,16.70693723578631,125.6898536156368,0.16354361237176473,0.08452126501219435,0.7519351226160409,361,10.024930747922438,0.15897091412585432,0.21743999968748462,0.05029013539651837
optimal@30s/λ=0.0,2,400,3002,2930,0.9760159893404398,0.023984010659560292,0.0,0.023984010659560292,170.21856476396653,151.63708562561715,302.5931285986546,166.5643163930724,1172.0,16.631458336704117,153.58710642726243,0.14063343686430288,0.10241619181870491,0.7569503713169922,361,10.570637119113574,0.1389171745290885,0.21593999954347937,0.04540682414698163
optimal@30s/λ=0.0,3,400,2945,2931,0.9952461799660441,0.004753820033955857,0.0,0.004753820033955857,143.69254377822156,129.29475211719,246.5710433562308,143.1133311862301,1172.4,16.484741793032306,127.20780198518925,0.14290079466428654,0.08822583081309651,0.768873374522617,361,10.393351800554017,0.13786315784905392,0.2279000007547438,0.05063965884861407
optimal@30s/λ=0.0,4,400,2902,2857,0.9844934527911785,0.015506547208821502,0.00034458993797381116,0.015161957270847692,149.68552595866316,131.10341466618956,276.0437992699836,147.66865400826083,1142.8,16.904062913534194,132.78146304512896,0.15604580042796587,0.09043736031263831,0.7535168392593958,360,10.169444444444444,0.1385505555137772,0.2219330006482781,0.04384762948753083
optimal@30s/λ=0.0,5,400,3099,3034,0.979025492094224,0.020974507905776058,0.0,0.020974507905776058,183.80779365798358,165.4933833532823,319.3286652874614,180.33492406864278,1213.6,16.66877450419244,167.1390191537911,0.08655226553327737,0.11370917133244508,0.7997385631342776,361,10.87257617728532,0.14316204982898242,0.23797999965609012,0.05379908210096889
optimal@30s/λ=0.0,6,400,2974,2929,0.9848688634835239,0.015131136516476126,0.0,0.015131136516476126,168.4022316517761,153.6194986168548,289.96102531174006,166.07631792456013,1171.6,16.51948095061873,151.88275070115742,0.12942014182633052,0.10060994214768193,0.7699699160259875,361,10.390581717451523,0.14050387807378747,0.2469399998517462,0.04798720341242335
optimal@30s/λ=0.0,7,400,2943,2915,0.9904858987427795,0.009514101257220523,0.0,0.009514101257220523,146.57606984663448,134.37138788897437,247.3707763192891,145.391048120459,1166.0,16.828966255670036,129.74710359096446,0.14189634668874204,0.08933960250858769,0.7687640508026702,360,10.4,0.13758527779828,0.22735000053216975,0.05689102564102564
optimal@30s/λ=0.0,0,450,2956,2936,0.993234100135318,0.006765899864682003,0.0,0.006765899864682003,122.155711581412,101.77670148000334,224.6027401846693,121.46999223172345,1174.4,16.157953507518677,105.99775807389334,0.2527846357965787,0.06861720460633067,0.6785981595970906,360,10.297222222222222,0.15951611106983263,0.35017399970456836,0.04531966549770704
optimal@30s/λ=0.0,1,450,2855,2850,0.9982486865148862,0.0017513134851138354,0.0,0.0017513134851138354,116.43539687533264,102.72790971974018,205.59735397225873,116.2613989975063,1140.0,16.79860660953108,99.63679026580157,0.2663581317771436,0.06225961234634549,0.6713822558765109,360,10.052777777777777,0.15475222224570948,0.281570000643115,0.05029013539651837
optimal@30s/λ=0.0,2,450,3002,2969,0.9890073284477016,0.010992671552298468,0.0,0.010992671552298468,139.19363780440972,118.50719705157644,263.24238615308695,137.84126045022896,1187.6,16.70673720102041,122.48690060338932,0.23897387787681096,0.07654416977012075,0.6844819523530682,360,10.686111111111112,0.1569605555535721,0.2681760007180864,0.05458799064205875
optimal@30s/λ=0.0,3,450,2945,2941,0.9986417657045841,0.0013582342954159593,0.0,0.0013582342954159593,106.50797186462482,96.06612653373031,183.5890524988963,106.37928852875645,1176.4,16.516706311299522,89.99126555332528,0.2534729485181854,0.059832946033429944,0.6866941054483847,360,10.427777777777777,0.15164833330345573,0.33601400024053935,0.05114544485881726
optimal@30s/λ=0.0,4,450,2902,2882,0.9931082012405238,0.006891798759476223,0.0,0.006891798759476223,129.59444922125581,107.13415482125629,246.19078955246698,128.85024491691345,1152.8,17.094192959344156,112.50025626191167,0.2535239096129983,0.06959525697361635,0.6768808334133853,361,10.21606648199446,0.15185041546856584,0.25094000047829457,0.05368763557483731
optimal@30s/λ=0.0,5,450,3099,3088,0.9964504678928686,0.0035495321071313327,0.0,0.0035495321071313327,127.21661104209424,113.93251460897227,222.2989727517252,126.84281145829637,1235.2,16.430429975663326,110.78618106643093,0.200570922045518,0.07363901474280872,0.7257900632116733,361,10.828254847645429,0.15254238223608801,0.2414000002318059,0.05065234075211052
optimal@30s/λ=0.0,6,450,2974,2962,0.995965030262273,0.004034969737726967,0.0,0.004034969737726967,127.52115405786081,114.39357399776145,222.0990075246624,127.09329050393389,1184.8,16.542405491099334,110.9787485667615,0.23564033475124274,0.07126368063042336,0.6930959846183339,361,10.426592797783934,0.15311966759690124,0.338699999338128,0.05127523910733262
optimal@30s/λ=0.0,7,450,2943,2935,0.9972816853550799,0.0027183146449201497,0.0,0.0027183146449201497,110.4917862082824,97.52447786039102,193.24614829830878,110.24494358005138,1174.0,16.656071964588474,93.83571424369393,0.2504070328814201,0.06201254337286691,0.687580423745713,361,10.32409972299169,0.1716409970966227,0.4098600002180316,0.05258921384491548
optimal@30s/λ=1.0,0,250,2956,2116,0.7158322056833559,0.28416779431664413,0.2310554803788904,0.05311231393775372,405.40246723485694,388.4405346095891,591.6786970185269,343.9528752320369,846.4,157.43812304162145,247.96434419323552,9.753286888895653e-05,0.13747727707658758,0.8624251900545234,365,51.62739726027397,0.16203424664077107,0.27010399957362113,0.05363727790814616
optimal@30s/λ=1.0,1,250,2855,2071,0.7253940455341507,0.2746059544658494,0.22907180385288967,0.04553415061295972,404.0990200782291,384.0591538890367,599.1893101035621,348.61139922143377,828.4,154.05060067561243,250.0484194026167,1.9491735034019155e-05,0.13471671668479537,0.8652637915801706,365,49.96986301369863,0.18662191780020118,0.34871200063207786,0.049395509499136445
optimal@30s/λ=1.0,2,250,3002,2112,0.703530979347102,0.29646902065289804,0.26349100599600267,0.032978014656895406,417.25913772144315,400.32797928754144,604.4472051577013,354.29870218968176,844.8,173.473832693786,243.78530502765722,2.8946805318191764e-06,0.1339934511393818,0.8660036541800864,366,56.44808743169399,0.16491092892614628,0.28630999941015095,0.046700507614213196
optimal@30s/λ=1.0,3,250,2945,2037,0.6916808149405772,0.30831918505942274,0.2730050933786078,0.03531409168081494,423.1703386293727,406.81274318787746,611.8729348745583,354.58399651246054,814.8,178.85737452047323,244.31296410889942,0.0,0.12707110843132774,0.8729288915686723,366,56.775956284153004,0.1671385245691588,0.2724400004808561,0.040787623066104076
optimal@30s/λ=1.0,4,250,2902,2073,0.7143349414197105,0.28566505858028945,0.25396278428669883,0.03170227429359063,419.3565409963243,399.38892601705084,613.5876493645733,359.03972257796704,829.2,174.55631120928223,244.80022978704213,5.740500593762489e-06,0.13075897256105953,0.8692352869383467,369,54.31707317073171,0.17107100266150702,0.40855200124496954,0.057201929703652656
optimal@30s/λ=1.0,5,250,3099,2080,0.6711842529848339,0.3288157470151662,0.2975153275250081,0.03130041949015812,434.19267741213486,420.027946256781,622.565303263879,360.69727261033,832.0,190.57358559684005,243.6190918152948,8.500081509855186e-06,0.1282175443498909,0.8717739555685992,365,63.443835616438356,0.1850082191071722,0.31032399929245,0.05072967338429465
optimal@30s/λ=1.0,6,250,2974,2061,0.6930060524546066,0.3069939475453934,0.25521183591123064,0.05178211163416274,419.26617065582064,401.907445655459,620.2259354946182,350.50903111611115,824.4,165.83056744928288,253.4356032065378,8.898003179796311e-05,0.13863807631996633,0.8612729436482357,367,54.54768392370572,0.16313923701418093,0.28787399947759695,0.05027548209366391
optimal@30s/λ=1.0,7,250,2943,2072,0.7040434930343187,0.29595650696568127,0.25722052327556916,0.03873598369011213,416.1773588548126,398.239562336596,606.5022476205543,353.3005234175792,828.8,166.48408069193744,249.69327816287515,4.6649445579247795e-05,0.1363288971830141,0.8636244533714066,366,53.36338797814208,0.16102131152256136,0.29530499996326537,0.0541838134430727
optimal@30s/λ=1.0,0,300,2956,2466,0.8342354533152909,0.16576454668470908,0.08152909336941813,0.08423545331529093,361.8212447293438,339.06544134959154,557.0053947838805,322.07718735733124,986.4,87.3047077499132,274.51653697943067,0.0009953797394704395,0.16148766830148104,0.8375169519590485,363,30.74380165289256,0.15071542698688087,0.46368200026336076,0.051208285385500575
optimal@30s/λ=1.0,1,300,2855,2396,0.8392294220665499,0.1607705779334501,0.06339754816112084,0.09737302977232924,358.1961695229302,332.5727822841375,558.9028982866694,319.7762431241052,958.4,76.19672563894679,281.99944388398336,0.0006082758286137515,0.16410762151274305,0.8352841026586432,365,27.101369863013698,0.13957205476189088,0.2242079992720392,0.04937189599766287
optimal@30s/λ=1.0,2,300,3002,2459,0.8191205862758161,0.18087941372418387,0.09393737508327782,0.08694203864090606,361.469390190924,338.4660078735278,549.9159898776661,321.27614214006474,983.6,89.41457641477756,272.05481377614643,0.0013343378182525854,0.15957155361663336,0.8390941085651141,366,32.557377049180324,0.14003852461204677,0.20673999997598017,0.04878048780487805
optimal@30s/λ=1.0,3,300,2945,2431,0.8254668930390492,0.17453310696095076,0.10050933786078098,0.07402376910016978,365.6971689397245,345.4078870688754,559.8550987902527,327.22796523968447,972.4,98.97466172477344,266.72250721495107,0.00034424707074457225,0.1515063136644995,0.8481494392647559,364,34.42032967032967,0.14547032973856044,0.25091900124607497,0.05770340450086555
optimal@30s/λ=1.0,4,300,2902,2422,0.8345968297725707,0.16540317022742937,0.07236388697450034,0.09303928325292901,361.21524631922784,334.8149846067233,552.8184675779889,324.06052451440854,968.8,85.01193650099322,276.20330981823463,0.00023308698533603547,0.15857927247994127,0.8411876405347226,365,30.054794520547944,0.1414049315465254,0.23811599945474923,0.046511627906976744
optimal@30s/λ=1.0,5,300,3099,2449,0.7902549209422395,0.20974507905776058,0.1558567279767667,0.05388835108099387,384.4700390734376,364.2640447321028,575.1278186330226,339.93261928310835,979.6,125.04313409498305,259.42690497845456,4.9570974864727085e-05,0.14307585731166597,0.8568745717134693,363,43.99449035812672,0.17030771346635296,0.3417979996083886,0.05094228504122497
optimal@30s/λ=1.0,6,300,2974,2394,0.8049764626765299,0.19502353732347008,0.0988567585743107,0.09616677874915938,373.6826158008086,351.10980839442846,572.4710223549208,326.9438292176524,957.6,93.12478497041147,280.5578308303972,0.00046079549849151034,0.16142373833502674,0.8381154661664817,365,33.013698630136986,0.13769835615725964,0.2601039998262424,0.04631517623070201
optimal@30s/λ=1.0,7,300,2943,2402,0.8161739721372749,0.18382602786272512,0.08460754332313965,0.09921848453958546,352.35278424093946,327.6827946815001,552.9144441910821,309.9884727744607,960.8,80.34190721805756,272.01087702288197,0.0020624796458835184,0.15783693795142373,0.8401005824026928,363,29.203856749311296,0.1590008265469124,0.6875220002621061,0.05007235890014472
optimal@30s/λ=1.0,0,350,2956,2759,0.9333558863328822,0.06664411366711773,0.0,0.06664411366711773,256.31957044748225,236.80966931321973,420.1442174711466,240.6804337217504,1103.6,17.223708631798864,239.0958618156834,0.026846362785647053,0.15636112901355503,0.8167925082007979,360,10.619444444444444,0.12111527777152434,0.2126970001700102,0.042478354978354976
optimal@30s/λ=1.0,1,350,2855,2713,0.9502626970227671,0.049737302977232924,0.0,0.049737302977232924,219.63555717952457,197.43692028755686,379.5173428219307,209.61866541420267,1085.2,16.723707611812614,202.91184956771195,0.04501475487249759,0.13518231299255912,0.8198029321349433,360,10.083333333333334,0.11828749998635936,0.2425660001608779,0.04871298090229726
optimal@30s/λ=1.0,2,350,3002,2757,0.9183877415056629,0.0816122584943371,0.0006662225183211193,0.08094603597601599,259.05823123821034,238.34121531943856,429.6671445839007,240.45793013175,1102.8,19.069188803205748,239.98904243500456,0.03227697167460107,0.15628995984889354,0.8114330684765054,363,11.517906336088155,0.12549669417773454,0.22537600019859377,0.048678356451190785
optimal@30s/λ=1.0,3,350,2945,2745,0.9320882852292021,0.06791171477079797,0.0,0.06791171477079797,246.1748485518091,225.0296817743574,419.74113501750537,230.92021676768456,1098.0,18.197673449451,227.97717510235805,0.025890580858882864,0.15030843808378022,0.823800981057337,361,10.914127423822714,0.144283933537771,0.2616199995827624,0.0536663124335813
optimal@30s/λ=1.0,4,350,2902,2751,0.9479669193659546,0.052033080634045485,0.0,0.052033080634045485,226.44277297742292,207.2412514027401,386.0725107521803,215.66399021008132,1100.4,17.80255945957391,208.640213517849,0.03606647593241832,0.14106040537065012,0.8228731186969315,360,10.452777777777778,0.12452388887140842,0.2118610003344657,0.056246619794483504
optimal@30s/λ=1.0,5,350,3099,2753,0.888351080993869,0.11164891900613101,0.012262020006453695,0.09938689899967731,294.6392898543355,271.18517999166215,478.2345098514694,267.5534087335857,1101.2,31.605761557438434,263.0335282968971,0.011332221158802098,0.16424081343372898,0.824426965407469,361,15.767313019390581,0.13361135736929183,0.3769799994188343,0.04547817047817048
optimal@30s/λ=1.0,6,350,2974,2737,0.9203093476798924,0.0796906523201076,0.0033624747814391394,0.07632817753866845,263.8204390552529,242.3577932843118,431.6375193450929,245.1773956881304,1094.8,21.01531027264386,242.80512878260905,0.02550279685570281,0.1549634560628656,0.8195337470814317,363,11.738292011019285,0.1272074380373924,0.22447199979069402,0.053177346450412125
optimal@30s/λ=1.0,7,350,2943,2742,0.9317023445463812,0.06829765545361875,0.0,0.06829765545361875,242.5731236986399,219.08379780897758,413.5945670126645,227.3097346882433,1096.8,17.722831380386648,224.85029231825328,0.03243046631453779,0.15010605384857653,0.8174634798368856,361,10.642659279778393,0.12396537392993408,0.20705999995698174,0.050806451612903224
optimal@30s/λ=1.0,0,400,2956,2923,0.9888362652232747,0.011163734776725304,0.0,0.011163734776725304,151.18109699495193,134.96586127855517,266.23611898061523,149.7575565103754,1169.2,16.525791585220137,134.65530540973177,0.14988624853428434,0.09212826956371577,0.7579854819019999,361,10.398891966759003,0.17329778387940067,0.7216800004243595,0.056769722814498935
optimal@30s/λ=1.0,1,400,2855,2837,0.9936952714535902,0.006304728546409807,0.0,0.006304728546409807,142.39679085142313,126.43908426497774,253.57989624925412,141.63346990819886,1134.8,16.70693723578631,125.6898536156368,0.16354361237176473,0.08452126501219435,0.7519351226160409,361,10.024930747922438,0.14998975070499765,0.398779999159159,0.05029013539651837
optimal@30s/λ=1.0,2,400,3002,2936,0.978014656895403,0.021985343104596936,0.0,0.021985343104596936,172.6181978342251,154.71106402892883,306.0543662036016,169.23163143848913,1174.4,16.505288570526254,156.11290926369887,0.13935554600126177,0.104013160914798,0.7566312930839403,360,10.569444444444445,0.1317247222232254,0.22958800034757604,0.04264280073703606
optimal@30s/λ=1.0,3,400,2945,2931,0.9952461799660441,0.004753820033955857,0.0,0.004753820033955857,143.69254377822156,129.29475211719,246.5710433562308,143.1133311862301,1172.4,16.484741793032306,127.20780198518925,0.14290079466428654,0.08822583081309651,0.768873374522617,361,10.393351800554017,0.14701412742258657,0.23549999968963653,0.05063965884861407
optimal@30s/λ=1.0,4,400,2902,2855,0.9838042729152309,0.016195727084769126,0.00034458993797381116,0.015851137146795313,149.8893428055589,130.66070606580115,276.63717138662304,147.79128636039172,1142.0,17.100369423486306,132.78897338207258,0.15750658068284434,0.0900322179100342,0.7524612014071215,360,10.225,0.14020416665011404,0.2398429994354959,0.049318801089918256
optimal@30s/λ=1.0,5,400,3099,3034,0.979025492094224,0.020974507905776058,0.0,0.020974507905776058,183.80779365798358,165.4933833532823,319.3286652874614,180.33492406864278,1213.6,16.66877450419244,167.1390191537911,0.08655226553327737,0.11370917133244508,0.7997385631342776,361,10.87257617728532,0.13333157892153505,0.20353999898361477,0.05379908210096889
optimal@30s/λ=1.0,6,400,2974,2929,0.9848688634835239,0.015131136516476126,0.0,0.015131136516476126,168.4022316517761,153.6194986168548,289.96102531174006,166.07631792456013,1171.6,16.51948095061873,151.88275070115742,0.12942014182633052,0.10060994214768193,0.7699699160259875,361,10.390581717451523,0.14042520771929196,0.23120000005292235,0.04798720341242335
optimal@30s/λ=1.0,7,400,2943,2915,0.9904858987427795,0.009514101257220523,0.0,0.009514101257220523,146.57606984663448,134.37138788897437,247.3707763192891,145.391048120459,1166.0,16.828966255670036,129.74710359096446,0.14189634668874204,0.08933960250858769,0.7687640508026702,360,10.4,0.15337388890657166,0.32059400075013783,0.05689102564102564
optimal@30s/λ=1.0,0,450,2956,2936,0.993234100135318,0.006765899864682003,0.0,0.006765899864682003,122.155711581412,101.77670148000334,224.6027401846693,121.46999223172345,1174.4,16.157953507518677,105.99775807389334,0.2527846357965787,0.06861720460633067,0.6785981595970906,360,10.297222222222222,0.1595508333391788,0.24836399974446977,0.04531966549770704
optimal@30s/λ=1.0,1,450,2855,2850,0.9982486865148862,0.0017513134851138354,0.0,0.0017513134851138354,116.43539687533264,102.72790971974018,205.59735397225873,116.2613989975063,1140.0,16.79860660953108,99.63679026580157,0.2663581317771436,0.06225961234634549,0.6713822558765109,360,10.052777777777777,0.1577000000098552,0.25948300062737,0.05029013539651837
optimal@30s/λ=1.0,2,450,3002,2969,0.9890073284477016,0.010992671552298468,0.0,0.010992671552298468,139.19363780440972,118.50719705157644,263.24238615308695,137.84126045022896,1187.6,16.70673720102041,122.48690060338932,0.23897387787681096,0.07654416977012075,0.6844819523530682,360,10.686111111111112,0.16636250002698538,0.26922100008960137,0.05458799064205875
optimal@30s/λ=1.0,3,450,2945,2941,0.9986417657045841,0.0013582342954159593,0.0,0.0013582342954159593,106.50797186462482,96.06612653373031,183.5890524988963,106.37928852875645,1176.4,16.516706311299522,89.99126555332528,0.2534729485181854,0.059832946033429944,0.6866941054483847,360,10.427777777777777,0.16912805551530458,0.2540579999185867,0.05114544485881726
optimal@30s/λ=1.0,4,450,2902,2882,0.9931082012405238,0.006891798759476223,0.0,0.006891798759476223,129.59444922125581,107.13415482125629,246.19078955246698,128.85024491691345,1152.8,17.094192959344156,112.50025626191167,0.2535239096129983,0.06959525697361635,0.6768808334133853,361,10.21606648199446,0.1728659279407789,0.28835999946750207,0.05368763557483731
optimal@30s/λ=1.0,5,450,3099,3088,0.9964504678928686,0.0035495321071313327,0.0,0.0035495321071313327,127.21661104209424,113.93251460897227,222.2989727517252,126.84281145829637,1235.2,16.430429975663326,110.78618106643093,0.200570922045518,0.07363901474280872,0.7257900632116733,361,10.828254847645429,0.1615925207777643,0.271420000353828,0.05065234075211052
optimal@30s/λ=1.0,6,450,2974,2962,0.995965030262273,0.004034969737726967,0.0,0.004034969737726967,127.52115405786081,114.39357399776145,222.0990075246624,127.09329050393389,1184.8,16.542405491099334,110.9787485667615,0.23564033475124274,0.07126368063042336,0.6930959846183339,361,10.426592797783934,0.16815235461879113,0.27274000058241654,0.05127523910733262
optimal@30s/λ=1.0,7,450,2943,2935,0.9972816853550799,0.0027183146449201497,0.0,0.0027183146449201497,110.4917862082824,97.52447786039102,193.24614829830878,110.24494358005138,1174.0,16.656071964588474,93.83571424369393,0.2504070328814201,0.06201254337286691,0.687580423745713,361,10.32409972299169,0.1694340720245327,0.25168000029225357,0.05258921384491548
