arm,seed,drivers.num_drivers,requests,completed,completion_rate,cancel_rate,cancel_no_match_rate,cancel_eta_rate,wait_mean_s,wait_p50_s,wait_p90_s,wait_all_mean_s,completed_per_hour,time_to_match_mean_s,pickup_mean_s,driver_idle_frac,driver_enroute_frac,driver_ontrip_frac,batches,batch_riders_mean,solve_ms_mean,solve_ms_p99,decline_rate
immediate_greedy,0,250,2956,1761,0.5957374830852503,0.4042625169147497,0.015561569688768605,0.38870094722598103,501.7777977352565,480.19569577824495,778.7903279495258,321.46858347464365,704.4,55.19484612144308,446.58295161381346,0.0003335513448925006,0.2631161131017668,0.7365503355533407,2800,13.815,0.11014049997096922,0.36394800059497245,0.05723542116630669
immediate_greedy,1,250,2855,1763,0.6175131348511383,0.38248686514886165,0.008756567425569177,0.37373029772329247,473.73926580020486,446.3171026771097,754.1803103944582,310.9386116938873,705.2,38.82520070157072,434.9140650986342,0.00040795670588878217,0.25656032497758835,0.7430317183165228,2893,10.49913584514345,0.09324344970966196,0.2932559989858418,0.04345388281469022
immediate_greedy,2,250,3002,1746,0.5816122584943371,0.4183877415056629,0.012658227848101266,0.4057295136575616,504.8929217116353,478.3912649332565,778.8505573371253,315.2678246292811,698.4,47.07414900930373,457.8187727023316,9.64171011975377e-05,0.26780918540615345,0.732094397492649,2943,12.496772001359158,0.10799789333126165,0.35178999904019287,0.05394736842105263
immediate_greedy,3,250,2945,1752,0.5949066213921902,0.40509337860780986,0.010186757215619695,0.3949066213921901,490.5729150063036,466.26737039251384,767.856105745175,310.6042286845356,700.8,42.66037758670148,447.91253741960213,5.227339287365188e-05,0.26437401254110493,0.7355737140660215,2890,11.33598615916955,0.09384574396290034,0.33262200051467516,0.04643628509719223
immediate_greedy,4,250,2902,1747,0.6019986216402481,0.3980013783597519,0.005513439007580979,0.3924879393521709,481.01450103310043,451.7079213236193,767.3060070502645,303.8411097832265,698.8,34.38125567509662,446.63324535800376,0.00030653514132726904,0.26000210930766693,0.7396913555510057,2904,9.119146005509641,0.07750106750084469,0.25012799884279907,0.047697368421052634
immediate_greedy,5,250,3099,1724,0.5563084866085835,0.4436915133914166,0.049370764762826716,0.39432074862858985,550.166969968279,526.576367737719,837.021997780322,346.6292531039186,689.6,85.21685560306194,464.95011436521713,1.3929027399377245e-05,0.27034005747846346,0.7296460134941372,2635,22.577609108159393,0.17620425045592875,0.5852579999918814,0.05277185501066098
immediate_greedy,6,250,2974,1727,0.5806993947545394,0.41930060524546064,0.01378614660390047,0.4055144586415602,498.1629464596922,477.50567821301047,769.5855922850325,310.8696542165975,690.8,48.94818591156304,449.2147605481291,0.0003496081427752567,0.26335360894788085,0.736296782909344,2843,12.76574041505452,0.10280960253448647,0.3446320001603453,0.053872956311980705
immediate_greedy,7,250,2943,1741,0.5915732246007476,0.4084267753992525,0.004417261297995243,0.40400951410125724,458.2643957376038,425.9134972440311,732.6425886579609,281.90879943246006,696.4,23.442509841585743,434.82188589601805,0.0003319478018849705,0.2532627997088697,0.7464052524892453,3118,6.769082745349583,0.06481010263031223,0.20554899931084944,0.04944609564982437
immediate_greedy,0,300,2956,2242,0.7584573748308525,0.24154262516914748,0.0,0.24154262516914748,360.76553872607855,327.04499119698994,604.6734723327061,275.3740478979931,896.8,4.252454362777828,356.5130843633007,0.00354803999380628,0.2193165504675822,0.7771354095386115,3480,2.279310344827586,0.029153563199302547,0.09409999984200113,0.05374331550802139
immediate_greedy,1,300,2855,2223,0.7786339754816112,0.2213660245183888,0.0,0.2213660245183888,342.0900857125394,312.83003548610395,579.4433940773519,267.9154653485311,889.2,2.837888256169389,339.25219745637,0.0056610172168005835,0.20802161961024596,0.7863173631729535,3440,1.9819767441860465,0.026416220933686757,0.10234400037006713,0.046866333887964504
immediate_greedy,2,300,3002,2241,0.7465023317788141,0.25349766822118586,0.0,0.25349766822118586,358.14014128459746,328.98956737194203,584.3382343686335,268.98014548559115,896.4,3.2083903044874695,354.93175098010994,0.0027299841280353453,0.21861112948613542,0.7786588863858293,3645,2.1083676268861455,0.026803840891959047,0.08578400033002245,0.049895506792058515
immediate_greedy,3,300,2945,2230,0.7572156196943973,0.2427843803056027,0.0,0.2427843803056027,350.93972933193965,321.01748102428223,587.4201480087455,267.1753748560524,892.0,2.5077705475066,348.431958784433,0.0030031268715029953,0.21514462924198158,0.7818522438865155,3552,1.9085022522522523,0.02650881193815351,0.0927959999353333,0.05567338282078473
immediate_greedy,4,300,2902,2241,0.7722260509993109,0.22777394900068917,0.0,0.22777394900068917,350.82508247262655,324.2417030576944,572.3414942881245,272.7110021089721,896.4,3.2402284469517584,347.58485402567476,0.002731388241694952,0.21440689467980759,0.7828617170784974,3547,2.1370171976318013,0.02852156751939127,0.09966200119379208,0.04540481400437637
immediate_greedy,5,300,3099,2182,0.7040980961600516,0.29590190383994835,0.0,0.29590190383994835,375.8377634391269,348.6886472036101,621.8959203400485,267.64045322469457,872.8,5.673391291131597,370.1643721479953,0.002497545962780911,0.2257458490863445,0.7717566049508746,3636,2.787953795379538,0.030812486233471135,0.1339900004495576,0.04919292851652575
immediate_greedy,6,300,2974,2196,0.738399462004035,0.26160053799596505,0.0003362474781439139,0.26126429051782113,362.17736430562013,339.0924715390115,590.5152253282408,268.9183666787352,878.4,3.2599932407977787,358.9173710648223,0.0037635110120303986,0.21838786013790304,0.7778486288500666,3567,1.944771516680684,0.02608160921578819,0.0906700009727502,0.05027932960893855
immediate_greedy,7,300,2943,2223,0.7553516819571865,0.24464831804281345,0.0,0.24464831804281345,346.8030842897406,316.9077758532585,589.7270820809763,263.7391022622049,889.2,3.496116243804158,343.3069680459364,0.006463693809990284,0.210855604264703,0.7826807019253068,3556,2.124578177727784,0.02901285148680419,0.09903500022119255,0.05029585798816568
immediate_greedy,0,350,2956,2741,0.9272665764546685,0.07273342354533154,0.0,0.07273342354533154,241.03618081590972,219.05901106371584,415.23126365081225,223.54304545085455,1096.4,0.18853768058150333,240.8476431353282,0.032725513914564866,0.16011588297103804,0.807158603114397,3576,1.0713087248322148,0.019107326614204174,0.03382499926374294,0.04403025391680173
immediate_greedy,1,350,2855,2715,0.9509632224168126,0.04903677758318739,0.0,0.04903677758318739,205.95351823590164,182.33711646559686,366.15731571098,195.87379202851574,1086.0,0.1236431019186221,205.82987513398305,0.046668284448319254,0.1383927821083404,0.8149389334433403,3487,1.0424433610553485,0.01931780902810305,0.032899999496294186,0.049764998617638924
immediate_greedy,2,350,3002,2714,0.9040639573617588,0.09593604263824117,0.0,0.09593604263824117,258.2321539161866,234.53355797834138,437.39103769703314,233.62958600973874,1085.6,0.3450820437477862,257.8870718724388,0.031212528439054924,0.16807808839474384,0.8007093831662012,3698,1.1538669551108707,0.01985703081008427,0.042309000091336126,0.05556998182290314
immediate_greedy,3,350,2945,2718,0.9229202037351443,0.07707979626485569,0.0,0.07707979626485569,235.30740748780897,211.1945970493366,415.1544772326078,217.2484656872732,1087.2,0.21340627160752795,235.09400121620143,0.029551339944714507,0.15622808577809874,0.8142205742771867,3608,1.0911862527716185,0.020213664095408885,0.03589299876693984,0.04784816893878642
immediate_greedy,4,350,2902,2726,0.9393521709166093,0.06064782908339077,0.0,0.06064782908339077,215.02462119482811,195.7812423473183,370.1529435070238,202.02020412880327,1090.4,0.10896760196436053,214.91565359286375,0.03832369438736773,0.14610788491326518,0.8155684206993671,3532,1.05039637599094,0.02012214042666386,0.03409999953873921,0.04696886947023485
immediate_greedy,5,350,3099,2681,0.8651177799290094,0.13488222007099065,0.00032268473701193933,0.1345595353339787,288.9527843905546,263.3998837586537,480.66863142848706,250.4410141685128,1072.4,0.8553605183173396,288.09742387223724,0.014883652116475516,0.18483949286818832,0.8002768550153362,3743,1.2938819129040877,0.021128372959650945,0.06864799932372985,0.054295182258475655
immediate_greedy,6,350,2974,2684,0.902488231338265,0.09751176866173504,0.0,0.09751176866173504,258.77908212552387,238.47193762139705,436.3000494321304,233.81857966654385,1073.6,0.5017817116447358,258.27730041387906,0.028873915815223375,0.16646326886154544,0.8046628153232313,3613,1.204262385828951,0.02119598671567954,0.05536399999982681,0.04697091006138244
immediate_greedy,7,350,2943,2731,0.927964661909616,0.07203533809038397,0.0,0.07203533809038397,226.5114657456788,206.61835718161274,392.3296991348325,210.26125790305713,1092.4,0.19082289184965986,226.3206428538292,0.03474815059891932,0.15216006187515413,0.8130917875259266,3573,1.0663308144416457,0.02088393504747355,0.035911999584641204,0.04773462783171521
immediate_greedy,0,400,2956,2927,0.9901894451962111,0.009810554803788904,0.0,0.009810554803788904,135.7931547146021,116.47667963113327,252.98410486423165,134.4633018703933,1170.8,0.13094223190316606,135.66221248269895,0.1454854767482353,0.09388877510104521,0.7606257481507195,3605,1.0399445214979195,0.01940022190516003,0.03219999962311704,0.05601493731661777
immediate_greedy,1,400,2855,2832,0.9919439579684763,0.008056042031523642,0.0,0.008056042031523642,130.4490914379028,112.62059927424752,250.7476514155209,129.40164373720276,1132.8,0.09815572013173961,130.35093571777105,0.16229465544071192,0.08813689373120931,0.7495684508280789,3504,1.0345319634703196,0.020899115290613075,0.03339999966556206,0.05186206896551724
immediate_greedy,2,400,3002,2927,0.975016655562958,0.024983344437041973,0.0,0.024983344437041973,155.10351667861872,134.2992363507865,288.6678037851934,151.23285047433993,1170.8,0.0980122689018166,155.00550440971688,0.1402970478836383,0.10422425718530587,0.7554786949310558,3692,1.0333152762730227,0.019886917644930027,0.034527000643720426,0.04665792922673657
immediate_greedy,3,400,2945,2924,0.9928692699490662,0.007130730050933786,0.0,0.007130730050933786,137.63361719570167,122.28823385310295,247.60360353109587,136.65456649822133,1169.6,0.1132624027392748,137.5203547929624,0.13911894003615244,0.09452167726196711,0.7663593827018805,3634,1.0407264722069345,0.021532828826992246,0.03386799957297629,0.05817028027498678
immediate_greedy,4,400,2902,2849,0.981736733287388,0.01826326671261199,0.0,0.01826326671261199,137.28759217787007,115.53406239698779,266.2481768996745,134.79297800012094,1139.6,0.09918691526143054,137.18840526260863,0.15522560679076502,0.09286525392619971,0.7519091392830353,3563,1.0364861072130227,0.02349654788803724,0.03280000055383425,0.04722904722904723
immediate_greedy,5,400,3099,3023,0.9754759599870926,0.02452404001290739,0.0,0.02452404001290739,176.85073402713826,159.7495590687504,318.64474669964625,172.5196379916674,1209.2,0.10893274046993856,176.7418012866683,0.08378209896301943,0.11906030097680333,0.7971576000601772,3758,1.0380521554018094,0.021023363484019956,0.035142999422532725,0.04821749166452936
immediate_greedy,6,400,2974,2929,0.9848688634835239,0.015131136516476126,0.0,0.015131136516476126,162.09167548745808,144.21222559114358,293.42731703316684,159.64201851620703,1171.6,0.11468352081970093,161.97699196663834,0.12490768946008514,0.10677241821937779,0.7683198923205371,3622,1.0416896742131418,0.019528768659262986,0.032778998956928256,0.05353829843625762
immediate_greedy,7,400,2943,2914,0.9901461094121644,0.009853890587835541,0.0,0.009853890587835541,133.1520375105081,118.32980699748896,242.38513699687684,131.84615181957864,1165.6,0.10345053996842311,133.0485869705397,0.1396589135595756,0.09167020008830508,0.7686708863521192,3602,1.0349805663520266,0.020592115521010652,0.03379800087714098,0.05284334763948498
immediate_greedy+aware(V=900.0),0,250,2956,1905,0.6444519621109608,0.3555480378890392,0.22834912043301758,0.12719891745602166,550.424513306939,552.8835385208731,702.897616926043,417.4124022071287,762.0,185.11332972296012,365.311183583979,0.00012921564225987196,0.21293966304630646,0.7869311213114337,2181,46.00366804218248,0.34909128840160125,0.6391599996277353,0.05113636363636364
immediate_greedy+aware(V=900.0),1,250,2855,1882,0.6591943957968477,0.34080560420315237,0.20490367775831875,0.13590192644483362,546.4571798571689,550.827666692734,707.0323598111913,420.963908844443,752.8,177.5304077931364,368.92677206403255,3.300095845517757e-05,0.21390905188666745,0.7860579471548774,2184,44.157051282051285,0.3245120421471613,0.6113679998452426,0.044211947350658115
immediate_greedy+aware(V=900.0),2,250,3002,1909,0.6359093937375083,0.3640906062624917,0.24283810792804797,0.12125249833444371,561.8060549471857,567.352889932683,713.0434595737527,424.8941856784448,763.6,190.52978798601222,371.27626696117335,7.457248386450616e-05,0.21796376938265416,0.7819616581334813,2191,48.78548607941579,0.35449799181241815,0.6710799998472793,0.04607225720914816
immediate_greedy+aware(V=900.0),3,250,2945,1856,0.6302207130730051,0.3697792869269949,0.25127334465195245,0.11850594227504245,556.8390999815492,560.405773590857,706.4335380552816,418.5069684133405,742.4,188.61292505814595,368.2261749234033,6.646773696593097e-05,0.2103346534510435,0.7895988788119905,2111,47.96826148744671,0.36346390336917905,0.8164400001987864,0.04829931972789116
immediate_greedy+aware(V=900.0),4,250,2902,1868,0.6436940041350793,0.35630599586492073,0.23880082701585115,0.11750516884906961,566.3995853273218,567.2738408619293,721.369400808692,431.4052099817259,747.2,197.58509437988334,368.81449094743834,0.0,0.2100306921691885,0.7899693078308114,2046,47.3088954056696,0.35894403715503814,0.659635000010894,0.05340136054421769
immediate_greedy+aware(V=900.0),5,250,3099,1867,0.6024524040012907,0.39754759599870926,0.2855759922555663,0.11197160374314295,575.3929388842789,578.9907406813318,726.7772588206714,423.21480587531056,746.8,204.60391145900917,370.78902742526975,5.982341414682297e-05,0.21296035879564962,0.7869798177902035,2160,52.72083333333333,0.3920537962796044,0.8509910001339398,0.04933650901667234
immediate_greedy+aware(V=900.0),6,250,2974,1852,0.6227303295225286,0.3772696704774714,0.24546065904505715,0.13180901143241425,560.4945817275877,567.1155600362677,714.9808817114747,416.59713431246723,740.8,186.44619644255351,374.04838528503427,0.00023659927847621454,0.21520372317429773,0.784559677547226,2281,49.384918895221396,0.36871091624573776,0.8481799999572072,0.04697072838665759
immediate_greedy+aware(V=900.0),7,250,2943,1868,0.6347264695888549,0.3652735304111451,0.23649337410805302,0.12878015630309209,549.2136296029777,556.1319105126036,703.4309803178942,415.00818410821415,747.2,181.37800379283402,367.8356258101437,1.544491046727853e-05,0.21026947718031955,0.7897150779092131,2225,44.78696629213483,0.35004651685473587,0.9902919999149105,0.056818181818181816
immediate_greedy+aware(V=900.0),0,300,2956,2298,0.7774018944519621,0.22259810554803788,0.07171853856562922,0.15087956698240865,462.71434842605686,464.6407245442688,625.9771674052064,385.4353667195429,919.2,96.43583127952706,366.2785171465298,0.00044757006664287736,0.21374298521657795,0.7858094447167792,2739,24.142752829499816,0.18604348302039034,0.5143000016687438,0.05028571428571429
immediate_greedy+aware(V=900.0),1,300,2855,2254,0.7894921190893169,0.210507880910683,0.06549912434325744,0.14500875656742557,448.6325261269311,455.1619028538007,619.5727032146174,376.8358111858549,901.6,85.01975659934618,363.6127695275849,0.0007839842410233474,0.20927994250402313,0.7899360732549536,2882,21.775156141568356,0.166600208196553,0.39377600001898827,0.04218289085545723
immediate_greedy+aware(V=900.0),2,300,3002,2302,0.7668221185876083,0.23317788141239174,0.0949367088607595,0.13824117255163224,480.9287134240303,487.6746076134482,648.5337472869593,401.1025395611345,920.8,116.23519817484744,364.69351524918284,0.0008562710214916577,0.21114028964675183,0.7880034393317564,2713,29.780685587910064,0.22768746775309603,0.5273000006127404,0.0464123006833713
immediate_greedy+aware(V=900.0),3,300,2945,2270,0.7707979626485568,0.22920203735144312,0.08421052631578947,0.14499151103565366,471.44771086453125,479.90551747688096,640.6682040476223,394.12815571855816,908.0,109.21465805056549,362.23305281396586,0.0008154535375790315,0.21034967119642528,0.7888348752659956,2760,27.33731884057971,0.20573478262161624,0.4839560000436902,0.049067431850789094
immediate_greedy+aware(V=900.0),4,300,2902,2267,0.78118538938663,0.2188146106133701,0.0709855272226051,0.14782908339076498,476.81504354069654,484.8590818010616,631.3985242018964,398.7528242142329,906.8,107.33784529857076,369.47719824212584,0.00024826325153580464,0.21179857320280682,0.7879531635456574,2718,25.954378219278883,0.19802689474731713,0.46031500049139135,0.04812989272252827
immediate_greedy+aware(V=900.0),5,300,3099,2262,0.7299128751210068,0.2700871248789932,0.12810584059373992,0.1419812842852533,505.6787110206763,511.16540947835256,667.0238030377083,409.65153042902176,904.8,134.97494875199183,370.7037622686846,0.00021432364860506182,0.21240489319918604,0.7873807831522089,2679,36.51661067562523,0.28593508773351123,0.7766139997329429,0.05184760813520481
immediate_greedy+aware(V=900.0),6,300,2974,2246,0.7552118359112306,0.24478816408876933,0.08776059179556153,0.1570275722932078,475.2897204013515,484.24830363022284,639.5850666872243,389.08157842329564,898.4,105.68663988884067,369.60308051251076,0.0008586499713627175,0.2132081207390897,0.7859332292895476,2928,27.809084699453553,0.228057001392868,0.5973730012192391,0.044495810459404796
immediate_greedy+aware(V=900.0),7,300,2943,2280,0.7747196738022426,0.2252803261977574,0.08222901800883452,0.14305130818892287,460.6390684700902,472.20011306466677,641.3715669368988,384.3316322809372,912.0,102.01685207371607,358.62221639637403,0.0016462675676100354,0.2088278248303021,0.7895259076020879,3006,25.723220226214238,0.20659105125550942,0.5423749992587544,0.04778453518679409
immediate_greedy+aware(V=900.0),0,350,2956,2754,0.9316644113667117,0.06833558863328823,0.0,0.06833558863328823,259.976563896301,241.88986452876998,451.401767582982,243.1053522091059,1101.6,4.38768407880763,255.58887981749336,0.024074569038531585,0.1658376309229797,0.8100878000384887,3842,2.447683498178032,0.03206158251090318,0.08971799996288612,0.051996783704100775
immediate_greedy+aware(V=900.0),1,350,2855,2708,0.9485113835376532,0.05148861646234676,0.0,0.05148861646234676,225.0352240023278,199.53114380617262,410.872552946607,213.94909403652576,1083.2,2.351110943088618,222.68411305923917,0.03980480323565153,0.1459613116361827,0.8142338851281657,3777,1.7357691289383108,0.025536748766049187,0.058247999259037855,0.05421023665382499
immediate_greedy+aware(V=900.0),2,350,3002,2711,0.9030646235842772,0.09693537641572285,0.0029980013324450365,0.09393737508327782,298.48914247009384,287.7264065078489,492.08276542125714,272.3782624214805,1084.4,11.99027385199731,286.4988686180966,0.027425864143411978,0.17871302960446334,0.7938611062521247,4032,4.83953373015873,0.05232502481913033,0.16897599994990745,0.0500261917234154
immediate_greedy+aware(V=900.0),3,350,2945,2739,0.9300509337860781,0.0699490662139219,0.0020373514431239388,0.06791171477079797,243.53160312967853,220.27494735429264,431.9442174245649,228.02887914189688,1095.6,4.070359978125893,239.46124315155268,0.02880221739137655,0.155363104973239,0.8158346776353844,3816,2.484538784067086,0.03371624739956737,0.08856999984345747,0.05299600532623169
immediate_greedy+aware(V=900.0),4,350,2902,2730,0.9407305306685044,0.059269469331495524,0.0006891798759476223,0.0585802894555479,244.45276800691664,222.11436888605976,432.51992390388773,231.29987198326455,1092.0,4.801288822279713,239.65147918463697,0.02540768121569112,0.15594385165782074,0.8186484671264881,3867,2.622187742435997,0.03455652961354537,0.10987199984811025,0.053459972862957936
immediate_greedy+aware(V=900.0),5,350,3099,2670,0.861568247821878,0.13843175217812198,0.011616650532429816,0.12681510164569215,356.32575820948523,356.7111885236943,543.8010051037734,314.0760514220981,1068.0,33.471316781261606,322.8544414282236,0.009255343683275817,0.19553583433151492,0.7952088219852093,3660,10.279781420765028,0.09542464480635646,0.39198200085593266,0.05210214083053907
immediate_greedy+aware(V=900.0),6,350,2974,2699,0.9075319435104237,0.09246805648957633,0.0033624747814391394,0.08910558170813719,285.19816987361975,271.7185660465084,470.9135615693726,260.8955072693065,1079.6,8.506757645874094,276.69141222774573,0.018912900986746195,0.17353756078077087,0.807549538232483,3816,3.658280922431866,0.04026467502624567,0.1578900000822611,0.05344323318266418
immediate_greedy+aware(V=900.0),7,350,2943,2708,0.9201495073054706,0.07985049269452939,0.0003397893306150187,0.07951070336391437,254.33062573053238,236.67904199154873,440.73985200119205,234.9611693544123,1083.2,3.8191566557272347,250.51146907480515,0.02723490113244572,0.16123893885408777,0.8115261600134666,3811,2.2170034111781685,0.030712621356754673,0.08395999939239122,0.05158516926383665
immediate_greedy+aware(V=900.0),0,400,2956,2930,0.9912043301759134,0.008795669824086604,0.0,0.008795669824086604,137.08221182369218,118.98982210466056,252.79896302741798,135.88922097466184,1172.0,0.3678143496918583,136.71439747400032,0.14495012954904749,0.09423007559550442,0.760819794855448,3722,1.1327243417517463,0.022119398185684473,0.041516000001138295,0.05601493731661777
immediate_greedy+aware(V=900.0),1,400,2855,2833,0.9922942206654991,0.007705779334500876,0.0,0.007705779334500876,130.2069877856811,112.9893504355041,248.9866164420596,129.22767891392508,1133.2,0.1272199559534493,130.07976782972761,0.16224172133246853,0.08775865096179117,0.7499996277057402,3519,1.0431940892298948,0.021320090944604905,0.036100000215810724,0.04765863119977833
immediate_greedy+aware(V=900.0),2,400,3002,2934,0.977348434377082,0.022651565622918056,0.0,0.022651565622918056,158.5972803920197,137.31667013511287,303.2644528917303,155.06768200618353,1173.6,0.5759629955719161,158.02131739644778,0.1364913179203283,0.10628310676614733,0.7572255753135244,3834,1.1823161189358373,0.027043766286507117,0.04540000009001233,0.04690775681341719
immediate_greedy+aware(V=900.0),3,400,2945,2923,0.9925297113752122,0.007470288624787776,0.0,0.007470288624787776,135.39964052670706,120.77909929292946,243.8868168459914,134.41785116992114,1169.2,0.1940512139403931,135.20558931276668,0.14052450203215164,0.09313891953555042,0.766336578432298,3684,1.0621606948968512,0.020883930497174737,0.034616999837453484,0.05692348424675669
immediate_greedy+aware(V=900.0),4,400,2902,2854,0.983459682977257,0.016540317022742935,0.00034458993797381116,0.016195727084769126,142.8014038741247,119.06498617708985,284.8317397553982,140.73083144299733,1141.6,1.2973482466285715,141.50405562749614,0.1516871303706937,0.09476192681080135,0.753550942818505,3814,1.5435238594651284,0.0290387257526804,0.08410000009462237,0.04306088864509051
immediate_greedy+aware(V=900.0),5,400,3099,3024,0.9757986447241046,0.02420135527589545,0.0006453694740238787,0.02355598580187157,184.3578967794269,166.5025634947765,334.02568283914854,180.18796233310684,1209.6,0.7045541602994227,183.65334261912747,0.0808175515755416,0.1226866118379247,0.7964958365865338,3876,1.2964396284829722,0.024588983485014926,0.05495000004884787,0.05213391259902888
immediate_greedy+aware(V=900.0),6,400,2974,2936,0.9872225958305313,0.012777404169468728,0.0,0.012777404169468728,163.97274403469407,147.7900118680086,298.2227356044159,161.89338746798774,1174.4,0.33150931273731155,163.64123472195678,0.12227166003522268,0.10818090394897434,0.7695474360158031,3691,1.1197507450555404,0.02167320512766146,0.04270999961590859,0.045199251136667555
immediate_greedy+aware(V=900.0),7,400,2943,2917,0.9911654774040095,0.008834522595990485,0.0,0.008834522595990485,134.55765333882584,120.0338020692152,242.19658503151916,133.3765460965544,1166.8,0.14220829538160318,134.41544504344427,0.13935457116019748,0.09247348606337495,0.7681719427764276,3643,1.0507823222618722,0.02800186658629383,0.04261600148311116,0.054111974283418164
immediate_greedy+aware(V=1500.0),0,250,2956,1845,0.6241542625169147,0.37584573748308525,0.16407307171853858,0.21177266576454667,565.1846475265475,564.4102631832957,749.7568205380369,412.32714341378596,738.0,158.6835497660714,406.5010977604761,0.0,0.2396840235041818,0.7603159764958183,2143,39.30004666355576,0.3003331777960318,0.6257579998418805,0.0499843798812871
immediate_greedy+aware(V=1500.0),1,250,2855,1834,0.6423817863397548,0.3576182136602452,0.16042031523642733,0.19719789842381785,558.6216795910501,557.9767142091391,741.663512155557,415.80791054986116,733.6,155.2462505342511,403.375429056799,0.0,0.23607216230512193,0.763927837694878,2179,38.32262505736576,0.28512487379564017,0.5995059995984761,0.04381443298969072
immediate_greedy+aware(V=1500.0),2,250,3002,1845,0.6145902731512325,0.3854097268487675,0.17621585609593604,0.20919387075283144,579.229018946519,580.5929155137965,761.9943086836007,421.27860149399265,738.0,171.94408681613814,407.2849321303807,5.434176527007084e-05,0.23772606877099556,0.7622195894637344,2290,44.109606986899564,0.331993187751422,0.650599000073271,0.048690292758089365
immediate_greedy+aware(V=1500.0),3,250,2945,1805,0.6129032258064516,0.3870967741935484,0.19117147707979626,0.19592529711375212,579.4642150881366,577.1441511309558,770.5639064493333,420.7506032888814,722.0,169.34874863313348,410.11546645500306,0.0,0.2380598760015255,0.7619401239984745,2091,43.494978479196554,0.3270261119168288,0.6034399999407469,0.04564315352697095
immediate_greedy+aware(V=1500.0),4,250,2902,1827,0.629565816678153,0.370434183321847,0.17987594762232942,0.19055823569951758,581.8470162944502,585.2108374633417,764.8630428106834,430.42838727485804,730.8,178.88887687074714,402.958139423703,0.0,0.23245689985128076,0.7675431001487192,2132,42.93527204502814,0.3151966697725761,0.5795269996633583,0.05727012408526885
immediate_greedy+aware(V=1500.0),5,250,3099,1810,0.5840593739916102,0.4159406260083898,0.2132946111648919,0.2026460148434979,589.526614505974,589.6722359467956,777.2206316367377,417.75232968671475,724.0,182.81233628737408,406.7142782185999,6.802035493205444e-07,0.23437703629123466,0.765622283505216,2196,48.11976320582878,0.3608223588494871,0.7689450004363613,0.04389011682980739
immediate_greedy+aware(V=1500.0),6,250,2974,1785,0.6002017484868863,0.39979825151311366,0.18997982515131137,0.20981842636180228,581.1440659067702,585.7793608775937,758.4560006731635,414.4770822317183,714.0,167.3805555050196,413.7635104017506,0.0,0.24016636673129002,0.75983363326871,2181,43.872994039431454,0.33450816139594003,0.6545400014147162,0.04487179487179487
immediate_greedy+aware(V=1500.0),7,250,2943,1807,0.6139993204213388,0.38600067957866124,0.18450560652395515,0.20149507305470607,567.069645902032,570.5140374824437,757.2909072374201,412.48941010709245,722.8,162.26689057197748,404.80275533005454,2.056274249707672e-05,0.23129063428602437,0.7686888029714786,2251,39.87872056863616,0.3087353620493543,0.9376999996675295,0.05486837932128132
immediate_greedy+aware(V=1500.0),0,300,2956,2240,0.7577807848443843,0.2422192151556157,0.02334235453315291,0.21887686062246278,445.28109820814586,443.0568939328282,650.7094165990984,354.4399711417786,896.0,57.21741853498028,388.06367967316555,0.0010689196866770442,0.2286330236369198,0.7702980566764032,2844,14.074542897327708,0.11991779184669052,0.370627998927377,0.04435261707988981
immediate_greedy+aware(V=1500.0),1,300,2855,2221,0.7779334500875656,0.22206654991243432,0.01436077057793345,0.20770577933450088,394.58529782987586,390.1157309714181,612.6129355700587,317.23418581078647,888.4,34.478180535422844,360.107117294453,0.0029092314609429687,0.21437063861949457,0.7827201299195624,3381,10.182194616977226,0.09724137829529897,0.33226000014110424,0.053790412486064657
immediate_greedy+aware(V=1500.0),2,300,3002,2249,0.7491672218520986,0.2508327781479014,0.021985343104596936,0.22884743504330446,428.8851258644469,427.04456875189226,632.3927879605806,336.37806123040616,899.6,43.22577337435793,385.65935249008896,0.0016812674281611079,0.2292724585348956,0.7690462740369433,3441,12.326939843068875,0.10106579481877856,0.36325999972177664,0.04876099120703437
immediate_greedy+aware(V=1500.0),3,300,2945,2223,0.7548387096774194,0.24516129032258063,0.021392190152801357,0.2237691001697793,447.9314401259556,451.4942037221181,651.6677959541845,355.9577172154032,889.2,59.65436670242634,388.2770734235293,0.001192218047259474,0.22826037134903385,0.7705474106037068,3009,15.529744101030243,0.1268596211348881,0.33078399959777016,0.054579843285598485
immediate_greedy+aware(V=1500.0),4,300,2902,2200,0.7580978635423845,0.24190213645761544,0.02308752584424535,0.2188146106133701,458.67931301064175,460.20028591042546,659.8340996619942,365.58534721388804,880.0,63.22149088319526,395.4578221274465,0.000397340495987542,0.23005771504423975,0.7695449444597727,2902,15.722605099931082,0.1269914197174944,0.3094880010758058,0.04651810584958217
immediate_greedy+aware(V=1500.0),5,300,3099,2188,0.7060342045821233,0.2939657954178767,0.05969667634720878,0.23426911907066797,505.8633901004337,513.0673398333338,693.2748966268829,389.47231140299965,875.2,97.13675265686057,408.7266374435732,1.6881820846971703e-05,0.2362071272363065,0.7637759909428465,2701,25.611995557201038,0.2004971862247858,0.5543999996007187,0.05036358739563695
immediate_greedy+aware(V=1500.0),6,300,2974,2194,0.7377269670477471,0.26227303295225285,0.02151983860121049,0.24075319435104237,460.16953884594307,461.4761359630943,657.8691124682834,357.9591563292802,877.6,63.90011146786871,396.2694273780742,0.0006014759759638446,0.23080837942883375,0.7685901445952025,3083,16.574116120661692,0.13758709047690248,0.3592340012983184,0.045454545454545456
immediate_greedy+aware(V=1500.0),7,300,2943,2222,0.7550118926265715,0.24498810737342847,0.026843357118586476,0.218144750254842,432.3332341455164,437.29750057071874,634.0508359747622,342.70968405803393,888.8,54.64816187958808,377.68507226592834,0.002573222299614449,0.22308723331614708,0.7743395443842385,3105,13.752012882447666,0.1310280837400197,0.4279079994012137,0.052949245541838136
immediate_greedy+aware(V=1500.0),0,350,2956,2742,0.9276048714479026,0.07239512855209743,0.0,0.07239512855209743,255.026468428831,233.97407308752918,430.728488588081,236.9614761301129,1096.8,1.4325275276393958,253.59394090119164,0.025428916076511234,0.1660493510167663,0.8085217329067224,3658,1.4685620557681793,0.02509466923684561,0.05788599979496208,0.04506206152185645
immediate_greedy+aware(V=1500.0),1,350,2855,2699,0.9453590192644483,0.05464098073555167,0.0,0.05464098073555167,221.65669607401801,197.0720473319593,396.3870947640924,209.69694389454534,1079.6,0.6363013005025862,221.02039477351548,0.041596477243118796,0.14649978250377807,0.8119037402531032,3584,1.2114955357142858,0.0211678571585391,0.042899999552901136,0.04923928077455048
immediate_greedy+aware(V=1500.0),2,350,3002,2701,0.8997335109926715,0.10026648900732844,0.0,0.10026648900732844,277.4009110935318,252.34677060077865,481.74252046767197,250.74830478511595,1080.4,2.8820412535058026,274.51886984002607,0.030878675375498755,0.17650297276221544,0.7926183518622858,3856,2.303163900414938,0.03154753630810227,0.09673499907876243,0.05213764337851929
immediate_greedy+aware(V=1500.0),3,350,2945,2724,0.9249575551782683,0.07504244482173175,0.0,0.07504244482173175,243.46272931062703,219.80822170211377,431.1892384277265,225.62376470639748,1089.6,1.9197276700010861,241.54300164062596,0.027628217851745577,0.1580180862248352,0.8143536959234192,3707,1.6387914755867279,0.026016590229437142,0.07430000005115289,0.04682900722504683
immediate_greedy+aware(V=1500.0),4,350,2902,2734,0.9421088904203997,0.057891109579600274,0.0,0.057891109579600274,231.1635491058802,209.34040057407492,401.0479176336957,218.1394896598888,1093.6,1.4431657332431747,229.720383372637,0.029206403163766884,0.15256762809044952,0.8182259687457836,3631,1.5125309832002203,0.02322737538210288,0.0816100004158215,0.04670854957661841
immediate_greedy+aware(V=1500.0),5,350,3099,2664,0.8596321393998064,0.1403678606001936,0.0012907389480477573,0.13907712165214586,315.4896487734478,296.7488383671837,531.5295044996537,274.0930431845281,1065.6,8.840612269609084,306.6490365038388,0.012212657276515007,0.19201808276571564,0.7957692599577694,3741,3.664260892809409,0.04279339748929091,0.21785999961139163,0.05674300254452926
immediate_greedy+aware(V=1500.0),6,350,2974,2677,0.9001344989912575,0.09986550100874243,0.0010087424344317419,0.0988567585743107,270.15070226395073,250.49988561043028,463.4478359713234,244.23103147068977,1070.8,3.0321787681876087,267.1185234957631,0.02505770219817253,0.17022717369478643,0.804715124107041,3706,1.9951430113329736,0.03472274691280568,0.10937999995803686,0.05005324813631523
immediate_greedy+aware(V=1500.0),7,350,2943,2720,0.9242269792728508,0.07577302072714917,0.0003397893306150187,0.07543323139653414,242.2789797641946,219.3803399863432,432.5496968465229,224.42869543107977,1088.0,1.5003148505503632,240.7786649136443,0.030479032774469925,0.15892446196400128,0.8105965052615288,3644,1.5101536772777169,0.02403619650023485,0.07295700073882473,0.056654195617316945
immediate_greedy+aware(V=1500.0),0,400,2956,2926,0.989851150202977,0.010148849797023005,0.0,0.010148849797023005,137.07346580701375,118.65091152165951,255.3859892077062,135.68837937021343,1170.4,0.17625937325528898,136.89720643375847,0.14516715771509134,0.0945070177003734,0.7603258245845352,3615,1.0597510373443984,0.021119806362729986,0.039444000722141985,0.05576307363927428
immediate_greedy+aware(V=1500.0),1,400,2855,2832,0.9919439579684763,0.008056042031523642,0.0,0.008056042031523642,130.4490914379028,112.62059927424752,250.7476514155209,129.40164373720276,1132.8,0.09815572013173961,130.35093571777105,0.16229465544071192,0.08813689373120931,0.7495684508280789,3504,1.0345319634703196,0.026805251137441755,0.03620000092269038,0.05186206896551724
immediate_greedy+aware(V=1500.0),2,400,3002,2925,0.9743504330446369,0.025649566955363093,0.0,0.025649566955363093,153.52571857880963,133.15896215086832,286.53604850284114,149.60831854875812,1170.0,0.14756475082763967,153.37815382798198,0.14030314028744476,0.10307539898637322,0.7566214607261821,3722,1.054003224073079,0.023579822678596336,0.03749999996216502,0.050887265135699376
immediate_greedy+aware(V=1500.0),3,400,2945,2925,0.9932088285229203,0.006791171477079796,0.0,0.006791171477079796,135.62274298033708,121.07320248286487,245.31609840375975,134.70173513230498,1170.0,0.12710763378676315,135.49563534655033,0.13919960442958984,0.09355754573326226,0.7672428498371479,3638,1.0431555799890049,0.020933095090044318,0.03450000009252108,0.05817028027498678
immediate_greedy+aware(V=1500.0),4,400,2902,2852,0.9827705031013094,0.01722949689869056,0.0,0.01722949689869056,138.54836473916865,115.36528167511597,265.19227835348346,136.33871018667753,1140.8,0.6717303269488282,137.8766344122198,0.1534581687580765,0.09324838170985213,0.7532934495320713,3720,1.2954301075268817,0.024476129024689177,0.07470000093235285,0.047748976807639835
immediate_greedy+aware(V=1500.0),5,400,3099,3024,0.9757986447241046,0.02420135527589545,0.0,0.02420135527589545,174.56670390731057,156.91259506514984,315.0612902464982,170.3798532213994,1209.6,0.1732748467850561,174.39342906052556,0.08565327749517862,0.1177485158271354,0.796598206677686,3785,1.0644649933949801,0.022126869220952344,0.038015999962226474,0.05089514066496164
immediate_greedy+aware(V=1500.0),6,400,2974,2932,0.9858776059179556,0.014122394082044385,0.0,0.014122394082044385,162.59521527411786,145.093544564093,293.8910813677657,160.30823273726713,1172.8,0.15079673713425945,162.4444185369836,0.12332417269068748,0.10790448191182182,0.7687713453974907,3642,1.0507962657880285,0.024076414068534696,0.03609999839682132,0.05177907594264471
immediate_greedy+aware(V=1500.0),7,400,2943,2914,0.9901461094121644,0.009853890587835541,0.0,0.009853890587835541,133.60040763377071,118.62438862840122,243.80948946249137,132.28787370243853,1165.6,0.13680095119067767,133.46360668258004,0.1397890951064586,0.09180268820900024,0.7684082166845412,3611,1.0434782608695652,0.03209756300414543,0.03963000035582815,0.05233494363929147
batched_greedy@5s,0,250,2956,2085,0.7053450608930988,0.2946549391069012,0.2198917456021651,0.07476319350473613,364.93285378043544,333.32420429623835,556.9374527876895,317.546663235875,834.0,98.86077722053129,266.0720765599042,0.00013830669775794782,0.14256214009214693,0.8572995532100951,1679,35.70279928528886,0.04820208456709428,0.21202599906246186,0.04961958319550116
batched_greedy@5s,1,250,2855,2015,0.7057793345008757,0.29422066549912435,0.17267950963222417,0.12154115586690017,366.52051143887616,335.6746348034394,568.8436508346559,311.96982351284066,806.0,81.5754533731413,284.9450580657349,0.0002557064712265993,0.15533712756755694,0.8444071659612166,1764,29.563492063492063,0.04939756235672697,0.19540300003427527,0.0512987012987013
batched_greedy@5s,2,250,3002,2117,0.7051965356429047,0.29480346435709526,0.24283810792804797,0.0519653564290473,367.189015121308,338.87729004034736,552.3570884629489,325.57593275911444,846.8,109.12127012475412,258.0677449965539,0.0,0.13444007005767292,0.865559929942327,1681,40.06186793575253,0.051868649602643695,0.2333599997655258,0.046519300560871
batched_greedy@5s,3,250,2945,2062,0.700169779286927,0.299830220713073,0.2567062818336163,0.04312393887945671,362.6660088096714,337.6281467580782,544.3168794243062,324.1142015894542,824.8,112.33260506700452,250.33340374266695,0.0,0.11860114394260718,0.8813988560573929,1642,41.702801461632156,0.0533022533685726,0.21358399962991764,0.05602716468590832
batched_greedy@5s,4,250,2902,2087,0.7191592005513439,0.2808407994486561,0.2164024810475534,0.06443831840110269,366.6758410171872,337.1232361758157,558.7150511744798,327.56194861897274,834.8,102.57474151917253,264.1010994980146,2.1166078132919616e-05,0.13689524302824743,0.8630835908936197,1709,37.21357519016969,0.04870503220277075,0.23549199977423996,0.05950413223140496
batched_greedy@5s,5,250,3099,2098,0.6769925782510487,0.32300742174895125,0.2846079380445305,0.038399483704420784,370.4096462130632,336.81683462013916,577.4540768244891,329.24931392861237,839.2,120.56190773037103,249.84773848269214,0.0,0.12012189075793918,0.8798781092420609,1620,46.995679012345676,0.054736543181745756,0.2014490006877166,0.05202312138728324
batched_greedy@5s,6,250,2974,2024,0.6805648957632818,0.3194351042367182,0.22394082044384667,0.09549428379287156,376.75410497167354,340.77368359212414,586.5203946769836,320.17903657940167,809.6,101.217638593025,275.5364663786486,3.493240623674016e-05,0.14435891346590465,0.8556061541278586,1698,37.851590106007066,0.05242550055830215,0.24529800000891538,0.05452742894910773
batched_greedy@5s,7,250,2943,2020,0.6863744478423377,0.31362555215766225,0.20931022765885152,0.10431532449881074,373.4461852189403,339.67697097520045,585.0520929471725,316.1799320894597,808.0,96.51040619928517,276.9357790196552,0.0001406228434975217,0.14753977412730404,0.8523196030291984,1760,32.67613636363637,0.04818039771779778,0.21727599956648302,0.04240631163708087
batched_greedy@5s,0,300,2956,2357,0.797361299052774,0.20263870094722597,0.04330175913396482,0.15933694181326116,349.96914881229634,323.22682125195024,562.834424687416,292.02992911269143,942.8,35.49727830366125,314.4718705086351,0.002477510796339927,0.18631724549159037,0.8112052437120697,1866,11.812968917470526,0.04111891749156437,0.2503500004422675,0.04880089235917457
batched_greedy@5s,1,300,2855,2270,0.7950963222416813,0.20490367775831875,0.008756567425569177,0.19614711033274956,334.63553715180575,305.3493505138997,558.8202730114295,271.62184427757603,908.0,13.7190216543563,320.91651549744944,0.0036985776321313705,0.19181026977400512,0.8044911525938636,1898,5.7834562697576395,0.042632718658117914,0.2621470013036741,0.047193521362747834
batched_greedy@5s,2,300,3002,2279,0.7591605596269154,0.2408394403730846,0.0069953364423717525,0.23384410393071287,358.94301342261815,326.77945242452915,577.9024219802619,277.86521864221453,911.6,15.995857435679405,342.9471559869387,0.0027536652256788864,0.20754945985940282,0.7896968749149184,1952,6.177766393442623,0.04005788932903163,0.27564899892240646,0.047167325428194996
batched_greedy@5s,3,300,2945,2272,0.7714770797962649,0.22852292020373516,0.013242784380305603,0.21528013582342953,359.49345772727247,328.3475827213938,603.9481432210026,283.5217868144491,908.8,17.28442347941313,342.20903424785934,0.002557212940969765,0.20896130277124536,0.788481484287785,1963,6.453387671930718,0.03984314822729873,0.253635998778918,0.051171559385941284
batched_greedy@5s,4,300,2902,2251,0.7756719503790489,0.22432804962095107,0.0034458993797381117,0.22088215024121297,353.92968423891347,327.0310046218601,585.9483646592871,278.6412577935307,900.4,11.475165488546832,342.4545187503666,0.0024318961799827117,0.20710910162559162,0.7904590021944257,1952,4.783299180327869,0.03795312500467277,0.26870300092923577,0.04552934722984092
batched_greedy@5s,5,300,3099,2334,0.7531461761858664,0.2468538238141336,0.08228460793804453,0.16456921587608905,367.1511397863675,333.1627468089805,590.1229165864962,301.69739653447783,933.6,49.99017417299393,317.16096561337355,0.0012447192213961699,0.18148647297943762,0.8172688077991663,1844,18.004338394793926,0.04264940348637186,0.24041999928158436,0.047409040793825796
batched_greedy@5s,6,300,2974,2239,0.7528581035642232,0.24714189643577672,0.01109616677874916,0.23604572965702758,371.26008403633693,338.0175922208273,616.9223391016337,285.0688509398614,895.6,17.358973106420745,353.9011109299163,0.002936114252792693,0.21313340167752345,0.7839304840696838,1934,6.156670113753878,0.04119762149712413,0.264290000450274,0.047644683714670254
batched_greedy@5s,7,300,2943,2279,0.7743798844716276,0.2256201155283724,0.02616377845735644,0.19945633707101598,345.93532194701874,310.10533559986015,580.0808048806393,277.5754081542257,911.6,22.562900935286887,323.3724210117319,0.004404854968796148,0.19330337708523815,0.8022917679459657,1894,8.327349524815206,0.038497307260958145,0.23429799899531636,0.047960308710033074
batched_greedy@5s,0,350,2956,2771,0.9374154262516915,0.06258457374830853,0.0,0.06258457374830853,231.74228331495718,209.42152317964064,398.31774976460383,217.44979018350028,1108.4,2.7452784609683283,228.99700485398887,0.03265634117212255,0.15385324603642242,0.8134904127914551,1758,2.1257110352673494,0.05684704210973277,0.3146570002354571,0.042737354611847446
batched_greedy@5s,1,350,2855,2706,0.9478108581436077,0.05218914185639229,0.0,0.05218914185639229,212.38045583943008,190.58024336101266,377.1759126674483,201.45870769738775,1082.4,2.737747563119689,209.64270827631043,0.04767575874405353,0.13986727011824002,0.8124569711377065,1752,2.067922374429224,0.07899971463605955,0.3199179999501213,0.049764998617638924
batched_greedy@5s,2,350,3002,2714,0.9040639573617588,0.09593604263824117,0.0,0.09593604263824117,250.33510433571482,225.81366120659231,434.61268160343803,226.7303437648065,1085.6,2.898245086700574,247.43685924901425,0.03801288588243169,0.16135788559039463,0.8006292285271737,1799,2.2306837131739856,0.055819788767019894,0.3268600000228616,0.055324675324675325
batched_greedy@5s,3,350,2945,2725,0.9252971137521222,0.07470288624787776,0.0,0.07470288624787776,233.71454735766935,209.86054990173216,408.7682343144355,216.50428912046482,1090.0,2.884294610913094,230.83025274675626,0.031145289198568054,0.15313643049712378,0.8157182803043082,1794,2.121516164994426,0.059081270911674956,0.3434560008463449,0.054921729901830724
batched_greedy@5s,4,350,2902,2747,0.9465885596140593,0.05341144038594073,0.0,0.05341144038594073,212.80908902467644,193.8582499724539,368.2071669623754,201.64074076972145,1098.8,2.794979992394624,210.01410903228185,0.035125704289939455,0.14204477084645586,0.8228295248636047,1774,2.1071025930101466,0.06258900790936016,0.3140190008161879,0.052917232021709636
batched_greedy@5s,5,350,3099,2687,0.867053888351081,0.132946111648919,0.001936108422071636,0.13101000322684736,286.1232533888116,261.68411040972205,481.75638027630566,249.3537303834137,1074.8,4.8955970536716436,281.2276563351399,0.013115319478602958,0.17983086144621435,0.8070538190751827,1842,3.024972855591748,0.048308740512216196,0.3061030004573693,0.046822742474916385
batched_greedy@5s,6,350,2974,2696,0.9065232010759919,0.09347679892400806,0.0,0.09347679892400806,262.90936141815945,242.2810174822298,436.383629912772,238.7560760799039,1078.4,3.195274786971631,259.71408663118785,0.02520597287315002,0.16759690166011124,0.8071971254667388,1786,2.2737961926091823,0.08288622618267687,0.39170500131149355,0.055041016141836464
batched_greedy@5s,7,350,2943,2724,0.9255861365953109,0.0744138634046891,0.0,0.0744138634046891,233.31502515495413,208.50546140108327,407.38627309489254,216.21611145556776,1089.6,2.780528692807824,230.53449646214628,0.03734596739012014,0.15283029330195236,0.8098237393079275,1795,2.1036211699164347,0.06296640667921026,0.382227999689348,0.05029585798816568
batched_greedy@5s,0,400,2956,2921,0.9881596752368065,0.011840324763193504,0.0,0.011840324763193504,140.38614508152148,122.29997592457403,254.82065976897593,138.76398049622662,1168.4,2.76017896894971,137.62596611257177,0.14728472228205688,0.09428933883704864,0.7584259388808945,1769,2.1158846806105145,0.09915138496327815,0.3975159994297421,0.05450173657493989
batched_greedy@5s,1,400,2855,2833,0.9922942206654991,0.007705779334500876,0.0,0.007705779334500876,133.1352756455729,115.65755426490523,245.94414689184666,132.13742450518004,1133.2,2.746675193069219,130.38860045250368,0.16247229954180897,0.08778852089757498,0.7497391795606161,1747,2.070406410990269,0.10156182029410014,0.39790200051356767,0.049764998617638924
batched_greedy@5s,2,400,3002,2916,0.9713524317121919,0.028647568287808126,0.0,0.028647568287808126,160.5122256278673,140.27399830976265,299.8140408413583,155.99620381594767,1166.4,2.732819634948842,157.77940599291847,0.13960781227303834,0.10518813851084345,0.7552040492161183,1770,2.1576271186440676,0.09641327684159663,0.431587001367006,0.04665792922673657
batched_greedy@5s,3,400,2945,2928,0.9942275042444821,0.005772495755517827,0.0,0.005772495755517827,136.74977550314154,122.34110489927912,250.45331193431915,135.9763588448081,1171.2,2.8622467896505017,133.88752871349104,0.1409169540451894,0.09255201071065294,0.7665310352441577,1797,2.099610461880913,0.09512220369038094,0.41311200075142535,0.05592366816856613
batched_greedy@5s,4,400,2902,2853,0.9831150930392832,0.016884906960716747,0.0,0.016884906960716747,138.85305258450862,118.48061746374333,263.76358000937216,136.59209166021694,1141.2,2.739285393518001,136.1137671909906,0.15480910130820424,0.09212723880926948,0.7530636598825262,1764,2.0884353741496597,0.10170374145854609,0.41926000089006177,0.04252400548696845
batched_greedy@5s,5,400,3099,3022,0.9751532752500807,0.02484672474991933,0.0,0.02484672474991933,176.56945391251256,157.8248178639601,319.5359806837224,172.2701878715894,1208.8,2.7815099555523846,173.7879439569602,0.08428499830176986,0.11712703381664794,0.7985879678815822,1804,2.182926829268293,0.08503519955475852,0.42458800033273375,0.05307476397040061
batched_greedy@5s,6,400,2974,2930,0.9852051109616677,0.014794889038332213,0.0,0.014794889038332213,160.35056153398037,144.38577240302948,282.47993502826205,158.02552203147513,1172.0,2.82444896822774,157.52611256575264,0.1259452140779574,0.10512202947193781,0.7689327564501048,1774,2.127959413754228,0.09027812850062503,0.4086829996776941,0.05403973509933775
batched_greedy@5s,7,400,2943,2915,0.9904858987427795,0.009514101257220523,0.0,0.009514101257220523,133.85074500788406,120.21125256392679,241.0387950502205,132.60882897900763,1166.0,2.7753638640178564,131.0753811438662,0.14090201406835762,0.09103748120571742,0.7680605047259249,1784,2.0980941704035874,0.0936843609774096,0.38848700072776415,0.05663905957787871
batched_greedy@5s+aware(V=900.0),0,250,2956,2123,0.7182002706359946,0.28179972936400544,0.2425575101488498,0.03924221921515562,360.309046808626,337.8707328028713,544.9710979887409,323.9935341992452,849.2,111.64507217766419,248.66397463096183,0.00024240648184508366,0.12644476568563634,0.8733128278325185,1775,40.67887323943662,0.035605521104667456,0.1433859998724074,0.053079278666212995
batched_greedy@5s+aware(V=900.0),1,250,2855,2074,0.7264448336252189,0.2735551663747811,0.23222416812609456,0.04133099824868652,356.0121069608511,332.36130958423337,528.2866383617363,323.27965193031963,829.6,101.96586902169568,254.04623793915536,0.0003705872918150332,0.12736760809586878,0.8722618046123162,1792,37.89564732142857,0.03271428569766905,0.11907200032510439,0.04508912967493883
batched_greedy@5s+aware(V=900.0),2,250,3002,2125,0.7078614257161892,0.2921385742838108,0.254163890739507,0.0379746835443038,359.0295562568332,337.0889992921311,532.165011933724,324.3616998127288,850.0,109.13536925344646,249.8941870033868,0.0001440349992242894,0.12742642246693997,0.8724295425338358,1834,42.652671755725194,0.034989367504610826,0.14687899963973933,0.0378839590443686
batched_greedy@5s+aware(V=900.0),3,250,2945,2081,0.7066213921901529,0.2933786078098472,0.2628183361629881,0.030560271646859084,358.7139529235744,336.2959451055667,543.7155538816132,323.28940431582583,832.4,113.45684417018583,245.2571087533886,0.00011614712015614875,0.11737115031668163,0.8825127025631622,1764,42.69671201814059,0.03840929707363606,0.13069399972664475,0.05301455301455302
batched_greedy@5s+aware(V=900.0),4,250,2902,2099,0.7232942798070296,0.27670572019297035,0.2549965541006203,0.021709166092350102,355.0462114103997,331.5467411725358,533.0403675754869,326.789763291275,839.6,108.57318355875738,246.47302785164234,0.0,0.12029849709395381,0.8797015029060462,1703,40.69641808573106,0.03728173812160884,0.13799000018480012,0.054799301919720766
batched_greedy@5s+aware(V=900.0),5,250,3099,2094,0.675701839303001,0.324298160696999,0.29816069699903197,0.026137463697967087,360.5175238981838,336.00142152688386,546.5435487808656,324.071855740244,837.6,118.87915024391715,241.6383736542667,1.5257055799129577e-05,0.11545839811363544,0.8845263448305655,1757,47.74274331246443,0.03598321000513354,0.11453999948571442,0.05345366192294342
batched_greedy@5s+aware(V=900.0),6,250,2974,2070,0.6960322797579018,0.30396772024209817,0.26126429051782113,0.04270342972427707,362.7090016196684,339.08545989198683,548.4713428114153,321.9739868815307,828.0,105.5415561393874,257.16744548028106,0.00029546061939649654,0.13003334518610804,0.8696711941944955,1836,41.55174291938998,0.035188398696310984,0.13624499888464972,0.051094890510948905
batched_greedy@5s+aware(V=900.0),7,250,2943,2096,0.7121984369690791,0.2878015630309208,0.25178389398572887,0.036017669045191984,361.0802184472067,335.5658512068585,542.232457904654,326.97960499362785,838.4,109.09673185787982,251.98348658932687,9.603870921087643e-05,0.12732179340879582,0.8725821678819933,1786,40.12262038073908,0.03455352739777961,0.13128499995218643,0.05639097744360902
batched_greedy@5s+aware(V=900.0),0,300,2956,2458,0.8315290933694182,0.16847090663058187,0.09709066305818674,0.07138024357239513,349.76989884439104,329.7889928294743,517.9703371687392,316.74665755698595,983.2,65.3477464528667,284.4221523915243,0.0008957278357426121,0.15778695125827538,0.841317320905982,1958,22.344739530132788,0.03487584267675925,0.15615800073646827,0.04220779220779221
batched_greedy@5s+aware(V=900.0),1,300,2855,2387,0.836077057793345,0.163922942206655,0.0840630472854641,0.07985989492119089,339.9124108196448,320.37161554198065,521.0358227548877,308.19012011238954,954.8,55.66450017574739,284.2479106438974,0.0022217751352855224,0.1601958058487987,0.8375824190159158,2050,19.357560975609758,0.03160946339648501,0.14247499964767482,0.044077961019490255
batched_greedy@5s+aware(V=900.0),2,300,3002,2461,0.8197868087941372,0.18021319120586277,0.10959360426382411,0.07061958694203864,347.6984835786688,330.19576708822024,520.2206539302069,314.52200186913996,984.4,65.3299539562673,282.36852962240147,0.001742494838027366,0.1570783665285576,0.841179138633415,2058,23.57871720116618,0.031821039837302945,0.16076699912446246,0.039592430858806406
batched_greedy@5s+aware(V=900.0),3,300,2945,2404,0.8162988115449915,0.1837011884550085,0.1035653650254669,0.08013582342954159,347.462979382486,330.48611896364264,519.9343259613676,310.7681571078844,961.6,65.44431986253089,282.0186595199551,0.001207565743930854,0.1528665720245107,0.8459258622315584,2046,21.980938416422287,0.03532292280037023,0.14430999999603955,0.05071407752841737
batched_greedy@5s+aware(V=900.0),4,300,2902,2415,0.832184700206754,0.16781529979324603,0.08718125430737422,0.08063404548587182,351.48342532095955,333.3646992116064,524.0512165336912,317.6350442990851,966.0,60.64042323032438,290.8430020906352,0.001167103802100393,0.1616919979303295,0.83714089826757,2058,21.041302235179785,0.03749708456319861,0.1702149994162028,0.04827789225787459
batched_greedy@5s+aware(V=900.0),5,300,3099,2448,0.7899322362052275,0.21006776379477252,0.16553727008712488,0.044530493707647625,349.62781272198464,328.8203476330841,519.8579520424627,320.52393715048856,979.2,84.06362767847553,265.56418504350904,0.00040893650922313907,0.13658776892890667,0.8630032945618703,1943,32.35306227483273,0.034691662368073986,0.1387960002102772,0.051770306456411785
batched_greedy@5s+aware(V=900.0),6,300,2974,2414,0.8117014122394082,0.1882985877605918,0.11903160726294552,0.06926698049764626,351.3951542133292,330.4807350382889,528.5485735742969,315.6781845687033,965.6,68.99530429583001,282.3998499174992,0.0016438292859693529,0.1554080919632833,0.8429480787507474,2023,24.651507661888285,0.03523297083231315,0.17843400033598272,0.04576523031203566
batched_greedy@5s+aware(V=900.0),7,300,2943,2422,0.8229697587495752,0.17703024125042474,0.10669384981311587,0.07033639143730887,338.25698450141454,319.56991072720166,513.2975931761081,305.98466125975585,968.8,62.025256459513926,276.2317280419006,0.0019329614609364214,0.1530391889376645,0.8450278496013991,2056,22.336575875486382,0.032779182893384474,0.15444499977093093,0.05
batched_greedy@5s+aware(V=900.0),0,350,2956,2767,0.9360622462787551,0.06393775372124492,0.004397834912043302,0.05953991880920163,263.4931241659171,247.67308059512334,442.2165136420785,248.44225077829608,1106.8,9.450891195123193,254.04223297079386,0.023174829093838053,0.16143246358418423,0.8153927073219778,2009,4.297660527625684,0.035309059242161635,0.18360399997618523,0.04603303547251557
batched_greedy@5s+aware(V=900.0),1,350,2855,2718,0.9520140105078809,0.04798598949211909,0.0,0.04798598949211909,228.69997390597177,207.67458065161418,414.2724598666787,218.33119515184555,1087.2,4.879473435709477,223.82050047026232,0.03659516920036358,0.1470740400976833,0.8163307907019532,1893,2.7184363444268356,0.042941679834957724,0.18277999966812777,0.047922437673130196
batched_greedy@5s+aware(V=900.0),2,350,3002,2737,0.9117255163224517,0.0882744836775483,0.010659560293137908,0.0776149233844104,278.61370054208857,264.53322454253066,465.00789422466045,257.9194811805116,1094.8,13.385676969127086,265.22802357296143,0.02774970575072932,0.16515588812498885,0.8070944061242818,2058,6.221574344023324,0.037916520906029524,0.17470499979026521,0.0533929510783798
batched_greedy@5s+aware(V=900.0),3,350,2945,2754,0.935144312393888,0.06485568760611206,0.0040747028862478775,0.06078098471986418,243.0124108452364,222.8226016182325,425.97242805732816,229.15455708018558,1101.6,9.347442422110706,233.66496842312569,0.02732977310552147,0.15141647577762804,0.8212537511168505,1975,4.2283544303797465,0.03895721517288114,0.19736399895919016,0.04876741693461951
batched_greedy@5s+aware(V=900.0),4,350,2902,2743,0.945210199862164,0.05478980013783598,0.002412129565816678,0.052377670572019294,237.46915255134698,219.72160608323975,415.0747089236007,226.16009244939224,1097.2,7.689569853408181,229.77958269793876,0.02910896720489627,0.1498936651791895,0.8209973676159142,1976,3.7687246963562755,0.03826346154864987,0.17499999921710696,0.05378973105134474
batched_greedy@5s+aware(V=900.0),5,350,3099,2751,0.8877057115198451,0.1122942884801549,0.030655050016134236,0.08163923846402066,308.59412400984377,298.1393923086471,488.7934815712051,283.21575560663115,1100.4,29.22237753026974,279.3717464795741,0.010583318234720746,0.16686912595208028,0.8225475558131989,2027,11.600888011840158,0.03493093241122982,0.17378400007146413,0.05241090146750524
batched_greedy@5s+aware(V=900.0),6,350,2974,2725,0.9162743779421655,0.08372562205783457,0.008069939475453935,0.07565568258238063,281.0862665416925,270.2634012054841,465.4837054253865,260.4595112014105,1090.0,12.166340350562495,268.91992619113,0.01890728683539563,0.16721690203633932,0.8138758111282651,2017,5.220624690133862,0.03569008430453531,0.1883000004454516,0.05263157894736842
batched_greedy@5s+aware(V=900.0),7,350,2943,2740,0.9310227658851512,0.0689772341148488,0.0037376826367652057,0.0652395514780836,251.51744996190413,237.34436684825948,438.3923241445377,235.84103197142065,1096.0,9.796964470204918,241.72048549169918,0.02811787542960866,0.1553756913556937,0.8165064332146976,1979,4.335522991409803,0.040901869658699935,0.21948000005068036,0.049419389684039965
batched_greedy@5s+aware(V=900.0),0,400,2956,2928,0.9905277401894452,0.009472259810554804,0.00033829499323410016,0.009133964817320704,141.45565228228466,121.58967962002453,257.3863931280464,140.22469932524334,1171.2,2.998415348321054,138.4572369339636,0.14317797703435672,0.09579502224946365,0.7610270007161796,1800,2.2066666666666666,0.06877361111946811,0.26850199996260926,0.05979271857560457
batched_greedy@5s+aware(V=900.0),1,400,2855,2836,0.9933450087565674,0.006654991243432574,0.0,0.006654991243432574,136.38100672582996,119.76969673809799,257.0776261101041,135.50779831341492,1134.4,2.7832202997179967,133.59778642611198,0.1610035157014233,0.08926915985880764,0.749727324439769,1759,2.0710631040363845,0.06333956793088621,0.2486560004763321,0.0505524861878453
batched_greedy@5s+aware(V=900.0),2,400,3002,2930,0.9760159893404398,0.023984010659560292,0.0,0.023984010659560292,166.3176968994575,146.2594690387525,312.4684193353069,162.45883564999065,1172.0,3.3260352471887913,162.99166165226873,0.1353583141769738,0.10801598082470378,0.7566257049983224,1820,2.309340659340659,0.059816153823923524,0.23659799997403722,0.05335762623633524
batched_greedy@5s+aware(V=900.0),3,400,2945,2928,0.9942275042444821,0.005772495755517827,0.0,0.005772495755517827,135.78551057064354,120.75793898716165,246.35394307310986,135.03650217269123,1171.2,2.891109555029589,132.89440101561394,0.14108713708013412,0.09193293815995617,0.7669799247599097,1799,2.11284046692607,0.06324680376775395,0.230709999523242,0.0536663124335813
batched_greedy@5s+aware(V=900.0),4,400,2902,2858,0.9848380427291523,0.015161957270847692,0.00034458993797381116,0.014817367332873881,146.5959669710266,120.21593690015106,296.0247265353042,144.7103982711829,1143.2,4.168287097341567,142.42767987368507,0.1513007624914083,0.09444279310840462,0.754256444400187,1822,2.5625686059275523,0.07166459932918684,0.2575949995298288,0.0454172366621067
batched_greedy@5s+aware(V=900.0),5,400,3099,3026,0.9764440141981284,0.02355598580187157,0.0006453694740238787,0.02291061632784769,177.35895780028906,161.50676551014067,319.1008145936471,173.49255869839808,1210.4,3.2421790561599373,174.1167787441291,0.08536582042883288,0.11741574598455151,0.7972184335866157,1852,2.3525917926565874,0.05295410366010672,0.21888100009164196,0.05719369598373157
batched_greedy@5s+aware(V=900.0),6,400,2974,2931,0.9855413584398117,0.014458641560188298,0.0,0.014458641560188298,164.92631368607283,147.84829318425636,293.64794371299286,162.62973671818872,1172.4,3.099481787082263,161.82683189899058,0.12482832712946644,0.10731532461543607,0.7678563482550975,1801,2.2109938922820653,0.06322087727328624,0.29800000083923806,0.053301511535401754
batched_greedy@5s+aware(V=900.0),7,400,2943,2921,0.9925246347264696,0.007475365273530411,0.0,0.007475365273530411,134.64684925907716,120.38832821208234,241.05541023786645,133.68053491610434,1168.4,2.825977431879132,131.82087182719803,0.1390008318844525,0.0916503940217692,0.7693487740937783,1795,2.1181058495821725,0.0565427855209011,0.20762399919476537,0.05182599355531686
batched_greedy@5s+aware(V=1500.0),0,250,2956,2128,0.7198917456021651,0.28010825439783493,0.2405277401894452,0.03958051420838971,359.01730267716624,334.1596446574856,535.7844550382379,323.4969408018108,851.2,109.5927714047122,249.42453127245403,0.0,0.1257982853683794,0.8742017146316206,1689,40.915926583777384,0.044671521613637924,0.17332400020677566,0.049096488237299694
batched_greedy@5s+aware(V=1500.0),1,250,2855,2075,0.7267950963222417,0.2732049036777583,0.22101576182136604,0.05218914185639229,363.5847440902792,336.056020784059,557.9766920507562,327.2230468983466,830.0,102.11688215916709,261.46786193111205,2.116769572494377e-05,0.1342425855400975,0.8657362467641776,1716,37.41550116550116,0.037028554772981837,0.13578499956565773,0.048209366391184574
batched_greedy@5s+aware(V=1500.0),2,250,3002,2130,0.709526982011992,0.290473017988008,0.25216522318454365,0.03830779480346436,361.46906921025203,335.7760467679434,557.0859635656313,326.4224926807505,852.0,110.72652045616233,250.74254875408974,9.425131316104751e-05,0.1278098328846103,0.8720959158022287,1746,42.36426116838488,0.040310939278035265,0.13458000094033187,0.04481132075471698
batched_greedy@5s+aware(V=1500.0),3,250,2945,2092,0.7103565365025467,0.2896434634974533,0.2587436332767402,0.030899830220713072,357.2751788894406,333.61215182504793,535.8445485117467,323.02777262342676,836.8,114.33603787533174,242.93914101410883,3.4927815466487824e-06,0.11501443540183996,0.8849820718166134,1705,41.758944281524926,0.03990357772823044,0.14623600080085458,0.0521978021978022
batched_greedy@5s+aware(V=1500.0),4,250,2902,2077,0.7157133011716058,0.2842866988283942,0.24086836664369402,0.043418332184700204,360.33160619084885,333.61361182249675,556.99123005671,325.86464111313455,830.8,106.56153494387881,253.77007124697002,3.2722731107375794e-05,0.12718241556710863,0.872784861701784,1725,39.48,0.04285420286591482,0.17728400023770513,0.04766839378238342
batched_greedy@5s+aware(V=1500.0),5,250,3099,2107,0.6798967408841562,0.3201032591158438,0.2804130364633753,0.03969022265246854,364.8400294444424,336.01275428866484,566.6897327760478,325.6820216458672,842.8,120.09103162820178,244.74899781624063,4.182934210779624e-06,0.1179830316425773,0.8820127854232119,1693,47.14530419373892,0.04247194330170837,0.1535240010707639,0.050102249488752554
batched_greedy@5s+aware(V=1500.0),6,250,2974,2064,0.6940147948890383,0.30598520511096167,0.25722932078009414,0.04875588433086752,368.33933256838077,341.6439295102755,562.2533399602594,324.4401028942838,825.6,107.09590483195491,261.2434277364258,6.5095345617352e-05,0.1305708629923076,0.869364041662075,1743,41.38439472174412,0.04227974754671352,0.16802599959191833,0.04826388888888889
batched_greedy@5s+aware(V=1500.0),7,250,2943,2086,0.708800543662929,0.291199456337071,0.2494053686714237,0.0417940876656473,363.72478313966764,336.6107895686396,554.0560785227428,326.20193852922625,834.4,110.50325724918874,253.22152589047894,9.865449180126435e-07,0.1281805946956539,0.8718184187594281,1706,39.83352872215709,0.0457499999882166,0.18809499943017755,0.045438898450946646
batched_greedy@5s+aware(V=1500.0),0,300,2956,2406,0.8139377537212449,0.18606224627875506,0.07577807848443843,0.11028416779431664,356.97236977089614,335.88525914079173,552.5262198342698,311.75912431011545,962.4,51.9327448489105,305.0396249219857,0.0019554500976501233,0.1748186391228689,0.8232259107794809,1946,17.671120246659815,0.033775745113606384,0.1761099997565905,0.05098825551417932
batched_greedy@5s+aware(V=1500.0),1,300,2855,2347,0.8220665499124343,0.17793345008756567,0.05569176882661996,0.12224168126094571,344.5514773676147,321.1970968164037,554.3202608295695,300.3577833725821,938.8,44.476055168749,300.07542219886574,0.0025394425589690822,0.17393177389454045,0.8235287835464904,2039,14.785679254536538,0.03834713097710578,0.18363399973168262,0.05919540229885058
batched_greedy@5s+aware(V=1500.0),2,300,3002,2390,0.7961359093937375,0.20386409060626248,0.0849433710859427,0.11892071952031978,360.93245320611453,336.4438052570672,563.8054114128037,312.2427268975315,956.0,52.50860643243795,308.4238467736765,0.0020833041128456927,0.17733578228298066,0.8205809136041736,2033,18.9513034923758,0.04823280865880341,0.20548399959807293,0.04897269912749789
batched_greedy@5s+aware(V=1500.0),3,300,2945,2406,0.8169779286926995,0.1830220713073005,0.08794567062818336,0.09507640067911714,352.59924779624316,328.97396416721085,551.2690948081836,312.95761561357716,962.4,59.835846385143995,292.76340141109915,0.001159763441604012,0.1616447483771147,0.8371954881812813,1959,20.18785094435937,0.03755089330790828,0.19360399986908314,0.056285714285714286
batched_greedy@5s+aware(V=1500.0),4,300,2902,2360,0.8132322536181944,0.18676774638180565,0.059269469331495524,0.12749827705031014,367.72198514848066,344.5970648609368,569.197458528036,318.2539987325372,944.0,48.544890958373976,319.1770941901067,0.000611994418747951,0.18192947891611683,0.8174585266651353,1994,16.406218655967905,0.03442026080479797,0.19542099984391822,0.04627766599597585
batched_greedy@5s+aware(V=1500.0),5,300,3099,2436,0.7860600193610843,0.21393998063891578,0.14972571797353984,0.06421426266537593,361.04764491352057,335.7813210174718,557.1907248792943,324.485081870685,974.4,81.76703494798963,279.28060996553097,0.00010178592981895202,0.14786313273692223,0.8520350813332588,1885,30.480636604774535,0.03843517240614103,0.16001999923901183,0.044529637275140074
batched_greedy@5s+aware(V=1500.0),6,300,2974,2383,0.8012777404169469,0.19872225958305312,0.09045057162071285,0.10827168796234028,359.15894276531697,336.65594417620196,563.1369719328612,312.7332500612943,953.2,61.83699364923697,297.32194911607996,0.0011316763533688904,0.16833955808845627,0.8305287655581749,1962,20.619775739041796,0.036315290503181975,0.1924869994581964,0.053069420539300055
batched_greedy@5s+aware(V=1500.0),7,300,2943,2414,0.8202514441046551,0.17974855589534489,0.07985049269452939,0.0998980632008155,343.5023505980553,320.8502876568198,538.4105777212286,304.88212551247886,965.6,55.45154605809459,288.05080453996067,0.0027973501089297455,0.16229414743176235,0.8349085024593079,1995,19.247117794486215,0.03828786970175281,0.18333600051846585,0.04742625795257374
batched_greedy@5s+aware(V=1500.0),0,350,2956,2758,0.9330175913396481,0.06698240866035182,0.00033829499323410016,0.06664411366711773,236.66715765850108,215.87354575896097,410.89334349272633,221.4473888474908,1103.2,3.5575723284590395,233.10958533004205,0.03195208408726612,0.1542407189172542,0.8138071969954797,1827,2.4471811713191025,0.04346332790038982,0.24629399889818163,0.04300784419799838
batched_greedy@5s+aware(V=1500.0),1,350,2855,2704,0.9471103327495621,0.05288966725043783,0.0,0.05288966725043783,217.57900985430535,191.23348337325888,398.01809538486185,206.43429123066295,1081.6,3.174993736259252,214.40401611804614,0.04557138264921323,0.14245459471528793,0.8119740226354988,1802,2.2241953385127635,0.04464156489758755,0.21479700031704851,0.04713057942888827
batched_greedy@5s+aware(V=1500.0),2,350,3002,2702,0.9000666222518321,0.09993337774816789,0.002664890073284477,0.09726848767488341,281.47110298795843,265.12671525948235,479.4772700247439,255.79115081337576,1080.8,9.052831776486018,272.4182712114725,0.028617046827323852,0.1710052929490371,0.8003776602236391,1990,4.61608040201005,0.04025959799366145,0.21442099914565804,0.0564369310793238
batched_greedy@5s+aware(V=1500.0),3,350,2945,2722,0.9242784380305603,0.07572156196943973,0.00033955857385398983,0.07538200339558573,244.88338537881825,222.33464179705197,439.83418846623067,227.04002651920726,1088.8,4.51864333901435,240.36474203980393,0.029112670459937373,0.1567491180160383,0.8141382115240243,1881,2.6363636363636362,0.05536858053689618,0.23740000033285494,0.050906183368869935
batched_greedy@5s+aware(V=1500.0),4,350,2902,2729,0.9403859407305307,0.05961405926946933,0.0,0.05961405926946933,229.34471278833934,204.71595244780838,411.5055040708516,216.26165057771968,1091.6,3.9219800017914808,225.42273278654787,0.032637443663559564,0.15001002039793385,0.8173525359385065,1845,2.478590785907859,0.04917317074937285,0.20728400064399458,0.050340136054421766
batched_greedy@5s+aware(V=1500.0),5,350,3099,2718,0.8770571151984511,0.12294288480154889,0.020006453694740238,0.10293643110680865,308.50623026376763,288.2866530656552,511.27064393487274,277.17271227596325,1087.2,20.22988979236982,288.2763404713978,0.011044475199692885,0.17663188664385135,0.8123236381564557,1963,8.1777890983189,0.038497096281801424,0.20913200030918216,0.046511627906976744
batched_greedy@5s+aware(V=1500.0),6,350,2974,2720,0.9145931405514459,0.08540685944855414,0.0026899798251513113,0.08271687962340282,258.36869857008674,240.4001565970825,435.71222274340187,237.63984506840177,1088.0,5.491406618617882,252.8772919514689,0.02589190434448008,0.16132913842645497,0.8127789572290649,1867,3.1590787359400108,0.04524617032491204,0.25468999985605406,0.05415449960180515
batched_greedy@5s+aware(V=1500.0),7,350,2943,2713,0.9218484539585458,0.0781515460414543,0.0003397893306150187,0.07781175671083929,251.0570929895009,231.72566298620768,429.21600572289725,232.1140881873919,1085.2,4.661800182195192,246.3952928073057,0.027493694460389437,0.1608766833669054,0.8116296221727052,1913,2.6586513329848405,0.043054678513760915,0.24397599954681903,0.04954227248249865
batched_greedy@5s+aware(V=1500.0),0,400,2956,2924,0.9891745602165088,0.010825439783491205,0.0,0.010825439783491205,141.9918932874579,123.57918961552286,257.84781406797237,140.546619123849,1169.6,2.8708512908525994,139.12104199660533,0.14551721440458376,0.0954305300113262,0.7590522555840901,1783,2.1542344363432417,0.07191273138629498,0.29533599874412175,0.06027615507169411
batched_greedy@5s+aware(V=1500.0),1,400,2855,2833,0.9922942206654991,0.007705779334500876,0.0,0.007705779334500876,133.1352756455729,115.65755426490523,245.94414689184666,132.13742450518004,1133.2,2.746675193069219,130.38860045250368,0.16247229954180897,0.08778852089757498,0.7497391795606161,1747,2.070406410990269,0.07982976533389474,0.313400000850379,0.049764998617638924
batched_greedy@5s+aware(V=1500.0),2,400,3002,2924,0.9740173217854764,0.02598267821452365,0.0,0.02598267821452365,163.98896725458854,142.95611016401563,305.7300984395842,159.8260226392595,1169.6,2.82895905249126,161.1600082020973,0.13688934262022323,0.1069354635996597,0.7561751937801171,1775,2.190985915492958,0.07257938029307669,0.32271799864247436,0.04939884997386304
batched_greedy@5s+aware(V=1500.0),3,400,2945,2926,0.9935483870967742,0.0064516129032258064,0.0,0.0064516129032258064,136.99850824447287,121.7580778022525,250.61779541075634,136.1350168926735,1170.4,2.8631931303014997,134.1353151141714,0.14142358190468346,0.0924511785786463,0.7661252395166702,1796,2.101893095768374,0.06998379734479897,0.28355500062389166,0.05567338282078473
batched_greedy@5s+aware(V=1500.0),4,400,2902,2853,0.9831150930392832,0.016884906960716747,0.0,0.016884906960716747,143.84773761637604,122.07870208872191,275.3934714077134,141.56472649931848,1141.2,3.2980831828082646,140.54965443356778,0.1539705038271535,0.09415012448427845,0.7518793716885681,1791,2.2657733109994416,0.07714288107443754,0.28254000026208803,0.04644808743169399
batched_greedy@5s+aware(V=1500.0),5,400,3099,3033,0.978702807357212,0.021297192642787996,0.00032268473701193933,0.020974507905776058,182.31379552426105,164.079909469001,333.5409673813136,178.59365496607697,1213.2,2.951230654638901,179.36256486962213,0.07907559542849169,0.12085677610836928,0.8000676284631391,1820,2.248901098901099,0.06177549451192365,0.28389199977027585,0.05066530194472876
batched_greedy@5s+aware(V=1500.0),6,400,2974,2933,0.9862138533960996,0.01378614660390047,0.0,0.01378614660390047,162.66159322810833,146.07012159504757,292.1587320901039,160.45815490397857,1173.2,2.8589474795640477,159.80264574854425,0.12502502920705813,0.10598388397502155,0.7689910868179203,1777,2.1339335959482275,0.07017777154639968,0.29495999973732984,0.05403973509933775
batched_greedy@5s+aware(V=1500.0),7,400,2943,2915,0.9904858987427795,0.009514101257220523,0.0,0.009514101257220523,133.59144090577337,120.21125256392679,240.48365904583895,132.36411807919868,1166.0,2.7854196857966307,130.8060212199767,0.14100899478656992,0.09091135602694045,0.7680796491864896,1785,2.104201680672269,0.06873787116354392,0.2800319990637947,0.056134723336006415
optimal@5s,0,250,2956,2098,0.709742895805142,0.2902571041948579,0.22090663058186738,0.06935047361299053,368.6052261979521,339.04340485121566,552.6399270612261,322.0450349570277,839.2,103.37183410006625,265.23339209788594,0.0,0.14003580322733655,0.8599641967726634,1666,37.35294117647059,0.09450216084467636,0.16922500035434426,0.050033134526176276
optimal@5s,1,250,2855,2032,0.7117338003502627,0.2882661996497373,0.17583187390542906,0.11243432574430823,373.76469794441795,343.8321101201475,583.8992846679334,317.92107746345977,812.8,91.63294471821213,282.13175322620583,0.00017301014490244697,0.15440394902240856,0.845423040832689,1733,30.216387766878245,0.09301067511611204,0.18159200008085474,0.04699738903394256
optimal@5s,2,250,3002,2103,0.7005329780146569,0.2994670219853431,0.24050632911392406,0.05896069287141906,372.81116776490325,343.80940119042,568.5322838965161,326.50272624463383,841.2,108.06421248041359,264.7469552844897,0.0,0.14055488479885003,0.85944511520115,1675,38.644776119402984,0.09279707463526814,0.14985599962528795,0.04725959960617
optimal@5s,3,250,2945,2073,0.7039049235993209,0.2960950764006791,0.25161290322580643,0.044482173174872665,363.11943471768905,336.57507315938074,556.2330226679351,324.29083184494044,829.2,112.85644728974931,250.26298742793972,0.0,0.12082523158726208,0.8791747684127379,1651,40.86977589339794,0.09298921864839955,0.1493500003562076,0.054072321730314295
optimal@5s,4,250,2902,2070,0.7133011716057891,0.2866988283942109,0.22674017918676775,0.05995864920744314,365.3237973366512,336.3671316993871,559.9985052207244,325.69506186001917,828.0,103.26974907778165,262.0540482588695,0.0,0.13434943442419858,0.8656505655758014,1685,37.3246290801187,0.09263181005838086,0.17569199968420446,0.05700871898054997
optimal@5s,5,250,3099,2073,0.6689254598257502,0.33107454017424975,0.29073894804775735,0.04033559212649242,366.540148733121,336.00699214349606,567.0523749435662,324.3972093374037,829.2,120.1388166385976,246.40133209452344,0.0,0.11727640806025916,0.8827235919397408,1618,47.39060568603214,0.09864400495515915,0.1745640004628512,0.04793103448275862
optimal@5s,6,250,2974,2023,0.6802286482851378,0.31977135171486215,0.21822461331540013,0.101546738399462,380.40835739341287,345.0558483411237,584.9268637848697,319.7616743359039,809.2,99.26868729946958,281.1396700939433,4.812274237121488e-05,0.14839350230428228,0.8515583749533465,1713,37.27729130180969,0.09598803271234913,0.21619200073473493,0.05372445616348055
optimal@5s,7,250,2943,2011,0.6833163438668026,0.31668365613319743,0.19707781175671085,0.11960584437648658,375.3936803208954,341.45888802162517,589.3131548772581,313.8560142092753,804.4,90.29695476355077,285.0967255573446,9.12761098225128e-05,0.1523880734827828,0.8475206504073947,1755,30.729344729344728,0.09049475782770104,0.20270600045478207,0.04470359572400389
optimal@5s,0,300,2956,2342,0.7922868741542625,0.20771312584573748,0.03822733423545332,0.16948579161028418,358.9739876758828,328.46746004774036,565.3063078770036,296.7607127507267,936.8,33.751182997065555,325.2228046788173,0.002025349901065246,0.19469105194742675,0.803283598151508,1890,11.362433862433862,0.07663248675151157,0.12974399982340398,0.05697770437654831
optimal@5s,1,300,2855,2277,0.7975481611208406,0.20245183887915938,0.015411558669001752,0.18704028021015762,344.1662499784164,314.00356322843436,561.2540648624748,281.87321897951153,910.8,18.46733950310462,325.6989104753118,0.0032583233752083393,0.19573894747634543,0.8010027291484463,1891,7.023268112109995,0.07694410365438248,0.14085999919188882,0.0506435366536094
optimal@5s,2,300,3002,2277,0.7584943371085943,0.24150566289140574,0.016655562958027982,0.22485009993337776,363.3017625970795,331.38130122765324,599.3572130726277,283.42923759030435,910.8,18.19298750415659,345.10877509292294,0.002620276725610341,0.20829262746490187,0.7890870958094879,1946,7.158273381294964,0.07999506679783865,0.12255999954504654,0.053562005277044855
optimal@5s,3,300,2945,2318,0.7870967741935484,0.2129032258064516,0.06485568760611206,0.14804753820033956,366.52808855114375,335.1008276332045,593.0685177030562,308.1609269404239,927.2,47.44261649869663,319.08547205244713,0.001441966923478633,0.18132464931693545,0.817233383759586,1882,15.955897980871413,0.07880366626796553,0.12600300076883306,0.047740112994350284
optimal@5s,4,300,2902,2266,0.7808407994486561,0.2191592005513439,0.007236388697450034,0.21192281185389386,355.8600728413958,327.77454490540276,585.3634284731515,282.15175907103725,906.4,14.41171222966949,341.44836061172634,0.0019050905916149264,0.20587750926347562,0.7922174001449095,1949,5.308876346844536,0.07605212932037311,0.14473199953499713,0.04750137287204832
optimal@5s,5,300,3099,2324,0.749919328815747,0.250080671184253,0.0951919974185221,0.15488867376573087,371.9281129314721,344.5501237229814,579.7831444856771,307.66800624909223,929.6,58.07093409637032,313.8571788351018,0.0005379469149089975,0.17661790764894927,0.8228441454361417,1837,20.770821992378877,0.08292155686292231,0.14328399978694498,0.04981909268021152
optimal@5s,6,300,2974,2313,0.7777404169468729,0.2222595830531271,0.03463349024882313,0.18762609280430398,350.57009338527956,321.3876790282284,574.7890181113446,283.9310508458021,925.2,28.734357036138693,321.8357363491409,0.002515047296123974,0.19250879347210587,0.8049761592317702,1887,9.989931107578167,0.08030153684094027,0.14063799979339797,0.04960263085776925
optimal@5s,7,300,2943,2294,0.7794767244308529,0.22052327556914714,0.027862725110431533,0.1926605504587156,351.8625156006358,316.5114681596858,586.5998137406981,284.63221154976407,917.6,24.767821087508718,327.0946945131271,0.004360553326053234,0.19574723569168503,0.7998922109822617,1922,8.905306971904267,0.07655884494186894,0.1370970012430915,0.04776366648260629
optimal@5s,0,350,2956,2746,0.928958051420839,0.07104194857916103,0.0,0.07104194857916103,236.33104247067953,214.1331025610823,409.0560901318531,219.80153968482304,1098.4,2.8996979782129455,233.4313444924666,0.03213963317379359,0.15408895142636211,0.8137714153998443,1773,2.1641285956006766,0.08248629443711637,0.1430479997361544,0.049167114454594305
optimal@5s,1,350,2855,2698,0.9450087565674256,0.05499124343257443,0.0,0.05499124343257443,217.974110549409,194.61413219495444,391.95448682996755,206.1411440240763,1079.2,2.7715440896641184,215.20256645974493,0.04562529553717989,0.14306559290864726,0.8113091115541728,1755,2.068945868945869,0.08425185186106862,0.14766600063012472,0.05160044150110375
optimal@5s,2,350,3002,2721,0.9063957361758828,0.09360426382411725,0.0,0.09360426382411725,252.23529065399103,230.3146558612716,427.52175528450016,229.02793226697776,1088.4,2.8615322249786614,249.37375842901236,0.036281972466084486,0.16420919447265647,0.7995088330612591,1802,2.215871254162042,0.08274245283347216,0.1308959999369108,0.05581516095534787
optimal@5s,3,350,2945,2736,0.9290322580645162,0.07096774193548387,0.0,0.07096774193548387,230.7862252001817,206.1752453665763,405.09946878200185,214.68852547937047,1094.4,2.933515108117364,227.8527100920643,0.03147006783319383,0.15177807038769964,0.8167518617791066,1791,2.1529871580122837,0.08398531546859553,0.16626000069663782,0.04886515353805074
optimal@5s,4,350,2902,2736,0.9427980702963473,0.057201929703652656,0.0,0.057201929703652656,226.43603689762722,204.52675375419062,390.2930913639368,213.687759228598,1094.4,2.9165905966995633,223.51944630092765,0.03180751780164255,0.14994562454011492,0.8182468576582426,1774,2.143742953776776,0.07799103719906561,0.1255609995496342,0.055224688684353006
optimal@5s,5,350,3099,2671,0.8618909325588899,0.13810906744111004,0.003226847370119393,0.13488222007099065,295.28720608367723,272.9032736007998,484.8713687121581,256.15123743910493,1068.4,5.968434451215746,289.31877163246145,0.01280977378427839,0.18222470865008053,0.8049655175656412,1854,3.423948220064725,0.08403791801865619,0.20874600098977686,0.0517550602100948
optimal@5s,6,350,2974,2693,0.9055144586415602,0.09448554135843981,0.0,0.09448554135843981,265.6663014897167,247.77352490844896,442.0504635260557,241.050330369957,1077.2,3.361329407911904,262.3049720818048,0.023979058244250076,0.16926939502905267,0.8067515467266972,1801,2.332037756801777,0.08747740140278842,0.14319999900180846,0.05152722443559097
optimal@5s,7,350,2943,2717,0.9232076112810058,0.07679238871899423,0.0,0.07679238871899423,233.98036134139372,210.87142989368203,409.8614017668478,216.26902284530578,1086.8,2.805651520677714,231.17470982071598,0.035642365917071074,0.15442405263476058,0.8099335814481684,1792,2.1099330357142856,0.0884829799332465,0.17274699997869836,0.05106154259607632
optimal@5s,0,400,2956,2929,0.9908660351826793,0.009133964817320704,0.0,0.009133964817320704,136.95534285961457,118.70989577807813,250.87324275322678,135.72575081626204,1171.6,2.7663909713090513,134.18895188830555,0.1464209111744521,0.09301089937365814,0.7605681894518896,1762,2.122587968217934,0.08317031785202895,0.1224069997260811,0.052983676746052984
optimal@5s,1,400,2855,2834,0.9926444833625219,0.007355516637478109,0.0,0.007355516637478109,131.25950710087332,115.55353299935132,240.96988020898985,130.3241925254829,1133.6,2.7612263034464806,128.49828079742684,0.16295184779376515,0.08668280955139819,0.7503653426548367,1762,2.059023836549376,0.08696986380515571,0.14160699969579565,0.052646085997794925
optimal@5s,2,400,3002,2919,0.9723517654896735,0.02764823451032645,0.0,0.02764823451032645,159.0484264272116,138.7292644325844,295.6489597445204,154.7508783522157,1167.6,2.71876529900778,156.32966112820384,0.1417874527969725,0.10432930187574653,0.753883245327281,1766,2.163646659116648,0.08778289921583657,0.15168999980232897,0.04490546218487395
optimal@5s,3,400,2945,2930,0.9949066213921901,0.0050933786078098476,0.0,0.0050933786078098476,135.2980294489181,121.46217258921706,244.98156168948566,134.62333016650427,1172.0,2.8772053480658553,132.42082410085226,0.14047142900664217,0.09197542937573494,0.7675531416176229,1788,2.115212527964206,0.082565436242787,0.11609099947236237,0.05817028027498678
optimal@5s,4,400,2902,2852,0.9827705031013094,0.01722949689869056,0.0,0.01722949689869056,139.01084328535637,118.72832426019886,264.93411049810726,136.67298383954804,1140.8,2.7389895334927634,136.2718537518636,0.15593589683809314,0.09176633430971291,0.752297768852194,1763,2.0805445263754963,0.08596880320291288,0.14397600061783972,0.043573581803233764
optimal@5s,5,400,3099,3019,0.9741852210390448,0.025814778960955145,0.0,0.025814778960955145,179.90062445173695,162.99012846721644,322.79044164273836,175.33853198926795,1207.6,2.7721166482856257,177.1285078034513,0.08507162009685532,0.1186981288803535,0.7962302510227912,1804,2.1773835920177382,0.09164345896000842,0.1760760002980533,0.05210727969348659
optimal@5s,6,400,2974,2935,0.9868863483523873,0.013113651647612643,0.0,0.013113651647612643,160.0737451262585,143.33937754977796,283.3610398381699,158.01535533981854,1174.0,2.8143672466440455,157.25937787961448,0.12504179731102286,0.10506386926455984,0.7698943334244174,1771,2.127046866177301,0.08953670241227861,0.14076000043132808,0.05203079373506769
optimal@5s,7,400,2943,2911,0.9891267414203194,0.010873258579680599,0.0,0.010873258579680599,135.041501514276,120.23024927359347,241.65927511721384,133.61653160567107,1164.4,2.7758179468969852,132.26568356737906,0.14055427851863872,0.09174554652602497,0.7677001749553364,1787,2.097369893676553,0.09292171238287553,0.15551200078334648,0.05789754535752401
optimal@5s+aware(V=900.0),0,250,2956,2112,0.7144790257104194,0.2855209742895805,0.2479702300405954,0.037550744248985114,358.8020473306372,333.41570401781155,538.1680834809547,321.8815718405485,844.8,105.5516083212935,253.25043900934378,0.00040425522948153795,0.12932905626152238,0.870266688508996,1777,39.741136747326955,0.08813359595767863,0.17126000042480882,0.05046343975283213
optimal@5s+aware(V=900.0),1,250,2855,2089,0.7316987740805604,0.26830122591943956,0.22521891418563922,0.04308231173380035,353.86183766358835,330.54135175333704,531.2950359955561,321.47387777351133,835.6,101.55248016911204,252.30935749447627,0.0005189553603911069,0.12667377537451693,0.872807269265092,1793,37.28332403792526,0.08143720021608704,0.18130000047676695,0.04905008635578584
optimal@5s+aware(V=900.0),2,250,3002,2135,0.7111925383077948,0.28880746169220517,0.25849433710859426,0.030313124583610927,360.7775281221553,338.9373059208265,538.6450117636502,326.8523330458068,854.0,112.0046122026974,248.77291591945792,0.00018545755768392417,0.12657808134242593,0.8732364610998902,1768,42.83371040723982,0.07983376697900821,0.13326599915671974,0.04550084889643464
optimal@5s+aware(V=900.0),3,250,2945,2074,0.7042444821731749,0.29575551782682513,0.26553480475382,0.030220713073005095,359.2203916923116,336.7283803431367,538.6713839267685,323.1923168382199,829.6,112.01581510578728,247.2045765865243,0.00015744166677029433,0.11880679703591562,0.8810357612973141,1776,42.23085585585586,0.08383924548709458,0.14817500004937756,0.04848273456574817
optimal@5s+aware(V=900.0),4,250,2902,2092,0.7208821502412129,0.27911784975878706,0.25396278428669883,0.025155065472088216,355.0822308098059,330.29113615157485,535.1156329637641,326.09018743530805,836.8,108.54209914902393,246.54013166078195,2.220330934544634e-05,0.11983464145862471,0.8801431552320299,1718,41.29278230500582,0.08505698488492286,0.14997700032836278,0.04738504738504738
optimal@5s+aware(V=900.0),5,250,3099,2095,0.6760245240400129,0.3239754759599871,0.2994514359470797,0.02452404001290739,360.14540568159873,337.24608064043605,540.4209215014424,324.3583151460324,838.0,121.06240121732598,239.08300446427273,0.00010646466875474855,0.11328033128233427,0.886613204048911,1756,48.41970387243736,0.0920748861102111,0.1855499996054285,0.04564606741573034
optimal@5s+aware(V=900.0),6,250,2974,2078,0.6987222595830531,0.3012777404169469,0.2605917955615333,0.04068594485541358,359.4780062926692,337.661613623849,534.7026254112528,321.6424293347833,831.2,108.32092519214308,251.1570811005261,0.0002709076574859458,0.12445572342766224,0.8752733689148519,1814,42.11411245865491,0.08852315324952367,0.17302700063737553,0.05140673845085099
optimal@5s+aware(V=900.0),7,250,2943,2098,0.7128780156303092,0.2871219843696908,0.25042473666326875,0.03669724770642202,357.3016415017762,332.66437893422517,534.2735590177138,324.3723979111895,839.2,109.63848302232627,247.66315847944992,1.669585616064271e-05,0.12405034929071675,0.8759329548531226,1815,40.053443526170796,0.08276584023015174,0.1715419998072316,0.05017182130584193
optimal@5s+aware(V=900.0),0,300,2956,2451,0.8291610284167794,0.17083897158322056,0.09810554803788904,0.07273342354533154,351.67103442495073,336.0971509733972,517.5133070983602,317.50163128151564,980.4,64.82379051501508,286.8472439099356,0.0012850136182850963,0.16111914511813907,0.8375958412635758,1974,22.029888551165147,0.07471691995918033,0.13523499921575421,0.051492100643651256
optimal@5s+aware(V=900.0),1,300,2855,2391,0.8374781085814361,0.16252189141856394,0.07600700525394045,0.08651488616462347,342.40209963236845,323.0779421668867,522.7989568730727,308.2906548603784,956.4,56.01789217346761,286.3842074589008,0.001798293595082938,0.1612153183041621,0.8369863881007549,2027,18.92895905278737,0.07565155401737746,0.1550519991360489,0.04967474866942637
optimal@5s+aware(V=900.0),2,300,3002,2472,0.8234510326449034,0.1765489673550966,0.11825449700199867,0.058294470353097934,346.40725568951916,327.44371325802956,521.917611268081,316.70370294827813,988.8,67.58282970989201,278.8244259796271,0.002081264951307649,0.15429592489059496,0.8436228101580975,1995,25.053132832080202,0.0781244110247254,0.13195399988035172,0.044937262912168076
optimal@5s+aware(V=900.0),3,300,2945,2430,0.8251273344651953,0.17487266553480477,0.10933786078098472,0.06553480475382004,348.8686373949973,332.4273250420065,518.8585587817458,316.7707340557967,972.0,70.26813198271904,278.60050541227827,0.0004855564386198365,0.14942269936963656,0.8500917441917437,2008,23.69472111553785,0.07386170319564933,0.1285949996417913,0.052077238150965474
optimal@5s+aware(V=900.0),4,300,2902,2412,0.8311509303928325,0.16884906960716747,0.08373535492763612,0.08511371467953135,356.9368118084348,341.0445422589605,522.462695120807,321.20529356548104,964.8,61.41847161422954,295.5183401942053,0.0004449404825828935,0.16384196293766556,0.8357130965797516,2029,20.964021685559388,0.07414199112862692,0.1320759994996479,0.04561506768687463
optimal@5s+aware(V=900.0),5,300,3099,2467,0.7960632462084544,0.20393675379154566,0.1516618263956115,0.05227492739593417,353.26094055613714,331.36356634841695,523.126564661183,322.081849442809,986.8,82.3154952765535,270.9454452795837,0.0002461596603356207,0.14175666043320817,0.8579971799064562,1941,30.999484801648634,0.07765085007639554,0.1246000003447989,0.044903988183161006
optimal@5s+aware(V=900.0),6,300,2974,2404,0.808338937457969,0.19166106254203094,0.11566913248150638,0.07599193006052454,349.3703997776263,332.4811963994307,524.008042693332,314.36273573180324,961.6,69.29257361063758,280.0778261669887,0.001492741554101571,0.15367383110198282,0.8448334273439156,2020,24.757425742574256,0.07650178217907992,0.12928599959195705,0.04901092412164157
optimal@5s+aware(V=900.0),7,300,2943,2435,0.8273870200475705,0.1726129799524295,0.1036357458375807,0.0689772341148488,341.0134850345423,321.87812102845055,510.92095269555716,309.3396893344226,974.0,62.480359542282685,278.53312549225967,0.0020637579353844364,0.15429875062219303,0.8436374914424225,2044,22.275440313111545,0.07697181995612261,0.1335279996783356,0.04364608076009501
optimal@5s+aware(V=900.0),0,350,2956,2750,0.9303112313937754,0.06968876860622462,0.0016914749661705007,0.06799729364005412,265.607693000535,250.32973572135916,446.96113750896325,248.32705329766185,1100.0,7.5511385301529055,258.056554470382,0.021999996599060472,0.16485232175052042,0.8131476816504192,1960,3.6826530612244897,0.07890540817298847,0.16766400007327323,0.045675675675675674
optimal@5s+aware(V=900.0),1,350,2855,2707,0.9481611208406304,0.05183887915936953,0.0003502626970227671,0.05148861646234676,238.400006642831,215.90959504938473,419.94776716781456,226.69618971859012,1082.8,5.183168392067871,233.2168382507631,0.032405724216512444,0.15076580417168028,0.8168284716118073,1897,2.7901950448075907,0.07871280966856233,0.15446400160726612,0.04182933630786392
optimal@5s+aware(V=900.0),2,350,3002,2748,0.9153897401732178,0.08461025982678215,0.011658894070619586,0.07295136575616255,277.5317729971414,264.54655973483113,457.9966889033201,258.1829369661713,1099.2,14.32260982968313,263.20916316745826,0.02910432488595946,0.1638449903404404,0.8070506847736001,2056,6.525778210116732,0.07649377430478459,0.14168500047162538,0.04590076943486336
optimal@5s+aware(V=900.0),3,350,2945,2745,0.9320882852292021,0.06791171477079797,0.004414261460101867,0.06349745331069609,251.2155974438981,235.11865254022086,436.7200548255277,236.32960293165203,1098.0,9.915987524687505,241.29960991921058,0.02768664641629753,0.1552627103960099,0.8170506431876926,2007,4.386646736422521,0.08130847032592997,0.14014400047017275,0.04775959216528038
optimal@5s+aware(V=900.0),4,350,2902,2740,0.9441764300482426,0.055823569951757405,0.003790489317711923,0.052033080634045485,257.125929463008,241.94925675691775,440.19573593768126,244.61309009913046,1096.0,9.132409630141856,247.99351983286613,0.022934660029114363,0.1584263393689209,0.8186390006019647,2010,4.135820895522388,0.07759248758915264,0.1518280011259785,0.05487639228470524
optimal@5s+aware(V=900.0),5,350,3099,2758,0.8899645046789287,0.11003549532107132,0.027750887383026782,0.08228460793804453,311.77986069512576,301.1740141605105,488.48102521973067,285.68777242733637,1103.2,26.721988445511712,285.0578722496141,0.009622389261618318,0.17094631958736106,0.8194312911510205,2030,10.396059113300492,0.0889015763497245,0.17304200100625203,0.049055613850996854
optimal@5s+aware(V=900.0),6,350,2974,2721,0.9149293880295898,0.08507061197041023,0.007397444519166106,0.07767316745124411,283.7251602842874,272.66331764432925,460.00608776797117,262.39112418597847,1088.4,11.424154275781571,272.30100600850585,0.018220851261467212,0.16844221771340034,0.8133369310251325,2001,5.009495252373813,0.08082408797393703,0.20489999951678328,0.04853848216680075
optimal@5s+aware(V=900.0),7,350,2943,2737,0.9300033978933061,0.06999660210669385,0.008494733265375467,0.061501868841318384,265.2978269979455,251.41612780729702,450.2344870974628,249.52621273908593,1094.8,12.64607723848369,252.6517497594618,0.025021582991989824,0.1596356200205458,0.8153427969874644,2008,5.373505976095617,0.08039746017201546,0.219296999712242,0.0532001080205239
optimal@5s+aware(V=900.0),0,400,2956,2926,0.989851150202977,0.010148849797023005,0.0,0.010148849797023005,140.4855276921839,121.28965191948464,256.5922042666284,139.13551171351193,1170.4,2.997935999389098,137.4875916927948,0.1463163503479024,0.0940192456851671,0.7596644039669305,1805,2.1889196675900275,0.08258520776250818,0.12367599971184975,0.053237025147137504
optimal@5s+aware(V=900.0),1,400,2855,2834,0.9926444833625219,0.007355516637478109,0.0,0.007355516637478109,132.04170376682043,115.27720239806285,243.94565324499604,131.10336191330708,1133.6,2.760244210664575,129.28145955615585,0.16258163196440037,0.08693115484471059,0.7504872131908891,1754,2.0689851767388827,0.09118494866180572,0.16565699977945778,0.046866333887964504
optimal@5s+aware(V=900.0),2,400,3002,2932,0.9766822118587608,0.023317788141239172,0.0,0.023317788141239172,165.36141297716446,141.1087455876327,315.1949538431104,161.6767180397294,1172.8,3.430085700512647,161.9313272766518,0.13746084591284355,0.10719543100345388,0.7553437230837026,1826,2.3477546549835706,0.0848761774788233,0.1669749999564374,0.051629726205997394
optimal@5s+aware(V=900.0),3,400,2945,2930,0.9949066213921901,0.0050933786078098476,0.0,0.0050933786078098476,136.53134312407576,122.40499956636131,247.83305160003417,135.8539652834845,1172.0,2.8940615421631963,133.6372815819126,0.14102150224633747,0.09244876224714448,0.766529735506518,1790,2.119553072625698,0.08316731843412867,0.13486400062902223,0.05692348424675669
optimal@5s+aware(V=900.0),4,400,2902,2856,0.9841488628532047,0.015851137146795313,0.0006891798759476223,0.015161957270847692,145.7984706827401,122.4333345213372,290.05435787599345,143.81841175998275,1142.4,4.070626142850584,141.7278445398895,0.15206266420261447,0.09432114966610355,0.753616186131282,1815,2.5388429752066117,0.09095002755773839,0.126246000327228,0.043859649122807015
optimal@5s+aware(V=900.0),5,400,3099,3028,0.9770893836721523,0.02291061632784769,0.000968054211035818,0.021942562116811875,185.26354006721803,168.03033559654705,329.44223386963785,181.37532430715487,1211.2,3.593936994195488,181.66960307302256,0.08158849999174328,0.12051464594145057,0.7978968540668061,1860,2.4731182795698925,0.08642376345647712,0.13793299989629315,0.04947449371955909
optimal@5s+aware(V=900.0),6,400,2974,2939,0.988231338264963,0.011768661735036988,0.0,0.011768661735036988,161.48014897484094,145.15844690836275,290.17760208709774,159.6188921141187,1175.6,2.9873989090236295,158.49275006581732,0.12359833807645282,0.10573654201705408,0.7706651199064931,1785,2.179831932773109,0.0862639215636652,0.14842000047792717,0.053301511535401754
optimal@5s+aware(V=900.0),7,400,2943,2917,0.9911654774040095,0.008834522595990485,0.0,0.008834522595990485,135.16902784323233,120.97523134342737,240.74408748793414,134.02187520830003,1166.8,2.843580093085779,132.32544775014657,0.1408249109549741,0.09130557917232805,0.7678695098726978,1795,2.124791086350975,0.0900591643696828,0.16126800066558628,0.0515713134568896
optimal@5s+aware(V=1500.0),0,250,2956,2147,0.726319350473613,0.273680649526387,0.2317320703653586,0.04194857916102842,360.9386707804519,333.1174987067152,554.6629888307314,323.4262895145106,858.8,106.70149854355955,254.2371722368923,6.184741053920233e-05,0.13115771146820415,0.8687804411212566,1720,39.14186046511628,0.08898447674551409,0.16852999957336562,0.044730599796679094
optimal@5s+aware(V=1500.0),1,250,2855,2060,0.7215411558669002,0.27845884413309985,0.225569176882662,0.05288966725043783,368.25729724647437,337.1952314295495,565.2410631345946,329.3422411052579,824.0,104.9076300530259,263.3496671934484,0.00012083591048938292,0.13408332684435637,0.8657958372451543,1742,37.68771526980482,0.09329690014333569,0.18444699973770157,0.04830917874396135
optimal@5s+aware(V=1500.0),2,250,3002,2127,0.7085276482345103,0.2914723517654897,0.25283144570286475,0.038640906062624915,364.4866976218476,334.8389150756411,556.673326403385,327.21894737999696,850.8,113.01833315537563,251.46836446647197,2.5641022521836325e-05,0.1287649492062466,0.8712094097712316,1708,42.45140515222482,0.09069074938993114,0.1583949991800183,0.040257104194857916
optimal@5s+aware(V=1500.0),3,250,2945,2099,0.7127334465195246,0.28726655348047536,0.2546689303904924,0.03259762308998302,358.5264264801665,331.534309728675,548.1317391067092,325.32167178139,839.6,111.37686462992419,247.14956185024226,1.7308820917507343e-05,0.11908597587714088,0.8808967153019416,1706,41.63657678780774,0.09289812429140092,0.15574000035485375,0.0513347022587269
optimal@5s+aware(V=1500.0),4,250,2902,2099,0.7232942798070296,0.27670572019297035,0.24155754651964162,0.03514817367332874,360.3940182745094,334.7364301322232,539.7232664879252,327.1230888375866,839.6,109.42532731712762,250.9686909573817,1.3283622145359307e-05,0.12493820997561933,0.8750485064022353,1666,40.13025210084034,0.09276692678201284,0.20262499992895724,0.049740932642487044
optimal@5s+aware(V=1500.0),5,250,3099,2100,0.6776379477250726,0.32236205227492737,0.28751210067763794,0.03484995159728945,366.20694404139994,336.3339218005535,566.7512530720124,326.9299030842744,840.0,120.00158229283764,246.20536174856232,3.7020345626659645e-05,0.1182064705770476,0.8817565090773257,1672,47.48385167464115,0.10524808612137967,0.37927600033071923,0.04359861591695502
optimal@5s+aware(V=1500.0),6,250,2974,2069,0.6956960322797578,0.3043039677202421,0.257901815736382,0.04640215198386012,367.28818717308576,340.62825088977024,564.6718379691146,325.14780157758304,827.6,110.59311391012199,256.69507326296366,0.0001116331118926078,0.12810340267051867,0.8717849642175887,1738,42.17088607594937,0.09534666285814038,0.17687800031126236,0.051885160843998614
optimal@5s+aware(V=1500.0),7,250,2943,2100,0.7135575942915392,0.28644240570846075,0.2402310567448182,0.04621134896364254,362.9208493789006,335.64133657157595,555.201645787024,325.30250979169296,840.0,107.89820920791888,255.02264017098167,0.0,0.13015084169777766,0.8698491583022224,1711,38.76621858562244,0.09332326125715,0.2275700004247484,0.053716216216216216
optimal@5s+aware(V=1500.0),0,300,2956,2408,0.8146143437077131,0.18538565629228687,0.09303112313937753,0.09235453315290934,359.9778779067207,341.3962820835627,534.7945534909996,318.77085657812387,963.2,61.53395701804142,298.4439208886793,0.0007692462604825937,0.16757553462650843,0.8316552191130091,1883,20.630377057886353,0.08302405734938109,0.1355720002902672,0.05148342059336824
optimal@5s+aware(V=1500.0),1,300,2855,2339,0.8192644483362522,0.1807355516637478,0.050788091068301226,0.1299474605954466,353.9530405825811,335.5679586933238,551.4201538913544,306.1208553650832,935.6,45.00534290640051,308.94769767618055,0.0026090961506415287,0.17876624186420084,0.8186246619851577,2043,14.827214880078316,0.0749579539878285,0.15133799930481465,0.054357204486626405
optimal@5s+aware(V=1500.0),2,300,3002,2428,0.8087941372418388,0.19120586275816123,0.09393737508327782,0.09726848767488341,359.59138428951,338.72374190332926,551.097507540045,317.5693981998398,971.2,61.44710425404243,298.1442800354676,0.0012302386943172075,0.1687164671261687,0.830053294179514,1967,21.509913573970515,0.08071154041083678,0.15003600081399696,0.04475484606613455
optimal@5s+aware(V=1500.0),3,300,2945,2393,0.8125636672325977,0.18743633276740237,0.07843803056027164,0.10899830220713073,353.65492349175963,333.73807275496256,542.561419814844,310.1985771073175,957.2,53.952558194267574,299.70236529749207,0.0010876224249681077,0.16840248865186988,0.830509888923162,1964,18.10030549898167,0.0761194501082082,0.1274180003019863,0.049914432401597264
optimal@5s+aware(V=1500.0),4,300,2902,2352,0.8104755341144039,0.18952446588559613,0.06581667815299794,0.1237077877325982,365.91707294920496,343.47567984512534,559.8780691657989,316.6971153315715,940.8,49.139261903578,316.77781104562695,0.0003973010873013374,0.1808501184254526,0.8187525804872461,1994,16.69408224674022,0.07644202609538105,0.1295679994291275,0.04927953890489913
optimal@5s+aware(V=1500.0),5,300,3099,2444,0.7886414972571797,0.21135850274282025,0.1442400774443369,0.06711842529848339,363.0809971315513,338.80441096742516,564.2684744780145,325.47439898063203,977.6,85.30670825892689,277.7742888726245,0.00011428338768301223,0.14647597270845383,0.8534097439038631,1842,31.117806731813246,0.10019283389077478,0.19029400120416487,0.06001154068090017
optimal@5s+aware(V=1500.0),6,300,2974,2382,0.800941492938803,0.19905850706119704,0.10020174848688634,0.0988567585743107,362.9601797815855,341.8176457331165,554.4379433578332,317.65075371460955,952.8,63.30579847045443,299.65438131113103,0.000828113230816427,0.16759687396056472,0.8315750128086189,1968,21.76930894308943,0.07630807925760734,0.1327569995919473,0.05160916207596405
optimal@5s+aware(V=1500.0),7,300,2943,2402,0.8161739721372749,0.18382602786272512,0.08834522595990486,0.09548080190282025,350.322875096476,323.98773273539723,545.2802897890293,310.9507555803856,960.8,58.90266804028189,291.42020705619416,0.002280325437462606,0.16342427953164937,0.8342953950308881,1991,20.323957810145654,0.07710447009906002,0.12577000015880907,0.05191415313225058
optimal@5s+aware(V=1500.0),0,350,2956,2757,0.9326792963464141,0.06732070365358593,0.00033829499323410016,0.06698240866035182,247.07011584477908,227.73343646281774,418.2979838690006,231.1555186360792,1102.8,4.3882891211145925,242.68182672366441,0.02678956164670241,0.15832549168131585,0.8148849466719816,1859,2.6777837547068315,0.07911436256595854,0.13672000040969587,0.04404215077006215
optimal@5s+aware(V=1500.0),1,350,2855,2701,0.9460595446584938,0.05394045534150613,0.0,0.05394045534150613,225.19630717215065,204.18495154829816,398.10751760606854,213.37338262424754,1080.4,3.3434506331352574,221.85285653901542,0.04167524282475108,0.14573354204998382,0.8125912151252651,1809,2.2498618021006083,0.08262139304195538,0.14564399964001518,0.04950221238938053
optimal@5s+aware(V=1500.0),2,350,3002,2713,0.9037308461025982,0.09626915389740173,0.001998667554963358,0.09427048634243837,281.3867984556296,265.6792280653681,475.9614186326195,255.98249890449307,1085.2,8.46108505602006,272.9257133996095,0.02857404475473652,0.17436558998761653,0.7970603652576469,1989,4.224233283056813,0.07997229764659383,0.1568199997564078,0.058365758754863814
optimal@5s+aware(V=1500.0),3,350,2945,2724,0.9249575551782683,0.07504244482173175,0.0010186757215619694,0.07402376910016978,260.2235087919993,240.49291157129437,460.59709258323477,241.8043913532759,1089.6,7.108238918442308,253.115269873557,0.025968326847633966,0.16295185748241417,0.8110798156699519,1913,3.4516466283324623,0.0795874019659485,0.1278159995126767,0.04737687366167023
optimal@5s+aware(V=1500.0),4,350,2902,2736,0.9427980702963473,0.057201929703652656,0.0,0.057201929703652656,233.48835386968267,217.2000264709809,392.2273548806079,220.61510557187339,1094.4,4.329960533599671,229.158393336083,0.02838161661546233,0.15155440272183085,0.8200639806627068,1842,2.5868621064060804,0.0820850163070331,0.1490719994035316,0.052917232021709636
optimal@5s+aware(V=1500.0),5,350,3099,2691,0.8683446272991288,0.13165537270087124,0.011293965795417877,0.12036140690545337,313.6055696576169,295.81470571267346,506.16200538900284,276.8561369763491,1076.4,17.658357220209925,295.947212437407,0.009473557901941886,0.1810684198411438,0.8094580222569143,1964,7.1094704684317716,0.08257169042596843,0.24109600026349645,0.04569055036344756
optimal@5s+aware(V=1500.0),6,350,2974,2698,0.9071956960322798,0.09280430396772024,0.0016812373907195697,0.09112306657700067,277.40490512142094,258.49215345869743,464.19253217132257,252.9347331080875,1079.2,6.749632024412514,270.6552730970084,0.01976601461084179,0.17163234641273742,0.8086016389764208,1894,3.4424498416050686,0.08083843718080166,0.1551119996838678,0.05686326368685533
optimal@5s+aware(V=1500.0),7,350,2943,2706,0.9194699286442406,0.08053007135575943,0.0010193679918450561,0.07951070336391437,255.99670237715384,236.34758647256513,438.2393039215094,236.3944511644031,1082.4,5.389358807289405,250.60734356986444,0.027756456847880678,0.1616795988492313,0.8105639443028881,1893,2.992076069730586,0.08318341258046683,0.1485120005963833,0.047516198704103674
optimal@5s+aware(V=1500.0),0,400,2956,2926,0.989851150202977,0.010148849797023005,0.0,0.010148849797023005,137.0668479809791,117.95728865214187,250.25314422027031,135.7269774594487,1170.4,2.8364768127950355,134.23037116818406,0.14653445650070057,0.09255914335866337,0.760906400140636,1769,2.146410401356699,0.08450356135104028,0.12811599946871857,0.05374331550802139
optimal@5s+aware(V=1500.0),1,400,2855,2833,0.9922942206654991,0.007705779334500876,0.0,0.007705779334500876,129.76629850331742,113.89315753930168,237.00259448968396,128.79723586795689,1133.2,2.763239370712083,127.00305913260533,0.16341889884194447,0.08610178702591625,0.7504793141321393,1754,2.0689851767388827,0.09111921325428476,0.16964099939286825,0.05186206896551724
optimal@5s+aware(V=1500.0),2,400,3002,2921,0.9730179880079947,0.02698201199200533,0.0,0.02698201199200533,164.43995147616656,142.34118297883697,306.8346072981385,160.1392385637097,1168.4,2.8181992720816393,161.6217522040849,0.13946033071060432,0.10681273012090037,0.7537269391684953,1779,2.192804946599213,0.09025390672213546,0.16807799995149267,0.051876955161626694
optimal@5s+aware(V=1500.0),3,400,2945,2930,0.9949066213921901,0.0050933786078098476,0.0,0.0050933786078098476,135.02490872297216,120.5128065108911,244.00705509522518,134.35283550589773,1172.0,2.872551098395076,132.15235762457706,0.14089584005564296,0.09167979651244017,0.7674243634319168,1788,2.1140939597315436,0.08871767338542674,0.15534400086835273,0.05767195767195767
optimal@5s+aware(V=1500.0),4,400,2902,2855,0.9838042729152309,0.016195727084769126,0.0,0.016195727084769126,144.06510862304398,121.1562656907663,276.2140363077218,141.88404181256743,1142.0,3.299848679780479,140.7652599432635,0.15340340021365267,0.09473286138435891,0.7518637384019884,1789,2.271660145332588,0.09678183344045967,0.15379199954622846,0.04670854957661841
optimal@5s+aware(V=1500.0),5,400,3099,3023,0.9754759599870926,0.02452404001290739,0.0,0.02452404001290739,183.90728939704056,167.69418624837817,324.74968545362975,179.49425140557182,1209.2,3.0969885271281,180.81030086991245,0.08313316397570847,0.12052379156092861,0.7963430444633629,1827,2.2638204707170226,0.0828951833771973,0.1265740002054372,0.054040275299515675
optimal@5s+aware(V=1500.0),6,400,2974,2935,0.9868863483523873,0.013113651647612643,0.0,0.013113651647612643,163.69873736432734,148.20485280456705,291.79053988684774,161.59220475271198,1174.0,2.8234991256174733,160.8752382387099,0.12290160704327355,0.10741304584545655,0.7696853471112699,1769,2.132278123233465,0.09487574901479674,0.17278800005442457,0.04950758583976577
optimal@5s+aware(V=1500.0),7,400,2943,2914,0.9901461094121644,0.009853890587835541,0.0,0.009853890587835541,136.34180089322547,122.8844502252773,243.052581829597,135.04222991508146,1165.6,2.7895582750939614,133.5522426181315,0.14059958274114231,0.0920049644357226,0.7673954528231351,1788,2.1017897091722597,0.08480262861604068,0.12350400087598236,0.05638695884553715
batched_greedy@10s,0,250,2956,2109,0.7134641407307172,0.2865358592692828,0.233085250338295,0.05345060893098782,356.923075891281,328.2085160001425,539.4333283243623,319.63324839892226,843.6,104.17224651825006,252.75082937303088,1.70329902228639e-05,0.13196487115628955,0.8680180958534875,1020,40.205882352941174,0.07321852945096907,0.3506729993023326,0.0519611129735166
batched_greedy@10s,1,250,2855,2052,0.718739054290718,0.28126094570928195,0.2136602451838879,0.06760070052539405,368.0668114864582,337.61876363253214,565.4808498332825,326.711960656259,820.8,102.52764746612878,265.53916402032945,3.0039104864188427e-05,0.1411227789982904,0.8588471818968454,1023,37.97849462365591,0.06937380253773398,0.3052460008257185,0.04918588873812754
batched_greedy@10s,2,250,3002,2111,0.7031978680879414,0.2968021319120586,0.25116588940706197,0.04563624250499667,362.8384539959027,334.371461862047,549.6343230557195,323.6282210318102,844.4,110.7124166847554,252.1260373111473,1.2296276845388396e-05,0.1325328795503424,0.8674548241728122,1026,42.87329434697856,0.0739982456438773,0.3339250001772598,0.049518112329677635
batched_greedy@10s,3,250,2945,2068,0.7022071307300509,0.2977928692699491,0.24516129032258063,0.05263157894736842,361.7018502965486,335.39707996352035,553.8817630678324,320.82350719842765,827.2,107.90270080223699,253.79914949431165,0.0,0.1266142464513416,0.8733857535486583,1023,41.72336265884653,0.08365943300368946,0.3476739994948726,0.05419050824638169
batched_greedy@10s,4,250,2902,2077,0.7157133011716058,0.2842866988283942,0.23018607856650586,0.05410062026188835,355.96374963216846,329.10949412438504,546.5771076413741,320.8336987259314,830.8,105.30083491708696,250.66291471508146,7.381518800168932e-06,0.1271588279963488,0.872833790484851,1019,39.91658488714426,0.0760574092428402,0.3782399991541744,0.051065268853567804
batched_greedy@10s,5,250,3099,2086,0.6731203614069055,0.32687963859309455,0.2804130364633753,0.046466602129719266,361.64178035741315,331.95180604546226,548.7550436297952,321.50488960006123,834.4,117.41033015119048,244.2314502062227,2.428014780673564e-05,0.11916834534529992,0.8808073745068934,1020,48.01862745098039,0.08179196077560168,0.31478000029892383,0.046353101567825496
batched_greedy@10s,6,250,2974,2035,0.6842636180228648,0.31573638197713516,0.22158708809683927,0.0941492938802959,372.0423455260734,340.7665958543812,574.5337848479593,317.4020828297415,814.0,100.75607808834286,271.2862674377305,0.00021682634412663416,0.14296935633330768,0.8568138173225657,1035,39.66859903381643,0.07253507246962942,0.3497799993419902,0.05828119855120185
batched_greedy@10s,7,250,2943,2062,0.7006455997281685,0.29935440027183147,0.2218824328916072,0.07747196738022426,363.4891786391302,332.24359311492344,568.6297690178434,317.7761611930233,824.8,97.41973095982294,266.0694476793073,2.2450026072711302e-05,0.14006013386815747,0.8599174161057698,1042,37.12859884836852,0.06866285984206691,0.3553810002449596,0.05056179775280899
batched_greedy@10s,0,300,2956,2354,0.7963464140730717,0.20365358592692828,0.04431664411366712,0.15933694181326116,348.28191720823685,320.9485887558021,555.0679896218998,292.3071402265952,941.6,38.76223146741718,309.5196857408196,0.0015943573114700997,0.1820852166942499,0.81632042599428,1059,14.316336166194523,0.06099603398757948,0.417532000064967,0.05254378648874062
batched_greedy@10s,1,300,2855,2333,0.8171628721541155,0.1828371278458844,0.023117338003502626,0.15971978984238178,328.3046237516648,303.514761244669,535.211873697749,277.50700371509373,933.2,28.004173610030385,300.30045014163437,0.003652429753206543,0.1801021783727485,0.816245391874045,1059,10.352219074598677,0.06167969782438241,0.4330960004881493,0.05095720720720721
batched_greedy@10s,2,300,3002,2361,0.7864756828780812,0.21352431712191872,0.039640239840106596,0.17388407728181213,346.46363611387125,322.05573599781656,555.1818953775091,286.17097311071063,944.4,31.836228176396062,314.62740793747514,0.0026769242758690314,0.1920060309943616,0.8053170447297694,1074,12.71415270018622,0.06612746742076207,0.5169680003746169,0.04586160108548168
batched_greedy@10s,3,300,2945,2381,0.8084889643463498,0.19151103565365024,0.06689303904923599,0.12461799660441426,344.89126603055604,313.9073071407165,553.0200508610401,299.22981974149025,952.4,48.06146848229018,296.82979754826584,0.0013488053715495906,0.17078339599841172,0.8278677986300387,1052,17.745247148288975,0.06783441063339783,0.45336200057136034,0.04728199320498301
batched_greedy@10s,4,300,2902,2287,0.7880771881461062,0.21192281185389386,0.004824259131633356,0.20709855272226052,357.6430677917767,327.27675189402,576.693086648733,287.7304314165974,914.8,20.72618941592032,336.91687837585636,0.0020014512982644227,0.2009124401856088,0.7970861085161268,1062,7.882297551789077,0.06292495295563404,0.4479020001417678,0.05027322404371585
batched_greedy@10s,5,300,3099,2357,0.760567925137141,0.23943207486285897,0.08712487899322362,0.15230719586963537,369.9829407164052,337.84742516116967,585.7073457007687,307.42358480904613,942.8,62.348318501349105,307.6346222150561,0.0003833757938112307,0.1750089814707061,0.8246076427354827,1060,22.81320754716981,0.0647738679446157,0.34110000120563283,0.043115438108484005
batched_greedy@10s,6,300,2974,2311,0.777067921990585,0.22293207800941492,0.03732347007397444,0.18560860793544048,353.9996169704757,324.78651747075673,577.881257133894,288.6421435209307,924.4,30.379862921054887,323.6197540494208,0.0018546809691475312,0.19417821875698976,0.8039671002738626,1071,11.843137254901961,0.0584891690077431,0.4373400002805282,0.0473568281938326
batched_greedy@10s,7,300,2943,2297,0.7804960924226979,0.21950390757730207,0.01766904519198097,0.2018348623853211,342.9920089301012,308.0798513539912,585.4291187351758,276.10310854287667,918.8,22.966537584206918,320.02547134589423,0.005205663862093291,0.19319751533672364,0.8015968208011831,1083,9.050784856879039,0.05665512464763775,0.39772800078935877,0.048933843630399126
batched_greedy@10s,0,350,2956,2760,0.9336941813261164,0.06630581867388363,0.0,0.06630581867388363,236.18820545398933,216.28013963356125,394.505824275033,220.9991241347592,1104.0,5.685476609668878,230.50272884432047,0.03239455519445856,0.1530875971876761,0.8145178476178654,1044,3.628352490421456,0.08868726053642813,0.5088159997649194,0.04299621416982152
batched_greedy@10s,1,350,2855,2713,0.9502626970227671,0.049737302977232924,0.0,0.049737302977232924,211.4426194751274,190.45167884661805,370.28539198388756,201.21517097710378,1085.2,5.45372479791206,205.98889467721534,0.04766986159301941,0.1377051679406999,0.8146249704662807,1037,3.4821600771456125,0.08926702024189882,0.48409199967863975,0.04739467849223947
batched_greedy@10s,2,350,3002,2726,0.9080612924716855,0.09193870752831446,0.0,0.09193870752831446,259.43098017630143,236.9426240548005,431.0503959465291,236.27183352885916,1090.4,5.857176701059029,253.57380347524239,0.03424865894394001,0.16552959262814476,0.8002217484279153,1051,3.801141769743102,0.10031341577419131,0.6851000007372932,0.05212405525149857
batched_greedy@10s,3,350,2945,2746,0.932427843803056,0.06757215619694397,0.0,0.06757215619694397,227.61403917644793,206.5470527411071,389.75863017114625,212.7353667203491,1098.4,5.741146872525847,221.87289230392204,0.03265346559082483,0.14779057624940078,0.8195559581597743,1042,3.674664107485605,0.08774433784951192,0.5546800004776724,0.054168879447689854
batched_greedy@10s,4,350,2902,2727,0.9396967608545831,0.06030323914541695,0.0,0.06030323914541695,228.9892053872769,207.7006183153253,391.62062781503084,215.66550618219168,1090.8,5.8048904849421525,223.18431490233482,0.03150223114905916,0.14967307948644762,0.8188246893644932,1044,3.632183908045977,0.09390584292545434,0.5292810008359056,0.05394415830848468
batched_greedy@10s,5,350,3099,2696,0.8699580509841884,0.13004194901581156,0.002258793159083575,0.12778315585672798,285.60728819879756,258.992688233815,474.0490924214837,250.26254690027613,1078.4,8.83910320827975,276.7681849905178,0.012618150657648129,0.17723029251801778,0.8101515568243342,1059,4.829084041548631,0.08663711047013666,0.49843000026157874,0.046343975283213185
batched_greedy@10s,6,350,2974,2703,0.9088769334229994,0.09112306657700067,0.0,0.09112306657700067,251.86281201998122,230.8056522261113,430.83700461327993,229.7256954939412,1081.2,6.118148425815766,245.74466359416544,0.031768177703523776,0.15909949568272092,0.8091323266137552,1048,3.823473282442748,0.08080333968062835,0.5241769997883235,0.05479089465325569
batched_greedy@10s,7,350,2943,2723,0.9252463472646959,0.07475365273530411,0.0,0.07475365273530411,232.29332023373004,212.0137682351251,404.0164663974166,215.45378984050427,1089.2,5.705932848583346,226.58738738514668,0.03668845244282579,0.15049235946436482,0.8128191880928094,1050,3.6266666666666665,0.09119419042517188,0.6464149994098983,0.049273021001615507
batched_greedy@10s,0,400,2956,2923,0.9888362652232747,0.011163734776725304,0.0,0.011163734776725304,143.66069136040593,125.72310335494876,262.2366593171632,142.11858966743694,1169.2,5.533195046714593,138.12749631369135,0.14544459159305906,0.09472543262394711,0.7598299757829938,1040,3.5903846153846155,0.1559382692168863,0.5874830000720966,0.051968925796946154
batched_greedy@10s,1,400,2855,2830,0.9912434325744308,0.008756567425569177,0.0,0.008756567425569177,131.67825113285676,114.93487602840924,245.41604563888515,130.59739625095233,1132.0,5.5142495723893,126.16400156046745,0.1667865873928839,0.08519710490780207,0.748016307699314,1042,3.4817658349328213,0.16579357003965733,0.6602610004847506,0.052646085997794925
batched_greedy@10s,2,400,3002,2927,0.975016655562958,0.024983344437041973,0.0,0.024983344437041973,162.30540673256266,142.55866359026277,300.2794417587433,158.38370520576458,1170.8,5.482028855015411,156.82337787754724,0.13788711613446378,0.10527613969890184,0.7568367441666344,1044,3.6494252873563218,0.15653017241546183,0.6736450000062172,0.04540682414698163
batched_greedy@10s,3,400,2945,2927,0.9938879456706282,0.006112054329371817,0.0,0.006112054329371817,134.62178730758924,120.43435757698626,242.32846690799252,133.84160668160226,1170.8,5.666939698275724,128.95484760931353,0.14231653965437085,0.08939111910054041,0.7682923412450887,1042,3.6228406909788866,0.16230825337643287,0.7201680002435746,0.05642384105960265
batched_greedy@10s,4,400,2902,2848,0.9813921433494142,0.018607856650585803,0.0,0.018607856650585803,140.48153212313113,120.09486782892691,262.5748201851382,138.026131327765,1139.2,5.673189106585943,134.80834301654517,0.15693850337254803,0.0916205121919074,0.7514409844355445,1042,3.5652591170825336,0.1682316698491459,0.7845459999953148,0.04930536638518115
batched_greedy@10s,5,400,3099,3026,0.9764440141981284,0.02355598580187157,0.0,0.02355598580187157,181.98593624881124,165.6089047682044,325.6218883259985,177.8427751810566,1210.4,5.5627324451190425,176.42320380369216,0.08473151650415113,0.11883461959066455,0.7964338639051843,1052,3.722433460076046,0.12907499997263136,0.5921050011602349,0.05162279580884232
batched_greedy@10s,6,400,2974,2932,0.9858776059179556,0.014122394082044385,0.0,0.014122394082044385,161.58549880356398,144.699675638788,286.3450126526021,159.3777058249015,1172.8,5.551083926584019,156.03441487697998,0.12852954867772234,0.10316223378097343,0.7683082175413042,1040,3.6134615384615385,0.15842644228576738,0.7997659999273239,0.04976051091005854
batched_greedy@10s,7,400,2943,2915,0.9904858987427795,0.009514101257220523,0.0,0.009514101257220523,139.19213060037072,124.46307720055302,246.6653553753622,137.9353024303036,1166.0,5.589884493498022,133.6022461068727,0.13865433002286384,0.0927596372803804,0.7685860326967557,1050,3.5695238095238095,0.16732057140221254,0.732018999660793,0.05789754535752401
batched_greedy@10s+aware(V=900.0),0,250,2956,2149,0.7269959404600812,0.2730040595399188,0.2388362652232747,0.034167794316644115,350.7249534122963,326.0684095070337,522.9160033909313,319.6584437494996,859.6,103.44911492462211,247.27583848767415,0.0002124917070832497,0.1283224535806064,0.8714650547123103,1044,40.83524904214559,0.04598333333334089,0.21783199943456455,0.04289636238846946
batched_greedy@10s+aware(V=900.0),1,250,2855,2075,0.7267950963222417,0.2732049036777583,0.2276707530647986,0.04553415061295972,357.95733568602157,331.87175214205763,541.5018341560311,323.75933707436116,830.0,106.22374253968717,251.7335931463344,0.00026583422809393757,0.12752458360653088,0.8722095821653751,1057,39.418164616840116,0.045010122986510505,0.19387199965422144,0.05025996533795494
batched_greedy@10s+aware(V=900.0),2,250,3002,2126,0.7081945369753497,0.2918054630246502,0.26349100599600267,0.028314457028647568,358.2327572425133,335.4261050754867,535.76689772197,325.90833046586295,850.4,115.81855132811357,242.4142059143997,0.00022410407869243094,0.12214690135825648,0.8776289945630511,1039,46.39172281039461,0.04815842160788179,0.20706800016341714,0.04365761430044689
batched_greedy@10s+aware(V=900.0),3,250,2945,2089,0.7093378607809847,0.2906621392190153,0.265874363327674,0.024787775891341256,353.6600813181046,328.18427150580646,537.2368198556545,321.4930123912637,835.6,114.56440326455893,239.0956780535457,0.0003099390553458015,0.11553178547245112,0.884158275472203,1041,44.52353506243996,0.04940922190668397,0.19216000036976752,0.053744798890429955
batched_greedy@10s+aware(V=900.0),4,250,2902,2120,0.7305306685044797,0.2694693314955203,0.24948311509303928,0.019986216402481046,357.0373939722458,332.3468597394435,542.3793530788456,326.63934317262976,848.0,115.45469221189444,241.5827017603513,4.555006203631961e-05,0.11956576776638203,0.8803886821715816,1045,41.899521531100476,0.048913875566954215,0.21874399950320314,0.05339805825242718
batched_greedy@10s+aware(V=900.0),5,250,3099,2113,0.6818328493062278,0.31816715069377216,0.29138431752178123,0.026782833171990966,354.8542132985142,327.79400110682263,539.9284684347152,320.82467345481524,845.2,116.49868004539746,238.35553325311673,8.783373429531356e-05,0.11624395492908088,0.8836682113366238,1056,48.547348484848484,0.061729829548601796,0.18101499890690323,0.04986149584487535
batched_greedy@10s+aware(V=900.0),6,250,2974,2062,0.6933422999327505,0.3066577000672495,0.2639542703429724,0.04270342972427707,357.0041145443635,335.3649685374803,533.9107691980208,319.2423241327313,824.8,106.27741144302328,250.7267031013402,0.0007854903196866736,0.1267965530849302,0.8724179565953831,1059,43.85174693106705,0.05101624176277908,0.23291600035008778,0.05888465535157603
batched_greedy@10s+aware(V=900.0),7,250,2943,2087,0.709140332993544,0.290859667006456,0.25688073394495414,0.03397893306150187,356.4219422590618,331.00511657488005,529.7247730081402,322.62541654849514,834.8,109.78458616264507,246.6373560964167,2.14184126669271e-05,0.12412324975990256,0.8758553318274305,1042,42.65259117082534,0.048566314770197475,0.17589999994015587,0.046341463414634146
batched_greedy@10s+aware(V=900.0),0,300,2956,2467,0.834573748308525,0.16542625169147496,0.09709066305818674,0.06833558863328823,340.65192284941895,320.9657940213292,513.9743032047547,310.480326456672,986.8,65.27866102770717,275.3732618217117,0.0014672328586587604,0.15557303552809607,0.8429597316132451,1085,23.748387096774195,0.04458322575273452,0.24867599924618874,0.05035128805620609
batched_greedy@10s+aware(V=900.0),1,300,2855,2410,0.8441330998248686,0.15586690017513136,0.08266199649737303,0.07320490367775832,331.51955927090756,313.3075405636632,508.01930333894535,302.41769413468455,964.0,54.83618152162546,276.68337774928204,0.002287054531670553,0.1579668276128567,0.8397461178554727,1085,20.143778801843318,0.04357069123098852,0.24691599908692358,0.046296296296296294
batched_greedy@10s+aware(V=900.0),2,300,3002,2470,0.8227848101265823,0.17721518987341772,0.11658894070619587,0.060626249167221855,345.907653613738,328.3878256018313,517.7524531136884,316.7473926968211,988.0,72.48851905277266,273.41913456096535,0.001341246688619509,0.14979656186414508,0.8488621914472353,1091,27.209899175068745,0.049201649886363476,0.260239999988697,0.046815934864786274
batched_greedy@10s+aware(V=900.0),3,300,2945,2431,0.8254668930390492,0.17453310696095076,0.11477079796264855,0.059762308998302205,340.3876047393044,322.1072601379765,513.2112430389861,311.50691980170205,972.4,69.03151958405861,271.3560851552457,0.0011067048940142084,0.14631955203003033,0.8525737430759553,1094,25.122486288848265,0.04674204759215902,0.24907700068069902,0.056482294410301434
batched_greedy@10s+aware(V=900.0),4,300,2902,2422,0.8345968297725707,0.16540317022742937,0.0988973121984838,0.06650585802894556,348.2045323402152,327.5363474098899,517.2130337046169,317.8471061773384,968.8,64.07716070240684,284.1273716378084,0.000477882552724678,0.1571013168311022,0.8424208006161731,1082,23.553604436229204,0.06098835490004985,0.2980460004437209,0.04706583258862079
batched_greedy@10s+aware(V=900.0),5,300,3099,2451,0.7909002904162633,0.2090997095837367,0.16198773797999355,0.04711197160374314,349.5303899428514,328.30844398894897,520.96593967853,319.86161373113083,980.4,85.75358513881417,263.7768048040372,0.0004404400715579742,0.13758384751622652,0.8619757124122155,1069,33.8578110383536,0.048145556561151714,0.20276799979910673,0.044762757385854966
batched_greedy@10s+aware(V=900.0),6,300,2974,2427,0.816072629455279,0.18392737054472091,0.12239408204438466,0.06153328850033625,345.16508003205354,322.1129588153981,528.2601430494448,314.217519910361,970.8,74.44888978711562,270.71619024493793,0.002580441635745855,0.14839097862817843,0.8490285797360757,1083,27.629732225300092,0.04809501389508763,0.2678619992366294,0.05583456425406204
batched_greedy@10s+aware(V=900.0),7,300,2943,2437,0.8280665987088005,0.17193340129119947,0.10771321780496092,0.06422018348623854,334.5232370532925,315.8000801393773,507.512231477694,305.862935705422,974.8,65.44875286604143,269.0744841872511,0.001804639275480177,0.14882174981133878,0.8493736109131811,1079,24.38368860055607,0.04745254865174013,0.2297619996534198,0.04725111441307578
batched_greedy@10s+aware(V=900.0),0,350,2956,2782,0.9411366711772666,0.05886332882273342,0.005751014884979702,0.05311231393775372,257.01834331922123,243.24647174377424,425.7009221687057,244.57084643546915,1112.8,11.363684947242298,245.65465837197894,0.023249456095697608,0.15760357903992764,0.8191469648643747,1065,5.779342723004695,0.05427746476874438,0.31891600061499015,0.04788961038961039
batched_greedy@10s+aware(V=900.0),1,350,2855,2715,0.9509632224168126,0.04903677758318739,0.0003502626970227671,0.04868651488616462,215.49485806821383,195.52032956537687,387.0308518400841,205.79821595410849,1086.0,7.340718747276444,208.15413932093736,0.04520779338503916,0.13768218047286818,0.8171100261420926,1056,4.107954545454546,0.06180170453951701,0.3199249994395361,0.0481994459833795
batched_greedy@10s+aware(V=900.0),2,350,3002,2754,0.9173884077281812,0.08261159227181879,0.013657561625582945,0.06895403064623584,268.5722219888877,250.51539244409378,454.4940895143332,251.04846923679605,1101.6,18.239751146994454,250.33247084189324,0.0340488514896685,0.1560285968321952,0.8099225516781363,1080,8.448148148148148,0.057720555549975766,0.33729300001141393,0.05224274406332454
batched_greedy@10s+aware(V=900.0),3,350,2945,2752,0.93446519524618,0.06553480475382004,0.008488964346349746,0.05704584040747029,254.15293152144457,234.86077329510044,435.4194730396857,240.2576040855393,1100.8,16.1773951750155,237.97553634642907,0.026792026988868282,0.14977622484993477,0.8234317481611969,1076,6.838289962825279,0.053440148697427164,0.29892500106143416,0.055288461538461536
batched_greedy@10s+aware(V=900.0),4,350,2902,2756,0.9496898690558235,0.05031013094417643,0.004135079255685734,0.0461750516884907,242.7048948882793,222.18615953748963,418.8178333584751,232.63915831695178,1102.4,11.228001093450159,231.47689379482912,0.0259622659047843,0.14992229767404536,0.8241154364211704,1084,5.363468634686347,0.05399750922668559,0.2715260000513814,0.045554335894621295
batched_greedy@10s+aware(V=900.0),5,350,3099,2785,0.8986769925782511,0.10132300742174895,0.0377541142303969,0.06356889319135205,312.68497904805594,296.12653281334315,491.55849798376397,291.35257797709545,1114.0,38.195746013386014,274.48923303466995,0.008993581545227246,0.16243389504001846,0.8285725234147543,1077,14.769730733519035,0.055115877428494595,0.29186399951868236,0.051227884869289676
batched_greedy@10s+aware(V=900.0),6,350,2974,2732,0.9186281102891728,0.08137188971082716,0.010423671822461332,0.07094821788836583,279.8771613300945,264.103714272072,456.77065478872635,260.92075560806757,1092.8,17.399775231190805,262.4773860989037,0.021968658591000136,0.16280070854383788,0.815230632865162,1078,7.469387755102041,0.05221567718327911,0.3600410003309667,0.052983676746052984
batched_greedy@10s+aware(V=900.0),7,350,2943,2743,0.9320421338769963,0.06795786612300374,0.004077471967380225,0.06388039415562351,252.4602748924458,235.02026939396364,432.3170546250276,237.35387358689186,1097.2,12.897531253057426,239.56274363938837,0.0290230779296714,0.15234219451186023,0.8186347275584683,1079,5.8841519925857275,0.06626876735655406,0.3204620000542497,0.054286482128460094
batched_greedy@10s+aware(V=900.0),0,400,2956,2932,0.9918809201623816,0.008119079837618403,0.0,0.008119079837618403,148.0875008770431,129.48909641200703,271.93311196407836,146.9468786950467,1172.8,6.153976289548462,141.93352458749467,0.14254872549390496,0.09648326357764807,0.760968010928447,1039,3.819056785370549,0.10164282964443348,0.3767620003054617,0.053490238031559244
batched_greedy@10s+aware(V=900.0),1,400,2855,2835,0.9929947460595446,0.0070052539404553416,0.0,0.0070052539404553416,133.06200168458668,115.93664165323389,249.7076642421706,132.18404901344158,1134.0,5.593212247891876,127.46878943669476,0.16302999377910762,0.08620745090371491,0.7507625553171775,1047,3.4842406876790832,0.09762483285039802,0.36768199926882505,0.051076753175041414
batched_greedy@10s+aware(V=900.0),2,400,3002,2938,0.9786808794137242,0.021319120586275817,0.00033311125916055963,0.020986009327115255,170.10578718206023,150.16365086383666,315.2305597402688,166.7747109720747,1175.2,6.588873927760707,163.51691325429954,0.1310737106594434,0.10882879099473557,0.7600974983458211,1047,4.000955109837632,0.08948653296845417,0.36962800048058786,0.0513957735455257
batched_greedy@10s+aware(V=900.0),3,400,2945,2928,0.9942275042444821,0.005772495755517827,0.0,0.005772495755517827,134.91437671970434,120.6860845827814,243.0162042404826,134.17682006566463,1171.2,5.686903233186466,129.22747348651785,0.14220957939423381,0.08964932549448361,0.7681410951112825,1042,3.628598848368522,0.09017552780704437,0.37791999991895797,0.05617382087970323
batched_greedy@10s+aware(V=900.0),4,400,2902,2854,0.983459682977257,0.016540317022742935,0.0,0.016540317022742935,145.8514283857961,120.91183539848316,284.2388290028371,143.8986957145095,1141.6,6.973943185567274,138.87748520022885,0.1534831505539043,0.09299118879013331,0.7535256606559624,1043,4.0143815915628,0.09624573346975512,0.4166960005386484,0.04644808743169399
batched_greedy@10s+aware(V=900.0),5,400,3099,3039,0.9806389157792836,0.01936108422071636,0.00032268473701193933,0.01903839948370442,180.97239386411923,165.1783872736287,324.1252309385563,177.7424925778679,1215.6,6.030338250922714,174.9420556131965,0.08334774609244873,0.1178393953467842,0.7988128585607671,1054,3.8946869070208727,0.07749098668239034,0.32807599991429015,0.04920553562275756
batched_greedy@10s+aware(V=900.0),6,400,2974,2928,0.98453261600538,0.01546738399462004,0.0006724949562878278,0.014794889038332213,169.88902714465982,151.54759748795777,310.5123725209617,167.5458457708822,1171.2,6.07922371900203,163.80980342565775,0.12608774261015146,0.1068245535325143,0.7670877038573342,1046,3.8068833652007648,0.07999694069433055,0.37155499976506634,0.05106382978723404
batched_greedy@10s+aware(V=900.0),7,400,2943,2915,0.9904858987427795,0.009514101257220523,0.0,0.009514101257220523,138.8439789117612,125.08166252664705,247.44470735064803,137.5801892952976,1166.0,5.593395911688753,133.25058300007245,0.1414550884078909,0.0914177512520365,0.7671271603400726,1053,3.566951566951567,0.0880355175557966,0.3418839994992595,0.0515713134568896
batched_greedy@10s+aware(V=1500.0),0,250,2956,2127,0.719553450608931,0.280446549391069,0.2368064952638701,0.043640054127198916,357.4283210769796,327.91583374322545,547.1078600966488,320.9653208891692,850.8,103.32626960457569,254.10205147240393,4.3073170425798e-05,0.13375145494447,0.8662054718851042,1036,40.41795366795367,0.05327152512038792,0.23573000053147572,0.04630575417092271
batched_greedy@10s+aware(V=1500.0),1,250,2855,2062,0.7222416812609457,0.27775831873905427,0.2308231173380035,0.046935201401050786,360.7437461511744,330.14797090934326,553.4414216822515,324.95158731406855,824.8,107.28761179086888,253.45613436030555,0.00012644308057775883,0.12905000290324378,0.8708235540161785,1043,40.096836049856186,0.0537701821699465,0.23000799901637928,0.05365178262374524
batched_greedy@10s+aware(V=1500.0),2,250,3002,2123,0.7071952031978681,0.2928047968021319,0.25782811459027316,0.03497668221185876,359.5508342903246,334.77250769119473,553.1858310901503,326.4003917710445,849.2,115.18201362192981,244.36882066839476,0.00011425907654601057,0.12346587908042199,0.876419861843032,1034,45.995164410058024,0.062013249505213634,0.2559129992005181,0.044012282497441144
batched_greedy@10s+aware(V=1500.0),3,250,2945,2085,0.7079796264855688,0.2920203735144312,0.2604414261460102,0.031578947368421054,357.70649532356055,330.48155376839804,547.5527363678327,321.48327351074596,834.0,114.15450546145988,243.55198986210067,5.5039090618552615e-06,0.11781249792228378,0.8821819981686543,1037,43.78109932497589,0.05574204436067607,0.23188400024082817,0.054733218588640276
batched_greedy@10s+aware(V=1500.0),4,250,2902,2084,0.7181254307374225,0.28187456926257753,0.246381805651275,0.03549276361130255,359.6611804342267,331.65842033344825,554.0629300243339,324.469173080194,833.6,110.92495827946864,248.73622215475802,3.708511225057131e-05,0.1246693596329062,0.8752935552548433,1024,41.6337890625,0.05565830079490297,0.2728380001826734,0.046357615894039736
batched_greedy@10s+aware(V=1500.0),5,250,3099,2104,0.6789286866731203,0.32107131332687966,0.2891255243626976,0.031945788964181994,361.37403662650485,332.9276274486515,552.7617099863218,323.89525870908244,841.6,120.21239757607613,241.16163905042873,0.0,0.11715203539271865,0.8828479646072813,1031,49.115421920465565,0.07098642093991053,0.22222000043257206,0.04730662983425414
batched_greedy@10s+aware(V=1500.0),6,250,2974,2059,0.6923335574983187,0.30766644250168124,0.25924680564895763,0.0484196368527236,362.32614972041205,337.28099685831967,561.3729344540731,319.99652711722763,823.6,107.95053962485923,254.37561009555282,5.930576756511032e-05,0.12844398069745755,0.8714967135349774,1047,42.99617956064947,0.05724231129804174,0.2643820005323502,0.05039972193256865
batched_greedy@10s+aware(V=1500.0),7,250,2943,2100,0.7135575942915392,0.28644240570846075,0.24702684335711858,0.039415562351342165,360.0399739359279,327.0374001353466,556.7874015915143,325.44554031514406,840.0,110.74853952398425,249.29143441194364,4.315730128947649e-05,0.12786383240565763,0.872093010293053,1042,42.1679462571977,0.061456046042375756,0.2624939998167969,0.050887978142076504
batched_greedy@10s+aware(V=1500.0),0,300,2956,2443,0.8264546684709067,0.17354533152909338,0.08017591339648174,0.09336941813261164,345.20596271549454,319.373737683798,539.2158293115334,307.73055714289774,977.2,56.58628903416117,288.6196736813333,0.0016093333355457124,0.16577314914864014,0.8326175175158141,1073,20.473438956197576,0.05323886301941655,0.3376439998100977,0.04953917050691244
batched_greedy@10s+aware(V=1500.0),1,300,2855,2362,0.8273204903677759,0.17267950963222417,0.0658493870402802,0.10683012259194395,351.5564425238191,330.1011166604785,550.5047075345209,310.33751498959185,944.8,52.91201507354071,298.64442745027833,0.0013710088045920177,0.17114334070001883,0.8274856504953892,1084,18.449261992619927,0.04903256456607214,0.3178430013576877,0.05560407569141194
batched_greedy@10s+aware(V=1500.0),2,300,3002,2433,0.8104596935376416,0.18954030646235842,0.09893404397068621,0.09060626249167222,350.0149436087757,324.63146934911083,542.6067484380492,311.4705270113324,973.2,60.339547532752846,289.6753960760228,0.001586208624549525,0.16515917527333646,0.833254616102114,1069,23.197380729653883,0.05167333954043015,0.31285600009141407,0.04742857142857143
batched_greedy@10s+aware(V=1500.0),3,300,2945,2404,0.8162988115449915,0.1837011884550085,0.0835314091680815,0.100169779286927,342.86886076482074,318.3115973803024,540.4547265507447,303.6737120924766,961.6,56.544853789631084,286.3240069751897,0.001218324699541291,0.16028848526202166,0.838493190038437,1083,20.58448753462604,0.05122548470873481,0.30079399944952606,0.047400172364263145
batched_greedy@10s+aware(V=1500.0),4,300,2902,2380,0.8201240523776706,0.17987594762232942,0.07546519641626465,0.10441075120606479,354.3215545171951,329.0415717866508,544.1576147332589,314.27863988834,952.0,58.0706650529402,296.2508894642549,0.0003302261890173756,0.16601422037515917,0.8336555534358234,1062,20.726930320150657,0.04877495295056269,0.2810010003122459,0.04579929988331389
batched_greedy@10s+aware(V=1500.0),5,300,3099,2449,0.7902549209422395,0.20974507905776058,0.13843175217812198,0.0713133268796386,356.20086599396524,334.8114160590967,544.6478280133213,321.9277079287458,979.6,80.75792477980863,275.4429412141567,0.00018160092183317256,0.1476777943942,0.8521406046839669,1056,31.78219696969697,0.057374905269846226,0.2696299999115583,0.051259774109470024
batched_greedy@10s+aware(V=1500.0),6,300,2974,2396,0.8056489576328177,0.19435104236718226,0.09078681909885676,0.10356422326832548,352.06935290758787,327.9464296562719,553.193949066238,309.85912962406064,958.4,61.28409375786249,290.7852591497253,0.002185679219374116,0.1656714850841528,0.8321428356964731,1078,22.45547309833024,0.04917792206729895,0.3039610001178519,0.049293744594984146
batched_greedy@10s+aware(V=1500.0),7,300,2943,2408,0.818212708120965,0.181787291879035,0.09038396194359496,0.09140332993544002,341.1919333754973,311.10373353546436,544.7273347558131,304.1802030060713,963.2,59.77558916574811,281.4163442097492,0.0019546305566530324,0.15788740772871518,0.8401579617146319,1083,21.808864265927976,0.05070803324414726,0.29051200075628025,0.04756346658885322
batched_greedy@10s+aware(V=1500.0),0,350,2956,2770,0.9370771312584574,0.06292286874154263,0.0006765899864682003,0.06224627875507442,241.36049619525056,220.73294046700312,411.7818530761345,227.2921015572135,1108.0,7.6012928518332545,233.7592033434173,0.03020092383248034,0.153267231814243,0.8165318443532767,1052,4.314638783269962,0.06473108364342506,0.3839249998782183,0.0486820871436256
batched_greedy@10s+aware(V=1500.0),1,350,2855,2707,0.9481611208406304,0.05183887915936953,0.0,0.05183887915936953,228.2930453405836,202.40271645830217,406.9578373747598,216.99724244101873,1082.8,6.144657720058105,222.1483876205255,0.042460730702748126,0.14582539544709502,0.8117138738501568,1045,3.7263157894736842,0.06918564593251215,0.34026400055154205,0.04950221238938053
batched_greedy@10s+aware(V=1500.0),2,350,3002,2736,0.9113924050632911,0.08860759493670886,0.001998667554963358,0.0866089273817455,267.49179831074053,247.85376700999768,453.01426399559205,246.12749160876209,1094.4,9.327570277896651,258.1642280328439,0.03106510108566494,0.1650776871494957,0.8038572117648394,1068,5.411985018726591,0.06227528091132511,0.35921600023357275,0.04725649776844316
batched_greedy@10s+aware(V=1500.0),3,350,2945,2738,0.9297113752122241,0.0702886247877759,0.001697792869269949,0.06859083191850594,245.20571996896774,224.1872615755583,424.3467865731315,229.196583611285,1095.2,8.828021302636897,236.37769866633087,0.028538366825763134,0.15305713987958844,0.8184044932946485,1058,4.612476370510397,0.06845406430427602,0.4054500004167497,0.052224886757260856
batched_greedy@10s+aware(V=1500.0),4,350,2902,2745,0.9458993797381117,0.05410062026188835,0.0,0.05410062026188835,222.4857796043822,200.6503080184284,383.47091766856926,211.22441113671456,1098.0,7.095772713055351,215.3900068913269,0.03400124619967341,0.1441369053309991,0.8218618484693275,1051,4.038058991436727,0.08120361557429456,0.4269500004738802,0.05420054200542006
batched_greedy@10s+aware(V=1500.0),5,350,3099,2737,0.883188125201678,0.11681187479832204,0.021619877379799937,0.0951919974185221,304.7794797849871,288.41936122885363,498.71163374769935,276.8071284840406,1094.8,25.327776869829798,279.4517029151572,0.009507156929674111,0.16986383651572898,0.8206290065545969,1064,10.672932330827068,0.05907208646863012,0.32632199983709137,0.049804432855280314
batched_greedy@10s+aware(V=1500.0),6,350,2974,2707,0.910221923335575,0.08977807666442501,0.003698722259583053,0.08607935440484196,262.77111557193865,244.62396092968083,441.00112823939764,240.95553726933073,1082.8,9.558490304685643,253.21262526725306,0.027380417649860486,0.15983421903420897,0.8127853633159305,1050,4.957142857142857,0.0630554285851845,0.46665299914820924,0.05243545381953686
batched_greedy@10s+aware(V=1500.0),7,350,2943,2728,0.926945293917771,0.07305470608222901,0.0006795786612300374,0.07237512742099898,244.11666258912496,223.6489067284101,427.7659015774786,227.35139552739963,1091.2,8.925824814469197,235.19083777465576,0.03170041646100583,0.15335633176860938,0.8149432517703847,1059,4.620396600566572,0.06334693106328591,0.35485200060065986,0.048787061994609165
batched_greedy@10s+aware(V=1500.0),0,400,2956,2924,0.9891745602165088,0.010825439783491205,0.0,0.010825439783491205,145.65576419415106,127.0073342702392,266.28710240701173,144.1789582288441,1169.6,5.663588683740861,139.99217551041022,0.1451774965246982,0.09560402576943629,0.7592184777058655,1044,3.6264367816091956,0.1230269157203881,0.4824760003066326,0.05651826179685417
batched_greedy@10s+aware(V=1500.0),1,400,2855,2832,0.9919439579684763,0.008056042031523642,0.0,0.008056042031523642,133.10893758155765,115.74923667046642,246.8352112943617,132.09696952658555,1132.8,5.504627511622754,127.60431006993493,0.16519791043439805,0.08579108766368719,0.7490110019019148,1044,3.4703065134099615,0.11522241376979447,0.4414929995255076,0.04923928077455048
batched_greedy@10s+aware(V=1500.0),2,400,3002,2930,0.9760159893404398,0.023984010659560292,0.0,0.023984010659560292,165.59384997855474,147.19891688340817,298.6313953202079,161.81898504938252,1172.0,5.708274163496067,159.88557581505864,0.1347503136371255,0.10685805807957995,0.7583916282832945,1043,3.7363374880153404,0.10606337485377108,0.41130599940515744,0.042138530418751645
batched_greedy@10s+aware(V=1500.0),3,400,2945,2927,0.9938879456706282,0.006112054329371817,0.0,0.006112054329371817,134.62178730758924,120.43435757698626,242.32846690799252,133.84160668160226,1170.8,5.666939698275724,128.95484760931353,0.14231653965437085,0.08939111910054041,0.7682923412450887,1042,3.6228406909788866,0.11041180425130935,0.5020729992611421,0.05642384105960265
batched_greedy@10s+aware(V=1500.0),4,400,2902,2852,0.9827705031013094,0.01722949689869056,0.0,0.01722949689869056,144.23471060064037,119.9446130236247,279.4047137525814,142.04490498529748,1140.8,6.202928670317843,138.03178193032255,0.15337809308656997,0.09303999850416278,0.7535819084092672,1040,3.7673076923076922,0.11817134616369283,0.46950800015110744,0.04540481400437637
batched_greedy@10s+aware(V=1500.0),5,400,3099,3025,0.9761213294611165,0.023878670538883512,0.0,0.023878670538883512,183.92211102002815,167.39400340094198,328.03286440413973,179.73054317093641,1210.0,5.880191115694227,178.04191990433395,0.08409991632205432,0.11879611925636484,0.7971039644215808,1054,3.8225806451612905,0.08992998102406262,0.3977840001243751,0.052349336057201226
batched_greedy@10s+aware(V=1500.0),6,400,2974,2927,0.984196368527236,0.015803631472763955,0.0,0.015803631472763955,165.35247849331725,146.83047120123138,297.98093977368757,162.8388389036616,1170.8,5.664636267305036,159.6878422260122,0.12693314585670015,0.10505553574035847,0.7680113184029413,1039,3.6535129932627526,0.09748344562185672,0.4418060005991713,0.050518479127891515
batched_greedy@10s+aware(V=1500.0),7,400,2943,2917,0.9911654774040095,0.008834522595990485,0.0,0.008834522595990485,140.902805096903,126.93862969675683,248.44465709904745,139.7061196310161,1166.8,5.674124115336045,135.22868098156695,0.13663306806322686,0.09383061871977608,0.7695363132169971,1051,3.5851569933396763,0.10841722166560647,0.4198000005999347,0.05990415335463259
optimal@10s,0,250,2956,2112,0.7144790257104194,0.2855209742895805,0.2256427604871448,0.05987821380243572,360.15576216518184,329.3083469997291,549.5419184214602,318.5703488501422,844.8,104.72147625491864,255.4342859102632,1.4038674843046465e-05,0.13526263447896078,0.8647233268461962,1021,39.187071498530855,0.11378687562002336,0.2177000002120611,0.042631755622692176
optimal@10s,1,250,2855,2063,0.7225919439579684,0.2774080560420315,0.20945709281961472,0.06795096322241681,363.8140254332967,333.8431510916307,558.8002799484926,322.8319936964446,825.2,99.84409338417842,263.9699320491183,5.963172002806014e-05,0.14106221721855858,0.8588781510614134,1030,37.1495145631068,0.10988359218281049,0.182701999347046,0.04613297150610583
optimal@10s,2,250,3002,2116,0.7048634243837442,0.29513657561625584,0.23684210526315788,0.058294470353097934,363.58942885717335,335.6336537136367,554.050008112224,321.9871827405316,846.4,107.59126392717391,255.9981649299994,0.0,0.13546880242591083,0.8645311975740891,1041,41.0268972142171,0.1086049951752821,0.19732000037038228,0.05060398302317989
optimal@10s,3,250,2945,2069,0.702546689303905,0.2974533106960951,0.24753820033955856,0.0499151103565365,363.2653227138459,337.28641976279414,550.4765986404426,322.19744021875607,827.6,109.98960511993839,253.27571759390753,2.210237906644276e-07,0.12505965133899644,0.8749401276372128,1038,42.10789980732177,0.11882899808003733,0.2008089998162172,0.0550118123523456
optimal@10s,4,250,2902,2089,0.7198483804272915,0.28015161957270845,0.23121984838042728,0.04893177119228118,355.3654042405738,331.2360862954338,539.1475078203272,321.28179292689765,835.6,101.5492327679806,253.81617147259325,2.8699353181523392e-05,0.13096221357452797,0.8690090870722905,1025,38.673170731707316,0.12169814633280777,0.18356000138737724,0.05525606469002695
optimal@10s,5,250,3099,2088,0.6737657308809293,0.32623426911907066,0.28234914488544693,0.04388512423362375,364.44987606286395,333.1646826576671,567.0793759040287,324.6105931951995,835.2,118.25643854018742,246.19343752267656,0.0,0.11934625956386713,0.8806537404361329,1021,48.69637610186092,0.11991008815806152,0.22295999988273243,0.04892234006158057
optimal@10s,6,250,2974,2050,0.6893073301950235,0.31069266980497645,0.22898453261600538,0.08170813718897109,371.2742329621205,339.304027337525,567.0409006684212,320.4954623577873,820.0,104.40366210240443,266.8705708597161,0.00017620393907370817,0.13982920493767267,0.8599945911232536,1028,41.23929961089494,0.11466994165160452,0.27501999973537755,0.0468013468013468
optimal@10s,7,250,2943,2068,0.7026843357118586,0.2973156642881414,0.23547400611620795,0.0618416581719334,360.6355663176188,334.0961406582327,551.3536660965298,320.2149528379763,827.2,103.92841839536648,256.7071479222523,0.0,0.13272465565032937,0.8672753443496707,1042,39.230326295585414,0.11401516314606942,0.2345369995782672,0.04611242006058566
optimal@10s,0,300,2956,2372,0.8024357239512855,0.1975642760487145,0.054465493910690124,0.14309878213802435,355.5801790049203,322.17348160752476,572.7282769581177,301.1141461975666,948.8,45.00310932948309,310.5770696754372,0.0017012532916066967,0.18460740782634447,0.8136913388820489,1059,15.548630783758263,0.09489546739013975,0.19754600078158555,0.05298570227081581
optimal@10s,1,300,2855,2328,0.8154115586690017,0.18458844133099825,0.023117338003502626,0.16147110332749562,338.9469515037053,308.1092149817898,545.7917762588924,285.9293546228368,931.2,30.790330913088226,308.156620590617,0.002781486770971486,0.18557567533142091,0.8116428378976076,1065,10.997183098591549,0.0970522065916396,0.2385119999235026,0.05257239246556086
optimal@10s,2,300,3002,2347,0.7818121252498335,0.21818787475016654,0.04863424383744171,0.16955363091272485,355.51257711777146,330.3313726194492,570.7355449875581,293.3544755252623,938.8,33.77257750002594,321.7399996177456,0.0022130092144533003,0.19238950945018132,0.8053974813353653,1056,13.375946969696969,0.08783598487429062,0.13757500037172582,0.051630434782608696
optimal@10s,3,300,2945,2308,0.7837011884550085,0.2162988115449915,0.046179966044142616,0.1701188455008489,366.5580633440783,339.22636883014366,585.1752000845387,302.75964070175826,923.2,37.48915436058731,329.068908983491,0.0013740519876808451,0.1926275631494148,0.8059983848629043,1061,13.941564561734213,0.08779509894240266,0.14300000038929306,0.053852526926263466
optimal@10s,4,300,2902,2286,0.7877325982081324,0.21226740179186768,0.015506547208821502,0.19676085458304618,361.0421084732754,337.28357527741036,573.432536458477,292.86309083404166,914.4,25.084528652762366,335.957579820513,0.0007260684148836265,0.19849420930956785,0.8007797222755485,1061,9.493873704052781,0.0887308199979793,0.16398000079789318,0.05044101433296582
optimal@10s,5,300,3099,2372,0.7654081961923201,0.2345918038076799,0.1074540174249758,0.1271377863827041,367.1687232123184,337.31400000989834,566.3525271896103,312.3286541906347,948.8,68.8908895067297,298.27783370558865,0.00016379689743707972,0.16661215400939394,0.8332240490931689,1051,25.893434823977163,0.10888011414643484,0.187950000508863,0.048986486486486486
optimal@10s,6,300,2974,2290,0.7700067249495629,0.22999327505043712,0.04270342972427707,0.18728984532616005,367.8779465911696,337.7665716748679,584.7664021476321,299.10551157481063,916.0,38.04007164240231,329.83787494876725,0.0021682903268065313,0.193796910221208,0.8040347994519854,1070,14.04392523364486,0.09132355142389663,0.16742399917347936,0.04466019417475728
optimal@10s,7,300,2943,2317,0.7872918790349983,0.2127081209650017,0.039755351681957186,0.1729527692830445,342.2921626014456,313.6135921353407,562.4532832588803,283.62393941019167,926.8,35.88407408439863,306.40808851704696,0.003875679628080237,0.18013576737122228,0.8159885530006975,1067,13.341143392689785,0.08623748832884309,0.131403998893802,0.05087572977481234
optimal@10s,0,350,2956,2777,0.9394451962110961,0.060554803788903926,0.0,0.060554803788903926,237.6582371221921,217.98081238817758,397.40097245791367,223.7420914420186,1110.8,5.545978220289555,232.1122589019025,0.027748441606781048,0.15458256855193897,0.81766898984128,1044,3.6015325670498086,0.09704827591115042,0.2162770004179021,0.042737354611847446
optimal@10s,1,350,2855,2702,0.9464098073555166,0.053590192644483364,0.0,0.053590192644483364,216.65238933333896,195.0808214591366,378.35386431189477,205.36153369661812,1080.8,5.543678443813134,211.1087108895258,0.04495952571463775,0.14035607648034212,0.8146843978050202,1041,3.4956772334293946,0.09499365994396701,0.18163999957323482,0.052123552123552123
optimal@10s,2,350,3002,2716,0.90473017988008,0.09526982011992005,0.0,0.09526982011992005,257.1891457419739,232.6021620287238,439.47080551691397,233.49257029962112,1086.4,5.672636147224923,251.51650959474895,0.03322043663216996,0.16367412827121536,0.8031054350966147,1048,3.7938931297709924,0.08459427478299,0.13847800059011198,0.046407970634504456
optimal@10s,3,350,2945,2725,0.9252971137521222,0.07470288624787776,0.0,0.07470288624787776,233.28014828950256,208.33552544357644,407.0213615545951,216.41811315242867,1090.0,5.798074708201869,227.4820735813007,0.03139179034039064,0.1509879982062487,0.8176202114533606,1044,3.6848659003831417,0.08931178164815741,0.15230499939207115,0.04937283159861222
optimal@10s,4,350,2902,2738,0.943487250172295,0.05651274982770503,0.0,0.05651274982770503,239.674575074209,217.888218488878,411.76815672997895,226.58025353850286,1095.2,5.792827971695561,233.88174710251346,0.025997741446264825,0.1556215974337526,0.8183806611199826,1046,3.6166347992351815,0.09797638620122326,0.17641500035097119,0.04904632152588556
optimal@10s,5,350,3099,2671,0.8618909325588899,0.13810906744111004,0.007099064214262665,0.13101000322684736,303.9335947864223,279.006379949089,498.4277425937689,265.39299020819055,1068.4,12.030878161216872,291.90271662520547,0.0121435676851373,0.18300373497187433,0.8048526973429884,1060,6.077358490566038,0.10019990565164129,0.2233940006226503,0.0497166409067491
optimal@10s,6,350,2974,2695,0.9061869535978481,0.09381304640215199,0.0,0.09381304640215199,264.45599196609686,242.9177667982376,441.8808671084625,240.25622468848928,1078.0,5.9566897324734445,258.4993022336235,0.027370007771550537,0.16622406906269854,0.806405923165751,1046,3.7304015296367115,0.10852026768256837,0.2585500013992712,0.05328738069989396
optimal@10s,7,350,2943,2713,0.9218484539585458,0.0781515460414543,0.0,0.0781515460414543,229.93275958158483,212.87990911158522,396.9991992398992,212.46866904990273,1085.2,5.582503273802273,224.3502563077826,0.03961200637558039,0.15003666884080497,0.8103513247836146,1047,3.5902578796561606,0.11167411657714664,0.18125600032362832,0.04490127130105491
optimal@10s,0,400,2956,2923,0.9888362652232747,0.011163734776725304,0.0,0.011163734776725304,140.3420436706818,124.89185338314746,253.24561795890074,138.84918718980188,1169.2,5.531124067181726,134.81091960350005,0.14774578262050347,0.09276114999560117,0.7594930673838954,1042,3.5854126679462572,0.09456084452741483,0.14266000029238024,0.052730192719486084
optimal@10s,1,400,2855,2839,0.9943957968476357,0.005604203152364273,0.0,0.005604203152364273,136.6522278903638,119.47925243240479,254.89042374270122,135.92952932298218,1135.6,5.4872527805476405,131.16497510981614,0.1611685217524262,0.08801469580892993,0.7508167824386439,1043,3.4688398849472675,0.0991120805015502,0.16549799969652645,0.05002763957987839
optimal@10s,2,400,3002,2920,0.9726848767488341,0.02731512325116589,0.0,0.02731512325116589,162.73648961820072,143.12599443316003,302.12312935619167,158.4347125613091,1168.0,5.54294471103449,157.19354490716623,0.14127009013421526,0.10452911284125659,0.7542007970245281,1051,3.6460513796384397,0.10241741199901157,0.19459999930404592,0.050887265135699376
optimal@10s,3,400,2945,2925,0.9932088285229203,0.006791171477079796,0.0,0.006791171477079796,135.5962765949889,121.19765528789048,243.96463939628717,134.72485733668384,1170.0,5.578494669629618,130.01778192535926,0.14247233460687303,0.09042775436913983,0.7670999110239871,1041,3.6032660902977907,0.10497175792839282,0.20171999967715235,0.050386563583044525
optimal@10s,4,400,2902,2853,0.9831150930392832,0.016884906960716747,0.0,0.016884906960716747,142.63313277421548,122.59007541736173,267.8068507564709,140.34696331618025,1141.2,5.518090593527925,137.11504218068757,0.1544526790837902,0.09252815655422812,0.7530191643619817,1040,3.520192307692308,0.1112109615090818,0.17127099983554206,0.04488232074438971
optimal@10s,5,400,3099,3031,0.9780574378831881,0.021942562116811875,0.0,0.021942562116811875,181.703687610523,166.38979293015836,323.6003630066034,177.84156567332766,1212.4,5.589248004610501,176.11443960591245,0.08314952586647052,0.11904782824812633,0.7978026458854032,1054,3.7229601518026567,0.0905370019267401,0.12972900021850367,0.05065234075211052
optimal@10s,6,400,2974,2927,0.984196368527236,0.015803631472763955,0.0,0.015803631472763955,161.1203912416939,144.98534979635224,285.8318429601426,158.6744581089326,1170.8,5.537389631849813,155.58300160984413,0.12760946666281153,0.10333429745437815,0.7690562358828104,1042,3.6065259117082533,0.10264932823426295,0.19920100079616498,0.04976051091005854
optimal@10s,7,400,2943,2912,0.9894665307509344,0.010533469249065579,0.0,0.010533469249065579,139.72517922724427,126.41052634497782,246.2823992484738,138.30862194219057,1164.8,5.563356862883934,134.16182236436035,0.14034083180883694,0.0923018113085971,0.7673573568825659,1050,3.558095238095238,0.0975622856813494,0.16866100015249674,0.05487152034261242
optimal@10s+aware(V=900.0),0,250,2956,2126,0.7192151556156969,0.2807848443843031,0.2442489851150203,0.036535859269282815,354.4654247420913,330.3923989540383,528.1323178088137,319.7026404513408,850.4,107.39122723317246,247.07419750891887,0.00015338672521495432,0.12711729813554656,0.8727293151392386,1062,41.195856873822976,0.09588615818419387,0.17814599961639047,0.051641586867305064
optimal@10s+aware(V=900.0),1,250,2855,2077,0.7274956217162872,0.27250437828371277,0.23047285464098075,0.04203152364273205,356.6203241924049,333.1370287168702,533.9873972435046,324.49395925539534,830.8,104.35767254873353,252.26265164367135,0.0002455371450645212,0.12928101796302918,0.8704734448919063,1061,39.439208294062205,0.09856691796159621,0.21382000013545652,0.04798331015299027
optimal@10s+aware(V=900.0),2,250,3002,2122,0.7068620919387075,0.2931379080612925,0.27015323117921386,0.022984676882078614,357.69490090463347,336.49286488509597,534.031376339412,325.0760400554861,848.8,116.12618873120617,241.56871217342731,0.00014230844416429297,0.12156871972789993,0.8782889718279357,1031,46.37730358874879,0.10122977689394788,0.16307000041706501,0.05273972602739726
optimal@10s+aware(V=900.0),3,250,2945,2084,0.7076400679117147,0.2923599320882852,0.26723259762309,0.025127334465195245,355.1662589611642,334.0104166335218,536.1964480439926,321.5722852629485,833.6,116.17729182050086,238.98896714066328,0.0002674957591581715,0.11506313257425697,0.8846693716665849,1045,44.80574162679426,0.11239081339043917,0.21207199977652574,0.04861839804127317
optimal@10s+aware(V=900.0),4,250,2902,2099,0.7232942798070296,0.27670572019297035,0.25465196416264646,0.022053756030323914,350.90253760095567,328.9715107589691,540.6596613606653,322.7299930553651,839.6,110.08136771906487,240.8211698818908,4.6713913507496425e-05,0.1185827772672128,0.8813705088192797,1050,41.90190476190476,0.09960580951536983,0.18746499943517847,0.05735140771637122
optimal@10s+aware(V=900.0),5,250,3099,2104,0.6789286866731203,0.32107131332687966,0.2968699580509842,0.02420135527589545,358.8375237149492,332.52674439776956,553.6684880445829,323.07170188335635,841.6,122.54686904792356,236.2906546670256,2.767473547445075e-05,0.11385479046658077,0.8861175347979448,1030,50.02621359223301,0.12006708735162709,0.2343390002351953,0.05184411969380654
optimal@10s+aware(V=900.0),6,250,2974,2071,0.6963685272360457,0.30363147276395425,0.26462676529926027,0.03900470746469401,354.51045572472515,330.03768465050234,529.1534802805345,318.7847723526355,828.4,108.19117742426641,246.31927830045876,0.0008445568094738044,0.12255569201266468,0.8765997511778615,1043,44.60690316395014,0.10738092044178975,0.2031479993820539,0.0517120894479385
optimal@10s+aware(V=900.0),7,250,2943,2094,0.7115188583078491,0.2884811416921509,0.2524634726469589,0.036017669045191984,358.0019263036976,330.30616142997496,537.8238544686686,322.92530545959573,837.6,114.20701981921482,243.79490648448274,6.362026501772946e-05,0.12103225289282117,0.8789041268421611,1047,43.235912129894935,0.1019294173661317,0.25528200072585555,0.055001718803712615
optimal@10s+aware(V=900.0),0,300,2956,2468,0.8349120433017592,0.16508795669824086,0.09979702300405954,0.06529093369418133,344.30158994243817,326.25197690088817,510.0191429026811,315.00727957600094,987.2,64.83722776778426,279.46436217465396,0.0009793248338251337,0.15757601143660208,0.8414446637295728,1073,24.156570363466916,0.09303765142598396,0.14326400007121262,0.051875732708089095
optimal@10s+aware(V=900.0),1,300,2855,2393,0.8381786339754816,0.16182136602451838,0.08861646234676007,0.07320490367775832,338.63460629461383,322.5460565741596,510.2472368512519,308.7801526376324,957.2,56.31106436898053,282.32354192563326,0.001608257276393193,0.15819151518726643,0.8402002275363404,1079,21.20203892493049,0.0877407784983588,0.1411320006445749,0.04711884753901561
optimal@10s+aware(V=900.0),2,300,3002,2473,0.823784143904064,0.17621585609593604,0.11159227181878748,0.06462358427714857,346.6192771619746,328.5530034290223,513.2091019465864,315.5728312521614,989.2,65.70604525847307,280.91323190350147,0.0012160110106414395,0.15905796751114795,0.8397260214782106,1079,25.246524559777573,0.09309249306354139,0.14852799988148055,0.04577056778679027
optimal@10s+aware(V=900.0),3,300,2945,2442,0.8292020373514432,0.17079796264855687,0.11409168081494057,0.0567062818336163,345.5945971852881,325.9627340230845,518.9897238310882,317.36145979943876,976.8,75.61125185164437,269.9833453336437,0.00046518465176995674,0.14465191454132345,0.8548829008069065,1086,26.668508287292816,0.09568379370797542,0.1472349996220154,0.05395894428152493
optimal@10s+aware(V=900.0),4,300,2902,2427,0.8363197794624397,0.16368022053756032,0.10647829083390765,0.057201929703652656,348.40595507054775,327.97456758870794,518.3214277450348,320.8734005734647,970.8,66.93368040672425,281.4722746638235,0.00041377384499006916,0.15298922182778021,0.8465970043272297,1069,24.979420018709074,0.0949405986440581,0.17376799994963157,0.0502092050209205
optimal@10s+aware(V=900.0),5,300,3099,2463,0.7947725072604066,0.20522749273959343,0.15359793481768313,0.05162955792191029,352.2048367870521,337.6009144894306,521.2887392957576,321.48741625626724,985.2,84.73319172666226,267.47164506038985,0.0003786224512240435,0.14162229544208438,0.8579990821066916,1066,32.97373358348968,0.09451857413825213,0.15213500028039562,0.050029429075927015
optimal@10s+aware(V=900.0),6,300,2974,2416,0.812373907195696,0.18762609280430398,0.11903160726294552,0.06859448554135844,350.0323577491613,333.05241765098435,523.181214159499,316.4338326851133,966.4,72.47386972646439,277.5584880226969,0.0016420648592244847,0.15277284908857827,0.8455850860521972,1085,26.993548387096773,0.09754497696456986,0.20242799910193074,0.05202483003251552
optimal@10s+aware(V=900.0),7,300,2943,2437,0.8280665987088005,0.17193340129119947,0.10873258579680598,0.06320081549439348,341.63639748028135,323.70818522898844,510.2651756211446,312.41945417009714,974.8,66.34576450453275,275.2906329757486,0.00154511957189242,0.15287995026752887,0.8455749301605787,1082,24.73844731977819,0.10150859518787998,0.16656599875204856,0.047576568539994056
optimal@10s+aware(V=900.0),0,350,2956,2779,0.9401217861975643,0.05987821380243572,0.005751014884979702,0.05412719891745602,252.73404085884954,238.7370532839932,420.21129496400926,239.97723422744943,1111.6,11.95378495940837,240.7802558994412,0.02727789762343743,0.15396109631000432,0.8187610060665582,1058,5.880907372400756,0.09103251416478786,0.1608739999937826,0.04608294930875576
optimal@10s+aware(V=900.0),1,350,2855,2722,0.953415061295972,0.04658493870402802,0.0003502626970227671,0.04623467600700525,224.69342504092526,203.60527984783903,400.4310736210665,215.01876772690116,1088.8,7.869220248477408,216.82420479244786,0.04137153825094732,0.14251197039547642,0.8161164913535762,1054,4.240986717267552,0.08768444025179502,0.1575749990115583,0.04793571626489332
optimal@10s+aware(V=900.0),2,350,3002,2763,0.9203864090606263,0.07961359093937376,0.0156562291805463,0.06395736175882745,279.4068343156538,263.9595081382158,454.3037792765923,262.4155621234103,1105.2,21.263406548830986,258.1434277668228,0.030334870949863615,0.16054058011484246,0.809124548935294,1101,9.214350590372389,0.10636230697584405,0.17719999959808774,0.05385427666314678
optimal@10s+aware(V=900.0),3,350,2945,2750,0.933786078098472,0.06621392190152801,0.0050933786078098476,0.06112054329371817,256.1953689188745,235.6521451743215,442.2854906792762,241.67068195774849,1100.0,16.17099092548245,240.02437799339208,0.026309483912695077,0.15157637131078916,0.8221141447765157,1065,6.815023474178404,0.09555276991931193,0.171439999903668,0.05236441357200107
optimal@10s+aware(V=900.0),4,350,2902,2747,0.9465885596140593,0.05341144038594073,0.004479669193659545,0.04893177119228118,242.9681751246089,224.11674821096858,411.6852392587894,231.86368658342323,1098.8,11.181391451262249,231.78678367334666,0.026412281534296214,0.15095611541314896,0.8226316030525548,1063,5.415804327375353,0.09111721542591482,0.15440400038642102,0.053877551020408164
optimal@10s+aware(V=900.0),5,350,3099,2772,0.8944820909970959,0.10551790900290416,0.04227170054856405,0.0632462084543401,312.11283082120804,299.37794094322044,485.0695570004463,291.3361048947405,1108.8,37.323708126169436,274.78912269503854,0.009917067617333793,0.1621847985714056,0.8278981338112607,1068,15.08052434456929,0.1106496254933075,0.2543849995527115,0.049162901939941536
optimal@10s+aware(V=900.0),6,350,2974,2736,0.9199731002017485,0.08002689979825152,0.01109616677874916,0.06893073301950235,285.14883235679133,274.3978865097424,456.2366815642922,265.97092302343833,1094.4,19.435320066390734,265.7135122904006,0.016480872759115927,0.16335762097823542,0.8201615062626487,1081,7.8982423681776135,0.09112895465741118,0.14923999951861333,0.0570514529458811
optimal@10s+aware(V=900.0),7,350,2943,2737,0.9300033978933061,0.06999660210669385,0.00815494393476045,0.0618416581719334,258.6458315965589,243.98114148872764,432.7089274864271,243.91050422002374,1094.8,14.57330097633487,244.07253062022403,0.025572002361125654,0.15512460623563254,0.8193033914032417,1071,6.702147525676938,0.10139038284210239,0.1797500008251516,0.04960693955001355
optimal@10s+aware(V=900.0),0,400,2956,2929,0.9908660351826793,0.009133964817320704,0.0,0.009133964817320704,144.29670573350808,126.39318212854641,266.755545134227,143.0915982541626,1171.6,5.7330713506876965,138.56363438282037,0.14496161310534006,0.0952155370748342,0.7598228498198257,1041,3.7041306436119115,0.09668482231346606,0.18080000081681638,0.053490238031559244
optimal@10s+aware(V=900.0),1,400,2855,2838,0.9940455341506129,0.005954465849387041,0.0,0.005954465849387041,135.88673012078607,120.397700389791,247.66801059054188,135.1236587496383,1135.2,5.584896487991403,130.30183363279468,0.16135227422012982,0.08773341144399704,0.7509143143358732,1039,3.5091434071222327,0.09419085662250086,0.1649499993436607,0.04871298090229726
optimal@10s+aware(V=900.0),2,400,3002,2929,0.9756828780812792,0.024317121918720853,0.0,0.024317121918720853,169.6182920675755,149.5970908662257,312.7501594764793,165.81082857542745,1171.6,6.375461270952518,163.242830796623,0.13519375289644928,0.10806857964058114,0.7567376674629697,1051,3.9400570884871553,0.09895214084285506,0.15615000120305922,0.0501436406372421
optimal@10s+aware(V=900.0),3,400,2945,2931,0.9952461799660441,0.004753820033955857,0.0,0.004753820033955857,134.50870108643113,120.55955543279924,243.01242161854498,133.90318700853828,1172.4,5.586083203358037,128.92261788307306,0.1421646360442592,0.08976079294527085,0.76807457101047,1042,3.6017274472168905,0.10079174663306711,0.17915700012963479,0.04937283159861222
optimal@10s+aware(V=900.0),4,400,2902,2859,0.9851826326671261,0.014817367332873881,0.00034458993797381116,0.014472777394900068,146.43905687132022,124.65102528156785,281.5682086709974,144.659970720541,1143.6,6.67019550194946,139.76886136937074,0.1508146552093568,0.09312431268245809,0.7560610321081851,1047,3.897803247373448,0.10050783192443905,0.15857800037338163,0.04384762948753083
optimal@10s+aware(V=900.0),5,400,3099,3039,0.9806389157792836,0.01936108422071636,0.0006453694740238787,0.01871571474669248,186.9025549315451,168.3725063730226,334.333898451021,183.74319235478023,1215.6,6.441409212842358,180.46114571870277,0.07994247633441254,0.12120378258527031,0.7988537410803171,1057,4.058656575212867,0.09382497636413434,0.16215600058785692,0.04970535485523956
optimal@10s+aware(V=900.0),6,400,2974,2932,0.9858776059179556,0.014122394082044385,0.0,0.014122394082044385,169.83055664779684,152.41175275617616,307.5325853364291,167.53573719977243,1172.8,5.882777067929447,163.94777957986742,0.12269622306083756,0.10847955572904532,0.7688242212101172,1045,3.70622009569378,0.09937244013125081,0.18945599993457948,0.049014384656366546
optimal@10s+aware(V=900.0),7,400,2943,2919,0.9918450560652395,0.00815494393476045,0.0,0.00815494393476045,139.07358508238474,124.43075010484154,246.40006634105316,138.01974961366972,1167.6,5.624090234087225,133.44949484829752,0.13888258679334572,0.09217350406597362,0.7689439091406807,1051,3.591817316841104,0.09968962894363168,0.20490000042627798,0.056134723336006415
optimal@10s+aware(V=1500.0),0,250,2956,2118,0.7165087956698241,0.28349120433017594,0.24526387009472259,0.03822733423545332,355.7395862684637,329.6036197917465,538.7460565160775,321.04018394719805,847.2,106.76944200918766,248.97014425927603,2.7183293621798737e-05,0.12819937678640028,0.8717734399199779,1037,41.65380906460945,0.10670838959923672,0.1843999998527579,0.0541922290388548
optimal@10s+aware(V=1500.0),1,250,2855,2077,0.7274956217162872,0.27250437828371277,0.225569176882662,0.046935201401050786,360.8977345036747,330.8764432514836,550.6056403313897,325.44763005906276,830.8,103.42736391697541,257.4703705866993,4.981443441509974e-05,0.1343300313312444,0.8656201542343405,1031,38.84675072744908,0.0990928225445503,0.15740000053483535,0.049689440993788817
optimal@10s+aware(V=1500.0),2,250,3002,2137,0.7118587608261159,0.28814123917388407,0.25349766822118586,0.034643570952698204,358.3771487076587,334.1410350658971,550.7417001044357,326.0786912035535,854.8,112.81644040907807,245.5607082985806,3.48978448844286e-05,0.1266899019654907,0.8732752001896249,1046,45.09369024856596,0.10709082217226838,0.23901000004116202,0.045837546343107514
optimal@10s+aware(V=1500.0),3,250,2945,2086,0.7083191850594227,0.29168081494057724,0.2570458404074703,0.03463497453310696,358.1973861251756,335.1218288993655,545.2707267513367,322.26082852006346,834.4,112.39235903696094,245.80502708821473,6.33214937626609e-06,0.11960310639022145,0.8803905614604023,1035,43.40386473429952,0.10816338166267192,0.2190580003298235,0.04742125302872966
optimal@10s+aware(V=1500.0),4,250,2902,2116,0.7291523087525844,0.2708476912474156,0.23363197794624396,0.037215713301171606,358.88874721394365,327.79242345131934,550.6384039389025,326.17205713209785,846.4,109.80544639979959,249.08330081414402,0.0,0.12809112768803255,0.8719088723119675,1042,40.70441458733205,0.10900479849095451,0.1784680001946977,0.051535836177474405
optimal@10s+aware(V=1500.0),5,250,3099,2099,0.6773152629880607,0.32268473701193934,0.2852533075185544,0.03743142949338496,360.02679773327003,330.3226829441737,561.3364728047223,321.92541996108935,839.6,114.47367329605113,245.5531244372189,6.954909330189467e-05,0.120299576418488,0.8796308744882101,1015,48.100492610837435,0.10796581280669783,0.182731999339012,0.04558011049723757
optimal@10s+aware(V=1500.0),6,250,2974,2063,0.6936785474108944,0.3063214525891056,0.246133154001345,0.06018829858776059,359.1031153008658,335.52203314336657,547.8711504099421,316.3355848128626,825.2,102.5578481669115,256.54526713395427,5.595081610836577e-05,0.13015618700759818,0.8697878621762934,1028,42.07101167315175,0.11159980545282296,0.22677400063912506,0.04938271604938271
optimal@10s+aware(V=1500.0),7,250,2943,2085,0.7084607543323139,0.291539245667686,0.25008494733265374,0.04145429833503228,359.3455222778644,330.58024461009427,549.0993649029969,323.6814220687808,834.0,109.16923805906106,250.17628421880337,2.3168475288947877e-05,0.12815395151204362,0.8718228800126674,1040,41.9125,0.10921557691115315,0.26101099922015897,0.04581467447468136
optimal@10s+aware(V=1500.0),0,300,2956,2436,0.8240866035182679,0.17591339648173207,0.08761840324763194,0.08829499323410013,354.2452385206764,335.2072695508682,531.8395836294924,316.56827170824073,974.4,63.61754104907496,290.62769747160144,0.0009648059930844869,0.16576059394206027,0.8332746000648552,1070,22.71214953271028,0.09519616821741361,0.18081000062011293,0.05669064748201439
optimal@10s+aware(V=1500.0),1,300,2855,2351,0.8234676007005254,0.17653239929947462,0.07390542907180385,0.10262697022767076,350.71065890655717,328.16365038128697,542.217697734091,310.78122459210795,940.4,52.644058714008395,298.0666001925488,0.0010772469460002512,0.16851325834980113,0.8304094947041986,1072,18.919776119402986,0.10350503730512459,0.17160599951239378,0.04165426956263017
optimal@10s+aware(V=1500.0),2,300,3002,2425,0.8077948034643571,0.1922051965356429,0.09327115256495669,0.09893404397068621,350.06285928842044,331.7061480658931,531.3485273608067,309.18111401843066,970.0,55.82633043287348,294.23652885554696,0.0016579233023304072,0.16895183130899802,0.8293902453886716,1073,21.84902143522833,0.09225806147819762,0.16279200019198445,0.04664391353811149
optimal@10s+aware(V=1500.0),3,300,2945,2408,0.8176570458404074,0.18234295415959254,0.10152801358234295,0.08081494057724957,349.50820166956123,326.97782017137365,536.3981241611349,313.5545798542282,963.2,63.705246902489,285.8029547670722,0.0008519861684844081,0.15711258777848536,0.8420354260530302,1080,23.037037037037038,0.09160240745384524,0.14960400028940066,0.0472992700729927
optimal@10s+aware(V=1500.0),4,300,2902,2370,0.8166781529979324,0.18332184700206755,0.07512060647829083,0.1082012405237767,360.04801465171084,336.0335253077951,553.0691712046744,316.8470852745413,948.0,56.53095765764725,303.5170569940635,0.0005962987112663046,0.1711100122913548,0.8282936889973788,1060,20.152830188679246,0.09567698110879304,0.18048600060865322,0.048283885980221056
optimal@10s+aware(V=1500.0),5,300,3099,2442,0.7879961277831559,0.21200387221684414,0.14617618586640851,0.06582768635043562,355.355232492686,334.41974026648677,534.7233731642968,320.28868525391476,976.8,82.77351022656947,272.5817222661165,0.00017770546826539633,0.14549461286506252,0.8543276816666722,1056,31.96212121212121,0.10294706437503698,0.1828400003432768,0.050204319906596614
optimal@10s+aware(V=1500.0),6,300,2974,2379,0.7999327505043712,0.2000672494956288,0.1089441829186281,0.09112306657700067,360.9700893756335,335.1309534189313,560.8875503111624,317.8951241453297,951.6,67.89990022307988,293.07018915255355,0.0011137963634975353,0.16395045332502392,0.8349357503114786,1066,24.56285178236398,0.09946378985801604,0.21875499951420177,0.052262773722627734
optimal@10s+aware(V=1500.0),7,300,2943,2411,0.81923207611281,0.18076792388718993,0.09038396194359496,0.09038396194359496,348.10767299856093,325.49675943158536,542.8447590202795,310.21061763211634,964.4,60.30621835725302,287.80145464130794,0.001453835959083721,0.16272120142588184,0.8358249626150345,1079,22.01112140871177,0.095729286388854,0.17040400001860725,0.050886885722593776
optimal@10s+aware(V=1500.0),0,350,2956,2755,0.9320027063599459,0.06799729364005412,0.0006765899864682003,0.06732070365358593,250.64827598027466,234.6705308531,416.7738837011011,234.7983596339052,1102.0,8.355841911620164,242.29243406865444,0.026367067179005752,0.15647088942611045,0.8171620433948839,1050,4.5304761904761905,0.09333657143066548,0.1695159991868422,0.044828517418309476
optimal@10s+aware(V=1500.0),1,350,2855,2708,0.9485113835376532,0.05148861646234676,0.0,0.05148861646234676,220.35703422888915,198.81556663752121,387.2198936339952,209.42327923384192,1083.2,5.91758802051661,214.43944620837252,0.04124756159014857,0.1415886414014105,0.8171637970084409,1042,3.6362763915547025,0.08831324376037776,0.14837000077022797,0.049764998617638924
optimal@10s+aware(V=1500.0),2,350,3002,2719,0.9057295136575616,0.09427048634243837,0.002331778814123917,0.09193870752831446,275.9100964050611,256.02449655259807,460.0699634577801,251.81521262123027,1087.6,10.80522892456044,265.1048674805007,0.029007727815148203,0.16882919978302569,0.802163072401826,1059,5.690273843248347,0.09276109539279136,0.15152800002397296,0.05075876504447933
optimal@10s+aware(V=1500.0),3,350,2945,2740,0.9303904923599321,0.06960950764006792,0.0013582342954159593,0.06825127334465195,251.56274498582187,231.52740436042131,440.4021428755013,235.46460418833058,1096.0,10.576642085815736,240.98610290000616,0.027291310131549767,0.1547805915638415,0.8179280983046088,1065,5.081690140845071,0.09261211268319595,0.14341199974296573,0.049679487179487176
optimal@10s+aware(V=1500.0),4,350,2902,2743,0.945210199862164,0.05478980013783598,0.0006891798759476223,0.05410062026188835,245.36277601103546,224.1036592425262,418.0023445633041,232.75221382483463,1097.2,7.269553233544486,238.09322277749098,0.023337220242711048,0.1560170858349748,0.8206456939223141,1051,4.105613701236917,0.09732473831722707,0.24684999971213983,0.04777504777504778
optimal@10s+aware(V=1500.0),5,350,3099,2735,0.8825427557276541,0.11745724427234591,0.021942562116811875,0.09551468215553405,302.4388642452149,285.5211882612821,490.92562287110945,274.4022470381731,1094.0,23.696870270515653,278.7419939746993,0.010765982678143068,0.1705782056936053,0.8186558116282516,1064,10.2453007518797,0.09817734962096547,0.2607000005809823,0.05278211128445138
optimal@10s+aware(V=1500.0),6,350,2974,2708,0.9105581708137189,0.0894418291862811,0.0026899798251513113,0.08675184936112978,278.00808374174983,259.5159124925724,462.51366556126993,254.7856737342581,1083.2,9.765731550424732,268.24235219132504,0.02026886057125604,0.16967168932859186,0.8100594501001521,1061,4.953817153628652,0.09979472194283857,0.19642000079329594,0.05011996800853106
optimal@10s+aware(V=1500.0),7,350,2943,2722,0.9249065579340808,0.07509344206591913,0.0010193679918450561,0.07407407407407407,258.1987249676931,238.2906141824551,438.43531625486725,240.17508375064452,1088.8,10.109897430821743,248.08882753687138,0.026348256082405788,0.1605681361745415,0.8130836077430528,1065,4.992488262910798,0.09191539905776222,0.1614479992713299,0.05288590604026846
optimal@10s+aware(V=1500.0),0,400,2956,2919,0.9874830852503383,0.012516914749661705,0.0,0.012516914749661705,145.47686098883742,129.67162926904348,260.7026572824167,143.7398181195749,1167.6,5.5902480976282085,139.8866128912092,0.14712526417674035,0.09591876950048472,0.7569559663227748,1044,3.5957854406130267,0.0940542145318951,0.1371839997227652,0.052730192719486084
optimal@10s+aware(V=1500.0),1,400,2855,2836,0.9933450087565674,0.006654991243432574,0.0,0.006654991243432574,134.39762984346484,117.87032180865572,246.53918139190137,133.54234890403305,1134.4,5.564074046332155,128.8335557971327,0.16108469618697283,0.08718105030856713,0.7517342535044601,1039,3.5004812319538017,0.09562088552044698,0.16280200099572517,0.052384891094568516
optimal@10s+aware(V=1500.0),2,400,3002,2920,0.9726848767488341,0.02731512325116589,0.0,0.02731512325116589,163.12603851319125,141.803228981978,304.0315974235467,158.9349528222876,1168.0,5.760671255525885,157.36536725766538,0.1418358446760328,0.1043814516041447,0.7537827037198225,1045,3.7626794258373204,0.09450765552591593,0.1542920000792945,0.04390115667718191
optimal@10s+aware(V=1500.0),3,400,2945,2927,0.9938879456706282,0.006112054329371817,0.0,0.006112054329371817,135.76546852816463,120.98776699688597,244.9017561458095,134.97538542599625,1170.8,5.628872233425669,130.13659629473895,0.14263705546524585,0.09028486965250532,0.7670780748822489,1051,3.5813510941960036,0.10241332062627863,0.20915000004606554,0.0516506922257721
optimal@10s+aware(V=1500.0),4,400,2902,2860,0.9855272226051,0.014472777394900068,0.0,0.014472777394900068,144.84798634551277,122.31334531759558,279.5526726729202,143.0168776819391,1144.0,6.174102838193238,138.67388350731952,0.15113351708631917,0.09344799957069251,0.7554184833429883,1046,3.7323135755258128,0.09839445508980454,0.1598650002051727,0.050856676638564045
optimal@10s+aware(V=1500.0),5,400,3099,3030,0.9777347531461762,0.022265246853823813,0.00032268473701193933,0.021942562116811875,181.47200548029537,165.64040380392908,322.20836019010056,177.6603034605981,1212.0,5.6290342149207415,175.84297126537462,0.08319009875137275,0.11833627059130102,0.7984736306573263,1058,3.7495274102079397,0.09935935728012281,0.1627070008180463,0.045781893004115226
optimal@10s+aware(V=1500.0),6,400,2974,2928,0.98453261600538,0.01546738399462004,0.0,0.01546738399462004,164.63549246865833,148.2639125552522,292.21974476012457,162.1790912999372,1171.2,5.6005796195936774,159.03491284906468,0.12604652422463775,0.10553062752846722,0.768422848246895,1045,3.6114832535885166,0.09724267938726584,0.17221599940967275,0.050518479127891515
optimal@10s+aware(V=1500.0),7,400,2943,2918,0.9915052667346246,0.008494733265375467,0.0,0.008494733265375467,139.79302021763576,124.86150525410949,246.3589993017722,138.66558455732516,1167.2,5.5333328628179235,134.25968735481783,0.13871925099489882,0.09220467896760144,0.7690760700374997,1051,3.550903901046622,0.09410428165998239,0.17099999968195334,0.05335120643431635
batched_greedy@30s,0,250,2956,2152,0.7280108254397835,0.2719891745602165,0.2351150202976996,0.03687415426251692,340.1896845627832,313.87538909358864,511.1071868718089,311.07014457756156,860.8,108.70301315673376,231.48667140604948,7.36273933348849e-05,0.12485252728960149,0.8750738453170637,366,45.005464480874316,0.22380573775249823,1.119819999803441,0.05426356589147287
batched_greedy@30s,1,250,2855,2088,0.7313485113835376,0.2686514886164623,0.22416812609457093,0.04448336252189142,343.7776759184864,315.3186994790108,534.721770705734,312.56602309169074,835.2,103.58304192676955,240.1946339917168,0.0003400849969523517,0.12739135552511907,0.8722685594779286,365,42.38904109589041,0.1711608220020561,0.7836239997413951,0.04908399585205669
batched_greedy@30s,2,250,3002,2117,0.7051965356429047,0.29480346435709526,0.26682211858760824,0.02798134576948701,348.0536739292512,320.88963687914384,544.8403917375233,316.805320370659,846.8,115.30381470888705,232.74985922036413,0.0,0.12393462297685835,0.8760653770231416,365,48.50410958904109,0.26282821913996923,0.9062600006291182,0.049252717391304345
batched_greedy@30s,3,250,2945,2090,0.7096774193548387,0.2903225806451613,0.26112054329371814,0.029202037351443125,341.85482774170015,314.79798351916133,527.222115975059,312.0451928148184,836.0,110.96936099035456,230.88546675134558,2.1736196255756417e-05,0.11801756600033955,0.8819606978034047,367,46.561307901907355,0.1921956403505619,0.8432339995488282,0.05486968449931413
batched_greedy@30s,4,250,2902,2097,0.722605099931082,0.277394900068918,0.2467263955892488,0.030668504479669192,347.30543092165453,321.72305149818567,532.4752676868201,319.23620913563906,838.8,116.71757083564825,230.5878600860063,1.0712763061224702e-05,0.12081667133974199,0.8791726158971968,367,45.84741144414169,0.18479591282405758,0.8822459993825758,0.056790968183373244
batched_greedy@30s,5,250,3099,2103,0.6786060019361084,0.3213939980638916,0.2800903517263633,0.041303646337528234,345.635766674916,315.51080422146333,545.3903047072132,311.8395439315255,841.2,117.00130737362488,228.63445930129117,8.573348106897619e-05,0.11652270529508264,0.8833915612238484,365,51.88219178082192,0.2017758904937543,0.7525760005955823,0.047602739726027396
batched_greedy@30s,6,250,2974,2073,0.6970410221923335,0.30295897780766645,0.2488231338264963,0.05413584398117014,349.8625265562691,318.61679175421887,543.1266231925588,311.95942990750933,829.2,109.4210682893823,240.44145826688683,0.0002926536467820984,0.12718063679125077,0.8725267095619672,368,46.20923913043478,0.18794673911523443,1.0449030004383522,0.05340636768230058
batched_greedy@30s,7,250,2943,2092,0.7108392796466191,0.2891607203533809,0.25076452599388377,0.038396194359497114,344.42345401126227,314.33752739581723,545.1223475080035,313.52610109465286,836.8,109.97622609577854,234.44722791548372,2.4173349709195464e-05,0.12497327298704247,0.8750025536632483,367,45.22070844686648,0.1826899181673546,0.9271919999446189,0.047537030657940064
batched_greedy@30s,0,300,2956,2439,0.8251014884979703,0.17489851150202976,0.07239512855209743,0.10250338294993235,332.1720251624619,302.3523621274635,529.7238678211418,294.3715055209739,975.6,57.10868879404535,275.06333636841657,0.0026894226124483337,0.16394377434569254,0.8333668030418592,363,23.853994490358126,0.1707898071230971,0.9317080001346766,0.05299145299145299
batched_greedy@30s,1,300,2855,2355,0.8248686514886164,0.17513134851138354,0.051138353765323996,0.12399299474605954,324.07588328138434,289.0505187253957,528.44948878539,284.5552577564799,942.0,46.36401756417078,277.7118657172135,0.003764623113251554,0.16614684523122356,0.8300885316555249,364,20.01098901098901,0.19567280216486344,1.1833770013254261,0.05054881571346043
batched_greedy@30s,2,300,3002,2431,0.8097934710193204,0.19020652898067955,0.07661558960692871,0.11359093937375084,327.74413413372133,298.43872149078925,527.7503651706174,288.5926512802551,972.4,56.19423857382984,271.5498955598915,0.004070714540553472,0.1623948418766398,0.8335344435828067,366,24.58743169398907,0.18749972674870816,1.241360000221906,0.048630519843487985
batched_greedy@30s,3,300,2945,2398,0.8142614601018676,0.18573853989813244,0.0869269949066214,0.09881154499151104,326.9993182694855,300.02498033081383,515.6873927733906,291.41804830315516,959.2,59.464336593485164,267.5349816760003,0.0014633079783693101,0.15394084960040738,0.8445958424212233,364,25.425824175824175,0.18609120877874455,1.3478970002506692,0.052450558899398106
batched_greedy@30s,4,300,2902,2408,0.8297725706409372,0.1702274293590627,0.05961405926946933,0.11061337008959339,330.8688854444641,299.3665636179353,530.6965276219122,294.79193298682367,963.2,50.94516105701807,279.92372438744604,0.002025158932882683,0.1660186188048717,0.8319562222622455,365,21.912328767123288,0.18542164382791906,1.2699119998433177,0.05606146841206602
batched_greedy@30s,5,300,3099,2439,0.78702807357212,0.21297192642787996,0.14811229428848016,0.06485963213939981,337.8352586712182,313.79317411297416,521.3044046784985,306.1332396744874,975.6,82.41836525636491,255.4168934148533,0.00027204181777388636,0.14084916176875667,0.8588787964134694,362,35.71823204419889,0.20048977898395054,0.8693540000604111,0.053888727060879694
batched_greedy@30s,6,300,2974,2408,0.8096839273705447,0.19031607262945527,0.10221923335574983,0.08809683927370544,338.7312705789812,309.0232170089764,533.5274988382055,302.48766885446463,963.2,70.24337188610548,268.4878986928757,0.0014676833741081735,0.15259162859171638,0.8459406880341754,363,28.99173553719008,0.18325068869606526,1.1827020006967353,0.0445095168374817
batched_greedy@30s,7,300,2943,2409,0.81855249745158,0.18144750254842,0.0672782874617737,0.11416921508664628,323.078675483032,290.8307207948237,525.4567531287006,284.71722912179774,963.6,51.177297160078645,271.90137832295335,0.0038994380049465643,0.1625816715368119,0.8335188904582416,363,22.289256198347108,0.21013774103993363,1.5999219996228913,0.04961505560307956
batched_greedy@30s,0,350,2956,2775,0.9387686062246279,0.06123139377537212,0.00033829499323410016,0.06089309878213803,241.83715747676126,217.46555774455464,406.5459991959701,228.39582176616366,1110.0,17.504061748870765,224.33309572789045,0.03183608814271269,0.14831281833557405,0.8198510935217131,361,10.65650969529086,0.22324736841296108,1.2067799998476394,0.046875
batched_greedy@30s,1,350,2855,2717,0.9516637478108582,0.04833625218914186,0.0,0.04833625218914186,214.48768012762827,192.13139234177015,373.83265665223774,204.95398640394922,1086.8,16.82033036578468,197.66734976184358,0.048497054765063066,0.13342233204749174,0.8180806131874452,360,10.080555555555556,0.24221277780674833,1.1832529994535461,0.0508146920740127
batched_greedy@30s,2,350,3002,2744,0.9140572951365756,0.08594270486342438,0.0006662225183211193,0.08527648234510327,251.3629687459853,227.07282449565128,428.3870026063374,232.2695573811854,1097.6,18.177080368500828,233.18588837748445,0.040126895651141005,0.15232500048068345,0.8075481038681754,360,11.402777777777779,0.23545722220256315,1.375727000158805,0.05066597022721337
batched_greedy@30s,3,350,2945,2738,0.9297113752122241,0.0702886247877759,0.0,0.0702886247877759,237.75824734678272,212.85249517229977,418.1310313638738,222.51994778611262,1095.2,17.26936732295377,220.48888002382893,0.030513717246869024,0.14654220455185135,0.8229440782012797,361,10.673130193905816,0.2287124652992592,1.3368000007176237,0.049626467449306294
batched_greedy@30s,4,350,2902,2743,0.945210199862164,0.05478980013783598,0.00034458993797381116,0.05444521019986216,224.9525624740381,199.973250143752,388.84166774799246,213.92441946341253,1097.2,18.085358524693707,206.8672039493444,0.038299470298762066,0.13962143404713143,0.8220790956541065,360,10.602777777777778,0.25136305552122296,1.4186720002362592,0.056517036235803134
batched_greedy@30s,5,350,3099,2752,0.888028396256857,0.11197160374314295,0.01452081316553727,0.09745079057760568,277.4116752447033,247.9404095809814,464.67387972767494,252.20648557122982,1100.8,26.71837756324066,250.69329768146255,0.017153687396504195,0.15927484868271397,0.8235714639207818,360,14.569444444444445,0.22437222219701247,1.4038379999328778,0.05320247933884298
batched_greedy@30s,6,350,2974,2721,0.9149293880295898,0.08507061197041023,0.0033624747814391394,0.08170813718897109,256.0083664416857,232.33989334815305,428.9562084243771,236.59787412598808,1088.4,19.721670622105314,236.28669581958044,0.032731214738474096,0.1516950132321547,0.8155737720293711,362,11.417127071823204,0.2110704419856974,1.3890120000178283,0.051916932907348244
batched_greedy@30s,7,350,2943,2743,0.9320421338769963,0.06795786612300374,0.0,0.06795786612300374,231.50849594997797,207.0936513668753,395.2546079984543,217.13258724631217,1097.2,17.112521974386574,214.3959739755914,0.03825805213530932,0.1441520219993271,0.8175899258653636,360,10.522222222222222,0.24334972222782703,1.4214780005022498,0.05182599355531686
batched_greedy@30s,0,400,2956,2916,0.986468200270636,0.013531799729364006,0.0,0.013531799729364006,148.74330920699637,131.14337611719384,262.66305638699623,146.99843050682193,1166.4,16.355969959348243,132.38733924764813,0.15168347718363567,0.09122777662984238,0.757088746186522,360,10.380555555555556,0.4552863889431238,1.4018379998015074,0.052983676746052984
batched_greedy@30s,1,400,2855,2831,0.9915936952714536,0.00840630472854641,0.0,0.00840630472854641,142.75797912866798,125.74446997633004,256.874576217263,141.70322254847989,1132.4,16.720798452029335,126.03718067663868,0.1670686794952472,0.08416499699316765,0.7487663235115851,361,10.005540166204986,0.46010110803098264,1.5150199997151501,0.04844961240310078
batched_greedy@30s,2,400,3002,2926,0.9746835443037974,0.02531645569620253,0.0,0.02531645569620253,173.81619981308313,154.6901785311311,306.62818650925055,169.87115409849017,1170.4,16.523872874073216,157.29232693900994,0.13841187917361536,0.10467706637899665,0.7569110544473879,360,10.58611111111111,0.4412033332957637,1.6218920002756934,0.043649750197212726
batched_greedy@30s,3,400,2945,2927,0.9938879456706282,0.006112054329371817,0.0,0.006112054329371817,145.7029483396511,130.77557404885283,254.02395022460223,144.93074205517706,1170.8,16.472219734376594,129.23072860527452,0.1431487436795998,0.08935730436043071,0.7674939519599695,360,10.422222222222222,0.42020222224184384,1.55863099995259,0.05063965884861407
batched_greedy@30s,4,400,2902,2855,0.9838042729152309,0.016195727084769126,0.0,0.016195727084769126,147.90323566366362,126.43376760515639,268.2744979267714,145.8401126643037,1142.0,17.111524718039853,130.79171094562378,0.15722955012195375,0.08958245600704753,0.7531879938709987,360,10.225,0.45592666662438813,1.4773059991421202,0.04722904722904723
batched_greedy@30s,5,400,3099,3031,0.9780574378831881,0.021942562116811875,0.0,0.021942562116811875,185.83573225360973,168.09608461548487,326.97976142261996,182.20997543094592,1212.4,16.67355202121788,169.16218023239185,0.08870250726418925,0.11478340718566948,0.7965140855501412,360,10.911111111111111,0.4046211110966801,1.5542199993797168,0.054040275299515675
batched_greedy@30s,6,400,2974,2928,0.98453261600538,0.01546738399462004,0.0,0.01546738399462004,168.1223206359998,152.07469786006232,290.1265069274652,165.83653327674736,1171.2,16.55419998671884,151.56812064928098,0.12966020394258793,0.10092459431294656,0.7694152017444655,360,10.46111111111111,0.40561361109010047,1.7719599995871278,0.05177907594264471
batched_greedy@30s,7,400,2943,2920,0.9921848453958546,0.00781515460414543,0.0,0.00781515460414543,146.6086505398598,131.56531485448613,257.35046632694457,145.623863522527,1168.0,16.643587972754563,129.96506256710526,0.141219234096455,0.08977348664771738,0.7690072792558277,360,10.347222222222221,0.469375833366333,2.3115309997047024,0.052080536912751677
batched_greedy@30s+aware(V=900.0),0,250,2956,2150,0.7273342354533153,0.27266576454668473,0.2445872801082544,0.02807848443843031,335.09971739830763,309.45120553990455,507.9224108177064,306.4861722067912,860.0,107.90219099130894,227.19752640699872,0.000247382451505914,0.12220284648250121,0.877549771065993,369,44.47154471544715,0.10609295397473507,0.498540000116918,0.054035567715458276
batched_greedy@30s+aware(V=900.0),1,250,2855,2090,0.7320490367775832,0.2679509632224168,0.23537653239929948,0.03257443082311734,341.82606730982315,317.3409050298419,513.4183106905768,317.1808577213288,836.0,108.36749246553136,233.4585748442918,0.0005283794001794807,0.12286067832820376,0.8766109422716167,368,44.755434782608695,0.09931956526048927,0.43349500068870755,0.04668304668304668
batched_greedy@30s+aware(V=900.0),2,250,3002,2124,0.7075283144570287,0.29247168554297137,0.26515656229180545,0.02731512325116589,341.26687558541647,316.6172334703931,520.5622340019279,311.14312238627014,849.6,111.62527351281418,229.64160207260235,0.00013357866908462045,0.12134747871369667,0.8785189426172187,369,47.888888888888886,0.10320514908327334,0.504620001083822,0.0506155950752394
batched_greedy@30s+aware(V=900.0),3,250,2945,2096,0.7117147707979626,0.28828522920203736,0.2641765704584041,0.024108658743633278,335.3824883731541,312.56659307817176,513.5856376561171,310.6241261848849,838.4,109.79744921222938,225.58503916092468,0.0002414324374362652,0.11285367555148934,0.8869048920110744,370,47.486486486486484,0.10316459460276796,0.5579499989835313,0.048201187565490744
batched_greedy@30s+aware(V=900.0),4,250,2902,2104,0.7250172294968987,0.2749827705031013,0.253618194348725,0.021364576154376293,339.2297295021237,311.72884201484703,518.1938860699862,313.8098535895066,841.6,106.97954234067831,232.25018716144538,0.00014606615162485065,0.12126188195072668,0.8785920518976486,367,45.01634877384196,0.10245149866513666,0.49618599940004054,0.05547801814375436
batched_greedy@30s+aware(V=900.0),5,250,3099,2086,0.6731203614069055,0.32687963859309455,0.3065505001613424,0.02032913843175218,344.67705126166453,322.051979645084,528.049340922546,314.2541011682676,834.4,122.53566409559664,222.14138716606791,0.0003019918739342811,0.11101269935553908,0.8886853087705266,365,54.43013698630137,0.1135898629811031,0.4347880002751484,0.05516514406184118
batched_greedy@30s+aware(V=900.0),6,250,2974,2085,0.7010759919300605,0.29892400806993946,0.27135171486213855,0.02757229320780094,338.7793374328065,314.6564592781815,517.4697510251386,310.99319412167137,834.0,110.7843175771726,227.99501985563396,0.0009040828247222336,0.11730857029834027,0.8817873468769375,367,48.30245231607629,0.1131008174591961,0.6156959995496427,0.04369449378330373
batched_greedy@30s+aware(V=900.0),7,250,2943,2113,0.7179748555895344,0.2820251444104655,0.2579001019367992,0.024125042473666328,344.54298329622475,319.8975586225588,539.4145738322379,317.86465608305014,845.2,113.26321695224598,231.27976634397874,0.00011698450027175407,0.12134385948814563,0.8785391560115826,368,46.858695652173914,0.10253288047332045,0.43763399977251477,0.04944289693593315
batched_greedy@30s+aware(V=900.0),0,300,2956,2502,0.8464140730717186,0.15358592692828146,0.10859269282814614,0.04499323410013532,323.9555588146108,300.61931003960285,501.04758401224507,302.2145263056517,1000.8,71.14900138262344,252.80655743198744,0.0019373755951525634,0.14594673055094912,0.8521158938538983,365,29.65753424657534,0.1126509588985219,0.6490759993903348,0.05091770278271166
batched_greedy@30s+aware(V=900.0),1,300,2855,2431,0.8514886164623467,0.14851138353765325,0.09667250437828372,0.05183887915936953,319.9619719125873,297.6197022503575,503.52468558036503,298.6876209406871,972.4,68.52534755655422,251.43662435603306,0.0030561058424931307,0.14216113243546796,0.8547827617220389,367,27.52043596730245,0.10095885556800403,0.6245599987960296,0.04544077552256892
batched_greedy@30s+aware(V=900.0),2,300,3002,2493,0.8304463690872752,0.16955363091272485,0.12091938707528314,0.04863424383744171,320.27255227070435,299.9818455717059,492.49615647347684,297.70311724130164,997.2,69.8823927490893,250.39015952161512,0.005594417066620673,0.14330658102847849,0.851099001904901,365,30.797260273972604,0.10919068485086988,0.6705879999935865,0.04646405610753945
batched_greedy@30s+aware(V=900.0),3,300,2945,2451,0.832258064516129,0.16774193548387098,0.12258064516129032,0.04516129032258064,318.06098350279944,295.92602048300796,496.6008480641249,297.6578130915124,980.4,72.27305356221237,245.78792994058708,0.0016635990680703774,0.13708108573527678,0.8612553151966528,370,30.33783783783784,0.10334486482001061,0.6392510002297059,0.05270950547823512
batched_greedy@30s+aware(V=900.0),4,300,2902,2459,0.8473466574776016,0.15265334252239834,0.10475534114403859,0.04789800137835975,325.7873279235995,304.4648455535262,496.83772759985584,304.6376218376859,983.6,69.65925900147398,256.1280689221255,0.0015034673660233753,0.14461457674252348,0.8538819558914532,373,28.184986595174262,0.09874075068858135,0.6065320007473911,0.049626307922272045
batched_greedy@30s+aware(V=900.0),5,300,3099,2485,0.8018715714746693,0.19812842852533075,0.16618263956114876,0.031945788964181994,330.6246724014233,305.46700304441856,511.7554329596351,309.5740368747859,994.0,89.04295732446668,241.58171507695664,0.0008281877342896443,0.1304111518965213,0.8687606603691891,366,38.71584699453552,0.1138319672076041,0.5017300002691627,0.04614923584057537
batched_greedy@30s+aware(V=900.0),6,300,2974,2424,0.8150638870208473,0.18493611297915266,0.13819771351714863,0.04673839946200403,327.84471594515213,309.00751756414684,507.86340309888425,303.73236114504806,969.6,77.98326827311645,249.86144767203567,0.0026249676552635476,0.1381778902877654,0.8591971420569711,366,32.99726775956284,0.10752349719607947,0.6629450001128139,0.04523375834851245
batched_greedy@30s+aware(V=900.0),7,300,2943,2461,0.836221542643561,0.163778457356439,0.10805300713557595,0.05572545022086307,314.8242693985764,289.9634963524695,491.50378953216386,291.8284104547763,984.4,68.30856681783978,246.51570258073662,0.002933393906270625,0.14175714812679155,0.8553094579669378,365,28.898630136986302,0.10619205481006783,0.6022999996639561,0.04870804870804871
batched_greedy@30s+aware(V=900.0),0,350,2956,2807,0.949594046008119,0.05040595399188092,0.007780784844384303,0.04262516914749662,242.59180574182312,224.1081677629163,414.44703422795834,233.63549005160283,1122.8,22.149285804073628,220.44251993774955,0.031183453146825656,0.14455133441069518,0.8242652124424792,360,12.575,0.20155694445646885,0.7588370009398209,0.040699262496585634
batched_greedy@30s+aware(V=900.0),1,350,2855,2733,0.9572679509632224,0.04273204903677758,0.0031523642732049035,0.03957968476357268,227.8729664681484,208.76093141252477,392.5116617230192,219.9820445767333,1093.2,20.993670115034117,206.87929635311426,0.04035048338528074,0.13564753351205663,0.8240019831026626,361,11.457063711911358,0.14064072022336108,0.7567999989987578,0.04963948973932335
batched_greedy@30s+aware(V=900.0),2,350,3002,2793,0.930379746835443,0.06962025316455696,0.02465023317788141,0.04497001998667555,262.45921739144967,244.67465321167128,437.6662059675843,251.13765183386855,1117.2,32.070239686560036,230.38897770488964,0.037451386508235575,0.1448362048703869,0.8177124086213776,370,16.17297297297297,0.14195567571831005,0.8042969993766748,0.052252732604638766
batched_greedy@30s+aware(V=900.0),3,350,2945,2780,0.9439728353140917,0.05602716468590832,0.010865874363327675,0.04516129032258064,246.280249156321,225.154007347242,429.09166341819696,236.20258123981824,1112.0,26.731076284095025,219.54917287222602,0.02801107247203422,0.14131750553252814,0.8306714219954376,369,13.441734417344174,0.1407238482417183,0.7455639993713702,0.05005382131324004
batched_greedy@30s+aware(V=900.0),4,350,2902,2763,0.9521019986216402,0.04789800137835975,0.011371467953135768,0.03652653342522398,240.43580909739717,221.64254437877753,410.59375506974067,233.1476257769672,1105.2,25.45822412755025,214.97758496984693,0.030255051540605326,0.14017884594739488,0.8295661025119999,363,13.30853994490358,0.13905261705287017,0.8194880005248706,0.05546448087431694
batched_greedy@30s+aware(V=900.0),5,350,3099,2804,0.9048080025814779,0.0951919974185221,0.04259438528557599,0.052597612132946114,284.8974401295422,265.28415860877635,465.92901785397703,270.16750503899624,1121.6,41.549684502902196,243.34775562663998,0.01442774155943477,0.14801684826122954,0.8375554101793357,362,20.3121546961326,0.13008812154177415,0.6804849986292538,0.05894736842105263
batched_greedy@30s+aware(V=900.0),6,350,2974,2765,0.929724277067922,0.07027572293207801,0.017821116341627436,0.05245460659045057,269.833208673201,249.8981157029939,449.9869516309196,256.008299426301,1106.0,30.655794722929596,239.17741395027144,0.027988452066486993,0.14857961593107707,0.8234319320024359,365,14.98904109589041,0.12517890415799465,0.7996360003744496,0.05177993527508091
batched_greedy@30s+aware(V=900.0),7,350,2943,2780,0.9446143391097519,0.055385660890248045,0.009853890587835541,0.045531770302412504,246.76666642619756,229.18984057126727,414.60688538966144,236.55138493990452,1112.0,24.9765656074071,221.79010081879042,0.02988311865840049,0.14391769660983814,0.8261991847317615,362,13.32596685082873,0.13645138116359667,0.7262999999875318,0.04993215739484396
batched_greedy@30s+aware(V=900.0),0,400,2956,2924,0.9891745602165088,0.010825439783491205,0.0,0.010825439783491205,148.68464320527775,130.17317771362605,264.74176017472377,147.313818373123,1169.6,16.853669272675866,131.8309739326019,0.14942438606927888,0.09070610559308796,0.7598695083376332,360,10.569444444444445,0.26386472217281054,1.0715059998438,0.057021049826805226
batched_greedy@30s+aware(V=900.0),1,400,2855,2835,0.9929947460595446,0.0070052539404553416,0.0,0.0070052539404553416,144.71508833080298,127.52058104630305,263.43945956788485,143.80791385585152,1134.0,16.916092853515487,127.7989954772875,0.16383764655294003,0.08570436002058927,0.7504579934264707,360,10.080555555555556,0.2547563889240539,1.0340699993321407,0.0505524861878453
batched_greedy@30s+aware(V=900.0),2,400,3002,2932,0.9766822118587608,0.023317788141239172,0.004663557628247834,0.018654230512991338,177.3986646835725,156.1558029717694,325.840291614494,174.5816424752557,1172.8,19.101766609299847,158.29689807427263,0.13682597642361014,0.10320703572175363,0.7599669878546362,360,11.522222222222222,0.2356111111263696,1.0448820002056902,0.041026998411858126
batched_greedy@30s+aware(V=900.0),3,400,2945,2927,0.9938879456706282,0.006112054329371817,0.00033955857385398983,0.005772495755517827,144.56238757030772,129.73666663490803,254.2989839124168,143.8692898722307,1170.8,16.550235868847654,128.01215170146008,0.1438236878660091,0.08833544257188272,0.7678408695621082,361,10.434903047091412,0.2404650969710072,1.0326199997507477,0.052673583399840386
batched_greedy@30s+aware(V=900.0),4,400,2902,2860,0.9855272226051,0.014472777394900068,0.00034458993797381116,0.014128187456926258,154.58692535661106,132.44424116812024,288.54881978885567,153.13813669712366,1144.0,18.834746969412922,135.75217838719811,0.1532783003226386,0.09059229413213234,0.7561294055452291,361,10.79224376731302,0.3124601108561302,1.3953399993624738,0.04646078163432632
batched_greedy@30s+aware(V=900.0),5,400,3099,3032,0.9783801226202,0.021619877379799937,0.000968054211035818,0.020651823168764117,189.5631033681159,172.26344004589873,338.9449605290393,186.32013994007974,1212.8,17.670254854766902,171.89284851334898,0.08764861663284008,0.11491271494906928,0.7974386684180906,360,11.305555555555555,0.19629222226992876,0.7514000003538975,0.045068246201390674
batched_greedy@30s+aware(V=900.0),6,400,2974,2922,0.9825151311365165,0.017484868863483525,0.0006724949562878278,0.016812373907195696,173.54131603495247,156.7525242992458,309.5616945268257,171.04634925263733,1168.8,17.34501152260969,156.19630451234283,0.12893416141029915,0.10283267508422612,0.7682331635054747,360,10.733333333333333,0.21893944435760204,0.9013920001052614,0.05633430309441947
batched_greedy@30s+aware(V=900.0),7,400,2943,2914,0.9901461094121644,0.009853890587835541,0.0006795786612300374,0.009174311926605505,147.86843035319959,132.23164702827307,259.33588891483623,146.69649013195576,1165.6,17.06151946827806,130.80691088492154,0.1421466058045342,0.09021365232118547,0.7676397418742803,360,10.491666666666667,0.23399749999144762,0.85587400059012,0.05792845702082221
batched_greedy@30s+aware(V=1500.0),0,250,2956,2135,0.7222598105548038,0.2777401894451962,0.24526387009472259,0.03247631935047361,338.71461655129224,313.6184121035967,516.4278273806761,310.01277612856137,854.0,103.12401856502457,235.59059798626765,0.00022694924540585048,0.12779691017880918,0.871976140575785,367,44.09264305177112,0.12430108997352106,0.5341079988284027,0.05331510594668489
batched_greedy@30s+aware(V=1500.0),1,250,2855,2092,0.7327495621716287,0.26725043782837127,0.22697022767075306,0.040280210157618214,342.5851316552732,314.3671276617556,530.6580358601423,314.17055605393466,836.8,108.13613202624086,234.44899962903233,0.0003554568028674461,0.12377673205400062,0.875867811143132,367,43.79291553133515,0.12357820163276972,0.5942099999447232,0.058095565486421454
batched_greedy@30s+aware(V=1500.0),2,250,3002,2126,0.7081945369753497,0.2918054630246502,0.2681545636242505,0.023650899400399734,345.11634011726574,316.9766621767866,531.024202939765,313.2484133255421,850.4,113.93289180699757,231.18344831026815,0.00016448426636862394,0.12291630375300314,0.8769192119806283,367,48.14441416893733,0.1344782016511273,0.6034099997123108,0.05455165359699966
batched_greedy@30s+aware(V=1500.0),3,250,2945,2106,0.7151103565365026,0.28488964346349743,0.26213921901528014,0.02275042444821732,342.4186359134231,318.40910304713907,517.9060214236165,315.2012898558791,842.4,114.32848579444484,228.0901501189783,0.00013830629392075157,0.11679547235888176,0.8830662213471975,369,47.8970189701897,0.1305111110879097,0.599447999411495,0.04998264491496009
batched_greedy@30s+aware(V=1500.0),4,250,2902,2122,0.7312198483804273,0.2687801516195727,0.2439696760854583,0.024810475534114404,345.4262849390426,316.9840097969559,536.1396932097734,318.21535330364026,848.8,112.31882976821716,233.10745517082546,0.0,0.12253089380291653,0.8774691061970835,368,45.35597826086956,0.1342605978013877,0.699608999530028,0.052904564315352696
batched_greedy@30s+aware(V=1500.0),5,250,3099,2108,0.6802194256211681,0.3197805743788319,0.2929977412068409,0.026782833171990966,345.2303539843289,316.04179661384296,537.7882561838786,315.31450985410225,843.2,118.46106918782621,226.76928479650272,2.7875667826731944e-05,0.11552975965349548,0.8844423646786778,366,52.96174863387978,0.14043169406254916,0.5755599991061909,0.048577376821651634
batched_greedy@30s+aware(V=1500.0),6,250,2974,2070,0.6960322797579018,0.30396772024209817,0.2706792199058507,0.03328850033624748,345.85569462544254,321.5098994992245,534.1843725246738,313.4076103008076,828.0,108.70173101085294,237.1539636145896,0.00031133734411850004,0.12418949510471942,0.8754991675511621,368,47.33152173913044,0.14450652174772308,1.0125209996658624,0.05604203152364273
batched_greedy@30s+aware(V=1500.0),7,250,2943,2097,0.7125382262996942,0.2874617737003058,0.2528032619775739,0.034658511722731905,347.1137763871415,315.98908258954634,541.0116541282214,314.3397636235259,838.8,114.62107081034215,232.49270557679932,7.795756413606473e-05,0.12228151590195288,0.877640526533911,368,46.14945652173913,0.12998668472371958,0.6541720003224304,0.04814686525805334
batched_greedy@30s+aware(V=1500.0),0,300,2956,2478,0.8382949932341002,0.16170500676589986,0.08897158322056833,0.07273342354533154,330.15290522562935,304.4087210606003,525.5755690247361,300.70036821190183,991.2,65.88332547177701,264.2695797538524,0.0017312061281541807,0.15526990495292844,0.8429988889189173,364,27.145604395604394,0.12571675826300954,0.6730170006085248,0.04998546934030805
batched_greedy@30s+aware(V=1500.0),1,300,2855,2415,0.8458844133099825,0.15411558669001751,0.08231173380035026,0.07180385288966724,326.38635027961413,301.497772834281,519.8480808415865,299.02903744919854,966.0,64.33605437726897,262.0502959023452,0.002390753928011319,0.1523135492773822,0.8452956967946065,366,25.691256830601095,0.1321464480865299,0.9829000001445871,0.051084051084051084
batched_greedy@30s+aware(V=1500.0),2,300,3002,2471,0.8231179213857428,0.17688207861425717,0.1022651565622918,0.07461692205196535,326.8373468708866,297.82232381370704,522.873026022793,298.7681885265,988.4,65.41177398233084,261.42557288855573,0.00460063416529848,0.1514934034227943,0.8439059624119072,372,28.46505376344086,0.12546290321630316,0.6692160002057798,0.04238754325259515
batched_greedy@30s+aware(V=1500.0),3,300,2945,2431,0.8254668930390492,0.17453310696095076,0.11137521222410866,0.06315789473684211,328.7512679835006,301.9518068713678,513.5166930396617,301.40341675045096,972.4,72.94684126015827,255.8044267233423,0.0010664380662423387,0.14196372790463724,0.8569698340291204,367,29.732970027247955,0.12661798365420646,0.7807220001268427,0.05300146412884334
batched_greedy@30s+aware(V=1500.0),4,300,2902,2445,0.8425223983459683,0.1574776016540317,0.09338387319090283,0.06409372846312887,333.5291282893842,306.0857490232147,522.5921410558483,309.13417364750063,978.0,67.78807215646752,265.74105613291664,0.0012642068970691327,0.1518864169546108,0.84684937614832,366,27.904371584699454,0.12230327871800344,0.6878649993268501,0.04311626523936961
batched_greedy@30s+aware(V=1500.0),5,300,3099,2469,0.7967086156824782,0.20329138431752178,0.1494030332365279,0.05388835108099387,339.62969071914273,316.34648232315567,523.2205570426706,309.9575704210996,987.6,87.88815595060917,251.74153476853348,0.0006757861032916421,0.13928278803659053,0.8600414258601179,365,36.895890410958906,0.1397504109238619,0.6013320011697946,0.04677846425419241
batched_greedy@30s+aware(V=1500.0),6,300,2974,2406,0.8090114324142569,0.19098856758574312,0.12407531943510423,0.06691324815063887,332.73405283221814,304.94929562638936,530.4909922096513,301.693807759525,962.4,73.14950691468702,259.5845459175311,0.0016310719878379742,0.1460632278620563,0.8523057001501058,364,30.857142857142858,0.12508791206318376,0.8356359997924306,0.04864219635929573
batched_greedy@30s+aware(V=1500.0),7,300,2943,2429,0.8253482840638804,0.1746517159361196,0.10703363914373089,0.06761807679238872,325.17855537588076,298.2278723586842,516.31796341504,297.40960362836125,971.6,66.56891333423766,258.60964204164316,0.0018686236815834277,0.14846727409305818,0.8496641022253584,365,28.326027397260273,0.12679671230191708,0.7124320000730225,0.04324485535341485
batched_greedy@30s+aware(V=1500.0),0,350,2956,2786,0.942489851150203,0.05751014884979702,0.0033829499323410014,0.05412719891745602,245.86987672875426,221.32250528032273,426.90230142366727,233.6749907388053,1114.4,19.798700973692316,226.07117575506194,0.03289240073347969,0.14775298773121537,0.8193546115353049,360,11.48611111111111,0.16218638887848,0.866006999876847,0.04414951245937161
batched_greedy@30s+aware(V=1500.0),1,350,2855,2720,0.9527145359019265,0.047285464098073555,0.0003502626970227671,0.046935201401050786,219.62007281242606,195.4824060498877,389.07690231131016,210.52957906983377,1088.0,18.543451642564122,201.07662116986194,0.04853802132358107,0.1334623238295625,0.8179996548468564,362,10.640883977900552,0.1692643645784296,0.8141419996536555,0.057354555433589464
batched_greedy@30s+aware(V=1500.0),2,350,3002,2768,0.9220519653564291,0.07794803464357095,0.015323117921385743,0.0626249167221852,261.6905497617183,240.5487448529542,456.94998852056347,246.47399193553295,1107.2,26.69935035700961,234.99119940470865,0.0332068233384693,0.15081827306052561,0.815974903601005,363,14.47107438016529,0.17421652900196,1.0133319995293275,0.052548191180353844
batched_greedy@30s+aware(V=1500.0),3,350,2945,2754,0.935144312393888,0.06485568760611206,0.0013582342954159593,0.06349745331069609,244.80512524961028,220.31381533984586,425.53875970656185,231.19973899599864,1101.6,20.86115116772562,223.94397408188462,0.027926060685664382,0.14712084068046843,0.8249530986338672,364,11.725274725274724,0.15800576919311105,0.9297379989766342,0.052967793452222516
batched_greedy@30s+aware(V=1500.0),4,350,2902,2751,0.9479669193659546,0.052033080634045485,0.0031013094417643005,0.04893177119228118,235.00914444045912,212.0810151036303,411.5314679192288,224.71779241081532,1100.4,20.288222604257356,214.72092183620174,0.03333817858075756,0.1426504608626272,0.8240113605566153,361,11.329639889196676,0.20849390580287266,1.603380000597086,0.054589896795219986
batched_greedy@30s+aware(V=1500.0),5,350,3099,2792,0.9009357857373346,0.09906421426266537,0.032268473701193935,0.06679574056147145,293.9765330432975,270.1021806873555,481.9023932586511,274.726027727583,1116.8,39.47744685611443,254.49908618718308,0.010690985778125281,0.15559681233194672,0.8337122018899281,360,19.091666666666665,0.16103583328307045,0.9921629998825746,0.05247966413014957
batched_greedy@30s+aware(V=1500.0),6,350,2974,2746,0.9233355749831876,0.07666442501681238,0.0070611970410221925,0.06960322797579019,261.7567968594894,240.4610172766529,443.0653043238642,244.9474007498436,1098.4,23.60566790632705,238.15112895316236,0.028749849232317087,0.15093752587996254,0.8203126248877204,362,12.740331491712707,0.16121132594784265,1.1065990007955397,0.05004013914905004
batched_greedy@30s+aware(V=1500.0),7,350,2943,2755,0.9361196058443765,0.06388039415562351,0.0027183146449201497,0.06116207951070336,242.80996135289146,222.2785468218217,410.6167189105895,229.28999037859128,1102.0,21.238357795479256,221.5716035574122,0.03265267764747205,0.14481001494552495,0.822537307407003,362,11.828729281767956,0.1732359116119786,1.0974439999881695,0.05397422126745435
batched_greedy@30s+aware(V=1500.0),0,400,2956,2915,0.9861299052774019,0.013870094722598106,0.00033829499323410016,0.013531799729364006,150.27622032056723,132.20257922743622,265.01694761115107,148.52948315125175,1166.0,16.551954322627964,133.72426599793926,0.15195574299606066,0.0919274183200393,0.7561168386839,360,10.46111111111111,0.30167861114528527,0.959396000544075,0.055777955697891644
batched_greedy@30s+aware(V=1500.0),1,400,2855,2830,0.9912434325744308,0.008756567425569177,0.0,0.008756567425569177,145.21735964621408,128.26354570207627,261.8138799169359,144.08135801471383,1132.0,16.821304786969588,128.39605485924452,0.1661406899331083,0.085430352313343,0.7484289577535487,360,10.055555555555555,0.29828166661395195,0.9180289993491904,0.04950221238938053
batched_greedy@30s+aware(V=1500.0),2,400,3002,2927,0.975016655562958,0.024983344437041973,0.00033311125916055963,0.02465023317788141,175.71719295836434,155.41641754099692,316.8846146999875,172.0428320511655,1170.8,17.464654853840273,158.25253810452406,0.13829376819299177,0.10453416549014488,0.7571720663168633,360,10.91388888888889,0.29271361108334937,1.1991830000624764,0.043409629044988164
batched_greedy@30s+aware(V=1500.0),3,400,2945,2928,0.9942275042444821,0.005772495755517827,0.0,0.005772495755517827,145.9907896640187,130.98732137052252,254.1966677985864,145.28537097747628,1171.2,16.468001138127466,129.52278852589126,0.14296214053012013,0.08954513977564928,0.7674927196942306,360,10.427777777777777,0.2927761110741913,1.1598949996914603,0.050386563583044525
batched_greedy@30s+aware(V=1500.0),4,400,2902,2858,0.9848380427291523,0.015161957270847692,0.00034458993797381116,0.014817367332873881,155.63133539551805,131.44295073906187,291.0168478250447,153.6670119026541,1143.2,17.653818358523395,137.97751703699467,0.15190353932934966,0.09261247251636966,0.7554839881542806,360,10.4,0.3115797222360723,1.1728869999024034,0.040956569543705336
batched_greedy@30s+aware(V=1500.0),5,400,3099,3038,0.9803162310422717,0.0196837689577283,0.0006453694740238787,0.01903839948370442,190.89603949912862,172.6718105909897,337.2410733985895,187.71266407541032,1215.2,17.097330136687663,173.79870936244095,0.08453418111877228,0.11714710901982682,0.7983187098614009,361,11.041551246537397,0.23494127415290064,0.908719999279128,0.04848640328373525
batched_greedy@30s+aware(V=1500.0),6,400,2974,2929,0.9848688634835239,0.015131136516476126,0.0,0.015131136516476126,168.35859398574362,151.9378059822684,293.10853419730995,166.1709644635633,1171.6,16.68701474003334,151.67157924571026,0.1283199178208619,0.1009639338299179,0.7707161483492202,360,10.511111111111111,0.2606644444666826,1.216116000523476,0.0522823779193206
batched_greedy@30s+aware(V=1500.0),7,400,2943,2917,0.9911654774040095,0.008834522595990485,0.0,0.008834522595990485,146.6598088526722,132.12419507057348,257.9513533771942,145.5372387595752,1166.8,16.710187317334434,129.94962153533774,0.14165496790730883,0.08951165026067841,0.7688333818320128,360,10.363888888888889,0.28841416665272845,1.0848760002409126,0.05309734513274336
optimal@30s,0,250,2956,2130,0.7205683355886333,0.2794316644113667,0.2395128552097429,0.039918809201623814,340.1341777565232,316.0879702782049,513.5130580210289,309.78898318396784,852.0,106.27757254221034,233.8566052143128,4.222954912217675e-05,0.12532188681130998,0.8746358836395678,367,44.561307901907355,0.15245040866004858,0.2955920002932533,0.051970108695652176
optimal@30s,1,250,2855,2084,0.7299474605954466,0.2700525394045534,0.2245183887915937,0.04553415061295972,342.8489489365117,312.6949712618225,517.50702482412,314.93000989078416,833.6,102.93892044856675,239.91002848794494,6.997712542094107e-05,0.1259765228241825,0.8739535000503965,365,43.11780821917808,0.15861945203266248,0.2756639997824097,0.04385659589279499
optimal@30s,2,250,3002,2148,0.715522984676882,0.2844770153231179,0.2554963357761492,0.028980679546968688,344.30882094783163,318.35281916407894,519.7500070467038,314.55209347944134,859.2,111.43069213189546,232.87812881593618,1.1353773641296558e-05,0.12557439914714597,0.8744142470792128,366,47.404371584699454,0.15777704922952007,0.26250999972035116,0.04813194210703467
optimal@30s,3,250,2945,2092,0.7103565365025467,0.2896434634974533,0.25806451612903225,0.031578947368421054,341.81212990126085,312.56092730413866,530.4283980289266,310.9868073891582,836.8,111.50400490120434,230.30812500005652,1.4885733557886447e-05,0.11586030850594357,0.8841248057604986,366,46.775956284153004,0.17361775956144768,0.7564050003566088,0.04504504504504504
optimal@30s,4,250,2902,2100,0.7236388697450035,0.27636113025499653,0.2505168849069607,0.025844245348035838,344.7249592276264,314.5149426943203,531.7376223751833,316.95880040218947,840.0,114.50410613797278,230.22085308965362,0.0,0.1186583374790168,0.8813416625209831,367,45.64032697547684,0.15685722077900116,0.30910200061043613,0.06046032291308828
optimal@30s,5,250,3099,2100,0.6776379477250726,0.32236205227492737,0.2904162633107454,0.031945788964181994,344.54700784118023,313.1268479556438,538.3422600518362,313.20203056135,840.0,116.34232115880023,228.20468668238,2.3897754863698437e-05,0.11543140687949448,0.8845446953656417,363,52.53168044077135,0.17828842981082846,0.39281799909076653,0.047883414295628035
optimal@30s,6,250,2974,2083,0.7004034969737727,0.2995965030262273,0.2558843308675185,0.04371217215870881,352.3952381169073,322.69838189517577,556.394991471768,315.4179209011766,833.2,112.66148906586521,239.73374905104205,9.28366793955154e-05,0.12609946070829564,0.8738077026123089,368,47.10597826086956,0.1934258151649097,0.37163499961025037,0.05370051635111876
optimal@30s,7,250,2943,2095,0.7118586476384642,0.2881413523615359,0.2524634726469589,0.03567787971457696,344.3700765173535,317.2931067215377,537.1944482752994,313.91739519326785,838.0,113.48861968102295,230.8814568363305,0.0,0.12133474700968633,0.8786652529903137,367,46.079019073569484,0.2011610354338576,0.3383019992907061,0.045627376425855515
optimal@30s,0,300,2956,2452,0.8294993234100135,0.17050067658998647,0.09133964817320704,0.07916102841677942,338.5873542779631,314.39396261223555,524.0214953912634,305.98811072718667,980.8,68.4836883524088,270.10366592555425,0.0010264408465735964,0.15686343881795212,0.8421101203354743,364,27.615384615384617,0.13565439559777706,0.22679599936964223,0.05273833671399594
optimal@30s,1,300,2855,2372,0.8308231173380035,0.16917688266199649,0.05779334500875657,0.11138353765323993,333.68207654402715,308.3211735116056,526.4534204913756,295.3908124951806,948.8,51.334752423495964,282.3473241205312,0.002982505955027924,0.16977134333721486,0.8272461507077572,364,21.373626373626372,0.12358104397088147,0.21440500029711987,0.054108796296296294
optimal@30s,2,300,3002,2451,0.8164556962025317,0.18354430379746836,0.09160559626915389,0.09193870752831446,332.89009846658814,309.3912656877874,524.825272591941,298.5197989058389,980.4,59.25699124583469,273.6331072207535,0.002030601735085382,0.1625893168459461,0.8353800814189686,364,26.38736263736264,0.15540604403173386,0.22695100016790107,0.046267385750780585
optimal@30s,3,300,2945,2414,0.8196943972835314,0.1803056027164686,0.09405772495755518,0.08624787775891342,333.123260078237,306.9150824119713,522.9278041390257,299.52726686863474,965.6,61.792502257993355,271.33075782024366,0.0005689135258960727,0.15473271598123411,0.8446983704928699,362,26.511049723756905,0.13505662988504885,0.22020499969585178,0.04644412191582003
optimal@30s,4,300,2902,2409,0.830117160578911,0.1698828394210889,0.07443142660234321,0.0954514128187457,343.19274235095645,317.6785192442512,527.8081087705837,309.21716287249245,963.6,63.11985869139341,280.07288365956305,0.0003455011609753302,0.16152132208127934,0.8381331767577452,362,25.8121546961326,0.12864392264423735,0.20176899988655328,0.0446454625036475
optimal@30s,5,300,3099,2421,0.7812197483059051,0.21878025169409487,0.1442400774443369,0.07454017424975799,341.3986451129185,316.5838752224022,521.2108966376964,306.35096146651625,968.4,82.40304909793632,258.99559601498214,0.0005616339169112951,0.1425200699058525,0.8569182961772361,361,35.578947368421055,0.15186066478354582,0.21872000033908962,0.046811000585137506
optimal@30s,6,300,2974,2389,0.8032952252858103,0.19670477471418965,0.10053799596503027,0.09616677874915938,341.3734040814976,318.47917636192324,516.0782934885733,303.717596699838,955.6,68.23083109013903,273.14257299135863,0.0006545707849985209,0.15608790872621786,0.8432575204887837,364,28.60164835164835,0.14223324171405613,0.25502899998173234,0.051118210862619806
optimal@30s,7,300,2943,2413,0.81991165477404,0.1800883452259599,0.08222901800883452,0.09785932721712538,333.76468030405147,305.09444799677385,521.1058086957987,297.6840313037481,965.2,59.84526923074613,273.9194110733053,0.0014616396834574072,0.16152108311052324,0.8370172772060194,364,25.186813186813186,0.12838626367078837,0.22650900073131205,0.048046309696092616
optimal@30s,0,350,2956,2763,0.9347090663058186,0.06529093369418133,0.0,0.06529093369418133,252.77605489718962,232.2738143997617,418.5061778917198,237.7089826456232,1105.2,17.35735299040772,235.41870190678193,0.028799927470634003,0.154428265875165,0.816771806654201,360,10.658333333333333,0.11958972220074632,0.1980350000667389,0.04583445672688056
optimal@30s,1,350,2855,2716,0.9513134851138354,0.04868651488616462,0.0,0.04868651488616462,217.80742672924265,197.51203159603097,375.96957942269137,208.1178359211302,1086.4,16.829893712128985,200.97753301711373,0.04745223944847044,0.13407293894392602,0.8184748216076035,360,10.116666666666667,0.125246111070333,0.22498299946164546,0.0508146920740127
optimal@30s,2,350,3002,2734,0.9107261825449701,0.08927381745502998,0.002331778814123917,0.08694203864090606,275.9308221741359,249.9756903856969,476.72468569950365,253.9500965592716,1093.6,19.41055227252836,256.5202699016076,0.027605376671962167,0.16559517158187634,0.8067994517461615,362,11.632596685082873,0.11814999996113831,0.18653700039067178,0.04899135446685879
optimal@30s,3,350,2945,2751,0.934125636672326,0.06587436332767402,0.00033955857385398983,0.06553480475382004,245.98591787266486,222.4468684540543,420.20346553696436,231.05129014749838,1100.4,17.573797445791687,228.41212042687317,0.026546099368019292,0.15113128022277372,0.8223226204092069,360,10.741666666666667,0.12077527774939274,0.24576299994805656,0.052421500798296966
optimal@30s,4,350,2902,2746,0.9462439696760855,0.053756030323914544,0.00034458993797381116,0.05341144038594073,236.2935788840752,217.23556201874771,396.5171616296375,224.76055732964164,1098.4,17.643465074589194,218.650113809486,0.03249320611666765,0.1461408556612519,0.8213659382220804,361,10.418282548476455,0.1214886426239502,0.2186599998822203,0.05447154471544716
optimal@30s,5,350,3099,2759,0.8902871894159406,0.10971281058405938,0.018393030009680542,0.09131978057437883,292.271674689658,267.32332641697576,475.0109641675068,267.496781268662,1103.6,30.333193253949062,261.938481435709,0.010185985741186596,0.16255818693669627,0.8272558273221171,361,15.850415512465373,0.12582326869512075,0.19964000020991074,0.04570383912248629
optimal@30s,6,350,2974,2736,0.9199731002017485,0.08002689979825152,0.004034969737726967,0.07599193006052454,259.2763488517917,238.26933601539486,427.08747264613464,240.71763233326462,1094.4,19.99263473685509,239.2837141149366,0.02685843980119632,0.1542286839966699,0.8189128762021338,360,11.522222222222222,0.12645472225408916,0.3764839991345096,0.05746822033898305
optimal@30s,7,350,2943,2753,0.9354400271831464,0.06455997281685355,0.0006795786612300374,0.06388039415562351,235.5361298365376,215.16817816011462,397.95737047798286,221.53881637938895,1101.2,17.329053054080575,218.20707678245708,0.03553899101099248,0.14713291902227899,0.8173280899667286,361,10.53185595567867,0.13914182813514192,0.33508000087749457,0.046731496488384656
optimal@30s,0,400,2956,2923,0.9888362652232747,0.011163734776725304,0.0,0.011163734776725304,151.18109699495193,134.96586127855517,266.23611898061523,149.7575565103754,1169.2,16.525791585220137,134.65530540973177,0.14988624853428434,0.09212826956371577,0.7579854819019999,361,10.398891966759003,0.13694570642910348,0.2150999989680711,0.056769722814498935
optimal@30s,1,400,2855,2837,0.9936952714535902,0.006304728546409807,0.0,0.006304728546409807,142.39679085142313,126.43908426497774,253.57989624925412,141.63346990819886,1134.8,16.70693723578631,125.6898536156368,0.16354361237176473,0.08452126501219435,0.7519351226160409,361,10.024930747922438,0.133688919646838,0.2655000000231662,0.05029013539651837
optimal@30s,2,400,3002,2930,0.9760159893404398,0.023984010659560292,0.0,0.023984010659560292,170.21856476396653,151.63708562561715,302.5931285986546,166.5643163930724,1172.0,16.631458336704117,153.58710642726243,0.14063343686430288,0.10241619181870491,0.7569503713169922,361,10.570637119113574,0.13349556792090478,0.31065999937709066,0.04540682414698163
optimal@30s,3,400,2945,2931,0.9952461799660441,0.004753820033955857,0.0,0.004753820033955857,143.69254377822156,129.29475211719,246.5710433562308,143.1133311862301,1172.4,16.484741793032306,127.20780198518925,0.14290079466428654,0.08822583081309651,0.768873374522617,361,10.393351800554017,0.13082714681545857,0.2188200003729434,0.05063965884861407
optimal@30s,4,400,2902,2857,0.9844934527911785,0.015506547208821502,0.00034458993797381116,0.015161957270847692,149.68552595866316,131.10341466618956,276.0437992699836,147.66865400826083,1142.8,16.904062913534194,132.78146304512896,0.15604580042796587,0.09043736031263831,0.7535168392593958,360,10.169444444444444,0.14448777786431796,0.2645570006279742,0.04384762948753083
optimal@30s,5,400,3099,3034,0.979025492094224,0.020974507905776058,0.0,0.020974507905776058,183.80779365798358,165.4933833532823,319.3286652874614,180.33492406864278,1213.6,16.66877450419244,167.1390191537911,0.08655226553327737,0.11370917133244508,0.7997385631342776,361,10.87257617728532,0.1300933517819516,0.2181799998652421,0.05379908210096889
optimal@30s,6,400,2974,2929,0.9848688634835239,0.015131136516476126,0.0,0.015131136516476126,168.4022316517761,153.6194986168548,289.96102531174006,166.07631792456013,1171.6,16.51948095061873,151.88275070115742,0.12942014182633052,0.10060994214768193,0.7699699160259875,361,10.390581717451523,0.14620193901477116,0.38016000034985475,0.04798720341242335
optimal@30s,7,400,2943,2915,0.9904858987427795,0.009514101257220523,0.0,0.009514101257220523,146.57606984663448,134.37138788897437,247.3707763192891,145.391048120459,1166.0,16.828966255670036,129.74710359096446,0.14189634668874204,0.08933960250858769,0.7687640508026702,360,10.4,0.1323319445014527,0.24838500103214828,0.05689102564102564
optimal@30s+aware(V=900.0),0,250,2956,2146,0.725981055480379,0.2740189445196211,0.2496617050067659,0.02435723951285521,340.91448190580434,319.6442641291287,511.48587985611266,312.3195450594785,858.4,111.83021766273625,229.08426424306805,0.00034758514430421867,0.12143909450402729,0.8782133203516685,367,46.07629427792916,0.14179509532445508,0.24104799947963299,0.05013831258644537
optimal@30s+aware(V=900.0),1,250,2855,2102,0.7362521891418564,0.2637478108581436,0.23117338003502627,0.03257443082311734,339.09983148828286,317.6246461295078,510.31011527514784,314.67546342091475,840.8,105.3929328147373,233.7068986735456,0.0003548239360039073,0.12337883847368095,0.8762663375903151,367,43.80926430517711,0.14487792918213854,0.2877880005326005,0.04848273456574817
optimal@30s+aware(V=900.0),2,250,3002,2132,0.7101932045303131,0.28980679546968685,0.26482345103264493,0.024983344437041973,344.71916159249673,319.63608373234774,531.5029584766727,314.0025978894956,852.8,112.84175660447525,231.8774049880215,0.00026062742579332837,0.12365527470045252,0.8760840978737542,366,48.5,0.1466071038412139,0.3930250002667899,0.04573590096286107
optimal@30s+aware(V=900.0),3,250,2945,2108,0.7157894736842105,0.28421052631578947,0.26825127334465193,0.01595925297113752,340.9794823376566,319.3844454768623,513.8636309172481,313.9140768239494,843.2,115.71217878098007,225.2673035566765,0.00030196049832103097,0.1126638787427711,0.887034160758908,371,48.1266846361186,0.15376738543033686,0.4050800000186431,0.050752537626881346
optimal@30s+aware(V=900.0),4,250,2902,2134,0.735354927636113,0.26464507236388696,0.24534803583735354,0.019297036526533425,340.105728243729,314.2912547670828,516.7556240404191,315.6880156842725,853.6,113.78905157512558,226.31667666860346,0.00010668274588123798,0.11702489439011836,0.8828684228640005,373,45.14745308310992,0.13822761386947835,0.23633600067114421,0.04836464857341684
optimal@30s+aware(V=900.0),5,250,3099,2108,0.6802194256211681,0.3197805743788319,0.3017102291061633,0.0180703452726686,347.56891437789994,321.81090824799094,532.119685741648,317.46050976525765,843.2,121.66766518414838,225.90124919375157,0.00014789569598421055,0.11421399434689136,0.8856381099571244,366,53.80327868852459,0.16337923494336523,0.6002849995638843,0.047149894440534836
optimal@30s+aware(V=900.0),6,250,2974,2085,0.7010759919300605,0.29892400806993946,0.277404169468729,0.02151983860121049,342.730333194281,322.06500410924855,513.6179604481173,313.96523967332496,834.0,112.31897036700813,230.41136282727285,0.00030702366743948814,0.11871994529363011,0.8809730310389304,370,48.35405405405405,0.14362783780647126,0.26296000005459064,0.04430153626295105
optimal@30s+aware(V=900.0),7,250,2943,2104,0.7149167516139994,0.2850832483860007,0.25722052327556916,0.027862725110431533,342.30250917479805,316.00996811791765,525.3710788931826,313.57757151944236,841.6,110.1568405325905,232.1456686422076,0.00017188408628568787,0.12154562558349517,0.8782824903302192,367,46.18801089918256,0.1453667574604797,0.3717240009427743,0.04286718200983837
optimal@30s+aware(V=900.0),0,300,2956,2488,0.8416779431664412,0.15832205683355885,0.10791610284167795,0.05040595399188092,327.7379912792262,309.4785966767447,481.03723607825333,302.5393443096509,995.2,70.87085147473223,256.86713980449395,0.0014971353345728754,0.14764386814940406,0.850858996516023,364,29.153846153846153,0.130781043965696,0.23623800081622906,0.05255388249188072
optimal@30s+aware(V=900.0),1,300,2855,2427,0.8500875656742557,0.1499124343257443,0.09912434325744308,0.050788091068301226,329.06523405131907,311.6128351946845,495.07363116018115,305.90666735939135,970.8,69.65958341766748,259.4056506336516,0.0021641977260228795,0.14815011527710056,0.8496856869968765,367,27.762942779291553,0.16752179828710342,0.2594620003219453,0.05186972255729795
optimal@30s+aware(V=900.0),2,300,3002,2498,0.832111925383078,0.16788807461692204,0.12858094603597603,0.03930712858094604,328.3065573202948,313.48413892053054,492.54539883634885,306.7459288437437,999.2,74.3344272348505,253.97213008544435,0.002765002548311047,0.14508900983777145,0.8521459876139176,367,32.095367847411445,0.14919209815352413,0.4010300005393218,0.05152224824355972
optimal@30s+aware(V=900.0),3,300,2945,2472,0.8393887945670628,0.1606112054329372,0.12325976230899831,0.03735144312393888,328.88766053732985,310.99665294760143,490.92232784889524,307.5899341939098,988.8,76.83058180057519,252.05707873675468,0.000868874531766382,0.1403073197133805,0.8588238057548531,370,31.10810810810811,0.13274054060791576,0.22969900024691015,0.04709388971684054
optimal@30s+aware(V=900.0),4,300,2902,2454,0.8456237077877325,0.1543762922122674,0.10889042039972432,0.04548587181254307,331.96495056820635,310.75355813108536,492.79468027567094,310.6633665946736,981.6,71.15365943149158,260.8112911367148,0.0005760404802921567,0.14787765017750232,0.8515463093422055,370,29.024324324324326,0.12707972970953985,0.19329100014147116,0.04460518384569018
optimal@30s+aware(V=900.0),5,300,3099,2483,0.8012262020006453,0.19877379799935463,0.1707002258793159,0.028073572120038724,335.3435490596024,313.6418960656174,504.3141036723301,313.2190892394718,993.2,92.84096775511577,242.50258130448665,0.0005068877372878126,0.13057862607365653,0.8689144861890556,365,39.726027397260275,0.14014493151566282,0.2249000006850112,0.04809137360985873
optimal@30s+aware(V=900.0),6,300,2974,2421,0.8140551445864156,0.1859448554135844,0.13382649630127774,0.05211835911230666,328.64969579534215,309.10716301872344,496.9855154548768,303.5089084747357,968.4,73.89481550290009,254.75488029244215,0.0026103863833443815,0.1429396085814572,0.8544500050351984,368,31.86141304347826,0.13213478263443665,0.2347940004256088,0.04566071968551557
optimal@30s+aware(V=900.0),7,300,2943,2454,0.8338430173292558,0.16615698267074414,0.12504247366632687,0.04111450900441726,327.9337164442488,306.97409810182717,498.5895280739695,305.6660818198341,981.6,78.26182826647343,249.67188817777534,0.0017369310811861402,0.1414134757905909,0.856849593128223,366,31.896174863387976,0.13446803275089267,0.23593999912918667,0.05174488567990373
optimal@30s+aware(V=900.0),0,350,2956,2796,0.945872801082544,0.05412719891745602,0.008457374830852503,0.04566982408660352,257.72912949181824,243.39121188421132,415.1162319631512,247.42661070708255,1118.4,23.08644518061421,234.64268431120402,0.02649748068811489,0.15090662188642234,0.8225958974254628,360,12.894444444444444,0.12019611107866189,0.19011299971680296,0.04281428961003545
optimal@30s+aware(V=900.0),1,350,2855,2731,0.9565674255691768,0.043432574430823115,0.004553415061295972,0.03887915936952715,236.42163738489353,217.4586466001474,400.35705563007286,228.2786787736692,1092.4,21.715522190435866,214.70611519445765,0.037250860315578595,0.13943501651769521,0.8233141231667263,363,11.652892561983471,0.12230413218782336,0.18495599892048623,0.05441988950276243
optimal@30s+aware(V=900.0),2,350,3002,2795,0.9310459693537642,0.06895403064623584,0.02798134576948701,0.040972684876748836,271.2989188174849,256.88428454524956,434.18423536668615,259.70726862560196,1118.0,32.79130856641281,238.50761025107204,0.029813155869986126,0.14981200295180788,0.8203748411782059,366,16.57650273224044,0.12892459015178437,0.3355649998411537,0.04855150214592275
optimal@30s+aware(V=900.0),3,350,2945,2784,0.9453310696095076,0.05466893039049236,0.009847198641765705,0.044821731748726654,246.54188543134492,232.95720289293513,407.6994531468411,236.6178597346914,1113.6,24.455868448084203,222.08601698326072,0.02593664124257749,0.14429431662158834,0.8297690421358342,365,12.972602739726028,0.12230136984327732,0.19178800073859747,0.052561008313220706
optimal@30s+aware(V=900.0),4,350,2902,2760,0.9510682288077188,0.04893177119228118,0.007236388697450034,0.04169538249483115,245.79302883963032,229.81773569003622,405.32979944396664,236.83931255554967,1104.0,23.196110751462935,222.59691808816743,0.026725401930259306,0.14478889782999688,0.8284857002397438,361,12.448753462603879,0.1326321329180344,0.3826600001048058,0.05192675594424706
optimal@30s+aware(V=900.0),5,350,3099,2815,0.9083575346886092,0.09164246531139077,0.04291707002258793,0.04872539528880284,295.98154632480873,282.8258511371132,457.8817582875207,281.87179581891405,1126.0,46.345424330606335,249.6361219942024,0.009968823086965584,0.15084943777670004,0.8391817391363343,361,21.78393351800554,0.13656509707545908,0.22690000078000575,0.04917597022860181
optimal@30s+aware(V=900.0),6,350,2974,2754,0.9260255548083389,0.07397444519166106,0.01882985877605918,0.05514458641560188,276.89862437528313,264.75250335127566,438.6061099168767,261.6712790554014,1101.6,29.743883239684493,247.15474113559858,0.0226964897736122,0.15358868060537076,0.8237148296210169,363,14.804407713498623,0.12788292010316848,0.23976800031959988,0.04848320693391116
optimal@30s+aware(V=900.0),7,350,2943,2776,0.9432551817872918,0.056744818212708124,0.011892626571525655,0.04485219164118247,253.7572197269948,240.15082864390524,413.3018380434851,243.24057279307368,1110.4,26.0116266962244,227.74559303077044,0.02742176830115974,0.14643234374589964,0.8261458879529406,362,13.685082872928177,0.1341801104563123,0.24955399932878183,0.04717752931551677
optimal@30s+aware(V=900.0),0,400,2956,2931,0.9915426251691475,0.008457374830852503,0.0,0.008457374830852503,149.30189863081455,132.81408289458022,263.1490875256577,148.31721015308295,1172.4,16.71240907759396,132.58948955322057,0.14697769388043644,0.09140229948375607,0.7616200066358075,361,10.512465373961218,0.14321689743352242,0.229099999705795,0.05551107552708834
optimal@30s+aware(V=900.0),1,400,2855,2841,0.9950963222416812,0.004903677758318739,0.0,0.004903677758318739,144.33594027921185,127.94416699162139,257.19568893069845,143.71998281676355,1136.4,16.937450641227386,127.39848963798445,0.16244797044308681,0.08540415367323902,0.7521478758836742,360,10.102777777777778,0.13682416668214298,0.25193399984345904,0.052123552123552123
optimal@30s+aware(V=900.0),2,400,3002,2938,0.9786808794137242,0.021319120586275817,0.001998667554963358,0.019320453031312457,178.48523148268168,159.60144195221437,324.9245823725831,175.5476411279523,1175.2,18.593302430798186,159.89192905188352,0.1343903557094002,0.1054523549933327,0.760157289297267,360,11.261111111111111,0.1361100000344272,0.2268189996357257,0.04798112218143681
optimal@30s+aware(V=900.0),3,400,2945,2934,0.9962648556876061,0.003735144312393888,0.0,0.003735144312393888,145.14864214072287,130.17105465479517,252.99706457562016,144.6559142423557,1173.6,16.716817083163395,128.43182505755948,0.14272502723283523,0.08904237373488698,0.7682325990322778,361,10.448753462603879,0.13264155126222082,0.19645999964268399,0.05467091295116773
optimal@30s+aware(V=900.0),4,400,2902,2861,0.9858718125430738,0.014128187456926258,0.0010337698139214334,0.013094417643004824,155.49050932417293,134.6166373357737,293.27093373561274,154.05689251579255,1144.4,18.363436206177386,137.12707311799554,0.1532569270691073,0.0913764434712296,0.7553666294596632,360,10.694444444444445,0.13326444441695962,0.22113999953944596,0.041769716955207474
optimal@30s+aware(V=900.0),5,400,3099,3046,0.9828977089383673,0.017102291061632784,0.0012907389480477573,0.015811552113585026,195.81080286493705,180.19474287965375,340.79120682248526,193.1296213893241,1218.4,18.188780585449006,177.62202227948808,0.07847249420203897,0.11861912801357248,0.8029083777843885,361,11.390581717451523,0.13202714676720606,0.2439400002913313,0.04973083824660343
optimal@30s+aware(V=900.0),6,400,2974,2942,0.9892400806993947,0.010759919300605245,0.0006724949562878278,0.010087424344317418,171.0071583441291,158.91487440382753,291.6832754555828,169.42799638217735,1176.8,16.71599870259698,154.2911596415321,0.12504875122651565,0.10276636799019845,0.7721848807832858,360,10.502777777777778,0.13235000004290973,0.2339979989483256,0.0472630173564753
optimal@30s+aware(V=900.0),7,400,2943,2919,0.9918450560652395,0.00815494393476045,0.0,0.00815494393476045,145.5156847341972,133.02967455759972,248.8228025927874,144.51788416299036,1167.6,16.795888420106394,128.71979631409084,0.14183753607275698,0.08893483254203369,0.7692276313852093,360,10.4,0.13590305556034663,0.26231199939502486,0.054365291912158546
optimal@30s+aware(V=1500.0),0,250,2956,2147,0.726319350473613,0.273680649526387,0.2428958051420839,0.030784844384303112,341.0335917983509,318.10736447701765,516.7450020087754,310.4193359960423,858.8,108.96107899819175,232.07251280015922,0.00010960543562455839,0.12456296569389178,0.8753274288704836,367,44.74931880108992,0.143460490447339,0.25074999972275647,0.057065217391304345
optimal@30s+aware(V=1500.0),1,250,2855,2096,0.7341506129597198,0.2658493870402802,0.23572679509632224,0.030122591943957968,344.7102536451772,321.1666008472216,522.6681850970288,317.9288540464915,838.4,107.40868344619356,237.3015701989836,0.00012145443711099708,0.12498773052338467,0.8748908150395043,367,43.93732970027248,0.14216784740106186,0.21958799938147402,0.05395057431256526
optimal@30s+aware(V=1500.0),2,250,3002,2132,0.7101932045303131,0.28980679546968685,0.26482345103264493,0.024983344437041973,348.2651680746461,324.50468377799916,534.7962058785924,318.5366696080081,852.8,116.45150252962905,231.81366554501702,0.0001459598639083023,0.12415362461363477,0.8757004155224569,366,49.5655737704918,0.14889945361345447,0.23421000068992726,0.047276464542651594
optimal@30s+aware(V=1500.0),3,250,2945,2097,0.7120543293718167,0.2879456706281834,0.26825127334465193,0.01969439728353141,345.2586289893764,320.58019933696687,532.6553581010228,317.4957123087283,838.8,117.98039745813071,227.2782315312457,6.802511548296428e-05,0.11425444621037299,0.8856775286741441,369,49.10840108401084,0.15383387535054402,0.2969719997054198,0.05466573816155989
optimal@30s+aware(V=1500.0),4,250,2902,2131,0.7343211578221915,0.2656788421778084,0.24328049620951067,0.022398345968297727,344.72234237147427,318.3788031394106,527.4835732045703,319.415811030191,852.4,116.14683997253947,228.5755023989348,1.3563939915846277e-05,0.1184316587596066,0.8815547773004776,368,46.557065217391305,0.15170815219255968,0.373098000472964,0.054558011049723756
optimal@30s+aware(V=1500.0),5,250,3099,2108,0.6802194256211681,0.3197805743788319,0.2971926427879961,0.022587931590835754,346.22534534575396,321.6956759465886,538.6918920033374,315.5405741700426,843.2,120.07727707014175,226.1480682756122,7.055185695777255e-05,0.11404410721118996,0.8858853409318522,365,53.295890410958904,0.16299205476757817,0.3906959997402767,0.05027932960893855
optimal@30s+aware(V=1500.0),6,250,2974,2079,0.699058507061197,0.30094149293880296,0.2706792199058507,0.03026227303295225,343.92638642804764,324.11987732676425,524.256685821629,313.98183613002453,831.6,111.2700202761483,232.6563661518993,0.00011786306598432829,0.12081860851350482,0.8790635284205108,366,48.51912568306011,0.1494267759379079,0.25894000082189456,0.05165144061841181
optimal@30s+aware(V=1500.0),7,250,2943,2096,0.7121984369690791,0.2878015630309208,0.2609582059123344,0.026843357118586476,346.70135454454584,318.5553268099802,526.6064581688697,315.51838702164497,838.4,114.86307965501456,231.8382748895313,5.270857038512259e-05,0.12008595321770926,0.8798613382119056,367,46.76021798365122,0.15734414164126312,0.37473800050064954,0.04963299545613422
optimal@30s+aware(V=1500.0),0,300,2956,2472,0.8362652232746955,0.16373477672530445,0.11028416779431664,0.05345060893098782,336.828225113402,315.51276257373456,507.60027041823116,310.48913746209377,988.8,70.27358090932739,266.55464420407463,0.0005076112279452317,0.1533009981800609,0.8461913905919938,364,29.266483516483518,0.13526703297919504,0.2469889999338195,0.05284912902273398
optimal@30s+aware(V=1500.0),1,300,2855,2409,0.8437828371278459,0.15621716287215412,0.08826619964973731,0.06795096322241681,326.8120594187278,303.13533403669317,507.9419178952053,300.6225033671982,963.6,63.668223302255115,263.14383611647276,0.0018561968091496297,0.15356849896548358,0.8445753042253668,366,25.994535519125684,0.1462967212701883,0.36530499965011004,0.049940191387559806
optimal@30s+aware(V=1500.0),2,300,3002,2495,0.8311125916055963,0.16888740839440372,0.11592271818787475,0.05296469020652898,335.3200411720754,315.33651344287773,502.3768461537045,309.510920523096,998.0,76.23190276940448,259.08813840267084,0.0016015956997366347,0.1486281940077002,0.8497702102925632,366,31.74863387978142,0.13539754098794637,0.21640999921146464,0.048709770948100896
optimal@30s+aware(V=1500.0),3,300,2945,2451,0.832258064516129,0.16774193548387098,0.11612903225806452,0.05161290322580645,331.42908651176276,310.88527635822084,507.76373161471383,306.23426738217296,980.4,74.68430828747373,256.74477822428906,0.0007390041944135862,0.142749851567671,0.8565111442379153,366,30.404371584699454,0.1350986338942566,0.2807600004416604,0.054886997358379805
optimal@30s+aware(V=1500.0),4,300,2902,2427,0.8363197794624397,0.16368022053756032,0.09028256374913853,0.07339765678842178,340.8826817246302,320.80074669226997,514.5567752851952,312.1304108773388,970.8,65.0843649841369,275.7983167404933,0.0004624727450702782,0.15977347272121303,0.8397640545337167,369,26.73170731707317,0.12832737126446653,0.21831999947607977,0.04976442873969376
optimal@30s+aware(V=1500.0),5,300,3099,2481,0.8005808325266215,0.1994191674733785,0.1558567279767667,0.04356243949661181,335.8735457251436,311.1293836274008,512.2781888338559,309.53433861586416,992.4,89.54668257087467,246.3268631542689,0.00015964409780418515,0.1333975195014311,0.8664428364007648,364,37.75,0.1436590658928393,0.22905900123078035,0.048196333530455354
optimal@30s+aware(V=1500.0),6,300,2974,2400,0.8069939475453934,0.19300605245460659,0.12911903160726296,0.06388702084734364,342.36314973068505,322.4849031220772,515.2644477813573,310.74223732167144,960.0,77.04716733969727,265.3159823909878,0.0010558527369794667,0.14881024899492498,0.8501338982680956,366,32.131147540983605,0.13698306011959727,0.2259899991258864,0.05059880239520958
optimal@30s+aware(V=1500.0),7,300,2943,2439,0.8287461773700305,0.1712538226299694,0.10703363914373089,0.06422018348623854,328.2988198981714,305.15921659120795,504.35902483379726,301.69648282229423,975.6,67.51200833251765,260.78681156565386,0.0016687109060447504,0.14958718827851267,0.8487441008154425,367,28.52316076294278,0.13710108986289343,0.224291999656998,0.049185185185185186
optimal@30s+aware(V=1500.0),0,350,2956,2777,0.9394451962110961,0.060554803788903926,0.0040595399188092015,0.05649526387009472,267.9978579346932,251.72834545537944,430.07571228665716,254.0250648864016,1110.8,21.85207322062398,246.1457847140692,0.021849938194360916,0.15977833955283108,0.818371722252808,361,12.038781163434903,0.12645678670753285,0.27581999966059717,0.04906983014289566
optimal@30s+aware(V=1500.0),1,350,2855,2717,0.9516637478108582,0.04833625218914186,0.0017513134851138354,0.04658493870402802,235.94091020732867,216.75692517728476,404.90056458741606,225.97859233069983,1086.8,18.72254529108525,217.21836491624344,0.03770037939168686,0.14272462263272237,0.8195749979755907,361,10.722991689750693,0.12249722991766243,0.22564000028069112,0.05114735969035112
optimal@30s+aware(V=1500.0),2,350,3002,2759,0.919053964023984,0.08094603597601599,0.01698867421718854,0.06395736175882745,279.5795455464294,263.0889798241933,460.4509506369201,262.36595466527456,1103.6,28.592290480676425,250.98725506575295,0.028302706509460394,0.15864125361885653,0.8130560398716832,364,14.964285714285714,0.12357197805273584,0.19129700038320155,0.05286809410520751
optimal@30s+aware(V=1500.0),3,350,2945,2766,0.9392190152801358,0.06078098471986418,0.008149405772495755,0.05263157894736842,256.84603406055766,241.2126221665667,427.6079697101882,244.0956809600465,1106.4,24.641315799797443,232.2047182607602,0.024416135329056707,0.14997649026761173,0.8256073744033315,365,12.797260273972602,0.12405726026360117,0.20243999941158114,0.04994629430719656
optimal@30s+aware(V=1500.0),4,350,2902,2751,0.9479669193659546,0.052033080634045485,0.002412129565816678,0.04962095106822881,244.56830464958085,228.2103294983849,404.1549824334734,233.64084572949045,1100.4,21.22788996520085,223.34041468438,0.027850183240305634,0.14644961902289005,0.8257001977368044,360,11.536111111111111,0.13049361108541133,0.31073200048922556,0.05250272034820457
optimal@30s+aware(V=1500.0),5,350,3099,2776,0.8957728299451436,0.1042271700548564,0.03549532107131333,0.06873184898354308,297.75533069695246,278.93828172360463,473.9549481039253,277.8241622734597,1110.4,37.808984763814365,259.94634593313805,0.010060094831743522,0.15856356835884566,0.8313763368094108,362,18.79281767955801,0.13615552488370677,0.3406759999052148,0.054125065685759324
optimal@30s+aware(V=1500.0),6,350,2974,2744,0.9226630800268998,0.0773369199731002,0.010759919300605245,0.06657700067249496,279.476864609587,264.8758591600081,449.18362287536365,261.8384843277024,1097.6,27.299085823065138,252.17777878652186,0.019654813257366864,0.15939447574377233,0.8209507109988607,366,13.653005464480874,0.12850163935691142,0.2941550000286953,0.057272242940863076
optimal@30s+aware(V=1500.0),7,350,2943,2754,0.9357798165137615,0.06422018348623854,0.0050968399592252805,0.059123343527013254,259.081427209307,246.9215778638959,421.8281581661762,244.9527115096173,1101.6,23.136326336213536,235.94510087309342,0.02547834816777808,0.15239530150595787,0.822126350326264,364,12.321428571428571,0.15969010983998497,0.40069199954814394,0.04690889370932755
optimal@30s+aware(V=1500.0),0,400,2956,2930,0.9912043301759134,0.008795669824086604,0.0,0.008795669824086604,151.45814768611442,136.28559125927086,265.27526171537977,150.485519984471,1172.0,16.492510231482132,134.9656374546323,0.14630192596543948,0.09270458931466213,0.7609934847198985,360,10.452777777777778,0.13368166671373022,0.20500500064372318,0.053490238031559244
optimal@30s+aware(V=1500.0),1,400,2855,2837,0.9936952714535902,0.006304728546409807,0.0,0.006304728546409807,143.66289674065382,126.84083133950526,257.4765871974396,142.88158434379724,1134.8,16.706435189298475,126.95646155135533,0.16391150814881866,0.08499012574161824,0.7510983661095632,361,10.016620498614959,0.13545401656644326,0.22866000035719453,0.04897620365246264
optimal@30s+aware(V=1500.0),2,400,3002,2933,0.9770153231179214,0.022984676882078614,0.000999333777481679,0.021985343104596936,178.26722290593065,161.66932490405634,320.02360494335227,174.82577250549244,1173.2,17.303943384164093,160.96327952176657,0.13315716921974993,0.10659928637547482,0.7602435444047753,361,10.814404432132964,0.13469418285078713,0.22146000046632244,0.04669464847848898
optimal@30s+aware(V=1500.0),3,400,2945,2931,0.9952461799660441,0.004753820033955857,0.0,0.004753820033955857,144.6252977453708,130.6535080341,248.4351948263975,144.03615159756896,1172.4,16.633563275912408,127.99173446945841,0.14228590381597242,0.08910329015921295,0.7686108060248147,361,10.43213296398892,0.13737894737447412,0.2303199999005294,0.054168879447689854
optimal@30s+aware(V=1500.0),4,400,2902,2860,0.9855272226051,0.014472777394900068,0.0,0.014472777394900068,154.90585475745982,132.72788282911552,287.6222647901412,153.0561707608655,1144.0,17.39839484627859,137.5074599111812,0.15154543114816216,0.09199877233723645,0.7564557965146014,361,10.313019390581717,0.1350795013261372,0.25050000040209836,0.040154015401540157
optimal@30s+aware(V=1500.0),5,400,3099,3036,0.9796708615682478,0.02032913843175218,0.0006453694740238787,0.0196837689577283,196.1844792612881,180.3332599346072,335.4046869451081,192.69586585843197,1214.4,17.51075680783626,178.67372245345183,0.08186731918197214,0.11981164715548386,0.798321033662544,361,11.141274238227147,0.1344263157805275,0.24132000035024231,0.05551311433664375
optimal@30s+aware(V=1500.0),6,400,2974,2933,0.9862138533960996,0.01378614660390047,0.0006724949562878278,0.013113651647612643,169.98293346149893,156.691672706203,290.68109046137346,167.95612475476028,1173.2,16.725448081870766,153.25748537962815,0.12822537703605769,0.10180132002480584,0.7699733029391365,360,10.497222222222222,0.1338375000412068,0.21051199981229737,0.0543190249072602
optimal@30s+aware(V=1500.0),7,400,2943,2917,0.9911654774040095,0.008834522595990485,0.0,0.008834522595990485,147.46143825442013,134.87028958590963,253.23975132051876,146.31871282248113,1166.8,16.713092630247186,130.7483456241729,0.14113728051881969,0.09004263859284134,0.768820080888339,360,10.358333333333333,0.13864722220407405,0.24646999974720546,0.05106154259607632
optimal@10s+aware(V=1500.0) belief=pessimistic(400s),0,250,2956,2167,0.733085250338295,0.26691474966170503,0.2405277401894452,0.02638700947225981,350.7794955398381,328.04507186773185,525.5255759613485,320.15971640096956,866.8,107.4024036465585,243.37709189327956,0.0002934123481259992,0.1257670368840112,0.8739395507678628,1065,41.4056338028169,0.0966857277050105,0.17600800012587567,0.048646796848235696
optimal@10s+aware(V=1500.0) belief=pessimistic(400s),1,250,2855,2093,0.7330998248686514,0.2669001751313485,0.2297723292469352,0.03712784588441331,350.77212424168346,323.7798349968689,526.3413841247307,320.80077224427595,837.2,103.89046217141299,246.88166207027047,0.0008935381162281784,0.12630761176919383,0.8727988501145779,1059,39.75354107648725,0.09446723322858736,0.1904419996208162,0.0463899546564353
optimal@10s+aware(V=1500.0) belief=pessimistic(400s),2,250,3002,2122,0.7068620919387075,0.2931379080612925,0.26515656229180545,0.02798134576948701,352.393327958448,329.09418570595176,527.3819443227173,322.4639555075497,848.8,112.82193065409551,239.5713973043525,0.0004746717544092755,0.12055493645430147,0.8789703917912892,1051,46.3872502378687,0.09573986680992567,0.16985000002023298,0.04075993091537133
optimal@10s+aware(V=1500.0) belief=pessimistic(400s),3,250,2945,2086,0.7083191850594227,0.29168081494057724,0.266553480475382,0.025127334465195245,349.7939791574943,329.98750893151487,512.8666164471042,318.9141756143335,834.4,114.572665987505,235.2213131699893,0.00038198168776332994,0.11261629726936229,0.8870017210428743,1073,44.11649580615098,0.09260344826185893,0.1745000008668285,0.046536039188243526
optimal@10s+aware(V=1500.0) belief=pessimistic(400s),4,250,2902,2096,0.7222605099931082,0.2777394900068918,0.25775327360441075,0.019986216402481046,352.6850104401487,326.88871046718623,524.1668553082823,323.5297222023231,838.4,111.2561992649464,241.42881117520224,0.0002017391589162386,0.11859295519308456,0.8812053056479993,1046,42.861376673040155,0.10780439772332077,0.2150050009731782,0.053258584442887176
optimal@10s+aware(V=1500.0) belief=pessimistic(400s),5,250,3099,2114,0.6821555340432398,0.31784446595676025,0.2975153275250081,0.02032913843175218,355.76923341072114,332.5804839731277,535.5122390024947,324.0235971862982,845.6,120.53196701352465,235.2372663971965,0.000576305629838292,0.11360103741879103,0.8858226569513706,1050,50.05619047619047,0.09920142856225582,0.19886299891368253,0.04529494382022472
optimal@10s+aware(V=1500.0) belief=pessimistic(400s),6,250,2974,2076,0.6980497646267653,0.3019502353732347,0.2703429724277068,0.03160726294552791,354.2048357506755,332.1832846601617,523.9155905923076,321.3274924929099,830.4,110.41196082409722,243.79287492657826,0.001060716276548372,0.1209226166333689,0.8780166670900827,1070,45.518691588785046,0.09617794393791619,0.166351999250764,0.04638810198300283
optimal@10s+aware(V=1500.0) belief=pessimistic(400s),7,250,2943,2099,0.7132178049609242,0.28678219503907576,0.26061841658171936,0.02616377845735644,354.4188144325498,326.64484183862623,538.4188916532169,323.11565365732025,839.6,112.91551354139216,241.50330089115766,0.00018134701491770688,0.119896634624302,0.8799220183607802,1063,43.58231420507996,0.10281335842246284,0.2531499998440265,0.05904696132596685
optimal@10s+aware(V=1500.0) belief=pessimistic(400s),0,300,2956,2478,0.8382949932341002,0.16170500676589986,0.10690121786197564,0.05480378890392422,338.45525893439964,321.77850837418146,493.3938476555746,312.39346452203193,991.2,67.44733988679228,271.00791904760734,0.001432057724784716,0.14968154933255154,0.8488863929426638,1095,25.09315068493151,0.0907449314967978,0.14901800124789585,0.04634581105169341
optimal@10s+aware(V=1500.0) belief=pessimistic(400s),1,300,2855,2430,0.851138353765324,0.14886164623467601,0.09597197898423818,0.05288966725043783,328.6202593665081,313.654385959946,486.6749734214738,305.66788020788795,972.0,60.08233371093014,268.53792565557796,0.002590742043341542,0.14925913283244133,0.8481501251242172,1091,22.42896425297892,0.09117992666964157,0.1489099997343145,0.04743202416918429
optimal@10s+aware(V=1500.0) belief=pessimistic(400s),2,300,3002,2487,0.8284477015323118,0.1715522984676882,0.12991339107261826,0.04163890739506995,337.06155373297463,320.39734529987436,493.7661267130012,312.54673903427164,994.8,72.65571520248366,264.40583853049094,0.0018458688215524496,0.1432811702008432,0.8548729609776043,1085,28.051612903225806,0.09021281102203607,0.134655999936513,0.04230769230769231
optimal@10s+aware(V=1500.0) belief=pessimistic(400s),3,300,2945,2457,0.8342954159592529,0.16570458404074703,0.12427843803056027,0.04142614601018676,334.8233791966628,318.18927530649944,489.4185573547227,310.2765579229088,982.8,75.36841756670927,259.4549616299535,0.001116385725253174,0.13772776481883917,0.8611558494559077,1103,26.84587488667271,0.09400625568837795,0.18204400053946307,0.049955396966993755
optimal@10s+aware(V=1500.0) belief=pessimistic(400s),4,300,2902,2456,0.8463128876636802,0.1536871123363198,0.09958649207443143,0.05410062026188835,341.3741130078265,326.0167381093229,491.5626564818267,315.982314305115,982.4,65.41144742458835,275.96266558323816,0.0010309212011704262,0.15244213781792,0.8465269409809096,1094,23.978976234003657,0.08926928702710896,0.14831399961622083,0.05390995260663507
optimal@10s+aware(V=1500.0) belief=pessimistic(400s),5,300,3099,2489,0.803162310422717,0.19683768957728298,0.15650209745079058,0.04033559212649242,340.73116392616225,321.0674908472629,502.9264233886538,314.87429306833627,995.6,84.04039596605907,256.6907679601032,0.0010343485276481964,0.134149938893766,0.8648157125785857,1070,33.2196261682243,0.0979445794281478,0.16485200056194976,0.046263345195729534
optimal@10s+aware(V=1500.0) belief=pessimistic(400s),6,300,2974,2429,0.8167451244115669,0.1832548755884331,0.13416274377942167,0.04909213180901143,336.2771927886534,319.6407978786847,494.3148232982815,309.7514537169373,971.6,70.71011064915714,265.56708213949634,0.0028735293249019093,0.14471538000673387,0.8524110906683642,1082,27.39833641404806,0.09066959336318153,0.1439990001563275,0.054240335630806116
optimal@10s+aware(V=1500.0) belief=pessimistic(400s),7,300,2943,2468,0.8386000679578661,0.16139993204213388,0.11688752973156642,0.044512402310567446,332.08693635106476,314.22969445632225,491.59742888693876,309.2467998159691,987.2,69.69655164257048,262.39038470849425,0.0026989261295453856,0.14458929194047332,0.8527117819299813,1097,25.988149498632634,0.1042050136995266,0.1831560001301112,0.050791753809381536
optimal@10s+aware(V=1500.0) belief=pessimistic(400s),0,350,2956,2790,0.9438430311231394,0.05615696887686062,0.013870094722598106,0.042286874154262515,268.80913395253094,259.81815869525144,431.8864520346135,257.9197097061595,1116.0,18.192993623074145,250.61614032945684,0.020983361803354725,0.15658711808633174,0.8224295201103135,1085,7.880184331797235,0.09133686637083414,0.18749999871943165,0.047683923705722074
optimal@10s+aware(V=1500.0) belief=pessimistic(400s),1,350,2855,2733,0.9572679509632224,0.04273204903677758,0.0031523642732049035,0.03957968476357268,227.82713112860048,210.90610067013222,394.8314421461873,219.6619610623707,1093.2,10.483186647028626,217.34394448157187,0.038909067180583796,0.1413757824286509,0.8197151503907653,1065,5.091079812206573,0.08898244132880807,0.14317199995275584,0.04830649639089395
optimal@10s+aware(V=1500.0) belief=pessimistic(400s),2,350,3002,2772,0.9233844103930713,0.07661558960692871,0.024983344437041973,0.051632245169886744,280.3696759967613,271.0410297549556,446.96893090172614,266.28335187288184,1108.8,25.9680393417708,254.40163665499054,0.028752631832591174,0.15408682833580215,0.8171605398316066,1101,11.028156221616712,0.09106830155651287,0.1678000007814262,0.057279236276849645
optimal@10s+aware(V=1500.0) belief=pessimistic(400s),3,350,2945,2781,0.9443123938879456,0.05568760611205433,0.012563667232597622,0.04312393887945671,245.0510756363892,231.6547654336391,411.7921933539028,235.24299357084035,1112.4,18.013745171905615,227.03733046448357,0.027830180071820938,0.14332299867767223,0.8288468212505068,1078,7.625231910946197,0.09226948051764002,0.1599910002369143,0.04678204434829638
optimal@10s+aware(V=1500.0) belief=pessimistic(400s),4,350,2902,2768,0.9538249483115093,0.0461750516884907,0.009303928325292901,0.0368711233631978,242.23652165381847,224.94948682679933,409.36222391184333,234.65029037910344,1107.2,16.043795845427347,226.19272580839115,0.027263374335329816,0.14539207247369404,0.8273445531909762,1077,7.103992571959146,0.09146053849173545,0.20782800034794496,0.052271483305966066
optimal@10s+aware(V=1500.0) belief=pessimistic(400s),5,350,3099,2808,0.9060987415295256,0.09390125847047434,0.04065827686350436,0.05324298160696999,300.0267945649227,287.8400036364044,455.79062195299315,283.32836956284007,1123.2,36.718180788025094,263.3086137768976,0.009985820023129536,0.15527519429230602,0.8347389856845645,1081,14.755781683626273,0.10186244218923235,0.19000000065716496,0.04961528256832051
optimal@10s+aware(V=1500.0) belief=pessimistic(400s),6,350,2974,2736,0.9199731002017485,0.08002689979825152,0.020847343644922665,0.05917955615332885,283.7357256177477,272.073367632265,448.39277725610077,266.6557314008121,1094.4,23.267272901614998,260.46845271613273,0.021798051809179767,0.1577557786405399,0.8204461695502804,1076,9.518587360594795,0.09178949816906394,0.15872500034674886,0.04985098889189921
optimal@10s+aware(V=1500.0) belief=pessimistic(400s),7,350,2943,2757,0.9367991845056065,0.06320081549439348,0.013931362555215767,0.04926945293917771,262.6281192241172,252.81728175504486,434.3917041161841,250.02675016295245,1102.8,18.85691337545085,243.77120584866637,0.02559074729217598,0.1517105818448536,0.8226986708629704,1087,7.922723091076357,0.09159540017711895,0.21753200067905748,0.04904632152588556
optimal@10s+aware(V=1500.0) belief=pessimistic(400s),0,400,2956,2931,0.9915426251691475,0.008457374830852503,0.00033829499323410016,0.008119079837618403,144.67203563928518,126.06322825268126,268.26336843666104,143.65383506690017,1172.4,6.129246092761293,138.5427895465239,0.14595352705102982,0.09428911302385153,0.7597573599251186,1045,3.873684210526316,0.09542822963992606,0.15633200040610948,0.04791386271870794
optimal@10s+aware(V=1500.0) belief=pessimistic(400s),1,400,2855,2837,0.9936952714535902,0.006304728546409807,0.0,0.006304728546409807,134.8658316576653,119.33157685396964,246.8832551979498,134.1170405700747,1134.8,5.724940241656405,129.1408914160089,0.16035083541179465,0.08759553194504313,0.7520536326431622,1041,3.5552353506243994,0.09834159458623128,0.16574000037508083,0.052123552123552123
optimal@10s+aware(V=1500.0) belief=pessimistic(400s),2,400,3002,2940,0.9793471019320453,0.020652898067954697,0.002331778814123917,0.01832111925383078,175.35320828194344,153.81382764060163,326.85578954121144,172.49771164841724,1176.0,9.477566485494387,165.87564179644906,0.13004722330426113,0.10806305536073632,0.7618897213350025,1054,4.926944971537002,0.09841518025999976,0.17610500068258264,0.04799370574350905
optimal@10s+aware(V=1500.0) belief=pessimistic(400s),3,400,2945,2925,0.9932088285229203,0.006791171477079796,0.00033955857385398983,0.0064516129032258064,138.96683374765934,124.66849977141555,248.17054286301737,138.12098520338668,1170.0,5.785754801102798,133.18107894655654,0.14134875325070362,0.09245698955212085,0.7661942571971756,1056,3.6259469696969697,0.094159943185704,0.14498499922410726,0.05368057401009833
optimal@10s+aware(V=1500.0) belief=pessimistic(400s),4,400,2902,2856,0.9841488628532047,0.015851137146795313,0.00034458993797381116,0.015506547208821502,150.59740962320063,126.82395459080044,302.7827677353357,148.70448543054403,1142.4,7.73804115560267,142.85936846759796,0.15254708176026596,0.09405534066055478,0.7533975775791792,1046,4.220841300191204,0.09374024857972044,0.16448000023956402,0.04437140509449466
optimal@10s+aware(V=1500.0) belief=pessimistic(400s),5,400,3099,3041,0.9812842852533075,0.01871571474669248,0.000968054211035818,0.017747660535656663,189.32140143120722,174.53444585487978,338.3679357415508,186.2778529216242,1216.4,7.737156736114413,181.58424469509282,0.07998384022906778,0.11901238361926132,0.8010037761516708,1064,4.417293233082707,0.0920203007442746,0.14287000039985276,0.048254620123203286
optimal@10s+aware(V=1500.0) belief=pessimistic(400s),6,400,2974,2937,0.9875588433086752,0.012441156691324815,0.0,0.012441156691324815,167.43865822866888,151.0125238733017,298.08434022859603,165.43583438770722,1174.8,6.315138049884634,161.12352017878425,0.12361363408416255,0.10617518691415735,0.77021117900168,1047,3.8175740210124163,0.09619522447709883,0.16146199966897257,0.0492676431424767
optimal@10s+aware(V=1500.0) belief=pessimistic(400s),7,400,2943,2920,0.9921848453958546,0.00781515460414543,0.0003397893306150187,0.007475365273530411,139.74795060203513,126.69012173043097,243.055528669875,138.781669446412,1168.0,5.859553163938018,133.8883974380971,0.13918888488595707,0.0921401207182446,0.7686709943957983,1055,3.6606635071090046,0.09481061607872641,0.15529799904470606,0.05941913136157741
optimal@10s+aware(V=1500.0) belief=optimistic(900s),0,250,2956,2117,0.7161705006765899,0.28382949932341,0.2269959404600812,0.056833558863328824,362.62671190056585,335.3467585017752,544.1346550955408,322.51165713537307,846.8,101.58688173730529,261.03983016326043,6.821352651996353e-05,0.1391107585825364,0.8608210278909436,1018,39.383104125736736,0.11291198425991508,0.3138879994367018,0.05008347245409015
optimal@10s+aware(V=1500.0) belief=optimistic(900s),1,250,2855,2069,0.7246935201401051,0.2753064798598949,0.20070052539404554,0.07460595446584939,364.900560458198,329.8725212572299,573.5224287997373,321.86489309119025,827.6,99.38183907915723,265.5187213790408,2.024768645919499e-05,0.1416050240542067,0.8583747282593341,1022,36.16438356164384,0.10803904109824687,0.17436399997677612,0.04675412041708712
optimal@10s+aware(V=1500.0) belief=optimistic(900s),2,250,3002,2119,0.7058627581612259,0.29413724183877415,0.2475016655562958,0.046635576282478344,359.4881914903322,334.9462790187845,540.0445292710122,321.0984583280521,847.6,107.96651471029041,251.52167678004176,6.497306438919622e-05,0.13186154695770397,0.8680734799779068,1038,41.798651252408476,0.11583892098520149,0.1955239997914754,0.05146816232266579
optimal@10s+aware(V=1500.0) belief=optimistic(900s),3,250,2945,2069,0.702546689303905,0.2974533106960951,0.2560271646859083,0.04142614601018676,362.8461374550859,335.92194405816963,553.7741903705771,322.3337672972935,827.6,115.74385376888783,247.1022836861981,5.8721428002672836e-05,0.11971737919092124,0.880223899381076,1017,43.16912487708948,0.11575693215911217,0.21261599933495753,0.050359712230215826
optimal@10s+aware(V=1500.0) belief=optimistic(900s),4,250,2902,2094,0.7215713301171606,0.27842866988283943,0.23949000689179875,0.03893866299104066,355.86648439016176,332.0237331350345,533.2521655998019,322.4772885334872,837.6,107.4059229573751,248.46056143278668,0.0,0.12571778724887106,0.8742822127511289,1018,40.349705304518665,0.11253212177059027,0.19234299970776242,0.04838709677419355
optimal@10s+aware(V=1500.0) belief=optimistic(900s),5,250,3099,2096,0.6763472087770248,0.32365279122297513,0.2975153275250081,0.026137463697967087,359.48453918239807,329.23817663129466,547.9847536400737,322.9746616270203,838.4,117.0142244236416,242.47031475875647,0.0,0.11774901244386037,0.8822509875561396,1035,48.88792270531401,0.12673710147291478,0.2318080001714402,0.04970455335418839
optimal@10s+aware(V=1500.0) belief=optimistic(900s),6,250,2974,2044,0.6872898453261601,0.31271015467383995,0.24781439139206457,0.06489576328177539,368.6096111549323,333.9599100017167,567.4312666322364,320.7315827585441,817.6,106.7267332600088,261.88287789492347,0.0,0.13349740169612223,0.8665025983038778,1027,42.051606621226874,0.12931976633513617,0.31747599910886504,0.05151825315591948
optimal@10s+aware(V=1500.0) belief=optimistic(900s),7,250,2943,2071,0.7037037037037037,0.2962962962962963,0.2324159021406728,0.06388039415562351,362.22917911613627,334.75398492691374,558.2275488138785,319.13353883836794,828.4,98.55618420336675,263.6729949127695,1.077435129409423e-06,0.1395580377182848,0.8604408848465858,1037,37.67791706846673,0.10895515909904445,0.25067200003832263,0.0533689126084056
optimal@10s+aware(V=1500.0) belief=optimistic(900s),0,300,2956,2386,0.8071718538565629,0.19282814614343707,0.06123139377537212,0.13159675236806495,352.76835242959106,326.7774950772846,546.6473548563763,302.2385287237705,954.4,46.66877448013978,306.0995779494513,0.0018588825139669307,0.18052197813100537,0.8176191393550277,1061,16.829406220546655,0.09364495759195794,0.16160000086529322,0.04953297480894424
optimal@10s+aware(V=1500.0) belief=optimistic(900s),1,300,2855,2329,0.8157618213660245,0.18423817863397549,0.03467600700525394,0.14956217162872154,342.9740662003898,317.54674446098306,552.5697146199193,291.41570826446053,931.6,32.27757698955697,310.69648921083285,0.003025896678428833,0.1860848269948363,0.8108892763267349,1068,11.785580524344569,0.09097228465772501,0.14236599992727858,0.05144968732234224
optimal@10s+aware(V=1500.0) belief=optimistic(900s),2,300,3002,2358,0.7854763491005996,0.2145236508994004,0.06928714190539641,0.145236508994004,363.82445994764703,338.26669833648384,564.4888385403639,305.60835376813924,943.2,44.01527269696279,319.80918725068426,0.0013906303668052334,0.18996939858629633,0.8086399710468984,1069,16.681010289990645,0.09441627693763345,0.16469599984702638,0.054344827586206894
optimal@10s+aware(V=1500.0) belief=optimistic(900s),3,300,2945,2361,0.8016977928692699,0.19830220713073005,0.06383701188455009,0.13446519524617997,359.403758127924,331.403040487603,571.9920229803547,307.4660980569755,944.4,51.88261659916201,307.52114152876203,0.0010898673605895916,0.17686549519936468,0.8220446374400456,1053,18.271604938271604,0.10440161444151912,0.23095199983799844,0.052247191011235955
optimal@10s+aware(V=1500.0) belief=optimistic(900s),4,300,2902,2315,0.7977257064093728,0.20227429359062715,0.03824948311509304,0.1640248104755341,365.0754401462558,335.7950735904942,579.6633382400446,305.66667047337114,926.0,39.63776987472877,325.437670271527,0.0013334421686027607,0.19009391308938828,0.808572644742009,1064,13.936090225563909,0.09481184211405266,0.153854000709543,0.049775028121484814
optimal@10s+aware(V=1500.0) belief=optimistic(900s),5,300,3099,2368,0.7641174572442724,0.23588254275572765,0.12165214585350113,0.11423039690222653,364.28514503770674,334.6847549593399,572.0395068188883,312.36138744630904,947.2,69.93587593912798,294.34926909857876,0.00028525639225705584,0.16326155595811165,0.8364531876496314,1039,26.642925890279116,0.10360789217444874,0.1682559989421857,0.05069780689262318
optimal@10s+aware(V=1500.0) belief=optimistic(900s),6,300,2974,2333,0.7844653665097512,0.21553463349024882,0.07128446536650974,0.14425016812373906,368.62241395431033,335.8139719568526,582.2332070822624,311.1195554829335,933.2,50.03419653415938,318.588217420151,0.0005998555946031923,0.18341533097860874,0.8159848134267881,1061,18.242224316682375,0.10652959471758613,0.17396000002918402,0.05513361462728551
optimal@10s+aware(V=1500.0) belief=optimistic(900s),7,300,2943,2350,0.798504926945294,0.20149507305470607,0.05504587155963303,0.14644920149507307,353.8146163628218,325.4220892963208,569.5980672115003,300.08491715995547,940.0,46.72431554967505,307.09030081314677,0.002193027564799284,0.17781776700141547,0.8199892054337852,1065,16.488262910798124,0.09273239435496064,0.1527359988540411,0.0445263754963131
optimal@10s+aware(V=1500.0) belief=optimistic(900s),0,350,2956,2766,0.935723951285521,0.06427604871447902,0.0,0.06427604871447902,236.40903876293564,220.07434783032113,395.47997074289515,221.75146930406845,1106.4,5.775826929673696,230.63321183326195,0.030783146504958402,0.15303436281400604,0.8161824906810355,1042,3.682341650671785,0.09426324376120833,0.1731770006335864,0.046348693074642955
optimal@10s+aware(V=1500.0) belief=optimistic(900s),1,350,2855,2701,0.9460595446584938,0.05394045534150613,0.0,0.05394045534150613,216.95474112423372,194.7414476191734,385.9165675252325,205.5721536644285,1080.4,5.4600884653676065,211.49465265886616,0.04594691639906657,0.14147799840504036,0.812575085195893,1039,3.480269489894129,0.09562723774482154,0.162210000307823,0.04660194174757282
optimal@10s+aware(V=1500.0) belief=optimistic(900s),2,350,3002,2711,0.9030646235842772,0.09693537641572285,0.0,0.09693537641572285,265.6348771194308,243.22739210416148,447.61325330699765,240.84463017557502,1084.4,6.136638902185633,259.4982382172453,0.03128130207896161,0.16941098122684,0.7993077166941984,1050,3.954285714285714,0.0905692380616702,0.14977100066971613,0.04890167364016736
optimal@10s+aware(V=1500.0) belief=optimistic(900s),3,350,2945,2716,0.9222410865874363,0.07775891341256366,0.00033955857385398983,0.07741935483870968,242.2718206773702,218.95862162578578,420.5820906978133,224.03701240373775,1086.4,6.217282530380612,236.0545381469896,0.02962654280675833,0.15457593322020116,0.8157975239730405,1045,3.7961722488038276,0.09565100480397688,0.15935199946397907,0.049893276414087515
optimal@10s+aware(V=1500.0) belief=optimistic(900s),4,350,2902,2735,0.9424534803583735,0.057546519641626465,0.0,0.057546519641626465,237.39875169539326,213.10198045556172,407.6179862212695,224.18431020930404,1094.0,5.901422252853251,231.49732944253998,0.0282919715842215,0.1543156398646339,0.8173923885511446,1046,3.64244741873805,0.09256539200174671,0.15941499923428631,0.050081654872074034
optimal@10s+aware(V=1500.0) belief=optimistic(900s),5,350,3099,2686,0.8667312036140691,0.13326879638593095,0.011293965795417877,0.12197483059051308,315.4363450504812,289.90433725639355,512.6208454909874,278.40850682628997,1074.4,17.029922368616575,298.4064226818647,0.009712714812520304,0.1852894238118515,0.8049978613756282,1061,7.730442978322338,0.10444740808754216,0.17608000052860012,0.055012853470437016
optimal@10s+aware(V=1500.0) belief=optimistic(900s),6,350,2974,2692,0.9051782111634162,0.09482178883658372,0.0003362474781439139,0.09448554135843981,266.7937508014046,245.30293033563544,449.1309947966282,242.5980151735159,1076.8,7.002758333594899,259.79099246780976,0.025610672253399247,0.16620689986521225,0.8081824278813884,1050,4.122857142857143,0.09326638098129825,0.1449500001217529,0.05405405405405406
optimal@10s+aware(V=1500.0) belief=optimistic(900s),7,350,2943,2707,0.9198097179748556,0.08019028202514442,0.0,0.08019028202514442,249.98010481929563,226.61063056381408,430.99773102079394,230.4949518406594,1082.8,5.7453077686081695,244.23479705068746,0.031420008657291575,0.16097705169947246,0.807602939643236,1050,3.6342857142857143,0.09400571430368083,0.21127499965587046,0.04722072315164598
optimal@10s+aware(V=1500.0) belief=optimistic(900s),0,400,2956,2921,0.9881596752368065,0.011840324763193504,0.0,0.011840324763193504,141.68720295194777,125.18933127674063,256.25627805031763,140.08432934839152,1168.4,5.56142471784246,136.12577823410533,0.14862816880940483,0.09319167737983008,0.758180153810765,1041,3.596541786743516,0.09546464937973918,0.15850000017962876,0.05424906467129877
optimal@10s+aware(V=1500.0) belief=optimistic(900s),1,400,2855,2834,0.9926444833625219,0.007355516637478109,0.0,0.007355516637478109,135.85329131613724,118.72751936575696,251.27756770136926,134.90803167946558,1133.6,5.49302717904193,130.3602641370953,0.1618493381949299,0.08772869985354434,0.7504219619515258,1040,3.480769230769231,0.0988023077087956,0.1832809995357818,0.0505524861878453
optimal@10s+aware(V=1500.0) belief=optimistic(900s),2,400,3002,2926,0.9746835443037974,0.02531645569620253,0.0,0.02531645569620253,162.684053413492,141.00413062059306,301.3234131449203,158.7235089862312,1170.4,5.540472416724569,157.14358099676744,0.14007217644666797,0.10511125025629812,0.754816573297034,1047,3.6666666666666665,0.09389245463995236,0.17805800016503753,0.05261786923678041
optimal@10s+aware(V=1500.0) belief=optimistic(900s),3,400,2945,2925,0.9932088285229203,0.006791171477079796,0.0,0.006791171477079796,136.2877183859489,121.19765528789048,246.13953657387447,135.40820784213648,1170.0,5.588751079886028,130.69896730606285,0.14265586454814508,0.0906346150091732,0.7667095204426816,1042,3.6017274472168905,0.09423234164326297,0.15978499879565777,0.05089261923794298
optimal@10s+aware(V=1500.0) belief=optimistic(900s),4,400,2902,2854,0.983459682977257,0.016540317022742935,0.0,0.016540317022742935,141.36109414292457,120.05496140327477,264.0436882702087,139.18467160293517,1141.6,5.605577398122759,135.7555167448018,0.15448916137785637,0.09215310314716833,0.7533577354749753,1041,3.552353506243996,0.09127243034976124,0.14980000014475073,0.04800872885979269
optimal@10s+aware(V=1500.0) belief=optimistic(900s),5,400,3099,3031,0.9780574378831881,0.021942562116811875,0.0,0.021942562116811875,180.60340326337428,165.04444485261592,321.47683264749867,176.78437269388849,1212.4,5.619363209847816,174.98404005352646,0.0834201080721447,0.11848088700963247,0.7980990049182228,1054,3.73719165085389,0.0898958254458411,0.15467600014744678,0.052833078101071976
optimal@10s+aware(V=1500.0) belief=optimistic(900s),6,400,2974,2935,0.9868863483523873,0.013113651647612643,0.0,0.013113651647612643,166.62594740555716,150.01367661974382,297.48679516737513,164.52942301195654,1174.0,5.541071312335065,161.0848760932221,0.12413069785787904,0.10612846425333548,0.7697408378887854,1043,3.604985618408437,0.09163384468210187,0.15147999962209716,0.050265957446808514
optimal@10s+aware(V=1500.0) belief=optimistic(900s),7,400,2943,2912,0.9894665307509344,0.010533469249065579,0.0,0.010533469249065579,139.72517922724427,126.41052634497782,246.2823992484738,138.30862194219057,1164.8,5.563356862883934,134.16182236436035,0.14034083180883694,0.0923018113085971,0.7673573568825659,1050,3.558095238095238,0.08862428571211196,0.15867100024479439,0.05487152034261242
