arm,seed,drivers.num_drivers,requests,completed,completion_rate,cancel_rate,cancel_no_match_rate,cancel_eta_rate,cancel_late_rate,wait_mean_s,wait_p50_s,wait_p90_s,wait_all_mean_s,completed_per_hour,time_to_match_mean_s,pickup_mean_s,driver_idle_frac,driver_enroute_frac,driver_ontrip_frac,batches,batch_riders_mean,solve_ms_mean,solve_ms_p99,decline_rate,shadow_gap_s_per_batch,shadow_gap_frac,shadow_worse_batches_frac,app_opens,priced_out_rate,served_rate,retried_rate,surged_trip_frac,mean_multiplier_paid,revenue_per_hour,surge_revenue_per_hour,eta_error_mean_s,eta_abs_error_mean_s,eta_late_2min_frac,moves_per_driver_hour,reposition_km_per_hour,moves_dispatched_frac,move_planned_mean_s,driver_reposition_frac
immediate_greedy,0,300,2824,1861,0.6589943342776204,0.3410056657223796,0.007082152974504249,0.33392351274787535,0.0,402.2404347286436,375.9514881671257,707.9009292507526,272.87103465661403,744.4,10.584602135699646,391.65583259294397,0.0659583751491638,0.2159125925656694,0.7181290322851668,2916,5.305555555555555,0.03311213992302529,0.12142499940637204,0.04965556831228473,,,,2824,0.0,0.6589943342776204,0.0,0.0,1.0,18465.150359737203,0.0,-1.0642868758362597e-16,2.7284258797587614e-13,0.0,0.0,0.0,,,0.0
immediate_greedy,1,300,2824,1867,0.6611189801699717,0.33888101983002833,0.008852691218130312,0.330028328611898,0.0,392.45477039412054,365.7756748704214,692.0316722744413,268.4467226225418,746.8,8.406202152471067,384.04856824164943,0.06694048660678437,0.21582584158011064,0.717233671813105,3001,5.306564478507164,0.03308037321676147,0.1464000006308197,0.04864709268854347,,,,2824,0.0,0.6611189801699717,0.0,0.0,1.0,18451.262678270505,0.0,-6.346170390358688e-16,2.7649227310474137e-13,0.0,0.0,0.0,,,0.0
immediate_greedy,2,300,2824,1895,0.6710339943342776,0.32896600566572237,0.010623229461756374,0.318342776203966,0.0,391.2040966472441,363.32239578774534,696.9123054765233,271.7857893461915,758.0,10.1236843990859,381.08041224815815,0.06538164523477837,0.21403774514489718,0.7205806096203244,2986,5.6895512391158745,0.03520850637663543,0.13584000030277835,0.04486251808972504,,,,2824,0.0,0.6710339943342776,0.0,0.0,1.0,18428.12867403243,0.0,2.5515795867269033e-15,2.786433646116528e-13,0.0,0.0,0.0,,,0.0
immediate_greedy,3,300,2824,1900,0.6728045325779037,0.3271954674220963,0.011685552407932011,0.3155099150141643,0.0,382.51400541836273,355.38922758421086,674.0395473961819,266.1956390170609,760.0,8.350364894178634,374.16364052418413,0.06815518289951683,0.21054164480346746,0.7213031722970157,2973,5.307769929364278,0.03573030608553873,0.15746000048238823,0.05584192439862543,,,,2824,0.0,0.6728045325779037,0.0,0.0,1.0,18580.35014623544,0.0,4.919573520486378e-15,2.814366283880525e-13,0.0,0.0,0.0,,,0.0
immediate_greedy,4,300,2824,1874,0.6635977337110481,0.33640226628895187,0.010269121813031162,0.3261331444759207,0.0,381.1479626134738,359.5132908986752,660.537523615235,260.6018751250184,749.6,7.780486827054884,373.36747578641894,0.06988091374010268,0.20928335924779126,0.7208357270121061,2995,4.871118530884808,0.03236173621684648,0.111343999942619,0.045980335454019666,,,,2824,0.0,0.6635977337110481,0.0,0.0,1.0,18409.362063619126,0.0,-1.3184283500116373e-14,2.786463103418441e-13,0.0,0.0,0.0,,,0.0
immediate_greedy,5,300,2824,1868,0.6614730878186968,0.3385269121813031,0.013810198300283285,0.3247167138810198,0.0,384.6624896505655,360.9448883745172,681.1330251657378,263.2852136377008,747.2,6.800476417515953,377.86201323304954,0.066858255300528,0.21139937826893265,0.7217423664305394,2974,4.968392737054472,0.03565030261345721,0.1346350001040264,0.052949640287769786,,,,2824,0.0,0.6614730878186968,0.0,0.0,1.0,18370.28187541964,0.0,-1.0118006836840828e-14,2.8032204204805325e-13,0.0,0.0,0.0,,,0.0
immediate_greedy,0,350,2824,2226,0.7882436260623229,0.21175637393767704,0.003895184135977337,0.2078611898016997,0.0,319.57973362188164,289.2106987795569,570.4320993899728,254.1491304012003,890.4,2.0041915340518788,317.5755420878298,0.08603589095102256,0.18566964621618223,0.7282944628327952,3016,2.260941644562334,0.02273279177877425,0.08100499985630437,0.04898309939845317,,,,2824,0.0,0.7882436260623229,0.0,0.0,1.0,21902.247255088652,0.0,1.1132155395163294e-16,2.734189035707317e-13,0.0,0.0,0.0,,,0.0
immediate_greedy,1,350,2824,2217,0.785056657223796,0.21494334277620397,0.0056657223796034,0.20927762039660056,0.0,308.19530156026525,275.4525040774042,556.2239616309142,245.75201501840723,886.8,2.3809403138548753,305.8143612464104,0.09287572931256469,0.1782598297450483,0.728864440942387,3140,2.772292993630573,0.025168885353902687,0.0851000000784552,0.05151688609044076,,,,2824,0.0,0.785056657223796,0.0,0.0,1.0,21876.266786452645,0.0,2.908513904836675e-16,2.764378211629769e-13,0.0,0.0,0.0,,,0.0
immediate_greedy,2,350,2824,2254,0.7981586402266289,0.20184135977337112,0.007082152974504249,0.19475920679886685,0.0,307.89388036960645,282.24754424740354,550.2427847073684,249.78370423104647,901.6,1.9355371571250346,305.9583432124814,0.0917579801922883,0.18127015178144773,0.7269718680262639,3116,2.777920410783055,0.02575330551475177,0.08238499990511626,0.048563218390804595,,,,2824,0.0,0.7981586402266289,0.0,0.0,1.0,21980.23388203151,0.0,-4.211951698391587e-15,2.7758176315526884e-13,0.0,0.0,0.0,,,0.0
immediate_greedy,3,350,2824,2226,0.7882436260623229,0.21175637393767704,0.004603399433427762,0.2071529745042493,0.0,315.92759762986265,284.98109219691514,566.5649513282206,251.90090577485046,890.4,1.6250602054532384,314.3025374244094,0.08940796725559738,0.18316049836355358,0.7274315343808491,3054,2.4217419777341194,0.025016077279986004,0.06378200058861681,0.051457975986277875,,,,2824,0.0,0.7882436260623229,0.0,0.0,1.0,21888.198686395284,0.0,2.944634652914162e-16,2.7501850253056e-13,0.0,0.0,0.0,,,0.0
immediate_greedy,4,350,2824,2231,0.7900141643059491,0.209985835694051,0.007082152974504249,0.20290368271954673,0.0,306.18051988916125,277.7839295073172,544.4221136998804,244.8631440644955,892.4,1.6555723434530156,304.5249475457082,0.0965768544969793,0.1791749131490435,0.7242482323539772,3110,2.4562700964630224,0.0220499999945743,0.05509100021299672,0.046384327283203686,,,,2824,0.0,0.7900141643059491,0.0,0.0,1.0,21766.03107726224,0.0,7.32478473512443e-15,2.762505598546366e-13,0.0,0.0,0.0,,,0.0
immediate_greedy,5,350,2824,2227,0.7885977337110481,0.21140226628895184,0.003895184135977337,0.2075070821529745,0.0,304.99992284133486,276.5217986668208,550.7440910111044,242.80922827238467,890.8,1.9044970842600542,303.09542575707474,0.09568651682789066,0.17781766916982789,0.7264958140022815,3034,2.335860250494397,0.02319001317525903,0.09116699963669818,0.05117209834190966,,,,2824,0.0,0.7885977337110481,0.0,0.0,1.0,21901.645347515387,0.0,4.87720426336454e-15,2.7129164553706145e-13,0.0,0.0,0.0,,,0.0
immediate_greedy,0,400,2824,2506,0.8873937677053825,0.11260623229461757,0.0028328611898017,0.10977337110481586,0.0,248.23147323808456,219.13041619252317,455.81037967080465,221.5522317788445,1002.4,1.0107483459311826,247.2207248921534,0.14095276601337928,0.14751677071161542,0.7115304632750052,3117,1.8270773179339108,0.019044690402037077,0.04510000038862927,0.051925820256776035,,,,2824,0.0,0.8873937677053825,0.0,0.0,1.0,24474.34826690622,0.0,-5.656200877890781e-15,2.736110531190735e-13,0.0,0.0,0.0,,,0.0
immediate_greedy,1,400,2824,2492,0.8824362606232294,0.11756373937677053,0.004603399433427762,0.11296033994334277,0.0,246.63676869506895,218.2748075737345,451.6389204750909,219.8176563080626,996.8,1.0469989468468526,245.5897697482221,0.14296654076595894,0.14521022821963855,0.7118232310144025,3216,2.087997512437811,0.02009294155300833,0.06854999933239005,0.049297793063915164,,,,2824,0.0,0.8824362606232294,0.0,0.0,1.0,24350.56993229643,0.0,1.507622277420357e-14,2.6649130556994455e-13,0.0,0.0,0.0,,,0.0
immediate_greedy,2,400,2824,2514,0.8902266288951841,0.10977337110481586,0.004603399433427762,0.1051699716713881,0.0,245.66732002062233,218.95127520720825,464.5627370804744,220.75291133834182,1005.6,0.8570147061767822,244.81030531444554,0.14354866696599777,0.1466311444474421,0.7098201885865602,3124,2.030089628681178,0.020119526243666842,0.06438599975808754,0.05335235378031384,,,,2824,0.0,0.8902266288951841,0.0,0.0,1.0,24404.265556669816,0.0,-5.969943888660587e-15,2.720684104065746e-13,0.0,0.0,0.0,,,0.0
immediate_greedy,3,400,2824,2507,0.8877478753541076,0.11225212464589235,0.0017705382436260624,0.11048158640226628,0.0,251.51743846555095,223.7706251755294,466.6414819947184,224.3954188835564,1002.8,0.48887725237062996,251.02856121318035,0.1380578386821819,0.1498055524576407,0.7121366088601774,3082,1.6242699545749513,0.017970019470505895,0.0403190003362397,0.04699140401146132,,,,2824,0.0,0.8877478753541076,0.0,0.0,1.0,24479.94317550928,0.0,1.9184228730259984e-16,2.7092648029293504e-13,0.0,0.0,0.0,,,0.0
immediate_greedy,4,400,2824,2504,0.886685552407932,0.11331444759206799,0.005311614730878187,0.10800283286118981,0.0,234.38139391741132,206.8929776808718,442.12629791870893,209.83400933747305,1001.6,0.5350348962872246,233.8463590211241,0.14762644751966864,0.14000835831737207,0.7123651941629594,3155,1.9125198098256735,0.018371156899433486,0.05439199951069896,0.0506872852233677,,,,2824,0.0,0.886685552407932,0.0,0.0,1.0,24410.01230435791,0.0,-5.128485495700583e-15,2.74273858860652e-13,0.0,0.0,0.0,,,0.0
immediate_greedy,5,400,2824,2500,0.8852691218130312,0.11473087818696884,0.0028328611898017,0.11189801699716714,0.0,240.9911588354445,216.96539917222276,437.8454300181763,214.45516707892045,1000.0,0.6610987847763877,240.3300600506681,0.14281222644240604,0.14237305496670669,0.7148147185908872,3062,1.721097322011757,0.01790943827441317,0.050577999700180926,0.05058588168048014,,,,2824,0.0,0.8852691218130312,0.0,0.0,1.0,24592.983359712933,0.0,3.601741127567948e-15,2.713505864448962e-13,0.0,0.0,0.0,,,0.0
immediate_greedy,0,450,2824,2638,0.9341359773371105,0.06586402266288952,0.002478753541076487,0.06338526912181303,0.0,197.2715857513566,166.53611294062193,383.5624214690949,185.01491721493545,1055.2,0.523619617030015,196.7479661343266,0.21738278114021917,0.11276330874404425,0.6698539101157366,3117,1.5450753930060956,0.019756721219356198,0.045000000536674634,0.045376220562894885,,,,2824,0.0,0.9341359773371105,0.0,0.0,1.0,25772.43282757268,0.0,-6.672953824581741e-15,2.712221821069378e-13,0.0,0.0,0.0,,,0.0
immediate_greedy,1,450,2824,2624,0.9291784702549575,0.0708215297450425,0.004603399433427762,0.06621813031161473,0.0,204.19548546003156,177.86987432621663,387.374253153188,191.5875189991967,1049.6,0.751539198525778,203.44394626150577,0.2182852886434408,0.11563495317690058,0.6660797581796586,3341,1.909907213409159,0.020699431317307265,0.07801999963703564,0.05820556501987507,,,,2824,0.0,0.9291784702549575,0.0,0.0,1.0,25648.635393643963,0.0,-6.465525946608972e-15,2.6752194632992455e-13,0.0,0.0,0.0,,,0.0
immediate_greedy,2,450,2824,2637,0.9337818696883853,0.06621813031161473,0.002124645892351275,0.06409348441926345,0.0,205.22994953529812,175.1414985226038,390.2720549119817,192.625341381682,1054.8,0.4212348122318442,204.80871472306626,0.21784664390191877,0.11681677207161999,0.6653365840264612,3107,1.6253620856131317,0.01960708077103509,0.0455999997939216,0.04426559356136821,,,,2824,0.0,0.9337818696883853,0.0,0.0,1.0,25647.021770235577,0.0,5.095826849015186e-15,2.666527513689881e-13,0.0,0.0,0.0,,,0.0
immediate_greedy,3,450,2824,2627,0.9302407932011332,0.06975920679886685,0.00141643059490085,0.068342776203966,0.0,204.7850627776459,180.31112646450583,386.71046440605846,191.09677004142978,1050.8,0.27302760761660666,204.5120351700293,0.2165075003358305,0.11695951425737469,0.6665329854067948,2976,1.4583333333333333,0.01766569221125968,0.04059999992023222,0.04424016087331226,,,,2824,0.0,0.9302407932011332,0.0,0.0,1.0,25650.337210727426,0.0,1.4377536085933698e-15,2.7100379209257817e-13,0.0,0.0,0.0,,,0.0
immediate_greedy,4,450,2824,2607,0.9231586402266289,0.0768413597733711,0.002124645892351275,0.07471671388101983,0.0,203.47485639923602,172.57592902216857,389.6334412201175,188.6792658726817,1042.8,0.24549939808765772,203.22935700114832,0.2235001925564615,0.11529393170075532,0.6612058757427831,3003,1.535131535131535,0.019322111230118,0.04419800005052821,0.047823596792668954,,,,2824,0.0,0.9231586402266289,0.0,0.0,1.0,25438.70994350083,0.0,5.950318446211176e-15,2.685724463861883e-13,0.0,0.0,0.0,,,0.0
immediate_greedy,5,450,2824,2632,0.9320113314447592,0.0679886685552408,0.00141643059490085,0.06657223796033994,0.0,202.66530492948368,175.15630841251232,385.8122386594752,189.37942250902066,1052.8,0.25742645724093394,202.40787847224274,0.21963189529890978,0.11550780798765645,0.6648602967134337,3053,1.4379299050114642,0.01857238780741668,0.04669999998441199,0.05296127562642369,,,,2824,0.0,0.9320113314447592,0.0,0.0,1.0,25674.74916535066,0.0,-2.700642816436209e-15,2.7092478885115713e-13,0.0,0.0,0.0,,,0.0
immediate_greedy,0,500,2824,2690,0.9525495750708215,0.04745042492917847,0.0017705382436260624,0.04567988668555241,0.0,178.90189544366385,150.5733198977823,347.81517839194026,170.8881518386675,1076.0,0.20026504065831888,178.7016304030055,0.2916811635999741,0.09586440777356817,0.6124544286264576,2992,1.3897058823529411,0.018027573537985158,0.0443179998728738,0.049442697913689625,,,,2824,0.0,0.9525495750708215,0.0,0.0,1.0,26266.46322463903,0.0,4.297656819431422e-15,2.688786203186784e-13,0.0,0.0,0.0,,,0.0
immediate_greedy,1,500,2824,2670,0.9454674220963173,0.05453257790368272,0.00424929178470255,0.05028328611898017,0.0,179.362869913486,149.9719932865296,352.3354974024745,170.9805087567919,1068.0,0.46748918412274504,178.89538072936327,0.29521247630877484,0.09429288658514216,0.610494637106083,3385,1.6983751846381092,0.019636691284383664,0.04904800014628559,0.04982817869415808,,,,2824,0.0,0.9454674220963173,0.0,0.0,1.0,26076.399673972464,0.0,-1.6969571815155412e-15,2.685047565061526e-13,0.0,0.0,0.0,,,0.0
immediate_greedy,2,500,2824,2699,0.9557365439093485,0.044263456090651555,0.0010623229461756375,0.04320113314447592,0.0,179.84151716433627,151.67656352783797,349.65899870960624,172.55051709933275,1079.6,0.2667628427391523,179.57475432159714,0.2903731452316558,0.09627862356363852,0.6133482312047056,3066,1.477495107632094,0.017743476849479318,0.04163499961578054,0.04778254649499285,,,,2824,0.0,0.9557365439093485,0.0,0.0,1.0,26262.84036928454,0.0,5.383429900454999e-15,2.6552941641171535e-13,0.0,0.0,0.0,,,0.0
immediate_greedy,3,500,2824,2701,0.9564447592067988,0.04355524079320113,0.000708215297450425,0.04284702549575071,0.0,180.59364684456466,153.39416378481837,351.9835168888312,173.03867461251036,1080.4,0.17427879858030595,180.41936804598436,0.28665490840139907,0.09648500764749493,0.616860083951106,2965,1.3268128161888701,0.016577875217932088,0.03879999985656468,0.044763271162123384,,,,2824,0.0,0.9564447592067988,0.0,0.0,1.0,26393.63436457545,0.0,9.969132763529263e-15,2.69982666360233e-13,0.0,0.0,0.0,,,0.0
immediate_greedy,4,500,2824,2667,0.9444050991501416,0.05559490084985836,0.002124645892351275,0.05347025495750708,0.0,179.39555295745797,150.22719377092108,360.92447508822346,170.1960912224688,1066.8,0.20425771722013217,179.19129524023782,0.29682491958991375,0.09408763473900428,0.609087445671082,3030,1.5072607260726072,0.01919973597894196,0.0463130002935941,0.05,,,,2824,0.0,0.9444050991501416,0.0,0.0,1.0,26058.66258035793,0.0,-2.6679695822924108e-15,2.6882743417077197e-13,0.0,0.0,0.0,,,0.0
immediate_greedy,5,500,2824,2696,0.9546742209631728,0.0453257790368272,0.000708215297450425,0.04461756373937677,0.0,178.61803957997347,153.26275536911726,351.97169967675745,170.71531593584498,1078.4,0.24531757422704653,178.37272200574643,0.2889913763893374,0.09565659544374935,0.6153520281669133,2951,1.3073534395120299,0.017682717727700366,0.04469999976208783,0.05318543799772469,,,,2824,0.0,0.9546742209631728,0.0,0.0,1.0,26294.483131753794,0.0,-4.299663987857007e-15,2.674594184438286e-13,0.0,0.0,0.0,,,0.0
batched_greedy@10s,0,300,2824,1957,0.6929886685552408,0.30701133144475923,0.06303116147308782,0.24398016997167138,0.0,393.37382698971686,366.3963833749549,677.957726559638,297.1641671889033,782.8,40.56821665815023,352.8056103315666,0.06157588904068256,0.1910663253048369,0.7473577856544805,1032,16.40891472868217,0.02674738372710875,0.1124950000848909,0.048868778280542986,,,,2824,0.0,0.6929886685552408,0.0,0.0,1.0,19178.17346328212,0.0,2.244273012476811e-15,2.7101514128888576e-13,0.0,0.0,0.0,,,0.0
batched_greedy@10s,1,300,2824,1942,0.6876770538243626,0.3123229461756374,0.05488668555240793,0.25743626062322944,0.0,368.3525043907603,341.9672305782001,631.7356938436243,276.197608350505,776.8,26.97425334706488,341.3782510436954,0.06770004727803226,0.1903379148406121,0.7419620378813556,1028,13.471789883268482,0.030553793766086974,0.12202199985040355,0.052568697729988054,,,,2824,0.0,0.6876770538243626,0.0,0.0,1.0,18972.977618477722,0.0,2.498973679321053e-15,2.712356029215641e-13,0.0,0.0,0.0,,,0.0
batched_greedy@10s,2,300,2824,1930,0.68342776203966,0.31657223796033995,0.061260623229461755,0.2553116147308782,0.0,395.12705361325493,371.4458501377685,672.96892515327,295.4109299299641,772.0,36.0740932642487,359.05296034900624,0.0630991012387618,0.19542930116779528,0.7414715975934429,1040,15.654807692307692,0.028854807677502183,0.09619100021154606,0.042753183747725895,,,,2824,0.0,0.68342776203966,0.0,0.0,1.0,18995.23337692975,0.0,7.0373183388882465e-15,2.6991972272722995e-13,0.0,0.0,0.0,,,0.0
batched_greedy@10s,3,300,2824,1958,0.693342776203966,0.306657223796034,0.06444759206798867,0.24220963172804533,0.0,380.4844805920122,356.21111640231084,656.9246931448062,288.3055883335383,783.2,33.91164453524004,346.57283605677213,0.06854700421755536,0.1894999736653438,0.7419530221171008,1040,15.123076923076923,0.026726153843215937,0.09523100005935532,0.04142552543405422,,,,2824,0.0,0.693342776203966,0.0,0.0,1.0,19117.45512515102,0.0,-3.146274524535275e-15,2.7711892478847953e-13,0.0,0.0,0.0,,,0.0
batched_greedy@10s,4,300,2824,1938,0.6862606232294618,0.31373937677053826,0.039660056657223795,0.27407932011331443,0.0,367.9711681802203,335.941436203015,631.1775984172796,270.40139732968333,775.2,22.0,345.9711681802203,0.06625531721781207,0.19352754166388583,0.7402171411183022,1030,11.229126213592233,0.02740679610900929,0.1096719997622132,0.0499261447562777,,,,2824,0.0,0.6862606232294618,0.0,0.0,1.0,18885.51978515248,0.0,8.510564114464048e-15,2.769494300214784e-13,0.0,0.0,0.0,,,0.0
batched_greedy@10s,5,300,2824,1940,0.6869688385269122,0.3130311614730878,0.061260623229461755,0.25177053824362605,0.0,381.6608156388415,348.1202472119969,665.5893933311779,287.0777865891367,776.0,30.127319587628865,351.53349605121264,0.0628284722829356,0.19681905674312847,0.740352470973936,1023,14.651026392961876,0.026123362657947367,0.10199400008787045,0.05337331334332834,,,,2824,0.0,0.6869688385269122,0.0,0.0,1.0,18997.22706749814,0.0,-1.5758299590762015e-15,2.800408244357388e-13,0.0,0.0,0.0,,,0.0
batched_greedy@10s,0,350,2824,2264,0.8016997167138811,0.19830028328611898,0.005311614730878187,0.1929886685552408,0.0,314.9313421238446,285.3011439191796,564.8425250238524,256.3783326900513,905.6,8.818904593639576,306.112437530205,0.08897510933495942,0.18218830689266213,0.7288365837723784,1005,5.161194029850746,0.027439004985190783,0.08514800028933682,0.050128902893153825,,,,2824,0.0,0.8016997167138811,0.0,0.0,1.0,22048.700697158783,0.0,-7.734292201584792e-15,2.767660462804692e-13,0.0,0.0,0.0,,,0.0
batched_greedy@10s,1,350,2824,2224,0.7875354107648725,0.21246458923512748,0.011685552407932011,0.20077903682719547,0.0,311.9283577357044,283.33373281623244,554.1113160121206,251.93907743026293,889.6,8.08363309352518,303.84472464217924,0.09425193138456395,0.17659345679566713,0.7291546118197689,1024,5.552734375,0.028357421889779744,0.09088100020562696,0.04875937680323139,,,,2824,0.0,0.7875354107648725,0.0,0.0,1.0,21865.64874368614,0.0,5.669325919992346e-15,2.7005096799846325e-13,0.0,0.0,0.0,,,0.0
batched_greedy@10s,2,350,2824,2248,0.7960339943342776,0.20396600566572237,0.010623229461756374,0.193342776203966,0.0,316.3179169960487,287.26955085907457,558.9342387680622,258.26774277874017,899.2,8.65391459074733,307.6640024053014,0.09050923969803877,0.18063231290801574,0.7288584473939455,1029,5.730806608357629,0.027026919333339578,0.08953199976531338,0.046504910456383594,,,,2824,0.0,0.7960339943342776,0.0,0.0,1.0,21870.47261359091,0.0,2.2803032692612422e-15,2.7779498748775195e-13,0.0,0.0,0.0,,,0.0
batched_greedy@10s,3,350,2824,2251,0.7970963172804533,0.20290368271954673,0.006728045325779037,0.1961756373937677,0.0,319.6958120508601,293.17628482653345,572.9106307480351,259.8189825721906,900.4,8.03243003109729,311.6633820197628,0.08956506609499153,0.18217157347373203,0.7282633604312765,1027,5.225900681596884,0.025814118788940296,0.0960220003980794,0.05236051502145923,,,,2824,0.0,0.7970963172804533,0.0,0.0,1.0,22015.961408956435,0.0,-4.7222209360155924e-15,2.790292800604962e-13,0.0,0.0,0.0,,,0.0
batched_greedy@10s,4,350,2824,2260,0.8002832861189801,0.19971671388101983,0.009206798866855524,0.1905099150141643,0.0,300.6284569830271,269.56410124164836,529.2342258940382,245.35384903240998,904.0,8.538053097345133,292.09040388568195,0.09795168012417606,0.1730564756865516,0.7289918441892723,1006,5.345924453280318,0.0308685884659028,0.09227500036104196,0.047838616714697406,,,,2824,0.0,0.8002832861189801,0.0,0.0,1.0,21873.368756397766,0.0,-4.6619542051737766e-15,2.7516848190386947e-13,0.0,0.0,0.0,,,0.0
batched_greedy@10s,5,350,2824,2244,0.7946175637393768,0.20538243626062322,0.007436260623229462,0.19794617563739378,0.0,314.61571552592267,289.95903993522097,551.7964331397935,254.79730650094456,897.6,8.572192513368984,306.0435230125537,0.09197315252811582,0.1785557844400999,0.7294710630317842,1000,5.429,0.03512949998912518,0.11232899957576571,0.04419410745233969,,,,2824,0.0,0.7946175637393768,0.0,0.0,1.0,21977.326323189576,0.0,-2.795941335455296e-15,2.7542555283417415e-13,0.0,0.0,0.0,,,0.0
batched_greedy@10s,0,400,2824,2512,0.8895184135977338,0.11048158640226628,0.003895184135977337,0.10658640226628895,0.0,247.76748430603985,223.08987358991044,447.42003484658755,222.56035138359627,1004.8,6.0425955414012735,241.72488876463856,0.14058604813481182,0.1438442666020356,0.7155696852631526,1000,4.217,0.04133840000940836,0.16704600014236343,0.05034324942791762,,,,2824,0.0,0.8895184135977338,0.0,0.0,1.0,24556.03489170993,0.0,-4.3266876281331336e-15,2.752097912618981e-13,0.0,0.0,0.0,,,0.0
batched_greedy@10s,1,400,2824,2486,0.8803116147308782,0.11968838526912182,0.0056657223796034,0.11402266288951841,0.0,251.3442261693316,224.51676165566664,457.4415979000903,224.26980933381412,994.4,5.96983105390185,245.37439511542973,0.14528632522763918,0.14389433425626166,0.7108193405160992,1011,4.402571711177052,0.0398607319323095,0.13436999979603562,0.04550691244239631,,,,2824,0.0,0.8803116147308782,0.0,0.0,1.0,24379.07777876433,0.0,4.6765130429061906e-15,2.7211253720482444e-13,0.0,0.0,0.0,,,0.0
batched_greedy@10s,2,400,2824,2516,0.8909348441926346,0.10906515580736544,0.005311614730878187,0.10375354107648725,0.0,244.50163057749586,214.6794384279342,465.1161981082696,220.35687295066884,1006.4,6.059618441971383,238.44201213552446,0.1453163467985468,0.14284925095326892,0.7118344022481843,998,4.331663326653307,0.03810591182015426,0.1544399999966115,0.052300657330665905,,,,2824,0.0,0.8909348441926346,0.0,0.0,1.0,24421.637616019572,0.0,-8.092802174731865e-16,2.774002543304235e-13,0.0,0.0,0.0,,,0.0
batched_greedy@10s,3,400,2824,2493,0.8827903682719547,0.11720963172804533,0.002124645892351275,0.11508498583569406,0.0,253.87594178989352,224.506921907187,472.6804502494533,225.83060447158073,997.2,5.551945447252306,248.32399634264124,0.14379834378968567,0.14637897349318146,0.7098226827171329,994,3.994969818913481,0.03796790746440513,0.1336069996250444,0.051625784369652025,,,,2824,0.0,0.8827903682719547,0.0,0.0,1.0,24407.607889182193,0.0,-1.0515277199137262e-15,2.740735837238186e-13,0.0,0.0,0.0,,,0.0
batched_greedy@10s,4,400,2824,2493,0.8827903682719547,0.11720963172804533,0.0060198300283286115,0.11118980169971672,0.0,241.74416096812067,212.8564146584731,443.2984548012964,216.44224782548062,997.2,5.690734055354994,236.05342691276567,0.149384154975247,0.13957871069875766,0.7110371343259954,996,4.391566265060241,0.03643564257774312,0.11155499955748377,0.04441880588404961,,,,2824,0.0,0.8827903682719547,0.0,0.0,1.0,24327.87637663625,0.0,-3.268589214415884e-15,2.7305429834124255e-13,0.0,0.0,0.0,,,0.0
batched_greedy@10s,5,400,2824,2497,0.8842067988668555,0.11579320113314448,0.002124645892351275,0.1136685552407932,0.0,244.97534526572613,215.03335246810911,455.3765594774185,218.3572563633668,998.8,5.528233880656789,239.44711138506932,0.14808137097836288,0.14194304508376862,0.7099755839378684,995,4.02713567839196,0.03681427134146379,0.10845400047401194,0.04919908466819222,,,,2824,0.0,0.8842067988668555,0.0,0.0,1.0,24416.997571470965,0.0,-3.890982672446804e-15,2.720803158264318e-13,0.0,0.0,0.0,,,0.0
batched_greedy@10s,0,450,2824,2639,0.9344900849858357,0.06550991501416431,0.002478753541076487,0.06303116147308782,0.0,203.20734578261474,175.02246327220837,388.8455859433976,190.99124144709754,1055.6,5.411140583554377,197.79620519906038,0.21711214900397707,0.11330791278937985,0.6695799382066431,991,3.858728557013118,0.04159021189775489,0.1303500004723902,0.04974271012006861,,,,2824,0.0,0.9344900849858357,0.0,0.0,1.0,25779.732046020676,0.0,1.5872108477854454e-15,2.746329120919141e-13,0.0,0.0,0.0,,,0.0
batched_greedy@10s,1,450,2824,2620,0.9277620396600567,0.07223796033994334,0.005311614730878187,0.06692634560906516,0.0,209.387346944724,182.521675550415,393.6412912681967,196.5800574805086,1048.0,5.6122137404580155,203.77513320426598,0.21993967062251343,0.11573978506516665,0.6643205443123199,1012,4.196640316205533,0.043517391299311516,0.12068100000760747,0.05555555555555555,,,,2824,0.0,0.9277620396600567,0.0,0.0,1.0,25620.387320350965,0.0,-9.517916565156705e-15,2.7345233795733485e-13,0.0,0.0,0.0,,,0.0
batched_greedy@10s,2,450,2824,2639,0.9344900849858357,0.06550991501416431,0.002124645892351275,0.06338526912181303,0.0,206.65879351642937,175.38125553025748,399.9446917156798,194.52746398808586,1055.6,5.33611216369837,201.322681352731,0.2196332648311202,0.11555028077245146,0.6648164543964283,990,3.9414141414141413,0.041498787876745075,0.12253299968506326,0.05081358835284042,,,,2824,0.0,0.9344900849858357,0.0,0.0,1.0,25647.79424586778,0.0,-1.2264704009663552e-14,2.696698491642491e-13,0.0,0.0,0.0,,,0.0
batched_greedy@10s,3,450,2824,2634,0.9327195467422096,0.06728045325779036,0.0010623229461756375,0.06621813031161473,0.0,209.10635176853594,181.71710169133894,390.52245764042726,195.96961971767325,1053.6,5.302201974183751,203.80414979435216,0.21796695246642162,0.11643542587906723,0.6655976216545111,988,3.7945344129554655,0.04039929150086147,0.12340299979769041,0.050770108385624645,,,,2824,0.0,0.9327195467422096,0.0,0.0,1.0,25646.392682419355,0.0,-1.0679890280164092e-14,2.718087292405112e-13,0.0,0.0,0.0,,,0.0
batched_greedy@10s,4,450,2824,2618,0.9270538243626062,0.07294617563739376,0.002124645892351275,0.0708215297450425,0.0,206.03198648478005,177.1148242801778,392.3547654870605,192.43370281395997,1047.2,5.130634071810542,200.90135241296952,0.2239856047878954,0.11453403947864052,0.6614803557334641,998,3.8456913827655312,0.04270691383835893,0.11634400075308791,0.05646992054483541,,,,2824,0.0,0.9270538243626062,0.0,0.0,1.0,25442.82632646605,0.0,-4.675150004842466e-15,2.706526964179972e-13,0.0,0.0,0.0,,,0.0
batched_greedy@10s,5,450,2824,2624,0.9291784702549575,0.0708215297450425,0.002478753541076487,0.068342776203966,0.0,202.82714612559846,179.651966643665,383.24796337926256,189.9033079167559,1049.6,5.056021341463414,197.77112478413503,0.22120829517232496,0.11247501681093407,0.666316688016741,992,3.8870967741935485,0.03981723790594339,0.11335199986206143,0.042363112391930836,,,,2824,0.0,0.9291784702549575,0.0,0.0,1.0,25680.286869806576,0.0,5.128688801561089e-15,2.698644153670948e-13,0.0,0.0,0.0,,,0.0
batched_greedy@10s,0,500,2824,2679,0.9486543909348442,0.051345609065155805,0.0017705382436260624,0.049575070821529746,0.0,180.5293685788536,154.12620522142697,356.5001754066628,172.0297163994425,1071.6,5.040313549832027,175.48905502902159,0.2954185530857879,0.09342476803029051,0.6111566788839216,988,3.6973684210526314,0.04414412954225289,0.14165500039780438,0.047809905525336385,,,,2824,0.0,0.9486543909348442,0.0,0.0,1.0,26111.14244188014,0.0,1.0201349946855747e-14,2.6855638114807574e-13,0.0,0.0,0.0,,,0.0
batched_greedy@10s,1,500,2824,2673,0.9465297450424929,0.05347025495750708,0.005311614730878187,0.04815864022662889,0.0,186.4721027693938,154.15905079635377,363.3739957391321,178.3758163585643,1069.2,5.548447437336327,180.9236553320575,0.2947516529376849,0.09476013280697392,0.6104882142553413,1013,4.0740375123395856,0.0434585390070988,0.1302920001762686,0.05420827389443652,,,,2824,0.0,0.9465297450424929,0.0,0.0,1.0,26099.080624087062,0.0,1.057463548492343e-14,2.644745834813141e-13,0.0,0.0,0.0,,,0.0
batched_greedy@10s,2,500,2824,2694,0.9539660056657224,0.04603399433427762,0.0010623229461756375,0.044971671388101986,0.0,186.68634820296913,155.720803568699,362.48275027621844,179.01306175080654,1077.6,5.351521900519673,181.33482630244944,0.2895112032467519,0.09645965724452883,0.6140291395087193,992,3.8276209677419355,0.04339203628623797,0.12166300004537337,0.054276783177038934,,,,2824,0.0,0.9539660056657224,0.0,0.0,1.0,26276.440486392297,0.0,6.441992860127799e-15,2.6699761349291113e-13,0.0,0.0,0.0,,,0.0
batched_greedy@10s,3,500,2824,2689,0.9521954674220963,0.04780453257790368,0.000708215297450425,0.047096317280453256,0.0,182.6908862612018,154.15905079635377,355.7831297490976,174.66253625689365,1075.6,5.063592413536631,177.62729384766516,0.2932760261925318,0.09474420964378603,0.6119797641636823,984,3.7083333333333335,0.04067764227765724,0.11702900047566785,0.04831332189822756,,,,2824,0.0,0.9521954674220963,0.0,0.0,1.0,26168.656975583384,0.0,4.351607706877275e-15,2.658161488946917e-13,0.0,0.0,0.0,,,0.0
batched_greedy@10s,4,500,2824,2676,0.9475920679886686,0.05240793201133145,0.002478753541076487,0.04992917847025496,0.0,184.3004275938605,155.56478332701613,362.07274384766697,175.83768682840815,1070.4,5.18236173393124,179.11806585992923,0.2921817466357544,0.0949371761664182,0.6128810771978274,996,3.82429718875502,0.040645080322707895,0.12492999971982496,0.05218135158254919,,,,2824,0.0,0.9475920679886686,0.0,0.0,1.0,26146.647527967794,0.0,4.199493269323441e-15,2.6560527983941075e-13,0.0,0.0,0.0,,,0.0
batched_greedy@10s,5,500,2824,2706,0.9582152974504249,0.04178470254957507,0.000708215297450425,0.04107648725212465,0.0,180.69662802098418,154.29828174491877,348.0730499651063,173.77592398835318,1082.4,5.018847006651884,175.67778101433228,0.28814986824731503,0.09448888490142436,0.6173612468512606,987,3.673758865248227,0.04213698075444473,0.16525199982424948,0.04256542996836353,,,,2824,0.0,0.9582152974504249,0.0,0.0,1.0,26413.550275048496,0.0,6.200078637242871e-15,2.647389780501864e-13,0.0,0.0,0.0,,,0.0
optimal@10s,0,300,2824,1957,0.6929886685552408,0.30701133144475923,0.06373937677053824,0.24327195467422097,0.0,384.11086615211724,356.34900647474205,672.0292880197895,290.66430877073316,782.8,29.70005109862034,354.4108150534969,0.062334937123488574,0.1981751021882842,0.7394899606882273,1021,14.484818805093045,0.06409862879680239,0.12103999997634672,0.051189400782896716,10.233630874485169,0.0008967295797743188,0.10773751224289912,2824,0.0,0.6929886685552408,0.0,0.0,1.0,19058.135649194974,0.0,-7.402697089283977e-15,2.7545557954046783e-13,0.0,0.0,0.0,,,0.0
optimal@10s,1,300,2824,1955,0.6922804532577904,0.30771954674220964,0.07542492917847025,0.23229461756373937,0.0,386.2232651444203,355.2471040416949,665.4335134643942,297.2955039313693,782.0,38.31815856777494,347.9051065766453,0.06144144010321854,0.1919891944287439,0.7465693654680375,1051,17.195052331113224,0.058975451942072744,0.1290500003960915,0.05320766190331408,7.365938805716099,0.0005300323096925687,0.08943862987630828,2824,0.0,0.6922804532577904,0.0,0.0,1.0,19157.09850198456,0.0,2.7385879866763962e-15,2.803808904288749e-13,0.0,0.0,0.0,,,0.0
optimal@10s,2,300,2824,1967,0.6965297450424929,0.30347025495750707,0.07613314447592068,0.2273371104815864,0.0,391.8539780089123,364.12038263303475,657.3623265917879,302.19550534491145,786.8,38.205897305541434,353.64808070337085,0.058267315316622846,0.19372847673810442,0.7480042079452727,1055,16.921327014218008,0.06392957344808466,0.1332520000141813,0.05091463414634146,9.471530329712348,0.000692683927753806,0.1061611374407583,2824,0.0,0.6965297450424929,0.0,0.0,1.0,19250.96560445775,0.0,8.729163807647596e-15,2.8126041291502307e-13,0.0,0.0,0.0,,,0.0
optimal@10s,3,300,2824,1950,0.6905099150141643,0.3094900849858357,0.058781869688385266,0.2507082152974504,0.0,385.9890008095404,359.2565228287526,666.3410911848774,290.94473155809703,780.0,35.746153846153845,350.24284696338657,0.06750079680021243,0.19092472533711485,0.7415744778626728,1033,15.499515972894482,0.07256030977943899,0.14684400059195465,0.048993086865043584,9.48287546094218,0.0007684582733330704,0.10261374636979671,2824,0.0,0.6905099150141643,0.0,0.0,1.0,19027.995313239022,0.0,1.783644457202918e-15,2.733822285359239e-13,0.0,0.0,0.0,,,0.0
optimal@10s,4,300,2824,1934,0.6848441926345609,0.3151558073654391,0.037889518413597736,0.27726628895184136,0.0,373.8566484931978,347.9717204452786,639.6334860469915,273.79234496155203,773.6,22.688210961737333,351.1684375314604,0.06547435970820177,0.1961337980133593,0.7383918422784389,1024,11.37890625,0.06165771484312188,0.13404099969193334,0.049572145175568016,12.63153291342828,0.001467724979574289,0.130859375,2824,0.0,0.6848441926345609,0.0,0.0,1.0,18973.39680619895,0.0,6.925403603452889e-15,2.740402412634223e-13,0.0,0.0,0.0,,,0.0
optimal@10s,5,300,2824,1935,0.6851983002832861,0.3148016997167139,0.061260623229461755,0.2535410764872521,0.0,387.2608524449395,363.777325081413,658.0289034817237,291.03200029686207,774.0,33.952454780361755,353.3083976645777,0.06401650565569991,0.19422521279558289,0.7417582815487171,1014,15.666666666666666,0.06543668638919128,0.1314349999302067,0.05480682839173405,11.722063703461655,0.0009406813643740809,0.11439842209072978,2824,0.0,0.6851983002832861,0.0,0.0,1.0,18956.68509806393,0.0,5.278579755323742e-16,2.7487813919953427e-13,0.0,0.0,0.0,,,0.0
optimal@10s,0,350,2824,2267,0.8027620396600567,0.19723796033994334,0.007436260623229462,0.18980169971671387,0.0,312.4825406562331,281.90104304844317,558.1194132037265,255.40876865340715,906.8,8.887075430083812,303.59546522614926,0.08686268757144672,0.18065810061745613,0.7324792118110972,1002,5.377245508982036,0.06924500995934837,0.1259699999172881,0.05239049527626682,9.752300941153068,0.0033873040447201536,0.11377245508982035,2824,0.0,0.8027620396600567,0.0,0.0,1.0,22075.124504426843,0.0,3.1534839436110753e-15,2.733924443005576e-13,0.0,0.0,0.0,,,0.0
optimal@10s,1,350,2824,2216,0.7847025495750708,0.21529745042492918,0.011685552407932011,0.20361189801699717,0.0,318.29428766696105,289.0558099943919,567.6518829734796,256.80054552893876,886.4,9.632220216606498,308.6620674503546,0.09143780267931344,0.17804503924461978,0.7305171580760668,1022,6.0939334637964775,0.06475499020764243,0.12741200050186297,0.05012964563526361,8.89334362012853,0.0024700632014093486,0.11937377690802348,2824,0.0,0.7847025495750708,0.0,0.0,1.0,21851.28516670182,0.0,4.072153765412127e-15,2.7953251426367226e-13,0.0,0.0,0.0,,,0.0
optimal@10s,2,350,2824,2257,0.7992209631728046,0.20077903682719547,0.010623229461756374,0.1901558073654391,0.0,327.3763025594008,300.1691452788273,576.6469072252498,267.78869296062913,902.8,9.731501993797076,317.6448005656037,0.08622022103045415,0.18550533894366486,0.728274440025881,1023,5.9208211143695015,0.06398572825737031,0.12045599993143696,0.03817016317016317,10.310093014812734,0.002966151711640608,0.11827956989247312,2824,0.0,0.7992209631728046,0.0,0.0,1.0,22002.11415567639,0.0,-8.818820729056183e-16,2.7608260776721187e-13,0.0,0.0,0.0,,,0.0
optimal@10s,3,350,2824,2226,0.7882436260623229,0.21175637393767704,0.009206798866855524,0.20254957507082152,0.0,330.0087703626974,304.03783441065866,578.6783670153809,265.86951377896116,890.4,8.473944294699011,321.53482606799844,0.0893373680396686,0.18562845985698886,0.7250341721033424,1019,5.539744847890089,0.0626295387680898,0.11989200043899469,0.055714285714285716,12.576053617007918,0.00406045333572317,0.12757605495583907,2824,0.0,0.7882436260623229,0.0,0.0,1.0,21815.107219779915,0.0,3.650269664252738e-15,2.7228713443889007e-13,0.0,0.0,0.0,,,0.0
optimal@10s,4,350,2824,2261,0.8006373937677054,0.19936260623229463,0.006373937677053824,0.1929886685552408,0.0,307.30387916512336,280.62506876061343,537.9926220584239,249.98514882907685,904.4,7.490048651039363,299.81383051408403,0.092734108503054,0.17696087825289694,0.7303050132440491,1004,4.892430278884462,0.059169123500236946,0.11950399941270015,0.04854926745188164,7.954996188259795,0.0032609768472407386,0.10258964143426295,2824,0.0,0.8006373937677054,0.0,0.0,1.0,21968.198317907285,0.0,5.038183247175567e-15,2.774885829984967e-13,0.0,0.0,0.0,,,0.0
optimal@10s,5,350,2824,2218,0.7854107648725213,0.21458923512747877,0.007082152974504249,0.2075070821529745,0.0,323.387671444927,297.7074366466977,565.9311219347215,258.3162611709604,887.2,8.17493237150586,315.2127390734211,0.09118816556750416,0.18219347131099636,0.7266183631214995,1005,5.142288557213931,0.06160945272290632,0.11929599982977379,0.05347440663425793,11.759880851925907,0.004342761142362583,0.1253731343283582,2824,0.0,0.7854107648725213,0.0,0.0,1.0,21861.620246282975,0.0,-8.138165024150426e-15,2.719663989055342e-13,0.0,0.0,0.0,,,0.0
optimal@10s,0,400,2824,2516,0.8909348441926346,0.10906515580736544,0.0035410764872521247,0.10552407932011332,0.0,256.8994073366251,232.17083676056882,459.8618195995414,230.96922457205528,1006.4,5.839427662957075,251.05997967366798,0.13326426814547368,0.14935320214182254,0.7173825297127038,999,4.153153153153153,0.06394414415538179,0.12862800060247534,0.046511627906976744,5.3321882757271375,0.0035057046566757876,0.06806806806806807,2824,0.0,0.8909348441926346,0.0,0.0,1.0,24657.248826750227,0.0,6.018503130948901e-15,2.713148554083247e-13,0.0,0.0,0.0,,,0.0
optimal@10s,1,400,2824,2488,0.8810198300283286,0.11898016997167139,0.0060198300283286115,0.11296033994334277,0.0,255.8126826062897,230.29751810866196,457.343954064559,228.36314336434359,995.2,5.90032154340836,249.91236106288136,0.1383118587133731,0.1471281547030879,0.714559986583539,1010,4.3801980198019805,0.0669859406044263,0.1251830000455811,0.051260022909507444,6.624802159646916,0.003792996932839789,0.08613861386138613,2824,0.0,0.8810198300283286,0.0,0.0,1.0,24460.495673816044,0.0,4.773959005888173e-15,2.673156444323751e-13,0.0,0.0,0.0,,,0.0
optimal@10s,2,400,2824,2518,0.8916430594900849,0.10835694050991501,0.0056657223796034,0.10269121813031161,0.0,252.74185070062026,223.63785216379824,466.4183049797606,227.94840733490253,1007.2,5.739475774424146,247.00237492619613,0.13846951142937994,0.14718985742861923,0.7143406311420009,999,4.267267267267267,0.06092912911930119,0.11980400000538793,0.04301385681293302,4.178327248710418,0.00257478345801815,0.07507507507507508,2824,0.0,0.8916430594900849,0.0,0.0,1.0,24553.8018768555,0.0,-8.666088762669788e-15,2.743975728835389e-13,0.0,0.0,0.0,,,0.0
optimal@10s,3,400,2824,2511,0.8891643059490085,0.1108356940509915,0.002124645892351275,0.10871104815864023,0.0,250.1864535167466,218.6717386747223,465.13488849845817,224.10520146108007,1004.4,5.3839107925129435,244.8025427242337,0.1413972878216478,0.14609433618357578,0.7125083759947765,993,3.933534743202417,0.06347542798542805,0.1276320002943976,0.04891304347826087,3.739938742402272,0.002922825975410711,0.0634441087613293,2824,0.0,0.8891643059490085,0.0,0.0,1.0,24620.769810715625,0.0,-4.689376901304027e-15,2.7379753404983203e-13,0.0,0.0,0.0,,,0.0
optimal@10s,4,400,2824,2518,0.8916430594900849,0.10835694050991501,0.005311614730878187,0.10304532577903683,0.0,240.0061176262281,213.1171853201031,435.043220472468,216.68767967993182,1007.2,5.652899126290707,234.35321849993738,0.14782717319802824,0.14015354266756308,0.7120192841344087,1000,4.282,0.06093580002197996,0.12214000022140677,0.05312767780634105,5.097579827486647,0.0032128015529383574,0.073,2824,0.0,0.8916430594900849,0.0,0.0,1.0,24449.140968026157,0.0,3.5126786308910633e-15,2.779231262214669e-13,0.0,0.0,0.0,,,0.0
optimal@10s,5,400,2824,2494,0.8831444759206799,0.11685552407932011,0.002124645892351275,0.11473087818696884,0.0,254.3242828689435,228.5802265459397,463.05597574875355,226.32620974390045,997.6,5.489574979951884,248.83470788899163,0.13914311378077587,0.14677048987637803,0.7140863963428461,991,4.022199798183653,0.06278072653956249,0.10721999960878748,0.05136986301369863,5.538975427436234,0.004026288649666479,0.07971745711402624,2824,0.0,0.8831444759206799,0.0,0.0,1.0,24554.93803093084,0.0,1.8554168270399568e-16,2.7130788037632963e-13,0.0,0.0,0.0,,,0.0
optimal@10s,0,450,2824,2651,0.9387393767705382,0.061260623229461755,0.002478753541076487,0.058781869688385266,0.0,206.175090744159,181.13278443963418,390.8416206288375,194.65943551311926,1060.4,5.2987551867219915,200.87633555743702,0.21476170861821756,0.11492129822425039,0.670316993157532,989,3.8473205257836196,0.059578058643296454,0.11481200010166503,0.04372842347525892,2.401444081805862,0.002345140107885502,0.03538928210313448,2824,0.0,0.9387393767705382,0.0,0.0,1.0,25851.101315155654,0.0,-4.133329748713861e-15,2.7087800128180664e-13,0.0,0.0,0.0,,,0.0
optimal@10s,1,450,2824,2633,0.9323654390934845,0.06763456090651558,0.004957507082152974,0.0626770538243626,0.0,205.82459667371108,176.87285853235062,390.27677861786526,194.07365899397527,1053.2,5.559437903532093,200.265158770179,0.2189396564891114,0.11477086531496675,0.6662894781959219,1012,4.149209486166008,0.06887391305279042,0.11850000009872019,0.05527065527065527,2.703573644608263,0.0020185563415251653,0.046442687747035576,2824,0.0,0.9323654390934845,0.0,0.0,1.0,25677.170403262873,0.0,8.153329469563948e-15,2.7064192976427477e-13,0.0,0.0,0.0,,,0.0
optimal@10s,2,450,2824,2645,0.9366147308781869,0.06338526912181303,0.002124645892351275,0.061260623229461755,0.0,211.01408928564595,178.60046070163753,405.988210839066,198.9158174125463,1058.0,5.462759924385633,205.55132936126031,0.21471565220265787,0.1179068693958842,0.6673774784014579,989,3.9453993933265927,0.06647007077193962,0.1302840000425931,0.05324601366742597,3.7713000526188196,0.003412894746997862,0.05055611729019211,2824,0.0,0.9366147308781869,0.0,0.0,1.0,25731.00812481091,0.0,-4.7107035768480936e-15,2.688301167476284e-13,0.0,0.0,0.0,,,0.0
optimal@10s,3,450,2824,2629,0.9309490084985835,0.06905099150141643,0.000708215297450425,0.068342776203966,0.0,205.65133321325322,179.44891402448593,380.63330020798105,192.28773435120112,1051.6,5.2221376949410425,200.42919551831218,0.22035163319482381,0.11461307947123149,0.6650352873339447,987,3.7477203647416415,0.06483627152535427,0.11754200060750009,0.05479840999432141,3.005606340807623,0.0033491349234560865,0.03850050658561297,2824,0.0,0.9309490084985835,0.0,0.0,1.0,25599.04533639032,0.0,-4.862346103284159e-15,2.6974323201952027e-13,0.0,0.0,0.0,,,0.0
optimal@10s,4,450,2824,2623,0.9288243626062322,0.0711756373937677,0.002124645892351275,0.06905099150141643,0.0,204.58898893412598,178.5128964632222,384.1534076921846,191.3091197250997,1049.2,5.105985512771635,199.48300342135437,0.2226180268092017,0.11361110614247429,0.663770867048324,993,3.8167170191339377,0.0615492447285021,0.11861599999974716,0.05,3.434948373291145,0.0034224321394416587,0.04833836858006042,2824,0.0,0.9288243626062322,0.0,0.0,1.0,25540.254340557403,0.0,-7.669554405721631e-16,2.656872476928125e-13,0.0,0.0,0.0,,,0.0
optimal@10s,5,450,2824,2641,0.9351983002832861,0.06480169971671389,0.00141643059490085,0.06338526912181303,0.0,206.7714825955927,182.33087351672475,384.6366910299839,194.2466850033379,1056.4,5.0867095797046575,201.68477301588808,0.2169062421730607,0.1155849808736978,0.6675087769532415,989,3.756319514661274,0.06901324571065166,0.14244000045437133,0.049442697913689625,3.1282475966792624,0.0033440147806896954,0.0455005055611729,2824,0.0,0.9351983002832861,0.0,0.0,1.0,25788.44341724019,0.0,2.3840578634055992e-15,2.664044255505994e-13,0.0,0.0,0.0,,,0.0
optimal@10s,0,500,2824,2703,0.9571529745042493,0.04284702549575071,0.0017705382436260624,0.04107648725212465,0.0,187.38784452348804,163.33007312268364,357.39707442887493,180.09103556524957,1081.2,4.92378838327784,182.4640561402102,0.2857133088898699,0.0974994161190085,0.6167872749911215,989,3.6632962588473204,0.06426349850087357,0.1442319996203878,0.0414985590778098,2.548328703680231,0.0032563604009345614,0.03842264914054601,2824,0.0,0.9571529745042493,0.0,0.0,1.0,26455.58924739004,0.0,-3.4475033096707436e-15,2.661199455809775e-13,0.0,0.0,0.0,,,0.0
optimal@10s,1,500,2824,2684,0.9504249291784702,0.049575070821529746,0.004603399433427762,0.044971671388101986,0.0,188.0024829963766,157.89088136439977,361.3869981102927,180.42681566694856,1073.6,5.493293591654248,182.50918940472235,0.2903881764813996,0.09690588558626712,0.6127059379323333,1015,4.022660098522167,0.06668443350333421,0.1321339996684401,0.05390758699372504,2.4826792990147184,0.0021517038897454033,0.041379310344827586,2824,0.0,0.9504249291784702,0.0,0.0,1.0,26221.86516283662,0.0,1.1774217136957526e-14,2.6832264262770617e-13,0.0,0.0,0.0,,,0.0
optimal@10s,2,500,2824,2692,0.953257790368272,0.046742209631728045,0.0010623229461756375,0.04567988668555241,0.0,189.60963317525488,163.51493714212666,362.3694454234578,181.69900737721846,1076.8,5.1515601783060925,184.4580729969488,0.28896864461406563,0.09785304167392576,0.6131783137120086,990,3.7888888888888888,0.06461777777645931,0.12978499955352168,0.05131128848346636,2.076901913060883,0.0023565181241544807,0.04040404040404041,2824,0.0,0.953257790368272,0.0,0.0,1.0,26262.011909380897,0.0,-5.084033738824438e-15,2.6380262098933387e-13,0.0,0.0,0.0,,,0.0
optimal@10s,3,500,2824,2696,0.9546742209631728,0.0453257790368272,0.0010623229461756375,0.044263456090651555,0.0,181.88440481519703,153.1516765747624,355.5637076697858,174.30822710662312,1078.4,5.065652818991098,176.81875199620592,0.2912805536919617,0.09466867026847704,0.6140507760395613,986,3.693711967545639,0.07841318457850334,0.1590950002082535,0.04859919954259577,1.8117156728453945,0.0023715060142328694,0.033468559837728194,2824,0.0,0.9546742209631728,0.0,0.0,1.0,26259.781924579343,0.0,5.344121946817238e-15,2.660237057015982e-13,0.0,0.0,0.0,,,0.0
optimal@10s,4,500,2824,2679,0.9486543909348442,0.051345609065155805,0.002124645892351275,0.049220963172804534,0.0,185.5184622711016,160.31959732423456,353.98710979507814,177.10587302136028,1071.6,5.1160880925718555,180.40237417852975,0.2942725242307696,0.09501418567879881,0.6107132900904315,993,3.7925478348439072,0.0661954682860653,0.12872400035121245,0.047550845030077345,2.054529830360342,0.0022801979949369413,0.03726082578046324,2824,0.0,0.9486543909348442,0.0,0.0,1.0,26142.071661538317,0.0,6.371639974789306e-15,2.6420981034871834e-13,0.0,0.0,0.0,,,0.0
optimal@10s,5,500,2824,2702,0.9567988668555241,0.04320113314447592,0.0003541076487252125,0.04284702549575071,0.0,183.49221212205612,159.7505943316121,352.09383383923586,176.07361154325156,1080.8,5.024056254626203,178.4681558674299,0.286737422760297,0.09563888836268104,0.6176236888770219,986,3.6430020283975657,0.07929574037281992,0.15937500015752443,0.04337833955759839,2.3747121384551626,0.003214236355410789,0.04158215010141988,2824,0.0,0.9567988668555241,0.0,0.0,1.0,26422.158862558987,0.0,6.773983463147307e-15,2.660572025871648e-13,0.0,0.0,0.0,,,0.0
batched_greedy@10s+aware,0,300,2824,2065,0.7312322946175638,0.2687677053824363,0.18803116147308782,0.08073654390934844,0.0,363.8348990978105,359.1314047060587,561.0013130486833,322.1708207038483,826.0,75.90169491525424,287.93320418255627,0.06141764678852535,0.1498674244509806,0.7887149287604941,1074,31.573556797020483,0.022581936689987418,0.07799700028044752,0.04807364473235595,,,,2824,0.0,0.7312322946175638,0.0,0.0,1.0,20347.226920252408,0.0,-1.3388053108961645e-14,2.727103450245062e-13,0.0,0.0,0.0,,,0.0
batched_greedy@10s+aware,1,300,2824,2077,0.7354815864022662,0.2645184135977337,0.18378186968838528,0.08073654390934844,0.0,365.6620523530722,353.65149852145987,562.1482444695636,323.7265311889049,830.8,73.53827636013482,292.12377599293745,0.06618433236799916,0.15407307760724254,0.7797425900247583,1096,30.656934306569344,0.02493047444672446,0.08932499995353262,0.05229202037351443,,,,2824,0.0,0.7354815864022662,0.0,0.0,1.0,20089.128273066563,0.0,1.424549239069344e-14,2.781991189066208e-13,0.0,0.0,0.0,,,0.0
batched_greedy@10s+aware,2,300,2824,2066,0.7315864022662889,0.26841359773371104,0.1820113314447592,0.08640226628895184,0.0,362.4837843470799,355.7276582728059,562.9991559206785,321.12300768477905,826.4,67.91190706679573,294.5718772802842,0.06815442443880486,0.15566824132206403,0.7761773342391312,1080,30.253703703703703,0.025411481475303945,0.08921900002860653,0.04602795772246846,,,,2824,0.0,0.7315864022662889,0.0,0.0,1.0,20117.22439863685,0.0,2.96503705744035e-15,2.708088674250337e-13,0.0,0.0,0.0,,,0.0
batched_greedy@10s+aware,3,300,2824,2073,0.7340651558073654,0.2659348441926346,0.18803116147308782,0.07790368271954674,0.0,363.84777590500363,352.9450895831833,565.2419338051659,322.6436769835968,829.2,74.09454896285577,289.75322694214776,0.07171844542021089,0.15137137581801918,0.7769101787617699,1058,31.79867674858223,0.025634782603632774,0.10731999976997056,0.046853625170998635,,,,2824,0.0,0.7340651558073654,0.0,0.0,1.0,20073.480784137057,0.0,-4.471312102262666e-15,2.739942592369658e-13,0.0,0.0,0.0,,,0.0
batched_greedy@10s+aware,4,300,2824,2079,0.7361898016997167,0.2638101983002833,0.1788243626062323,0.08498583569405099,0.0,361.74924797925144,351.30015705795404,556.8467294296617,319.7088045739015,831.6,67.27561327561328,294.4736347036382,0.06705829386751308,0.15722648953596552,0.7757152165965214,1080,29.48425925925926,0.023363333329379437,0.06890399970870939,0.044897959183673466,,,,2824,0.0,0.7361898016997167,0.0,0.0,1.0,20036.065820933814,0.0,-9.116752032900756e-15,2.705923775358456e-13,0.0,0.0,0.0,,,0.0
batched_greedy@10s+aware,5,300,2824,2070,0.7330028328611898,0.2669971671388102,0.18059490084985835,0.08640226628895184,0.0,368.1358944395925,355.4916224883009,564.7558111700469,324.08737194882025,828.0,74.68840579710145,293.447488642491,0.0673153453045312,0.15289359789329515,0.7797910568021736,1063,31.42521166509878,0.023121636882781377,0.07861400003093873,0.055218855218855216,,,,2824,0.0,0.7330028328611898,0.0,0.0,1.0,20124.072067736975,0.0,4.652424446767371e-15,2.716611691370426e-13,0.0,0.0,0.0,,,0.0
batched_greedy@10s+aware,0,350,2824,2341,0.8289660056657224,0.17103399433427763,0.07719546742209632,0.09383852691218131,0.0,326.6406718546026,318.3403412539865,521.6905748868685,295.6185789841953,936.4,38.44297308842375,288.19769876617886,0.08672432295379813,0.15999145853432484,0.7532842185118771,1058,17.15406427221172,0.024440737238768846,0.0766719996590837,0.053832116788321165,,,,2824,0.0,0.8289660056657224,0.0,0.0,1.0,22885.511849746854,0.0,-9.05365298133451e-15,2.768699883247607e-13,0.0,0.0,0.0,,,0.0
batched_greedy@10s+aware,1,350,2824,2329,0.8247167138810199,0.17528328611898017,0.07436260623229461,0.10092067988668556,0.0,318.9093581433754,307.2363300686502,522.9888129813888,286.12861569326293,931.6,34.81107771575783,284.09828042761757,0.0898940774630393,0.15952112561571263,0.750584796921248,1069,15.969130028063612,0.02249803553731687,0.0951080000959334,0.048884815154292695,,,,2824,0.0,0.8247167138810199,0.0,0.0,1.0,22678.259145686392,0.0,1.3122082972718595e-14,2.737599279465488e-13,0.0,0.0,0.0,,,0.0
batched_greedy@10s+aware,2,350,2824,2340,0.8286118980169972,0.17138810198300283,0.07967422096317281,0.09171388101983002,0.0,315.0785381143102,304.2429540327703,522.5229115879055,287.28557700311194,936.0,35.4008547008547,279.6776834134555,0.09504738699241272,0.15633350014388814,0.7486191128636991,1065,16.930516431924882,0.02728112676222437,0.0934959995720418,0.04910988336402701,,,,2824,0.0,0.8286118980169972,0.0,0.0,1.0,22701.679755223064,0.0,5.950795411990839e-15,2.7031596334545143e-13,0.0,0.0,0.0,,,0.0
batched_greedy@10s+aware,3,350,2824,2346,0.8307365439093485,0.16926345609065155,0.07330028328611898,0.09596317280453258,0.0,320.63822172163026,307.0384385771804,525.0269363474422,290.46744170295364,938.4,37.01747655583973,283.62074516579054,0.08789457029380071,0.15853493927645035,0.753570490429749,1041,16.969260326609028,0.025659366001072072,0.08779999971011411,0.05366889023650697,,,,2824,0.0,0.8307365439093485,0.0,0.0,1.0,22806.834104921174,0.0,5.87537975077845e-15,2.7362142105930547e-13,0.0,0.0,0.0,,,0.0
batched_greedy@10s+aware,4,350,2824,2336,0.8271954674220963,0.17280453257790368,0.08604815864022664,0.08675637393767706,0.0,319.4125467211836,308.26804920078143,520.2766030773805,289.14703892139556,934.4,36.28638698630137,283.12615973488226,0.09548924443624558,0.15843141311350348,0.7460793424502509,1073,16.924510717614165,0.024393103446509877,0.07893200032413,0.05149552883132902,,,,2824,0.0,0.8271954674220963,0.0,0.0,1.0,22626.144804371732,0.0,3.0816293200640047e-15,2.7867624494175843e-13,0.0,0.0,0.0,,,0.0
batched_greedy@10s+aware,5,350,2824,2344,0.830028328611898,0.16997167138810199,0.07365439093484419,0.09631728045325778,0.0,321.62317907759217,311.3678248247097,525.1104478577372,290.11902769010914,937.6,35.2141638225256,286.40901525506655,0.08763387773744716,0.16059763515769016,0.7517684871048627,1059,16.19830028328612,0.02416421149142416,0.07170400011091269,0.04474410052099295,,,,2824,0.0,0.830028328611898,0.0,0.0,1.0,22655.34265465271,0.0,-1.1109429644704766e-14,2.742360756379475e-13,0.0,0.0,0.0,,,0.0
batched_greedy@10s+aware,0,400,2824,2548,0.9022662889518414,0.09773371104815864,0.03293201133144476,0.06480169971671389,0.0,257.71508926695924,238.0243469647212,457.2384026482391,242.5029523592731,1019.2,17.5914442700157,240.1236449969435,0.1366079294554695,0.13855002315648599,0.7248420473880445,1041,9.0835734870317,0.030844092195630824,0.1146399996287069,0.04905992949471211,,,,2824,0.0,0.9022662889518414,0.0,0.0,1.0,24954.907256349466,0.0,-7.23248427831556e-15,2.773603778186746e-13,0.0,0.0,0.0,,,0.0
batched_greedy@10s+aware,1,400,2824,2547,0.9019121813031161,0.09808781869688385,0.03293201133144476,0.06515580736543909,0.0,259.0368565897291,241.15026094526684,450.8048281912657,244.25407197039243,1018.8,17.204161758932077,241.8326948307971,0.13957294592985192,0.1397993653459357,0.7206276887242123,1082,8.913123844731977,0.02733428833084578,0.0996129996474339,0.052153530618224433,,,,2824,0.0,0.9019121813031161,0.0,0.0,1.0,24781.967934224427,0.0,4.645413748737816e-15,2.765158864870525e-13,0.0,0.0,0.0,,,0.0
batched_greedy@10s+aware,2,400,2824,2557,0.9054532577903682,0.09454674220963173,0.034702549575070823,0.05984419263456091,0.0,253.96484933208043,230.21176921095366,466.5570727013708,241.90415205825119,1022.8,15.165428236214314,238.79942109586614,0.14259758722683546,0.13876992120391468,0.7186324915692499,1061,8.896324222431668,0.029207634318710596,0.09787999988475364,0.046058458813108945,,,,2824,0.0,0.9054532577903682,0.0,0.0,1.0,24772.98926742464,0.0,-7.74681236032931e-15,2.6949337473287905e-13,0.0,0.0,0.0,,,0.0
batched_greedy@10s+aware,3,400,2824,2549,0.9026203966005666,0.09737960339943343,0.028328611898016998,0.06905099150141643,0.0,254.9785450252689,234.6305017543409,459.30634283772525,238.77107361861997,1019.6,16.03099254609651,238.9475524791724,0.14055321572023557,0.13795395099256774,0.7214928332871967,1028,8.400778210116732,0.028302723748265105,0.08880599966687446,0.05495783658040128,,,,2824,0.0,0.9026203966005666,0.0,0.0,1.0,24875.40560617976,0.0,4.408661222148228e-15,2.677945045872506e-13,0.0,0.0,0.0,,,0.0
batched_greedy@10s+aware,4,400,2824,2540,0.8994334277620396,0.10056657223796034,0.037889518413597736,0.0626770538243626,0.0,251.7536692914221,233.45325512557042,447.2346834643319,238.45148950178395,1016.0,16.357086614173227,235.3965826772489,0.14712967734292784,0.13588955364693167,0.7169807690101405,1071,9.247432306255835,0.026057329591715903,0.07485000005544855,0.046800947867298576,,,,2824,0.0,0.8994334277620396,0.0,0.0,1.0,24656.608151544213,0.0,1.7716362060671987e-15,2.781846494192146e-13,0.0,0.0,0.0,,,0.0
batched_greedy@10s+aware,5,400,2824,2535,0.8976628895184136,0.1023371104815864,0.031161473087818695,0.0711756373937677,0.0,247.5876724679197,224.68292603503778,453.2749750363404,232.88144999393452,1014.0,15.468639053254439,232.11903341466527,0.14732766877309278,0.13444069951597334,0.718231631710934,1037,8.882352941176471,0.02967213115397189,0.1095880003776995,0.048206937095825984,,,,2824,0.0,0.8976628895184136,0.0,0.0,1.0,24760.149489184532,0.0,3.6893565126005204e-16,2.720968749459784e-13,0.0,0.0,0.0,,,0.0
batched_greedy@10s+aware,0,450,2824,2652,0.9390934844192634,0.060906515580736544,0.0169971671388102,0.043909348441926344,0.0,207.9951965647814,180.40746392318306,402.5808256184092,201.03366523634404,1060.8,10.2526395173454,197.74255704743604,0.21660330765468272,0.11102004676608633,0.6723766455792309,1032,6.27906976744186,0.03346734495100336,0.10982999982843425,0.05007235890014472,,,,2824,0.0,0.9390934844192634,0.0,0.0,1.0,25972.698603363773,0.0,-5.475425710285576e-15,2.7226017652872564e-13,0.0,0.0,0.0,,,0.0
batched_greedy@10s+aware,1,450,2824,2630,0.9313031161473088,0.06869688385269122,0.02301699716713881,0.04567988668555241,0.0,211.36146931049234,182.44015058653122,408.5694403916127,204.33135645916556,1052.0,10.595057034220533,200.76641227627184,0.2214585930278185,0.11138657954991663,0.6671548274222648,1063,6.640639698965193,0.03464807149794411,0.09820799934459482,0.05227998838222481,,,,2824,0.0,0.9313031161473088,0.0,0.0,1.0,25706.965438093066,0.0,1.035437050844703e-14,2.6937488994791434e-13,0.0,0.0,0.0,,,0.0
batched_greedy@10s+aware,2,450,2824,2659,0.94157223796034,0.058427762039660054,0.02018413597733711,0.03824362606232295,0.0,213.74311614532414,186.48965938549782,408.9891036810562,208.26216947012566,1063.6,10.947724708537043,202.7953914367871,0.21997359274949035,0.11334429437669637,0.6666821128738132,1051,6.675547098001903,0.03464881064100337,0.1038999998854706,0.0501885697708152,,,,2824,0.0,0.94157223796034,0.0,0.0,1.0,25779.87842881913,0.0,-3.1428622606086795e-15,2.7277799759059497e-13,0.0,0.0,0.0,,,0.0
batched_greedy@10s+aware,3,450,2824,2649,0.9380311614730878,0.06196883852691218,0.01451841359773371,0.04745042492917847,0.0,213.51508391941113,188.52981950410503,404.0185773878722,204.98252912763363,1059.6,9.10419026047565,204.41089365893546,0.21650229529011722,0.11411516353721159,0.6693825411726712,1015,5.730049261083744,0.033473399030456145,0.10885599971516065,0.04885805145995953,,,,2824,0.0,0.9380311614730878,0.0,0.0,1.0,25847.47434985295,0.0,7.716490086896388e-15,2.6575629411548625e-13,0.0,0.0,0.0,,,0.0
batched_greedy@10s+aware,4,450,2824,2635,0.9330736543909348,0.06692634560906516,0.022308781869688384,0.04461756373937677,0.0,216.04810271660756,191.0074360298786,414.7124227342647,208.29608643074,1054.0,11.110056925996204,204.93804579061134,0.2232620801121928,0.11289665966757895,0.6638412602202283,1063,6.692380056444026,0.032074223910158316,0.10424400019473934,0.04924242424242424,,,,2824,0.0,0.9330736543909348,0.0,0.0,1.0,25588.23363545908,0.0,5.2672182449502875e-15,2.678801730301062e-13,0.0,0.0,0.0,,,0.0
batched_greedy@10s+aware,5,450,2824,2639,0.9344900849858357,0.06550991501416431,0.01593484419263456,0.049575070821529746,0.0,206.96385106824584,180.53207194378956,402.4667003685713,198.52622524994013,1055.6,8.331186055323986,198.63266501292188,0.22448124281589307,0.11167341793502894,0.6638453392490781,1041,5.643611911623439,0.038822382316735585,0.10510000047361236,0.047038327526132406,,,,2824,0.0,0.9344900849858357,0.0,0.0,1.0,25656.94581792571,0.0,1.8571309283460747e-15,2.6762575987586384e-13,0.0,0.0,0.0,,,0.0
batched_greedy@10s+aware,0,500,2824,2697,0.955028328611898,0.044971671388101986,0.010269121813031162,0.034702549575070823,0.0,188.46702825058648,161.06090336188117,368.2490617220883,183.85355275337756,1078.8,8.332962550982574,180.1340656996039,0.2903888348009185,0.09457901005868423,0.6150321551403973,1023,5.363636363636363,0.03562658848225751,0.10244600001897196,0.047055427251732104,,,,2824,0.0,0.955028328611898,0.0,0.0,1.0,26333.57663376902,0.0,5.6966543705696925e-15,2.704142064144053e-13,0.0,0.0,0.0,,,0.0
batched_greedy@10s+aware,1,500,2824,2684,0.9504249291784702,0.049575070821529746,0.014872521246458924,0.034702549575070823,0.0,189.38742478264342,155.9542401358135,383.2427192177683,185.27101889843954,1073.6,8.944858420268256,180.44256636237517,0.29561870699400467,0.09384145756054452,0.6105398354454509,1039,5.781520692974014,0.03567978826339167,0.11394199987989806,0.051644547028274666,,,,2824,0.0,0.9504249291784702,0.0,0.0,1.0,26106.029196210166,0.0,5.8387431336224675e-15,2.714757752924277e-13,0.0,0.0,0.0,,,0.0
batched_greedy@10s+aware,2,500,2824,2696,0.9546742209631728,0.0453257790368272,0.012039660056657223,0.03328611898016997,0.0,193.3800806063694,166.52044265552922,374.2720898808907,189.16178854726456,1078.4,8.09347181008902,185.2866087962804,0.28872281284150547,0.09678277636145599,0.6144944107970385,1044,5.330459770114943,0.03555613027950538,0.11531299987836968,0.05122302158273381,,,,2824,0.0,0.9546742209631728,0.0,0.0,1.0,26272.43694350582,0.0,5.612062084418262e-16,2.663271845064934e-13,0.0,0.0,0.0,,,0.0
batched_greedy@10s+aware,3,500,2824,2702,0.9567988668555241,0.04320113314447592,0.009560906515580737,0.03364022662889518,0.0,185.23704439954514,156.60669566443494,360.68792248298837,179.89087594777138,1080.8,7.175055514433753,178.0619888851114,0.2896888557035914,0.09360668557647338,0.6167044587199353,1016,4.699803149606299,0.035645472431805124,0.11889500015058731,0.04563835932986713,,,,2824,0.0,0.9567988668555241,0.0,0.0,1.0,26377.72157532286,0.0,1.9513957026461117e-15,2.6858374065795267e-13,0.0,0.0,0.0,,,0.0
batched_greedy@10s+aware,4,500,2824,2686,0.9511331444759207,0.04886685552407932,0.012039660056657223,0.036827195467422094,0.0,188.81938705327923,158.71710847284794,375.7123852660998,183.73912529936584,1074.4,7.896128071481757,180.9232589817975,0.2925015966100451,0.0945773639486705,0.6129210394412844,1052,5.236692015209125,0.036831653999074954,0.09845000015957343,0.04989904816844534,,,,2824,0.0,0.9511331444759207,0.0,0.0,1.0,26189.912431546527,0.0,-3.3475332210849658e-15,2.651488691881735e-13,0.0,0.0,0.0,,,0.0
batched_greedy@10s+aware,5,500,2824,2706,0.9582152974504249,0.04178470254957507,0.0113314447592068,0.030453257790368272,0.0,183.61938449009847,160.27951041946017,360.24587024908806,179.52704254107928,1082.4,6.961566888396157,176.6578176017023,0.2909592873143213,0.09378763371216549,0.6152530789735132,1024,4.970703125,0.0355218749970021,0.11651799995888718,0.04434782608695652,,,,2824,0.0,0.9582152974504249,0.0,0.0,1.0,26307.277855306318,0.0,1.0019311487069426e-14,2.6774552436373154e-13,0.0,0.0,0.0,,,0.0
optimal@10s+aware,0,300,2824,2061,0.7298158640226629,0.2701841359773371,0.18661473087818697,0.08356940509915015,0.0,364.13987758450224,355.23519138084976,562.166015730445,321.02486178445474,824.4,70.54876273653566,293.5911148479666,0.06091878324787158,0.154564563588368,0.7845166531637604,1082,30.082255083179298,0.0616913123751866,0.12321400039581934,0.051238547675602306,9.041013742842088,0.0003525137077382387,0.059149722735674676,2824,0.0,0.7298158640226629,0.0,0.0,1.0,20193.34532743125,0.0,-3.0467838075108615e-16,2.731103391313417e-13,0.0,0.0,0.0,,,0.0
optimal@10s+aware,1,300,2824,2057,0.728399433427762,0.27160056657223797,0.17988668555240794,0.09171388101983002,0.0,367.60662718756834,356.64106545908544,567.0117834722996,320.17820131059506,822.8,70.18230432668935,297.42432286087893,0.06348316263392793,0.15708096876354796,0.7794358686025241,1103,29.112420670897553,0.05824768812325867,0.11849200009237394,0.05298683766452919,7.719657168899816,0.00031103696747604415,0.05258386219401632,2824,0.0,0.728399433427762,0.0,0.0,1.0,20049.91067083836,0.0,4.060922721088808e-15,2.7195574156499075e-13,0.0,0.0,0.0,,,0.0
optimal@10s+aware,2,300,2824,2074,0.7344192634560907,0.26558073654390935,0.181657223796034,0.08392351274787535,0.0,366.1196168598343,358.87615414263973,561.0558001096914,323.07829965900095,829.6,70.48071359691417,295.6389032629201,0.07015576562708158,0.1555046850326975,0.774339549340221,1087,30.068077276908923,0.06165243790803795,0.11615599993092478,0.047942876572594356,7.255050792676378,0.0002827864111623033,0.05887764489420423,2824,0.0,0.7344192634560907,0.0,0.0,1.0,20088.414283464186,0.0,1.610369397030063e-14,2.7507665062512035e-13,0.0,0.0,0.0,,,0.0
optimal@10s+aware,3,300,2824,2080,0.7365439093484419,0.26345609065155806,0.18661473087818697,0.0768413597733711,0.0,361.9557916600799,353.9095696504794,560.6242215544175,322.7370890450476,832.0,69.22740384615385,292.728387813926,0.06858120685102691,0.15453520007775562,0.7768835930712175,1061,30.966069745523093,0.06410094251749558,0.12812000004487367,0.0467896174863388,5.775693828352995,0.00021869036139228,0.046182846371347785,2824,0.0,0.7365439093484419,0.0,0.0,1.0,20042.289094689477,0.0,2.7157763217753827e-15,2.7352137648834356e-13,0.0,0.0,0.0,,,0.0
optimal@10s+aware,4,300,2824,2081,0.7368980169971672,0.2631019830028329,0.17988668555240794,0.08321529745042493,0.0,361.2399348820207,351.21473070650336,556.8488030692206,320.10188540005316,832.4,68.45843344545891,292.7815014365618,0.06757777615729631,0.1561644282413341,0.7762577956013696,1116,28.869175627240143,0.056735663092303996,0.11618000053204007,0.04752206381534284,6.571213282063682,0.00026720219094138203,0.05017921146953405,2824,0.0,0.7368980169971672,0.0,0.0,1.0,20032.659093947856,0.0,-1.0221094086967131e-14,2.750237434341022e-13,0.0,0.0,0.0,,,0.0
optimal@10s+aware,5,300,2824,2069,0.7326487252124646,0.2673512747875354,0.18944759206798867,0.07790368271954674,0.0,370.02283147910066,361.3993792348283,568.5735642884646,327.8673891158163,827.6,77.12083131947801,292.9020001596226,0.06468568569687776,0.15208561814578508,0.7832286961573371,1069,32.3666978484565,0.06730411597550705,0.13636399940878619,0.05470608222901801,5.506353922232983,0.0001989794669009236,0.04677268475210477,2824,0.0,0.7326487252124646,0.0,0.0,1.0,20155.397536254564,0.0,-3.80040770884737e-15,2.74787120719916e-13,0.0,0.0,0.0,,,0.0
optimal@10s+aware,0,350,2824,2321,0.8218838526912181,0.17811614730878186,0.0881728045325779,0.08994334277620397,0.0,331.9594514307029,325.16258977661255,526.6403615347162,299.84283667780886,928.4,41.51831107281344,290.4411403578895,0.08479257081074716,0.1579264498741129,0.7572809793151399,1061,18.27709707822809,0.058484260130724504,0.11498000003484787,0.04938271604938271,9.709936570001586,0.0006553488831982342,0.06786050895381715,2824,0.0,0.8218838526912181,0.0,0.0,1.0,22848.405004576674,0.0,-4.948313289591693e-15,2.79627726019911e-13,0.0,0.0,0.0,,,0.0
optimal@10s+aware,1,350,2824,2311,0.818342776203966,0.181657223796034,0.07577903682719547,0.10587818696883852,0.0,326.36703719777086,316.15120354890496,527.5204011628966,292.0887056218605,924.4,35.89528342708784,290.471753770683,0.08871183488201914,0.1612687031700219,0.7500194619479589,1079,16.48100092678406,0.05875106580198236,0.11511000056998456,0.047764849969381504,7.550474181932413,0.0005707205742259098,0.0639481000926784,2824,0.0,0.818342776203966,0.0,0.0,1.0,22563.49365804188,0.0,-1.2294603048986156e-15,2.7953253923795405e-13,0.0,0.0,0.0,,,0.0
optimal@10s+aware,2,350,2824,2342,0.8293201133144475,0.1706798866855524,0.08179886685552408,0.08888101983002833,0.0,321.19144827283975,306.54582972883077,523.1975668917291,293.5495774822326,936.8,36.96584116140051,284.2256071114393,0.0925687410013205,0.15836395029482658,0.749067308703853,1069,17.471468662301216,0.05905668848447295,0.10834800024895222,0.05269607843137255,7.351497077380589,0.0005223924254857846,0.06641721234798878,2824,0.0,0.8293201133144475,0.0,0.0,1.0,22709.167808116745,0.0,-1.964838767065051e-15,2.7530231628871523e-13,0.0,0.0,0.0,,,0.0
optimal@10s+aware,3,350,2824,2360,0.8356940509915014,0.1643059490084986,0.07896600566572239,0.0853399433427762,0.0,320.6640822555,307.35636694829554,522.7579949685987,292.6212080615218,944.0,35.7478813559322,284.91620089956774,0.08603083038031013,0.1589210604885999,0.75504810913109,1039,16.889316650625602,0.06272694899769939,0.13082400004350345,0.06306578153289076,7.562025318680529,0.0005618334222295066,0.068334937439846,2824,0.0,0.8356940509915014,0.0,0.0,1.0,22896.72576047583,0.0,4.316321311669804e-15,2.7145705645661093e-13,0.0,0.0,0.0,,,0.0
optimal@10s+aware,4,350,2824,2317,0.8204674220963173,0.1795325779036827,0.07471671388101983,0.1048158640226629,0.0,318.4172072573493,309.429127490861,512.8711384102368,285.4267919057431,926.8,32.92188174363401,285.4953255137153,0.09460246955580966,0.15955633951124215,0.7458411909329482,1075,15.922790697674419,0.05917581395404468,0.11971600059041519,0.04808575803981623,8.868434514953382,0.0006982318149894665,0.06325581395348837,2824,0.0,0.8204674220963173,0.0,0.0,1.0,22496.431760744632,0.0,-2.3268204607594996e-16,2.78796407626017e-13,0.0,0.0,0.0,,,0.0
optimal@10s+aware,5,350,2824,2340,0.8286118980169972,0.17138810198300283,0.08073654390934844,0.0906515580736544,0.0,337.3521380681972,329.35429694305276,530.4123680013242,305.05193767801507,936.0,43.097863247863245,294.25427482033393,0.08431839699004269,0.16202286106284622,0.753658741947111,1053,18.62108262108262,0.05574055079513686,0.10669599982065847,0.05748175182481752,7.40092524470455,0.000489965912098658,0.060778727445394115,2824,0.0,0.8286118980169972,0.0,0.0,1.0,22741.304455567013,0.0,2.3369720214075517e-15,2.7314257218797574e-13,0.0,0.0,0.0,,,0.0
optimal@10s+aware,0,400,2824,2556,0.9050991501416431,0.09490084985835694,0.03328611898016997,0.06161473087818697,0.0,262.13737306336225,245.761062207147,458.9991253202252,248.2418630906231,1022.4,19.00586854460094,243.13150451876132,0.13065144602234766,0.14009603926411085,0.7292525147135415,1044,9.689655172413794,0.06170775861628987,0.11670900001263339,0.047675103001765744,7.442699800365519,0.0011041136102425955,0.06226053639846743,2824,0.0,0.9050991501416431,0.0,0.0,1.0,25089.85994004986,0.0,5.35478460390412e-15,2.7095557583399487e-13,0.0,0.0,0.0,,,0.0
optimal@10s+aware,1,400,2824,2545,0.9012039660056658,0.09879603399433427,0.03186968838526912,0.06692634560906516,0.0,256.7669718464746,239.1394986773921,459.7004613058117,241.83489043834123,1018.0,16.29901768172888,240.46795416474572,0.13755404244260683,0.13919378820435707,0.723252169353036,1062,8.788135593220339,0.06313596985101796,0.14734599993971656,0.04427390791027155,7.256414053402153,0.0012144745308180405,0.06120527306967985,2824,0.0,0.9012039660056658,0.0,0.0,1.0,24804.245316035795,0.0,1.1792357092993018e-15,2.7341412260195075e-13,0.0,0.0,0.0,,,0.0
optimal@10s+aware,2,400,2824,2552,0.9036827195467422,0.09631728045325778,0.036827195467422094,0.059490084985835696,0.0,259.0108168609185,241.7086592575747,461.64385235048246,246.64061060744044,1020.8,16.16653605015674,242.84428081076175,0.13800796338574084,0.1410781016751639,0.7209139349390952,1068,9.22940074906367,0.0624806179542346,0.1311539995367636,0.047267355982274745,6.844700180920492,0.0010727201352092467,0.06554307116104868,2824,0.0,0.9036827195467422,0.0,0.0,1.0,24847.567115020767,0.0,-6.6468948074619285e-15,2.681211226569001e-13,0.0,0.0,0.0,,,0.0
optimal@10s+aware,3,400,2824,2545,0.9012039660056658,0.09879603399433427,0.028328611898016998,0.07046742209631728,0.0,261.42628945829495,245.87637809479747,461.7759825576762,244.09492426910495,1018.0,16.0385068762279,245.38778258206705,0.13976325952444527,0.1408825767151454,0.7193541637604093,1027,8.369036027263876,0.06088354430149401,0.11989999984507449,0.05413271245634459,8.398521588052306,0.0015225380376569489,0.07010710808179163,2824,0.0,0.9012039660056658,0.0,0.0,1.0,24821.870515557035,0.0,2.081897195568211e-15,2.7250832020967894e-13,0.0,0.0,0.0,,,0.0
optimal@10s+aware,4,400,2824,2541,0.8997875354107648,0.10021246458923513,0.037535410764872525,0.0626770538243626,0.0,254.6005362253056,241.6276168184895,450.5358767089333,240.01348181572942,1016.4,14.9366391184573,239.6638971068483,0.14136478002254327,0.1392882449635493,0.7193469750139074,1059,8.718602455146364,0.056930122743587976,0.11510999966048989,0.05156157925751326,5.434754699911759,0.0009220877163144569,0.05004721435316336,2824,0.0,0.8997875354107648,0.0,0.0,1.0,24670.34357317273,0.0,-1.3063143640394699e-14,2.759356432183473e-13,0.0,0.0,0.0,,,0.0
optimal@10s+aware,5,400,2824,2539,0.8990793201133145,0.10092067988668556,0.02726628895184136,0.07365439093484419,0.0,261.7413722691713,242.99123477273133,464.16756125051313,244.99753465570643,1015.6,17.0842851516345,244.6570871175368,0.13831499104209466,0.1411588705458982,0.7205261384120071,1035,9.040579710144927,0.06703275363785603,0.12586600010763505,0.04916593503072871,8.329779003523875,0.0013536870633981627,0.06376811594202898,2824,0.0,0.8990793201133145,0.0,0.0,1.0,24826.756869410292,0.0,-8.287099945922003e-16,2.70899315408253e-13,0.0,0.0,0.0,,,0.0
optimal@10s+aware,0,450,2824,2658,0.9412181303116147,0.058781869688385266,0.016288951841359773,0.042492917847025496,0.0,208.6097898006886,185.32648147788404,391.6931120711777,201.6008346309686,1063.2,9.169676448457487,199.4401133522311,0.21414938170818207,0.11303819035664985,0.672812427935168,1028,5.906614785992218,0.06394182879439576,0.12278399987735612,0.04976851851851852,4.808907961266527,0.0015689041213481473,0.04474708171206226,2824,0.0,0.9412181303116147,0.0,0.0,1.0,25947.002817615623,0.0,-7.770391637210952e-15,2.7479030672008215e-13,0.0,0.0,0.0,,,0.0
optimal@10s+aware,1,450,2824,2635,0.9330736543909348,0.06692634560906516,0.02301699716713881,0.043909348441926344,0.0,210.2470330104324,182.33282246091403,402.43794066797994,203.57587318415148,1054.0,10.831878557874763,199.4151544525576,0.22287902326088627,0.11136600643636703,0.6657549703027467,1053,6.744539411206078,0.06680113959736664,0.1271440000346047,0.056663775657704536,5.292967804429041,0.0013630986823107362,0.04938271604938271,2824,0.0,0.9330736543909348,0.0,0.0,1.0,25671.751600524607,0.0,1.9218529361226637e-14,2.716661388783308e-13,0.0,0.0,0.0,,,0.0
optimal@10s+aware,2,450,2824,2647,0.9373229461756374,0.0626770538243626,0.02018413597733711,0.042492917847025496,0.0,212.71400132962222,184.9384951047432,410.06779350444344,206.67583923404686,1058.8,10.578768417075935,202.1352329125463,0.22261288417483205,0.11315348723052182,0.6642336285946462,1057,6.6092715231788075,0.06640132449091056,0.13683199951628938,0.052662037037037035,4.5551112113429895,0.0012073329883727116,0.05203405865657521,2824,0.0,0.9373229461756374,0.0,0.0,1.0,25682.684061161635,0.0,8.025314451521627e-15,2.673995852429973e-13,0.0,0.0,0.0,,,0.0
optimal@10s+aware,3,450,2824,2647,0.9373229461756374,0.0626770538243626,0.01451841359773371,0.04815864022662889,0.0,213.41309427679306,188.0097392070802,402.30920111091694,204.57911010135996,1058.8,8.526256139025312,204.88683813776774,0.21474858109417316,0.11537103549289102,0.6698803834129359,1007,5.5799404170804365,0.06398639521836734,0.1339400007782387,0.049407685639988444,5.215075122359741,0.0018989802813963131,0.05362462760675273,2824,0.0,0.9373229461756374,0.0,0.0,1.0,25823.546227742772,0.0,1.4473583730171855e-15,2.685417685979876e-13,0.0,0.0,0.0,,,0.0
optimal@10s+aware,4,450,2824,2645,0.9366147308781869,0.06338526912181303,0.018767705382436262,0.04461756373937677,0.0,215.28705392471284,191.39788018545005,407.6819396152197,208.03068881622227,1058.0,10.705103969754253,204.58194995495853,0.21988832627194704,0.11373826438475065,0.6663734093433022,1062,6.528248587570621,0.06185338981951385,0.12587800008986963,0.04992743105950653,6.384872286956364,0.0017092752149254948,0.051789077212806026,2824,0.0,0.9366147308781869,0.0,0.0,1.0,25737.709556665774,0.0,1.233543827889758e-15,2.7127269135061466e-13,0.0,0.0,0.0,,,0.0
optimal@10s+aware,5,450,2824,2644,0.9362606232294618,0.06373937677053824,0.01593484419263456,0.04780453257790368,0.0,206.2572734244809,184.18992434283064,388.04374030646966,198.19095165734305,1057.6,8.18267776096823,198.07459566351267,0.22109343121077935,0.11096125581618005,0.6679453129730406,1028,5.671206225680934,0.06168978598794171,0.1207440003418015,0.050347222222222224,4.850830318386407,0.0016998739083566178,0.047665369649805445,2824,0.0,0.9362606232294618,0.0,0.0,1.0,25792.942210089743,0.0,3.7085816011684505e-16,2.7344641931506686e-13,0.0,0.0,0.0,,,0.0
optimal@10s+aware,0,500,2824,2706,0.9582152974504249,0.04178470254957507,0.010269121813031162,0.03151558073654391,0.0,187.21461249159486,158.79616113268457,361.4789095132187,183.11772325793066,1082.4,8.34220251293422,178.87240997866064,0.28508399624917324,0.09467991002818095,0.6202360937226458,1027,5.314508276533593,0.06441879260904422,0.12320000041654566,0.047330447330447334,4.409208050742409,0.0018146900916149668,0.042843232716650435,2824,0.0,0.9582152974504249,0.0,0.0,1.0,26497.235215579298,0.0,3.1694077435617527e-15,2.710305700819757e-13,0.0,0.0,0.0,,,0.0
optimal@10s+aware,1,500,2824,2687,0.9514872521246459,0.04851274787535411,0.013810198300283285,0.034702549575070823,0.0,189.75668097444878,159.55421114913588,373.71209049507195,185.40020420661392,1074.8,8.569036099739487,181.1876448747093,0.2919038116913105,0.0941826383974766,0.6139135499112129,1040,5.5673076923076925,0.07142230768802339,0.14256099994781835,0.05296488198042602,3.389180811038779,0.0012552569184459015,0.03461538461538462,2824,0.0,0.9514872521246459,0.0,0.0,1.0,26264.759950282074,0.0,-2.7362018700498483e-15,2.6967133401659766e-13,0.0,0.0,0.0,,,0.0
optimal@10s+aware,2,500,2824,2702,0.9567988668555241,0.04320113314447592,0.010623229461756374,0.032577903682719546,0.0,191.77097417150435,166.53986253510357,368.91234682272324,187.45730500471407,1080.8,7.508882309400444,184.2620918621039,0.28918896979890435,0.09638632901877482,0.6144247011823208,1041,5.04418828049952,0.06625341016383314,0.13171999980841054,0.049798503166378814,5.46905637926284,0.0024492483647237002,0.05187319884726225,2824,0.0,0.9567988668555241,0.0,0.0,1.0,26343.320697314637,0.0,7.320897732920555e-15,2.710799756391528e-13,0.0,0.0,0.0,,,0.0
optimal@10s+aware,3,500,2824,2703,0.9571529745042493,0.04284702549575071,0.0084985835694051,0.03434844192634561,0.0,185.5939679062306,157.55341688793305,366.7551717351949,180.07488483719052,1081.2,7.225305216426193,178.3686626898044,0.2907233709956756,0.09407858593017608,0.6151980430741484,1015,4.658128078817734,0.07338009852838727,0.14860799947200587,0.05297823596792669,3.853625106755057,0.002149161474164628,0.0374384236453202,2824,0.0,0.9571529745042493,0.0,0.0,1.0,26357.591634454835,0.0,1.856430083444155e-15,2.631858023332112e-13,0.0,0.0,0.0,,,0.0
optimal@10s+aware,4,500,2824,2688,0.9518413597733711,0.04815864022662889,0.0113314447592068,0.036827195467422094,0.0,188.0900929076979,156.78554364537513,376.6429940562945,183.04492713992792,1075.2,7.918898809523809,180.17119409817414,0.2915783203066621,0.09410794487608552,0.6143137348172524,1054,5.19449715370019,0.06378491462201538,0.13952299984339336,0.04269532384548359,5.444547199714853,0.002254708638581455,0.04933586337760911,2824,0.0,0.9518413597733711,0.0,0.0,1.0,26281.270330450516,0.0,3.821905589626188e-15,2.6339655076743736e-13,0.0,0.0,0.0,,,0.0
optimal@10s+aware,5,500,2824,2699,0.9557365439093485,0.044263456090651555,0.010269121813031162,0.0339943342776204,0.0,184.87630341986593,164.6194530733187,356.1743809882828,180.12873877625776,1079.6,7.090033345683587,177.78627007418234,0.29188562611051266,0.0938892610417157,0.6142251128477716,1024,4.9619140625,0.06673574220705802,0.12926299990795084,0.046242774566473986,3.5810751272907186,0.00170740844838424,0.041015625,2824,0.0,0.9557365439093485,0.0,0.0,1.0,26299.08150358083,0.0,-6.450009107772734e-15,2.6836424894098794e-13,0.0,0.0,0.0,,,0.0
batched_greedy@30s+aware,0,300,2824,2068,0.7322946175637394,0.26770538243626063,0.2046742209631728,0.06303116147308782,0.0,350.78148468964054,332.38216149917594,551.2929143766532,315.897006510419,827.2,82.04932301740813,268.73216167223234,0.06443663706537861,0.14317739315331937,0.7923859697813019,367,36.05722070844686,0.04379727517159726,0.2042720004465074,0.05184929139301763,,,,2824,0.0,0.7322946175637394,0.0,0.0,1.0,20257.182641715237,0.0,8.09883000980912e-15,2.748607273440946e-13,0.0,0.0,0.0,,,0.0
batched_greedy@30s+aware,1,300,2824,2085,0.738314447592068,0.261685552407932,0.18732294617563738,0.07436260623229461,0.0,349.80860991157783,333.5951409432664,548.2894669906213,313.0471710994569,834.0,73.34724220623501,276.4613677053428,0.0684813603720143,0.15154258423085284,0.7799760553971328,368,33.63315217391305,0.04111358697647792,0.18579199975647445,0.042413793103448276,,,,2824,0.0,0.738314447592068,0.0,0.0,1.0,20204.599436226465,0.0,5.6668765070843e-15,2.753416998798424e-13,0.0,0.0,0.0,,,0.0
batched_greedy@30s+aware,2,300,2824,2084,0.7379603399433428,0.26203966005665724,0.1990084985835694,0.06303116147308782,0.0,349.87188470940845,333.0414881172446,550.1489530228117,317.167668900035,833.6,74.96017274472169,274.91171196468673,0.06992118283896692,0.14887335760369264,0.7812054595573406,366,35.07377049180328,0.05089918032537922,0.18593999971017183,0.04845967462789893,,,,2824,0.0,0.7379603399433428,0.0,0.0,1.0,20167.71484315702,0.0,-2.876777511024878e-16,2.754439883685664e-13,0.0,0.0,0.0,,,0.0
batched_greedy@30s+aware,3,300,2824,2076,0.7351274787535411,0.26487252124645894,0.19971671388101983,0.06515580736543909,0.0,355.44745922518837,343.87968018350557,567.3370468020894,320.2598452700586,830.4,80.1907514450867,275.2567077801017,0.07198973635419872,0.14751311668435954,0.7804971469614417,364,35.87637362637363,0.04345302197459834,0.1786740001898581,0.054945054945054944,,,,2824,0.0,0.7351274787535411,0.0,0.0,1.0,20148.513069158136,0.0,-3.5313220983645635e-15,2.7955458543222313e-13,0.0,0.0,0.0,,,0.0
batched_greedy@30s+aware,4,300,2824,2097,0.7425637393767706,0.25743626062322944,0.19475920679886685,0.0626770538243626,0.0,347.66625712017424,332.9149693256604,549.8959403556764,315.160792136807,838.8,77.89079637577491,269.7754607443993,0.0673341776738108,0.1461191822258952,0.7865466401002941,370,34.913513513513514,0.03883324323740797,0.1441529997828184,0.053136784367500856,,,,2824,0.0,0.7425637393767706,0.0,0.0,1.0,20278.673170079266,0.0,-1.7806770205547288e-14,2.750913469359624e-13,0.0,0.0,0.0,,,0.0
batched_greedy@30s+aware,5,300,2824,2079,0.7361898016997167,0.2638101983002833,0.19440509915014165,0.06940509915014165,0.0,347.1203822025865,329.1436650615369,555.4416642916049,315.1276362259836,831.6,78.33429533429533,268.78608686829114,0.06913309365326954,0.14395283275009504,0.7869140735966353,367,35.776566757493185,0.042257765696007484,0.13787199997750563,0.05022359821121431,,,,2824,0.0,0.7361898016997167,0.0,0.0,1.0,20224.345670859515,0.0,-4.008551280445539e-15,2.7306295752676705e-13,0.0,0.0,0.0,,,0.0
batched_greedy@30s+aware,0,350,2824,2350,0.8321529745042493,0.1678470254957507,0.09029745042492918,0.07754957507082152,0.0,310.10677566489227,296.9855554097371,512.717212013902,286.12257896619644,940.0,47.09148936170213,263.0152863031901,0.09248690212724264,0.14767241924842459,0.7598406786243328,361,22.93628808864266,0.04442880886533992,0.24028000025282378,0.052128315854410856,,,,2824,0.0,0.8321529745042493,0.0,0.0,1.0,22993.50820468831,0.0,6.821966159824367e-16,2.7282686748084743e-13,0.0,0.0,0.0,,,0.0
batched_greedy@30s+aware,1,350,2824,2347,0.8310906515580736,0.16890934844192634,0.0881728045325779,0.08073654390934844,0.0,317.79883889013473,307.0196792753304,523.0683983757197,291.9025728469601,938.8,51.55304644226673,266.245792447868,0.09679302241665494,0.14861649707024502,0.7545904805131001,368,23.61413043478261,0.044255706528850206,0.23148299985223267,0.05587964384402825,,,,2824,0.0,0.8310906515580736,0.0,0.0,1.0,22824.707073033213,0.0,-5.105228364279736e-15,2.695791797905289e-13,0.0,0.0,0.0,,,0.0
batched_greedy@30s+aware,2,350,2824,2356,0.8342776203966006,0.16572237960339944,0.0906515580736544,0.07507082152974505,0.0,308.7564974684136,294.60185540854627,516.7291579173286,285.38974888080054,942.4,44.22707979626485,264.5294176721487,0.0961444792044653,0.15005159796156967,0.753803922833965,364,22.244505494505493,0.04863159343475782,0.24365300041608864,0.0484472049689441,,,,2824,0.0,0.8342776203966006,0.0,0.0,1.0,22835.674168551082,0.0,8.155332662721906e-15,2.775501013700856e-13,0.0,0.0,0.0,,,0.0
batched_greedy@30s+aware,3,350,2824,2361,0.8360481586402266,0.16395184135977336,0.0910056657223796,0.07294617563739376,0.0,322.27132166116763,309.0958136419522,530.6909628744197,297.02577019316084,944.4,52.35239305379076,269.9189286073768,0.08934881915997006,0.1513319021822847,0.7593192786577452,363,23.9366391184573,0.04606005507364588,0.1786420001917577,0.06175481504127178,,,,2824,0.0,0.8360481586402266,0.0,0.0,1.0,23131.97097940761,0.0,1.0142388129409182e-14,2.785483265757634e-13,0.0,0.0,0.0,,,0.0
batched_greedy@30s+aware,4,350,2824,2355,0.8339235127478754,0.16607648725212465,0.09879603399433427,0.06728045325779036,0.0,303.6446247089064,288.30734467714683,499.44937401094853,282.94212648330955,942.0,44.44331210191083,259.20131260699554,0.101265060792957,0.14902116389278416,0.7497137753142588,372,22.454301075268816,0.04722473117761829,0.22359299978234135,0.04881101376720901,,,,2824,0.0,0.8339235127478754,0.0,0.0,1.0,22606.999950130114,0.0,9.752613908715727e-15,2.8007942744946256e-13,0.0,0.0,0.0,,,0.0
batched_greedy@30s+aware,5,350,2824,2342,0.8293201133144475,0.1706798866855524,0.09702549575070822,0.07365439093484419,0.0,316.0606523811949,305.95227755289443,513.8533920757043,291.9711820788681,936.8,47.580273270708794,268.4803791104861,0.09437411387584563,0.1512706117421572,0.7543552743819972,361,23.667590027700832,0.04290277009360348,0.18397999974695137,0.04450015669069257,,,,2824,0.0,0.8293201133144475,0.0,0.0,1.0,22770.408832660287,0.0,1.8977134125445888e-15,2.73760708570491e-13,0.0,0.0,0.0,,,0.0
batched_greedy@30s+aware,0,400,2824,2560,0.9065155807365439,0.09348441926345609,0.039305949008498584,0.054178470254957506,0.0,256.566408317797,241.11544046210838,453.08138138478085,244.96535610748663,1024.0,28.176171875,228.390236442797,0.1396666098823167,0.13241807932589736,0.727915310791786,359,15.504178272980502,0.04864484680003651,0.18861200007450005,0.04453681710213777,,,,2824,0.0,0.9065155807365439,0.0,0.0,1.0,25048.373422223005,0.0,5.14293468922844e-15,2.755509362351027e-13,0.0,0.0,0.0,,,0.0
batched_greedy@30s+aware,1,400,2824,2545,0.9012039660056658,0.09879603399433427,0.04036827195467422,0.058427762039660054,0.0,256.23623772388817,236.15724520912954,452.4105454551716,244.21827644752594,1018.0,28.326522593320234,227.90971513056792,0.14660188565339766,0.13136609073673025,0.7220320236098721,364,15.601648351648352,0.05449670329703572,0.15267399979165935,0.04940828402366864,,,,2824,0.0,0.9012039660056658,0.0,0.0,1.0,24811.49385411729,0.0,4.113888884646395e-15,2.733125666411913e-13,0.0,0.0,0.0,,,0.0
batched_greedy@30s+aware,2,400,2824,2549,0.9026203966005666,0.09737960339943343,0.04072237960339943,0.056657223796033995,0.0,256.6484313770756,232.9089830724447,463.99220933501965,245.7751114850274,1019.6,28.086700666928206,228.56173071014743,0.1511759010128116,0.13212037017346664,0.7167037288137218,362,15.812154696132596,0.05866878455081403,0.26863600013712097,0.04939367051168293,,,,2824,0.0,0.9026203966005666,0.0,0.0,1.0,24698.43152111464,0.0,1.2665863301725991e-16,2.737211529751201e-13,0.0,0.0,0.0,,,0.0
batched_greedy@30s+aware,3,400,2824,2540,0.8994334277620396,0.10056657223796034,0.037181303116147306,0.06338526912181303,0.0,258.5338381207405,237.4568248636001,465.71571394041734,244.0013467711188,1016.0,30.698818897637796,227.8350192231027,0.15166080181335723,0.1306009129347538,0.717738285251889,360,15.738888888888889,0.06898361114053841,0.2889890002097673,0.05174948544545722,,,,2824,0.0,0.8994334277620396,0.0,0.0,1.0,24780.326605680042,0.0,-4.2725228429551106e-15,2.6996130615303826e-13,0.0,0.0,0.0,,,0.0
batched_greedy@30s+aware,4,400,2824,2548,0.9022662889518414,0.09773371104815864,0.04320113314447592,0.05453257790368272,0.0,252.62949197688437,231.3774972250012,457.84566627336307,241.7490868231877,1019.2,27.52629513343799,225.1031968434464,0.15549584743265907,0.1310496867518198,0.7134544658155212,361,15.786703601108034,0.05454072024023184,0.2657600001839448,0.045305514157973174,,,,2824,0.0,0.9022662889518414,0.0,0.0,1.0,24660.604871828073,0.0,-1.4314382576524978e-15,2.787526009773411e-13,0.0,0.0,0.0,,,0.0
batched_greedy@30s+aware,5,400,2824,2540,0.8994334277620396,0.10056657223796034,0.03859773371104816,0.06196883852691218,0.0,255.38275215286322,231.80210102206343,464.2186065299836,242.93496335439536,1016.0,28.684251968503936,226.69850018435926,0.15162454168189227,0.13052631606463413,0.7178491422534736,361,15.77562326869806,0.058782271457920844,0.262839999413699,0.04792899408284024,,,,2824,0.0,0.8994334277620396,0.0,0.0,1.0,24690.39421483488,0.0,2.6010689665115676e-15,2.6820767828894534e-13,0.0,0.0,0.0,,,0.0
batched_greedy@30s+aware,0,450,2824,2658,0.9412181303116147,0.058781869688385266,0.019121813031161474,0.039660056657223795,0.0,220.54438050736215,193.46968122455337,414.93634420712027,214.09408940219075,1063.2,22.153498871331827,198.3908816360303,0.2168237539613341,0.11085171371581135,0.6723245323228545,359,12.799442896935933,0.0629919220038249,0.21914800019658295,0.044353662095126936,,,,2824,0.0,0.9412181303116147,0.0,0.0,1.0,25973.043303960247,0.0,6.055686008658961e-15,2.7160265508925844e-13,0.0,0.0,0.0,,,0.0
batched_greedy@30s+aware,1,450,2824,2627,0.9302407932011332,0.06975920679886685,0.026558073654390935,0.04320113314447592,0.0,221.51630195651242,194.0841963791231,419.5540900750266,214.61997525267364,1050.8,23.4400456794823,198.07625627703013,0.2278669979175745,0.10863225761951682,0.6635007444629087,362,13.48342541436464,0.0647472375624587,0.2707389997794953,0.05049620548744892,,,,2824,0.0,0.9302407932011332,0.0,0.0,1.0,25611.643794185915,0.0,6.761647030466882e-15,2.699219902702393e-13,0.0,0.0,0.0,,,0.0
batched_greedy@30s+aware,2,450,2824,2648,0.9376770538243626,0.06232294617563739,0.024787535410764873,0.037535410764872525,0.0,222.61820813137697,195.18000515946096,422.91406383657403,217.09751771562645,1059.2,22.604607250755286,200.01360088062168,0.22447378661433087,0.111292009697774,0.6642342036878951,361,13.23545706371191,0.06815124654363959,0.28167999989818765,0.048993875765529306,,,,2824,0.0,0.9376770538243626,0.0,0.0,1.0,25655.838748249826,0.0,-5.201948304807116e-15,2.6790855536043757e-13,0.0,0.0,0.0,,,0.0
batched_greedy@30s+aware,3,450,2824,2637,0.9337818696883853,0.06621813031161473,0.018413597733711047,0.04780453257790368,0.0,220.78841591640608,193.55912041535157,413.5825104518172,212.28320575130255,1054.8,22.266211604095563,198.52220431231052,0.22427757837733567,0.11064829846024557,0.6650741231624188,357,12.666666666666666,0.07019551820794273,0.21905600020545532,0.05422555523507355,,,,2824,0.0,0.9337818696883853,0.0,0.0,1.0,25687.74572118056,0.0,5.438198242122951e-15,2.707667655166662e-13,0.0,0.0,0.0,,,0.0
batched_greedy@30s+aware,4,450,2824,2625,0.9295325779036827,0.07046742209631728,0.0226628895184136,0.04780453257790368,0.0,221.82912643763902,195.60180783278338,416.32108101867635,213.62051474699393,1050.0,23.419428571428572,198.40969786621045,0.2293546329030663,0.10884894118800911,0.6617964259089245,364,13.203296703296703,0.06035192309904592,0.2289110002766393,0.051192553810354854,,,,2824,0.0,0.9295325779036827,0.0,0.0,1.0,25529.458196805692,0.0,3.4496849821152863e-15,2.691974051079645e-13,0.0,0.0,0.0,,,0.0
batched_greedy@30s+aware,5,450,2824,2642,0.9355524079320113,0.06444759206798867,0.02018413597733711,0.044263456090651555,0.0,215.60611086184713,188.54235708449391,409.2097431993736,208.4812800949032,1056.8,21.397047691143072,194.20906317070407,0.22487174329320048,0.10871722885518664,0.666411027851613,361,12.631578947368421,0.0725858726002917,0.2378599998337446,0.045812664137729796,,,,2824,0.0,0.9355524079320113,0.0,0.0,1.0,25739.123744927558,0.0,3.3617654038611856e-18,2.723040062423772e-13,0.0,0.0,0.0,,,0.0
batched_greedy@30s+aware,0,500,2824,2697,0.955028328611898,0.044971671388101986,0.010977337110481586,0.0339943342776204,0.0,193.81031980483513,166.81904515762926,375.20195507570503,189.069387025905,1078.8,19.261772339636632,174.5485474651985,0.2927672551032565,0.0915994114852913,0.6156333334114521,358,11.547486033519553,0.07669050282399627,0.24417400049060276,0.049841544223566694,,,,2824,0.0,0.955028328611898,0.0,0.0,1.0,26328.61612400326,0.0,9.16242733642958e-15,2.6870437239323987e-13,0.0,0.0,0.0,,,0.0
batched_greedy@30s+aware,1,500,2824,2678,0.9483002832861189,0.051699716713881017,0.017351274787535412,0.03434844192634561,0.0,195.7517474090957,166.83008691016312,378.50002246981495,191.22263246427056,1071.2,20.15646004480956,175.59528736428618,0.3003763037203479,0.09119419124327545,0.6084295050363767,358,12.094972067039107,0.06982569831260707,0.24790899995423404,0.05420991926182238,,,,2824,0.0,0.9483002832861189,0.0,0.0,1.0,26044.945775801974,0.0,1.0544278917763229e-14,2.6680286475682636e-13,0.0,0.0,0.0,,,0.0
batched_greedy@30s+aware,2,500,2824,2696,0.9546742209631728,0.0453257790368272,0.01451841359773371,0.030807365439093484,0.0,200.23105873126102,173.11394655744903,383.07130274011433,196.62719014788092,1078.4,19.638353115727003,180.59270561553396,0.2922358688784452,0.0939279305757965,0.6138362005457583,362,11.842541436464089,0.07316160223297488,0.20176399967567693,0.044715447154471545,,,,2824,0.0,0.9546742209631728,0.0,0.0,1.0,26222.92464416413,0.0,-1.5584302724003867e-15,2.6487368184042633e-13,0.0,0.0,0.0,,,0.0
batched_greedy@30s+aware,3,500,2824,2703,0.9571529745042493,0.04284702549575071,0.011685552407932011,0.031161473087818695,0.0,193.2539576227442,164.99817962788256,374.51352855859716,188.4868652028422,1081.2,18.609692933777286,174.6442646889669,0.2925055674166553,0.09138208530098074,0.6161123472823641,357,11.215686274509803,0.08319803922915184,0.28964399942196895,0.044611819235225954,,,,2824,0.0,0.9571529745042493,0.0,0.0,1.0,26364.88719564596,0.0,2.7913709490760503e-16,2.663975013371338e-13,0.0,0.0,0.0,,,0.0
batched_greedy@30s+aware,4,500,2824,2676,0.9475920679886686,0.05240793201133145,0.013810198300283285,0.03859773371104816,0.0,199.1483699042601,169.76428428294457,386.79424606870157,193.8652301618087,1070.4,19.759715994020926,179.38865391023919,0.29789973207160064,0.09247595997680579,0.6096243079515936,359,11.944289693593316,0.07277270195416978,0.2529340000910454,0.04997111496244945,,,,2824,0.0,0.9475920679886686,0.0,0.0,1.0,26028.61734289127,0.0,4.757861601794206e-16,2.667626956402135e-13,0.0,0.0,0.0,,,0.0
batched_greedy@30s+aware,5,500,2824,2701,0.9564447592067988,0.04355524079320113,0.013810198300283285,0.029745042492917848,0.0,191.2259443258204,167.8409213165878,360.6524969202992,187.45012986083165,1080.4,18.166604961125508,173.05933936469486,0.29467015065999774,0.0915939350375302,0.613735914302472,358,11.449720670391061,0.08525921786875888,0.27879300005224655,0.053237410071942444,,,,2824,0.0,0.9564447592067988,0.0,0.0,1.0,26310.465234426294,0.0,8.949421071752111e-15,2.6668052356473923e-13,0.0,0.0,0.0,,,0.0
optimal@30s+aware,0,300,2824,2084,0.7379603399433428,0.26203966005665724,0.1954674220963173,0.06657223796033994,0.0,355.18413552257107,345.3347919959406,551.4601567420974,318.94733562334454,833.6,78.65547024952015,276.52866527305093,0.06252228560871648,0.14973243077641052,0.7877452836148731,363,35.22865013774105,0.09348842974782014,0.1732040004026203,0.05458887751620607,51.55170875137729,0.0018932786746761509,0.30578512396694213,2824,0.0,0.7379603399433428,0.0,0.0,1.0,20233.709988297855,0.0,-3.652868155110256e-15,2.6850392244419175e-13,0.0,0.0,0.0,,,0.0
optimal@30s+aware,1,300,2824,2092,0.7407932011331445,0.25920679886685555,0.19440509915014165,0.06480169971671389,0.0,350.0925518031414,340.10837948612425,549.5832583398973,315.1290418255693,836.8,75.6725621414914,274.41998966165005,0.0691594681602836,0.1493395332507256,0.7815009985889908,365,34.57534246575342,0.09686191780979056,0.19096800027909927,0.05252317198764161,51.28240631569081,0.0019237145023128404,0.3150684931506849,2824,0.0,0.7407932011331445,0.0,0.0,1.0,20122.522333615878,0.0,7.71636844075037e-15,2.8261608052742e-13,0.0,0.0,0.0,,,0.0
optimal@30s+aware,2,300,2824,2085,0.738314447592068,0.261685552407932,0.20113314447592068,0.06055240793201133,0.0,355.565073189444,344.22577312406975,553.1266122758583,319.9223137132557,834.0,80.71462829736211,274.8504448920819,0.07086584211885937,0.14806218141352298,0.7810719764676176,366,35.62841530054645,0.08211857923134765,0.1605100001143001,0.04359958144401814,54.02201865517243,0.0019520144376217613,0.32786885245901637,2824,0.0,0.738314447592068,0.0,0.0,1.0,20176.41434074061,0.0,-8.63002714853949e-15,2.7527098639414925e-13,0.0,0.0,0.0,,,0.0
optimal@30s+aware,3,300,2824,2074,0.7344192634560907,0.26558073654390935,0.20361189801699717,0.06196883852691218,0.0,359.46766206442334,353.7753841410872,551.3281271171301,323.40068690299245,829.6,81.45274831243972,278.01491375198356,0.0678484549307409,0.14878537100378628,0.7833661740654728,367,36.00544959128065,0.08830681197189905,0.19163000015396367,0.0512287988923503,44.855513275603435,0.0016020814390449232,0.25885558583106266,2824,0.0,0.7344192634560907,0.0,0.0,1.0,20207.67244168779,0.0,-6.2403741233704075e-15,2.778122744173308e-13,0.0,0.0,0.0,,,0.0
optimal@30s+aware,4,300,2824,2083,0.7376062322946175,0.2623937677053824,0.20254957507082152,0.05984419263456091,0.0,356.18816448301357,342.6352905213939,549.5137017207527,320.67946357979406,833.2,81.35477676428229,274.8333877187313,0.06488912691265486,0.14922864965840033,0.7858822234289449,372,35.3494623655914,0.07473494624278945,0.15562100000352086,0.05024255024255024,48.84946855135102,0.0017801369281647249,0.3172043010752688,2824,0.0,0.7376062322946175,0.0,0.0,1.0,20211.26131536488,0.0,-1.454855865586571e-14,2.6920461912362623e-13,0.0,0.0,0.0,,,0.0
optimal@30s+aware,5,300,2824,2078,0.7358356940509915,0.26416430594900847,0.20254957507082152,0.06161473087818697,0.0,355.80425730256303,346.0007131511993,559.8750020682202,321.9534532257025,831.2,81.98748796920115,273.8167693333619,0.06908279386086558,0.14609696380659812,0.7848202423325363,362,36.8646408839779,0.08906353586103728,0.16252100016572507,0.05019037729318103,44.18970933409468,0.0015409615244353146,0.287292817679558,2824,0.0,0.7358356940509915,0.0,0.0,1.0,20246.987944720844,0.0,-7.291354986364022e-15,2.7693685223341823e-13,0.0,0.0,0.0,,,0.0
optimal@30s+aware,0,350,2824,2339,0.828257790368272,0.17174220963172804,0.09454674220963173,0.07719546742209632,0.0,326.0200971407063,315.3129999519497,523.6398480132759,298.89788541834275,935.6,50.95767421975203,275.0624229209543,0.08707098744926886,0.15359143690018198,0.759337575650549,362,23.84806629834254,0.07879475143097565,0.14937799986000755,0.05320136096504794,68.1000162867006,0.00414165458940792,0.42265193370165743,2824,0.0,0.828257790368272,0.0,0.0,1.0,22929.21937030035,0.0,-4.5350640728852485e-15,2.712376900441983e-13,0.0,0.0,0.0,,,0.0
optimal@30s+aware,1,350,2824,2329,0.8247167138810199,0.17528328611898017,0.09171388101983002,0.08356940509915015,0.0,321.7758168851618,314.8689330763941,509.90110349159926,293.90559371674806,931.6,49.377415199656504,272.39840168550535,0.09314593910269796,0.15321047186438272,0.7536435890329193,370,23.102702702702704,0.07710810809471327,0.1676119999592629,0.051702786377708976,69.7556131207315,0.004398144617920512,0.3945945945945946,2824,0.0,0.8247167138810199,0.0,0.0,1.0,22684.933342638396,0.0,2.7011454472889597e-15,2.724976391662966e-13,0.0,0.0,0.0,,,0.0
optimal@30s+aware,2,350,2824,2355,0.8339235127478754,0.16607648725212465,0.10198300283286119,0.06409348441926345,0.0,321.64499743132797,310.74808227171707,514.168845727777,298.14996358563644,942.0,52.09426751592357,269.55072991540436,0.09403891362469081,0.14977290968083048,0.7561881766944787,366,24.284153005464482,0.08120546447477113,0.16728000014154543,0.048007530593034205,66.99980155963615,0.003977467955665936,0.35792349726775957,2824,0.0,0.8339235127478754,0.0,0.0,1.0,22864.76565154297,0.0,4.866312589974826e-15,2.6977731207259264e-13,0.0,0.0,0.0,,,0.0
optimal@30s+aware,3,350,2824,2370,0.8392351274787535,0.16076487252124647,0.08711048158640226,0.07365439093484419,0.0,324.3984156380562,313.5144818049937,518.0636602537478,298.7944725504979,948.0,49.767932489451475,274.6304831486047,0.0840648928052121,0.1552400479314857,0.7606950592633022,361,23.246537396121884,0.0783268698111476,0.1653800001804481,0.049089225069465885,78.36619497031519,0.004951443731227835,0.41274238227146814,2824,0.0,0.8392351274787535,0.0,0.0,1.0,22991.270692914073,0.0,4.922457191038458e-15,2.6701154180325847e-13,0.0,0.0,0.0,,,0.0
optimal@30s+aware,4,350,2824,2350,0.8321529745042493,0.1678470254957507,0.0910056657223796,0.0768413597733711,0.0,320.45353887972,309.372880190293,508.3913407374978,293.7854444319479,940.0,46.77489361702128,273.6786452626987,0.09454316020316511,0.15496282651092588,0.750494013285909,367,22.580381471389646,0.08035940052214242,0.14911200001733943,0.04757462686567164,66.17038226395067,0.004307038969276858,0.3978201634877384,2824,0.0,0.8321529745042493,0.0,0.0,1.0,22741.436268922058,0.0,1.364015283701171e-15,2.795392286441982e-13,0.0,0.0,0.0,,,0.0
optimal@30s+aware,5,350,2824,2346,0.8307365439093485,0.16926345609065155,0.09844192634560907,0.0708215297450425,0.0,319.2783060964635,306.9504390146749,518.1718237103423,294.8482567122088,938.4,49.46334185848252,269.814964237981,0.0925951091313575,0.1505341683847529,0.7568707224838896,359,24.100278551532032,0.07683537605112875,0.15587399999276402,0.049906425452276984,58.44163933611548,0.0035218393483643,0.37604456824512533,2824,0.0,0.8307365439093485,0.0,0.0,1.0,22959.14718380423,0.0,5.307869328301686e-16,2.7350822184895153e-13,0.0,0.0,0.0,,,0.0
optimal@30s+aware,0,400,2824,2565,0.90828611898017,0.09171388101983002,0.034702549575070823,0.05701133144475921,0.0,256.6380006123175,242.0869880738269,438.88706735097185,244.35356598575706,1026.0,25.57894736842105,231.05905324389647,0.1359529982851203,0.1356931026908742,0.7283538990240055,358,14.6731843575419,0.078555307268619,0.17558500006089167,0.04942630185348632,71.8270210743424,0.009925709738207871,0.3770949720670391,2824,0.0,0.90828611898017,0.0,0.0,1.0,25083.949154368318,0.0,-7.230257112104664e-15,2.6916601934111786e-13,0.0,0.0,0.0,,,0.0
optimal@30s+aware,1,400,2824,2555,0.9047450424929179,0.09525495750708216,0.037181303116147306,0.05807365439093484,0.0,261.88484783795917,246.61061782033812,453.64358736900795,248.82734951254346,1022.0,28.629745596868883,233.25510224109027,0.13781956801085465,0.13499053671845523,0.7271898952706901,366,15.21584699453552,0.09242704917561922,0.19919999945159444,0.05122166617603768,61.6497126012863,0.007785375594329514,0.3879781420765027,2824,0.0,0.9047450424929179,0.0,0.0,1.0,25034.020457049563,0.0,1.686530888852105e-14,2.6916568560886356e-13,0.0,0.0,0.0,,,0.0
optimal@30s+aware,2,400,2824,2572,0.9107648725212465,0.08923512747875353,0.037889518413597736,0.051345609065155805,0.0,264.99466004232363,250.3832843969917,454.1326046551879,254.4039863181103,1028.8,28.41796267496112,236.5766973673625,0.13892166772037365,0.137854768746553,0.7232235635330734,361,15.722991689750693,0.08144847642321726,0.18028000031335953,0.047872340425531915,59.8817880722337,0.007193141505009368,0.38227146814404434,2824,0.0,0.9107648725212465,0.0,0.0,1.0,24930.08993233108,0.0,-6.5363301431119634e-15,2.6909388835056133e-13,0.0,0.0,0.0,,,0.0
optimal@30s+aware,3,400,2824,2545,0.9012039660056658,0.09879603399433427,0.03576487252124646,0.06303116147308782,0.0,264.3917108138603,243.73468025042894,462.1091512940434,249.25109041257966,1018.0,29.830255402750492,234.56145541110985,0.14385354499036768,0.13483376952352924,0.7213126854861031,358,15.516759776536313,0.07896983243226104,0.18468699999175456,0.046367395156526874,59.8274407470687,0.007382923292843685,0.36033519553072624,2824,0.0,0.9012039660056658,0.0,0.0,1.0,24898.10965839909,0.0,4.8417066034222744e-15,2.687427229017951e-13,0.0,0.0,0.0,,,0.0
optimal@30s+aware,4,400,2824,2543,0.9004957507082153,0.0995042492917847,0.04107648725212465,0.058427762039660054,0.0,263.4797081425789,248.36183741972627,460.8008498098085,250.52578798795076,1017.2,27.325992921745968,236.1537152208329,0.14742842920654445,0.13729959764002003,0.7152719731534355,363,15.49862258953168,0.09035922865087959,0.1910120000138704,0.047774480712166174,65.5528258691358,0.00798927441908396,0.41046831955922863,2824,0.0,0.9004957507082153,0.0,0.0,1.0,24602.936963084136,0.0,-3.820075291179756e-15,2.7490728704241335e-13,0.0,0.0,0.0,,,0.0
optimal@30s+aware,5,400,2824,2554,0.9043909348441926,0.09560906515580736,0.03611898016997167,0.059490084985835696,0.0,262.6482791270876,243.93608222121475,452.3346443299179,249.50799882816878,1021.6,28.813234142521534,233.83504498456608,0.14023042803089192,0.13623417687670167,0.7235353950924064,361,15.54016620498615,0.0843562326819131,0.15707999991718632,0.044444444444444446,54.4579272120556,0.006672011913660064,0.3462603878116344,2824,0.0,0.9043909348441926,0.0,0.0,1.0,24953.420078166277,0.0,-1.3072289270371068e-15,2.693701869930544e-13,0.0,0.0,0.0,,,0.0
optimal@30s+aware,0,450,2824,2665,0.9436968838526912,0.056303116147308784,0.017351274787535412,0.03895184135977337,0.0,217.3281917744269,192.8723867255003,400.354744741628,210.9454571442422,1066.0,21.37410881801126,195.95408295641565,0.2134866425585768,0.11058976859590063,0.6759235888455225,359,12.45125348189415,0.0827412256277009,0.16209999967031788,0.046788724208079044,49.65777779359228,0.010478764152303314,0.33147632311977715,2824,0.0,0.9436968838526912,0.0,0.0,1.0,26074.62878099825,0.0,-6.128931008737449e-16,2.7234449842284036e-13,0.0,0.0,0.0,,,0.0
optimal@30s+aware,1,450,2824,2652,0.9390934844192634,0.060906515580736544,0.02018413597733711,0.04072237960339943,0.0,221.57956481168932,201.9991210494145,401.478711617545,215.0937817469654,1060.8,21.083333333333332,200.49623147835598,0.21860652925488713,0.11198960700838191,0.669403863736731,362,12.56353591160221,0.07879475138575216,0.18289099997673466,0.05734870317002882,47.521009373775335,0.009703077353008687,0.3149171270718232,2824,0.0,0.9390934844192634,0.0,0.0,1.0,25850.047181845304,0.0,8.635019128424593e-15,2.7136155313750803e-13,0.0,0.0,0.0,,,0.0
optimal@30s+aware,2,450,2824,2652,0.9390934844192634,0.060906515580736544,0.020892351274787536,0.04001416430594901,0.0,221.94786095022124,197.7847353422194,410.9027215948616,216.1844782879204,1060.8,21.923831070889893,200.02402987933135,0.22165580264492118,0.1123509905985,0.6659932067565788,361,12.933518005540167,0.08494210531282477,0.18913999992946628,0.05214368482039398,49.41309109251588,0.00942414587164678,0.3545706371191136,2824,0.0,0.9390934844192634,0.0,0.0,1.0,25735.905789218064,0.0,-8.147663874232521e-15,2.678963134786907e-13,0.0,0.0,0.0,,,0.0
optimal@30s+aware,3,450,2824,2650,0.9383852691218131,0.06161473087818697,0.016288951841359773,0.0453257790368272,0.0,224.9244481988199,206.92685236698935,407.480196604543,216.60799974993498,1060.0,21.290943396226414,203.63350480259348,0.2159623275233556,0.11342696289713207,0.6706107095795124,355,12.380281690140846,0.0858966196868954,0.1773479997791581,0.04672083575159605,48.992440621921254,0.010502392012593408,0.3408450704225352,2824,0.0,0.9383852691218131,0.0,0.0,1.0,25891.313087481347,0.0,1.3665379100839003e-14,2.6587855606890717e-13,0.0,0.0,0.0,,,0.0
optimal@30s+aware,4,450,2824,2642,0.9355524079320113,0.06444759206798867,0.023371104815864022,0.04107648725212465,0.0,223.72518732850133,200.719232987306,405.1239005374428,216.72913431317772,1056.8,22.76116578349735,200.964021545004,0.22321807640326802,0.11249558921111849,0.6642863343856136,361,13.174515235457063,0.08464958450921915,0.20879999974567875,0.05943450663589152,44.70640634336462,0.008226199532987592,0.3268698060941828,2824,0.0,0.9355524079320113,0.0,0.0,1.0,25627.981963160964,0.0,-2.6660480535321132e-15,2.665300060729754e-13,0.0,0.0,0.0,,,0.0
optimal@30s+aware,5,450,2824,2645,0.9366147308781869,0.06338526912181303,0.018413597733711047,0.044971671388101986,0.0,215.81971804127818,194.40016711092176,402.0618645805665,208.79367217540425,1058.0,20.41890359168242,195.40081444959577,0.22298196312346635,0.10993733081972507,0.6670807060568085,360,12.411111111111111,0.08005416666239601,0.18002000037086094,0.04741128563118092,44.23643345453702,0.009352960590547608,0.2972222222222222,2824,0.0,0.9366147308781869,0.0,0.0,1.0,25730.646357334008,0.0,-1.5184660922056584e-15,2.6701061021940715e-13,0.0,0.0,0.0,,,0.0
optimal@30s+aware,0,500,2824,2712,0.9603399433427762,0.039660056657223795,0.010623229461756374,0.02903682719546742,0.0,195.007410997754,171.58203463955965,370.2311921492873,190.96377526511745,1084.8,18.548672566371682,176.4587384313823,0.28866470394501026,0.09317717303378295,0.6181581230212068,358,11.318435754189943,0.0906553072274629,0.19235100006881123,0.04927953890489913,34.97747710826458,0.010362739056298243,0.29608938547486036,2824,0.0,0.9603399433427762,0.0,0.0,1.0,26455.550455153767,0.0,7.846456195368416e-15,2.695370352674243e-13,0.0,0.0,0.0,,,0.0
optimal@30s+aware,1,500,2824,2699,0.9557365439093485,0.044263456090651555,0.016288951841359773,0.027974504249291786,0.0,195.95354645160708,171.73144544365414,370.98760600917353,192.95034242708635,1079.6,19.44535012967766,176.5081963219294,0.29353527691225295,0.09230140095801202,0.614163322129735,362,11.856353591160222,0.09842375690436334,0.21066500003144023,0.05334486735870819,33.631506713689326,0.008504289299994845,0.27071823204419887,2824,0.0,0.9557365439093485,0.0,0.0,1.0,26287.856289295818,0.0,2.0916741641599444e-15,2.7021843245554904e-13,0.0,0.0,0.0,,,0.0
optimal@30s+aware,2,500,2824,2705,0.9578611898016998,0.042138810198300285,0.012039660056657223,0.03009915014164306,0.0,200.30848926374054,173.2395746825987,382.45965818275033,196.49241334566383,1082.0,18.568207024029576,181.74028223971095,0.28887590671136065,0.09550119324606031,0.6156229000425791,360,11.433333333333334,0.1055083333211668,0.20997500011617395,0.04628290425224183,38.37883408303029,0.010631593410049487,0.26666666666666666,2824,0.0,0.9578611898016998,0.0,0.0,1.0,26341.48317667722,0.0,9.344589181314496e-15,2.7133620878994543e-13,0.0,0.0,0.0,,,0.0
optimal@30s+aware,3,500,2824,2701,0.9564447592067988,0.04355524079320113,0.009560906515580737,0.0339943342776204,0.0,192.49903462233706,168.9597333344068,361.69961119465097,187.20817462520952,1080.4,18.539429840799706,173.95960478153734,0.2923384221912935,0.09163889832601149,0.616022679482695,356,11.120786516853933,0.09001151682936365,0.1946150000094347,0.049755536381938456,28.214601234856637,0.009032546346186002,0.2612359550561798,2824,0.0,0.9564447592067988,0.0,0.0,1.0,26346.004525520897,0.0,5.062612881875962e-15,2.6426524385622483e-13,0.0,0.0,0.0,,,0.0
optimal@30s+aware,4,500,2824,2699,0.9557365439093485,0.044263456090651555,0.013101983002832862,0.031161473087818695,0.0,199.03012118245664,173.29939807901155,377.6620337142551,194.8372728830441,1079.6,19.6817339755465,179.34838720691016,0.29231873005444914,0.09383719521278813,0.6138440747327628,361,11.759002770083102,0.09342465372736372,0.19448000002739693,0.05539609644087256,35.19498377484681,0.009127852999107493,0.2880886426592798,2824,0.0,0.9557365439093485,0.0,0.0,1.0,26316.082158900168,0.0,7.774111517968047e-15,2.640591627452587e-13,0.0,0.0,0.0,,,0.0
optimal@30s+aware,5,500,2824,2703,0.9571529745042493,0.04284702549575071,0.013101983002832862,0.029745042492917848,0.0,193.5559564523624,170.1491863867559,362.38275057726725,189.80844108732637,1081.2,17.946355900850907,175.6096005515115,0.2927601637033013,0.0926634247631367,0.6145764115335619,359,11.35933147632312,0.07666100276901869,0.18725199990512953,0.04468949506674405,30.24598240162385,0.008761459003350356,0.28969359331476324,2824,0.0,0.9571529745042493,0.0,0.0,1.0,26314.261582827883,0.0,8.733816070985265e-15,2.6848234245424204e-13,0.0,0.0,0.0,,,0.0
