arm,seed,drivers.num_drivers,requests,completed,completion_rate,cancel_rate,cancel_no_match_rate,cancel_eta_rate,cancel_late_rate,wait_mean_s,wait_p50_s,wait_p90_s,wait_all_mean_s,completed_per_hour,time_to_match_mean_s,pickup_mean_s,driver_idle_frac,driver_enroute_frac,driver_ontrip_frac,batches,batch_riders_mean,solve_ms_mean,solve_ms_p99,decline_rate,shadow_gap_s_per_batch,shadow_gap_frac,shadow_worse_batches_frac,app_opens,priced_out_rate,served_rate,retried_rate,surged_trip_frac,mean_multiplier_paid,revenue_per_hour,surge_revenue_per_hour,eta_error_mean_s,eta_abs_error_mean_s,eta_late_2min_frac,moves_per_driver_hour,reposition_km_per_hour,moves_dispatched_frac,move_planned_mean_s,driver_reposition_frac
immediate_greedy,0,300,2616,1789,0.683868501529052,0.316131498470948,0.052370030581039756,0.26376146788990823,0.0,340.06722615582527,294.91902129091477,647.1662593400706,256.8902681949311,715.6,10.966080091286956,329.10114606453834,0.09617904753653389,0.1849480724615841,0.718872880001882,3171,9.19836013875749,0.05265963417933324,0.1607499996680418,0.04937845303867403,,,,2616,0.0,0.683868501529052,0.0,0.0,1.0,17339.847153211762,0.0,-5.411980409810545e-15,2.832077780786346e-13,0.0,0.0,0.0,,,0.0
immediate_greedy,1,300,2616,1777,0.6792813455657493,0.32071865443425074,0.06116207951070336,0.2595565749235474,0.0,339.2734881739645,303.2928782305198,633.4062017887215,255.18154244565355,710.8,11.527516389235853,327.7459717847286,0.10958166639949962,0.1834157337795359,0.7070025998209645,3163,9.457160923174202,0.06363623141808865,0.18161400033932298,0.04944289693593315,,,,2616,0.0,0.6792813455657493,0.0,0.0,1.0,17306.940907694636,0.0,3.5082297849607087e-15,2.8200739436397576e-13,0.0,0.0,0.0,,,0.0
immediate_greedy,2,300,2616,1800,0.6880733944954128,0.3119266055045872,0.06192660550458716,0.25,0.0,350.6744168020135,305.0138003057152,658.2183639481775,266.73999420313993,720.0,12.75173933529945,337.9226774667141,0.08479225760623094,0.19067534278268483,0.7245323996110843,3085,9.808103727714748,0.055191572125856965,0.16931999987718854,0.049146043917741376,,,,2616,0.0,0.6880733944954128,0.0,0.0,1.0,17567.64657435748,0.0,-4.5652370772586434e-15,2.755188669804435e-13,0.0,0.0,0.0,,,0.0
immediate_greedy,3,300,2616,1816,0.6941896024464832,0.3058103975535168,0.06269113149847094,0.24311926605504589,0.0,342.6782299374095,299.62047897594266,655.6103585955225,263.5915580105128,726.4,12.919783059433543,329.7584468779759,0.10395322759210684,0.18793780754026784,0.7081089648676253,3154,9.937539632213063,0.0628912809107667,0.17193500011671847,0.044928044928044926,,,,2616,0.0,0.6941896024464832,0.0,0.0,1.0,17545.971055209164,0.0,3.978462199917769e-15,2.799182814075895e-13,0.0,0.0,0.0,,,0.0
immediate_greedy,4,300,2616,1827,0.698394495412844,0.30160550458715596,0.06574923547400612,0.23585626911314986,0.0,328.81515714299644,285.04431894757545,628.3299508096025,256.6845616702004,730.8,12.70635820590808,316.1087989370883,0.11048811880662539,0.18149492239741302,0.7080169587959616,3193,10.408080175383652,0.06129276541341089,0.1410400004533585,0.05512909979064899,,,,2616,0.0,0.698394495412844,0.0,0.0,1.0,17578.71804780761,0.0,2.9289956095748518e-15,2.788340622069741e-13,0.0,0.0,0.0,,,0.0
immediate_greedy,5,300,2616,1816,0.6941896024464832,0.3058103975535168,0.07148318042813456,0.23432721712538226,0.0,327.2543480203487,288.50635131640274,610.0257656811059,255.1139670951447,726.4,10.881595948667513,316.37275207168125,0.10734645920097843,0.18139533935110885,0.7112582014479127,3176,10.181360201511335,0.07300547858858064,0.22969999963606824,0.04323175053153792,,,,2616,0.0,0.6941896024464832,0.0,0.0,1.0,17449.326826038232,0.0,-2.4376487123498867e-14,2.7659470406669073e-13,0.0,0.0,0.0,,,0.0
immediate_greedy,0,350,2616,1962,0.75,0.25,0.04625382262996942,0.2037461773700306,0.0,298.84008640361304,245.40990408985817,611.8358542882601,244.08769433929922,784.8,9.00356330974251,289.8365230938705,0.16831167790269855,0.1572126621622385,0.674475659935063,3457,7.958923922476135,0.05607327162970643,0.15744399974209955,0.04583046175051689,,,,2616,0.0,0.75,0.0,0.0,1.0,19101.71464045372,0.0,5.1633858588683124e-15,2.8022889253158434e-13,0.0,0.0,0.0,,,0.0
immediate_greedy,1,350,2616,1951,0.7457951070336392,0.25420489296636084,0.047782874617737,0.20642201834862386,0.0,285.258600411621,234.1518390346041,573.9443180137205,231.70162155898106,780.4,9.69514290850816,275.56345750311283,0.1840571300898108,0.14931327660382832,0.666629593306361,3482,7.880528431935669,0.04929810454323338,0.13608999986900022,0.052108330476516966,,,,2616,0.0,0.7457951070336392,0.0,0.0,1.0,18924.176661302037,0.0,-9.077993781260993e-15,2.7830394745960903e-13,0.0,0.0,0.0,,,0.0
immediate_greedy,2,350,2616,1995,0.7626146788990825,0.23738532110091742,0.04243119266055046,0.19495412844036697,0.0,287.4273210287849,238.7987711278638,576.3863720449456,236.5302435098874,798.0,8.999654849284985,278.4276661794999,0.16700422213130575,0.1550986805143066,0.6778970973543876,3453,7.320301187373299,0.046369939189638866,0.1355839997995645,0.0446888965280165,,,,2616,0.0,0.7626146788990825,0.0,0.0,1.0,19348.663960127036,0.0,-1.8796437533703905e-15,2.836445642550504e-13,0.0,0.0,0.0,,,0.0
immediate_greedy,3,350,2616,1970,0.7530581039755352,0.24694189602446484,0.04128440366972477,0.20565749235474007,0.0,289.5439322012937,240.34338354636952,586.1146505105372,236.75658314997517,788.0,7.855214633274605,281.6887175680192,0.1791445873323622,0.15515757263846325,0.6656978400291745,3463,7.472711521801906,0.046862027144173986,0.13173800016375026,0.05150068212824011,,,,2616,0.0,0.7530581039755352,0.0,0.0,1.0,19059.146392057377,0.0,1.085155653998087e-14,2.7988756264699423e-13,0.0,0.0,0.0,,,0.0
immediate_greedy,4,350,2616,1974,0.7545871559633027,0.24541284403669725,0.05389908256880734,0.1915137614678899,0.0,278.8772250214027,234.16256695450193,561.3044634092727,233.21557641736226,789.6,8.350368463328868,270.5268565580738,0.18812877928321428,0.14929219770598118,0.6625790230108045,3539,8.609776773099746,0.05396903079879845,0.15303400046832386,0.05243187305967575,,,,2616,0.0,0.7545871559633027,0.0,0.0,1.0,19020.310072510387,0.0,9.209789297285646e-15,2.7620594092878134e-13,0.0,0.0,0.0,,,0.0
immediate_greedy,5,350,2616,1970,0.7530581039755352,0.24694189602446484,0.04892966360856269,0.19801223241590213,0.0,284.31391417137075,238.1494292739469,553.4267033021788,234.2879392762698,788.0,7.997513940878833,276.3164002304919,0.18045332574852285,0.15206878641323684,0.6674778878382402,3478,7.770845313398505,0.046837291538008204,0.14271499992901227,0.05378554299417609,,,,2616,0.0,0.7530581039755352,0.0,0.0,1.0,19047.60103074609,0.0,-1.619189835792401e-14,2.801747553644303e-13,0.0,0.0,0.0,,,0.0
immediate_greedy,0,400,2616,2035,0.7779051987767585,0.2220948012232416,0.039755351681957186,0.1823394495412844,0.0,271.62018248571417,219.30097917403873,557.6756539471356,227.50012785496315,814.0,7.9782138517971894,263.641968633917,0.25456404521554193,0.13147995267930668,0.6139560021051513,3659,6.808690899152774,0.050898059583223486,0.12668400018810647,0.040633608815427,,,,2616,0.0,0.7779051987767585,0.0,0.0,1.0,19977.937119466515,0.0,-5.90082173677921e-15,2.8011707068012705e-13,0.0,0.0,0.0,,,0.0
immediate_greedy,1,400,2616,1994,0.7622324159021406,0.23776758409785934,0.041666666666666664,0.19610091743119265,0.0,264.587984408865,215.88911583173285,539.1460209197087,218.06001891059094,797.6,6.340621686113284,258.24736272275175,0.2700099879423348,0.12678513337021974,0.6032048786874454,3587,6.556453861165319,0.04503261779129068,0.1526139997440623,0.05824585167626143,,,,2616,0.0,0.7622324159021406,0.0,0.0,1.0,19471.272886800198,0.0,-7.16333267082117e-15,2.743339936138162e-13,0.0,0.0,0.0,,,0.0
immediate_greedy,2,400,2616,2052,0.7844036697247706,0.21559633027522937,0.034403669724770644,0.1811926605504587,0.0,267.2914199135601,217.27864277980643,543.9233706188617,224.0978919457579,820.8,6.716813343980461,260.5746065695796,0.2485151556200842,0.1320919374058103,0.6193929069741054,3541,6.293419937870658,0.04700745551953679,0.14856000016152393,0.05341446923597025,,,,2616,0.0,0.7844036697247706,0.0,0.0,1.0,20065.698101044574,0.0,1.4093123462688147e-15,2.847970938568657e-13,0.0,0.0,0.0,,,0.0
immediate_greedy,3,400,2616,2006,0.7668195718654435,0.23318042813455658,0.04548929663608563,0.18769113149847094,0.0,265.2885651142041,208.91657153004962,551.4147367605465,223.35717058312778,802.4,7.435368698341561,257.85319641586256,0.27381136452812976,0.12726180317790609,0.5989268322939642,3652,7.76341730558598,0.05599742607427739,0.18884500008425664,0.048763736263736264,,,,2616,0.0,0.7668195718654435,0.0,0.0,1.0,19454.001076695044,0.0,-1.983126192341406e-15,2.7575283366126474e-13,0.0,0.0,0.0,,,0.0
immediate_greedy,4,400,2616,2012,0.7691131498470948,0.2308868501529052,0.0581039755351682,0.172782874617737,0.0,262.733828913749,208.93419738910916,549.884502251313,225.8332409485053,804.8,8.648891200681804,254.08493771306712,0.2816845590691973,0.12592313113050133,0.5923923098003013,3681,8.960608530290681,0.054343520790334866,0.2290200003699282,0.04967002431399792,,,,2616,0.0,0.7691131498470948,0.0,0.0,1.0,19478.438754229417,0.0,1.2217971277957364e-15,2.7936842148228e-13,0.0,0.0,0.0,,,0.0
immediate_greedy,5,400,2616,2034,0.7775229357798165,0.22247706422018348,0.040137614678899085,0.1823394495412844,0.0,275.2801767029864,225.84358958695407,558.5366484377491,230.98504435492512,813.6,8.853335713072282,266.4268409899141,0.2675217667255423,0.13304331927110136,0.5994349140033564,3558,7.365935919055649,0.0498810005569628,0.2001720000225759,0.05529172320217096,,,,2616,0.0,0.7775229357798165,0.0,0.0,1.0,19574.29725557528,0.0,-4.5601018863954805e-15,2.7865702753017494e-13,0.0,0.0,0.0,,,0.0
immediate_greedy,0,450,2616,2075,0.7931957186544343,0.20680428134556575,0.03669724770642202,0.17010703363914373,0.0,262.9394279386251,204.44033649197627,564.8177479185503,224.97559819821547,830.0,8.262699421328932,254.67672851729617,0.3270119663217744,0.11545502195789843,0.5575330117203271,3647,7.155744447491089,0.050044200698612415,0.16190800040931208,0.05127334465195246,,,,2616,0.0,0.7931957186544343,0.0,0.0,1.0,20338.021020747365,0.0,-5.183965706500345e-15,2.811484913687002e-13,0.0,0.0,0.0,,,0.0
immediate_greedy,1,450,2616,2037,0.7786697247706422,0.2213302752293578,0.040902140672782875,0.18042813455657492,0.0,249.96082351601697,199.76878652074174,528.5960226327579,210.27546367443952,814.8,6.18890085638758,243.77192265962944,0.3460950814254271,0.10989487589379801,0.5440100426807749,3697,6.424127671084663,0.04788406816068116,0.14640800061897608,0.0537232233934036,,,,2616,0.0,0.7786697247706422,0.0,0.0,1.0,19766.9578505704,0.0,4.983740469893192e-16,2.780015894572923e-13,0.0,0.0,0.0,,,0.0
immediate_greedy,2,450,2616,2100,0.8027522935779816,0.19724770642201836,0.03669724770642202,0.16055045871559634,0.0,262.3013926964873,207.6549096160502,544.5777025659002,224.53577614436108,840.0,7.109629812550991,255.19176288393632,0.31577944951355247,0.11794163871606464,0.5662789117703829,3612,6.403100775193798,0.041033554816044496,0.12196699961350528,0.05384354893328818,,,,2616,0.0,0.8027522935779816,0.0,0.0,1.0,20624.698026259804,0.0,7.585889588448308e-15,2.7491828919188437e-13,0.0,0.0,0.0,,,0.0
immediate_greedy,3,450,2616,2058,0.786697247706422,0.21330275229357798,0.04396024464831804,0.16934250764525993,0.0,259.1711708162271,202.98231690423222,551.0703630973371,222.57449972884183,823.2,8.936315158321815,250.23485565790529,0.3389053330145422,0.11290402646761584,0.5481906405178419,3702,7.8057806591031875,0.05330921123330386,0.1440880003974596,0.05095759233926129,,,,2616,0.0,0.786697247706422,0.0,0.0,1.0,20046.180732281282,0.0,-1.3054237531141588e-14,2.7569351617523664e-13,0.0,0.0,0.0,,,0.0
immediate_greedy,4,450,2616,2065,0.7893730886850153,0.2106269113149847,0.04281345565749235,0.16781345565749237,0.0,254.91592726788403,200.44482617254198,539.9615780504442,220.83348992976772,826.0,8.015467751859822,246.9004595160242,0.3418392206621296,0.11186538472783263,0.5462953946100377,3724,7.8241138560687435,0.05618762083848159,0.15927699975691212,0.05286493860845839,,,,2616,0.0,0.7893730886850153,0.0,0.0,1.0,20028.468370682112,0.0,-9.62555297775982e-15,2.771405918852889e-13,0.0,0.0,0.0,,,0.0
immediate_greedy,5,450,2616,2070,0.7912844036697247,0.20871559633027523,0.040519877675840976,0.16819571865443425,0.0,257.6876859512605,208.2859775128668,539.2284116269017,220.91012302670404,828.0,7.496911645425088,250.19077430583542,0.335790728405507,0.11381530807773106,0.550393963516762,3597,7.292743953294412,0.04726549903462597,0.13541200052713975,0.054989816700611,,,,2616,0.0,0.7912844036697247,0.0,0.0,1.0,20103.934040177508,0.0,-1.1420279644127275e-14,2.7841615218339234e-13,0.0,0.0,0.0,,,0.0
immediate_greedy,0,500,2616,2114,0.8081039755351682,0.1918960244648318,0.03058103975535168,0.16131498470948014,0.0,250.04728899531597,197.67038216355286,524.6833199711377,215.65738066279593,845.6,6.246797775612417,243.80049121970353,0.3891738379903146,0.10191086471851783,0.5089152972911676,3674,6.019869352204681,0.04221584104674554,0.11460799973974643,0.04258943781942078,,,,2616,0.0,0.8081039755351682,0.0,0.0,1.0,20578.336983043737,0.0,-8.950687347819994e-15,2.715111852365986e-13,0.0,0.0,0.0,,,0.0
immediate_greedy,1,500,2616,2082,0.7958715596330275,0.20412844036697247,0.02522935779816514,0.17889908256880735,0.0,240.6984290346653,195.67542522814392,499.210994683052,201.77194840994153,832.8,3.415380784185297,237.28304825048005,0.39727642542168884,0.09905536768785464,0.5036682068904564,3557,4.632836660106832,0.0375711273527739,0.1125439998213551,0.05393634840871022,,,,2616,0.0,0.7958715596330275,0.0,0.0,1.0,20337.91734849888,0.0,-7.454811663909553e-15,2.7841151307747954e-13,0.0,0.0,0.0,,,0.0
immediate_greedy,2,500,2616,2129,0.8138379204892966,0.18616207951070338,0.03211009174311927,0.1540519877675841,0.0,248.95488362790607,198.41747007143385,518.2625916052197,215.27006383646128,851.6,5.972912364743761,242.98197126316228,0.3797673262575282,0.10271637870086663,0.5175162950416052,3643,5.8158111446609935,0.04136286028616455,0.11736400010704523,0.051065268853567804,,,,2616,0.0,0.8138379204892966,0.0,0.0,1.0,20988.902533473007,0.0,-4.420867408906636e-15,2.742318662742033e-13,0.0,0.0,0.0,,,0.0
immediate_greedy,3,500,2616,2084,0.7966360856269113,0.20336391437308868,0.03058103975535168,0.172782874617737,0.0,243.2900835875622,187.45437111134152,530.9342191952105,209.2350364036139,833.6,6.086014703216223,237.204068884346,0.4000258476438152,0.09785598354344496,0.5021181688127399,3703,6.455576559546314,0.04441855252505607,0.15189599977020407,0.049069373942470386,,,,2616,0.0,0.7966360856269113,0.0,0.0,1.0,20282.628496865556,0.0,-7.651801990065283e-15,2.758825371180249e-13,0.0,0.0,0.0,,,0.0
immediate_greedy,4,500,2616,2078,0.7943425076452599,0.20565749235474007,0.04396024464831804,0.16169724770642202,0.0,247.9781940797448,192.84294416796092,537.315512685214,215.33917479046718,831.2,7.375057045054809,240.60313703469,0.4044115199922981,0.09905912161207561,0.49652935839562623,3825,7.272679738562092,0.05212729412544362,0.21016400016378578,0.05646258503401361,,,,2616,0.0,0.7943425076452599,0.0,0.0,1.0,20215.297352116322,0.0,9.637248757549844e-16,2.744344159472107e-13,0.0,0.0,0.0,,,0.0
immediate_greedy,5,500,2616,2096,0.8012232415902141,0.19877675840978593,0.034785932721712536,0.16399082568807338,0.0,250.3585884271356,198.783439103624,522.5873083543165,215.89337762547635,838.4,8.014383814205948,242.34420461292964,0.3923661239103752,0.10073626270446388,0.5068976133851608,3693,6.855943677227186,0.053573950714814834,0.18320799979846925,0.05311231393775372,,,,2616,0.0,0.8012232415902141,0.0,0.0,1.0,20393.74572114068,0.0,-1.0734098088754197e-14,2.7431884160310005e-13,0.0,0.0,0.0,,,0.0
batched_greedy@10s,0,300,2616,1809,0.6915137614678899,0.3084862385321101,0.09480122324159021,0.21368501529051986,0.0,337.1283570715686,298.15496160644307,636.1447733938094,268.32096949440023,723.6,18.887783305693752,318.2405737658748,0.09527442730293727,0.1789403454345305,0.7257852272625323,1085,13.16221198156682,0.024492534572966202,0.05932399992161675,0.05170556552962298,,,,2616,0.0,0.6915137614678899,0.0,0.0,1.0,17632.458599822956,0.0,4.09131607040417e-15,2.796239991595986e-13,0.0,0.0,0.0,,,0.0
batched_greedy@10s,1,300,2616,1808,0.691131498470948,0.308868501529052,0.0852446483180428,0.22362385321100917,0.0,319.3409666569762,285.5257068261358,583.8358269462237,250.03128009444399,723.2,15.800884955752212,303.540081701224,0.1130909906924491,0.1721911879626204,0.7147178213449306,1088,11.238051470588236,0.027274816182946724,0.07066500009386795,0.05055179779280883,,,,2616,0.0,0.691131498470948,0.0,0.0,1.0,17445.818911674458,0.0,-1.3881717800821979e-14,2.7774341332239836e-13,0.0,0.0,0.0,,,0.0
batched_greedy@10s,2,300,2616,1793,0.6853975535168195,0.3146024464831804,0.09174311926605505,0.22285932721712537,0.0,344.13250737051993,302.53483898902414,633.823664153727,269.5998006899948,717.2,21.688232013385388,322.44427535713453,0.0967045790013097,0.1796960237248513,0.723599397273839,1072,13.396455223880597,0.026742070887658925,0.06538700024975695,0.048132183908045974,,,,2616,0.0,0.6853975535168195,0.0,0.0,1.0,17620.56521077382,0.0,3.5878841572158435e-15,2.8403628832345416e-13,0.0,0.0,0.0,,,0.0
batched_greedy@10s,3,300,2616,1815,0.6938073394495413,0.30619266055045874,0.09709480122324159,0.2090978593272171,0.0,336.6340392138762,301.328312252037,623.4939904471973,269.8433993411493,726.0,17.889807162534435,318.7442320513417,0.10977465409779033,0.17930471859637598,0.7109206273058337,1094,13.285191956124315,0.029822029236589876,0.0730280001153005,0.044662309368191724,,,,2616,0.0,0.6938073394495413,0.0,0.0,1.0,17645.113210350457,0.0,1.4749144666535413e-15,2.810216094111245e-13,0.0,0.0,0.0,,,0.0
batched_greedy@10s,4,300,2616,1832,0.7003058103975535,0.2996941896024465,0.08906727828746178,0.2106269113149847,0.0,316.68416115280934,279.99459980874144,588.3706681232653,255.41586902017195,732.8,15.615174672489083,301.0689864803203,0.11665828000992359,0.17288794363853208,0.7104537763515444,1073,12.74277726001864,0.02769440821473578,0.06098000001657053,0.05295169946332737,,,,2616,0.0,0.7003058103975535,0.0,0.0,1.0,17540.03529750711,0.0,-9.084921073559306e-15,2.8210282242177355e-13,0.0,0.0,0.0,,,0.0
batched_greedy@10s,5,300,2616,1816,0.6941896024464832,0.3058103975535168,0.09365443425076453,0.2121559633027523,0.0,329.155248012308,291.6456518490031,605.2820855384689,264.3790912400298,726.4,18.348017621145374,310.80723039116265,0.11163882894824276,0.1770553291068154,0.7113058419449418,1072,13.457089552238806,0.02884654852398025,0.07282500056135167,0.05066475026949335,,,,2616,0.0,0.6941896024464832,0.0,0.0,1.0,17394.12901438548,0.0,-2.7027328001678757e-14,2.7796609849887085e-13,0.0,0.0,0.0,,,0.0
batched_greedy@10s,0,350,2616,1964,0.7507645259938838,0.2492354740061162,0.07492354740061162,0.1743119266055046,0.0,291.3150688943766,244.9896083399267,570.395272105286,247.18561882542934,785.6,15.590122199592669,275.72494669478397,0.17453918853311334,0.14954202647896594,0.6759187849879207,1069,11.387277829747427,0.03513536014815969,0.08660000003146706,0.044341965235899256,,,,2616,0.0,0.7507645259938838,0.0,0.0,1.0,19068.29713859728,0.0,-1.1477580596735835e-14,2.792715142644064e-13,0.0,0.0,0.0,,,0.0
batched_greedy@10s,1,350,2616,1942,0.7423547400611621,0.2576452599388379,0.07033639143730887,0.18730886850152906,0.0,289.8105604883289,247.15730802525968,556.43885177656,239.89346073899085,776.8,14.889289392378991,274.9212710959499,0.1891200188553341,0.1461920999276509,0.6646878812170149,1059,10.400377714825307,0.03129745042578135,0.07742800005871711,0.04415400918403391,,,,2616,0.0,0.7423547400611621,0.0,0.0,1.0,18764.345479560292,0.0,9.282424925970001e-15,2.8036801625038597e-13,0.0,0.0,0.0,,,0.0
batched_greedy@10s,2,350,2616,2001,0.7649082568807339,0.23509174311926606,0.06613149847094801,0.16896024464831805,0.0,291.95219986316494,247.05249572161847,564.8564070889934,246.47415437308842,800.4,15.94102948525737,276.01117037790755,0.16123141621175271,0.15157070599631065,0.6871978777919366,1059,10.29367327667611,0.03108328611483364,0.07822399993528978,0.05198883461270063,,,,2616,0.0,0.7649082568807339,0.0,0.0,1.0,19612.589690209243,0.0,-2.8589491260812126e-15,2.817753804175981e-13,0.0,0.0,0.0,,,0.0
batched_greedy@10s,3,350,2616,1942,0.7423547400611621,0.2576452599388379,0.09365443425076453,0.16399082568807338,0.0,288.2375970367829,246.51549421809523,552.2527134115912,245.8040411708793,776.8,15.804840370751803,272.4327566660312,0.19228793837567112,0.14577763251876627,0.6619344291055625,1077,12.130919220055711,0.03332432682250788,0.09352399978524772,0.04825351098307526,,,,2616,0.0,0.7423547400611621,0.0,0.0,1.0,18951.652032777154,0.0,1.0631614595442385e-14,2.791606058343158e-13,0.0,0.0,0.0,,,0.0
batched_greedy@10s,4,350,2616,1978,0.7561162079510704,0.24388379204892965,0.07836391437308869,0.16551987767584098,0.0,280.62200470465064,240.9910399442922,551.833561023505,241.1721717330938,791.2,12.766936299292214,267.8550684053584,0.1890117396770265,0.14683792101186885,0.6641503393111047,1063,11.200376293508937,0.03536792097919367,0.08291400037705894,0.04824405817665839,,,,2616,0.0,0.7561162079510704,0.0,0.0,1.0,19090.795438172587,0.0,-7.864734591025123e-15,2.7847446851559474e-13,0.0,0.0,0.0,,,0.0
batched_greedy@10s,5,350,2616,1983,0.7580275229357798,0.24197247706422018,0.06613149847094801,0.17584097859327216,0.0,286.752118032854,244.86252285185856,560.4625199624405,242.63191669269062,793.2,15.164901664145235,271.58721636870877,0.17869163315796335,0.14948903827293578,0.671819328569101,1061,10.629594721960414,0.04054486334519216,0.09139999965555039,0.05099545930841774,,,,2616,0.0,0.7580275229357798,0.0,0.0,1.0,19177.305310030693,0.0,-1.0865069140234815e-14,2.7905643280540927e-13,0.0,0.0,0.0,,,0.0
batched_greedy@10s,0,400,2616,2028,0.7752293577981652,0.22477064220183487,0.06345565749235474,0.16131498470948014,0.0,269.5909477019769,222.59106222358878,553.5915416982407,231.6684017889432,811.2,12.276134122287969,257.314813579689,0.2584385429080984,0.12747458197869824,0.6140868751132033,1064,9.473684210526315,0.03769924812341995,0.0864959996124525,0.0472193074501574,,,,2616,0.0,0.7752293577981652,0.0,0.0,1.0,19961.070983203437,0.0,-6.142358153991251e-15,2.7646743102169604e-13,0.0,0.0,0.0,,,0.0
batched_greedy@10s,1,400,2616,1983,0.7580275229357798,0.24197247706422018,0.06077981651376147,0.1811926605504587,0.0,263.31334054801357,219.30097917403873,535.330410093969,220.77021265085835,793.2,12.872415532022188,250.4409250159914,0.28195031130598364,0.12132773579778719,0.5967219528962292,1058,9.224007561436673,0.03933591683038176,0.09224400025232177,0.05730065585088022,,,,2616,0.0,0.7580275229357798,0.0,0.0,1.0,19235.35403985989,0.0,1.4708915432653612e-15,2.804556609360917e-13,0.0,0.0,0.0,,,0.0
batched_greedy@10s,2,400,2616,2046,0.7821100917431193,0.21788990825688073,0.05198776758409786,0.1659021406727829,0.0,269.58397067082694,218.07226518772222,542.5361905028171,231.2383576808051,818.4,12.764907135874878,256.8190635349521,0.25160284553747064,0.12878082689422143,0.6196163275683079,1059,9.080264400377715,0.03404485364407453,0.09080000018002465,0.05620287868403016,,,,2616,0.0,0.7821100917431193,0.0,0.0,1.0,20217.25500688077,0.0,-1.020146278736703e-14,2.778253352367553e-13,0.0,0.0,0.0,,,0.0
batched_greedy@10s,3,400,2616,1999,0.7641437308868502,0.23585626911314986,0.07377675840978594,0.1620795107033639,0.0,264.00692724344543,211.0163929178143,538.7991048168341,229.1915191623447,799.6,13.028014007003502,250.9789132364419,0.2791851584099618,0.12240876641965653,0.5984060751703816,1064,10.783834586466165,0.04464172932552502,0.10144799930458244,0.05137227304714989,,,,2616,0.0,0.7641437308868502,0.0,0.0,1.0,19448.686589847795,0.0,1.3036984087464269e-14,2.7811581063254327e-13,0.0,0.0,0.0,,,0.0
batched_greedy@10s,4,400,2616,2016,0.7706422018348624,0.22935779816513763,0.07224770642201835,0.15711009174311927,0.0,258.8873596139529,211.6642428108803,522.2654223744628,226.53464639409378,806.4,12.212797619047619,246.6745619949053,0.2827182949126781,0.12210669843929484,0.595175006648027,1064,10.639097744360901,0.04228054510855501,0.10286899979291735,0.0509845288326301,,,,2616,0.0,0.7706422018348624,0.0,0.0,1.0,19535.596645381727,0.0,8.614691852287364e-15,2.749063102379004e-13,0.0,0.0,0.0,,,0.0
batched_greedy@10s,5,400,2616,2032,0.7767584097859327,0.22324159021406728,0.05657492354740061,0.16666666666666666,0.0,269.51276755178066,226.7217527149155,542.0449714624826,230.92555907597605,812.8,12.96751968503937,256.5452478667413,0.27105343546425603,0.12791491090732574,0.6010316536284183,1049,9.488083889418494,0.03563574833056568,0.08467999974527626,0.05284974093264249,,,,2616,0.0,0.7767584097859327,0.0,0.0,1.0,19548.777577897505,0.0,-1.4143979076317102e-14,2.71124767431364e-13,0.0,0.0,0.0,,,0.0
batched_greedy@10s,0,450,2616,2074,0.7928134556574924,0.20718654434250763,0.052370030581039756,0.15481651376146788,0.0,261.89121554518624,211.11447709031745,543.9074113652375,227.30596507719545,829.6,12.721311475409836,249.1699040697764,0.32634156806108017,0.11302021312512549,0.5606382188137944,1071,8.829131652661065,0.035711951442691674,0.09107999967454809,0.045423023578363385,,,,2616,0.0,0.7928134556574924,0.0,0.0,1.0,20468.992226045295,0.0,-1.4021999033867502e-14,2.757836817586425e-13,0.0,0.0,0.0,,,0.0
batched_greedy@10s,1,450,2616,2029,0.775611620795107,0.22438837920489296,0.05619266055045872,0.16819571865443425,0.0,255.16711454026216,209.01741754847444,528.6175626632632,218.41841072717278,811.6,10.057663873829473,245.10945066643265,0.349372156572311,0.10918170525771473,0.5414461381699742,1056,8.599431818181818,0.03567755679813617,0.08883999985300767,0.05803571428571429,,,,2616,0.0,0.775611620795107,0.0,0.0,1.0,19652.839918103353,0.0,1.1372973643286818e-14,2.7722504211189117e-13,0.0,0.0,0.0,,,0.0
batched_greedy@10s,2,450,2616,2090,0.7989296636085627,0.20107033639143732,0.053516819571865444,0.14755351681957188,0.0,258.15431266118736,207.72233815022673,532.8579623997334,226.39377882513122,836.0,11.734928229665071,246.4193844315223,0.3224941136151328,0.11308205296138624,0.564423833423481,1051,8.941960038058992,0.03545118934553197,0.08464999973512022,0.04679376083188908,,,,2616,0.0,0.7989296636085627,0.0,0.0,1.0,20532.112702886236,0.0,8.507814336074884e-16,2.779615984485445e-13,0.0,0.0,0.0,,,0.0
batched_greedy@10s,3,450,2616,2056,0.7859327217125383,0.21406727828746178,0.05963302752293578,0.154434250764526,0.0,253.70774448325992,202.98264542902905,529.7994869572603,222.22126420229137,822.4,13.037937743190662,240.66980674006925,0.34212878320054746,0.10795105405926071,0.549920162740192,1059,9.74409820585458,0.037676959405017786,0.09126799986916015,0.04937413073713491,,,,2616,0.0,0.7859327217125383,0.0,0.0,1.0,20017.602890933147,0.0,-5.7131126461742e-15,2.72083695824411e-13,0.0,0.0,0.0,,,0.0
batched_greedy@10s,4,450,2616,2067,0.7901376146788991,0.2098623853211009,0.06574923547400612,0.1441131498470948,0.0,253.63065467640013,202.757548415384,522.7932570626273,224.4656362358432,826.8,11.838896952104498,241.79175772429562,0.34311207019030454,0.10973814935282307,0.5471497804568725,1057,9.871333964049196,0.0359245033205203,0.08408800011238783,0.05165794066317626,,,,2616,0.0,0.7901376146788991,0.0,0.0,1.0,20026.622889833012,0.0,-7.680036255396837e-15,2.7769830728872044e-13,0.0,0.0,0.0,,,0.0
batched_greedy@10s,5,450,2616,2081,0.7954892966360856,0.2045107033639144,0.053516819571865444,0.15099388379204892,0.0,258.5687656183599,213.88780242691428,533.7841016048424,225.0556607835927,832.4,13.115809706871696,245.4529559114882,0.33671354090325895,0.11183021550586653,0.5514562435908745,1048,9.041030534351146,0.0359358778753124,0.09130099997491921,0.05886379192334018,,,,2616,0.0,0.7954892966360856,0.0,0.0,1.0,20088.542371762982,0.0,-4.6036109944692336e-15,2.7175026605087536e-13,0.0,0.0,0.0,,,0.0
batched_greedy@10s,0,500,2616,2111,0.8069571865443425,0.1930428134556575,0.040519877675840976,0.15252293577981652,0.0,251.87419702496453,198.9540217900012,523.9216405733614,219.401106365901,844.4,10.740881099005211,241.13331592595932,0.38716417778391654,0.1005828554564407,0.5122529667596427,1063,7.693320790216369,0.036890968942610576,0.09280399972340082,0.048530416951469584,,,,2616,0.0,0.8069571865443425,0.0,0.0,1.0,20756.00387832923,0.0,5.6892224496376566e-15,2.7119945323084164e-13,0.0,0.0,0.0,,,0.0
batched_greedy@10s,1,500,2616,2102,0.8035168195718655,0.19648318042813456,0.033256880733944956,0.1632262996941896,0.0,247.72598561214897,201.66834815748325,510.6070206096026,212.61934565956918,840.8,9.30256898192198,238.423416630227,0.3915728862041654,0.0995871391702849,0.5088399746255496,1053,6.835707502374169,0.04471320036727628,0.10954399964248301,0.054956169925826026,,,,2616,0.0,0.8035168195718655,0.0,0.0,1.0,20528.20670126034,0.0,-9.505875313032215e-15,2.809605809450349e-13,0.0,0.0,0.0,,,0.0
batched_greedy@10s,2,500,2616,2119,0.8100152905198776,0.18998470948012233,0.051605504587155966,0.13837920489296637,0.0,249.58328611043453,195.88801308515485,520.0212101229627,221.25855241505062,847.6,12.664936290703162,236.91834981973133,0.38625598434557856,0.09899419300933536,0.5147498226450861,1058,8.84593572778828,0.04038553877002834,0.08733100012250372,0.049672300793377026,,,,2616,0.0,0.8100152905198776,0.0,0.0,1.0,20864.04644710823,0.0,-1.5515668033053108e-14,2.7312345662862565e-13,0.0,0.0,0.0,,,0.0
batched_greedy@10s,3,500,2616,2094,0.8004587155963303,0.19954128440366972,0.054281345565749234,0.1452599388379205,0.0,245.46561489416598,191.8613112230978,516.5785373513045,217.44020602576532,837.6,12.997612225405922,232.46800266876008,0.4016915744727122,0.09591213851649665,0.5023962870107912,1071,9.2250233426704,0.0402419234227251,0.09698999947431729,0.051759834368530024,,,,2616,0.0,0.8004587155963303,0.0,0.0,1.0,20445.176036073753,0.0,-1.3685327942514107e-15,2.750144376263783e-13,0.0,0.0,0.0,,,0.0
batched_greedy@10s,4,500,2616,2081,0.7954892966360856,0.2045107033639144,0.05963302752293578,0.1448776758409786,0.0,244.49737488399114,195.5441186893695,506.2200344069297,216.2127978350375,832.4,11.79288803459875,232.70448684939237,0.4092528246076131,0.09585366854650608,0.4948935068458808,1058,9.298676748582231,0.04134773154877421,0.09877300007246965,0.049060542797494784,,,,2616,0.0,0.7954892966360856,0.0,0.0,1.0,20229.604438795326,0.0,-7.384236849513115e-15,2.7951894629853595e-13,0.0,0.0,0.0,,,0.0
batched_greedy@10s,5,500,2616,2095,0.8008409785932722,0.19915902140672784,0.05542813455657492,0.1437308868501529,0.0,252.1487704831939,203.39649024956225,530.1662927208721,223.19529738631957,838.0,13.503579952267303,238.64519053092658,0.39512869150610236,0.09882863433110887,0.5060426741627887,1047,9.615090735434576,0.041267717284181944,0.0946539999313245,0.04918600623484586,,,,2616,0.0,0.8008409785932722,0.0,0.0,1.0,20511.59225461336,0.0,1.1627930122350924e-15,2.7118450683129707e-13,0.0,0.0,0.0,,,0.0
optimal@10s,0,300,2616,1803,0.6892201834862385,0.31077981651376146,0.08371559633027523,0.22706422018348624,0.0,339.1232299214119,295.3488656152149,638.8514085213592,267.33983657165555,721.2,18.503050471436495,320.6201794499754,0.09774190218636092,0.17991649092463247,0.7223416068890066,1080,12.778703703703703,0.06887916666376744,0.12945699991178122,0.045064377682403435,4.951780284309406,0.0004872817510444004,0.0712962962962963,2616,0.0,0.6892201834862385,0.0,0.0,1.0,17537.19429742341,0.0,2.5167518282018525e-15,2.767259521917939e-13,0.0,0.0,0.0,,,0.0
optimal@10s,1,300,2616,1785,0.6823394495412844,0.3176605504587156,0.06842507645259939,0.2492354740061162,0.0,332.7342738964177,296.45201856214953,619.5701643478046,252.3116297963575,714.0,15.971988795518207,316.7622851008995,0.10982633426704101,0.1769668396054085,0.7132068261275505,1071,10.442577030812325,0.060112978516381435,0.11635999990176059,0.05671537926235212,5.454732954387036,0.0006795955233645842,0.07563025210084033,2616,0.0,0.6823394495412844,0.0,0.0,1.0,17299.294058523526,0.0,-1.1504522824586328e-14,2.827258502010478e-13,0.0,0.0,0.0,,,0.0
optimal@10s,2,300,2616,1803,0.6892201834862385,0.31077981651376146,0.08333333333333333,0.22744648318042812,0.0,343.8250838128493,302.4128643342501,627.3362706734971,267.54990922759583,721.2,19.799778147531892,324.0253056653174,0.0885881438622297,0.181782379365118,0.7296294767726523,1070,12.366355140186917,0.06548654206351988,0.11861300014970753,0.04775481111903065,6.530488483668139,0.0006672952615590354,0.08037383177570094,2616,0.0,0.6892201834862385,0.0,0.0,1.0,17748.176762648964,0.0,-4.830547744636399e-15,2.759678231912845e-13,0.0,0.0,0.0,,,0.0
optimal@10s,3,300,2616,1814,0.6934250764525994,0.3065749235474006,0.10015290519877676,0.20642201834862386,0.0,339.75714380210104,300.36656942532136,625.9773514139714,272.1753914575049,725.6,19.167034178610805,320.5901096234902,0.10621546777444195,0.18049339896832817,0.7132911332572299,1076,13.79182156133829,0.05387611525573948,0.1040249997004139,0.0427007299270073,4.312103007171011,0.0003890437027652068,0.06784386617100371,2616,0.0,0.6934250764525994,0.0,0.0,1.0,17608.976387808707,0.0,-1.1386212320907614e-15,2.8272986059409566e-13,0.0,0.0,0.0,,,0.0
optimal@10s,4,300,2616,1845,0.7052752293577982,0.2947247706422018,0.09021406727828746,0.2045107033639144,0.0,321.71597374049736,285.6368474009546,591.8758291555725,261.8717210674855,738.0,16.24878048780488,305.4671932526925,0.10430422533392238,0.1755352954768269,0.7201604791892507,1067,13.270852858481724,0.06581283974766179,0.11979999999311985,0.060078208318521155,3.8938586315689743,0.0003691205679766755,0.059044048734770385,2616,0.0,0.7052752293577982,0.0,0.0,1.0,17691.956152803617,0.0,-1.6511934848625634e-16,2.776176157372818e-13,0.0,0.0,0.0,,,0.0
optimal@10s,5,300,2616,1837,0.702217125382263,0.297782874617737,0.08792048929663608,0.2098623853211009,0.0,337.9516483133434,302.7849453365134,608.8643842413472,270.62073227949986,734.8,17.87261839956451,320.07902991377887,0.10234793221512553,0.18419122121239356,0.7134608465724809,1085,12.63225806451613,0.05874986174503102,0.11203200043382823,0.05174875089221984,4.65346655013606,0.00046418045758202914,0.0663594470046083,2616,0.0,0.702217125382263,0.0,0.0,1.0,17506.015642539533,0.0,-1.5239729879666818e-14,2.7928158787600585e-13,0.0,0.0,0.0,,,0.0
optimal@10s,0,350,2616,1970,0.7530581039755352,0.24694189602446484,0.06842507645259939,0.17851681957186544,0.0,299.5223496831964,255.75897544741383,573.9122135356066,252.0958816938895,788.0,15.34720812182741,284.175141561369,0.1662755018453124,0.15344362554992455,0.680280872604763,1068,10.896067415730338,0.05956797752057018,0.11272800014921802,0.042387848816672555,4.080178183477745,0.0004909548985703277,0.05711610486891386,2616,0.0,0.7530581039755352,0.0,0.0,1.0,19247.521929053804,0.0,6.527435106811377e-15,2.820737439450277e-13,0.0,0.0,0.0,,,0.0
optimal@10s,1,350,2616,1947,0.7442660550458715,0.25573394495412843,0.06995412844036697,0.18577981651376146,0.0,285.7642288397063,240.23478439678684,555.8838542468053,235.42343845788713,778.8,13.840780688238315,271.923448151468,0.1873103527255543,0.14689477128351924,0.6657948759909263,1059,9.718602455146364,0.061739093482047105,0.1202620000731259,0.05613668061366806,3.833949491781353,0.0005318536037624045,0.047214353163361665,2616,0.0,0.7442660550458715,0.0,0.0,1.0,18929.15298799343,0.0,8.48399704652436e-15,2.82831225768319e-13,0.0,0.0,0.0,,,0.0
optimal@10s,2,350,2616,1990,0.7607033639143731,0.2392966360856269,0.06422018348623854,0.17507645259938837,0.0,292.1029477740942,245.73602954399485,559.2751345466605,246.033274878978,796.0,14.383417085427135,277.7195306886671,0.15972919875190522,0.15286181757500128,0.6874089836730936,1065,10.101408450704225,0.060717370899271456,0.11737999993783882,0.0455820476858345,4.050094966896663,0.0005357061371583244,0.059154929577464786,2616,0.0,0.7607033639143731,0.0,0.0,1.0,19495.126539524226,0.0,1.787514859748242e-15,2.7454130537907576e-13,0.0,0.0,0.0,,,0.0
optimal@10s,3,350,2616,1951,0.7457951070336392,0.25420489296636084,0.09174311926605505,0.16246177370030582,0.0,288.9208479771635,242.6116968388019,555.0316021214658,246.40674437816836,780.4,14.969759097898514,273.95108887926494,0.18751953635721139,0.14779579447760835,0.6646846691651803,1084,11.690036900369003,0.0720932656891765,0.12380400058646054,0.04849137931034483,2.5234782089733048,0.0002792259381481289,0.045202952029520294,2616,0.0,0.7457951070336392,0.0,0.0,1.0,18984.135962357563,0.0,-1.207758763436408e-15,2.7379704517614865e-13,0.0,0.0,0.0,,,0.0
optimal@10s,4,350,2616,1986,0.7591743119266054,0.2408256880733945,0.0775993883792049,0.1632262996941896,0.0,279.6596051105595,242.27293903605528,527.9018289092969,240.24237116467125,794.4,11.6742195367573,267.98538557380215,0.18798460421942131,0.14762553208130375,0.664389863699275,1063,10.747883349012229,0.06323781750275373,0.11338999982399395,0.04584221748400853,3.5354116559240407,0.0004338567475294002,0.045155221072436504,2616,0.0,0.7591743119266054,0.0,0.0,1.0,19106.89962609895,0.0,-7.978847525614267e-15,2.7897433719722004e-13,0.0,0.0,0.0,,,0.0
optimal@10s,5,350,2616,1976,0.7553516819571865,0.24464831804281345,0.06689602446483181,0.17775229357798164,0.0,287.45580066164484,244.90354925899055,562.4963835578287,241.9625642343501,790.4,14.676113360323887,272.779687301321,0.18444233578556848,0.15031779692774735,0.6652398672866842,1061,10.420358152686145,0.06451875589973034,0.11830000003101326,0.048036465638148666,3.281129979096579,0.00041863681535325947,0.0527803958529689,2616,0.0,0.7553516819571865,0.0,0.0,1.0,19009.1174499383,0.0,-8.970781832173634e-15,2.8177460364986473e-13,0.0,0.0,0.0,,,0.0
optimal@10s,0,400,2616,2043,0.7809633027522935,0.2190366972477064,0.058486238532110095,0.16055045871559634,0.0,273.5809323659678,221.07069970933844,558.2898662451544,234.36421194422041,817.2,13.489965736661771,260.090966629306,0.2526985415712199,0.12977520420971853,0.6175262542190616,1057,9.306527909176916,0.06257511824356628,0.11864399988553487,0.0493226814866273,2.8008347592315785,0.00041371232634509597,0.043519394512771994,2616,0.0,0.7809633027522935,0.0,0.0,1.0,20102.335470950107,0.0,-1.5605507857834407e-14,2.8334587083214627e-13,0.0,0.0,0.0,,,0.0
optimal@10s,1,400,2616,1998,0.7637614678899083,0.23623853211009174,0.05389908256880734,0.1823394495412844,0.0,262.89118476651305,220.00666416550894,531.0338474412533,219.6570734569017,799.2,10.363863863863864,252.52732090264917,0.2765406842754467,0.12382699568754742,0.5996323200370058,1060,8.191509433962263,0.07492858489624851,0.13274099993395794,0.05856164383561644,2.684251240172333,0.00046602581028959097,0.04433962264150943,2616,0.0,0.7637614678899083,0.0,0.0,1.0,19365.07964153958,0.0,-2.4071502215596486e-15,2.7749885583710917e-13,0.0,0.0,0.0,,,0.0
optimal@10s,2,400,2616,2067,0.7901376146788991,0.2098623853211009,0.04892966360856269,0.16093272171253822,0.0,270.34313252985515,220.9144808998426,536.3693945499037,231.9491169197178,826.8,11.94291243347847,258.4002200963767,0.24341631476043427,0.1313908651369684,0.6251928201025974,1058,8.447069943289225,0.05850160679436945,0.11811800001851241,0.055726495726495726,3.408664965849728,0.0005716758750483997,0.05860113421550094,2616,0.0,0.7901376146788991,0.0,0.0,1.0,20344.95985830956,0.0,2.9975484546821836e-15,2.7652728249999873e-13,0.0,0.0,0.0,,,0.0
optimal@10s,3,400,2616,2009,0.7679663608562691,0.23203363914373087,0.06116207951070336,0.17087155963302753,0.0,267.23462165296775,218.50980405375913,534.0076101352446,229.4738987981757,803.6,12.64211050273768,254.59251115023005,0.2756564330177496,0.1247778582455366,0.5995657087367138,1082,9.783733826247689,0.06604103512686152,0.12593800000104238,0.04912891986062718,3.0722302794326244,0.00042447850206493915,0.04621072088724584,2616,0.0,0.7679663608562691,0.0,0.0,1.0,19530.838115002673,0.0,6.817178313477317e-15,2.8625340580286477e-13,0.0,0.0,0.0,,,0.0
optimal@10s,4,400,2616,2029,0.775611620795107,0.22438837920489296,0.07568807339449542,0.14870030581039756,0.0,261.6604175236923,218.4846883671753,526.5557072232718,229.8417962913823,811.6,13.459339576145885,248.20107794754637,0.281497813687721,0.12338395002088595,0.595118236291393,1063,10.869238005644403,0.058317403580680695,0.11094199981016561,0.04946996466431095,3.053695573515664,0.00037295162976556045,0.04045155221072436,2616,0.0,0.775611620795107,0.0,0.0,1.0,19523.385172466405,0.0,5.8746064253231175e-15,2.791361140368817e-13,0.0,0.0,0.0,,,0.0
optimal@10s,5,400,2616,2029,0.775611620795107,0.22438837920489296,0.05733944954128441,0.16704892966360857,0.0,273.30037625121145,231.51410336631307,547.8858234556337,233.9046036941872,811.6,13.611138491867916,259.68923775934354,0.2675233043952743,0.12884154386846755,0.6036351517362583,1046,9.722753346080307,0.06481424473212381,0.127430000111417,0.05452035886818495,2.5935424971880585,0.00036401465454589395,0.052581261950286805,2616,0.0,0.775611620795107,0.0,0.0,1.0,19623.41299955958,0.0,-2.0841332055368487e-14,2.819929274482016e-13,0.0,0.0,0.0,,,0.0
optimal@10s,0,450,2616,2073,0.7924311926605505,0.20756880733944955,0.045871559633027525,0.16169724770642202,0.0,262.959509866191,209.9838197397512,552.1617281215796,226.16216988748573,829.2,12.254220935841776,250.70528893034924,0.3246585389207636,0.11398494994772716,0.5613565111315093,1063,8.348071495766698,0.06806942614017224,0.12651399949390904,0.04843696324287187,2.2451022173747486,0.0003828510117593467,0.047036688617121354,2616,0.0,0.7924311926605505,0.0,0.0,1.0,20496.75833556038,0.0,-1.9957236270927077e-15,2.791648029749982e-13,0.0,0.0,0.0,,,0.0
optimal@10s,1,450,2616,2040,0.7798165137614679,0.22018348623853212,0.052370030581039756,0.16781345565749237,0.0,255.71517091724294,209.86916303276894,522.2150895143158,218.08217764104012,816.0,10.662745098039215,245.05242581920373,0.34657051048001425,0.10966649841410561,0.5437629911058802,1057,8.265846736045411,0.0634711447494074,0.12051999983668796,0.055574614065180106,1.8882838700263538,0.00032660328139240706,0.03784295175023652,2616,0.0,0.7798165137614679,0.0,0.0,1.0,19664.43647833357,0.0,5.964727622495939e-16,2.7886886699639483e-13,0.0,0.0,0.0,,,0.0
optimal@10s,2,450,2616,2101,0.8031345565749235,0.19686544342507645,0.051605504587155966,0.1452599388379205,0.0,259.61236289362444,208.28617279790433,525.3034530572204,228.0432296663518,840.4,11.84055211803903,247.77181077558546,0.316484372151322,0.11464257212221801,0.5688730557264601,1059,8.763928234183192,0.06571586402268183,0.13139399958163273,0.05261348005502063,2.974288312101473,0.0004784707624438108,0.049102927289896126,2616,0.0,0.8031345565749235,0.0,0.0,1.0,20768.449098414156,0.0,-1.0344467363189941e-14,2.7349131473972235e-13,0.0,0.0,0.0,,,0.0
optimal@10s,3,450,2616,2064,0.7889908256880734,0.21100917431192662,0.0577217125382263,0.1532874617737003,0.0,253.42410193538382,202.65738866529864,526.646036453584,222.75375603237913,825.6,12.419089147286822,241.00501278809702,0.3404580659934067,0.10900376134372194,0.5505381726628713,1073,9.506057781919852,0.061444641185767854,0.12535599955299404,0.04895833333333333,3.3490183470097366,0.00048412556928053023,0.048462255358807084,2616,0.0,0.7889908256880734,0.0,0.0,1.0,20090.531647806936,0.0,3.178336147240855e-15,2.733575639747996e-13,0.0,0.0,0.0,,,0.0
optimal@10s,4,450,2616,2073,0.7924311926605505,0.20756880733944955,0.06269113149847094,0.1448776758409786,0.0,254.27222705393206,206.17104931277026,528.9796630306596,224.92950912882145,829.2,10.957549445248432,243.31467760868364,0.3412735463701202,0.11045803593948504,0.5482684176903948,1057,9.555345316934721,0.06187549667372081,0.11994000036793315,0.05118384401114206,2.2946517631029835,0.0003299606404480586,0.043519394512771994,2616,0.0,0.7924311926605505,0.0,0.0,1.0,20147.965853769732,0.0,-9.674525210532442e-15,2.7483155912924703e-13,0.0,0.0,0.0,,,0.0
optimal@10s,5,450,2616,2066,0.7897553516819572,0.21024464831804282,0.05619266055045872,0.1540519877675841,0.0,260.821144374675,216.74364786822593,533.6594606940853,227.07460422658414,826.4,12.300580832526622,248.52056354214835,0.3370454873307142,0.11248299466653917,0.5504715180027466,1046,9.304015296367114,0.0680222753412349,0.12600999989444972,0.05576592082616179,3.218886300595631,0.00048069396973144225,0.052581261950286805,2616,0.0,0.7897553516819572,0.0,0.0,1.0,20067.84416797115,0.0,2.0698727232580726e-15,2.7703052286283867e-13,0.0,0.0,0.0,,,0.0
optimal@10s,0,500,2616,2116,0.808868501529052,0.191131498470948,0.04892966360856269,0.14220183486238533,0.0,249.73295702740785,198.70691604179365,531.8917468091049,220.48466770888652,846.4,12.293950850661625,237.4390061767462,0.3862569140833523,0.09911537167969443,0.5146277142369533,1063,8.572906867356538,0.06492022577084576,0.12312999986534082,0.0479145122371596,2.228776738653206,0.0003698491759529741,0.041392285983066796,2616,0.0,0.808868501529052,0.0,0.0,1.0,20790.459246580787,0.0,-7.225893901293788e-15,2.746078936602806e-13,0.0,0.0,0.0,,,0.0
optimal@10s,1,500,2616,2106,0.805045871559633,0.19495412844036697,0.0290519877675841,0.1659021406727829,0.0,247.4394473786112,202.25152852146311,503.0911122554089,211.15210162687862,842.4,8.74406457739791,238.69538280121327,0.39045245013102364,0.10045290084581587,0.5090946490231605,1046,6.373804971319312,0.06757313575121553,0.1177999999072198,0.05379959650302623,2.24738802881282,0.0005600508280482154,0.044933078393881457,2616,0.0,0.805045871559633,0.0,0.0,1.0,20452.455926535942,0.0,-6.1746534866237105e-15,2.767004732336149e-13,0.0,0.0,0.0,,,0.0
optimal@10s,2,500,2616,2131,0.8146024464831805,0.18539755351681958,0.0481651376146789,0.13723241590214066,0.0,251.27420084219693,199.36612785088073,518.2620694481775,223.33685981225176,852.4,12.486156733927734,238.78804410826913,0.38112876037805754,0.10059082739129527,0.5182804122306471,1056,8.737689393939394,0.07260928031045792,0.13083000035294395,0.04722509479489831,1.9331675452561536,0.0003135230560297253,0.04640151515151515,2616,0.0,0.8146024464831805,0.0,0.0,1.0,21055.04995414219,0.0,-1.1224141174342737e-14,2.749960434558723e-13,0.0,0.0,0.0,,,0.0
optimal@10s,3,500,2616,2096,0.8012232415902141,0.19877675840978593,0.05389908256880734,0.1448776758409786,0.0,247.50384998764324,191.4153747782575,523.7192467875748,218.5961039753376,838.4,12.86259541984733,234.6412545677959,0.4000502583529537,0.09693334629286264,0.5030163953541836,1063,9.107243650047037,0.06863603010202643,0.13296599994646377,0.05370051635111876,2.281245653527438,0.0003508787864778696,0.04985888993414864,2616,0.0,0.8012232415902141,0.0,0.0,1.0,20472.207533935907,0.0,-4.3294460467920704e-15,2.7225592433606514e-13,0.0,0.0,0.0,,,0.0
optimal@10s,4,500,2616,2084,0.7966360856269113,0.20336391437308868,0.058486238532110095,0.1448776758409786,0.0,247.91119911586864,198.11430888994278,514.376728463308,219.20839455722717,833.6,12.644433781190019,235.2667653346786,0.40855547343747783,0.09701019274625375,0.4944343338162685,1060,9.45377358490566,0.06873216980410397,0.12943499978973733,0.05817555938037866,1.7635959988187762,0.0002584873092012709,0.03679245283018868,2616,0.0,0.7966360856269113,0.0,0.0,1.0,20158.03090354781,0.0,-8.332532787025946e-15,2.7868100235236075e-13,0.0,0.0,0.0,,,0.0
optimal@10s,5,500,2616,2102,0.8035168195718655,0.19648318042813456,0.05045871559633028,0.14602446483180428,0.0,250.96724550382498,202.08391388710743,519.964513243616,220.87771905117577,840.8,12.293054234062797,238.6741912697622,0.3937918778339557,0.0992144216583297,0.5069937005077146,1059,8.7752596789424,0.07296789424145075,0.13623599968923378,0.052884615384615384,2.9892880693667974,0.0004820207658690643,0.04627006610009443,2616,0.0,0.8035168195718655,0.0,0.0,1.0,20471.125540436515,0.0,-4.178178048810544e-15,2.7260242905374885e-13,0.0,0.0,0.0,,,0.0
batched_greedy@10s+aware,0,300,2616,1836,0.7018348623853211,0.2981651376146789,0.21865443425076453,0.07951070336391437,0.0,308.3154640389728,284.86789072195097,531.9779956025109,285.47022008041625,734.4,33.30610021786492,275.0093638211078,0.11678276767135232,0.15128124756972047,0.7319359847589272,1105,23.53665158371041,0.028025791862791475,0.06004000013490446,0.04714640198511166,,,,2616,0.0,0.7018348623853211,0.0,0.0,1.0,17864.87889420169,0.0,-6.39769041423429e-15,2.78096113070671e-13,0.0,0.0,0.0,,,0.0
batched_greedy@10s+aware,1,300,2616,1819,0.6953363914373089,0.30466360856269115,0.22324159021406728,0.08142201834862385,0.0,311.6246035818671,296.9601807746112,540.0182848269997,286.61186561884506,727.6,37.998350742166025,273.6262528397011,0.1372288338775202,0.14809678599917656,0.7146743801233033,1120,24.70357142857143,0.025609910704815775,0.05875299998479015,0.04670558798999166,,,,2616,0.0,0.6953363914373089,0.0,0.0,1.0,17431.12331925933,0.0,1.1684502244873006e-15,2.773328570641544e-13,0.0,0.0,0.0,,,0.0
batched_greedy@10s+aware,2,300,2616,1857,0.7098623853211009,0.2901376146788991,0.21444954128440366,0.07568807339449542,0.0,326.4728427681782,306.3432044333913,551.751253285107,298.7721785268397,742.8,42.46149703823371,284.0113457299445,0.10288457623459188,0.15630638181792456,0.7408090419474835,1100,24.925454545454546,0.025240272723914877,0.06271999994169163,0.045454545454545456,,,,2616,0.0,0.7098623853211009,0.0,0.0,1.0,18035.02837846907,0.0,2.058067711346063e-15,2.8049554541675593e-13,0.0,0.0,0.0,,,0.0
batched_greedy@10s+aware,3,300,2616,1819,0.6953363914373089,0.30466360856269115,0.2297400611620795,0.07492354740061162,0.0,312.9829411616067,289.50787132088226,537.4775852124936,291.20540059998876,727.6,35.97306212204508,277.00987903956155,0.13250631647328678,0.15141685632694402,0.7160768271997692,1115,24.97847533632287,0.026541793720695952,0.0667020001310447,0.05179615705931495,,,,2616,0.0,0.6953363914373089,0.0,0.0,1.0,17680.817138160804,0.0,8.655711295230413e-15,2.803904564397246e-13,0.0,0.0,0.0,,,0.0
batched_greedy@10s+aware,4,300,2616,1854,0.7087155963302753,0.29128440366972475,0.21674311926605505,0.07454128440366972,0.0,300.2781293017716,281.0287529469283,528.770493911578,282.5402874878396,741.6,31.87108953613808,268.40703976563356,0.1315318490345092,0.15035788443411247,0.7181102665313783,1124,23.887010676156585,0.02766975090089804,0.06824799998867088,0.046926910299003324,,,,2616,0.0,0.7087155963302753,0.0,0.0,1.0,17759.166058015657,0.0,-1.0342919137716129e-14,2.776692935270922e-13,0.0,0.0,0.0,,,0.0
batched_greedy@10s+aware,5,300,2616,1849,0.7068042813455657,0.2931957186544342,0.21444954128440366,0.07874617737003058,0.0,310.10718449815624,283.9364122927618,540.710302638868,291.2565988396747,739.6,37.178474851270956,272.92870964688535,0.12614916658523237,0.1531970084909818,0.7206538249237858,1092,25.405677655677657,0.027831593431137294,0.06494500034023072,0.04926108374384237,,,,2616,0.0,0.7068042813455657,0.0,0.0,1.0,17602.15537491632,0.0,3.0118327158030207e-15,2.9230533023206103e-13,0.0,0.0,0.0,,,0.0
batched_greedy@10s+aware,0,350,2616,1933,0.738914373088685,0.261085626911315,0.18769113149847094,0.07339449541284404,0.0,275.099617603575,239.2432497845689,515.7900559328252,260.55926389463724,773.2,30.087428867046043,245.01218873652894,0.21255400895461554,0.1273921480406814,0.660053843004703,1119,20.099195710455763,0.028895621096082902,0.0676660004501172,0.04512779552715655,,,,2616,0.0,0.738914373088685,0.0,0.0,1.0,18664.984563162732,0.0,2.5087709113102346e-15,2.768708984560496e-13,0.0,0.0,0.0,,,0.0
batched_greedy@10s+aware,1,350,2616,1948,0.7446483180428135,0.25535168195718655,0.18577981651376146,0.06957186544342507,0.0,284.28847831548086,249.78002277398969,525.4374768048376,268.39671343543205,779.2,31.689938398357288,252.5985399171236,0.20647196173533944,0.1313077707555157,0.6622202675091449,1099,21.118289353958144,0.028481164722742803,0.06620999931328696,0.04888712241653418,,,,2616,0.0,0.7446483180428135,0.0,0.0,1.0,18811.153906304397,0.0,-7.432339024400279e-15,2.731198794390086e-13,0.0,0.0,0.0,,,0.0
batched_greedy@10s+aware,2,350,2616,1981,0.757262996941896,0.24273700305810397,0.17889908256880735,0.06383792048929664,0.0,281.1818882824624,247.5605536455405,526.7305478516464,268.7247021152729,792.4,32.073700151438665,249.10818813102375,0.18499571971961837,0.13195440757420568,0.6830498727061759,1101,20.751135331516803,0.028360672114218912,0.06940000002941815,0.04968454258675079,,,,2616,0.0,0.757262996941896,0.0,0.0,1.0,19309.94868129555,0.0,-2.5650018874832995e-15,2.768995980961018e-13,0.0,0.0,0.0,,,0.0
batched_greedy@10s+aware,3,350,2616,1913,0.7312691131498471,0.2687308868501529,0.19686544342507645,0.07186544342507645,0.0,275.72863150554394,240.89656024860233,514.0797810232743,263.8040191626528,765.2,30.834291688447465,244.89433981709647,0.22210489025467745,0.12541066464872386,0.6524844450965988,1102,21.75771324863884,0.027324319433586434,0.0606930001777073,0.04792589609343536,,,,2616,0.0,0.7312691131498471,0.0,0.0,1.0,18588.866012368213,0.0,6.6081774425467235e-15,2.7203006067167805e-13,0.0,0.0,0.0,,,0.0
batched_greedy@10s+aware,4,350,2616,1952,0.746177370030581,0.25382262996941896,0.18845565749235474,0.06536697247706422,0.0,267.6298248780892,236.3677117543216,508.4568900432706,260.42126134358585,780.8,25.462090163934427,242.16773471415476,0.2103226112723338,0.1277028895989923,0.6619744991286739,1106,20.984629294755877,0.030344575040312544,0.06729000042469126,0.0495603517186251,,,,2616,0.0,0.746177370030581,0.0,0.0,1.0,18961.917191703942,0.0,-6.247734570134436e-15,2.7385880448617464e-13,0.0,0.0,0.0,,,0.0
batched_greedy@10s+aware,5,350,2616,1939,0.7412079510703364,0.2587920489296636,0.1926605504587156,0.06613149847094801,0.0,279.2886685096968,241.45411778802554,524.4027046520416,268.4562824934943,775.6,34.27797833935018,245.0106901703466,0.21495283084557393,0.12655585144246598,0.6584913177119601,1077,22.618384401114206,0.035924326836780825,0.08261999973910863,0.04834198961246504,,,,2616,0.0,0.7412079510703364,0.0,0.0,1.0,18688.348347107512,0.0,-4.1504820324408634e-15,2.8122367193542724e-13,0.0,0.0,0.0,,,0.0
batched_greedy@10s+aware,0,400,2616,1993,0.7618501529051988,0.23814984709480122,0.1712538226299694,0.06689602446483181,0.0,260.7160304133954,221.1471622116851,509.70316338033075,252.81653815115587,797.2,29.865027596588057,230.85100281680735,0.29176375472893346,0.10881148476650732,0.5994247605045592,1096,19.89324817518248,0.03555264599500154,0.08460500025648798,0.04845642829230168,,,,2616,0.0,0.7618501529051988,0.0,0.0,1.0,19384.863902424135,0.0,1.377545566048699e-14,2.8100173690407196e-13,0.0,0.0,0.0,,,0.0
batched_greedy@10s+aware,1,400,2616,1989,0.7603211009174312,0.2396788990825688,0.172782874617737,0.06689602446483181,0.0,267.00449423057245,229.20567167059744,517.1837067469856,256.35942355584973,795.6,30.07591754650578,236.92857668406666,0.2902076820285635,0.11186550528664085,0.5979268126847956,1120,19.675892857142856,0.03731741071370769,0.08458099955532816,0.056332556332556336,,,,2616,0.0,0.7603211009174312,0.0,0.0,1.0,19234.161873799014,0.0,-3.6076387394456065e-15,2.703112299662414e-13,0.0,0.0,0.0,,,0.0
batched_greedy@10s+aware,2,400,2616,2038,0.7790519877675841,0.2209480122324159,0.154434250764526,0.06651376146788991,0.0,260.9551971463711,220.89924630530209,508.31460701839876,252.0814362990127,815.2,28.952404317958784,232.00279282841234,0.2722921275537999,0.11202726662948248,0.6156806058167176,1101,18.559491371480473,0.03267720253366451,0.0780000000304426,0.050191570881226055,,,,2616,0.0,0.7790519877675841,0.0,0.0,1.0,19916.7422311134,0.0,-5.34432382766567e-15,2.761219450665868e-13,0.0,0.0,0.0,,,0.0
batched_greedy@10s+aware,3,400,2616,1976,0.7553516819571865,0.24464831804281345,0.18157492354740062,0.06307339449541284,0.0,260.55734278495106,217.90881871004058,515.4864138634725,253.4449175186059,790.4,29.217611336032387,231.33973144891863,0.2984300221538648,0.10779015062017466,0.5937798272259605,1096,20.392335766423358,0.03705647807867927,0.08624999973108056,0.052321007081038554,,,,2616,0.0,0.7553516819571865,0.0,0.0,1.0,19271.8026476109,0.0,-4.944313065132276e-18,2.805560552208126e-13,0.0,0.0,0.0,,,0.0
batched_greedy@10s+aware,4,400,2616,1982,0.7576452599388379,0.2423547400611621,0.18081039755351683,0.06154434250764526,0.0,250.0958569606516,211.4966479629934,504.3623698904734,248.20450581369076,792.8,24.49899091826438,225.59686604238723,0.3039663463547246,0.1072144063780398,0.5888192472672357,1106,20.309222423146473,0.03711925860056949,0.0839949993405753,0.04648390941597139,,,,2616,0.0,0.7576452599388379,0.0,0.0,1.0,19149.247262085984,0.0,1.2765884324524378e-15,2.7712835950251063e-13,0.0,0.0,0.0,,,0.0
batched_greedy@10s+aware,5,400,2616,2012,0.7691131498470948,0.2308868501529052,0.1628440366972477,0.06804281345565749,0.0,265.9727625939502,229.65739725578123,515.4083194123846,257.3777606131892,804.8,30.38667992047714,235.5860826734731,0.29550395863143736,0.11162247426765648,0.5928735671009061,1066,20.18855534709193,0.03600487803427958,0.085259999923437,0.0512326656394453,,,,2616,0.0,0.7691131498470948,0.0,0.0,1.0,19302.625250194076,0.0,-1.0372970430473928e-14,2.772794143616906e-13,0.0,0.0,0.0,,,0.0
batched_greedy@10s+aware,0,450,2616,2025,0.7740825688073395,0.22591743119266056,0.15634556574923547,0.06957186544342507,0.0,250.91929630596036,208.28617279790433,504.8804485264944,243.76865894022836,810.0,26.679506172839506,224.23979013312083,0.3581083066882749,0.09632501307494598,0.5455666802367791,1095,18.23835616438356,0.036140000012070135,0.0842419999389676,0.04838709677419355,,,,2616,0.0,0.7740825688073395,0.0,0.0,1.0,19739.507575386564,0.0,4.499665386520289e-15,2.75164692129131e-13,0.0,0.0,0.0,,,0.0
batched_greedy@10s+aware,1,450,2616,2036,0.7782874617737003,0.2217125382262997,0.15672782874617738,0.06498470948012232,0.0,255.0478495951822,216.10562149640236,509.95707692941596,245.6017450376268,814.4,27.00147347740668,228.04637611777554,0.3576905163490449,0.09844716641005491,0.5438623172409003,1101,17.94459582198002,0.038367393257915175,0.08679999973537633,0.053578262533486416,,,,2616,0.0,0.7782874617737003,0.0,0.0,1.0,19774.185751827026,0.0,1.6494118884509692e-15,2.706392193958051e-13,0.0,0.0,0.0,,,0.0
batched_greedy@10s+aware,2,450,2616,2086,0.7974006116207951,0.20259938837920488,0.14143730886850153,0.06116207951070336,0.0,252.48732003532814,217.2312612792191,503.40506768551586,245.17439106747256,834.4,27.015340364333653,225.47197967099453,0.339278465718315,0.09923413131967851,0.5614874029620065,1101,17.158038147138964,0.03597420527677653,0.0824999997348641,0.049167927382753406,,,,2616,0.0,0.7974006116207951,0.0,0.0,1.0,20422.189098515584,0.0,-9.049541770041449e-15,2.7585305936799535e-13,0.0,0.0,0.0,,,0.0
batched_greedy@10s+aware,3,450,2616,2022,0.7729357798165137,0.22706422018348624,0.16857798165137614,0.058486238532110095,0.0,247.27244819385706,202.81937869781495,499.3033324323378,244.79181066617454,808.8,26.659248269040553,220.6131999248165,0.3629186470991175,0.09478246683236473,0.5422988860685178,1091,19.353803849679192,0.04259211733064629,0.09557999992466623,0.053405572755417956,,,,2616,0.0,0.7729357798165137,0.0,0.0,1.0,19652.31826202728,0.0,-2.600403681812434e-16,2.708329219755224e-13,0.0,0.0,0.0,,,0.0
batched_greedy@10s+aware,4,450,2616,2034,0.7775229357798165,0.22247706422018348,0.16781345565749237,0.05466360856269113,0.0,246.72547723309054,205.11424805404135,490.83903571463395,244.1075820865982,813.6,25.97148475909538,220.75399247399514,0.36332385421780117,0.09551754308962287,0.5411586026925759,1101,19.020890099909174,0.040772842876454274,0.1021999996737577,0.05201863354037267,,,,2616,0.0,0.7775229357798165,0.0,0.0,1.0,19730.731593525838,0.0,2.7892033706167895e-16,2.7075261076085006e-13,0.0,0.0,0.0,,,0.0
batched_greedy@10s+aware,5,450,2616,2048,0.7828746177370031,0.21712538226299694,0.15099388379204892,0.06613149847094801,0.0,254.59802709907478,215.9921679976428,504.3280592742211,248.9355274014828,819.2,27.33056640625,227.26746069282478,0.35272378817948186,0.09886373759449694,0.5484124742260212,1067,18.89597000937207,0.03758959698900161,0.08410200040088964,0.05386949924127466,,,,2616,0.0,0.7828746177370031,0.0,0.0,1.0,19908.94426718615,0.0,5.520215361209946e-15,2.806735963437057e-13,0.0,0.0,0.0,,,0.0
batched_greedy@10s+aware,0,500,2616,2084,0.7966360856269113,0.20336391437308868,0.14220183486238533,0.06116207951070336,0.0,244.8169214956293,200.51023523811455,498.3627277338751,239.4969802406327,833.6,26.239923224568138,218.57699827106114,0.40655817323596327,0.08706526071430654,0.5063765660497302,1100,17.025454545454547,0.04226718181102611,0.09333600011814266,0.041539634146341466,,,,2616,0.0,0.7966360856269113,0.0,0.0,1.0,20408.03173913451,0.0,6.060624384522855e-15,2.7051532266097427e-13,0.0,0.0,0.0,,,0.0
batched_greedy@10s+aware,1,500,2616,2099,0.8023700305810397,0.19762996941896024,0.13723241590214066,0.06039755351681957,0.0,252.1217679451918,215.86626002152934,500.1244415628027,243.1209268772574,839.6,26.739876131491187,225.3818918137006,0.4046289630919819,0.09001203769123585,0.5053589992167823,1099,16.43039126478617,0.04273712466494943,0.09270800010199308,0.051070221554637626,,,,2616,0.0,0.8023700305810397,0.0,0.0,1.0,20443.00032175682,0.0,-8.861473304125785e-15,2.798671780798775e-13,0.0,0.0,0.0,,,0.0
batched_greedy@10s+aware,2,500,2616,2120,0.8103975535168195,0.18960244648318042,0.12920489296636087,0.06039755351681957,0.0,241.68635426704373,199.99055295126118,497.14692235983586,236.38395857706914,848.0,27.222641509433963,214.46371275760976,0.3991004394695185,0.08707338951210772,0.5138261710183738,1092,16.557692307692307,0.03919166668880619,0.0909800001591064,0.058367196158108606,,,,2616,0.0,0.8103975535168195,0.0,0.0,1.0,20799.757154005278,0.0,-8.03675784203184e-15,2.71736930650999e-13,0.0,0.0,0.0,,,0.0
batched_greedy@10s+aware,3,500,2616,2061,0.7878440366972477,0.2121559633027523,0.14755351681957188,0.06460244648318043,0.0,239.80913674942394,194.93430168954183,492.33766617481933,235.9103838760961,824.4,24.87918486171761,214.92995188770632,0.4199295654251871,0.08491846569689375,0.4951519688779191,1090,17.51467889908257,0.048360917431520246,0.09932200029652448,0.05406427221172023,,,,2616,0.0,0.7878440366972477,0.0,0.0,1.0,20020.4070696905,0.0,9.148970330050296e-16,2.7209072237199647e-13,0.0,0.0,0.0,,,0.0
batched_greedy@10s+aware,4,500,2616,2053,0.7847859327217125,0.21521406727828746,0.15252293577981652,0.06269113149847094,0.0,239.64834335973364,203.1258577707722,487.82472970617414,237.44294578271297,821.2,23.556259132976134,216.09208422675755,0.42303412248042666,0.08529832970358485,0.49166754781598854,1101,17.833787465940055,0.04207456858454914,0.09070000032807002,0.0565894417014812,,,,2616,0.0,0.7847859327217125,0.0,0.0,1.0,19872.743705525463,0.0,-5.880991423671981e-15,2.7669104762420163e-13,0.0,0.0,0.0,,,0.0
batched_greedy@10s+aware,5,500,2616,2061,0.7878440366972477,0.2121559633027523,0.15214067278287463,0.060015290519877675,0.0,242.99837281593665,198.10476477635802,492.8671920860588,241.11936820901872,824.4,26.79573022804464,216.202642587892,0.41400491150239677,0.08581607087660106,0.5001790176210021,1065,18.859154929577464,0.041135868564773595,0.09036799965542729,0.05140898705255141,,,,2616,0.0,0.7878440366972477,0.0,0.0,1.0,20106.077218320694,0.0,-1.9542295432970125e-15,2.73361472549139e-13,0.0,0.0,0.0,,,0.0
optimal@10s+aware,0,300,2616,1847,0.706039755351682,0.29396024464831805,0.21368501529051986,0.08027522935779817,0.0,312.17548609469765,289.2830405541263,538.7509171443642,287.61294907640894,738.8,35.7671900378993,276.40829605679835,0.11427548646145692,0.15249354760866626,0.7332309659298768,1099,23.671519563239308,0.06872911738912421,0.12275000022782474,0.041770057899090156,2.9659892655681728,0.00014736372362082544,0.03184713375796178,2616,0.0,0.706039755351682,0.0,0.0,1.0,17875.210469832644,0.0,-1.3402020875496746e-15,2.816362315111161e-13,0.0,0.0,0.0,,,0.0
optimal@10s+aware,1,300,2616,1831,0.6999235474006116,0.30007645259938837,0.21559633027522937,0.08448012232415902,0.0,320.1077567642686,301.1248434194822,546.5757037174844,290.49178305135405,732.4,39.289459311851445,280.8182974524172,0.12845497364195368,0.15142902499358277,0.7201160013644635,1098,24.63296903460838,0.05434881603947072,0.10462399975040168,0.05102880658436214,5.435488439489791,0.00025873094919863114,0.04644808743169399,2616,0.0,0.6999235474006116,0.0,0.0,1.0,17511.31423340351,0.0,-6.441840204051154e-16,2.7857078255892294e-13,0.0,0.0,0.0,,,0.0
optimal@10s+aware,2,300,2616,1854,0.7087155963302753,0.29128440366972475,0.2121559633027523,0.07912844036697247,0.0,326.7521121711355,309.5061304160272,551.1408541608843,298.7606786186232,741.6,38.16396979503776,288.5881423760977,0.09912596199664897,0.16026472112561205,0.7406093168777389,1101,24.25794732061762,0.06923496820277032,0.11960000028921058,0.05430788076766027,4.594149293427761,0.0002222324388375856,0.043596730245231606,2616,0.0,0.7087155963302753,0.0,0.0,1.0,18031.053498305173,0.0,-2.7589102044514676e-15,2.7954577403947917e-13,0.0,0.0,0.0,,,0.0
optimal@10s+aware,3,300,2616,1830,0.6995412844036697,0.30045871559633025,0.23279816513761467,0.0676605504587156,0.0,322.1510603836365,306.58904755297954,536.7927174431619,298.6050024502321,732.0,38.890163934426226,283.26089644921024,0.12578667363357673,0.15316203146741972,0.7210512948990035,1122,25.25311942959002,0.06385071303056505,0.11963700023443379,0.044359949302915085,5.807357758367698,0.0002688568924717115,0.04188948306595366,2616,0.0,0.6995412844036697,0.0,0.0,1.0,17822.52201763067,0.0,6.3419821913778885e-15,2.821509874555901e-13,0.0,0.0,0.0,,,0.0
optimal@10s+aware,4,300,2616,1853,0.7083333333333334,0.2916666666666667,0.2121559633027523,0.07951070336391437,0.0,306.42468706404196,286.7478692990817,532.1478518724493,284.8764945298462,741.2,33.60334592552617,272.8213411385158,0.12953460501025954,0.15214946592618894,0.7183159290635515,1121,23.794826048171277,0.060472346121060484,0.11940000022150339,0.03834931221342226,6.636581897131268,0.00032744317182796523,0.04817127564674398,2616,0.0,0.7083333333333334,0.0,0.0,1.0,17699.860177191946,0.0,-4.159052427273603e-15,2.76577226073279e-13,0.0,0.0,0.0,,,0.0
optimal@10s+aware,5,300,2616,1840,0.7033639143730887,0.2966360856269113,0.21636085626911314,0.08027522935779817,0.0,313.7705189892918,297.44953966348544,536.3008814204514,293.05305889034094,736.0,35.822826086956525,277.94769290233535,0.12647273676718368,0.15539728241004475,0.7181299808227716,1103,24.960108794197644,0.05912175883838318,0.11189799986823346,0.05750407830342578,6.241504328550041,0.0002932912330653327,0.05802357207615594,2616,0.0,0.7033639143730887,0.0,0.0,1.0,17543.10194369359,0.0,-1.0997000411743615e-14,2.850502442781718e-13,0.0,0.0,0.0,,,0.0
optimal@10s+aware,0,350,2616,1944,0.7431192660550459,0.25688073394495414,0.1930428134556575,0.06383792048929664,0.0,274.38273042222926,238.22545557180842,513.4605729856969,263.4841942991201,777.6,31.102880658436213,243.279849763793,0.20943529424038299,0.1269016223730515,0.6636630833865655,1102,21.156987295825772,0.0648635208572968,0.11637700046776447,0.046912590216519647,2.516959319921144,0.0001420667547901764,0.02722323049001815,2616,0.0,0.7431192660550459,0.0,0.0,1.0,18837.55255711487,0.0,-1.1821362361790659e-14,2.755701474052517e-13,0.0,0.0,0.0,,,0.0
optimal@10s+aware,1,350,2616,1946,0.7438837920489296,0.2561162079510703,0.17966360856269112,0.0764525993883792,0.0,279.98630333834717,244.98673347868953,519.8635654949846,263.47406412185967,778.4,29.91880781089414,250.06749552745302,0.21209885729706232,0.13052079410120773,0.65738034860173,1110,20.24774774774775,0.06971927926126949,0.12584599922774947,0.04707278481012658,4.1667371475839685,0.0002461920930880721,0.03873873873873874,2616,0.0,0.7438837920489296,0.0,0.0,1.0,18661.703987295565,0.0,8.62391122314176e-15,2.7070591971083206e-13,0.0,0.0,0.0,,,0.0
optimal@10s+aware,2,350,2616,1981,0.757262996941896,0.24273700305810397,0.17813455657492355,0.06460244648318043,0.0,277.61782127331895,242.96070846111616,520.4767033438238,265.6834853295109,792.4,30.49469964664311,247.12312162667584,0.18734745865773306,0.13175139096684998,0.6809011503754169,1101,20.386012715712987,0.06542316076115,0.11979999999311985,0.05001969279243797,2.299357487497687,0.00013525094323446244,0.02815622161671208,2616,0.0,0.757262996941896,0.0,0.0,1.0,19323.640014594228,0.0,-1.2655085348034193e-14,2.788476724189675e-13,0.0,0.0,0.0,,,0.0
optimal@10s+aware,3,350,2616,1919,0.7335626911314985,0.26643730886850153,0.19648318042813456,0.06995412844036697,0.0,279.8514818374502,244.0493181838183,517.1823202283762,267.1919626428955,767.6,31.929650859822825,247.92183097762737,0.22138234754052236,0.12685063035516564,0.651767022104312,1102,21.901996370235935,0.06554428311422299,0.11899999935849337,0.054756195043964825,2.2049252913959867,0.00011988640456183722,0.030852994555353903,2616,0.0,0.7335626911314985,0.0,0.0,1.0,18566.65720348524,0.0,-5.012029237588669e-15,2.733131884209159e-13,0.0,0.0,0.0,,,0.0
optimal@10s+aware,4,350,2616,1952,0.746177370030581,0.25382262996941896,0.18539755351681958,0.06842507645259939,0.0,272.44164200868704,240.2456351774315,510.77984615382013,262.6341355954235,780.8,26.62858606557377,245.81305594311328,0.20865809194982296,0.13001179024860385,0.6613301178015731,1114,20.717235188509875,0.06253231597314605,0.12577099965710622,0.04750499001996008,3.0613816985368434,0.00017652547730520032,0.03411131059245961,2616,0.0,0.746177370030581,0.0,0.0,1.0,18904.45821135634,0.0,-3.8675802087351765e-17,2.7468419160366235e-13,0.0,0.0,0.0,,,0.0
optimal@10s+aware,5,350,2616,1951,0.7457951070336392,0.25420489296636084,0.18730886850152906,0.06689602446483181,0.0,278.8258281818377,243.867290815022,517.7865833781998,269.12676539014984,780.4,33.248077908764735,245.57775027307298,0.2086123988001261,0.12774042246432674,0.6636471787355471,1085,22.244239631336406,0.06995179724050976,0.1280280003629744,0.04579848665870171,2.939613630378432,0.00015742601579554674,0.03225806451612903,2616,0.0,0.7457951070336392,0.0,0.0,1.0,18862.734926490084,0.0,-4.470938113723695e-15,2.754896373670482e-13,0.0,0.0,0.0,,,0.0
optimal@10s+aware,0,400,2616,1997,0.7633792048929664,0.23662079510703363,0.172782874617737,0.06383792048929664,0.0,260.2001190775429,222.88885292979103,504.4000004514277,252.9758218529986,798.8,28.58387581372058,231.61624326382235,0.28844689835667925,0.10914087861136798,0.6024122230319527,1112,19.426258992805757,0.07118426258608229,0.12663600038649772,0.05001953888237593,2.9220935552995866,0.00018154433116454802,0.03147482014388489,2616,0.0,0.7633792048929664,0.0,0.0,1.0,19478.828781941964,0.0,-5.176519092083003e-15,2.7801318805647017e-13,0.0,0.0,0.0,,,0.0
optimal@10s+aware,1,400,2616,1989,0.7603211009174312,0.2396788990825688,0.1720183486238532,0.0676605504587156,0.0,266.73005744884557,229.20567167059744,517.1837067469856,255.46547308695838,795.6,28.32931121166415,238.40074623718138,0.2892085767034684,0.11243376226570548,0.5983576610308261,1116,19.273297491039425,0.060173835109418185,0.11745999954655403,0.053717399766446086,3.171416388248016,0.000198266357836756,0.03225806451612903,2616,0.0,0.7603211009174312,0.0,0.0,1.0,19224.166597272917,0.0,7.856962943501108e-15,2.7426315506143803e-13,0.0,0.0,0.0,,,0.0
optimal@10s+aware,2,400,2616,2065,0.7893730886850153,0.2106269113149847,0.14908256880733944,0.06154434250764526,0.0,262.84769918836633,224.73396985730142,508.641463214055,254.31239908105746,826.0,29.379661016949154,233.4680381714172,0.26492176403282935,0.1140234485753175,0.6210547873918532,1101,18.251589464123523,0.06932988193731579,0.1373999994029873,0.04555895865237366,2.0498545260628327,0.00013669066975459873,0.029064486830154404,2616,0.0,0.7893730886850153,0.0,0.0,1.0,20164.106195334003,0.0,-2.42754431030872e-15,2.7538778360205256e-13,0.0,0.0,0.0,,,0.0
optimal@10s+aware,3,400,2616,1983,0.7580275229357798,0.24197247706422018,0.1831039755351682,0.058868501529051986,0.0,260.07222194360577,221.8000840406694,508.01919443202956,255.8013594369415,793.2,27.227433182047402,232.84478876155836,0.2959625803954929,0.10929517326990694,0.5947422463346002,1096,20.53375912408759,0.07039169709209303,0.13985000036882406,0.050157977883096366,3.448897969226684,0.00020187473265806003,0.029197080291970802,2616,0.0,0.7580275229357798,0.0,0.0,1.0,19268.051589339368,0.0,-6.16439717112094e-15,2.763444205354727e-13,0.0,0.0,0.0,,,0.0
optimal@10s+aware,4,400,2616,1983,0.7580275229357798,0.24197247706422018,0.17775229357798164,0.06422018348623854,0.0,253.67875020932206,215.6433463448725,502.1570102885324,250.20535665980825,793.2,24.884518406454866,228.7942318028672,0.3033936189465043,0.10882833068158575,0.58777805037191,1117,19.992837958818264,0.06950895255068712,0.14449199941736826,0.050473186119873815,3.214717386298185,0.00019322934946528863,0.03222918531781558,2616,0.0,0.7580275229357798,0.0,0.0,1.0,19095.550271000884,0.0,-6.227662527541839e-15,2.7568478121746296e-13,0.0,0.0,0.0,,,0.0
optimal@10s+aware,5,400,2616,2008,0.7675840978593272,0.2324159021406728,0.1620795107033639,0.07033639143730887,0.0,266.0282253922107,230.80276873021467,514.2550078888651,255.82886819983588,803.2,30.322709163346612,235.705516228864,0.2945559806778958,0.11185487265195264,0.5935891466701516,1058,20.025519848771268,0.07211947070182657,0.1435020002463717,0.053742802303262956,3.1260554673267307,0.00018865631128923884,0.034026465028355386,2616,0.0,0.7675840978593272,0.0,0.0,1.0,19248.538634115648,0.0,-1.1907252519087336e-14,2.7862528574734237e-13,0.0,0.0,0.0,,,0.0
optimal@10s+aware,0,450,2616,2041,0.7801987767584098,0.2198012232415902,0.1551987767584098,0.06460244648318043,0.0,253.85669739661074,213.5800809699358,504.8689054714123,245.94030079284346,816.4,27.402253797158256,226.45444359945253,0.35013979122934524,0.0980065874722922,0.5518536212983625,1090,18.1045871559633,0.06826678900324623,0.13502200019502195,0.04942528735632184,3.238478231885692,0.0002182983384188656,0.030275229357798167,2616,0.0,0.7801987767584098,0.0,0.0,1.0,20070.801257033487,0.0,8.031030247704953e-15,2.7328262142221497e-13,0.0,0.0,0.0,,,0.0
optimal@10s+aware,1,450,2616,2044,0.7813455657492355,0.21865443425076453,0.15634556574923547,0.06230886850152905,0.0,258.6345121319199,219.461163412715,508.6978300356361,249.4950255584624,817.6,27.902641878669275,230.7318702532506,0.3523868756228929,0.10008616554994695,0.5475269588271601,1113,18.0062893081761,0.07104034140910259,0.1411680000092012,0.05895777862305059,1.9189469511717745,0.0001297458820443304,0.025157232704402517,2616,0.0,0.7813455657492355,0.0,0.0,1.0,19910.564824030695,0.0,7.934944286763203e-15,2.7754402385818157e-13,0.0,0.0,0.0,,,0.0
optimal@10s+aware,2,450,2616,2088,0.7981651376146789,0.2018348623853211,0.14067278287461774,0.06116207951070336,0.0,254.58153439460344,216.07976537447075,502.92381005750605,247.1988905233925,835.2,27.626436781609197,226.95509761299422,0.33748901463193937,0.10035814331961118,0.5621528420484495,1101,17.3133514986376,0.06371861943578264,0.125800000205345,0.059087509349289455,2.821720570091259,0.00020007913040890485,0.03814713896457766,2616,0.0,0.7981651376146789,0.0,0.0,1.0,20509.588414156686,0.0,-9.524522507426008e-15,2.77904136484706e-13,0.0,0.0,0.0,,,0.0
optimal@10s+aware,3,450,2616,2034,0.7775229357798165,0.22247706422018348,0.16131498470948014,0.06116207951070336,0.0,248.95306707006299,206.12316803642148,501.7215457761763,244.834600274399,813.6,26.716814159292035,222.23625291077096,0.36277928584198565,0.09564427832309173,0.5415764358349227,1091,18.827681026581118,0.06833134737697472,0.12533999997685893,0.0580817730225449,2.425498823367353,0.0001568050928911159,0.026581118240146653,2616,0.0,0.7775229357798165,0.0,0.0,1.0,19700.93328204439,0.0,-5.631679979779998e-15,2.7464232134004563e-13,0.0,0.0,0.0,,,0.0
optimal@10s+aware,4,450,2616,2037,0.7786697247706422,0.2213302752293578,0.16551987767584098,0.05581039755351682,0.0,247.248246105536,205.8706778716596,490.1371224142373,243.69910442217238,814.8,25.800196367206677,221.44804973832933,0.36253658149598117,0.0960514432628624,0.5414119752411565,1101,18.74205267938238,0.06738919163268081,0.13529999978345586,0.04895104895104895,2.6341313799824535,0.0001706619895040554,0.03178928247048138,2616,0.0,0.7786697247706422,0.0,0.0,1.0,19713.265644379473,0.0,-4.3337394982839816e-15,2.725610061109922e-13,0.0,0.0,0.0,,,0.0
optimal@10s+aware,5,450,2616,2038,0.7790519877675841,0.2209480122324159,0.1540519877675841,0.06689602446483181,0.0,252.39387663499198,214.4408085426603,501.05584761563335,247.7240388737421,815.2,26.39254170755643,226.00133492743555,0.35447472023153564,0.09807185149337753,0.5474534282750868,1067,19.048734770384254,0.06786504217558571,0.13160200045604098,0.05618830675778284,2.6553453955052486,0.00016964392266631464,0.03280224929709466,2616,0.0,0.7790519877675841,0.0,0.0,1.0,19875.892592646072,0.0,-7.752712439965875e-15,2.7674700389801704e-13,0.0,0.0,0.0,,,0.0
optimal@10s+aware,0,500,2616,2092,0.7996941896024465,0.20030581039755352,0.1441131498470948,0.05619266055045872,0.0,249.33781996766848,204.11636926237998,496.9622231979474,243.68969142152065,836.8,26.674474187380497,222.66334578028798,0.40159387923135875,0.0889819353199797,0.5094241854486615,1099,17.101000909918106,0.07033366697848575,0.137141999839514,0.039418293149636435,3.3936019357685927,0.00024385015250934366,0.03184713375796178,2616,0.0,0.7996941896024465,0.0,0.0,1.0,20609.51475702417,0.0,-8.078305392372912e-15,2.712741864580706e-13,0.0,0.0,0.0,,,0.0
optimal@10s+aware,1,500,2616,2083,0.7962538226299695,0.2037461773700306,0.13799694189602446,0.06574923547400612,0.0,249.87456133174092,212.0382086587365,503.1624095436844,241.75906692855588,833.2,26.71099375900144,223.16356757273948,0.40565447284673134,0.08898331607844712,0.5053622110748216,1108,16.721119133574007,0.07074729241622377,0.13874400007807713,0.053598200899550225,2.371229575925016,0.00017462448361802566,0.02527075812274368,2616,0.0,0.7962538226299695,0.0,0.0,1.0,20262.766904697695,0.0,-8.811855603227455e-15,2.7906625642118963e-13,0.0,0.0,0.0,,,0.0
optimal@10s+aware,2,500,2616,2130,0.8142201834862385,0.18577981651376146,0.1257645259938838,0.060015290519877675,0.0,247.74121397730863,204.9090173360819,503.67014871990506,241.40682665056852,852.0,27.18450704225352,220.55670693505513,0.3938452663147112,0.09023500185648005,0.5159197318288088,1092,16.377289377289376,0.07481208790306396,0.14107200033322437,0.052592592592592594,2.7845053295402065,0.00021071735765261615,0.0347985347985348,2616,0.0,0.8142201834862385,0.0,0.0,1.0,20890.346789482843,0.0,-1.003558217226428e-14,2.768910817896215e-13,0.0,0.0,0.0,,,0.0
optimal@10s+aware,3,500,2616,2066,0.7897553516819572,0.21024464831804282,0.14946483180428136,0.06077981651376147,0.0,237.74383102854517,189.03372694156906,489.82731992515255,234.80632109798984,826.4,24.653920619554697,213.08991040899048,0.41949880381864024,0.08463368770563004,0.4958675084757297,1090,17.49908256880734,0.06565963304980094,0.1281110004219954,0.05380826070481243,2.8350077756721612,0.0001991273383466453,0.031192660550458717,2616,0.0,0.7897553516819572,0.0,0.0,1.0,20041.240776117054,0.0,-4.68980560528009e-15,2.7760906405756835e-13,0.0,0.0,0.0,,,0.0
optimal@10s+aware,4,500,2616,2057,0.7863149847094801,0.21368501529051986,0.15175840978593272,0.06192660550458716,0.0,237.91187352691637,197.42886091327364,484.7815160746396,236.1068237597542,822.8,23.579484686436558,214.3323888404798,0.4235251814129632,0.08497191368749685,0.49150290489953996,1112,17.593525179856115,0.07169271583220736,0.14258900071581593,0.059757942511346446,2.9983325215504575,0.0002088911281914005,0.03597122302158273,2616,0.0,0.7863149847094801,0.0,0.0,1.0,19872.232013061977,0.0,-1.731354216263038e-14,2.784518146227367e-13,0.0,0.0,0.0,,,0.0
optimal@10s+aware,5,500,2616,2062,0.7882262996941896,0.2117737003058104,0.14870030581039756,0.06307339449541284,0.0,243.38618365624427,198.60821915739962,495.34226290064987,241.67239756462334,824.8,25.958777885548013,217.42740577069625,0.41298063484445496,0.08634030856256218,0.5006790565929828,1067,18.701030927835053,0.07406494845212315,0.13077000043267614,0.052312357846853674,2.041452160939893,0.00013342355708849,0.029053420805998126,2616,0.0,0.7882262996941896,0.0,0.0,1.0,20115.203888297947,0.0,-1.2622621990643668e-14,2.7544719388226534e-13,0.0,0.0,0.0,,,0.0
batched_greedy@30s+aware,0,300,2616,1835,0.7014525993883792,0.2985474006116208,0.2305045871559633,0.06804281345565749,0.0,309.9485125760617,284.47020330130727,533.7162203500724,290.4090078143371,734.0,47.21362397820163,262.73488859786005,0.12673763544726446,0.14685101479682525,0.7264113497559103,374,28.612299465240643,0.040289037429527934,0.08694900022419445,0.04895397489539749,,,,2616,0.0,0.7014525993883792,0.0,0.0,1.0,17602.45175130187,0.0,1.1130061450138627e-14,2.7762424511889814e-13,0.0,0.0,0.0,,,0.0
batched_greedy@30s+aware,1,300,2616,1793,0.6853975535168195,0.3146024464831804,0.23700305810397554,0.0775993883792049,0.0,315.3661304071926,294.91556982359907,546.860269232025,289.91860336920445,717.2,48.78360290016732,266.58252750702525,0.14442512849990238,0.1439455750812345,0.7116292964188631,372,29.661290322580644,0.044212096750064815,0.10467599993717167,0.048986486486486486,,,,2616,0.0,0.6853975535168195,0.0,0.0,1.0,17259.33653366059,0.0,1.785273298716816e-15,2.7422867843408285e-13,0.0,0.0,0.0,,,0.0
batched_greedy@30s+aware,2,300,2616,1856,0.709480122324159,0.290519877675841,0.22324159021406728,0.0672782874617737,0.0,323.29950263967754,302.7414320459982,545.9125913053354,298.6788808562186,742.4,50.83405172413793,272.46545091553963,0.10835097423183093,0.15297090346492162,0.7386781223032475,369,29.11382113821138,0.04521978319725741,0.10842399984539952,0.03865546218487395,,,,2616,0.0,0.709480122324159,0.0,0.0,1.0,17981.543200208864,0.0,-5.006531587770857e-15,2.80864412187435e-13,0.0,0.0,0.0,,,0.0
batched_greedy@30s+aware,3,300,2616,1826,0.6980122324159022,0.30198776758409784,0.24770642201834864,0.054281345565749234,0.0,309.1936038784554,283.60936369316414,532.521641024036,292.62128418457127,730.4,46.81982475355969,262.3737791248957,0.13944297200553057,0.1455287389364935,0.7150282890579759,373,29.67828418230563,0.04765630024122468,0.11367200029781067,0.045103092783505154,,,,2616,0.0,0.6980122324159022,0.0,0.0,1.0,17584.552372187238,0.0,1.3974461116092332e-15,2.7845074426814466e-13,0.0,0.0,0.0,,,0.0
batched_greedy@30s+aware,4,300,2616,1831,0.6999235474006116,0.30007645259938837,0.23585626911314986,0.06422018348623854,0.0,309.2043637603646,286.4352838001123,536.1740169002396,289.9967434714778,732.4,45.514472965592574,263.68989079477205,0.1402422868589369,0.14701703181111028,0.7127406813299528,376,29.132978723404257,0.04543191491702988,0.0944499997785897,0.04753820033955857,,,,2616,0.0,0.6999235474006116,0.0,0.0,1.0,17582.933925364043,0.0,-1.2093002732454462e-15,2.7062374430116917e-13,0.0,0.0,0.0,,,0.0
batched_greedy@30s+aware,5,300,2616,1846,0.7056574923547401,0.29434250764525993,0.22553516819571864,0.06880733944954129,0.0,306.8153616891614,278.9951874587241,534.6228642639271,291.03245517138686,738.4,47.51300108342362,259.3023606057378,0.13187301517161518,0.14693706993193573,0.7211899148964491,369,29.723577235772357,0.04111327915087243,0.09160399997199412,0.04712260216847373,,,,2616,0.0,0.7056574923547401,0.0,0.0,1.0,17653.611978535315,0.0,-1.4383101667668224e-14,2.768970799609644e-13,0.0,0.0,0.0,,,0.0
batched_greedy@30s+aware,0,350,2616,1935,0.7396788990825688,0.2603211009174312,0.2018348623853211,0.058486238532110095,0.0,282.7438690281267,252.96070846111616,521.408011121939,271.16643877115746,774.0,42.308527131782945,240.43534189634383,0.21179338762790006,0.12492822958902498,0.6632783827830749,374,25.572192513368982,0.04949491980573474,0.1209780003136984,0.042328042328042326,,,,2616,0.0,0.7396788990825688,0.0,0.0,1.0,18855.352187411107,0.0,-1.8161068399925145e-14,2.781884972165251e-13,0.0,0.0,0.0,,,0.0
batched_greedy@30s+aware,1,350,2616,1922,0.7347094801223242,0.2652905198776758,0.21024464831804282,0.05504587155963303,0.0,286.9998384410186,255.65403568575266,523.4009236224218,274.4003422548567,768.8,41.066597294484914,245.93324114653365,0.21977665113954853,0.12557352351902465,0.6546498253414268,379,25.823218997361476,0.050650923475824325,0.1141880001159734,0.04746317512274959,,,,2616,0.0,0.7347094801223242,0.0,0.0,1.0,18556.754444415023,0.0,7.88524061631274e-15,2.7673158018774846e-13,0.0,0.0,0.0,,,0.0
batched_greedy@30s+aware,2,350,2616,1986,0.7591743119266054,0.2408256880733945,0.1834862385321101,0.05733944954128441,0.0,287.543479220209,256.4082574203735,527.9869299552317,274.4152528800653,794.4,42.97381671701913,244.56966250318985,0.18994418046089562,0.13195790399475185,0.6780979155443526,369,25.100271002710027,0.046327100304665386,0.09140800004388434,0.051799130090945035,,,,2616,0.0,0.7591743119266054,0.0,0.0,1.0,19241.47412061937,0.0,4.707435068360281e-15,2.76899684785846e-13,0.0,0.0,0.0,,,0.0
batched_greedy@30s+aware,3,350,2616,1906,0.7285932721712538,0.2714067278287462,0.21597859327217125,0.05542813455657492,0.0,280.05240507312976,250.88729682106396,524.0935162863698,271.17272946660063,762.4,41.84942287513117,238.20298219799864,0.23007659909811484,0.12207818295253668,0.6478452179493485,373,26.77211796246649,0.06405388738730396,0.13806800023303364,0.053169734151329244,,,,2616,0.0,0.7285932721712538,0.0,0.0,1.0,18462.840281535195,0.0,-6.5275987949419485e-15,2.729205459040556e-13,0.0,0.0,0.0,,,0.0
batched_greedy@30s+aware,4,350,2616,1956,0.7477064220183486,0.25229357798165136,0.19457186544342508,0.0577217125382263,0.0,277.64744881554185,247.97521611575166,512.6468600835592,269.3165998334199,782.4,38.44120654396728,239.20624227157458,0.21258781599846407,0.12604607767166184,0.6613661063298741,372,25.72043010752688,0.05870053761462122,0.12462400041840749,0.04877065699314793,,,,2616,0.0,0.7477064220183486,0.0,0.0,1.0,18920.637443684653,0.0,4.04357302015829e-15,2.7123179866591916e-13,0.0,0.0,0.0,,,0.0
batched_greedy@30s+aware,5,350,2616,1918,0.7331804281345565,0.2668195718654434,0.2006880733944954,0.06613149847094801,0.0,281.25476546542524,254.36734418888864,515.4558473789763,272.4964749754589,767.2,41.27320125130344,239.98156421412182,0.22279045026586494,0.12428647742230356,0.6529230723118314,367,26.91008174386921,0.05734223435251125,0.14182399991113903,0.04917372027408303,,,,2616,0.0,0.7331804281345565,0.0,0.0,1.0,18486.05075474655,0.0,-1.8788354026325955e-14,2.765379166534211e-13,0.0,0.0,0.0,,,0.0
batched_greedy@30s+aware,0,400,2616,1995,0.7626146788990825,0.23738532110091742,0.17698776758409787,0.06039755351681957,0.0,264.6909144944412,226.89715563295067,513.3781402963184,256.5910198467517,798.0,41.27418546365915,223.41672903078202,0.2914481904687849,0.10578637154610823,0.6027654379851068,372,24.118279569892472,0.07200161289508669,0.141949999588178,0.05283757338551859,,,,2616,0.0,0.7626146788990825,0.0,0.0,1.0,19485.626676289212,0.0,-5.201074881276548e-15,2.785058176839283e-13,0.0,0.0,0.0,,,0.0
batched_greedy@30s+aware,1,400,2616,1979,0.7564984709480123,0.24350152905198777,0.18501529051987767,0.058486238532110095,0.0,270.256583507992,234.77353383729678,514.6215094637381,261.9687605004393,791.6,40.034866093986864,230.2217174140051,0.29954859549637636,0.10805972818108314,0.5923916763225405,379,24.467018469656992,0.06944881267485481,0.16008799966584775,0.05782848151062156,,,,2616,0.0,0.7564984709480123,0.0,0.0,1.0,19111.437705021403,0.0,-8.976032538657152e-15,2.7065341153487527e-13,0.0,0.0,0.0,,,0.0
batched_greedy@30s+aware,2,400,2616,2044,0.7813455657492355,0.21865443425076453,0.16628440366972477,0.052370030581039756,0.0,268.287548188503,231.11447709031745,507.6149795065585,261.4400986436937,817.6,39.4633072407045,228.82424094779853,0.2721838614626197,0.11159354126740087,0.6162225972699794,369,23.612466124661246,0.062407046043961426,0.15028000012534895,0.04598597038191738,,,,2616,0.0,0.7813455657492355,0.0,0.0,1.0,19954.82644279234,0.0,3.686983312698416e-15,2.795593719553289e-13,0.0,0.0,0.0,,,0.0
batched_greedy@30s+aware,3,400,2616,1971,0.7534403669724771,0.24655963302752293,0.1930428134556575,0.053516819571865444,0.0,262.2422087191102,223.1172761596781,502.79287563043,258.3676629729583,788.4,38.68391679350584,223.55829192560435,0.3070818329204367,0.10491692250931817,0.588001244570245,373,24.994638069705093,0.07268766756013445,0.1687600001241662,0.04801920768307323,,,,2616,0.0,0.7534403669724771,0.0,0.0,1.0,19055.78479292256,0.0,-1.2659809499267031e-14,2.7798587604548435e-13,0.0,0.0,0.0,,,0.0
batched_greedy@30s+aware,4,400,2616,1991,0.761085626911315,0.23891437308868502,0.17889908256880735,0.060015290519877675,0.0,257.46615757175823,217.5861313841542,503.22979572020813,253.00912914102878,796.4,37.8869914615771,219.57916611018115,0.30325147044969886,0.1053223724689304,0.5914261570813707,372,24.620967741935484,0.07872822581742195,0.1603990003241052,0.054638364779874216,,,,2616,0.0,0.761085626911315,0.0,0.0,1.0,19276.2917228166,0.0,-1.3176914216829345e-14,2.6703177868579664e-13,0.0,0.0,0.0,,,0.0
batched_greedy@30s+aware,5,400,2616,1972,0.753822629969419,0.24617737003058104,0.18692660550458715,0.059250764525993885,0.0,267.8359160349871,234.38973651839456,507.1484153931953,262.9167666688824,788.8,39.359026369168355,228.47688966581882,0.3027802317384409,0.1067320099347286,0.5904877583268305,366,25.530054644808743,0.054543989107181806,0.10926999952971528,0.04837430610626487,,,,2616,0.0,0.753822629969419,0.0,0.0,1.0,19054.47816183931,0.0,-1.3032171690681097e-14,2.776300712877549e-13,0.0,0.0,0.0,,,0.0
batched_greedy@30s+aware,0,450,2616,2036,0.7782874617737003,0.2217125382262997,0.1628440366972477,0.058868501529051986,0.0,260.0508501791694,218.015379007295,504.4467043219704,253.30127944411123,814.4,39.93418467583497,220.11666550333442,0.3556438577971526,0.09515917112948884,0.5491969710733586,372,23.123655913978496,0.071157795712689,0.14642199957052074,0.04538401861908456,,,,2616,0.0,0.7782874617737003,0.0,0.0,1.0,19994.956497722324,0.0,-6.068055902764608e-15,2.7282433025252314e-13,0.0,0.0,0.0,,,0.0
batched_greedy@30s+aware,1,450,2616,2037,0.7786697247706422,0.2213302752293578,0.16016819571865443,0.06116207951070336,0.0,260.4112217494446,220.5786556752155,508.5223763487218,252.12320377521712,814.8,37.856651939126166,222.55456981031844,0.36125297215734326,0.09682985171080018,0.5419171761318565,371,22.78167115902965,0.0755191374825437,0.16131000065797707,0.058823529411764705,,,,2616,0.0,0.7786697247706422,0.0,0.0,1.0,19729.13215148829,0.0,-6.568683305244176e-15,2.808584107660184e-13,0.0,0.0,0.0,,,0.0
batched_greedy@30s+aware,2,450,2616,2070,0.7912844036697247,0.20871559633027523,0.15252293577981652,0.05619266055045872,0.0,256.18786904236913,220.2308871292962,496.00842631827453,249.7105758376267,828.0,37.66328502415459,218.52458401821457,0.3468702142599974,0.09625490963149064,0.5568748761085119,369,22.281842818428185,0.07617262873111948,0.16330799982824828,0.055112124667426834,,,,2616,0.0,0.7912844036697247,0.0,0.0,1.0,20229.22552762657,0.0,-9.781118480910171e-15,2.7727299790576625e-13,0.0,0.0,0.0,,,0.0
batched_greedy@30s+aware,3,450,2616,2033,0.7771406727828746,0.22285932721712537,0.16819571865443425,0.05466360856269113,0.0,257.08416233504005,215.00339629889277,504.01421839319534,253.01396415685994,813.2,38.4874569601574,218.59670537488262,0.36548671606429567,0.0952315061844145,0.5392817777512898,373,23.39142091152815,0.07491608578824106,0.16150800034665733,0.05265195509097948,,,,2616,0.0,0.7771406727828746,0.0,0.0,1.0,19640.537741478827,0.0,-8.146077134150779e-15,2.689682110963602e-13,0.0,0.0,0.0,,,0.0
batched_greedy@30s+aware,4,450,2616,2029,0.775611620795107,0.22438837920489296,0.17010703363914373,0.054281345565749234,0.0,248.22619250555806,210.83112790427003,490.0099200358469,246.9030356398398,811.6,35.08279940857565,213.1433930969824,0.36885852511365136,0.09210624320946822,0.5390352316768804,370,23.483783783783785,0.0670683783593287,0.13451999996505037,0.05324523902059852,,,,2616,0.0,0.775611620795107,0.0,0.0,1.0,19644.58156577848,0.0,-8.742253949943876e-15,2.771235954146189e-13,0.0,0.0,0.0,,,0.0
batched_greedy@30s+aware,5,450,2616,2028,0.7752293577981652,0.22477064220183487,0.16666666666666666,0.0581039755351682,0.0,254.4365266424782,218.34791430846462,508.5945194313631,252.17702133841271,811.2,37.115877712031555,217.32064893044665,0.36018362199103116,0.09425796514677666,0.5455584128621921,367,23.861035422343324,0.061587193451055906,0.1592239996170972,0.05399151561897416,,,,2616,0.0,0.7752293577981652,0.0,0.0,1.0,19775.27462224035,0.0,4.840528591585618e-16,2.77229806063162e-13,0.0,0.0,0.0,,,0.0
batched_greedy@30s+aware,0,500,2616,2083,0.7962538226299695,0.2037461773700306,0.14717125382262997,0.05657492354740061,0.0,250.9432844267866,209.7643580279937,494.9719303008671,246.16542207571644,833.2,37.16706673067691,213.77621769610968,0.40866241499551437,0.08535952086283122,0.5059780641416544,379,21.36411609498681,0.06656094986986397,0.15315200011173127,0.044673539518900345,,,,2616,0.0,0.7962538226299695,0.0,0.0,1.0,20487.80898625433,0.0,-1.0660059808791638e-14,2.748046629427005e-13,0.0,0.0,0.0,,,0.0
batched_greedy@30s+aware,1,500,2616,2085,0.7970183486238532,0.2029816513761468,0.14870030581039756,0.054281345565749234,0.0,256.43190001883863,220.3054643258838,497.65587174712726,249.1995641715321,834.0,36.83405275779376,219.5978472610449,0.41033756891273754,0.08757500775681845,0.502087423330444,374,21.40106951871658,0.07717513366719321,0.17445899984522836,0.04839939024390244,,,,2616,0.0,0.7970183486238532,0.0,0.0,1.0,20247.139610179285,0.0,-9.567193826400534e-15,2.7802284854823213e-13,0.0,0.0,0.0,,,0.0
batched_greedy@30s+aware,2,500,2616,2116,0.808868501529052,0.191131498470948,0.14143730886850153,0.04969418960244648,0.0,249.19303215056055,211.80894325667555,490.13692735306904,245.28253361706612,846.4,37.16304347826087,212.02998867229968,0.40164984552676586,0.08640608035135716,0.5119440741218769,369,21.571815718157183,0.0659924119258472,0.13384800029598404,0.05377961639714178,,,,2616,0.0,0.808868501529052,0.0,0.0,1.0,20710.499444054694,0.0,-8.39572058168332e-15,2.743564669715281e-13,0.0,0.0,0.0,,,0.0
batched_greedy@30s+aware,3,500,2616,2065,0.7893730886850153,0.2106269113149847,0.15825688073394495,0.052370030581039756,0.0,246.49120084862028,200.4622294397559,497.3268119489932,244.56997259684044,826.0,36.638256658595644,209.85294419002463,0.4225348504265579,0.08319492063375546,0.4942702289396866,373,22.428954423592494,0.07176541552979414,0.167963999447238,0.05430210325047801,,,,2616,0.0,0.7893730886850153,0.0,0.0,1.0,19987.70789417379,0.0,-1.185987009433959e-14,2.7253184911933644e-13,0.0,0.0,0.0,,,0.0
batched_greedy@30s+aware,4,500,2616,2055,0.7855504587155964,0.21444954128440366,0.16093272171253822,0.053516819571865444,0.0,247.0647392622859,206.60096938835068,491.06244729759914,244.81875513501336,822.0,35.35231143552311,211.7124278267628,0.42364502210227917,0.08363201242448748,0.4927229654732334,370,22.724324324324325,0.06536675678403667,0.1326440000138973,0.05015432098765432,,,,2616,0.0,0.7855504587155964,0.0,0.0,1.0,19980.388472940027,0.0,-1.8940782978264412e-14,2.75362863087212e-13,0.0,0.0,0.0,,,0.0
batched_greedy@30s+aware,5,500,2616,2055,0.7855504587155964,0.21444954128440366,0.16055045871559634,0.05389908256880734,0.0,249.97607130297163,207.99329916612442,494.35307188744343,248.75586260154702,822.0,38.306569343065696,211.66950195990594,0.41750649061789885,0.0836518808701409,0.4988416285119602,367,23.580381471389646,0.07217438693205672,0.13923999971666487,0.05001923816852635,,,,2616,0.0,0.7855504587155964,0.0,0.0,1.0,20109.997436185637,0.0,3.0246689175992222e-15,2.7276661599858006e-13,0.0,0.0,0.0,,,0.0
optimal@30s+aware,0,300,2616,1848,0.7064220183486238,0.29357798165137616,0.22477064220183487,0.06880733944954129,0.0,314.42295126194233,295.2132192663437,530.9990346597033,293.44443537951645,739.2,45.70995670995671,268.7129945519856,0.11435795681105594,0.1500259708201295,0.7356160723688145,379,27.680738786279683,0.08459815302735706,0.15781599975525712,0.048252911813643926,33.24373244720937,0.0015536565657008254,0.25065963060686014,2616,0.0,0.7064220183486238,0.0,0.0,1.0,17814.685087933223,0.0,-9.213409256304871e-16,2.8114643850129974e-13,0.0,0.0,0.0,,,0.0
optimal@30s+aware,1,300,2616,1839,0.7029816513761468,0.29701834862385323,0.22782874617737003,0.06918960244648319,0.0,316.56083790335856,295.1785797305647,530.0835541586529,293.30207518848164,735.6,48.35073409461664,268.2101038087419,0.12962175256290923,0.14862232196837719,0.7217559254687136,379,28.517150395778366,0.07307889181014386,0.12718800016955356,0.04616030214015946,32.67855889199635,0.0014736883929935835,0.2559366754617414,2616,0.0,0.7029816513761468,0.0,0.0,1.0,17684.61445879768,0.0,-4.607516108721694e-16,2.830859829071191e-13,0.0,0.0,0.0,,,0.0
optimal@30s+aware,2,300,2616,1857,0.7098623853211009,0.2901376146788991,0.22362385321100917,0.06651376146788991,0.0,325.2054256187633,308.419987597812,545.9009212976127,300.85677784589586,742.8,50.55681206246634,274.64861355629694,0.10488971945860918,0.1538807988814463,0.7412294816599445,369,29.24932249322493,0.08497967480417694,0.15179200021520955,0.04708333333333333,39.089598622303896,0.0017192368553500357,0.2764227642276423,2616,0.0,0.7098623853211009,0.0,0.0,1.0,18091.690186523047,0.0,-1.5022985548078047e-14,2.7648128506320547e-13,0.0,0.0,0.0,,,0.0
optimal@30s+aware,3,300,2616,1836,0.7018348623853211,0.2981651376146789,0.24197247706422018,0.05619266055045872,0.0,316.7170616282753,297.8878489947424,537.1995395898159,297.9060383566327,734.4,47.90904139433551,268.8080202339398,0.1311451747115317,0.14850616685968743,0.7203486584287808,376,29.38031914893617,0.08204228722806488,0.1496750005571812,0.04195205479452055,36.76241921785863,0.0016027122626469928,0.25,2616,0.0,0.7018348623853211,0.0,0.0,1.0,17785.325358522532,0.0,6.441228572062727e-15,2.8302850259532375e-13,0.0,0.0,0.0,,,0.0
optimal@30s+aware,4,300,2616,1851,0.7075688073394495,0.29243119266055045,0.22477064220183487,0.0676605504587156,0.0,306.4591828501808,283.3303133440004,525.264904077254,288.610807029884,740.4,43.17396002160994,263.2852228285709,0.13672857747034262,0.14777351846348563,0.7154979040661718,376,28.36436170212766,0.07702367019133972,0.1355499998680898,0.04333193100546908,45.77534317041829,0.0020803634473692727,0.26861702127659576,2616,0.0,0.7075688073394495,0.0,0.0,1.0,17644.792510715422,0.0,-2.5383381092456305e-15,2.7661263639188037e-13,0.0,0.0,0.0,,,0.0
optimal@30s+aware,5,300,2616,1851,0.7075688073394495,0.29243119266055045,0.22591743119266056,0.06651376146788991,0.0,308.72391279165237,288.66951867387615,532.8969866586831,292.4174183772279,740.4,44.49702863317126,264.2268841584811,0.12901747089389995,0.1498663233903783,0.7211162057157218,368,29.192934782608695,0.07581331523021578,0.1457939999545486,0.05149501661129568,40.33255848301509,0.0017846378942960807,0.30434782608695654,2616,0.0,0.7075688073394495,0.0,0.0,1.0,17686.0663371356,0.0,-1.1699387481971071e-14,2.78166348830016e-13,0.0,0.0,0.0,,,0.0
optimal@30s+aware,0,350,2616,1931,0.7381498470948012,0.26185015290519875,0.19877675840978593,0.06307339449541284,0.0,278.1750925737063,244.6925141337897,512.3321582692706,267.0544230413245,772.4,40.88399792853444,237.29109464517185,0.21242166748581576,0.12352587408836439,0.6640524584258198,379,24.926121372031663,0.07484485487210057,0.12486199966588168,0.046445880452342485,25.885517484382127,0.0013964582710733347,0.23746701846965698,2616,0.0,0.7381498470948012,0.0,0.0,1.0,18818.19082593483,0.0,7.879076296977289e-16,2.7225773278636894e-13,0.0,0.0,0.0,,,0.0
optimal@30s+aware,1,350,2616,1935,0.7396788990825688,0.2603211009174312,0.19801223241590213,0.06230886850152905,0.0,283.9511848423256,253.21606338879792,517.5582647697607,271.2547368488572,774.0,40.456330749354,243.4948540929716,0.2155157568736103,0.12700281658255266,0.657481426543837,379,25.311345646437996,0.0842477572517974,0.15063000042573543,0.05144694533762058,34.319446761544164,0.0018122398839677998,0.287598944591029,2616,0.0,0.7396788990825688,0.0,0.0,1.0,18596.963362668343,0.0,-6.130955634074715e-15,2.7827249548567505e-13,0.0,0.0,0.0,,,0.0
optimal@30s+aware,2,350,2616,1985,0.7587920489296636,0.24120795107033638,0.1823394495412844,0.058868501529051986,0.0,281.3117024916654,251.57992575190747,509.21838482399164,269.95153922693606,794.0,40.95566750629723,240.35603498536818,0.19077580748797365,0.12922562596067133,0.679998566551355,369,24.821138211382113,0.07914634148757396,0.13662399993336294,0.05546813532651455,27.660273021146857,0.0015181629831731032,0.26287262872628725,2616,0.0,0.7587920489296636,0.0,0.0,1.0,19320.273797574708,0.0,-1.30510771515432e-14,2.853902952191301e-13,0.0,0.0,0.0,,,0.0
optimal@30s+aware,3,350,2616,1931,0.7381498470948012,0.26185015290519875,0.20795107033639143,0.05389908256880734,0.0,282.64172736960944,254.61492931459725,522.4209192499693,273.0423167233784,772.4,41.97980321077162,240.66192415883788,0.218646775547446,0.12418633768578577,0.6571668867667683,371,26.428571428571427,0.08698894880409462,0.14760000003661844,0.04808475957620212,21.432686423816964,0.001081550861305761,0.20754716981132076,2616,0.0,0.7381498470948012,0.0,0.0,1.0,18789.081855952158,0.0,1.2966209037465836e-15,2.790954647321287e-13,0.0,0.0,0.0,,,0.0
optimal@30s+aware,4,350,2616,1953,0.7465596330275229,0.25344036697247707,0.1922782874617737,0.06116207951070336,0.0,274.27609346710153,245.77546914456252,509.86669195034443,266.62176251995675,781.2,37.14388120839734,237.13221225870421,0.21550146462744546,0.1257477311739828,0.6587508041985717,377,25.19893899204244,0.09171962865028624,0.15609999994921975,0.04517950786607503,25.267209677224624,0.0013479126418953912,0.246684350132626,2616,0.0,0.7465596330275229,0.0,0.0,1.0,18888.686438660752,0.0,-1.155723409105954e-14,2.788730161627722e-13,0.0,0.0,0.0,,,0.0
optimal@30s+aware,5,350,2616,1947,0.7442660550458715,0.25573394495412843,0.18807339449541285,0.0676605504587156,0.0,284.1752573647791,254.1103494127201,515.1277152906987,272.73906939670513,778.8,40.34668721109399,243.82857015368512,0.21279082102252178,0.1280782290776583,0.6591309498998199,367,25.673024523160763,0.07503651224833051,0.1430499996058641,0.05564325177584846,34.91798603221396,0.001831932309150923,0.2670299727520436,2616,0.0,0.7442660550458715,0.0,0.0,1.0,18732.927448219787,0.0,-7.84534795172201e-15,2.828412616826659e-13,0.0,0.0,0.0,,,0.0
optimal@30s+aware,0,400,2616,1999,0.7641437308868502,0.23585626911314986,0.17813455657492355,0.0577217125382263,0.0,265.1455445798549,232.0442895937067,505.1324763089595,256.91293158841495,799.6,38.392696348174084,226.7528482316808,0.2902919297936493,0.10772511022095099,0.6019829599853996,372,23.50537634408602,0.0821419354994554,0.15731599993159762,0.04579549940781682,22.47926599580386,0.0013261109883621679,0.1989247311827957,2616,0.0,0.7641437308868502,0.0,0.0,1.0,19507.681537959397,0.0,-8.003158471660084e-15,2.784186088281539e-13,0.0,0.0,0.0,,,0.0
optimal@30s+aware,1,400,2616,1978,0.7561162079510704,0.24388379204892965,0.17775229357798164,0.06613149847094801,0.0,270.44244851217024,237.13017785523107,507.5467879895583,260.3191680721069,791.2,38.48685540950455,231.9555931026657,0.2969530897007906,0.10968805385312592,0.5933588564460834,372,24.268817204301076,0.07473575266631478,0.13959599987174467,0.055924912006257335,29.294622963609683,0.0016538513423800783,0.271505376344086,2616,0.0,0.7561162079510704,0.0,0.0,1.0,19124.39113276634,0.0,-4.31516411188989e-15,2.7833122841656323e-13,0.0,0.0,0.0,,,0.0
optimal@30s+aware,2,400,2616,2041,0.7801987767584098,0.2198012232415902,0.1643730886850153,0.05542813455657492,0.0,264.3598061669958,227.99963456401565,502.25471428110905,256.29841455250425,816.4,37.82949534541891,226.5303108215769,0.27201745919017795,0.11133811614936259,0.6166444246604595,369,22.89159891598916,0.07613414636136617,0.13949599993793527,0.047748447204968944,30.55201378139011,0.001873241247916385,0.22764227642276422,2616,0.0,0.7801987767584098,0.0,0.0,1.0,19962.59366852655,0.0,-2.849916938077472e-15,2.7770828263159776e-13,0.0,0.0,0.0,,,0.0
optimal@30s+aware,3,400,2616,1997,0.7633792048929664,0.23662079510703363,0.18081039755351683,0.05581039755351682,0.0,266.0873993254702,225.54192717685328,504.4000004514277,258.8938195727991,798.8,39.78317476214321,226.30422456332698,0.29615411239831474,0.10772946223433984,0.5961164253673454,373,24.15013404825737,0.08398016086904689,0.16287200029182672,0.055990602975724356,26.233827743269334,0.0014987057330835222,0.22788203753351208,2616,0.0,0.7633792048929664,0.0,0.0,1.0,19392.72289185227,0.0,-9.250931962825541e-17,2.7118662292678706e-13,0.0,0.0,0.0,,,0.0
optimal@30s+aware,4,400,2616,1998,0.7637614678899083,0.23623853211009174,0.17660550458715596,0.05963302752293578,0.0,257.91107585457416,224.90304042322578,504.0455852995075,253.4477773693379,799.2,36.433933933933936,221.47714192064024,0.30157566432082517,0.10664641517915906,0.5917779205000158,370,24.356756756756756,0.0822527027201038,0.15508499943280188,0.05076741440377804,25.33084029541962,0.001430982119391059,0.24324324324324326,2616,0.0,0.7637614678899083,0.0,0.0,1.0,19333.608477402053,0.0,-4.264523335729843e-15,2.749393416749328e-13,0.0,0.0,0.0,,,0.0
optimal@30s+aware,5,400,2616,1992,0.7614678899082569,0.23853211009174313,0.17889908256880735,0.05963302752293578,0.0,267.32219940682296,231.1303165898471,510.3292388745567,261.9728930450661,796.8,39.58232931726908,227.73987008955385,0.2980248595330043,0.10805901615574878,0.593916124311247,367,24.997275204359674,0.08659264307182611,0.14853999990009467,0.05540382364416699,29.61610012748166,0.0016235882303761186,0.24250681198910082,2616,0.0,0.7614678899082569,0.0,0.0,1.0,19217.13373279663,0.0,-3.748897667087677e-15,2.757802910622902e-13,0.0,0.0,0.0,,,0.0
optimal@30s+aware,0,450,2616,2049,0.783256880733945,0.21674311926605505,0.15902140672782875,0.0577217125382263,0.0,259.4994288299168,218.40011601791502,508.1068992490803,252.60391845155596,819.6,39.33772571986335,220.16170311005342,0.35416663354707667,0.0958547555208345,0.5499786109320889,379,22.29287598944591,0.08385514513190358,0.1578140003948646,0.04336043360433604,22.125458998201353,0.0013996775318620555,0.20052770448548812,2616,0.0,0.783256880733945,0.0,0.0,1.0,20017.771191101343,0.0,-4.755374013333443e-15,2.769189898807696e-13,0.0,0.0,0.0,,,0.0
optimal@30s+aware,1,450,2616,2030,0.7759938837920489,0.22400611620795108,0.15825688073394495,0.06574923547400612,0.0,260.50156980028237,222.06753082817272,502.0137780209957,251.29346996115368,812.0,36.47881773399015,224.02275206629224,0.36217851934243434,0.09716800668117105,0.5406534739763946,371,22.463611859838274,0.08185444741900207,0.14499000008072482,0.05438529299119112,26.86876825131148,0.001687614441526849,0.22371967654986524,2616,0.0,0.7759938837920489,0.0,0.0,1.0,19592.268158696963,0.0,-1.1807522666230187e-14,2.753611241596311e-13,0.0,0.0,0.0,,,0.0
optimal@30s+aware,2,450,2616,2078,0.7943425076452599,0.20565749235474007,0.1540519877675841,0.051605504587155966,0.0,259.38228677366664,220.98184529081846,498.1147157227879,253.75480738368358,831.2,38.21751684311838,221.16476993054823,0.3388461575913477,0.09828631785683244,0.5628675245518199,369,22.59078590785908,0.10696585365614619,0.16942800008109768,0.055576703464027405,21.557511052790453,0.001356968227653742,0.21951219512195122,2616,0.0,0.7943425076452599,0.0,0.0,1.0,20392.141928247685,0.0,-1.581025974240021e-14,2.790512981632818e-13,0.0,0.0,0.0,,,0.0
optimal@30s+aware,3,450,2616,2031,0.7763761467889908,0.22362385321100917,0.1704892966360856,0.053134556574923546,0.0,253.55311648812378,213.8551267487892,492.8899512423159,250.70242819527746,812.4,36.771048744460856,216.78206774366294,0.3661065583952779,0.09436282317428085,0.5395306184304411,373,23.219839142091153,0.09172198390942794,0.19942800023272833,0.04982483456597898,25.575296933716977,0.0015438621300999929,0.21983914209115282,2616,0.0,0.7763761467889908,0.0,0.0,1.0,19586.159995843933,0.0,-1.1935526149126302e-14,2.7216349421433324e-13,0.0,0.0,0.0,,,0.0
optimal@30s+aware,4,450,2616,2024,0.7737003058103975,0.22629969418960244,0.1704892966360856,0.05581039755351682,0.0,247.68724882491344,209.719480254239,484.1185160888352,245.91350645014404,809.6,34.805335968379445,212.881912856534,0.37014098568344883,0.09239702044776052,0.5374619938687907,376,22.992021276595743,0.09414335104241779,0.17737499956638203,0.05066250974279034,25.76397113521064,0.0015705485153106402,0.25,2616,0.0,0.7737003058103975,0.0,0.0,1.0,19595.54887966376,0.0,-1.2339382919047799e-14,2.751067928579979e-13,0.0,0.0,0.0,,,0.0
optimal@30s+aware,5,450,2616,2030,0.7759938837920489,0.22400611620795108,0.16972477064220184,0.054281345565749234,0.0,259.57295020408765,225.24329538671282,499.45762830393943,257.5663998889805,812.0,36.60935960591133,222.9635905981763,0.35886234211617957,0.09620047210791287,0.5449371857759076,367,24.05177111716621,0.09815613079548617,0.2127639997524965,0.04974737660318694,22.04761064717651,0.0012738898374186534,0.22615803814713897,2616,0.0,0.7759938837920489,0.0,0.0,1.0,19757.607059090795,0.0,-3.1682374293859764e-15,2.798940061658864e-13,0.0,0.0,0.0,,,0.0
optimal@30s+aware,0,500,2616,2097,0.801605504587156,0.19839449541284404,0.1441131498470948,0.054281345565749234,0.0,252.25005929356604,211.36374401210196,496.8662611475178,246.62842771199766,838.8,38.1726275631855,214.07743173038054,0.4037265223623756,0.08596054530832493,0.5103129323292995,372,21.561827956989248,0.09653870968147095,0.16663799991874845,0.04271548436308162,28.700688174631885,0.0019204804953011408,0.20967741935483872,2616,0.0,0.801605504587156,0.0,0.0,1.0,20663.432980872218,0.0,-6.424998825770649e-15,2.7757439223185747e-13,0.0,0.0,0.0,,,0.0
optimal@30s+aware,1,500,2616,2083,0.7962538226299695,0.2037461773700306,0.13761467889908258,0.06613149847094801,0.0,256.1030216463317,216.38932698851386,503.7481427340227,245.53165404460114,833.2,36.170427268362936,219.93259437796874,0.41062578781442766,0.08799426895912094,0.5013799432264515,379,20.261213720316622,0.10102374671075597,0.17198599973198722,0.05073280721533258,25.358038553794543,0.0018237768078795348,0.22427440633245382,2616,0.0,0.7962538226299695,0.0,0.0,1.0,20319.461846423994,0.0,1.155527372725559e-15,2.7322807162880647e-13,0.0,0.0,0.0,,,0.0
optimal@30s+aware,2,500,2616,2126,0.8126911314984709,0.18730886850152906,0.1345565749235474,0.052752293577981654,0.0,250.82557580770208,208.7055324518974,498.32207458525363,246.30489727964303,850.4,36.54938852304798,214.2761872846541,0.39582719578498893,0.08847057467836986,0.5157022295366411,369,21.195121951219512,0.09400189700374348,0.16522799967788157,0.05375139977603583,22.850489235323703,0.0015762713911730067,0.22764227642276422,2616,0.0,0.8126911314984709,0.0,0.0,1.0,20868.319061926624,0.0,-6.9186842938164505e-15,2.8175099966081814e-13,0.0,0.0,0.0,,,0.0
optimal@30s+aware,3,500,2616,2073,0.7924311926605505,0.20756880733944955,0.1536697247706422,0.05389908256880734,0.0,248.15415200405204,205.8976124820938,493.3703021191981,245.3374566717324,829.2,36.69657501205982,211.45757699199223,0.41868725047304955,0.0845705237229959,0.49674222580395455,373,22.184986595174262,0.09077721181006565,0.17792800019378727,0.052972560975609755,21.877859382836437,0.0014109016021319597,0.18498659517426275,2616,0.0,0.7924311926605505,0.0,0.0,1.0,20068.520577221672,0.0,-5.968319047960803e-15,2.748888644180241e-13,0.0,0.0,0.0,,,0.0
optimal@30s+aware,4,500,2616,2059,0.7870795107033639,0.2129204892966361,0.15711009174311927,0.05581039755351682,0.0,246.10863512577433,208.94273617525323,487.03325950783585,243.85447528788922,823.6,34.386109762020396,211.7225253637539,0.42083942010100295,0.08437806396266148,0.49478251593633554,375,22.122666666666667,0.10437279998829278,0.18643400011569605,0.049596309111880045,26.37821267776972,0.0016987140436455531,0.22933333333333333,2616,0.0,0.7870795107033639,0.0,0.0,1.0,20048.200927039645,0.0,-8.757443531882962e-15,2.7587785814364776e-13,0.0,0.0,0.0,,,0.0
optimal@30s+aware,5,500,2616,2069,0.7909021406727829,0.2090978593272171,0.15711009174311927,0.05198776758409786,0.0,248.09204322648495,209.64660620456561,491.80214990173556,248.29051704816212,827.6,34.85983566940551,213.23220755707948,0.4121866323763034,0.08510555619875183,0.5027078114249448,367,22.91825613079019,0.09286076296398439,0.17415599999367226,0.052752293577981654,30.164220773053252,0.0018707224949007415,0.2506811989100817,2616,0.0,0.7909021406727829,0.0,0.0,1.0,20242.959777674132,0.0,-7.18173171434421e-15,2.717228193161343e-13,0.0,0.0,0.0,,,0.0
