arm,seed,drivers.num_drivers,requests,completed,completion_rate,cancel_rate,cancel_no_match_rate,cancel_eta_rate,cancel_late_rate,wait_mean_s,wait_p50_s,wait_p90_s,wait_all_mean_s,completed_per_hour,time_to_match_mean_s,pickup_mean_s,driver_idle_frac,driver_enroute_frac,driver_ontrip_frac,batches,batch_riders_mean,solve_ms_mean,solve_ms_p99,decline_rate,shadow_gap_s_per_batch,shadow_gap_frac,shadow_worse_batches_frac,app_opens,priced_out_rate,served_rate,retried_rate,surged_trip_frac,mean_multiplier_paid,revenue_per_hour,surge_revenue_per_hour,eta_error_mean_s,eta_abs_error_mean_s,eta_late_2min_frac,moves_per_driver_hour,reposition_km_per_hour,moves_dispatched_frac,move_planned_mean_s,driver_reposition_frac
immediate_greedy,0,300,2950,1876,0.6359322033898305,0.36406779661016947,0.013559322033898305,0.3505084745762712,0.0,411.88320798600523,380.73439785672304,703.7017709241022,272.45837648856156,750.4,10.721331444979318,401.16187654102583,0.016636827963080233,0.22313565723817913,0.7602275147987406,3377,6.609416641989932,0.05643562332096314,0.2022639993083428,0.04891158290782048,,,,2950,0.0,0.6359322033898305,0.0,0.0,1.0,18629.840132267644,0.0,-7.56087919115725e-16,2.7713202498057934e-13,0.0,0.0,0.0,,,0.0
immediate_greedy,1,300,2950,1887,0.6396610169491526,0.36033898305084744,0.013898305084745762,0.3464406779661017,0.0,412.23561810838333,385.29493359827393,704.9167059835665,274.8169003513064,754.8,14.155659504553894,398.0799586038295,0.018726229848931512,0.22345968806014768,0.7578140820909208,3388,7.315525383707202,0.06187461629584867,0.21867800015570543,0.04558942541138387,,,,2950,0.0,0.6396610169491526,0.0,0.0,1.0,18710.49350425722,0.0,6.4780072020841676e-15,2.677220160219039e-13,0.0,0.0,0.0,,,0.0
immediate_greedy,2,300,2950,1851,0.6274576271186441,0.37254237288135594,0.01152542372881356,0.3610169491525424,0.0,427.30385015253984,399.7874882165361,721.7137377120589,278.37605459551685,740.4,13.66180599997391,413.642044152566,0.01428445904614148,0.22870830168863207,0.7570072392652265,3328,6.600360576923077,0.05829810697286156,0.22725299968442425,0.04733886065792993,,,,2950,0.0,0.6274576271186441,0.0,0.0,1.0,18353.915140612884,0.0,1.0865430651372035e-14,2.807872189155925e-13,0.0,0.0,0.0,,,0.0
immediate_greedy,3,300,2950,1895,0.6423728813559322,0.3576271186440678,0.017627118644067796,0.34,0.0,420.47877077616874,396.60588696236846,711.1955459365814,281.6123442458644,758.0,10.012490815955223,410.4662799602136,0.01356641909441926,0.23268167326290534,0.7537519076426754,3404,7.15951821386604,0.06238845475796406,0.17449699996177512,0.04835224203133441,,,,2950,0.0,0.6423728813559322,0.0,0.0,1.0,18631.247196943375,0.0,-8.599629363935565e-15,2.827491392589209e-13,0.0,0.0,0.0,,,0.0
immediate_greedy,4,300,2950,1842,0.624406779661017,0.37559322033898307,0.010508474576271187,0.3650847457627119,0.0,434.4391573798824,409.99052552094054,734.9784475267215,280.9239185107898,736.8,13.483055539940542,420.9561018399419,0.014777182055835659,0.2311640319658769,0.7540587859782875,3354,6.3184257602862255,0.05793867024755183,0.20564700022987378,0.051118210862619806,,,,2950,0.0,0.624406779661017,0.0,0.0,1.0,18445.16391660102,0.0,-7.658971779867963e-15,2.822092903194411e-13,0.0,0.0,0.0,,,0.0
immediate_greedy,5,300,2950,1921,0.651186440677966,0.3488135593220339,0.011864406779661017,0.3369491525423729,0.0,395.75308943096417,368.7149023794891,667.1970629989719,265.88515456010583,768.4,8.54477214229072,387.20831728867347,0.020373467972542067,0.22107444972642132,0.7585520823010365,3442,5.4988378849506105,0.04947213829440103,0.1502180000625231,0.055378061767838126,,,,2950,0.0,0.651186440677966,0.0,0.0,1.0,18953.532267027877,0.0,-3.25680832293997e-15,2.681586805231839e-13,0.0,0.0,0.0,,,0.0
immediate_greedy,0,350,2950,2243,0.7603389830508475,0.23966101694915254,0.00983050847457627,0.22983050847457628,0.0,324.3202198320679,293.02869775318504,587.7685312028883,251.83900680511852,897.2,3.6434778881445524,320.6767419439233,0.04519696552305961,0.1866717140831017,0.7681313203938387,3666,3.927168576104746,0.04254318057349472,0.12050500017721785,0.049706039551042226,,,,2950,0.0,0.7603389830508475,0.0,0.0,1.0,22191.723292082905,0.0,-6.062421580744056e-15,2.7283589763037936e-13,0.0,0.0,0.0,,,0.0
immediate_greedy,1,350,2950,2253,0.763728813559322,0.23627118644067796,0.009152542372881356,0.2271186440677966,0.0,318.91016998908805,288.61759518564395,574.3930986685002,248.25751186144976,901.2,2.752278554703027,316.157891434385,0.042165638520347465,0.18649216599217192,0.7713421954874806,3654,3.4230979748221126,0.038941954022591416,0.1033880001614306,0.058637083993660855,,,,2950,0.0,0.763728813559322,0.0,0.0,1.0,22352.399459727087,0.0,-2.3613798197974925e-15,2.7961338920627796e-13,0.0,0.0,0.0,,,0.0
immediate_greedy,2,350,2950,2242,0.76,0.24,0.006779661016949152,0.23322033898305083,0.0,338.3349339180331,313.8640672639615,587.4074159876408,260.767577971689,896.8,3.5773863461369473,334.7575475718961,0.034527345504948556,0.19522523618280757,0.7702474183122439,3490,3.267908309455587,0.03804733523663102,0.1105220000863483,0.049189045466631214,,,,2950,0.0,0.76,0.0,0.0,1.0,22169.864219737432,0.0,-5.447124563281321e-16,2.7241525518660636e-13,0.0,0.0,0.0,,,0.0
immediate_greedy,3,350,2950,2236,0.7579661016949153,0.24203389830508473,0.00847457627118644,0.23355932203389831,0.0,333.40217041243983,304.5813205775785,601.1373490018323,257.3979861657634,894.4,4.436947292553117,328.96522311988673,0.047835038856970165,0.19004355377597557,0.7621214073670544,3573,4.215785054575987,0.04465188917351651,0.15643599992472415,0.05193075898801598,,,,2950,0.0,0.7579661016949153,0.0,0.0,1.0,22326.139079978544,0.0,6.075839493619462e-15,2.6688569859368414e-13,0.0,0.0,0.0,,,0.0
immediate_greedy,4,350,2950,2192,0.7430508474576272,0.2569491525423729,0.0023728813559322033,0.25457627118644066,0.0,345.63011814810227,316.22482791123275,603.4127035322962,259.3639174557439,876.8,2.205427728713788,343.42469041938847,0.03428747892463422,0.19616375339935213,0.7695487676760135,3468,2.4181084198385236,0.031732958484173554,0.0939660000403819,0.05150554675118859,,,,2950,0.0,0.7430508474576272,0.0,0.0,1.0,21974.261608596193,0.0,-2.3071568986188473e-15,2.7120317346283176e-13,0.0,0.0,0.0,,,0.0
immediate_greedy,5,350,2950,2229,0.755593220338983,0.24440677966101695,0.006440677966101695,0.23796610169491525,0.0,332.1062356246205,307.773332289622,589.7169116277872,254.55105552088634,891.6,2.2349088355245934,329.8713267890959,0.04722361146969048,0.19170178895978,0.7610745995705296,3566,3.0224340998317443,0.03662546270229819,0.09253500033992167,0.05249204665959703,,,,2950,0.0,0.755593220338983,0.0,0.0,1.0,22161.692143876797,0.0,1.2079465586904125e-14,2.727775634600872e-13,0.0,0.0,0.0,,,0.0
immediate_greedy,0,400,2950,2487,0.8430508474576272,0.15694915254237288,0.005084745762711864,0.151864406779661,0.0,276.373978241066,249.61166526021225,514.7914044006261,235.21712291007665,994.8,0.9348303736754977,275.43914786739055,0.0967117958769756,0.1583103668888446,0.7449778372341798,3726,2.42512077294686,0.03272082661911941,0.10084999985338072,0.04714970697922216,,,,2950,0.0,0.8430508474576272,0.0,0.0,1.0,24656.38903494088,0.0,-2.884526375519868e-15,2.7723416199989995e-13,0.0,0.0,0.0,,,0.0
immediate_greedy,1,400,2950,2484,0.8420338983050848,0.15796610169491526,0.00711864406779661,0.15084745762711865,0.0,271.5141984072503,242.77187752265172,504.35474994772085,231.34547963275728,993.6,0.970393255850375,270.5438051513999,0.10054149835339268,0.15644628779429476,0.7430122138523125,3723,2.480795057749127,0.034621595493582936,0.08027800009585914,0.05274317519215478,,,,2950,0.0,0.8420338983050848,0.0,0.0,1.0,24758.519664133266,0.0,1.2016689307597408e-15,2.7617530735038847e-13,0.0,0.0,0.0,,,0.0
immediate_greedy,2,400,2950,2509,0.8505084745762712,0.14949152542372882,0.0047457627118644066,0.1447457627118644,0.0,276.642293503251,244.7125236217671,521.5452645769377,237.41275556635634,1003.6,1.170222030059623,275.47207147319136,0.08556522640220679,0.1606134702297849,0.7538213033680083,3675,2.2342857142857144,0.03142963265591312,0.0715259998469264,0.04679606487636267,,,,2950,0.0,0.8505084745762712,0.0,0.0,1.0,24872.14016948737,0.0,6.577263865296264e-16,2.7217553307465805e-13,0.0,0.0,0.0,,,0.0
immediate_greedy,3,400,2950,2472,0.8379661016949153,0.16203389830508474,0.006440677966101695,0.15559322033898304,0.0,277.1083707828474,250.62645910461015,507.7535906938402,235.351934067003,988.8,2.0400718379043186,275.068298944943,0.10308577304034486,0.15974232254345025,0.7371719044162048,3735,3.266934404283802,0.041220401607286995,0.13276599989694657,0.047707889125799575,,,,2950,0.0,0.8379661016949153,0.0,0.0,1.0,24619.718262898525,0.0,9.243819302240063e-15,2.753373311440982e-13,0.0,0.0,0.0,,,0.0
immediate_greedy,4,400,2950,2480,0.8406779661016949,0.15932203389830507,0.001016949152542373,0.15830508474576271,0.0,276.4783735388201,246.3001223709366,518.6186972403368,233.5760151907516,992.0,1.249199138345371,275.22917440047473,0.09509770456166772,0.1584461578580355,0.7464561375802967,3564,1.8658810325476993,0.02962093153155416,0.0720110001384455,0.04664723032069971,,,,2950,0.0,0.8406779661016949,0.0,0.0,1.0,24823.720384123146,0.0,-8.300260120796382e-16,2.7297389259389556e-13,0.0,0.0,0.0,,,0.0
immediate_greedy,5,400,2950,2480,0.8406779661016949,0.15932203389830507,0.00576271186440678,0.1535593220338983,0.0,261.4299061389213,238.79638037993846,481.9784641582411,222.12881897545364,992.0,0.7535713730045254,260.6763347659167,0.10857759033472601,0.15098621553279248,0.7404361941324815,3749,2.4206455054681246,0.03521752467346959,0.08670399987749988,0.05144523998939273,,,,2950,0.0,0.8406779661016949,0.0,0.0,1.0,24690.353160627157,0.0,7.675088163583062e-15,2.817560253210252e-13,0.0,0.0,0.0,,,0.0
immediate_greedy,0,450,2950,2646,0.8969491525423728,0.10305084745762712,0.004406779661016949,0.09864406779661017,0.0,231.7686409444006,200.46658585143496,445.18855999517655,209.7506879174496,1058.4,0.6528527376603882,231.1157882067402,0.1703913922630849,0.12857043665677634,0.7010381710801388,3759,2.122106943335994,0.03271856877102222,0.08129999969241908,0.05213019317279704,,,,2950,0.0,0.8969491525423728,0.0,0.0,1.0,26319.423509001972,0.0,6.3509708116529695e-15,2.7422571646054555e-13,0.0,0.0,0.0,,,0.0
immediate_greedy,1,450,2950,2656,0.9003389830508475,0.09966101694915254,0.002033898305084746,0.0976271186440678,0.0,220.19772005701395,191.81457625686085,429.38074006853276,199.21206441163181,1062.4,0.6982266056967605,219.4994934513172,0.1715376106014495,0.12340879435172251,0.705053595046828,3846,1.782111284451378,0.02948395736062415,0.06555499976457214,0.04419595314164004,,,,2950,0.0,0.9003389830508475,0.0,0.0,1.0,26604.129530133814,0.0,3.2784183667677344e-15,2.731075907593591e-13,0.0,0.0,0.0,,,0.0
immediate_greedy,2,450,2950,2683,0.9094915254237288,0.09050847457627119,0.002033898305084746,0.08847457627118645,0.0,224.69262492186715,195.78456011245544,434.38271121667975,205.34572590462335,1073.2,0.5509960098811864,224.141628911986,0.15949904194858786,0.127358634083497,0.7131423239679152,3561,1.601797247964055,0.03052561079472087,0.06037999974068955,0.04362862463421122,,,,2950,0.0,0.9094915254237288,0.0,0.0,1.0,26686.48480388951,0.0,5.200420373453841e-15,2.799828948633107e-13,0.0,0.0,0.0,,,0.0
immediate_greedy,3,450,2950,2671,0.9054237288135594,0.09457627118644067,0.003389830508474576,0.09118644067796611,0.0,227.87516762251354,197.34521635472902,449.687188574695,208.1654022063633,1068.4,1.17987704416278,226.6952905783508,0.17125386723509842,0.12853459602170336,0.7002115367431982,3909,2.1701202353543105,0.03275904324333129,0.07617600000230598,0.05051573657762497,,,,2950,0.0,0.9054237288135594,0.0,0.0,1.0,26496.801350360387,0.0,1.3438395535507735e-14,2.755085564404959e-13,0.0,0.0,0.0,,,0.0
immediate_greedy,4,450,2950,2636,0.8935593220338983,0.1064406779661017,0.0013559322033898306,0.10508474576271186,0.0,233.87781867532186,201.8787427088946,454.51025927312776,209.82538347264398,1054.4,0.7033541140945113,233.17446456122738,0.16682686190441226,0.12946869950823992,0.7037044385873478,3627,1.626688723462917,0.030630962215832513,0.0722880005014301,0.04664723032069971,,,,2950,0.0,0.8935593220338983,0.0,0.0,1.0,26401.454442160997,0.0,3.4462822075096143e-15,2.7374111239440274e-13,0.0,0.0,0.0,,,0.0
immediate_greedy,5,450,2950,2654,0.8996610169491526,0.10033898305084746,0.003728813559322034,0.09661016949152543,0.0,221.45664042271224,192.32324257135906,434.3979333252455,200.42298993183562,1061.6,0.8605367778497378,220.5961036448625,0.17681690925134058,0.12327940590903595,0.6999036848396234,3708,1.9495685005393744,0.031267907235801334,0.0719859998389438,0.054310572106511995,,,,2950,0.0,0.8996610169491526,0.0,0.0,1.0,26418.456793592846,0.0,3.87799982196121e-15,2.7905602136183384e-13,0.0,0.0,0.0,,,0.0
immediate_greedy,0,500,2950,2748,0.9315254237288135,0.06847457627118644,0.001694915254237288,0.06677966101694915,0.0,191.83410010816183,157.40618849611292,397.7631848701941,179.46810844241702,1099.2,0.4505086712904164,191.38359143687143,0.24187662722331005,0.10195714946685949,0.6561662233098304,3667,1.6667575674938642,0.030612162536217517,0.06536800023241088,0.047480106100795755,,,,2950,0.0,0.9315254237288135,0.0,0.0,1.0,27438.818312249787,0.0,3.7916459556430474e-16,2.7439982196529226e-13,0.0,0.0,0.0,,,0.0
immediate_greedy,1,500,2950,2773,0.94,0.06,0.0030508474576271187,0.05694915254237288,0.0,183.316452580371,149.5333981710064,378.4462234964267,173.67011235042932,1109.2,0.42359257075615436,182.89286000961488,0.2393402840510167,0.09995762571549764,0.6607020902334856,3866,1.724004138644594,0.03264831867486156,0.06636999996771918,0.051268498942917545,,,,2950,0.0,0.94,0.0,0.0,1.0,27612.583835065678,0.0,5.906602690224476e-15,2.8029848346613213e-13,0.0,0.0,0.0,,,0.0
immediate_greedy,2,500,2950,2801,0.9494915254237288,0.05050847457627119,0.0023728813559322033,0.04813559322033898,0.0,179.6771208313634,150.4653635887421,362.94512237515664,171.2722215087291,1120.4,0.8461961382941636,178.83092469306922,0.23008229299206706,0.0993202619182168,0.6705974450897162,3593,1.6342888950737546,0.030325660998494153,0.06279999979597051,0.04414893617021277,,,,2950,0.0,0.9494915254237288,0.0,0.0,1.0,27857.75939161044,0.0,6.9542927487864455e-15,2.7784585691734705e-13,0.0,0.0,0.0,,,0.0
immediate_greedy,3,500,2950,2739,0.9284745762711865,0.07152542372881356,0.001694915254237288,0.06983050847457627,0.0,195.93642186911762,159.51456220390173,408.2907174979945,183.3816430595545,1095.6,0.6900025093375367,195.24641935978008,0.24356893146943492,0.1049295951246457,0.6515014734059194,3887,2.061229740159506,0.033965294570003336,0.08792800001174325,0.04944473823373876,,,,2950,0.0,0.9284745762711865,0.0,0.0,1.0,27183.489022519767,0.0,5.166408050226281e-15,2.7513243802824186e-13,0.0,0.0,0.0,,,0.0
immediate_greedy,4,500,2950,2741,0.9291525423728814,0.07084745762711864,0.00033898305084745765,0.07050847457627119,0.0,191.52226828996075,159.22922882095918,384.9300553873363,178.1930665659997,1096.4,0.2746670209768573,191.24760126898389,0.23755398439307118,0.10239210109668197,0.6600539145102469,3292,1.3110571081409477,0.027749574718061474,0.056135999739126474,0.053364879074658256,,,,2950,0.0,0.9291525423728814,0.0,0.0,1.0,27489.35301727726,0.0,6.991812779561105e-15,2.736501284602118e-13,0.0,0.0,0.0,,,0.0
immediate_greedy,5,500,2950,2756,0.9342372881355933,0.06576271186440678,0.003389830508474576,0.062372881355932205,0.0,180.6048615456959,148.67479910796828,370.71069996567485,169.8275405711964,1102.4,0.4915507895996319,180.11331075609627,0.2494242873718557,0.0973452518856026,0.6532304607425417,3659,1.7105766602896966,0.03118830281707923,0.06978399984291174,0.05426765015806112,,,,2950,0.0,0.9342372881355933,0.0,0.0,1.0,27350.915866804065,0.0,-5.015339860879245e-15,2.74264726395049e-13,0.0,0.0,0.0,,,0.0
batched_greedy@10s,0,300,2950,1995,0.676271186440678,0.32372881355932204,0.1088135593220339,0.21491525423728813,0.0,393.34436498457194,364.52955429612757,644.7539555233785,302.2478072099323,798.0,53.440601503759396,339.90376348081253,0.017727732337312105,0.18507352962904458,0.7971987380336433,1111,22.414041404140413,0.04529378936750396,0.09589999990566866,0.05001462415911085,,,,2950,0.0,0.676271186440678,0.0,0.0,1.0,19801.267966998614,0.0,3.3016196293213677e-15,2.7831193211912656e-13,0.0,0.0,0.0,,,0.0
batched_greedy@10s,1,300,2950,1998,0.6772881355932203,0.3227118644067797,0.08,0.24271186440677966,0.0,394.94441682727904,365.08314964523356,650.4530992337693,295.62308486253846,799.2,44.132632632632635,350.8117841946464,0.012753135499523659,0.1969574460603002,0.7902894184401761,1100,18.725454545454546,0.03788227272211357,0.10703499984629158,0.04965753424657534,,,,2950,0.0,0.6772881355932203,0.0,0.0,1.0,19658.07587110914,0.0,1.3264886908834704e-15,2.777126765677777e-13,0.0,0.0,0.0,,,0.0
batched_greedy@10s,2,300,2950,1955,0.6627118644067796,0.33728813559322035,0.10440677966101695,0.23288135593220338,0.0,404.03560584161204,371.9415400900871,663.1985193672334,303.4932279238524,782.0,54.54833759590793,349.4872682457041,0.010999370704403523,0.18855830952691655,0.80044231976868,1119,21.90437890974084,0.040185165333881924,0.10590999963824285,0.04911362975879105,,,,2950,0.0,0.6627118644067796,0.0,0.0,1.0,19488.77300317234,0.0,-1.0456426858218968e-14,2.815784547840307e-13,0.0,0.0,0.0,,,0.0
batched_greedy@10s,3,300,2950,2009,0.6810169491525424,0.31898305084745765,0.10508474576271186,0.21389830508474575,0.0,399.1705197057947,371.58819193783347,654.1963717600247,308.76753169756535,803.6,50.54952712792434,348.6209925778703,0.011003903196201181,0.19375413682806164,0.7952419599757371,1103,22.652765185856754,0.043885947418239944,0.10254999999233409,0.05443959243085881,,,,2950,0.0,0.6810169491525424,0.0,0.0,1.0,19870.344218899445,0.0,-5.994872758155151e-15,2.752548479505503e-13,0.0,0.0,0.0,,,0.0
batched_greedy@10s,4,300,2950,1957,0.6633898305084746,0.33661016949152545,0.08983050847457627,0.24677966101694915,0.0,402.12740421969704,368.98859519717826,666.2082493175482,299.4499465214244,782.8,48.90955544200307,353.217848777694,0.012896170242331527,0.19236650940019634,0.7947373203574721,1104,19.76268115942029,0.04051893117660428,0.10654299952875596,0.048285714285714286,,,,2950,0.0,0.6633898305084746,0.0,0.0,1.0,19704.0307271304,0.0,5.7693020292427146e-15,2.734445838441514e-13,0.0,0.0,0.0,,,0.0
batched_greedy@10s,5,300,2950,1999,0.6776271186440678,0.32237288135593223,0.09559322033898306,0.22677966101694916,0.0,378.9067232902418,352.0083677720195,633.6305153003847,288.7071304625733,799.6,45.92096048024012,332.9857628100017,0.021145840463908144,0.18656448280702115,0.7922896767290708,1095,20.236529680365297,0.044639817351874306,0.11442400067608102,0.047205328699681436,,,,2950,0.0,0.6776271186440678,0.0,0.0,1.0,19886.6336731805,0.0,-5.0180525623277714e-15,2.752997651977962e-13,0.0,0.0,0.0,,,0.0
batched_greedy@10s,0,350,2950,2245,0.7610169491525424,0.23898305084745763,0.01423728813559322,0.22474576271186442,0.0,321.1642195403471,291.8880899033138,581.7883256327088,252.39831210579135,898.0,9.91804008908686,311.2461794512603,0.04766228805063103,0.17922974890723226,0.7731079630421367,1088,7.006433823529412,0.04517987135824676,0.10648900063642878,0.04633620689655173,,,,2950,0.0,0.7610169491525424,0.0,0.0,1.0,22239.614802720993,0.0,1.4202942212576613e-15,2.7889593628846473e-13,0.0,0.0,0.0,,,0.0
batched_greedy@10s,1,350,2950,2297,0.7786440677966102,0.22135593220338984,0.012542372881355932,0.2088135593220339,0.0,323.5275734057875,295.2925553735204,565.227600233143,258.22402639186146,918.8,10.193295602960383,313.3342778028271,0.04338989185970472,0.18517923855502233,0.771430869585273,1075,6.54046511627907,0.04749869767016038,0.11033799992219427,0.05805938494167551,,,,2950,0.0,0.7786440677966102,0.0,0.0,1.0,22532.533822974445,0.0,-2.7144155447517976e-16,2.7794919174272576e-13,0.0,0.0,0.0,,,0.0
batched_greedy@10s,2,350,2950,2263,0.7671186440677966,0.23288135593220338,0.012542372881355932,0.22033898305084745,0.0,332.6719072614729,307.4851192653359,570.49508343986,262.5347398873295,905.2,11.47017233760495,321.20173492386795,0.035897137886545555,0.1850492359075558,0.7790536262058986,1074,6.909683426443203,0.04608994413755981,0.10458100069627108,0.05020026702269693,,,,2950,0.0,0.7671186440677966,0.0,0.0,1.0,22416.699620242834,0.0,6.685868042241111e-15,2.6863060310582927e-13,0.0,0.0,0.0,,,0.0
batched_greedy@10s,3,350,2950,2267,0.7684745762711864,0.23152542372881357,0.019322033898305085,0.2122033898305085,0.0,329.2964738626409,301.9306451602274,580.4628201599503,262.2229881549438,906.8,14.40891045434495,314.88756340829593,0.049608242157765534,0.18292688745812047,0.7674648703841139,1074,8.60707635009311,0.0472120111837515,0.1085480003530392,0.05472103004291846,,,,2950,0.0,0.7684745762711864,0.0,0.0,1.0,22402.008699799007,0.0,9.863599424071616e-15,2.6656322593540856e-13,0.0,0.0,0.0,,,0.0
batched_greedy@10s,4,350,2950,2223,0.7535593220338983,0.2464406779661017,0.005423728813559322,0.24101694915254238,0.0,339.2419401350002,313.13739292768696,588.4452738434676,261.29777144495597,889.2,10.104363472784526,329.1375766622157,0.03536395030286138,0.18852178055392546,0.7761142691432131,1081,5.919518963922294,0.041944125806097014,0.10522000011405915,0.04783417486048366,,,,2950,0.0,0.7535593220338983,0.0,0.0,1.0,22291.26803882549,0.0,-1.745192684323053e-15,2.7372995658011343e-13,0.0,0.0,0.0,,,0.0
batched_greedy@10s,5,350,2950,2265,0.7677966101694915,0.23220338983050848,0.015254237288135594,0.21694915254237288,0.0,330.0346443985816,301.9254050881282,583.6225908571556,261.2091330278958,906.0,14.384988962472406,315.64965543610913,0.048123535892999926,0.1818960059698732,0.7699804581371268,1080,7.941666666666666,0.0420935185334033,0.10777100023005932,0.057272242940863076,,,,2950,0.0,0.7677966101694915,0.0,0.0,1.0,22455.98587126729,0.0,9.117063248577444e-15,2.739126561085081e-13,0.0,0.0,0.0,,,0.0
batched_greedy@10s,0,400,2950,2500,0.847457627118644,0.15254237288135594,0.006440677966101695,0.14610169491525424,0.0,270.34329260234625,245.5671132602347,486.7434120122477,232.77626292156688,1000.0,6.268,264.0752926023463,0.10304561711735054,0.15305007341406188,0.7439043094685875,1067,5.094657919400188,0.05206091847037133,0.1175719999628199,0.04516301443078568,,,,2950,0.0,0.847457627118644,0.0,0.0,1.0,24677.958776835705,0.0,1.7711165867240197e-15,2.7611593012011325e-13,0.0,0.0,0.0,,,0.0
batched_greedy@10s,1,400,2950,2487,0.8430508474576272,0.15694915254237288,0.006101694915254237,0.15084745762711865,0.0,267.84272703520764,235.60961396449693,512.1461813517524,229.3645895316358,994.8,5.870124648170487,261.97260238703717,0.10729207723349214,0.15127972176339372,0.7414282010031141,1069,4.8662301216089805,0.0542979420040455,0.12641199988138385,0.05074388947927736,,,,2950,0.0,0.8430508474576272,0.0,0.0,1.0,24737.02548844732,0.0,6.799993262929296e-15,2.748100634601655e-13,0.0,0.0,0.0,,,0.0
batched_greedy@10s,2,400,2950,2528,0.8569491525423729,0.1430508474576271,0.006101694915254237,0.1369491525423729,0.0,273.5067473365533,242.9275300209522,505.82266931206453,238.00913130342036,1011.2,6.293117088607595,267.2136302479457,0.09067778785090323,0.1564656092534888,0.752856602895608,1062,4.753295668549906,0.05135386064858959,0.11245099975894854,0.05186557290288436,,,,2950,0.0,0.8569491525423729,0.0,0.0,1.0,24988.629036841354,0.0,-4.7644729230828315e-15,2.7326418202787257e-13,0.0,0.0,0.0,,,0.0
batched_greedy@10s,3,400,2950,2487,0.8430508474576272,0.15694915254237288,0.009491525423728813,0.14745762711864407,0.0,278.13396960603814,251.95821907772006,511.7715274882983,239.4599876313726,994.8,6.423401688781665,271.71056791725647,0.1059191360456748,0.15771641026601516,0.73636445368831,1064,5.7819548872180455,0.05406625939485821,0.12759900070705013,0.05446333687566419,,,,2950,0.0,0.8430508474576272,0.0,0.0,1.0,24588.254998247496,0.0,1.0969914160807698e-14,2.784126858378615e-13,0.0,0.0,0.0,,,0.0
batched_greedy@10s,4,400,2950,2472,0.8379661016949153,0.16203389830508474,0.004406779661016949,0.1576271186440678,0.0,275.79770337893706,254.94060658159242,510.49783027605764,234.31721619219712,988.8,6.749595469255663,269.0481079096814,0.09632382908195038,0.1539477404413238,0.7497284304767259,1068,4.671348314606742,0.05170280898151548,0.11353200017765627,0.04878048780487805,,,,2950,0.0,0.8379661016949153,0.0,0.0,1.0,24834.76773846026,0.0,-1.7381367830104443e-15,2.7734103219671255e-13,0.0,0.0,0.0,,,0.0
batched_greedy@10s,5,400,2950,2500,0.847457627118644,0.15254237288135594,0.005423728813559322,0.14711864406779662,0.0,270.3943897270903,239.94485727784377,501.78143248766236,232.88006555371862,1000.0,6.87,263.5243897270903,0.10493084897763486,0.15261055230177534,0.7424585987205898,1070,5.391588785046729,0.05142542055420274,0.12225099993884203,0.058544303797468354,,,,2950,0.0,0.847457627118644,0.0,0.0,1.0,24864.126996178627,0.0,1.7553603015585395e-14,2.664666709506491e-13,0.0,0.0,0.0,,,0.0
batched_greedy@10s,0,450,2950,2648,0.8976271186440677,0.1023728813559322,0.004406779661016949,0.09796610169491525,0.0,226.67101405099643,198.2823401868568,430.29437664578273,205.5285584399368,1059.2,5.92560422960725,220.7454098213892,0.17456887638065574,0.1228927794355641,0.7025383441837801,1055,4.5601895734597155,0.057907772517683906,0.12741199998345118,0.04557569296375266,,,,2950,0.0,0.8976271186440677,0.0,0.0,1.0,26436.52698306582,0.0,7.954362244406522e-15,2.741798060829199e-13,0.0,0.0,0.0,,,0.0
batched_greedy@10s,1,450,2950,2655,0.9,0.1,0.0047457627118644066,0.09525423728813559,0.0,220.2401156808391,192.52059371763426,419.61530592307867,200.62081623431152,1062.0,5.343502824858757,214.89661285598032,0.17390389412686694,0.12152783009171275,0.7045682757814203,1060,4.4216981132075475,0.05651009434312176,0.1297999997404986,0.05466068127805651,,,,2950,0.0,0.9,0.0,0.0,1.0,26498.44077632284,0.0,1.0417655438864053e-14,2.8165781069665275e-13,0.0,0.0,0.0,,,0.0
batched_greedy@10s,2,450,2950,2685,0.9101694915254237,0.08983050847457627,0.0030508474576271187,0.08677966101694916,0.0,226.15255953488173,196.69901251203873,436.1044366855674,207.466489588476,1074.0,5.60074487895717,220.55181465592457,0.16098719431015124,0.12500004774760975,0.7140127579422391,1054,4.067362428842505,0.05976916508666924,0.1296110003931972,0.04923239809422975,,,,2950,0.0,0.9101694915254237,0.0,0.0,1.0,26704.706285848682,0.0,-2.859909701981339e-15,2.7340691266944316e-13,0.0,0.0,0.0,,,0.0
batched_greedy@10s,3,450,2950,2630,0.8915254237288136,0.10847457627118644,0.0047457627118644066,0.10372881355932204,0.0,232.60727716699117,198.1790731112883,462.6863102958443,210.61705344406028,1052.0,6.019011406844107,226.58826576014707,0.17997241909618744,0.1259871543893779,0.6940404265144346,1064,4.8468045112781954,0.06006287593120083,0.13182199981201842,0.047543160690571046,,,,2950,0.0,0.8915254237288136,0.0,0.0,1.0,26109.23072168549,0.0,1.3659626872785453e-14,2.8092517750151846e-13,0.0,0.0,0.0,,,0.0
batched_greedy@10s,4,450,2950,2655,0.9,0.1,0.002711864406779661,0.09728813559322035,0.0,232.35399000076498,200.19511201165733,448.77399341230495,210.8203203768347,1062.0,5.607156308851224,226.74683369191376,0.1655137955009392,0.1274903383811861,0.7069958661178747,1053,4.1405508072174735,0.057329059821487026,0.1266520002536709,0.050224689399947134,,,,2950,0.0,0.9,0.0,0.0,1.0,26528.892761402625,0.0,3.367760140649199e-15,2.7700917517117143e-13,0.0,0.0,0.0,,,0.0
batched_greedy@10s,5,450,2950,2655,0.9,0.1,0.004406779661016949,0.09559322033898306,0.0,214.59468506123184,183.37307875817623,420.01330120131814,195.20948691726923,1062.0,6.025988700564972,208.56869636066682,0.1831771419331727,0.11715679155336553,0.6996660665134617,1064,4.514097744360902,0.061589943599681,0.12802000028386762,0.05310435931307794,,,,2950,0.0,0.9,0.0,0.0,1.0,26386.493750594946,0.0,7.480937819413955e-16,2.75599840082699e-13,0.0,0.0,0.0,,,0.0
batched_greedy@10s,0,500,2950,2760,0.9355932203389831,0.06440677966101695,0.0013559322033898306,0.06305084745762712,0.0,192.75049071464522,161.36066944657045,386.30979823312646,181.38745936820604,1104.0,5.477173913043479,187.27331680160174,0.2399301720456211,0.10102345710565194,0.659046370848727,1053,4.062678062678063,0.06440113959452977,0.13400799936789556,0.04569606801275239,,,,2950,0.0,0.9355932203389831,0.0,0.0,1.0,27532.947857384675,0.0,3.8179202150814304e-15,2.815842969422741e-13,0.0,0.0,0.0,,,0.0
batched_greedy@10s,1,500,2950,2747,0.9311864406779661,0.0688135593220339,0.003389830508474576,0.06542372881355932,0.0,187.57719993957815,153.19980369204404,378.39060838728693,176.42165451025735,1098.8,5.2439024390243905,182.33329750055375,0.24388850249690355,0.09939380397086639,0.65671769353223,1058,4.1275992438563325,0.0653458412160547,0.13715200004298864,0.04522479382814578,,,,2950,0.0,0.9311864406779661,0.0,0.0,1.0,27320.91802422254,0.0,1.6422975102163537e-15,2.760860342673014e-13,0.0,0.0,0.0,,,0.0
batched_greedy@10s,2,500,2950,2796,0.9477966101694916,0.05220338983050848,0.0023728813559322033,0.04983050847457627,0.0,185.71130266018346,155.99327114171683,367.88316443943154,177.16151882914795,1118.4,5.28898426323319,180.42231839695026,0.23060265098823132,0.09977574171193355,0.6696216072998351,1052,3.915399239543726,0.061621292790746525,0.13053700000455137,0.049206349206349205,,,,2950,0.0,0.9477966101694916,0.0,0.0,1.0,27839.911926126166,0.0,-7.501748387958072e-15,2.7764418486429486e-13,0.0,0.0,0.0,,,0.0
batched_greedy@10s,3,500,2950,2739,0.9284745762711865,0.07152542372881356,0.0013559322033898306,0.07016949152542373,0.0,192.67638379958754,156.5502949802867,391.49641024096167,180.24029970434947,1095.6,5.599123767798466,187.07726003178908,0.24796944144817049,0.10050120938408216,0.6515293491677473,1058,4.205103969754253,0.0620736294849625,0.12691699972492654,0.05268703898840885,,,,2950,0.0,0.9284745762711865,0.0,0.0,1.0,27208.970543742635,0.0,1.0249681108721777e-14,2.7391577302980633e-13,0.0,0.0,0.0,,,0.0
batched_greedy@10s,4,500,2950,2755,0.9338983050847458,0.06610169491525424,0.00033898305084745765,0.06576271186440678,0.0,197.19981042440958,163.66650322143278,395.1347066508464,184.7413787434188,1102.0,5.0849364791288565,192.11487394528072,0.23272753777990596,0.10348156196031527,0.6637909002597787,1048,3.6889312977099236,0.06427499999191442,0.12705299974186346,0.04986807387862797,,,,2950,0.0,0.9338983050847458,0.0,0.0,1.0,27656.271951735933,0.0,9.61211348467028e-15,2.747309538565741e-13,0.0,0.0,0.0,,,0.0
batched_greedy@10s,5,500,2950,2752,0.9328813559322033,0.0671186440677966,0.0030508474576271187,0.0640677966101695,0.0,188.95917291362943,156.69989176951367,380.3153528560395,177.5437708153651,1100.8,5.47093023255814,183.48824268107128,0.24739401616573609,0.09864073447551859,0.6539652493587453,1054,4.136622390891841,0.06640483869485138,0.13348099963877763,0.052770448548812667,,,,2950,0.0,0.9328813559322033,0.0,0.0,1.0,27439.231493674004,0.0,3.1623605542993013e-15,2.7379019594122694e-13,0.0,0.0,0.0,,,0.0
optimal@10s,0,300,2950,2001,0.6783050847457627,0.32169491525423727,0.1047457627118644,0.21694915254237288,0.0,402.8590268291744,374.39905786397503,655.6115752680271,310.53446154847313,800.4,55.48025987006497,347.37876695910944,0.013439995730017126,0.19139461172093516,0.7951653925490477,1095,23.2310502283105,0.09942310501933768,0.17971199957173667,0.04622586307782329,8.337995627325823,0.00043142820838713353,0.09223744292237443,2950,0.0,0.6783050847457627,0.0,0.0,1.0,19698.38652187041,0.0,3.66368049785349e-15,2.737835501094018e-13,0.0,0.0,0.0,,,0.0
optimal@10s,1,300,2950,2004,0.679322033898305,0.3206779661016949,0.08508474576271187,0.23559322033898306,0.0,398.5876089734999,369.48851204590846,658.9411300615915,301.61640810394397,801.6,49.1187624750499,349.46884649845,0.013996794395410088,0.19443179096055346,0.7915714146440364,1096,20.434306569343065,0.09754808394581545,0.18206999980066024,0.05121602288984263,8.394343419832595,0.0005001598577849167,0.0948905109489051,2950,0.0,0.679322033898305,0.0,0.0,1.0,19617.101587047448,0.0,9.644093020296768e-15,2.8094448479752024e-13,0.0,0.0,0.0,,,0.0
optimal@10s,2,300,2950,1988,0.6738983050847458,0.32610169491525426,0.10745762711864407,0.21864406779661016,0.0,412.20113107531637,382.61427960723586,663.3922599423537,314.0253918032897,795.2,58.52062374245473,353.6805073328616,0.011892660199815617,0.1925626381906247,0.7955447016095598,1095,23.205479452054796,0.09903287671676643,0.19120199953249503,0.05027608253414705,7.729484668639219,0.0004003702043413213,0.1004566210045662,2950,0.0,0.6738983050847458,0.0,0.0,1.0,19622.928490641432,0.0,8.486392898492897e-15,2.798400902910611e-13,0.0,0.0,0.0,,,0.0
optimal@10s,3,300,2950,2008,0.680677966101695,0.3193220338983051,0.09525423728813559,0.22406779661016948,0.0,397.70523516111496,365.31699272838523,659.4224918147962,304.85123047203865,803.2,45.94870517928287,351.7565299818321,0.011744810167453046,0.1962773430454283,0.7919778467871187,1103,20.529465095194922,0.10155711694271488,0.18881799956943732,0.047522457258765576,9.639573889578859,0.0005701353146660614,0.10516772438803264,2950,0.0,0.680677966101695,0.0,0.0,1.0,19825.335629477908,0.0,2.288563318490263e-15,2.7411008390058e-13,0.0,0.0,0.0,,,0.0
optimal@10s,4,300,2950,1944,0.6589830508474577,0.3410169491525424,0.07050847457627119,0.2705084745762712,0.0,405.1780438371669,377.65840925201564,664.0721670345724,296.2475092134613,777.6,42.68518518518518,362.49285865198175,0.01131065366358958,0.19898909537216214,0.7897002509642482,1100,17.848181818181818,0.09870718182024905,0.16385500032811245,0.04781997187060478,10.002666094437528,0.0006901714288206558,0.10727272727272727,2950,0.0,0.6589830508474577,0.0,0.0,1.0,19498.751945588592,0.0,4.974530161365722e-15,2.8800007646202207e-13,0.0,0.0,0.0,,,0.0
optimal@10s,5,300,2950,1987,0.6735593220338983,0.3264406779661017,0.07898305084745763,0.24745762711864408,0.0,388.77744635137617,360.6406044465766,631.7504156857328,290.15243710933294,794.8,42.145445395067945,346.6320009563082,0.02075888117974351,0.19484781567744527,0.7843933031428112,1096,18.493613138686133,0.11164105837391895,0.17830499937190297,0.051959114139693355,8.190831204811511,0.0005455889709766506,0.10492700729927007,2950,0.0,0.6735593220338983,0.0,0.0,1.0,19748.975781470388,0.0,3.4235322176563962e-15,2.7008625163570586e-13,0.0,0.0,0.0,,,0.0
optimal@10s,0,350,2950,2232,0.7566101694915254,0.24338983050847457,0.015593220338983051,0.22779661016949151,0.0,338.210339276996,309.5900944937948,596.9969550068809,264.245908251133,892.8,12.42383512544803,325.78650415154794,0.043310275614772506,0.18507495719099812,0.7716147671942293,1086,7.630755064456722,0.10466961325108337,0.17616999971323838,0.044840626688276604,9.800285153506305,0.0019433918167308106,0.10957642725598526,2950,0.0,0.7566101694915254,0.0,0.0,1.0,22228.7521960363,0.0,-5.365680022955416e-15,2.7287451470048613e-13,0.0,0.0,0.0,,,0.0
optimal@10s,1,350,2950,2261,0.7664406779661017,0.23355932203389831,0.012542372881355932,0.22101694915254239,0.0,326.85663608423783,297.61392748092294,580.8588589424116,256.68710954583196,904.4,10.366651923927465,316.48998416031037,0.04512233309852927,0.18368038888285654,0.7711972780186142,1081,6.47641073080481,0.09893413506091861,0.16186000011657606,0.055806537337230934,12.659020920559549,0.0032246206312824158,0.1332099907493062,2950,0.0,0.7664406779661017,0.0,0.0,1.0,22426.700153698483,0.0,-1.0476655662716648e-15,2.769219322375867e-13,0.0,0.0,0.0,,,0.0
optimal@10s,2,350,2950,2265,0.7677966101694915,0.23220338983050848,0.013559322033898305,0.21864406779661016,0.0,346.9575651675918,320.01363264002885,601.8332236306352,274.74981052973936,906.0,14.293598233995585,332.66396693359616,0.028872575849892588,0.1896133733014493,0.7815140508486582,1081,7.734505087881591,0.09451165586733076,0.14829999945504832,0.04795070988481114,8.612531199476463,0.001686089806876262,0.09898242368177614,2950,0.0,0.7677966101694915,0.0,0.0,1.0,22447.216935691704,0.0,8.003801202869429e-15,2.7384403305179837e-13,0.0,0.0,0.0,,,0.0
optimal@10s,3,350,2950,2257,0.7650847457627119,0.23491525423728812,0.01966101694915254,0.21525423728813559,0.0,339.24659215206816,315.1609727398568,603.3421719256773,269.52359830285144,902.8,15.28666371289322,323.959928439175,0.04703532484038703,0.18710804114507762,0.7658566340145353,1080,8.943518518518518,0.10563851852499216,0.17654500027674674,0.05726518597805726,8.737146352008347,0.0014110241094180522,0.11481481481481481,2950,0.0,0.7650847457627119,0.0,0.0,1.0,22317.44489721716,0.0,4.148505494230713e-15,2.701439721749679e-13,0.0,0.0,0.0,,,0.0
optimal@10s,4,350,2950,2211,0.7494915254237288,0.2505084745762712,0.005084745762711864,0.2454237288135593,0.0,343.0517098943742,318.4625303029288,592.2696090436812,263.09897372537125,884.4,11.193577566711895,331.8581323276623,0.038701423091588874,0.18903388713194436,0.7722646897764668,1072,6.230410447761194,0.08905391789777417,0.16145100005815033,0.05160095263297169,8.914885251037795,0.002380457347742487,0.11753731343283583,2950,0.0,0.7494915254237288,0.0,0.0,1.0,22195.171785759507,0.0,-1.2164549482297237e-14,2.6786995155809845e-13,0.0,0.0,0.0,,,0.0
optimal@10s,5,350,2950,2267,0.7684745762711864,0.23152542372881357,0.01830508474576271,0.21322033898305084,0.0,329.62106312622075,303.67033776250173,576.4088984533829,261.2934837585643,906.8,14.02249669166299,315.59856643455777,0.04633922226342953,0.18365393755015005,0.7700068401864205,1077,7.919220055710307,0.0935957288865977,0.16272000022581787,0.05591225254146603,10.351687708487798,0.0019879569044475285,0.11513463324048283,2950,0.0,0.7684745762711864,0.0,0.0,1.0,22597.213425432485,0.0,-2.4051730562589627e-15,2.7611535564458753e-13,0.0,0.0,0.0,,,0.0
optimal@10s,0,400,2950,2509,0.8505084745762712,0.14949152542372882,0.00576271186440678,0.14372881355932204,0.0,274.8743032440174,249.08247394942373,503.7018805076674,236.99499141972694,1003.6,6.2913511359107215,268.5829521081067,0.09824978957323503,0.1560945079333206,0.7456557024934443,1063,5.066792097836312,0.10157460019742115,0.17991199969401322,0.047961630695443645,4.96478150658941,0.002059512957592314,0.08560677328316087,2950,0.0,0.8505084745762712,0.0,0.0,1.0,24846.9734291042,0.0,-1.0612829423120667e-15,2.7309592521942504e-13,0.0,0.0,0.0,,,0.0
optimal@10s,1,400,2950,2492,0.8447457627118644,0.1552542372881356,0.006101694915254237,0.14915254237288136,0.0,272.1091939902425,245.9794156822045,498.80964110899794,233.54490620032433,996.8,6.003210272873194,266.10598371736927,0.10466751305562544,0.1533668578313205,0.7419656291130541,1067,4.9418931583880035,0.10369934395428389,0.1625399997828935,0.0517515923566879,6.624458603782974,0.002882601284733478,0.08903467666354264,2950,0.0,0.8447457627118644,0.0,0.0,1.0,24813.555779621303,0.0,5.019705001226551e-15,2.7537879235712044e-13,0.0,0.0,0.0,,,0.0
optimal@10s,2,400,2950,2515,0.8525423728813559,0.14745762711864407,0.006101694915254237,0.14135593220338982,0.0,282.02815875903065,253.68792567753462,519.9695063812802,244.14051358221036,1006.0,6.673161033797217,275.35499772523343,0.08316956634339123,0.1611379019830266,0.7556925316735822,1063,4.854186265286923,0.09817074319989064,0.14993200007666002,0.04960212201591512,5.959992226382412,0.0026979406097203127,0.08748824082784572,2950,0.0,0.8525423728813559,0.0,0.0,1.0,24908.78040155678,0.0,-2.1501687110712576e-15,2.7181031889581145e-13,0.0,0.0,0.0,,,0.0
optimal@10s,3,400,2950,2491,0.844406779661017,0.15559322033898304,0.010169491525423728,0.14542372881355933,0.0,277.44588576030543,251.10935482658715,506.704911816968,239.49323500698063,996.4,6.71938980329185,270.7264959570136,0.1058806834631385,0.15713079680034425,0.7369885197365172,1066,5.837711069418386,0.10057467167994892,0.16418000022895224,0.04839572192513369,5.650319057090238,0.001805814215302573,0.07973733583489681,2950,0.0,0.844406779661017,0.0,0.0,1.0,24663.616680950505,0.0,6.969357068794073e-15,2.774719211699656e-13,0.0,0.0,0.0,,,0.0
optimal@10s,4,400,2950,2500,0.847457627118644,0.15254237288135594,0.002711864406779661,0.14983050847457627,0.0,276.9221044901427,250.5433378656462,508.94603287383666,237.07151277557315,1000.0,6.354,270.56810449014273,0.08725392005408666,0.15699207289771738,0.755754007048196,1061,4.409048067860509,0.10296701224892953,0.18623999985720807,0.052728710783021354,6.058240241448918,0.003355967588991831,0.0942507068803016,2950,0.0,0.847457627118644,0.0,0.0,1.0,24968.545451263588,0.0,3.834932371660216e-15,2.691643796737253e-13,0.0,0.0,0.0,,,0.0
optimal@10s,5,400,2950,2502,0.8481355932203389,0.151864406779661,0.00576271186440678,0.14610169491525424,0.0,273.78469823014507,245.29142671079444,500.46660420212595,235.15699656998913,1000.8,5.972821742605915,267.81187648753917,0.10600066403441931,0.15571583997400723,0.7382834959915734,1060,5.018867924528302,0.10954367924071294,0.1792040001510035,0.05105025259239564,7.15766170052144,0.0030502841051334084,0.08679245283018867,2950,0.0,0.8481355932203389,0.0,0.0,1.0,24814.12675786517,0.0,7.394742070652802e-15,2.754655904747566e-13,0.0,0.0,0.0,,,0.0
optimal@10s,0,450,2950,2652,0.8989830508474577,0.10101694915254238,0.004067796610169492,0.09694915254237288,0.0,235.72203871454852,209.10219356980792,441.4719271641332,213.72026437416977,1060.8,6.026772247360483,229.69526646718802,0.1692504073703858,0.12724407367092594,0.7035055189586883,1063,4.51928504233302,0.09886970838552195,0.16997199998513626,0.04912373871481678,4.019959692912555,0.002313723097730232,0.06679209783631232,2950,0.0,0.8989830508474577,0.0,0.0,1.0,26365.46033765928,0.0,1.3887793211392337e-14,2.815590479050007e-13,0.0,0.0,0.0,,,0.0
optimal@10s,1,450,2950,2657,0.9006779661016949,0.09932203389830509,0.005084745762711864,0.09423728813559322,0.0,221.30461068690536,192.11665386316236,416.48365139064754,201.77496751923857,1062.8,5.493037260067745,215.8115734268376,0.17082279156651403,0.12217340476029206,0.7070038036731938,1062,4.463276836158192,0.10091629001472166,0.16194599959817438,0.053675304071919616,3.158700278712561,0.0019368920044080026,0.054613935969868174,2950,0.0,0.9006779661016949,0.0,0.0,1.0,26496.129414837127,0.0,3.900823126228133e-15,2.699853053872823e-13,0.0,0.0,0.0,,,0.0
optimal@10s,2,450,2950,2700,0.9152542372881356,0.0847457627118644,0.002033898305084746,0.08271186440677966,0.0,230.3833910078757,201.12336847967163,435.187008594633,212.3725526426746,1080.0,5.521481481481482,224.86190952639424,0.15600729249178713,0.12735930222661354,0.7166334052815994,1053,4.02659069325736,0.09930398859896541,0.15519199987465981,0.05170139804800844,3.9325724419536723,0.003226855188247944,0.06362773029439696,2950,0.0,0.9152542372881356,0.0,0.0,1.0,26756.693174209922,0.0,-1.3441922472220876e-16,2.78572021417534e-13,0.0,0.0,0.0,,,0.0
optimal@10s,3,450,2950,2655,0.9,0.1,0.005084745762711864,0.09491525423728814,0.0,233.0634375858716,201.47283168977265,455.6943638804183,213.15834212100174,1062.0,5.9013182674199625,227.16211931845166,0.17707651052622622,0.12777488113160435,0.6951486083421694,1062,4.882297551789077,0.10877203388802005,0.19588700043641472,0.052339413164155434,3.688603680466604,0.0017992123994373147,0.060263653483992465,2950,0.0,0.9,0.0,0.0,1.0,26280.495396166712,0.0,8.478340440256111e-15,2.746227601884093e-13,0.0,0.0,0.0,,,0.0
optimal@10s,4,450,2950,2650,0.8983050847457628,0.1016949152542373,0.0030508474576271187,0.09864406779661017,0.0,234.38797652560112,204.76034960533434,446.3728045685079,212.42458885741175,1060.0,5.638867924528302,228.7491086010728,0.16156002141580017,0.12748718868888556,0.7109527898953142,1062,4.149717514124294,0.1028870056466581,0.17303900030128716,0.05174234424498416,4.22972070232115,0.0030601284564972667,0.06497175141242938,2950,0.0,0.8983050847457628,0.0,0.0,1.0,26638.054615376623,0.0,6.927917359286406e-15,2.668484720403448e-13,0.0,0.0,0.0,,,0.0
optimal@10s,5,450,2950,2658,0.9010169491525424,0.09898305084745762,0.004067796610169492,0.09491525423728814,0.0,218.7677427695702,187.29666352438403,426.7972908221998,199.0954992056048,1063.2,6.102332580887886,212.6654101886823,0.18194720837015046,0.11926279613417423,0.6987899954956753,1067,4.493908153701968,0.09879859418671338,0.15066800007843992,0.05608214849921011,3.6323646365486946,0.002190511161782602,0.05154639175257732,2950,0.0,0.9010169491525424,0.0,0.0,1.0,26422.85087603091,0.0,-1.6007594881766177e-15,2.7909503151006965e-13,0.0,0.0,0.0,,,0.0
optimal@10s,0,500,2950,2751,0.9325423728813559,0.06745762711864407,0.0013559322033898306,0.06610169491525424,0.0,199.9967879646559,168.3902118122287,405.1061983964637,187.6073947303578,1100.4,5.411850236277717,194.5849377283782,0.23864503631405296,0.10324721557308326,0.6581077481128638,1052,4.059885931558935,0.10980247147252663,0.18346200027735907,0.041877834089090425,2.5937113953117126,0.002224354640107702,0.039923954372623575,2950,0.0,0.9325423728813559,0.0,0.0,1.0,27515.55761653725,0.0,5.3110309074407574e-15,2.7659788107488317e-13,0.0,0.0,0.0,,,0.0
optimal@10s,1,500,2950,2771,0.939322033898305,0.060677966101694916,0.002711864406779661,0.057966101694915256,0.0,184.1249313765219,153.04798068107357,364.6298364975719,174.34830512004336,1108.4,5.2666907253699025,178.858240651152,0.24303174718128953,0.09765121179172369,0.6593170410269868,1058,4.047258979206049,0.11455964083938723,0.19198699992557527,0.0477326968973747,2.0142584174473477,0.0018213623452432647,0.03780718336483932,2950,0.0,0.939322033898305,0.0,0.0,1.0,27512.51170288203,0.0,-1.99627795748641e-15,2.777217487218258e-13,0.0,0.0,0.0,,,0.0
optimal@10s,2,500,2950,2792,0.9464406779661017,0.05355932203389831,0.003389830508474576,0.05016949152542373,0.0,188.03140018400345,159.72748899854878,368.1742165756341,179.39531797814033,1116.8,5.1926934097421205,182.83870677426134,0.22986499331982335,0.10128415205647448,0.6688508546237022,1056,3.952651515151515,0.10990170455880671,0.17829999978857813,0.04596174282678002,2.6560189749475,0.002626294115099469,0.03977272727272727,2950,0.0,0.9464406779661017,0.0,0.0,1.0,27841.107197839196,0.0,4.245131785096986e-15,2.762413427580447e-13,0.0,0.0,0.0,,,0.0
optimal@10s,3,500,2950,2738,0.928135593220339,0.07186440677966102,0.002033898305084746,0.06983050847457627,0.0,197.5278746319569,164.0263078803746,401.17996295194865,184.84541306434792,1095.2,5.545288531775018,191.9825861001819,0.24651394278905903,0.10316706566833576,0.6503189915426053,1056,4.244318181818182,0.1094073863638104,0.18161000007239653,0.05096382360707684,2.7788649084823263,0.0021063207626307095,0.04640151515151515,2950,0.0,0.928135593220339,0.0,0.0,1.0,27137.11639290013,0.0,1.3280140723813355e-14,2.772147822551177e-13,0.0,0.0,0.0,,,0.0
optimal@10s,4,500,2950,2762,0.936271186440678,0.06372881355932203,0.00033898305084745765,0.06338983050847458,0.0,195.47232578095463,166.09235999979046,387.3821477170832,183.58954351892672,1104.8,5.136133236784938,190.33619254416968,0.23264051559835014,0.10283952136598565,0.6645199630356642,1046,3.7122370936902485,0.10360611854394042,0.17444499999328372,0.05011870218939594,2.569709353294487,0.0032536319599543494,0.043021032504780114,2950,0.0,0.936271186440678,0.0,0.0,1.0,27723.377897581428,0.0,1.215284209254511e-14,2.7487309234599014e-13,0.0,0.0,0.0,,,0.0
optimal@10s,5,500,2950,2748,0.9315254237288135,0.06847457627118644,0.0030508474576271187,0.06542372881355932,0.0,187.62817355139785,154.6964760029041,385.1001062576972,176.05955964957968,1099.2,5.5061863173216885,182.12198723407616,0.2476749555236939,0.09806034164303395,0.6542647028332722,1056,4.138257575757576,0.11850160984836018,0.19205000016881982,0.05426765015806112,1.6336863430263995,0.0013851356610875166,0.02556818181818182,2950,0.0,0.9315254237288135,0.0,0.0,1.0,27364.241899375582,0.0,5.059918196874231e-15,2.7618462264065126e-13,0.0,0.0,0.0,,,0.0
batched_greedy@10s+aware,0,300,2950,2094,0.7098305084745763,0.2901694915254237,0.22,0.07016949152542373,0.0,372.59361827681676,352.6095268253175,581.620749646882,328.3144434461223,837.6,82.4665711556829,290.12704712113384,0.016310629424364093,0.1530802584247229,0.8306091121509129,1117,36.86123545210385,0.038703670554238144,0.09507200025836911,0.04952129415648729,,,,2950,0.0,0.7098305084745763,0.0,0.0,1.0,20715.712508528584,0.0,-7.549940721424178e-17,2.7426389717095356e-13,0.0,0.0,0.0,,,0.0
batched_greedy@10s+aware,1,300,2950,2089,0.708135593220339,0.291864406779661,0.2216949152542373,0.07016949152542373,0.0,369.21768298423456,354.2432718122036,573.7580606702653,324.4970243046691,835.6,80.81043561512685,288.4072473691077,0.018879475323469855,0.1514544532570476,0.8296660714194826,1110,36.13963963963964,0.03631018015283615,0.08983799962152277,0.04275770633079218,,,,2950,0.0,0.708135593220339,0.0,0.0,1.0,20688.50867101498,0.0,-1.5178539771802043e-15,2.732791919463544e-13,0.0,0.0,0.0,,,0.0
batched_greedy@10s+aware,2,300,2950,2058,0.6976271186440678,0.3023728813559322,0.22983050847457628,0.07254237288135593,0.0,376.74800636956934,360.1492468116626,573.9093329473818,331.2415819200439,823.2,88.04324586977648,288.7047604997929,0.012660134363489482,0.14833618519665603,0.8390036804398544,1127,37.921029281277725,0.037901330950927466,0.09116599940171001,0.04329004329004329,,,,2950,0.0,0.6976271186440678,0.0,0.0,1.0,20605.55348247995,0.0,7.0743540601187815e-15,2.7935239695376804e-13,0.0,0.0,0.0,,,0.0
batched_greedy@10s+aware,3,300,2950,2086,0.7071186440677966,0.2928813559322034,0.21728813559322033,0.07559322033898305,0.0,372.409275579698,355.0525679533198,567.4229306799134,326.01913024455536,834.4,79.45637583892618,292.9528997407718,0.017009546510917364,0.15510433617926775,0.827886117309815,1113,36.20664869721473,0.03608319857514178,0.08488800063787492,0.043132050431320505,,,,2950,0.0,0.7071186440677966,0.0,0.0,1.0,20657.356089995712,0.0,6.533178174438505e-15,2.724859860492089e-13,0.0,0.0,0.0,,,0.0
batched_greedy@10s+aware,4,300,2950,2073,0.7027118644067797,0.2972881355932203,0.22406779661016948,0.07322033898305084,0.0,377.41232982368945,357.7220427474731,585.4733578739543,330.3059136306619,829.2,86.47756874095514,290.9347610827344,0.015290733574049501,0.1505530729858126,0.8341561934401379,1114,37.07450628366248,0.035443357286652245,0.09518699993350309,0.04491413474240423,,,,2950,0.0,0.7027118644067797,0.0,0.0,1.0,20486.853223278773,0.0,1.3103737958566633e-14,2.7770807040047794e-13,0.0,0.0,0.0,,,0.0
batched_greedy@10s+aware,5,300,2950,2107,0.7142372881355932,0.28576271186440677,0.21152542372881356,0.07423728813559322,0.0,376.1194401669807,358.5022940008348,576.6549263755471,330.3553838843351,842.8,83.33792121499762,292.78151895198306,0.02016276282509711,0.15627747925012617,0.8235597579247766,1116,36.18996415770609,0.03838369177115495,0.09454500059291589,0.05604146420472951,,,,2950,0.0,0.7142372881355932,0.0,0.0,1.0,20614.939991245472,0.0,2.2257152615171624e-15,2.732537604931427e-13,0.0,0.0,0.0,,,0.0
batched_greedy@10s+aware,0,350,2950,2385,0.8084745762711865,0.19152542372881357,0.1,0.09152542372881356,0.0,332.0917207616435,321.58052669235894,540.8701787922374,299.1424074657621,954.0,50.35681341719078,281.7349073444527,0.04320769907844727,0.15532301783493635,0.8014692830866165,1122,22.328877005347593,0.039759803925701685,0.10397899976851477,0.05014577259475218,,,,2950,0.0,0.8084745762711865,0.0,0.0,1.0,23472.72570120384,0.0,6.70323335622736e-15,2.751602812360707e-13,0.0,0.0,0.0,,,0.0
batched_greedy@10s+aware,1,350,2950,2365,0.8016949152542373,0.19830508474576272,0.10847457627118644,0.08983050847457627,0.0,330.53438414370464,320.25426709529165,536.301295337026,298.78573969633754,946.0,48.68583509513742,281.84854904856724,0.0431568038761755,0.1549959177517668,0.8018472783720577,1112,22.575539568345324,0.043724190647003364,0.11001499942722183,0.05451895043731778,,,,2950,0.0,0.8016949152542373,0.0,0.0,1.0,23504.999676728876,0.0,7.10016964179728e-15,2.6874213448917187e-13,0.0,0.0,0.0,,,0.0
batched_greedy@10s+aware,2,350,2950,2369,0.8030508474576271,0.19694915254237289,0.11254237288135593,0.08440677966101695,0.0,342.5543594725082,330.3286168166833,541.860667524601,307.38427807354645,947.6,53.82144364710849,288.73291582539974,0.03482203689033437,0.15781232180152377,0.8073656413081418,1109,22.896302975653743,0.03937204689683092,0.08938799946918162,0.05081775700934579,,,,2950,0.0,0.8030508474576271,0.0,0.0,1.0,23351.13877434893,0.0,1.4966687426943435e-15,2.735394575826135e-13,0.0,0.0,0.0,,,0.0
batched_greedy@10s+aware,3,350,2950,2381,0.8071186440677967,0.1928813559322034,0.11254237288135593,0.08033898305084745,0.0,323.9692064815198,309.21660810152116,533.1616316069194,295.53852302722515,952.4,47.460310793784124,276.5088956877357,0.054600228233041156,0.1544557902656761,0.7909439815012826,1117,22.89167412712623,0.043380572968443214,0.10916399969573815,0.04562962962962963,,,,2950,0.0,0.8071186440677967,0.0,0.0,1.0,23247.192687449202,0.0,3.92499509957359e-15,2.71494619216979e-13,0.0,0.0,0.0,,,0.0
batched_greedy@10s+aware,4,350,2950,2362,0.800677966101695,0.19932203389830508,0.11220338983050847,0.08711864406779661,0.0,336.77629460975464,327.1976592713345,541.3477160309922,302.7200257953715,944.8,56.470787468247245,280.3055071415074,0.03643468971703217,0.15269348429247848,0.8108718259904892,1111,23.70927092709271,0.0428043204395219,0.10223000026599054,0.0455480458419042,,,,2950,0.0,0.800677966101695,0.0,0.0,1.0,23508.739861340615,0.0,-6.569211258323958e-16,2.7394889442819276e-13,0.0,0.0,0.0,,,0.0
batched_greedy@10s+aware,5,350,2950,2376,0.8054237288135593,0.1945762711864407,0.09864406779661017,0.09593220338983051,0.0,327.4694782332014,315.9185292711977,530.3667733114664,294.7651694285547,950.4,45.32617845117845,282.14329978202295,0.047266420401545994,0.1569551604941094,0.7957784191043445,1098,21.318761384335154,0.040898087439917685,0.08942799981014084,0.05174906042208731,,,,2950,0.0,0.8054237288135593,0.0,0.0,1.0,23215.531196103904,0.0,7.740908550147388e-15,2.712547732259586e-13,0.0,0.0,0.0,,,0.0
batched_greedy@10s+aware,0,400,2950,2563,0.8688135593220339,0.13118644067796612,0.04474576271186441,0.08644067796610169,0.0,296.07637063166436,282.2211086112384,519.2671450169486,272.6040404468793,1025.2,30.879828326180256,265.1965423054841,0.09480900330602016,0.14394986985124966,0.7612411268427302,1106,14.27124773960217,0.04458444847831879,0.10643499967955,0.05596707818930041,,,,2950,0.0,0.8688135593220339,0.0,0.0,1.0,25414.20028568965,0.0,8.725278703908365e-15,2.7644574971828605e-13,0.0,0.0,0.0,,,0.0
batched_greedy@10s+aware,1,400,2950,2574,0.8725423728813559,0.12745762711864406,0.03491525423728813,0.09254237288135593,0.0,276.8106483018116,258.92118662060375,493.8936257933072,253.9034131056435,1029.6,21.947163947163947,254.86348435464765,0.09785696681141864,0.14294148618927727,0.7592015469993041,1111,11.207020702070206,0.047511341149406236,0.11034999997718864,0.04665203073545554,,,,2950,0.0,0.8725423728813559,0.0,0.0,1.0,25529.448929365866,0.0,1.0299971184168118e-14,2.733312152113052e-13,0.0,0.0,0.0,,,0.0
batched_greedy@10s+aware,2,400,2950,2577,0.8735593220338983,0.1264406779661017,0.04915254237288136,0.07728813559322034,0.0,292.39115852392337,274.3048936418804,509.1151830773695,270.7002797321103,1030.8,29.201785021342648,263.18937350258074,0.08749530859150186,0.1444700283616964,0.7680346630468018,1123,13.156723063223508,0.04287025824212303,0.10151399957976533,0.04807957999447361,,,,2950,0.0,0.8735593220338983,0.0,0.0,1.0,25600.27227409336,0.0,1.8520949875295103e-16,2.7218562849635505e-13,0.0,0.0,0.0,,,0.0
batched_greedy@10s+aware,3,400,2950,2553,0.8654237288135593,0.13457627118644067,0.061016949152542375,0.07355932203389831,0.0,288.53981384240046,271.340481818238,509.65491593313544,268.7919409886424,1021.2,28.34860947904426,260.19120436335623,0.10511584644545087,0.142779336679808,0.7521048168747412,1118,14.677996422182469,0.04801923076518893,0.10411500032205363,0.051511758118701005,,,,2950,0.0,0.8654237288135593,0.0,0.0,1.0,25242.918235000994,0.0,1.164942712517277e-14,2.777557528539096e-13,0.0,0.0,0.0,,,0.0
batched_greedy@10s+aware,4,400,2950,2556,0.8664406779661017,0.1335593220338983,0.03898305084745763,0.09457627118644067,0.0,287.7345584598784,275.4540011435861,506.91949100491365,263.5676432238153,1022.4,27.566118935837245,260.1684395240411,0.09417100375480872,0.1426140752292868,0.7632149210159045,1098,12.895264116575593,0.04427695810140498,0.11060299996643153,0.05181347150259067,,,,2950,0.0,0.8664406779661017,0.0,0.0,1.0,25522.14975227941,0.0,-5.5978956472854575e-15,2.7490803061199824e-13,0.0,0.0,0.0,,,0.0
batched_greedy@10s+aware,5,400,2950,2562,0.8684745762711864,0.13152542372881357,0.04542372881355932,0.08610169491525424,0.0,284.4918693365924,269.51615909531165,508.1965432885443,261.31636224870505,1024.8,27.734582357533178,256.7572869790592,0.10515190232616924,0.14349183063135681,0.7513562670424739,1102,13.216878402903811,0.05021724138083951,0.11049000011553291,0.046550290939318374,,,,2950,0.0,0.8684745762711864,0.0,0.0,1.0,25329.396535105054,0.0,5.7750231000281315e-15,2.787737514159745e-13,0.0,0.0,0.0,,,0.0
batched_greedy@10s+aware,0,450,2950,2696,0.9138983050847458,0.08610169491525424,0.024745762711864405,0.06135593220338983,0.0,241.8241879082738,212.39420224442256,467.3139198550298,229.29205711262037,1078.4,16.829747774480712,224.99444013379315,0.17192080631940185,0.1211975438323572,0.7068816498482409,1098,9.088342440801457,0.05369863387194261,0.11960299940255936,0.04804560260586319,,,,2950,0.0,0.9138983050847458,0.0,0.0,1.0,26723.35080389097,0.0,1.4085007476208885e-14,2.729428947940335e-13,0.0,0.0,0.0,,,0.0
batched_greedy@10s+aware,1,450,2950,2705,0.9169491525423729,0.08305084745762711,0.01864406779661017,0.06440677966101695,0.0,230.15219416820918,209.42432920052852,436.1949539970997,217.7662356626787,1082.0,13.092051756007393,217.0601424122018,0.16477109786638117,0.11941457618660009,0.7158143259470188,1099,7.695177434030938,0.05140291175118775,0.10950999978376784,0.050107758620689655,,,,2950,0.0,0.9169491525423729,0.0,0.0,1.0,27010.839701556735,0.0,6.571658395114859e-15,2.7617994151642e-13,0.0,0.0,0.0,,,0.0
batched_greedy@10s+aware,2,450,2950,2705,0.9169491525423729,0.08305084745762711,0.019322033898305085,0.06372881355932203,0.0,235.1697007810473,208.9813293456773,444.78229729295305,222.25467680555965,1082.0,13.313863216266174,221.85583756478115,0.16164957775143593,0.12177476183190843,0.7165756604166557,1080,7.442592592592592,0.04909851850664348,0.10932600022897535,0.04557713052858684,,,,2950,0.0,0.9169491525423729,0.0,0.0,1.0,26839.279210639426,0.0,-2.708451659704772e-16,2.7447163457627406e-13,0.0,0.0,0.0,,,0.0
batched_greedy@10s+aware,3,450,2950,2671,0.9054237288135594,0.09457627118644067,0.03423728813559322,0.06033898305084746,0.0,235.83309090081383,206.0228586905314,456.2663296616247,224.7538311958283,1068.4,15.786596780232124,220.0464941205817,0.17986310219274013,0.1195390692152254,0.7005978285920346,1085,9.863594470046083,0.05201161291275505,0.11611199937760835,0.04738427827992331,,,,2950,0.0,0.9054237288135594,0.0,0.0,1.0,26430.52156369614,0.0,-5.692023249426018e-16,2.7756248981896187e-13,0.0,0.0,0.0,,,0.0
batched_greedy@10s+aware,4,450,2950,2679,0.908135593220339,0.09186440677966101,0.021016949152542375,0.07084745762711864,0.0,240.99616720332068,212.2220584053489,461.1686576394327,226.49971546195914,1071.6,16.00261291526689,224.9935542880538,0.16815513822884595,0.12056284978741824,0.7112820119837358,1091,8.397800183318056,0.05269816681620971,0.11501999979373066,0.05001344447432105,,,,2950,0.0,0.908135593220339,0.0,0.0,1.0,26827.19988587047,0.0,-7.935545961791614e-15,2.736990676403992e-13,0.0,0.0,0.0,,,0.0
batched_greedy@10s+aware,5,450,2950,2698,0.9145762711864407,0.08542372881355932,0.026440677966101694,0.05898305084745763,0.0,230.39232853586122,202.90267311785533,447.1645899164256,219.09475805125666,1079.2,15.27835433654559,215.11397419931563,0.17866216601397947,0.11692929214856654,0.7044085418374539,1098,8.796903460837887,0.05337504553558897,0.12393600029099613,0.05166351095482824,,,,2950,0.0,0.9145762711864407,0.0,0.0,1.0,26721.877834016486,0.0,-5.111634696773052e-16,2.7567166900263873e-13,0.0,0.0,0.0,,,0.0
batched_greedy@10s+aware,0,500,2950,2782,0.9430508474576271,0.05694915254237288,0.01288135593220339,0.04406779661016949,0.0,205.74076755764088,173.8755864208806,415.67520397931804,199.30830331789144,1112.8,11.866642703091301,193.8741248545496,0.23886938468665822,0.10085144260395905,0.6602791727093827,1084,6.931734317343174,0.056256642075346475,0.12496099949203222,0.052294557097118465,,,,2950,0.0,0.9430508474576271,0.0,0.0,1.0,27658.359764186393,0.0,8.536585449229592e-16,2.7378015981780023e-13,0.0,0.0,0.0,,,0.0
batched_greedy@10s+aware,1,500,2950,2786,0.9444067796610169,0.05559322033898305,0.010508474576271187,0.04508474576271186,0.0,194.06392333687094,162.2633308093068,390.0870751278612,187.14727578399885,1114.4,9.680904522613066,184.38301881425787,0.23847871703898668,0.09821215682315027,0.663309126137863,1079,6.10658016682113,0.05654726598791956,0.1167959997837898,0.04433100483610962,,,,2950,0.0,0.9444067796610169,0.0,0.0,1.0,27814.334926583222,0.0,3.778065839757258e-15,2.7704675117805737e-13,0.0,0.0,0.0,,,0.0
batched_greedy@10s+aware,2,500,2950,2800,0.9491525423728814,0.05084745762711865,0.01152542372881356,0.03932203389830508,0.0,189.6755740929207,160.2825417479312,383.156118974462,184.20175486716664,1120.0,9.166428571428572,180.50914552149212,0.23095699961375288,0.09710998914188779,0.6719330112443593,1078,5.74582560296846,0.05866011131439237,0.11852899977384372,0.04961323019471859,,,,2950,0.0,0.9491525423728814,0.0,0.0,1.0,27900.27881134283,0.0,6.723153779729176e-15,2.755097340743719e-13,0.0,0.0,0.0,,,0.0
batched_greedy@10s+aware,3,500,2950,2748,0.9315254237288135,0.06847457627118644,0.016271186440677966,0.05220338983050848,0.0,203.25132899184973,164.31745021816573,423.46515723163265,195.22157736587474,1099.2,11.844614264919942,191.4067147269298,0.24874660387691844,0.10002426052817387,0.6512291355949076,1097,7.215132178669098,0.057764448512265115,0.12031600017508025,0.05476890195030724,,,,2950,0.0,0.9315254237288135,0.0,0.0,1.0,27221.975486965857,0.0,2.0105621841510524e-15,2.760593387396555e-13,0.0,0.0,0.0,,,0.0
batched_greedy@10s+aware,4,500,2950,2767,0.9379661016949152,0.062033898305084746,0.009491525423728813,0.05254237288135593,0.0,206.4369595308595,172.2992713784588,427.9104069052286,196.85836782160175,1106.8,12.34730755330683,194.08965197755265,0.2363156383260328,0.1006769155958144,0.6630074460781528,1073,6.354147250698975,0.05266393288399146,0.12003999989246948,0.05328738069989396,,,,2950,0.0,0.9379661016949152,0.0,0.0,1.0,27709.318757664947,0.0,-1.387116739584976e-15,2.7646972772811676e-13,0.0,0.0,0.0,,,0.0
batched_greedy@10s+aware,5,500,2950,2772,0.9396610169491525,0.06033898305084746,0.01288135593220339,0.04745762711864407,0.0,196.75513859542036,161.06961584793908,406.799193642963,189.39019611370637,1108.8,10.130952380952381,186.62418621446795,0.2460250914633511,0.09889005978768325,0.6550848487489656,1080,6.562037037037037,0.056498333323260236,0.12194699992505778,0.053066666666666665,,,,2950,0.0,0.9396610169491525,0.0,0.0,1.0,27522.217780641502,0.0,2.045021199038979e-15,2.749637939174132e-13,0.0,0.0,0.0,,,0.0
optimal@10s+aware,0,300,2950,2112,0.7159322033898305,0.2840677966101695,0.2193220338983051,0.06474576271186441,0.0,376.22472839605024,362.4167051165323,578.3128768031356,332.4988878156795,844.8,86.16051136363636,290.06421703241386,0.014304607491272298,0.15353396291185595,0.8321614295968717,1129,36.94862710363153,0.09875837024390742,0.16683200014085744,0.05377049180327869,5.082365531390737,0.00015985409037066437,0.03985828166519043,2950,0.0,0.7159322033898305,0.0,0.0,1.0,20702.030462938936,0.0,1.3140582897902374e-14,2.732321944456182e-13,0.0,0.0,0.0,,,0.0
optimal@10s+aware,1,300,2950,2100,0.711864406779661,0.288135593220339,0.21322033898305084,0.07491525423728813,0.0,379.931830467959,362.32327032527223,578.6356471911439,331.39891583682055,840.0,81.28619047619047,298.6456399917685,0.01345968941593436,0.15854029454085822,0.8280000160432074,1110,35.674774774774775,0.08811117117360695,0.1770189997841954,0.0481335952848723,5.273081711641951,0.00017205803421403628,0.03783783783783784,2950,0.0,0.711864406779661,0.0,0.0,1.0,20579.303960963567,0.0,1.3498620211023427e-14,2.6912482824281187e-13,0.0,0.0,0.0,,,0.0
optimal@10s+aware,2,300,2950,2069,0.7013559322033899,0.2986440677966102,0.22745762711864406,0.0711864406779661,0.0,380.34595956009275,366.3780721032963,574.4531713819882,332.28582105075014,827.6,85.66940550990817,294.67655405018456,0.014354162682421413,0.1544122700031004,0.8312335673144782,1123,36.93054318788958,0.10267132681097242,0.17861400054243856,0.05230263157894737,5.481041520086526,0.00017238142294476706,0.04007123775601069,2950,0.0,0.7013559322033899,0.0,0.0,1.0,20529.16798308312,0.0,1.7737811649110283e-15,2.7724388490355247e-13,0.0,0.0,0.0,,,0.0
optimal@10s+aware,3,300,2950,2095,0.7101694915254237,0.28983050847457625,0.21491525423728813,0.07491525423728813,0.0,372.49307519952947,355.71235179320956,570.7395504118156,328.2270338907259,838.0,80.27446300715991,292.21861219236956,0.017265799644453794,0.15532310629754367,0.8274110940580025,1114,36.47127468581687,0.09230619390832846,0.16968300048574736,0.045844327176781004,5.845014958988835,0.00018640956303522325,0.04757630161579892,2950,0.0,0.7101694915254237,0.0,0.0,1.0,20632.661082789185,0.0,2.2706843035388403e-15,2.7380654095122086e-13,0.0,0.0,0.0,,,0.0
optimal@10s+aware,4,300,2950,2079,0.7047457627118644,0.2952542372881356,0.21016949152542372,0.08508474576271187,0.0,384.4889839889664,366.4536140297432,586.3439390947788,334.01090211694606,831.6,87.18326118326118,297.3057228057052,0.01506753845479764,0.1543626133708169,0.8305698481743855,1105,37.170135746606334,0.10159466063302976,0.1754600001368091,0.044654498044328556,5.20617296342874,0.0001627266325212135,0.048868778280542986,2950,0.0,0.7047457627118644,0.0,0.0,1.0,20485.597864578293,0.0,7.703527303527012e-15,2.738238261008344e-13,0.0,0.0,0.0,,,0.0
optimal@10s+aware,5,300,2950,2107,0.7142372881355932,0.28576271186440677,0.20576271186440678,0.08,0.0,376.5444248031905,357.7105859300227,570.7132483801554,328.7643448126175,842.8,83.58803986710963,292.95638493608084,0.019094061086492146,0.15573904432354174,0.8251668945899661,1108,36.015342960288805,0.1025781588361582,0.16310900032294748,0.05603864734299517,5.341459606376785,0.00017283842550397255,0.048736462093862815,2950,0.0,0.7142372881355932,0.0,0.0,1.0,20628.41553508849,0.0,5.714355319152775e-15,2.730800872568273e-13,0.0,0.0,0.0,,,0.0
optimal@10s+aware,0,350,2950,2381,0.8071186440677967,0.1928813559322034,0.1023728813559322,0.09050847457627119,0.0,336.26742902126773,326.57135869293825,543.6277492912523,303.5825359500284,952.4,52.89878202435951,283.3686469969082,0.04490837405414077,0.1550161920396921,0.8000754339061672,1122,23.242424242424242,0.10620231727907416,0.18495300066206252,0.05023364485981308,6.700887760333705,0.00034802807578730683,0.057932263814616754,2950,0.0,0.8071186440677967,0.0,0.0,1.0,23475.872428523773,0.0,6.817450146341659e-15,2.716177182839681e-13,0.0,0.0,0.0,,,0.0
optimal@10s+aware,1,350,2950,2374,0.8047457627118644,0.1952542372881356,0.10576271186440678,0.08949152542372882,0.0,333.8356579456831,320.3265177422695,541.0105324565349,299.88073456140415,949.6,47.84203875315922,285.9936191925239,0.03762051633452992,0.15755776431401,0.8048217193514601,1111,21.81098109810981,0.1018372637292133,0.1738400004796861,0.052738927738927736,5.680089616270295,0.0003165197588352104,0.05310531053105311,2950,0.0,0.8047457627118644,0.0,0.0,1.0,23518.029839714618,0.0,8.670776350029529e-15,2.7559420625970624e-13,0.0,0.0,0.0,,,0.0
optimal@10s+aware,2,350,2950,2335,0.7915254237288135,0.20847457627118643,0.11864406779661017,0.08983050847457627,0.0,342.14869780518023,336.58508707029614,542.5015926770341,306.3006840902823,934.0,51.96788008565311,290.1808177195271,0.03755970202713802,0.15778773190098455,0.8046525660718775,1109,23.141568981064022,0.10657926060639634,0.1816160000453239,0.05303252270729564,4.5929420252303315,0.0002396670611343345,0.05410279531109107,2950,0.0,0.7915254237288135,0.0,0.0,1.0,23281.523444046692,0.0,-4.062037406414406e-15,2.7519038677602994e-13,0.0,0.0,0.0,,,0.0
optimal@10s+aware,3,350,2950,2361,0.8003389830508475,0.19966101694915253,0.11559322033898305,0.0840677966101695,0.0,322.5709846722401,310.90996137347065,528.6735744284506,292.4312734767331,944.4,49.89114781872088,272.67983685351925,0.05632663671221274,0.15106779685106242,0.7926055664367248,1097,23.651777575205106,0.0976581585951098,0.1628079999863985,0.0462770691189558,7.633828344859809,0.0003902484135686228,0.05742935278030994,2950,0.0,0.8003389830508475,0.0,0.0,1.0,23164.5823236927,0.0,-9.922318508263661e-15,2.7625997870323657e-13,0.0,0.0,0.0,,,0.0
optimal@10s+aware,4,350,2950,2359,0.7996610169491526,0.20033898305084746,0.12101694915254237,0.07932203389830508,0.0,337.98546515754094,325.5285599769959,543.3540594896183,306.1822898188539,943.6,58.27130139889784,279.7141637586431,0.03683072819517283,0.149315712112294,0.8138535596925333,1112,24.859712230215827,0.10564280576385264,0.19076700033110686,0.045063741476430476,6.13456454159497,0.0002965701663173807,0.047661870503597124,2950,0.0,0.7996610169491526,0.0,0.0,1.0,23572.569180389768,0.0,4.0353947869207045e-15,2.727675369733572e-13,0.0,0.0,0.0,,,0.0
optimal@10s+aware,5,350,2950,2374,0.8047457627118644,0.1952542372881356,0.10576271186440678,0.08949152542372882,0.0,334.9394660201518,322.91935279418567,536.4299765411739,300.90891323548635,949.6,50.32687447346251,284.6125915466893,0.04389613572716935,0.1578628358476128,0.7982410284252178,1098,22.4672131147541,0.0947427140425081,0.17886300082864176,0.05782017924255565,9.126547052988427,0.0004934220447649412,0.07468123861566485,2950,0.0,0.8047457627118644,0.0,0.0,1.0,23320.192583322954,0.0,4.145331461784915e-15,2.743550963498298e-13,0.0,0.0,0.0,,,0.0
optimal@10s+aware,0,400,2950,2576,0.8732203389830508,0.12677966101694915,0.04271186440677966,0.0840677966101695,0.0,298.99529050405744,290.69635951126565,518.5469049845656,276.20980648130137,1030.4,31.731754658385093,267.2635358456723,0.09056066332522951,0.14641965202754384,0.7630196846472266,1115,14.29237668161435,0.1064542600959555,0.17533199938043242,0.05195162177020341,8.853143876076604,0.0008037872256891031,0.06816143497757847,2950,0.0,0.8732203389830508,0.0,0.0,1.0,25533.699427274536,0.0,5.681919738022419e-15,2.760819092318673e-13,0.0,0.0,0.0,,,0.0
optimal@10s+aware,1,400,2950,2580,0.8745762711864407,0.12542372881355932,0.03457627118644068,0.09084745762711864,0.0,279.94655250210707,263.94420922688414,497.22146900141956,256.51075732146575,1032.0,23.52015503875969,256.42639746334737,0.09612660263294606,0.1444615319618853,0.7594118654051687,1095,11.557990867579909,0.10420310503848909,0.17822600049839782,0.04898741105637657,6.860835501071139,0.0008108337139275791,0.07031963470319634,2950,0.0,0.8745762711864407,0.0,0.0,1.0,25501.1555981156,0.0,6.9442298595294575e-15,2.804971586611429e-13,0.0,0.0,0.0,,,0.0
optimal@10s+aware,2,400,2950,2568,0.8705084745762712,0.12949152542372883,0.0423728813559322,0.08711864406779661,0.0,285.1004335503379,269.91881897053554,491.96170455584723,261.91090850114796,1027.2,24.61292834890966,260.4875052014283,0.08543574689041242,0.1446291595842804,0.7699350935253072,1101,11.920072661217075,0.1040743869059648,0.1818999999159132,0.050424773910660456,8.167939607289927,0.0009280078459871959,0.07629427792915532,2950,0.0,0.8705084745762712,0.0,0.0,1.0,25527.95539076678,0.0,-8.741579630456883e-15,2.738907664184952e-13,0.0,0.0,0.0,,,0.0
optimal@10s+aware,3,400,2950,2557,0.8667796610169491,0.13322033898305086,0.05457627118644068,0.07864406779661016,0.0,290.30433490405903,278.0752493430068,511.62636776473016,269.06934300208695,1022.8,26.56394211967149,263.74039278438755,0.10063944829581838,0.14594966611108307,0.7534108855930987,1093,14.07593778591034,0.09892891127816165,0.17099600041547047,0.04990242542514636,9.703080187567382,0.0008996399789673433,0.0686184812442818,2950,0.0,0.8667796610169491,0.0,0.0,1.0,25322.870376233208,0.0,3.57125357835134e-15,2.762541857374707e-13,0.0,0.0,0.0,,,0.0
optimal@10s+aware,4,400,2950,2552,0.8650847457627119,0.13491525423728815,0.04508474576271186,0.08983050847457627,0.0,294.01160606131543,281.4718609165393,507.7341277117712,269.3877158770691,1020.8,30.397335423197493,263.61427063811794,0.09374042030334154,0.14493450433322777,0.7613250753634306,1099,13.671519563239308,0.10807588716374476,0.18582400049126588,0.05102880658436214,6.515694405471913,0.000625776045507817,0.06369426751592357,2950,0.0,0.8650847457627119,0.0,0.0,1.0,25471.690813236542,0.0,-3.411804102908617e-15,2.725997327554928e-13,0.0,0.0,0.0,,,0.0
optimal@10s+aware,5,400,2950,2577,0.8735593220338983,0.1264406779661017,0.04915254237288136,0.07728813559322034,0.0,286.1798981721008,274.4413906175596,494.6660537906115,265.66708942959605,1030.8,27.088086922778423,259.09181124932235,0.09844432652974422,0.1442880554152662,0.7572676180549895,1093,13.587374199451052,0.10500118938881495,0.17188799942232427,0.043235704323570434,6.5098218628876445,0.0006315119043287428,0.06312900274473925,2950,0.0,0.8735593220338983,0.0,0.0,1.0,25528.129253926745,0.0,2.294848655518363e-15,2.719915871885199e-13,0.0,0.0,0.0,,,0.0
optimal@10s+aware,0,450,2950,2702,0.9159322033898305,0.0840677966101695,0.01830508474576271,0.06576271186440678,0.0,238.08247061386913,213.31552535068954,455.393312557233,224.6337247767219,1080.8,14.569207994078461,223.51326261979065,0.16956375867349505,0.12159832664658428,0.7088379146799207,1085,8.166820276497695,0.10896433179309938,0.18063999948935827,0.051116491794457895,6.660967538180442,0.0012808868322185063,0.06820276497695853,2950,0.0,0.9159322033898305,0.0,0.0,1.0,26774.53056507553,0.0,8.21799245152311e-15,2.749717962987909e-13,0.0,0.0,0.0,,,0.0
optimal@10s+aware,1,450,2950,2704,0.9166101694915254,0.08338983050847458,0.018983050847457626,0.06440677966101695,0.0,231.3264886384444,209.82589621826628,439.7622131515188,218.66980025212112,1081.6,13.240754437869823,218.08573420057456,0.16543665271903754,0.11990150791288184,0.7146618393680806,1093,7.744739249771272,0.10581555351266958,0.21064000011392633,0.0516545601291364,6.696384554009455,0.0013948465692144331,0.06312900274473925,2950,0.0,0.9166101694915254,0.0,0.0,1.0,27023.416873857554,0.0,1.0576968295288931e-14,2.7897223485919384e-13,0.0,0.0,0.0,,,0.0
optimal@10s+aware,2,450,2950,2714,0.92,0.08,0.01830508474576271,0.06169491525423729,0.0,237.7640472943749,214.27739647594854,453.18550965309373,225.5613440194955,1085.6,13.804716285924835,223.95933100845008,0.1582991978970646,0.1227140947002545,0.7189867074026809,1084,7.606088560885609,0.1097626383703567,0.1891889995931707,0.04887218045112782,4.958524149732789,0.001060411703122832,0.05350553505535055,2950,0.0,0.92,0.0,0.0,1.0,26984.57338772528,0.0,-2.6741484650984196e-15,2.7599853950638474e-13,0.0,0.0,0.0,,,0.0
optimal@10s+aware,3,450,2950,2689,0.9115254237288135,0.08847457627118645,0.02847457627118644,0.06,0.0,246.87415839394146,221.35197786004755,472.5253555211878,234.18087264745725,1075.6,16.1785050204537,230.69565337348774,0.17220148513217579,0.12464359839068355,0.7031549164771407,1086,9.315837937384899,0.10471537753126382,0.16879000036169606,0.04660670482420278,5.700688382893386,0.0009075018393150588,0.053406998158379376,2950,0.0,0.9115254237288135,0.0,0.0,1.0,26616.58754002201,0.0,4.698196296695642e-15,2.741944516980971e-13,0.0,0.0,0.0,,,0.0
optimal@10s+aware,4,450,2950,2692,0.912542372881356,0.08745762711864406,0.01864406779661017,0.0688135593220339,0.0,238.45993641922738,212.88315833287788,452.52517003905143,224.38602042689337,1076.8,14.440564635958395,224.01937178326898,0.16283743097298964,0.1215050198762764,0.715657549150734,1091,7.809349220898259,0.11113675526108614,0.19069999989369515,0.04633620689655173,6.1349309795469305,0.0012542325363754667,0.05682859761686526,2950,0.0,0.912542372881356,0.0,0.0,1.0,27082.500629968687,0.0,-3.5327940012041433e-15,2.7723386571397117e-13,0.0,0.0,0.0,,,0.0
optimal@10s+aware,5,450,2950,2696,0.9138983050847458,0.08610169491525424,0.028135593220338984,0.057966101694915256,0.0,240.18946395997014,212.99186400641338,463.5676184666663,228.26216784558338,1078.4,17.950296735905045,222.23916722406508,0.17504802230030017,0.11881953840913348,0.7061324392905663,1098,9.539162112932605,0.10939690345597398,0.20242999959009464,0.05301595888558291,6.2027484049530806,0.0009619019706781562,0.058287795992714025,2950,0.0,0.9138983050847458,0.0,0.0,1.0,26798.141919385478,0.0,3.1894203730422247e-15,2.801727692577331e-13,0.0,0.0,0.0,,,0.0
optimal@10s+aware,0,500,2950,2775,0.940677966101695,0.059322033898305086,0.013898305084745762,0.04542372881355932,0.0,209.06257011231392,180.42533431891206,414.96781831788786,201.96071771661042,1110.0,13.03963963963964,196.0229304726743,0.23775183306780606,0.10081518424450614,0.6614329826876878,1080,7.253703703703704,0.11793296296302826,0.20040499999595343,0.04929011518885615,5.344976220516136,0.0012685473611094432,0.04722222222222222,2950,0.0,0.940677966101695,0.0,0.0,1.0,27706.025329784527,0.0,7.056497528443648e-15,2.7950690810900787e-13,0.0,0.0,0.0,,,0.0
optimal@10s+aware,1,500,2950,2788,0.9450847457627118,0.05491525423728814,0.008813559322033898,0.04610169491525424,0.0,193.36748342116036,163.65702925402684,386.02723760578596,186.1329965729176,1115.2,8.923242467718795,184.44424095344155,0.2385699390241344,0.09864685523799009,0.6627832057378755,1083,5.760849492151431,0.11141929825820304,0.17062599965356645,0.03963332434618495,3.9155202345284237,0.0013792997353059846,0.04709141274238227,2950,0.0,0.9450847457627118,0.0,0.0,1.0,27755.882120781847,0.0,1.040993371529359e-14,2.783669596439017e-13,0.0,0.0,0.0,,,0.0
optimal@10s+aware,2,500,2950,2800,0.9491525423728814,0.05084745762711865,0.013898305084745762,0.03694915254237288,0.0,188.3133818081885,160.18207248973886,377.3947106063591,183.70834567462876,1120.0,8.383214285714285,179.9301675224742,0.23178622996783194,0.09725228209171087,0.6709614879404572,1076,5.768587360594796,0.10958550186669899,0.1883749998796702,0.05046728971962617,4.371790311228794,0.0015726228968221596,0.0362453531598513,2950,0.0,0.9491525423728814,0.0,0.0,1.0,27887.270322750905,0.0,-1.5250102767895766e-15,2.74319099182106e-13,0.0,0.0,0.0,,,0.0
optimal@10s+aware,3,500,2950,2748,0.9315254237288135,0.06847457627118644,0.01728813559322034,0.0511864406779661,0.0,204.28797050259487,170.84650865685808,416.92037571137917,196.6003367328775,1099.2,12.408660844250363,191.8793096583445,0.24820520062913626,0.09920519629238844,0.6525896030784754,1100,7.4354545454545455,0.10619009090987674,0.18450300060976588,0.0535475234270415,6.809889375674823,0.0015426627484331746,0.057272727272727274,2950,0.0,0.9315254237288135,0.0,0.0,1.0,27259.872296886773,0.0,6.833850968535125e-16,2.7649445889887e-13,0.0,0.0,0.0,,,0.0
optimal@10s+aware,4,500,2950,2778,0.9416949152542373,0.05830508474576271,0.008813559322033898,0.04949152542372881,0.0,206.68557727066928,173.4951183158346,418.5815123158963,197.9248992687023,1111.2,12.254139668826493,194.4314376018428,0.2355578254264023,0.1005680859277065,0.6638740886458911,1084,6.297047970479705,0.11545470479714282,0.19449300008091108,0.048722044728434506,2.96362840226706,0.0008874117997741983,0.03874538745387454,2950,0.0,0.9416949152542373,0.0,0.0,1.0,27793.338944053838,0.0,6.697186601785812e-15,2.7802082690278166e-13,0.0,0.0,0.0,,,0.0
optimal@10s+aware,5,500,2950,2781,0.9427118644067797,0.05728813559322034,0.013559322033898305,0.04372881355932203,0.0,201.0631194583808,171.47811246502079,404.0411474763978,194.1144505716758,1112.4,9.983459187342682,191.07966027103814,0.2407899144039552,0.10129087903995052,0.6579192065560943,1083,6.529085872576177,0.10990120037708491,0.1754380004058491,0.05030773347605031,3.930376296629429,0.0011117495856834533,0.046168051708217916,2950,0.0,0.9427118644067797,0.0,0.0,1.0,27643.45029393137,0.0,-1.6901418935541345e-14,2.739382096047094e-13,0.0,0.0,0.0,,,0.0
batched_greedy@30s+aware,0,300,2950,2122,0.7193220338983051,0.28067796610169493,0.23322033898305083,0.04745762711864407,0.0,355.84048117925386,335.75969830048507,556.9686764464268,322.7059084693495,848.8,88.31526861451461,267.52521256473926,0.01795471283661201,0.14392632890591697,0.8381189582574711,368,42.70652173913044,0.07429646742050112,0.20258700044905686,0.056685561853951315,,,,2950,0.0,0.7193220338983051,0.0,0.0,1.0,20830.2226481914,0.0,4.855263745768828e-16,2.768069572906701e-13,0.0,0.0,0.0,,,0.0
batched_greedy@30s+aware,1,300,2950,2091,0.7088135593220339,0.2911864406779661,0.23152542372881357,0.059661016949152545,0.0,361.6573805368492,341.8277753292309,560.0675520517643,321.4874522956633,836.4,87.39406982305117,274.263310713798,0.014343339907767549,0.14755990229490912,0.8380967577973234,371,41.08355795148248,0.07051159030803109,0.2136500001142851,0.045850066934404285,,,,2950,0.0,0.7088135593220339,0.0,0.0,1.0,20794.266462633386,0.0,6.949114751934026e-16,2.7445944980028527e-13,0.0,0.0,0.0,,,0.0
batched_greedy@30s+aware,2,300,2950,2067,0.7006779661016949,0.2993220338983051,0.24271186440677966,0.056610169491525426,0.0,366.86004136148586,349.385090693645,573.2068715962599,326.62632105712026,826.8,95.08079342041606,271.7792479410698,0.015950001890509023,0.14373445460797118,0.8403155435015197,369,43.46883468834688,0.06849078588334555,0.21722000030422348,0.05058626465661641,,,,2950,0.0,0.7006779661016949,0.0,0.0,1.0,20600.268372368744,0.0,5.4334862685573696e-15,2.734287558505272e-13,0.0,0.0,0.0,,,0.0
batched_greedy@30s+aware,3,300,2950,2092,0.7091525423728814,0.29084745762711867,0.22983050847457628,0.061016949152542375,0.0,360.8008845255893,341.19044596140975,571.3095879040683,321.9644574131233,836.8,87.75525812619503,273.04562639939434,0.017245584685112825,0.14819918612455135,0.8345552291903359,372,41.56720430107527,0.06761290322379689,0.21516000013434705,0.04371217215870881,,,,2950,0.0,0.7091525423728814,0.0,0.0,1.0,20781.798213874183,0.0,1.7820459363524406e-14,2.6916646094917896e-13,0.0,0.0,0.0,,,0.0
batched_greedy@30s+aware,4,300,2950,2073,0.7027118644067797,0.2972881355932203,0.23491525423728812,0.062372881355932205,0.0,361.06358728926534,342.80025862744424,566.3832086400249,323.3003192851033,829.2,89.38109020742884,271.6824970818365,0.02088215682094514,0.1449183415584062,0.8341995016206487,372,42.23924731182796,0.06652419356165626,0.21998200041707638,0.050299800133244504,,,,2950,0.0,0.7027118644067797,0.0,0.0,1.0,20713.016514176787,0.0,1.1266541111642303e-14,2.7156922795114685e-13,0.0,0.0,0.0,,,0.0
batched_greedy@30s+aware,5,300,2950,2093,0.7094915254237288,0.2905084745762712,0.22474576271186442,0.06576271186440678,0.0,361.1303493988093,345.86605153220717,559.9185031055447,322.48195597985074,837.2,87.79646440516005,273.3338849936493,0.025591134196631664,0.14896412695568803,0.8254447388476802,369,41.66124661246612,0.0686151761525982,0.2198959995439508,0.054240631163708086,,,,2950,0.0,0.7094915254237288,0.0,0.0,1.0,20562.237059940213,0.0,2.2720053793953516e-15,2.677563007540315e-13,0.0,0.0,0.0,,,0.0
batched_greedy@30s+aware,0,350,2950,2370,0.8033898305084746,0.19661016949152543,0.13186440677966102,0.06474576271186441,0.0,324.65996952697793,303.1002856096952,537.1498996392072,299.89333077893053,948.0,65.15189873417721,259.5080707928007,0.04946439996987961,0.14351326292378683,0.8070223371063335,373,31.12064343163539,0.07828150133211566,0.21259199977066584,0.05160516051605161,,,,2950,0.0,0.8033898305084746,0.0,0.0,1.0,23475.515091503552,0.0,-4.291363326576428e-15,2.7802495420754e-13,0.0,0.0,0.0,,,0.0
batched_greedy@30s+aware,1,350,2950,2351,0.7969491525423729,0.2030508474576271,0.14067796610169492,0.062372881355932205,0.0,321.63960921536176,302.3512828010953,530.7124901816078,295.66427859107404,940.4,60.47766907698851,261.16194013837327,0.0487957761927923,0.14506195394110571,0.8061422698661019,370,30.008108108108107,0.07128729731030527,0.13936200038187965,0.05407029137879243,,,,2950,0.0,0.7969491525423729,0.0,0.0,1.0,23437.231427979954,0.0,7.590884299036417e-15,2.783783884442079e-13,0.0,0.0,0.0,,,0.0
batched_greedy@30s+aware,2,350,2950,2374,0.8047457627118644,0.1952542372881356,0.12610169491525425,0.06915254237288136,0.0,329.39096151008005,314.5682199314356,532.106348017939,301.9576600353507,949.6,61.800758213984835,267.5902032960952,0.03803002412565901,0.14884561015321374,0.8131243657211273,369,29.303523035230352,0.07738130081786969,0.2152439999190392,0.05119857946137911,,,,2950,0.0,0.8047457627118644,0.0,0.0,1.0,23594.12120616299,0.0,1.2402697047800695e-14,2.7419459570027145e-13,0.0,0.0,0.0,,,0.0
batched_greedy@30s+aware,3,350,2950,2353,0.7976271186440678,0.2023728813559322,0.1342372881355932,0.06813559322033898,0.0,316.7100343852317,300.84658590631716,529.0415380694324,291.5823336779964,941.2,61.66468338291543,255.04535100231627,0.06282714005192595,0.14138131811759183,0.7957915418304822,368,30.904891304347824,0.07994646736496298,0.16561399999773105,0.04830917874396135,,,,2950,0.0,0.7976271186440678,0.0,0.0,1.0,23172.77039172433,0.0,-1.3478947381670962e-14,2.714417442765217e-13,0.0,0.0,0.0,,,0.0
batched_greedy@30s+aware,4,350,2950,2371,0.803728813559322,0.19627118644067795,0.12983050847457628,0.06644067796610169,0.0,335.3499234590301,316.47273010627214,540.619370946175,307.85830587927234,948.4,68.46815689582455,266.88176656320553,0.036982206383080723,0.14723314659208478,0.8157846470248344,369,31.525745257452574,0.0804642275984394,0.22402400009013937,0.05029761904761905,,,,2950,0.0,0.803728813559322,0.0,0.0,1.0,23654.63483003385,0.0,2.7484458310163722e-15,2.746666477370832e-13,0.0,0.0,0.0,,,0.0
batched_greedy@30s+aware,5,350,2950,2387,0.8091525423728814,0.19084745762711863,0.11694915254237288,0.07389830508474576,0.0,321.7023051494213,308.9308850103316,524.4760055936488,295.72800018018836,954.8,59.26267281105991,262.4396323383614,0.05036318191784575,0.14748302894864465,0.8021537891335097,366,29.349726775956285,0.07995846989431643,0.22014000010130996,0.05156157925751326,,,,2950,0.0,0.8091525423728814,0.0,0.0,1.0,23395.508042256137,0.0,-1.0949859461640253e-14,2.752333574941365e-13,0.0,0.0,0.0,,,0.0
batched_greedy@30s+aware,0,400,2950,2571,0.8715254237288136,0.12847457627118644,0.0671186440677966,0.06135593220338983,0.0,290.1774960259234,270.4188120290246,512.2516089744686,274.1257749170197,1028.4,43.286658887592374,246.89083713833105,0.10440870810600293,0.13539826226313098,0.7601930296308661,369,22.333333333333332,0.09533902440670242,0.22744000027159922,0.04846435615666385,,,,2950,0.0,0.8715254237288136,0.0,0.0,1.0,25429.644115376625,0.0,1.2711816128004895e-14,2.772834470783706e-13,0.0,0.0,0.0,,,0.0
batched_greedy@30s+aware,1,400,2950,2580,0.8745762711864407,0.12542372881355932,0.060677966101694916,0.06474576271186441,0.0,275.2564038404572,255.2422318483475,493.1533346275707,259.58890827492263,1032.0,38.08217054263566,237.17423329782156,0.10347099060830592,0.13255234022761664,0.7639766691640775,370,20.35135135135135,0.09335189187294345,0.24868600045920175,0.049524342473419136,,,,2950,0.0,0.8745762711864407,0.0,0.0,1.0,25580.05043424501,0.0,-6.165137306783781e-15,2.781428403704349e-13,0.0,0.0,0.0,,,0.0
batched_greedy@30s+aware,2,400,2950,2590,0.8779661016949153,0.12203389830508475,0.05389830508474576,0.06813559322033898,0.0,281.23107488701737,260.25564712352934,490.5521617874654,263.4152915309843,1036.0,36.51389961389961,244.71717527311773,0.08991682593392601,0.1378161253913015,0.7722670486747725,373,18.991957104557642,0.08797640752427055,0.22396400032448557,0.051452282157676346,,,,2950,0.0,0.8779661016949153,0.0,0.0,1.0,25620.29617209307,0.0,9.577238187407373e-15,2.766514602131427e-13,0.0,0.0,0.0,,,0.0
batched_greedy@30s+aware,3,400,2950,2548,0.8637288135593221,0.13627118644067795,0.07016949152542373,0.06610169491525424,0.0,280.9565479942825,263.9189238899437,503.23966636562,263.53448195291185,1019.2,40.97605965463109,239.98048833965143,0.11901821171864267,0.13194195067727332,0.749039837604084,365,22.068493150684933,0.08579424657124933,0.21839999986696057,0.045454545454545456,,,,2950,0.0,0.8637288135593221,0.0,0.0,1.0,25186.75725949421,0.0,-4.2966676788966517e-16,2.767036120553239e-13,0.0,0.0,0.0,,,0.0
batched_greedy@30s+aware,4,400,2950,2560,0.8677966101694915,0.13220338983050847,0.06338983050847458,0.0688135593220339,0.0,285.8958816538144,268.6123379731239,508.4100273796691,268.10780638177044,1024.0,42.33828125,243.55760040381443,0.100014949638381,0.1350663900970476,0.7649186602645714,367,21.493188010899182,0.09226675749916506,0.18100600038451362,0.052587646076794656,,,,2950,0.0,0.8677966101694915,0.0,0.0,1.0,25442.98994590987,0.0,2.730931800143388e-15,2.777984006024914e-13,0.0,0.0,0.0,,,0.0
batched_greedy@30s+aware,5,400,2950,2562,0.8684745762711864,0.13152542372881357,0.06305084745762712,0.06847457627118644,0.0,277.24597586291134,258.97498456891617,491.6718615408608,260.7583713671996,1024.8,39.92857142857143,237.3174044343399,0.11835540939084328,0.1315379838765185,0.7501066067326382,364,21.560439560439562,0.09925879119411828,0.22813200045675333,0.0469760900140647,,,,2950,0.0,0.8684745762711864,0.0,0.0,1.0,25242.57576979384,0.0,1.0335734350093495e-14,2.7781818826546673e-13,0.0,0.0,0.0,,,0.0
batched_greedy@30s+aware,0,450,2950,2700,0.9152542372881356,0.0847457627118644,0.02711864406779661,0.0576271186440678,0.0,243.5484473240582,217.4496062799526,464.1930791898532,232.67825664327486,1080.0,28.27962962962963,215.26881769442858,0.17264907243888586,0.11718105762613686,0.7101698699349773,365,16.17808219178082,0.10698136985373734,0.24683600007847425,0.04554131442596128,,,,2950,0.0,0.9152542372881356,0.0,0.0,1.0,26826.68408795885,0.0,1.3655743202889425e-16,2.7509044425105203e-13,0.0,0.0,0.0,,,0.0
batched_greedy@30s+aware,1,450,2950,2696,0.9138983050847458,0.08610169491525424,0.028135593220338984,0.057966101694915256,0.0,231.82847193902316,207.21096465943856,439.12358616614847,221.01303051208995,1078.4,25.239985163204746,206.5884867758184,0.17333500879804206,0.11416104615733118,0.7125039450446268,365,15.158904109589042,0.1065547945148715,0.20756800025992567,0.04660670482420278,,,,2950,0.0,0.9138983050847458,0.0,0.0,1.0,26883.119873452022,0.0,2.136067452163631e-15,2.71732315185172e-13,0.0,0.0,0.0,,,0.0
batched_greedy@30s+aware,2,450,2950,2721,0.9223728813559322,0.0776271186440678,0.02847457627118644,0.04915254237288136,0.0,240.38299216403442,217.09248636022494,447.8685121034018,231.4085256688198,1088.4,26.464535097390666,213.91845706664375,0.16238347285707422,0.11718906769110723,0.7204274594518185,362,15.486187845303867,0.10651022098525231,0.2425070000299456,0.04878048780487805,,,,2950,0.0,0.9223728813559322,0.0,0.0,1.0,26991.26757495051,0.0,4.78081374562125e-15,2.7604506128356785e-13,0.0,0.0,0.0,,,0.0
batched_greedy@30s+aware,3,450,2950,2682,0.9091525423728813,0.09084745762711864,0.03762711864406779,0.05322033898305085,0.0,245.08325841985197,219.90277423485986,457.95877511450567,235.63467091143494,1072.8,28.226323639075318,216.85693478077667,0.17545685464789462,0.1176600701633713,0.7068830751887341,361,17.299168975069254,0.10058836565738583,0.23270000037882707,0.05039715146535196,,,,2950,0.0,0.9091525423728813,0.0,0.0,1.0,26597.634162828013,0.0,-2.9209379964056784e-15,2.746399511820704e-13,0.0,0.0,0.0,,,0.0
batched_greedy@30s+aware,4,450,2950,2688,0.9111864406779661,0.0888135593220339,0.028135593220338984,0.060677966101694916,0.0,240.78627180805995,212.00987673648888,458.284400593307,228.66728027286925,1075.2,28.034598214285715,212.75167359377423,0.17122328523374106,0.11604364531504349,0.7127330694512155,365,15.676712328767124,0.10041205477049615,0.2510160001838813,0.05081081081081081,,,,2950,0.0,0.9111864406779661,0.0,0.0,1.0,26810.15925099601,0.0,-1.0860608047811938e-15,2.759914073074172e-13,0.0,0.0,0.0,,,0.0
batched_greedy@30s+aware,5,450,2950,2721,0.9223728813559322,0.0776271186440678,0.029830508474576273,0.04779661016949153,0.0,238.99117942241665,212.74740302980354,457.3151780666258,230.21211937218604,1088.4,27.33553840499816,211.6556410174185,0.17500983029276873,0.11602201407105536,0.7089681556361759,368,15.980978260869565,0.1018989130443515,0.20604900021680797,0.05388572975900352,,,,2950,0.0,0.9223728813559322,0.0,0.0,1.0,26971.139182004466,0.0,-3.3818348097402233e-15,2.7512509808855777e-13,0.0,0.0,0.0,,,0.0
batched_greedy@30s+aware,0,500,2950,2769,0.9386440677966101,0.06135593220338983,0.01966101694915254,0.04169491525423729,0.0,207.42185048561106,175.72686475461705,412.2746578439268,202.37528984629094,1107.6,22.662694113398338,184.75915637221277,0.24616355341030943,0.09614768555151448,0.6576887610381761,363,14.18732782369146,0.12259035814546203,0.23050000016155536,0.04643628509719223,,,,2950,0.0,0.9386440677966101,0.0,0.0,1.0,27515.50716733787,0.0,2.1783465846112227e-16,2.7538266198107574e-13,0.0,0.0,0.0,,,0.0
batched_greedy@30s+aware,1,500,2950,2776,0.9410169491525424,0.05898305084745763,0.013559322033898305,0.04542372881355932,0.0,198.15991395835402,164.96337583127524,397.49989450481326,191.6384253296114,1110.4,21.32384726224784,176.8360666961062,0.24161003573751175,0.0945831455239627,0.6638068187385255,364,13.247252747252746,0.11932307693514103,0.250051000075473,0.04394715556753842,,,,2950,0.0,0.9410169491525424,0.0,0.0,1.0,27708.993837240512,0.0,3.2274455282501985e-15,2.75492045122655e-13,0.0,0.0,0.0,,,0.0
batched_greedy@30s+aware,2,500,2950,2805,0.9508474576271186,0.04915254237288136,0.01694915254237288,0.03220338983050847,0.0,201.76679087561578,170.67125900047813,391.5703713644132,197.3925392081831,1122.0,21.383600713012477,180.38319016260328,0.2311053282405275,0.0969494707488816,0.671945201010591,361,13.238227146814404,0.11932216065741416,0.2600799996798739,0.046261430876815494,,,,2950,0.0,0.9508474576271186,0.0,0.0,1.0,27954.888560747007,0.0,2.324423086173318e-15,2.731849604918923e-13,0.0,0.0,0.0,,,0.0
batched_greedy@30s+aware,3,500,2950,2758,0.9349152542372882,0.06508474576271187,0.02610169491525424,0.03898305084745763,0.0,211.31779186834316,175.63945569670818,431.27208234479053,205.66121103671443,1103.2,25.997461928934012,185.32032993940916,0.2515484418593655,0.09566844161748779,0.6527831165231467,363,15.402203856749312,0.11840881538761301,0.23617400007424294,0.05549568965517242,,,,2950,0.0,0.9349152542372882,0.0,0.0,1.0,27376.56698972088,0.0,-4.617650231246423e-15,2.7276533300184867e-13,0.0,0.0,0.0,,,0.0
batched_greedy@30s+aware,4,500,2950,2779,0.9420338983050848,0.057966101694915256,0.014915254237288136,0.04305084745762712,0.0,210.99841653172476,177.63776713811058,416.11351455648935,203.95712431659433,1111.6,23.97517092479309,187.02324560693168,0.23814723205702373,0.09758284061848384,0.6642699273244924,362,13.776243093922652,0.11333480660196778,0.2470530003756721,0.05022709056906225,,,,2950,0.0,0.9420338983050848,0.0,0.0,1.0,27784.425865891855,0.0,8.505411001067694e-15,2.759040047725854e-13,0.0,0.0,0.0,,,0.0
batched_greedy@30s+aware,5,500,2950,2783,0.9433898305084746,0.056610169491525426,0.02169491525423729,0.03491525423728813,0.0,204.20625318550475,171.40941714358314,414.72953691706044,198.93296670322607,1113.2,21.946819978440534,182.2594332070642,0.24600631256637634,0.09692364932817739,0.6570700381054463,363,13.955922865013774,0.123309090928616,0.2707479999844508,0.055481104261592064,,,,2950,0.0,0.9433898305084746,0.0,0.0,1.0,27634.771264172254,0.0,-5.472206709805317e-15,2.8080911253804373e-13,0.0,0.0,0.0,,,0.0
optimal@30s+aware,0,300,2950,2122,0.7193220338983051,0.28067796610169493,0.22745762711864406,0.05322033898305085,0.0,360.35361786173405,342.1418458529706,559.2282288865395,324.2550796572969,848.8,89.7525918944392,270.60102596729485,0.020104379384566762,0.14613210615391523,0.833763514461518,371,42.14016172506739,0.1513991913998815,0.2231999998002721,0.05096602265156562,35.02553093166555,0.0010530505749069712,0.2803234501347709,2950,0.0,0.7193220338983051,0.0,0.0,1.0,20894.306417369437,0.0,6.613204067512714e-16,2.725560901698056e-13,0.0,0.0,0.0,,,0.0
optimal@30s+aware,1,300,2950,2097,0.7108474576271187,0.28915254237288135,0.21864406779661016,0.07050847457627119,0.0,357.42298603056844,338.5201961933476,552.1604879527309,317.3818530544044,838.8,81.08583690987125,276.33714912069723,0.01465421075329982,0.15053435738884713,0.834811431857853,370,39.64594594594595,0.14821675673817014,0.25770300005206087,0.04349269588313413,52.98008030677882,0.0017040997383495839,0.3108108108108108,2950,0.0,0.7108474576271187,0.0,0.0,1.0,20624.25966387646,0.0,-1.706048008846974e-15,2.744365430080385e-13,0.0,0.0,0.0,,,0.0
optimal@30s+aware,2,300,2950,2073,0.7027118644067797,0.2972881355932203,0.23966101694915254,0.0576271186440678,0.0,371.5832503202164,357.15447118493375,567.9096504452974,330.9959653663051,829.2,94.90303907380608,276.68021124641035,0.014846760624952332,0.1465941922903899,0.8385590470846579,375,42.89333333333333,0.14692479995331573,0.23249799985933348,0.04948177866934136,36.76739001382919,0.0010774532483316878,0.2773333333333333,2950,0.0,0.7027118644067797,0.0,0.0,1.0,20698.62450287003,0.0,5.218530222840099e-16,2.7954098273983013e-13,0.0,0.0,0.0,,,0.0
optimal@30s+aware,3,300,2950,2089,0.708135593220339,0.291864406779661,0.23254237288135593,0.059322033898305086,0.0,364.8290147370097,346.4182468749186,558.9360832754088,324.5888998654432,835.6,88.35806606031593,276.4709486766937,0.015869349386573268,0.14982065550397686,0.8343099951094499,372,41.73118279569893,0.14778924732596468,0.22099800014984808,0.051839464882943144,36.546481655636406,0.0011071604642406022,0.29838709677419356,2950,0.0,0.708135593220339,0.0,0.0,1.0,20735.587469651586,0.0,4.852030696801259e-15,2.733106544657693e-13,0.0,0.0,0.0,,,0.0
optimal@30s+aware,4,300,2950,2072,0.7023728813559322,0.2976271186440678,0.24813559322033898,0.04949152542372881,0.0,369.561174228724,352.57496009729743,567.6015948064426,331.17715884585283,828.8,94.77702702702703,274.78414720169695,0.020782676821431176,0.14462875388576657,0.8345885692928022,371,43.889487870619945,0.1511514824819409,0.23089000005711577,0.045531770302412504,33.38336562169881,0.0009545310523123823,0.2560646900269542,2950,0.0,0.7023728813559322,0.0,0.0,1.0,20589.820592114724,0.0,-4.560916209270913e-16,2.722386880491654e-13,0.0,0.0,0.0,,,0.0
optimal@30s+aware,5,300,2950,2108,0.7145762711864406,0.2854237288135593,0.22101694915254239,0.06440677966101695,0.0,364.81463233271836,347.39071246946787,562.1351843637358,325.39332647249097,843.2,92.22533206831119,272.5893002644072,0.021767652741686634,0.1481754217335807,0.8300569255247325,366,42.53005464480874,0.1464163934329033,0.22003499989295966,0.04902928594932544,45.9618108797356,0.0013707710794650565,0.30601092896174864,2950,0.0,0.7145762711864406,0.0,0.0,1.0,20717.30002224786,0.0,9.552552718900019e-15,2.7564541414731365e-13,0.0,0.0,0.0,,,0.0
optimal@30s+aware,0,350,2950,2376,0.8054237288135593,0.1945762711864407,0.13084745762711864,0.06372881355932203,0.0,327.17169102676036,316.2378517091979,524.732203113977,301.79984370390946,950.4,63.0273569023569,264.1443341244035,0.04665054682932807,0.14553007351449876,0.8078193796561732,374,30.36096256684492,0.13859705881074472,0.21399900025244273,0.047475961538461536,46.50720892128724,0.002101808265736461,0.38235294117647056,2950,0.0,0.8054237288135593,0.0,0.0,1.0,23528.546614725055,0.0,-4.2551073027973595e-15,2.7670981854527006e-13,0.0,0.0,0.0,,,0.0
optimal@30s+aware,1,350,2950,2376,0.8054237288135593,0.1945762711864407,0.12847457627118644,0.06610169491525424,0.0,322.94288153092646,306.3275452355124,524.2647781231258,296.88866417269054,950.4,58.666666666666664,264.2762148642597,0.043358335042081496,0.14892122668077584,0.8077204382771427,370,29.094594594594593,0.13889081083107158,0.20915500049341063,0.05431878895814782,50.789327369714364,0.0024361827710579404,0.3864864864864865,2950,0.0,0.8054237288135593,0.0,0.0,1.0,23426.393004051934,0.0,-3.8442874024394305e-15,2.758691143087778e-13,0.0,0.0,0.0,,,0.0
optimal@30s+aware,2,350,2950,2375,0.8050847457627118,0.19491525423728814,0.12542372881355932,0.06949152542372881,0.0,331.8337234771567,315.38651691015184,530.0263635059375,303.8313910698786,950.0,61.038736842105266,270.79498663505143,0.036425893190642905,0.15087210474811405,0.8127020020612431,375,28.610666666666667,0.1386840000001636,0.21474199953445347,0.0508574807806032,51.44809188725221,0.0025045862946425296,0.3626666666666667,2950,0.0,0.8050847457627118,0.0,0.0,1.0,23605.293575414213,0.0,-9.419178887152444e-15,2.7721226483902825e-13,0.0,0.0,0.0,,,0.0
optimal@30s+aware,3,350,2950,2376,0.8054237288135593,0.1945762711864407,0.12847457627118644,0.06610169491525424,0.0,325.71785081325976,311.0481996161466,538.0658998193003,300.0655271009519,950.4,62.54040404040404,263.1774467728557,0.05229325829333732,0.146743413840853,0.8009633278658098,375,30.24,0.1422069332911633,0.22586199991565079,0.05289898386132696,58.3291269512627,0.0026503740375347523,0.36533333333333334,2950,0.0,0.8054237288135593,0.0,0.0,1.0,23391.672030679427,0.0,2.978537730711531e-15,2.765883294937538e-13,0.0,0.0,0.0,,,0.0
optimal@30s+aware,4,350,2950,2380,0.8067796610169492,0.19322033898305085,0.13186440677966102,0.06135593220338983,0.0,334.56754042535965,324.13828804292916,529.4358158721361,308.1006318380438,952.0,65.28445378151261,269.28308664384707,0.03726152582210309,0.14882485667623715,0.8139136175016598,369,30.8130081300813,0.14557994580315772,0.22403200000553614,0.053194650817236254,54.2251759361118,0.0024172899638590264,0.34417344173441733,2950,0.0,0.8067796610169492,0.0,0.0,1.0,23703.338310440955,0.0,-8.692206618342571e-15,2.803076165205197e-13,0.0,0.0,0.0,,,0.0
optimal@30s+aware,5,350,2950,2388,0.8094915254237288,0.19050847457627118,0.1135593220338983,0.07694915254237288,0.0,330.20806130180637,313.3456911102908,527.545427182386,301.9951813889308,955.2,58.460217755443885,271.7478435463625,0.04584338560759406,0.15449682916232405,0.7996597852300819,366,28.9672131147541,0.14788387975609932,0.22595000009459928,0.04972050603118564,49.62938976158481,0.0023906934922950213,0.37158469945355194,2950,0.0,0.8094915254237288,0.0,0.0,1.0,23369.930489345,0.0,4.665540241506856e-15,2.6793382327620446e-13,0.0,0.0,0.0,,,0.0
optimal@30s+aware,0,400,2950,2587,0.8769491525423729,0.12305084745762712,0.056610169491525426,0.06644067796610169,0.0,296.7453993332199,287.4178795534781,504.50186326819596,278.5110872990048,1034.8,42.87475840742172,253.8706409257982,0.09355274670554566,0.1413652488775794,0.765082004416875,365,21.813698630136987,0.1517487671264138,0.23516800021752726,0.050682261208576995,53.99655426042974,0.003919031328309989,0.410958904109589,2950,0.0,0.8769491525423729,0.0,0.0,1.0,25604.941096827177,0.0,-9.14142274740644e-16,2.8097933720729307e-13,0.0,0.0,0.0,,,0.0
optimal@30s+aware,1,400,2950,2578,0.8738983050847458,0.12610169491525425,0.06033898305084746,0.06576271186440678,0.0,284.5939176151609,271.3117448136395,495.16070839056357,267.5614649056887,1031.2,41.32040341349884,243.27351420166204,0.10448390771481401,0.13547902411855223,0.7600370681666337,371,21.059299191374663,0.1468501347304026,0.24359999979424174,0.04899216125419933,65.36235290687753,0.00498604677595769,0.41509433962264153,2950,0.0,0.8738983050847458,0.0,0.0,1.0,25583.99807454829,0.0,-3.794783640841541e-15,2.7538126076519537e-13,0.0,0.0,0.0,,,0.0
optimal@30s+aware,2,400,2950,2596,0.88,0.12,0.059661016949152545,0.06033898305084746,0.0,292.7812790769065,274.55643964068213,500.56481303330224,275.19982917967275,1038.4,40.68798151001541,252.0932975668911,0.08563244986951767,0.1410176805325112,0.7733498695979711,368,20.453804347826086,0.139140489117697,0.23768699946231203,0.047685443390964866,59.812192283521,0.004775200694737674,0.39402173913043476,2950,0.0,0.88,0.0,0.0,1.0,25775.520853251914,0.0,-1.5604706364608132e-15,2.832806750687861e-13,0.0,0.0,0.0,,,0.0
optimal@30s+aware,3,400,2950,2551,0.8647457627118644,0.1352542372881356,0.06847457627118644,0.06677966101694915,0.0,289.33661272991736,275.4796734632573,500.7516494802803,270.7572950973123,1020.4,40.96354370834967,248.37306902156772,0.10933344600770668,0.13746222919079934,0.753204324801494,368,21.755434782608695,0.1467293478111495,0.2231169997594404,0.04184457728437233,52.29346355058424,0.003777242712489166,0.40217391304347827,2950,0.0,0.8647457627118644,0.0,0.0,1.0,25227.900779762585,0.0,2.4575054304785854e-15,2.766550001413669e-13,0.0,0.0,0.0,,,0.0
optimal@30s+aware,4,400,2950,2545,0.8627118644067797,0.13728813559322034,0.06135593220338983,0.0759322033898305,0.0,293.262918598575,281.6298036744447,506.7008874084033,272.35751619047045,1018.0,42.20432220039293,251.05859639818206,0.09653746477317328,0.137805974098869,0.7656565611279578,366,21.297814207650273,0.15290355192812424,0.24787500037746232,0.05328892589508743,64.72006605576584,0.004862551183436671,0.45081967213114754,2950,0.0,0.8627118644067797,0.0,0.0,1.0,25536.702443708156,0.0,1.1598231652537931e-15,2.815101131902065e-13,0.0,0.0,0.0,,,0.0
optimal@30s+aware,5,400,2950,2559,0.867457627118644,0.13254237288135592,0.062033898305084746,0.07050847457627119,0.0,285.2986001617266,272.85301202986284,489.61994075195344,266.63820099296674,1023.6,39.107854630715124,246.19074553101146,0.10996528447277401,0.13652805613313596,0.75350665939409,366,21.016393442622952,0.13584371584682212,0.23767999982737822,0.049845981517782134,63.068889811659744,0.004849470812474625,0.42896174863387976,2950,0.0,0.867457627118644,0.0,0.0,1.0,25325.98845874764,0.0,2.9120034940539473e-15,2.7847846906319526e-13,0.0,0.0,0.0,,,0.0
optimal@30s+aware,0,450,2950,2714,0.92,0.08,0.027796610169491524,0.05220338983050848,0.0,247.81700823118513,227.01396786588566,454.76704244636494,238.28476191159976,1085.6,26.837877671333825,220.9791305598513,0.16487832914428352,0.12039955606200162,0.7147221147937148,365,15.961643835616439,0.14185917810969492,0.20851599983870991,0.0426812585499316,52.26044002185011,0.006577279452393867,0.3561643835616438,2950,0.0,0.92,0.0,0.0,1.0,26893.977047140314,0.0,-3.375339801321699e-15,2.742031607912862e-13,0.0,0.0,0.0,,,0.0
optimal@30s+aware,1,450,2950,2706,0.9172881355932203,0.08271186440677966,0.025084745762711864,0.0576271186440678,0.0,241.03392420914898,221.1833189087697,446.01270413551447,229.61934720136597,1082.4,25.889135254988915,215.14478895416008,0.17021202670764535,0.1177994133496528,0.7119885599427018,367,15.103542234332425,0.145132152595874,0.22075000002587325,0.05166351095482824,51.396109216838305,0.007253655786909772,0.3760217983651226,2950,0.0,0.9172881355932203,0.0,0.0,1.0,26911.06624342969,0.0,9.8898880380236e-15,2.7505742612530245e-13,0.0,0.0,0.0,,,0.0
optimal@30s+aware,2,450,2950,2727,0.9244067796610169,0.07559322033898305,0.023389830508474575,0.05220338983050848,0.0,242.73989899451,219.57311884269348,447.67375970346984,232.26320542881965,1090.8,25.892555922258893,216.84734307225114,0.15746229387200816,0.119498124190981,0.7230395819370108,374,14.38770053475936,0.14288716574372953,0.23391500040816,0.047039740470397405,51.819039433213284,0.007915194441885045,0.31283422459893045,2950,0.0,0.9244067796610169,0.0,0.0,1.0,27102.67838246795,0.0,-2.4808008802909392e-15,2.785967276457149e-13,0.0,0.0,0.0,,,0.0
optimal@30s+aware,3,450,2950,2693,0.9128813559322034,0.08711864406779661,0.03254237288135593,0.05457627118644068,0.0,242.91913908977787,222.78814862344325,443.9227797544573,232.67851277134113,1077.2,25.73078351281099,217.18835557696687,0.1745746299452128,0.11866058138310483,0.7067647886716824,364,16.024725274725274,0.14146648349306706,0.23328699962803515,0.04366932161494095,57.877362557237795,0.007266704629864966,0.3983516483516483,2950,0.0,0.9128813559322034,0.0,0.0,1.0,26621.7293787527,0.0,-1.9613802680863886e-15,2.693001163075243e-13,0.0,0.0,0.0,,,0.0
optimal@30s+aware,4,450,2950,2708,0.9179661016949152,0.08203389830508474,0.02610169491525424,0.05593220338983051,0.0,249.9726012266927,226.18504051632408,462.9416874294373,238.12666158737196,1083.2,29.614475627769572,220.35812559892312,0.16149911578876192,0.11929502364593086,0.7192058605653072,364,16.04945054945055,0.1433744505497948,0.23025699990284923,0.049189189189189186,44.815880238322926,0.005649646394996009,0.33791208791208793,2950,0.0,0.9179661016949152,0.0,0.0,1.0,27107.34394193199,0.0,-3.1169470418455236e-15,2.774767532106299e-13,0.0,0.0,0.0,,,0.0
optimal@30s+aware,5,450,2950,2712,0.9193220338983051,0.08067796610169492,0.03288135593220339,0.04779661016949153,0.0,244.15728315710987,222.4984903514951,455.54376166596086,234.58075739595677,1084.8,28.358407079646017,215.79887607746386,0.1746912771286632,0.11738927325512973,0.7079194496162071,366,16.360655737704917,0.14752786884974872,0.22783500016885233,0.055013550135501355,57.34797271537427,0.007012773097577728,0.3879781420765027,2950,0.0,0.9193220338983051,0.0,0.0,1.0,26885.79674370609,0.0,4.709441620681342e-16,2.74299101950722e-13,0.0,0.0,0.0,,,0.0
optimal@30s+aware,0,500,2950,2788,0.9450847457627118,0.05491525423728814,0.017966101694915255,0.03694915254237288,0.0,211.53340091168084,186.79566925859717,404.7049894240449,206.81807322700263,1115.2,21.800215208034434,189.73318570364643,0.2379911438147552,0.09958525491288199,0.6624236012723628,363,13.804407713498623,0.152780165301396,0.24069400000371385,0.05123390557939914,37.84029307233306,0.007008287816240051,0.33884297520661155,2950,0.0,0.9450847457627118,0.0,0.0,1.0,27685.59129127088,0.0,5.204230160159149e-15,2.8004846170408183e-13,0.0,0.0,0.0,,,0.0
optimal@30s+aware,1,500,2950,2792,0.9464406779661017,0.05355932203389831,0.012203389830508475,0.04135593220338983,0.0,202.9527907313788,173.31387552375327,395.49003654239243,196.63149395650183,1116.8,20.09025787965616,182.8625328517226,0.23789647406588163,0.09780647658289178,0.6642970493512267,363,12.834710743801653,0.14948126720286603,0.24589200005721065,0.042352306447261935,34.6524619575341,0.007680947006567736,0.3140495867768595,2950,0.0,0.9464406779661017,0.0,0.0,1.0,27784.62045844848,0.0,1.0085970581482758e-14,2.7889084706072287e-13,0.0,0.0,0.0,,,0.0
optimal@30s+aware,2,500,2950,2817,0.9549152542372882,0.04508474576271186,0.01423728813559322,0.030847457627118643,0.0,204.1025526246598,174.29530071135923,392.5996691210836,199.79879605262644,1126.8,20.524671636492723,183.5778809881671,0.22702316136243764,0.09888922047455795,0.6740876181630044,362,12.831491712707182,0.14055469610107818,0.2511910002158393,0.04461166353130879,35.790892669487484,0.008115956824763832,0.2983425414364641,2950,0.0,0.9549152542372882,0.0,0.0,1.0,28036.73925297514,0.0,-7.509671502563027e-15,2.720360520289257e-13,0.0,0.0,0.0,,,0.0
optimal@30s+aware,3,500,2950,2754,0.9335593220338984,0.06644067796610169,0.02440677966101695,0.04203389830508475,0.0,210.23496264764998,177.87840228851792,422.5872154911876,204.491610352917,1101.6,23.77777777777778,186.4571848698722,0.24983407303507796,0.09634410447864757,0.6538218224862744,365,14.758904109589041,0.15565205476751506,0.2527400001054048,0.05338366136424912,38.09566488891413,0.006011235567307985,0.3041095890410959,2950,0.0,0.9335593220338984,0.0,0.0,1.0,27346.362604887585,0.0,6.6766974423181935e-15,2.75084441629107e-13,0.0,0.0,0.0,,,0.0
optimal@30s+aware,4,500,2950,2797,0.948135593220339,0.05186440677966102,0.011864406779661017,0.04,0.0,217.33079307339662,189.00003866814222,427.3567204082657,210.28209216902988,1118.8,23.47836968180193,193.85242339159467,0.23033247030443438,0.10153603353112879,0.6681314961644369,365,13.323287671232876,0.1542542465445777,0.2393279995885679,0.05338645418326693,38.18140728979399,0.007618845231911697,0.27123287671232876,2950,0.0,0.948135593220339,0.0,0.0,1.0,27947.674379826047,0.0,-4.608993439554882e-15,2.760434791804152e-13,0.0,0.0,0.0,,,0.0
optimal@30s+aware,5,500,2950,2779,0.9420338983050848,0.057966101694915256,0.01830508474576271,0.03966101694915254,0.0,203.51624351415697,173.8983003955509,401.0412306703766,197.07817617469973,1111.6,21.811802806765023,181.70444070739194,0.24663168484017,0.09646107338864394,0.6569072417711861,361,13.745152354570637,0.15223767312770514,0.25288000051659737,0.05634178905206943,37.64617908419988,0.007244678780284069,0.33518005540166207,2950,0.0,0.9420338983050848,0.0,0.0,1.0,27575.696288218325,0.0,-2.1770598598029247e-15,2.758449979569189e-13,0.0,0.0,0.0,,,0.0
