arm,seed,drivers.num_drivers,requests,completed,completion_rate,cancel_rate,cancel_no_match_rate,cancel_eta_rate,cancel_late_rate,wait_mean_s,wait_p50_s,wait_p90_s,wait_all_mean_s,completed_per_hour,time_to_match_mean_s,pickup_mean_s,driver_idle_frac,driver_enroute_frac,driver_ontrip_frac,batches,batch_riders_mean,solve_ms_mean,solve_ms_p99,decline_rate,shadow_gap_s_per_batch,shadow_gap_frac,shadow_worse_batches_frac,app_opens,priced_out_rate,served_rate,retried_rate,surged_trip_frac,mean_multiplier_paid,revenue_per_hour,surge_revenue_per_hour,eta_error_mean_s,eta_abs_error_mean_s,eta_late_2min_frac,moves_per_driver_hour,reposition_km_per_hour,moves_dispatched_frac,move_planned_mean_s,driver_reposition_frac
immediate_greedy,0,300,3002,1814,0.6042638241172552,0.3957361758827448,0.0146568954030646,0.3810792804796802,0.0,440.7786315359091,410.34213065157337,732.0251898084596,277.69541971290835,725.6,13.580248689472038,427.1983828464371,0.0107763656394456,0.2315138563588936,0.7577097780016608,3253,6.65355056870581,0.0597843530128095,0.2006839966634288,0.0521455730581205,,,,3002,0.0,0.6042638241172552,0.0,0.0,1.0,18152.33659518783,0.0,2.1691823885322296e-14,2.687532910904849e-13,0.0,0.0,0.0,,,0.0
immediate_greedy,1,300,3002,1830,0.6095936042638241,0.3904063957361758,0.0199866755496335,0.3704197201865423,0.0,426.0046692123304,402.87105994134345,729.0361433043347,272.16422049339053,732.0,12.89643013742676,413.1082390749037,0.0122147246664543,0.2262086360709853,0.7615766392625603,3261,6.92885617908617,0.0581192579548253,0.2183800010243435,0.0508196721311475,,,,3002,0.0,0.6095936042638241,0.0,0.0,1.0,18342.360650277456,0.0,1.1168722291879391e-14,2.725746768549873e-13,0.0,0.0,0.0,,,0.0
immediate_greedy,2,300,3002,1838,0.6122584943371085,0.3877415056628914,0.0183211192538307,0.3694203864090606,0.0,435.9815125242236,407.5441851459405,719.2319178913203,279.3155419651248,735.2,10.976898718428222,425.0046138057953,0.0102365723400736,0.2335070518193204,0.7562563758406059,3227,6.392004958165479,0.0568182831960381,0.2348060018266547,0.0533043241773184,,,,3002,0.0,0.6122584943371085,0.0,0.0,1.0,18149.58576947164,0.0,9.239375073267896e-16,2.769763622905544e-13,0.0,0.0,0.0,,,0.0
immediate_greedy,3,300,3002,1804,0.6009327115256495,0.3990672884743504,0.0229846768820786,0.3760826115922718,0.0,448.1742924491723,420.5648912821596,743.4129172577973,284.3363841731921,721.6,17.705270923936105,430.4690215252362,0.0092348402291583,0.232248751873069,0.7585164078977726,3251,8.543832666871731,0.0713107042883935,0.2335499957553111,0.0441257584114727,,,,3002,0.0,0.6009327115256495,0.0,0.0,1.0,18044.9797003224,0.0,-1.5557892495855853e-15,2.781711791189417e-13,0.0,0.0,0.0,,,0.0
immediate_greedy,4,300,3002,1847,0.6152564956695536,0.3847435043304463,0.0216522318454363,0.36309127248501,0.0,411.5090898330833,380.2136057601474,707.0811300641581,265.95613652513094,738.8,10.835776259361548,400.6733135737217,0.0158205357738949,0.2216769350106851,0.7625025292154199,3322,6.893136664659844,0.0592746839567798,0.1593789985054172,0.0470038482682792,,,,3002,0.0,0.6152564956695536,0.0,0.0,1.0,18253.31871012788,0.0,1.3924012036614495e-14,2.720102913290115e-13,0.0,0.0,0.0,,,0.0
immediate_greedy,5,300,3002,1843,0.6139240506329114,0.3860759493670886,0.0229846768820786,0.36309127248501,0.0,421.37414900543945,396.443594756448,705.1432384120941,272.0331390090903,737.2,12.951394084911891,408.4227549205276,0.0112129132269002,0.2257578445108342,0.7630292422622655,3254,7.094652735095267,0.0612133989165612,0.2076879991363966,0.0483383685800604,,,,3002,0.0,0.6139240506329114,0.0,0.0,1.0,18320.955914090584,0.0,3.7878906016511037e-16,2.7334594466128623e-13,0.0,0.0,0.0,,,0.0
immediate_greedy,0,350,3002,2179,0.7258494337108594,0.2741505662891406,0.0089940039973351,0.2651565622918054,0.0,358.2292054371089,334.5319154537492,606.4478170256589,264.5349923654171,871.6,4.013423362169962,354.2157820749389,0.0260026004437077,0.2013992023657883,0.7725981971905039,3425,3.193284671532847,0.0366330802284289,0.0997439990169364,0.0587288817377312,,,,3002,0.0,0.7258494337108594,0.0,0.0,1.0,21844.801833982696,0.0,-3.780566701568913e-15,2.706906138736828e-13,0.0,0.0,0.0,,,0.0
immediate_greedy,1,350,3002,2144,0.7141905396402398,0.2858094603597602,0.0136575616255829,0.2721518987341772,0.0,358.6765183572736,329.7769157807538,621.4787646323595,263.797498834378,857.6,5.457056087204237,353.2194622700693,0.0342717291209189,0.1977290867882631,0.7679991840908178,3466,4.413733410271206,0.0450243796493637,0.1322750005783745,0.0479433396894579,,,,3002,0.0,0.7141905396402398,0.0,0.0,1.0,21550.63446583369,0.0,7.293502452071085e-15,2.6877919458923373e-13,0.0,0.0,0.0,,,0.0
immediate_greedy,2,350,3002,2175,0.7245169886742172,0.2754830113257828,0.0089940039973351,0.2664890073284477,0.0,366.0595522654017,337.66968225667097,625.3742022874518,270.563558182721,870.0,4.120548423757048,361.9390038416447,0.0268485783186285,0.2054451805332987,0.7677062411480727,3436,3.4944703143189755,0.0342310826744301,0.1194299999042414,0.0559591068065644,,,,3002,0.0,0.7245169886742172,0.0,0.0,1.0,21638.491157550325,0.0,2.5595872803128208e-15,2.7933313389042466e-13,0.0,0.0,0.0,,,0.0
immediate_greedy,3,350,3002,2177,0.7251832111925383,0.2748167888074617,0.0086608927381745,0.2661558960692871,0.0,359.6934783859932,334.5076257814794,618.9750670156438,266.47446379148283,870.8,4.489817105753288,355.2036612802399,0.0241834763873409,0.2024323640153776,0.7733841595972815,3452,3.676419466975666,0.039534096137042,0.1017979966127313,0.0551965535810446,,,,3002,0.0,0.7251832111925383,0.0,0.0,1.0,21595.699764542416,0.0,2.530308938438299e-15,2.776918183992703e-13,0.0,0.0,0.0,,,0.0
immediate_greedy,4,350,3002,2171,0.7231845436375749,0.276815456362425,0.0129913391072618,0.2638241172551632,0.0,348.0104334861886,323.96256195954084,601.8113361107662,257.6287862020888,868.4,4.768916796745393,343.2415166894432,0.0311471192288493,0.1950664875084443,0.7737863932627063,3519,4.000852514919012,0.0412160273002932,0.1166499972168825,0.0489929232444202,,,,3002,0.0,0.7231845436375749,0.0,0.0,1.0,21746.405475066986,0.0,-6.756456288045864e-16,2.730956358745891e-13,0.0,0.0,0.0,,,0.0
immediate_greedy,5,350,3002,2208,0.7355096602265156,0.2644903397734843,0.0079946702198534,0.2564956695536309,0.0,349.9137802273305,320.7893363629887,595.6423729051514,261.62426721775074,883.2,3.451898599344459,346.4618816279861,0.0270424738523512,0.1988726116228513,0.7740849145247973,3484,3.1153846153846154,0.0347985935106207,0.0838869972358225,0.0518498514717796,,,,3002,0.0,0.7355096602265156,0.0,0.0,1.0,21865.786674466897,0.0,-3.525360357903939e-15,2.629860902316793e-13,0.0,0.0,0.0,,,0.0
immediate_greedy,0,400,3002,2486,0.8281145902731513,0.1718854097268487,0.0049966688874083,0.1668887408394403,0.0,294.39362678679475,268.9437440618374,513.7615134252774,246.40042695921636,994.4,2.2403038714046266,292.15332291539016,0.0652534496120799,0.1695864518533513,0.7651600985345687,3561,2.4049424319011514,0.0314123840945274,0.0734800036298111,0.0504179023995686,,,,3002,0.0,0.8281145902731513,0.0,0.0,1.0,24666.95922476041,0.0,8.844270627383991e-16,2.6525076941368985e-13,0.0,0.0,0.0,,,0.0
immediate_greedy,1,400,3002,2477,0.8251165889407062,0.1748834110592938,0.0076615589606928,0.1672218520986009,0.0,283.92686505876827,257.5695544471364,509.7433418299814,237.10231754813,990.8,1.2808509570811566,282.6460141016871,0.0728194847848957,0.1641755237958712,0.763004991419233,3591,2.217488164856586,0.028879281455541,0.0664400031382683,0.052319309600863,,,,3002,0.0,0.8251165889407062,0.0,0.0,1.0,24659.31154447712,0.0,-9.502110666957335e-16,2.728540042272145e-13,0.0,0.0,0.0,,,0.0
immediate_greedy,2,400,3002,2470,0.8227848101265823,0.1772151898734177,0.0023317788141239,0.1748834110592938,0.0,305.10974141810823,274.64150714519496,549.8091514514923,253.05075079121664,988.0,1.925617509516995,303.18412390859123,0.0624118154350078,0.1741685392878599,0.7634196452771322,3534,2.2159026598754954,0.0303321449427937,0.0905350005632499,0.0503229278794402,,,,3002,0.0,0.8227848101265823,0.0,0.0,1.0,24754.58980679872,0.0,-6.436596644790381e-15,2.700896636347371e-13,0.0,0.0,0.0,,,0.0
immediate_greedy,3,400,3002,2488,0.8287808127914723,0.1712191872085276,0.0056628914057295,0.1655562958027981,0.0,291.01968558321346,264.84597302097063,512.9217176305377,243.9807741845036,995.2,0.9539243389685418,290.0657612442449,0.0630923261375362,0.1697846240839465,0.7671230497785173,3663,2.1695331695331697,0.0278387660944199,0.0601420013117604,0.0463414634146341,,,,3002,0.0,0.8287808127914723,0.0,0.0,1.0,24720.57192855744,0.0,1.9455676798093578e-15,2.696099863549687e-13,0.0,0.0,0.0,,,0.0
immediate_greedy,4,400,3002,2480,0.8261159227181879,0.1738840772818121,0.0066622251832111,0.1672218520986009,0.0,282.9562992876,255.092683632663,508.0098575532557,236.96046262037012,992.0,2.2750331632698626,280.68126612433014,0.0730717874176058,0.1625119293667638,0.7644162832156304,3681,2.7147514262428687,0.0302070904484487,0.0849000003654509,0.0500135171668018,,,,3002,0.0,0.8261159227181879,0.0,0.0,1.0,24810.99150492668,0.0,-4.449845509989538e-16,2.70159701061758e-13,0.0,0.0,0.0,,,0.0
immediate_greedy,5,400,3002,2490,0.8294470353097935,0.1705529646902065,0.0036642238507661,0.1668887408394403,0.0,280.07642110691535,253.88644850611627,499.965118266623,234.14613944605807,996.0,0.9285181881124512,279.1479029188029,0.0712390526241798,0.1618298221809345,0.7669311251948857,3539,1.9025148346990677,0.0263190730323078,0.0644339986320118,0.0524052674012362,,,,3002,0.0,0.8294470353097935,0.0,0.0,1.0,24897.11919387267,0.0,3.091859655405898e-15,2.6274957221117573e-13,0.0,0.0,0.0,,,0.0
immediate_greedy,0,450,3002,2684,0.894070619586942,0.1059293804130579,0.0033311125916055,0.1025982678214523,0.0,248.59974012253923,218.9327438341461,454.8256831964628,223.8246899234285,1073.6,0.8648847233184911,247.73485539922072,0.1241383718987187,0.1409496599782157,0.7349119681230656,3547,1.8111079785734423,0.0272206089137289,0.0628999987384304,0.0506056527590847,,,,3002,0.0,0.894070619586942,0.0,0.0,1.0,26656.668292777176,0.0,-8.255691212622475e-15,2.635917647425388e-13,0.0,0.0,0.0,,,0.0
immediate_greedy,1,450,3002,2659,0.8857428381079281,0.1142571618920719,0.0009993337774816,0.1132578281145902,0.0,237.61207563937117,211.024001761376,430.0761668610895,211.28324943548907,1063.6,0.5954504261663567,237.01662521320475,0.1375888511239329,0.1335324842861349,0.7288786645899321,3339,1.5636418089248278,0.0253358489378465,0.059733999223681,0.0558375634517766,,,,3002,0.0,0.8857428381079281,0.0,0.0,1.0,26534.901398924307,0.0,-5.672116489254542e-15,2.633774690965669e-13,0.0,0.0,0.0,,,0.0
immediate_greedy,2,450,3002,2667,0.8884077281812125,0.1115922718187874,0.0009993337774816,0.1105929380413058,0.0,248.56515026237537,220.44158849142605,453.2224244876643,221.78910082861603,1066.8,0.6067511352177224,247.9583991271576,0.1266164868261401,0.1393174354207191,0.7340660777531407,3391,1.6157475670893542,0.0249817457861799,0.0647299973934421,0.0560897435897435,,,,3002,0.0,0.8884077281812125,0.0,0.0,1.0,26725.799664094386,0.0,6.374103844417097e-15,2.646818314245465e-13,0.0,0.0,0.0,,,0.0
immediate_greedy,3,450,3002,2683,0.8937375083277814,0.1062624916722185,0.0016655562958027,0.1045969353764157,0.0,245.5169386416248,220.1017600973746,452.7597869987333,220.6272237914893,1073.2,0.5036043788729645,245.0133342627518,0.127312563427447,0.1390066923473776,0.7336807442251753,3597,1.6483180428134556,0.0255948568823492,0.0557240020134486,0.0556298475528216,,,,3002,0.0,0.8937375083277814,0.0,0.0,1.0,26772.52953106186,0.0,1.4155240114192081e-15,2.6338611583290696e-13,0.0,0.0,0.0,,,0.0
immediate_greedy,4,450,3002,2664,0.8874083944037309,0.1125916055962691,0.0043304463690872,0.1082611592271818,0.0,240.00382969060092,215.851982486324,441.9498637486109,215.5835594284837,1065.6,1.156112083265913,238.84771760733503,0.1356551033756738,0.134264489070382,0.7300804075539441,3909,2.196213865438731,0.0303229214621187,0.0752000045031309,0.0524475524475524,,,,3002,0.0,0.8874083944037309,0.0,0.0,1.0,26633.845727149448,0.0,-9.470069039929507e-15,2.7084457466253783e-13,0.0,0.0,0.0,,,0.0
immediate_greedy,5,450,3002,2698,0.8987341772151899,0.1012658227848101,0.0036642238507661,0.0976015989340439,0.0,234.8245488892217,210.76780215251665,427.611515954861,212.4803599030357,1079.2,0.57258638115156,234.2519625080701,0.1353476089972352,0.134426036846287,0.7302263541564777,3649,1.7147163606467526,0.0276168266267229,0.0630519998958334,0.0483130904183535,,,,3002,0.0,0.8987341772151899,0.0,0.0,1.0,26845.73612154308,0.0,-1.0296845330092798e-14,2.637970560220576e-13,0.0,0.0,0.0,,,0.0
immediate_greedy,0,500,3002,2789,0.9290473017988008,0.0709526982011992,0.0033311125916055,0.0676215856095936,0.0,208.6229370369339,183.5219846629652,394.1596598790461,195.1309065340405,1115.6,0.5597025939882574,208.06323444294569,0.1989295460136409,0.1136518299597933,0.6874186240265657,3648,1.667763157894737,0.0355686129435988,0.108717998373322,0.0472717450027012,,,,3002,0.0,0.9290473017988008,0.0,0.0,1.0,27767.411552781006,0.0,-8.32687172072751e-15,2.655021336444032e-13,0.0,0.0,0.0,,,0.0
immediate_greedy,1,500,3002,2788,0.9287141905396402,0.0712858094603597,0.0016655562958027,0.0696202531645569,0.0,202.90023343764517,181.01249198709888,379.9258958669161,188.89551072716367,1115.2,0.1391251055664125,202.76110833207872,0.1997815312263702,0.1098852143902733,0.6903332543833565,3273,1.334860983806905,0.030389031452101,0.0988560012774541,0.046693657219973,,,,3002,0.0,0.9287141905396402,0.0,0.0,1.0,27938.117728379257,0.0,-1.4768992660436805e-15,2.6528372994262765e-13,0.0,0.0,0.0,,,0.0
immediate_greedy,2,500,3002,2781,0.9263824117255164,0.0736175882744836,0.0009993337774816,0.072618254497002,0.0,212.39665721699484,184.7149997270235,405.9195234994513,197.45111179183368,1112.4,0.3912706215864157,212.00538659540845,0.2000614031988745,0.1136747355105521,0.6862638612905733,3404,1.4688601645123385,0.0357086955923034,0.1533799997559953,0.0474393530997304,,,,3002,0.0,0.9263824117255164,0.0,0.0,1.0,27849.968778627284,0.0,-3.720863962141787e-15,2.662298045928855e-13,0.0,0.0,0.0,,,0.0
immediate_greedy,3,500,3002,2786,0.9280479680213192,0.0719520319786808,0.0009993337774816,0.0709526982011992,0.0,212.58857354027424,187.44313099829836,402.9932244263268,198.03384569638305,1114.4,0.6167728112988113,211.9718007289754,0.1960802505819094,0.1144534073369977,0.6894663420810928,3609,1.5660847880299251,0.036527874833847,0.1460679990123026,0.0495022867904223,,,,3002,0.0,0.9280479680213192,0.0,0.0,1.0,27929.1638565652,0.0,-2.710123742236456e-15,2.642939707718292e-13,0.0,0.0,0.0,,,0.0
immediate_greedy,4,500,3002,2773,0.923717521652232,0.0762824783477681,0.0043304463690872,0.0719520319786808,0.0,202.50907059477316,178.4892491431765,386.30910029788754,189.29427210627333,1109.2,0.8891575855516998,201.6199130092214,0.2070707848404002,0.1087521129479234,0.6841771022116764,3937,2.048514097028194,0.0432609093121442,0.1580559989088211,0.0506601994071678,,,,3002,0.0,0.923717521652232,0.0,0.0,1.0,27706.846385958204,0.0,-6.257926420519671e-15,2.6578699172633914e-13,0.0,0.0,0.0,,,0.0
immediate_greedy,5,500,3002,2785,0.9277148567621586,0.0722851432378414,0.0023317788141239,0.0699533644237175,0.0,201.88455461329409,175.56105385160845,388.87703745576965,188.26323937382716,1114.0,0.3260806446943894,201.5584739685997,0.2057827986590342,0.108895484254309,0.6853217170866568,3670,1.4994550408719347,0.0367745505001939,0.1272960021015023,0.0528575261604507,,,,3002,0.0,0.9277148567621586,0.0,0.0,1.0,27843.68350146296,0.0,-8.562709687518316e-15,2.637747989311251e-13,0.0,0.0,0.0,,,0.0
batched_greedy@10s,0,300,3002,1945,0.6479013990672885,0.3520986009327115,0.1002664890073284,0.2518321119253831,0.0,417.9150558293691,386.3471956012363,676.3313373889425,307.9440824536041,778.0,54.724935732647815,363.1901200967213,0.0106903492630343,0.1942485423236216,0.795061108413344,1079,22.145505097312327,0.0495796106393001,0.1809579972177746,0.046875,,,,3002,0.0,0.6479013990672885,0.0,0.0,1.0,19293.92645480178,0.0,-1.8886920019947136e-15,2.7460558819717725e-13,0.0,0.0,0.0,,,0.0
batched_greedy@10s,1,300,3002,1958,0.6522318454363758,0.3477681545636242,0.1132578281145902,0.2345103264490339,0.0,415.187468670999,384.2323973906937,671.0458043641563,309.2947630677707,783.2,60.6414708886619,354.5459977823371,0.0101396321381224,0.1887946112024165,0.801065756659461,1071,23.593837535014007,0.0545854342760723,0.1273500020033679,0.0497023809523809,,,,3002,0.0,0.6522318454363758,0.0,0.0,1.0,19446.902653292924,0.0,9.580351493394609e-16,2.7176263736262713e-13,0.0,0.0,0.0,,,0.0
batched_greedy@10s,2,300,3002,1973,0.6572285143237842,0.3427714856762158,0.1635576282478347,0.179213857428381,0.0,422.1313790346653,387.0601957174768,672.0914538703782,331.3751188091014,789.2,79.30511910795742,342.8262599267079,0.0066989083231731,0.1760697747063859,0.8172313169704408,1080,31.052777777777777,0.0584591667710035,0.2138680029020179,0.0484375,,,,3002,0.0,0.6572285143237842,0.0,0.0,1.0,19779.90898424934,0.0,-1.3335731122755452e-14,2.830178508625393e-13,0.0,0.0,0.0,,,0.0
batched_greedy@10s,3,300,3002,1938,0.6455696202531646,0.3544303797468354,0.1372418387741505,0.2171885409726849,0.0,423.9170941766965,394.5343188001853,684.1020347419166,320.97610013897054,775.2,68.36738906088752,355.54970511580905,0.0086105357786838,0.1851930271562439,0.8061964370650723,1068,27.529026217228463,0.0555564607355145,0.1895899957889921,0.0482295482295482,,,,3002,0.0,0.6455696202531646,0.0,0.0,1.0,19229.53057252179,0.0,4.450974619260896e-15,2.781822473326204e-13,0.0,0.0,0.0,,,0.0
batched_greedy@10s,4,300,3002,1952,0.6502331778814124,0.3497668221185876,0.123251165889407,0.2265156562291805,0.0,419.0298225584025,382.3442017876755,684.2356264688954,316.615948475925,780.8,61.55840163934426,357.47142091905823,0.0090679849210138,0.1898874241669393,0.8010445909120468,1069,25.739943872778294,0.0570995322353175,0.2084799966542049,0.0507965133754132,,,,3002,0.0,0.6502331778814124,0.0,0.0,1.0,19284.817757563196,0.0,-8.264791401348911e-15,2.7895536518241496e-13,0.0,0.0,0.0,,,0.0
batched_greedy@10s,5,300,3002,1933,0.6439040639573618,0.3560959360426382,0.1029313790806129,0.2531645569620253,0.0,417.3346733422436,388.9382159040033,671.6313007009907,308.26645453550776,773.2,53.76564924987067,363.5690240923729,0.0078805063171649,0.1933571433063782,0.7987623503764567,1070,22.70934579439252,0.0564514954191432,0.1997260034113421,0.0497937536829699,,,,3002,0.0,0.6439040639573618,0.0,0.0,1.0,19245.7630137676,0.0,-8.003254896190782e-15,2.725104156816294e-13,0.0,0.0,0.0,,,0.0
batched_greedy@10s,0,350,3002,2176,0.7248500999333778,0.2751499000666222,0.0209860093271152,0.254163890739507,0.0,373.8836981756704,344.46705429605095,641.6133717248204,281.65880815176075,870.4,17.780330882352942,356.1033672933175,0.0234334695974828,0.1972540029831887,0.7793125274193284,1072,8.642723880597014,0.0542929105836604,0.1617709956190079,0.0554649265905383,,,,3002,0.0,0.7248500999333778,0.0,0.0,1.0,21926.26018612009,0.0,-1.2083471478309976e-14,2.732438458503553e-13,0.0,0.0,0.0,,,0.0
batched_greedy@10s,1,350,3002,2182,0.7268487674883412,0.2731512325116589,0.0249833444370419,0.2481678880746169,0.0,358.5640473989186,322.4293502562391,616.7911677810202,272.2445935028988,872.8,15.786434463794684,342.77761293512395,0.0320778656959291,0.1908258393632197,0.7770962949408511,1073,8.507921714818266,0.0528762348624747,0.1612000010209157,0.0447143251449075,,,,3002,0.0,0.7268487674883412,0.0,0.0,1.0,21843.21698556204,0.0,-3.113101995355893e-15,2.744186383374858e-13,0.0,0.0,0.0,,,0.0
batched_greedy@10s,2,350,3002,2206,0.7348434377081945,0.2651565622918054,0.0269820119920053,0.2381745502998001,0.0,365.8734103814309,337.1705476098132,628.2243250474394,280.57758614445663,882.4,16.06210335448776,349.81130702694315,0.0243176873742404,0.1961821684979379,0.7795001441278215,1072,8.638059701492537,0.0531359141656248,0.1602160027687204,0.0513454146073585,,,,3002,0.0,0.7348434377081945,0.0,0.0,1.0,21903.106399750606,0.0,2.745260450918089e-15,2.7098440344679884e-13,0.0,0.0,0.0,,,0.0
batched_greedy@10s,3,350,3002,2188,0.7288474350433045,0.2711525649566955,0.0189873417721519,0.2521652231845436,0.0,365.1592680679293,339.9996167909053,621.3336926290388,277.34851941159553,875.2,14.243144424131629,350.9161236437977,0.0242112542522694,0.1959616189040391,0.7798271268436915,1075,8.170232558139535,0.0554737675363782,0.2124299982096999,0.0536054421768707,,,,3002,0.0,0.7288474350433045,0.0,0.0,1.0,21801.12273621032,0.0,-1.0978827028889207e-14,2.73071023441094e-13,0.0,0.0,0.0,,,0.0
batched_greedy@10s,4,350,3002,2196,0.7315123251165889,0.2684876748834111,0.0259826782145236,0.2425049966688874,0.0,353.0260686875117,319.630644947064,605.4228433833732,270.19244784380027,878.4,11.918943533697632,341.1071251538141,0.031611358301957,0.1929486938075518,0.7754399478904911,1070,8.077570093457943,0.0561432710510926,0.1801539971347663,0.0505633415773564,,,,3002,0.0,0.7315123251165889,0.0,0.0,1.0,21930.846672856977,0.0,1.4236739696468312e-16,2.7293771371724725e-13,0.0,0.0,0.0,,,0.0
batched_greedy@10s,5,350,3002,2209,0.7358427714856762,0.2641572285143237,0.0123251165889407,0.2518321119253831,0.0,353.45114080667435,323.43870994417193,597.716865878239,267.37694277443734,883.6,11.034404708012676,342.41673609866166,0.0277017889111777,0.1933404131803007,0.7789577979085216,1075,6.470697674418605,0.0564354418324804,0.2107760058424901,0.0468664850136239,,,,3002,0.0,0.7358427714856762,0.0,0.0,1.0,22068.397598656444,0.0,-1.2316288525239582e-14,2.6599194654117575e-13,0.0,0.0,0.0,,,0.0
batched_greedy@10s,0,400,3002,2498,0.832111925383078,0.167888074616922,0.0043304463690872,0.1635576282478347,0.0,297.37991902168085,274.75191814724985,515.9480465794796,250.7227218945478,999.2,6.597678142514011,290.78224087916686,0.0629168146771435,0.1694268423368802,0.7676563429859762,1056,4.579545454545454,0.0648311553036227,0.2136799954314485,0.0506465517241379,,,,3002,0.0,0.832111925383078,0.0,0.0,1.0,24818.635224179397,0.0,-7.794850078096816e-15,2.6698650407302023e-13,0.0,0.0,0.0,,,0.0
batched_greedy@10s,1,400,3002,2475,0.8244503664223851,0.1755496335776149,0.0079946702198534,0.1675549633577615,0.0,295.7489086338681,265.4776003274146,523.6897440064032,248.0967145858534,990.0,6.28,289.4689086338681,0.0713322882753432,0.1664965707005968,0.76217114102406,1068,4.706928838951311,0.0639720974198027,0.2198359982867253,0.0507970818697649,,,,3002,0.0,0.8244503664223851,0.0,0.0,1.0,24627.036297224426,0.0,-1.2057694909868368e-15,2.7551832869049217e-13,0.0,0.0,0.0,,,0.0
batched_greedy@10s,2,400,3002,2491,0.829780146568954,0.1702198534310459,0.002998001332445,0.1672218520986009,0.0,296.17920407488475,264.11302396525207,522.5890142273788,248.63948211496648,996.4,6.894821356884785,289.284382718,0.0695180847464867,0.1677558676594198,0.7627260475940933,1059,4.578847969782814,0.0641828139760637,0.2319780018297028,0.0566996523134527,,,,3002,0.0,0.829780146568954,0.0,0.0,1.0,24645.41261646082,0.0,1.2128217160216685e-14,2.763440041051648e-13,0.0,0.0,0.0,,,0.0
batched_greedy@10s,3,400,3002,2514,0.8374417055296469,0.1625582944703531,0.0073284477015323,0.1552298467688208,0.0,286.09590794192565,255.79720273245448,515.8468777528572,243.8149783292706,1005.6,6.542959427207637,279.552948514718,0.0637867895627061,0.1637543057287088,0.7724589047085849,1071,4.839402427637721,0.0647033614366916,0.2213299987488424,0.0494995942656207,,,,3002,0.0,0.8374417055296469,0.0,0.0,1.0,25023.180665967444,0.0,2.0699432621412226e-15,2.675681650962563e-13,0.0,0.0,0.0,,,0.0
batched_greedy@10s,4,400,3002,2500,0.832778147901399,0.1672218520986009,0.0096602265156562,0.1575616255829447,0.0,290.1679338152905,262.1794604349016,517.3254631004462,246.76917302727372,1000.0,7.4696,282.69833381529054,0.0711661338522944,0.1634925177649119,0.7653413483827936,1071,5.355742296918767,0.0626271707087322,0.2212699982919728,0.0428727471327143,,,,3002,0.0,0.832778147901399,0.0,0.0,1.0,24995.01955563476,0.0,4.881961501723708e-15,2.6849011902641e-13,0.0,0.0,0.0,,,0.0
batched_greedy@10s,5,400,3002,2507,0.835109926715523,0.164890073284477,0.0043304463690872,0.1605596269153897,0.0,284.6152120625169,258.6032862218399,500.0361581075376,240.7234423039962,1002.8,6.236936577582768,278.3782754849341,0.0694216678014348,0.1625674399609893,0.7680108922375758,1068,4.408239700374532,0.0633736891130923,0.2010489982058057,0.044209384323298,,,,3002,0.0,0.835109926715523,0.0,0.0,1.0,25008.33178463151,0.0,4.854336141496257e-15,2.6279665409187057e-13,0.0,0.0,0.0,,,0.0
batched_greedy@10s,0,450,3002,2707,0.9017321785476348,0.0982678214523651,0.0046635576282478,0.0936042638241172,0.0,252.05941199537895,222.2663224486405,459.18272950419714,229.4901235034912,1082.8,6.082379017362394,245.97703297801655,0.1183193052936354,0.1411888074249192,0.7404918872814453,1059,4.2492917847025495,0.0736575071827215,0.2365059973089966,0.0449986446191379,,,,3002,0.0,0.9017321785476348,0.0,0.0,1.0,26892.18757573629,0.0,-1.0861893824962191e-14,2.6790801240229124e-13,0.0,0.0,0.0,,,0.0
batched_greedy@10s,1,450,3002,2662,0.8867421718854097,0.1132578281145902,0.0013324450366422,0.111925383077948,0.0,246.03756151687995,216.56374621696523,456.5405920940296,219.5822313748813,1064.8,5.619459053343351,240.4181024635366,0.1357057215343898,0.1345269630315345,0.7297673154340756,1058,3.895085066162571,0.0712239131673537,0.219248998037074,0.0497579343733189,,,,3002,0.0,0.8867421718854097,0.0,0.0,1.0,26595.889225629497,0.0,-1.6732587433494097e-15,2.600797947486809e-13,0.0,0.0,0.0,,,0.0
batched_greedy@10s,2,450,3002,2661,0.8864090606262491,0.1135909393737508,0.0009993337774816,0.1125916055962691,0.0,250.79295677910983,218.6318016405462,470.5192061754351,224.26896484165084,1064.4,5.902292371288989,244.89066440782085,0.1329115230564816,0.1377228649264516,0.7293656120170666,1054,4.147058823529412,0.0723333965683337,0.2478420010447737,0.0492332526230831,,,,3002,0.0,0.8864090606262491,0.0,0.0,1.0,26552.306487904298,0.0,-4.135987556450245e-15,2.6210425537343386e-13,0.0,0.0,0.0,,,0.0
batched_greedy@10s,3,450,3002,2681,0.8930712858094604,0.1069287141905396,0.0016655562958027,0.1052631578947368,0.0,245.93341617619845,216.07740303842547,450.623457932792,221.43391750977253,1072.4,5.649011562849683,240.2844046133488,0.1295908817423674,0.1373890770671259,0.7330200411905068,1060,4.089622641509434,0.0695771697860865,0.2249239994853274,0.0538585209003215,,,,3002,0.0,0.8930712858094604,0.0,0.0,1.0,26667.485073260752,0.0,1.646326988698162e-15,2.68216134370319e-13,0.0,0.0,0.0,,,0.0
batched_greedy@10s,4,450,3002,2672,0.8900732844770153,0.1099267155229846,0.0069953364423717,0.1029313790806129,0.0,237.40180178935637,209.75830921671584,434.4086053505473,214.36090883999347,1068.8,6.902694610778443,230.4991071785779,0.1386444679180394,0.130377121688728,0.7309784103932326,1064,4.74436090225564,0.0720674812752045,0.2212889991642431,0.0512820512820512,,,,3002,0.0,0.8900732844770153,0.0,0.0,1.0,26717.676937589997,0.0,-1.2925455782200362e-15,2.6316756491904e-13,0.0,0.0,0.0,,,0.0
batched_greedy@10s,5,450,3002,2681,0.8930712858094604,0.1069287141905396,0.0039973351099267,0.1029313790806129,0.0,234.42249019121465,207.56629516211612,436.70746265639536,211.8345632333902,1072.4,5.612831033196568,228.8096591580181,0.1375996950419306,0.1299253710292734,0.732474933928796,1065,4.211267605633803,0.0729615023502306,0.296767996915148,0.0498652291105121,,,,3002,0.0,0.8930712858094604,0.0,0.0,1.0,26769.05506771304,0.0,-1.1525448422740528e-14,2.716023767115965e-13,0.0,0.0,0.0,,,0.0
batched_greedy@10s,0,500,3002,2783,0.9270486342438374,0.0729513657561625,0.0036642238507661,0.0692871419053964,0.0,215.30874323624855,188.23694730586607,402.6092688925307,201.21473768219587,1113.2,5.805246137261948,209.50349709898663,0.1987185649557824,0.1138619100125677,0.6874195250316498,1056,4.070075757575758,0.0746262312738756,0.2508450019377052,0.0529143164114961,,,,3002,0.0,0.9270486342438374,0.0,0.0,1.0,27703.18810655761,0.0,-2.9994771388974585e-15,2.6510530106849135e-13,0.0,0.0,0.0,,,0.0
batched_greedy@10s,1,500,3002,2787,0.9283810792804796,0.0716189207195203,0.0013324450366422,0.070286475682878,0.0,209.25042218178456,184.003066765712,395.0692281004286,195.300838111846,1114.8,5.1826336562612125,204.06778852552333,0.2004648644246744,0.1100992932019823,0.6894358423733432,1051,3.7611798287345386,0.0820140817808962,0.1981499990506563,0.0512889366272824,,,,3002,0.0,0.9283810792804796,0.0,0.0,1.0,27928.196176257847,0.0,-6.5110776077837305e-15,2.6796505452311173e-13,0.0,0.0,0.0,,,0.0
batched_greedy@10s,2,500,3002,2778,0.9253830779480346,0.0746169220519653,0.0009993337774816,0.0736175882744836,0.0,211.49499964269975,186.98733121627333,401.8843735650706,196.83465045459693,1111.2,5.331533477321814,206.163466165378,0.2027012044305221,0.1110508006675972,0.6862479949018807,1055,3.814218009478673,0.0757554503239391,0.246740004513413,0.052038626609442,,,,3002,0.0,0.9253830779480346,0.0,0.0,1.0,27825.553951979116,0.0,-4.434178006775031e-15,2.658057759178445e-13,0.0,0.0,0.0,,,0.0
batched_greedy@10s,3,500,3002,2798,0.9320453031312458,0.0679546968687541,0.0,0.0679546968687541,0.0,215.9571982199108,192.8518523648154,406.721779853552,202.0230648298835,1119.2,5.215868477483917,210.74132974242687,0.1951211887424555,0.1138139850216452,0.6910648262358993,1056,3.7490530303030303,0.0773784090252968,0.223539997750777,0.0517565030839367,,,,3002,0.0,0.9320453031312458,0.0,0.0,1.0,27976.639667743904,0.0,9.364282838153572e-18,2.6232800381152695e-13,0.0,0.0,0.0,,,0.0
batched_greedy@10s,4,500,3002,2767,0.9217188540972684,0.0782811459027315,0.0039973351099267,0.0742838107928048,0.0,205.63004735357487,178.7567676218846,393.360606390897,191.82569748918053,1106.8,6.038308637513553,199.5917387160613,0.2115115721329903,0.1068466762325718,0.6816417516344379,1061,4.370405278039585,0.0783481621328288,0.2512200007913653,0.0483391844450445,,,,3002,0.0,0.9217188540972684,0.0,0.0,1.0,27612.206564591168,0.0,-7.412614472762917e-15,2.6613061030099593e-13,0.0,0.0,0.0,,,0.0
batched_greedy@10s,5,500,3002,2786,0.9280479680213192,0.0719520319786808,0.0026648900732844,0.0692871419053964,0.0,206.97113468356108,178.3774228988841,396.7512054016802,193.52105114807108,1114.4,5.523330940416368,201.4478037431447,0.2073789142789753,0.1089253897302794,0.6836956959907452,1057,3.976348155156102,0.0773033113022248,0.2444479975383736,0.0482740021574973,,,,3002,0.0,0.9280479680213192,0.0,0.0,1.0,27813.146346579444,0.0,-7.227049779394111e-15,2.64766592633712e-13,0.0,0.0,0.0,,,0.0
optimal@10s,0,300,3002,1919,0.6392405063291139,0.360759493670886,0.0912724850099933,0.2694870086608927,0.0,428.8847769135917,402.4590038964871,690.9755939232018,307.6541375702854,767.6,49.190724335591455,379.6940525780003,0.0081620421701053,0.2039489540855078,0.7878890037443869,1079,19.919369786839667,0.1325541240313333,0.3242359952128029,0.0464912280701754,10.062578653178244,0.0006128120336182,0.1102873030583874,3002,0.0,0.6392405063291139,0.0,0.0,1.0,18897.03075656994,0.0,-1.910578695425804e-15,2.7247221906781786e-13,0.0,0.0,0.0,,,0.0
optimal@10s,1,300,3002,1925,0.6412391738840773,0.3587608261159227,0.1115922718187874,0.2471685542971352,0.0,427.6636723313844,399.9775196218448,682.2112084092798,312.5917114537441,770.0,54.41558441558441,373.2480879158,0.0090271578031775,0.1987949280744586,0.7921779141223639,1077,22.415970287836583,0.1369476324615212,0.3331400029128417,0.0484830458060678,9.25330654024655,0.0004958183383171,0.1095636025998143,3002,0.0,0.6412391738840773,0.0,0.0,1.0,19104.49377401753,0.0,1.1019871883697556e-14,2.73470366121362e-13,0.0,0.0,0.0,,,0.0
optimal@10s,2,300,3002,1961,0.6532311792138574,0.3467688207861426,0.1345769487008661,0.2121918720852764,0.0,424.5153994136147,393.7306897846975,672.9136267897993,323.7142248936444,784.4,68.22386537480877,356.291534038806,0.0073189175700412,0.1886194125187739,0.8040616699111848,1077,26.95078922934076,0.1446913649037176,0.4188000046997332,0.0574781823653325,7.547154760994738,0.0003323504697848,0.0882079851439183,3002,0.0,0.6532311792138574,0.0,0.0,1.0,19401.214518095552,0.0,-2.388706264915074e-15,2.748026748079224e-13,0.0,0.0,0.0,,,0.0
optimal@10s,3,300,3002,1916,0.6382411725516323,0.3617588274483677,0.0886075949367088,0.2731512325116589,0.0,427.439738375296,396.5276921902882,681.5862715853623,309.46146061131265,766.4,49.88465553235908,377.55508284293694,0.0076768412447755,0.2017828185370727,0.7905403402181518,1077,21.131847725162487,0.1433266480830013,0.4155519977211953,0.0555555555555555,9.662392778012036,0.0005521139317468,0.1058495821727019,3002,0.0,0.6382411725516323,0.0,0.0,1.0,19030.519576897863,0.0,-2.2584578605318425e-15,2.748532090859072e-13,0.0,0.0,0.0,,,0.0
optimal@10s,4,300,3002,1909,0.6359093937375083,0.3640906062624917,0.0769487008660892,0.2871419053964024,0.0,419.93029467446456,391.368018122264,677.3031105785325,299.2959282421907,763.6,44.79622839182818,375.1340662826364,0.0115328044627137,0.2020700579360508,0.7863971376012354,1072,19.23134328358209,0.1463397388761222,0.460911999107338,0.0479214780600461,10.72561366498625,0.0006799955020853,0.1287313432835821,3002,0.0,0.6359093937375083,0.0,0.0,1.0,18927.089259197648,0.0,1.3073763013920123e-14,2.748207342389465e-13,0.0,0.0,0.0,,,0.0
optimal@10s,5,300,3002,1941,0.6465689540306462,0.3534310459693537,0.0809460359760159,0.2724850099933378,0.0,410.1260127627099,379.51578311429694,666.3255999618118,296.2870481935891,776.4,40.44255538382277,369.6834573788871,0.0072733420782591,0.2027377859329068,0.789988871988834,1074,18.14338919925512,0.1413442272343022,0.4100329998618687,0.0521313364055299,10.429850769590132,0.0007062505007674,0.1154562383612663,3002,0.0,0.6465689540306462,0.0,0.0,1.0,19177.897879681383,0.0,4.187845902676737e-15,2.70350345808114e-13,0.0,0.0,0.0,,,0.0
optimal@10s,0,350,3002,2182,0.7268487674883412,0.2731512325116589,0.0166555629580279,0.2564956695536309,0.0,376.89011189922905,349.8414846131518,626.9429451710425,283.48719819873907,872.8,15.501833180568283,361.3882787186608,0.0233380526067492,0.2009957530041361,0.7756661943891147,1070,7.901869158878505,0.1401342055814723,0.4574860033608274,0.0552695746410186,13.194069457621383,0.0024500094967165,0.1457943925233644,3002,0.0,0.7268487674883412,0.0,0.0,1.0,21875.69269018512,0.0,6.345061964383846e-15,2.7483708353246833e-13,0.0,0.0,0.0,,,0.0
optimal@10s,1,350,3002,2189,0.729180546302465,0.2708194536975349,0.0239840106595602,0.2468354430379747,0.0,363.6662456897823,329.67208186638527,619.024517563095,276.38302215197643,875.6,13.943809958885335,349.72243573089696,0.0279413831712536,0.1971601358920826,0.7748984809366637,1074,8.05586592178771,0.1381050279062437,0.4393409974727543,0.0569017152191668,11.834238836318182,0.0021527252801246,0.1191806331471136,3002,0.0,0.729180546302465,0.0,0.0,1.0,21824.049211042893,0.0,-1.0630550295177378e-15,2.75892805378244e-13,0.0,0.0,0.0,,,0.0
optimal@10s,2,350,3002,2188,0.7288474350433045,0.2711525649566955,0.0259826782145236,0.2451698867421718,0.0,383.8644317275642,356.71205697320715,638.4375381053476,291.5215615403548,875.2,16.931901279707496,366.9325304478567,0.0224604734057167,0.2049032552165295,0.7726362713777537,1075,8.815813953488371,0.1508712557518075,0.6459000035829374,0.0526027397260274,11.125461429195168,0.001787418954155,0.1190697674418604,3002,0.0,0.7288474350433045,0.0,0.0,1.0,21708.253227722977,0.0,7.320571124713007e-15,2.7724562438633897e-13,0.0,0.0,0.0,,,0.0
optimal@10s,3,350,3002,2182,0.7268487674883412,0.2731512325116589,0.0166555629580279,0.2564956695536309,0.0,372.1803403836233,342.16974286722825,638.6292787067734,281.040319770715,872.8,14.510540788267644,357.6697995953557,0.0216349034824148,0.1995932713350512,0.7787718251825339,1074,8.04003724394786,0.1440483241927228,0.5586660026892782,0.0522164808267609,11.34705635128454,0.0020635676291345,0.1331471135940409,3002,0.0,0.7268487674883412,0.0,0.0,1.0,21808.640345582546,0.0,4.284585722164766e-15,2.686735649114328e-13,0.0,0.0,0.0,,,0.0
optimal@10s,4,350,3002,2183,0.7271818787475016,0.2728181212524983,0.0223184543637574,0.2504996668887408,0.0,369.92234533397874,345.4434231401883,628.1045529962936,280.14565805533465,873.2,14.325698579935867,355.59664675404287,0.0291982147464215,0.1981113274700035,0.7726904577835748,1076,8.282527881040892,0.1437297399385921,0.5031500004406553,0.0493691716950082,9.799415812514932,0.0017130415835008,0.1143122676579925,3002,0.0,0.7271818787475016,0.0,0.0,1.0,21855.884983022097,0.0,8.780068848890841e-15,2.729958571004993e-13,0.0,0.0,0.0,,,0.0
optimal@10s,5,350,3002,2212,0.7368421052631579,0.2631578947368421,0.0106595602931379,0.2524983344437042,0.0,354.0736079630363,329.0040827360508,598.0665797406762,267.5885207421152,884.8,9.791139240506327,344.28246872253,0.026282555303358,0.1957411930969342,0.7779762515997076,1074,6.056797020484171,0.1361151768784108,0.4442540018499126,0.0473211857492521,9.78496308824086,0.0026703337648715,0.1182495344506517,3002,0.0,0.7368421052631579,0.0,0.0,1.0,22082.39011416992,0.0,-1.594866493240912e-15,2.721150610446541e-13,0.0,0.0,0.0,,,0.0
optimal@10s,0,400,3002,2496,0.8314457028647568,0.1685542971352431,0.0053297801465689,0.1632245169886742,0.0,303.6825728284106,279.0507472759359,523.0250465592435,256.0615750702028,998.4,7.040064102564102,296.64250872584654,0.0573924435317631,0.1727007973545546,0.7699067591136821,1062,4.738229755178907,0.1338937851480754,0.4123909988993552,0.0504314994606256,6.59039883019174,0.0029478610203676,0.0847457627118644,3002,0.0,0.8314457028647568,0.0,0.0,1.0,24797.29879146025,0.0,-1.1315734674064097e-15,2.7209146616714045e-13,0.0,0.0,0.0,,,0.0
optimal@10s,1,400,3002,2477,0.8251165889407062,0.1748834110592938,0.0079946702198534,0.1668887408394403,0.0,290.958754501929,262.57698667803515,517.2138292559728,243.9687114245945,990.8,6.939442874444893,284.0193116274841,0.0720153871292202,0.1629651882958966,0.7650194245748831,1068,4.775280898876405,0.1279385767647977,0.3303329983464195,0.0536243600107787,6.659460507684909,0.0029868116052847,0.0795880149812734,3002,0.0,0.8251165889407062,0.0,0.0,1.0,24709.60420823517,0.0,-2.4540545435719244e-15,2.683467766391521e-13,0.0,0.0,0.0,,,0.0
optimal@10s,2,400,3002,2481,0.8264490339773485,0.1735509660226515,0.0043304463690872,0.1692205196535643,0.0,309.9436431805964,283.05915985083,535.4606294354121,260.3176821788323,992.4,7.654977831519549,302.28866534907684,0.0585757396458403,0.1728838777750911,0.7685403825790684,1067,5.072164948453608,0.1311449860335561,0.3604820012697008,0.0544820182501341,6.886200924909998,0.0027064462262861,0.0852858481724461,3002,0.0,0.8264490339773485,0.0,0.0,1.0,24811.730865733603,0.0,6.178585790247667e-15,2.69203979275034e-13,0.0,0.0,0.0,,,0.0
optimal@10s,3,400,3002,2489,0.8291139240506329,0.170886075949367,0.0066622251832111,0.1642238507661559,0.0,297.08352499650306,267.9558760793416,522.7544142279502,250.4313575148906,995.6,6.548814785054239,290.53471021144884,0.0619642868998585,0.1696435163455866,0.7683921967545547,1069,4.80355472404116,0.1317684750842698,0.4286039981525382,0.0458616010854816,6.523659214469585,0.0028460722291319,0.0860617399438727,3002,0.0,0.8291139240506329,0.0,0.0,1.0,24867.65026647665,0.0,3.2643857707580336e-15,2.69705065387863e-13,0.0,0.0,0.0,,,0.0
optimal@10s,4,400,3002,2505,0.8344437041972018,0.1655562958027981,0.0109926715522984,0.1545636242504996,0.0,289.3817766522032,261.28039442707177,512.446615003057,246.63119667980337,1002.0,7.334131736526946,282.04764491567624,0.0701635440303219,0.1634581922936371,0.7663782636760409,1065,5.36244131455399,0.1252522066283638,0.3668760033906421,0.049416236763508,8.148670638287825,0.0029451381326432,0.0995305164319248,3002,0.0,0.8344437041972018,0.0,0.0,1.0,24884.432858484703,0.0,-1.1865425475155566e-15,2.723337634355932e-13,0.0,0.0,0.0,,,0.0
optimal@10s,5,400,3002,2504,0.8341105929380414,0.1658894070619587,0.0053297801465689,0.1605596269153897,0.0,284.68428330665546,261.0564161087368,499.8779917126215,240.8264884090174,1001.6,6.351038338658147,278.3332449679973,0.070084608332445,0.1619279157910631,0.7679874758764917,1064,4.542293233082707,0.1247613721702657,0.303784999414347,0.040860800871697,3.756485239873192,0.0018602382691583,0.0798872180451127,3002,0.0,0.8341105929380414,0.0,0.0,1.0,24941.375291600263,0.0,2.6764178377984405e-15,2.66929006409881e-13,0.0,0.0,0.0,,,0.0
optimal@10s,0,450,3002,2692,0.8967355096602265,0.1032644903397734,0.0049966688874083,0.0982678214523651,0.0,250.36192994941896,226.54285662464144,445.7674870982393,227.0103815691142,1076.8,5.866270430906389,244.49565951851255,0.1254959201840343,0.1401293705963133,0.7343747092196523,1059,4.272898961284231,0.1326087819298244,0.3977619989018422,0.0473356775764133,3.374947561014585,0.0021109888274136,0.0566572237960339,3002,0.0,0.8967355096602265,0.0,0.0,1.0,26732.898116250853,0.0,9.766993223767758e-15,2.67971545564213e-13,0.0,0.0,0.0,,,0.0
optimal@10s,1,450,3002,2654,0.8840772818121253,0.1159227181878747,0.0019986675549633,0.1139240506329113,0.0,242.65195060929543,214.2983308507146,441.6416753358252,216.01578638151693,1061.6,5.380934438583271,237.27101617071216,0.1406539956650382,0.1330080618195327,0.7263379425154289,1055,3.8663507109004738,0.1358217063403503,0.3299220019835047,0.0500403551251008,3.642621278332041,0.003052209329066,0.0549763033175355,3002,0.0,0.8840772818121253,0.0,0.0,1.0,26396.785512812457,0.0,-1.2504441089711824e-14,2.6215754008724537e-13,0.0,0.0,0.0,,,0.0
optimal@10s,2,450,3002,2657,0.8850766155896069,0.114923384410393,0.0013324450366422,0.1135909393737508,0.0,255.92205652620808,223.8160172541684,477.18242460403616,228.38342027357947,1062.8,5.745577719232217,250.1764788069759,0.1289328451655311,0.1399248696422859,0.7311422851921829,1055,4.074881516587678,0.129380473921956,0.3158179987804035,0.0512889366272824,4.443327110447048,0.0031328492744451,0.0616113744075829,3002,0.0,0.8850766155896069,0.0,0.0,1.0,26651.43932520145,0.0,-5.194523354508881e-15,2.685566401469753e-13,0.0,0.0,0.0,,,0.0
optimal@10s,3,450,3002,2688,0.8954030646235843,0.1045969353764157,0.0019986675549633,0.1025982678214523,0.0,248.1998802226548,222.53436048400133,455.72093167591566,223.8907241362105,1075.2,5.456101190476191,242.7437790321786,0.1289848354133585,0.1379357776288193,0.733079386957822,1056,4.017992424242424,0.1341387311654354,0.3721149965713267,0.0513302875571083,3.35727721505284,0.0025090286847936,0.0596590909090909,3002,0.0,0.8954030646235843,0.0,0.0,1.0,26689.503216009914,0.0,1.913647811641844e-15,2.6235049185995336e-13,0.0,0.0,0.0,,,0.0
optimal@10s,4,450,3002,2657,0.8850766155896069,0.114923384410393,0.0056628914057295,0.1092604930046635,0.0,249.38728687949109,224.31952529143928,453.39534287152696,223.6279669742322,1062.8,6.879187053067369,242.5080998264237,0.1365886232766691,0.1355244410629259,0.727886935660405,1063,4.691439322671684,0.1321172155787566,0.3409079994889888,0.0530139935414424,4.866541955652855,0.0024660339546399,0.077140169332079,3002,0.0,0.8850766155896069,0.0,0.0,1.0,26618.59392900574,0.0,2.429537355807493e-15,2.687971536482828e-13,0.0,0.0,0.0,,,0.0
optimal@10s,5,450,3002,2685,0.8944037308461026,0.1055962691538974,0.0043304463690872,0.1012658227848101,0.0,239.31815190091996,212.39987754607864,444.3478849993554,216.29091350183475,1074.0,5.613035381750466,233.70511651916948,0.1361751133725079,0.1328840057479021,0.73094088087959,1063,4.1552210724365,0.1342685794805396,0.407425997254904,0.0519235942964756,4.042311005943702,0.0028003343129783,0.0498588899341486,3002,0.0,0.8944037308461026,0.0,0.0,1.0,26748.968867218704,0.0,2.86400326173694e-15,2.641254068344884e-13,0.0,0.0,0.0,,,0.0
optimal@10s,0,500,3002,2786,0.9280479680213192,0.0719520319786808,0.0036642238507661,0.0682878081279147,0.0,210.66296924238108,183.45767425533492,396.5295354938776,197.21903136981624,1114.4,5.650035893754486,205.0129333486266,0.2018241059461442,0.1114474775142747,0.6867284165395809,1054,4.067362428842505,0.1375876660394682,0.4770200028724504,0.0441854161019246,2.5838274428554824,0.0020550568237365,0.0360531309297912,3002,0.0,0.9280479680213192,0.0,0.0,1.0,27783.4995996074,0.0,2.838919177110414e-16,2.661782416080236e-13,0.0,0.0,0.0,,,0.0
optimal@10s,1,500,3002,2789,0.9290473017988008,0.0709526982011992,0.0019986675549633,0.0689540306462358,0.0,207.1148345041737,181.1959695000678,391.74313201833866,193.44627331359987,1115.6,5.122624596629616,201.9922099075441,0.2030200350693426,0.1094008225674679,0.6875791423631894,1050,3.747619047619048,0.1394545714928037,0.5248199985362586,0.0502958579881656,2.2930479085557263,0.002508053950188,0.0485714285714285,3002,0.0,0.9290473017988008,0.0,0.0,1.0,27804.182644836023,0.0,-9.335586365546494e-15,2.6205594405358763e-13,0.0,0.0,0.0,,,0.0
optimal@10s,2,500,3002,2784,0.927381745502998,0.072618254497002,0.0006662225183211,0.0719520319786808,0.0,214.9110042768997,185.32209222876668,416.5879661286181,200.3055206862569,1113.6,5.472341954022989,209.43866232287675,0.1986839211130087,0.1126554619661843,0.6886606169208069,1053,3.828110161443495,0.1395314340174537,0.384592000336852,0.052024671493698,3.151452158167003,0.0031096704540306,0.0465337132003798,3002,0.0,0.927381745502998,0.0,0.0,1.0,27842.81520781279,0.0,-8.536275135027391e-15,2.710137350807249e-13,0.0,0.0,0.0,,,0.0
optimal@10s,3,500,3002,2800,0.9327115256495668,0.067288474350433,0.0006662225183211,0.0666222518321119,0.0,214.5197986259708,190.1661085148835,406.6425006532776,201.0158792009942,1120.0,5.323214285714286,209.1965843402565,0.1945399428070102,0.1141427524757272,0.6913173047172626,1051,3.8496669838249287,0.1373342532381751,0.3870000000461004,0.0522928399034593,2.595652937807551,0.0025334367510896,0.0418648905803996,3002,0.0,0.9327115256495668,0.0,0.0,1.0,28033.19376493832,0.0,-5.432321259490891e-15,2.66540599115826e-13,0.0,0.0,0.0,,,0.0
optimal@10s,4,500,3002,2773,0.923717521652232,0.0762824783477681,0.0046635576282478,0.0716189207195203,0.0,208.75886253663023,182.00097267188903,401.545353358124,195.0786873856615,1109.2,5.881716552470249,202.87714598416,0.2070705589203728,0.1086827331716651,0.684246707907962,1061,4.319509896324222,0.1462597550022653,0.5020799988415112,0.0473356775764133,2.7612096840421256,0.0018599315809892,0.0442978322337417,3002,0.0,0.923717521652232,0.0,0.0,1.0,27749.5288718609,0.0,1.369101570504214e-15,2.682723218553197e-13,0.0,0.0,0.0,,,0.0
optimal@10s,5,500,3002,2792,0.9300466355762824,0.0699533644237175,0.0033311125916055,0.0666222518321119,0.0,205.8929517656834,178.61314085590857,393.3877083211178,193.0800482630218,1116.8,5.458094555873926,200.43485720980945,0.2069444889990188,0.1087558047992312,0.68429970620175,1056,4.007575757575758,0.1471951703740959,0.4483349981455831,0.0498383620689655,2.226329414836102,0.001914288015928,0.0407196969696969,3002,0.0,0.9300466355762824,0.0,0.0,1.0,27843.342132883416,0.0,-2.295998475711194e-15,2.5944082921480857e-13,0.0,0.0,0.0,,,0.0
batched_greedy@10s+aware,0,300,3002,2046,0.681545636242505,0.318454363757495,0.248834110592938,0.0696202531645569,0.0,393.0931065087604,378.1390845652402,581.7273417815022,339.5069838888072,818.4,95.0307917888563,298.06231471990407,0.0154372090768658,0.1511625218410171,0.8334002690821171,1097,39.92889699179581,0.0487858705307928,0.1806800000485963,0.0462228354605036,,,,3002,0.0,0.681545636242505,0.0,0.0,1.0,20128.60681137144,0.0,-8.105604815562434e-15,2.678600254602958e-13,0.0,0.0,0.0,,,0.0
batched_greedy@10s+aware,1,300,3002,2031,0.6765489673550966,0.3234510326449034,0.2548301132578281,0.0686209193870752,0.0,389.9282134766844,376.6739691030425,586.3928684665807,335.90906172835884,812.4,93.76661742983752,296.1615960468469,0.0188609284370172,0.1504593767290135,0.8306796948339692,1088,40.34466911764706,0.0501540440876958,0.1645720042142779,0.0544827586206896,,,,3002,0.0,0.6765489673550966,0.0,0.0,1.0,20097.839092320937,0.0,9.399560291991382e-15,2.693826342582165e-13,0.0,0.0,0.0,,,0.0
batched_greedy@10s+aware,2,300,3002,2030,0.676215856095936,0.3237841439040639,0.2618254497001999,0.061958694203864,0.0,393.6069038727919,373.7233453023309,585.0781635604307,340.86939103548536,812.0,96.81428571428572,296.7926181585062,0.0110924965236409,0.1481633384879267,0.8407441649884324,1096,41.331204379562045,0.0503395074861311,0.1870300020527789,0.0491289198606271,,,,3002,0.0,0.676215856095936,0.0,0.0,1.0,20302.11051465733,0.0,-1.7151031552830005e-15,2.804998707307533e-13,0.0,0.0,0.0,,,0.0
batched_greedy@10s+aware,3,300,3002,2037,0.67854763491006,0.32145236508994,0.2478347768154563,0.0736175882744836,0.0,389.2501032279646,373.2266286113672,577.0363682805194,335.64692358301033,814.8,90.89641629847816,298.35368692948646,0.0100282759083352,0.1523213957781821,0.8376503283134827,1090,39.14036697247706,0.0521814678045344,0.189614996852468,0.0457201787555861,,,,3002,0.0,0.67854763491006,0.0,0.0,1.0,20208.77113546876,0.0,4.050651703001553e-15,2.835935817168181e-13,0.0,0.0,0.0,,,0.0
batched_greedy@10s+aware,4,300,3002,2016,0.6715522984676882,0.3284477015323118,0.2574950033311126,0.0709526982011992,0.0,391.9202647573982,372.10073646957335,584.3516443236067,339.72749784562853,806.4,94.41021825396824,297.5100465034299,0.0133370320291165,0.1496968875966467,0.8369660803742367,1097,41.05378304466728,0.0543668186780741,0.1941839992650782,0.0499306518723994,,,,3002,0.0,0.6715522984676882,0.0,0.0,1.0,20071.506650337786,0.0,2.487428252791125e-15,2.678025349978956e-13,0.0,0.0,0.0,,,0.0
batched_greedy@10s+aware,5,300,3002,2059,0.6858760826115923,0.3141239173884077,0.237508327781479,0.0766155896069287,0.0,390.8932979366269,375.331132807014,595.8571815702256,338.8280647913489,823.6,93.24866440019429,297.64463353643265,0.0125376837963904,0.1513889240068372,0.8360733921967722,1110,38.77117117117117,0.0500741441010996,0.1579190025950084,0.0549376474553421,,,,3002,0.0,0.6858760826115923,0.0,0.0,1.0,20316.28031611136,0.0,3.002293249690564e-15,2.722976450115904e-13,0.0,0.0,0.0,,,0.0
batched_greedy@10s+aware,0,350,3002,2312,0.7701532311792139,0.2298467688207861,0.1292471685542971,0.100599600266489,0.0,363.60391889086907,353.7381234454604,559.3757653569768,319.12887767383984,924.8,58.16782006920416,305.4360988216649,0.0273621647777143,0.1623320942531545,0.8103057409691311,1090,25.527522935779817,0.0582530274837696,0.2634849957394177,0.0548523206751054,,,,3002,0.0,0.7701532311792139,0.0,0.0,1.0,23036.739042280835,0.0,4.4324405737456936e-15,2.7384246350714493e-13,0.0,0.0,0.0,,,0.0
batched_greedy@10s+aware,1,350,3002,2302,0.7668221185876083,0.2331778814123917,0.139906728847435,0.0932711525649566,0.0,358.2973115726547,347.7337537611538,550.6197613286637,315.96628661429736,920.8,57.75108601216333,300.54622556049134,0.0347764971373108,0.1585774762147198,0.8066460266479694,1089,25.92745638200184,0.056769513124243,0.2318159991409597,0.0513290559120073,,,,3002,0.0,0.7668221185876083,0.0,0.0,1.0,22757.048479539044,0.0,-5.023493928972906e-16,2.7004713746567923e-13,0.0,0.0,0.0,,,0.0
batched_greedy@10s+aware,2,350,3002,2313,0.7704863424383744,0.2295136575616256,0.1422385076615589,0.0872751499000666,0.0,370.076751346653,360.791690984006,565.9309511332343,326.38002977161835,925.2,63.28231733679205,306.79443400986094,0.0215939295830518,0.1597629665520926,0.8186431038648555,1096,26.71715328467153,0.056218612909325,0.2354950018343514,0.0472392638036809,,,,3002,0.0,0.7704863424383744,0.0,0.0,1.0,23168.034807169188,0.0,5.692328963957915e-15,2.6969136440329797e-13,0.0,0.0,0.0,,,0.0
batched_greedy@10s+aware,3,350,3002,2324,0.7741505662891406,0.2258494337108594,0.139906728847435,0.0859427048634243,0.0,362.9032854844207,353.9344834450044,554.101286275009,321.46895814936227,929.6,62.14070567986231,300.7625798045584,0.0237961568716644,0.1585074485854415,0.8176963945428939,1095,26.52785388127854,0.0555361642278454,0.2371719967050006,0.0512820512820512,,,,3002,0.0,0.7741505662891406,0.0,0.0,1.0,23151.17316252172,0.0,2.54682486612807e-15,2.7288937986345845e-13,0.0,0.0,0.0,,,0.0
batched_greedy@10s+aware,4,350,3002,2306,0.7681545636242505,0.2318454363757495,0.1432378414390406,0.0886075949367088,0.0,367.26655182675927,355.5673780987645,563.4936833093286,325.3269865635204,922.4,62.62142237640937,304.6451294503499,0.0274775957125204,0.1595727296995247,0.8129496745879549,1090,27.56605504587156,0.0577731192907117,0.2930689971981319,0.0483076923076923,,,,3002,0.0,0.7681545636242505,0.0,0.0,1.0,23005.263121394302,0.0,4.749019911059212e-15,2.706448344803657e-13,0.0,0.0,0.0,,,0.0
batched_greedy@10s+aware,5,350,3002,2348,0.782145236508994,0.217854763491006,0.1209193870752831,0.0969353764157228,0.0,362.5804753054107,349.9717619208729,556.8686354052189,319.51935747528574,939.2,54.872657580919935,307.7078177244908,0.0226813118383691,0.1664394683736155,0.8108792197880154,1094,23.91316270566728,0.0533053929295213,0.186584001421579,0.0432677760968229,,,,3002,0.0,0.782145236508994,0.0,0.0,1.0,23072.43063334036,0.0,-4.760908684133636e-15,2.692504557376623e-13,0.0,0.0,0.0,,,0.0
batched_greedy@10s+aware,0,400,3002,2542,0.8467688207861426,0.1532311792138574,0.0616255829447035,0.0916055962691538,0.0,321.40069367849685,311.19587925800283,522.7832731815408,291.0308516567038,1016.8,36.91542092840283,284.48527275009405,0.0625501661568279,0.1552524875831422,0.7821973462600297,1091,16.066911090742437,0.0569820347298931,0.2145599952200425,0.0494037478705281,,,,3002,0.0,0.8467688207861426,0.0,0.0,1.0,25326.316424778717,0.0,4.4618561839380806e-15,2.656380229865206e-13,0.0,0.0,0.0,,,0.0
batched_greedy@10s+aware,1,400,3002,2535,0.8444370419720186,0.1555629580279813,0.0649566955363091,0.0906062624916722,0.0,320.0958202682042,309.6350167094297,526.3386340384004,290.1348424939114,1014.0,34.33293885601578,285.7628814121884,0.0667101481846282,0.1529227134249867,0.7803671383903851,1091,15.502291475710358,0.059501466474538,0.2930999995442074,0.0525120635821742,,,,3002,0.0,0.8444370419720186,0.0,0.0,1.0,25321.13502307795,0.0,-2.044737379633109e-15,2.689215057082102e-13,0.0,0.0,0.0,,,0.0
batched_greedy@10s+aware,2,400,3002,2536,0.8447701532311792,0.1552298467688208,0.0682878081279147,0.086942038640906,0.0,325.86503538172394,313.0933054909847,532.7560952577851,296.4865437543203,1014.4,36.14077287066246,289.7242625110615,0.057277151151368,0.1563453003150727,0.7863775485335593,1087,16.409383624655014,0.0595048757468323,0.2612560019770172,0.0547984099943214,,,,3002,0.0,0.8447701532311792,0.0,0.0,1.0,25515.668883010258,0.0,5.596644773977918e-16,2.6787615238512513e-13,0.0,0.0,0.0,,,0.0
batched_greedy@10s+aware,3,400,3002,2560,0.8527648234510327,0.1472351765489673,0.0592938041305796,0.0879413724183877,0.0,315.27514908548244,306.49327734096823,521.5761234420746,288.6349321261216,1024.0,32.049609375,283.22553971048245,0.0636549172561351,0.1550509702325281,0.7812941125113367,1093,15.048490393412626,0.0560209514686756,0.2192920041852614,0.0509337860780984,,,,3002,0.0,0.8527648234510327,0.0,0.0,1.0,25401.02933565493,0.0,-1.7857243461705254e-15,2.6835512978440337e-13,0.0,0.0,0.0,,,0.0
batched_greedy@10s+aware,4,400,3002,2537,0.8451032644903398,0.1548967355096602,0.0626249167221852,0.092271818787475,0.0,311.0173415411665,297.8308838342982,523.0070052675344,282.035150552634,1014.8,33.25857311785573,277.7587684233108,0.0683627989184887,0.1510009998430108,0.7806362012385004,1091,15.342804766269476,0.0556452795444867,0.1750200019159812,0.0519591141396933,,,,3002,0.0,0.8451032644903398,0.0,0.0,1.0,25325.933131667145,0.0,6.424502238832084e-15,2.708475059438004e-13,0.0,0.0,0.0,,,0.0
batched_greedy@10s+aware,5,400,3002,2569,0.8557628247834776,0.1442371752165223,0.0542971352431712,0.0899400399733511,0.0,303.25545625372456,291.04052454580324,506.0322391845043,275.79594545389085,1027.6,27.07746204748929,276.17799420623527,0.0648777935386169,0.1529991274741244,0.7821230789872586,1085,13.179723502304148,0.0555449768738319,0.2069960007793287,0.05049365303244,,,,3002,0.0,0.8557628247834776,0.0,0.0,1.0,25616.237735137365,0.0,2.2375596466715494e-15,2.6744369445578346e-13,0.0,0.0,0.0,,,0.0
batched_greedy@10s+aware,0,450,3002,2715,0.9043970686209194,0.0956029313790806,0.0319786808794137,0.0636242504996668,0.0,263.414690490836,239.5834563463013,478.2121917596254,248.40372282129684,1086.0,18.538858195211787,244.8758322956242,0.127338961834213,0.1341748376790862,0.7384862004867008,1076,9.649628252788103,0.061074535497501,0.1999250016524456,0.0436717663421418,,,,3002,0.0,0.9043970686209194,0.0,0.0,1.0,26923.82184956981,0.0,-1.2709293408968644e-16,2.702350722977074e-13,0.0,0.0,0.0,,,0.0
batched_greedy@10s+aware,1,450,3002,2681,0.8930712858094604,0.1069287141905396,0.0286475682878081,0.0782811459027315,0.0,261.2129196593434,241.5946342690404,472.514232479135,242.5142113407824,1072.4,17.925400969787393,243.287518689556,0.1317973945060335,0.1307041031578031,0.7374985023361633,1083,9.096029547553094,0.0602777470473483,0.1834000002418182,0.048551724137931,,,,3002,0.0,0.8930712858094604,0.0,0.0,1.0,26995.58129735048,0.0,7.805103904563578e-16,2.6311416057226165e-13,0.0,0.0,0.0,,,0.0
batched_greedy@10s+aware,2,450,3002,2707,0.9017321785476348,0.0982678214523651,0.0323117921385742,0.0659560293137908,0.0,263.9410057711705,239.11640508644632,481.6475274091045,247.74927091779296,1082.8,18.446250461765796,245.49475530940475,0.1225100894609477,0.132150623981856,0.7453392865571963,1086,9.380294659300183,0.0605368325055849,0.1729250016069277,0.0479224376731301,,,,3002,0.0,0.9017321785476348,0.0,0.0,1.0,27213.173195384752,0.0,6.2434972842533e-15,2.678043314341992e-13,0.0,0.0,0.0,,,0.0
batched_greedy@10s+aware,3,450,3002,2722,0.9067288474350432,0.0932711525649566,0.0189873417721519,0.0742838107928048,0.0,256.32487016057246,234.66107973766336,466.0820221458376,239.44835552875156,1088.8,14.053269654665687,242.2716005059068,0.1227639176671167,0.1337020080793736,0.7435340742535096,1082,7.652495378927911,0.0590478742023707,0.1663160052703464,0.0518276050190943,,,,3002,0.0,0.9067288474350432,0.0,0.0,1.0,27141.181789737853,0.0,-8.280420189834709e-15,2.66257421857782e-13,0.0,0.0,0.0,,,0.0
batched_greedy@10s+aware,4,450,3002,2695,0.8977348434377082,0.1022651565622918,0.0313124583610926,0.0709526982011992,0.0,256.4787972710133,231.84917833876847,468.9304346048708,240.12933524275405,1078.0,17.90834879406308,238.57044847695025,0.1344932273863792,0.1299916308407999,0.7355151417728208,1075,9.552558139534884,0.059789674529849,0.2208860024984459,0.0500414708321813,,,,3002,0.0,0.8977348434377082,0.0,0.0,1.0,26963.908185035303,0.0,-1.64403638095513e-15,2.659392392963299e-13,0.0,0.0,0.0,,,0.0
batched_greedy@10s+aware,5,450,3002,2734,0.91072618254497,0.0892738174550299,0.0239840106595602,0.0652898067954696,0.0,250.36769784716503,224.57413422772925,466.292372084871,236.87953276445285,1093.6,14.934528163862472,235.43316968330257,0.1269610063507938,0.1313521185199139,0.7416868751292922,1088,8.491727941176471,0.0597543199640259,0.1890900036232775,0.0450276243093922,,,,3002,0.0,0.91072618254497,0.0,0.0,1.0,27273.48129746078,0.0,2.8042268174292175e-15,2.639351794910488e-13,0.0,0.0,0.0,,,0.0
batched_greedy@10s+aware,0,500,3002,2799,0.9323784143904064,0.0676215856095936,0.0163224516988674,0.0512991339107261,0.0,218.7108718092429,189.448295919452,430.7027739198224,209.6496138272986,1119.6,11.126831011075383,207.58404079816756,0.202001546004737,0.1107967843016413,0.6872016696936216,1076,6.621747211895911,0.0627227693873082,0.1762750016496284,0.0501362397820163,,,,3002,0.0,0.9323784143904064,0.0,0.0,1.0,27824.92138879031,0.0,-6.512991091227249e-15,2.6520296815654054e-13,0.0,0.0,0.0,,,0.0
batched_greedy@10s+aware,1,500,3002,2805,0.9343770819453696,0.0656229180546302,0.0116588940706195,0.0539640239840106,0.0,220.48114524852105,196.95724171740585,418.5372642065296,210.04671254287632,1122.0,9.479857397504457,211.0012878510165,0.1955828979789768,0.111817344008805,0.6925997580122181,1075,5.653953488372093,0.0594185115999628,0.1594040018972009,0.0483827126936667,,,,3002,0.0,0.9343770819453696,0.0,0.0,1.0,28069.23831463635,0.0,-5.3646926473331085e-15,2.662678158768276e-13,0.0,0.0,0.0,,,0.0
batched_greedy@10s+aware,2,500,3002,2799,0.9323784143904064,0.0676215856095936,0.0153231179213857,0.0522984676882078,0.0,220.99301534117023,194.62555724157028,431.11134339765954,211.41076184630265,1119.6,10.7502679528403,210.24274738832992,0.199016938188624,0.1101426578884852,0.6908404039228907,1078,6.396103896103896,0.0580273654713301,0.1606600032391725,0.0488004362050163,,,,3002,0.0,0.9323784143904064,0.0,0.0,1.0,28098.3073759409,0.0,-5.634014948830198e-16,2.669195101934708e-13,0.0,0.0,0.0,,,0.0
batched_greedy@10s+aware,3,500,3002,2820,0.9393737508327782,0.0606262491672218,0.0153231179213857,0.0453031312458361,0.0,222.55338032047965,198.66808917276197,425.73900832040215,214.5570050783344,1128.0,9.972695035460992,212.58068528501863,0.1906290672375426,0.1128283106710668,0.6965426220913905,1075,6.306046511627907,0.0580829768211494,0.1778379977622533,0.0503675469643343,,,,3002,0.0,0.9393737508327782,0.0,0.0,1.0,28198.545973976656,0.0,-5.893630737105884e-15,2.66477935068735e-13,0.0,0.0,0.0,,,0.0
batched_greedy@10s+aware,4,500,3002,2791,0.929713524317122,0.070286475682878,0.0216522318454363,0.0486342438374417,0.0,214.1486928583738,189.05760485995413,410.7500494415144,206.3393066207477,1116.4,11.022572554639916,203.12612030373387,0.2052401307296191,0.1076897579147883,0.6870701113555926,1073,7.1891891891891895,0.0572437093510072,0.1613840027130206,0.0524733533752391,,,,3002,0.0,0.929713524317122,0.0,0.0,1.0,27854.63753223355,0.0,-7.0293705169315906e-15,2.678645553306576e-13,0.0,0.0,0.0,,,0.0
batched_greedy@10s+aware,5,500,3002,2811,0.9363757495003332,0.0636242504996668,0.0136575616255829,0.0499666888740839,0.0,208.8079567953814,181.6089456519453,402.7224605612301,200.54976084806395,1124.4,9.189967982924228,199.6179888124572,0.2058273814365796,0.1066013186718588,0.6875712998915615,1078,6.068645640074212,0.0531868272632056,0.1242690003709867,0.0546980774438126,,,,3002,0.0,0.9363757495003332,0.0,0.0,1.0,27960.91985457093,0.0,-4.428253487049895e-15,2.6120660636626655e-13,0.0,0.0,0.0,,,0.0
optimal@10s+aware,0,300,3002,2024,0.6742171885409727,0.3257828114590273,0.2514990006662225,0.0742838107928048,0.0,394.40031521626565,376.2676952295458,595.0239490474838,339.3745108389264,809.6,95.86907114624506,298.5312440700206,0.0139571896588559,0.1501101609027058,0.8359326494384383,1089,40.51698806244261,0.1012988061380839,0.2109000025666316,0.0479972375690607,5.765341246008671,0.000164380637054,0.0495867768595041,3002,0.0,0.6742171885409727,0.0,0.0,1.0,20228.48050196539,0.0,7.323083729227119e-15,2.7211961274559493e-13,0.0,0.0,0.0,,,0.0
optimal@10s+aware,1,300,3002,2034,0.6775483011325782,0.3224516988674217,0.2435043304463691,0.0789473684210526,0.0,391.36040615803694,375.2081458503526,593.4938547963038,334.7309473681254,813.6,93.44296951819076,297.9174366398462,0.0189644643536732,0.1517180042158579,0.8293175314304689,1094,39.3254113345521,0.0977113344647536,0.1889840046351309,0.0508706043018094,3.552516340506372,0.0001045461529884,0.036563071297989,3002,0.0,0.6775483011325782,0.0,0.0,1.0,20007.90427638217,0.0,-4.483685355693651e-15,2.734419268091924e-13,0.0,0.0,0.0,,,0.0
optimal@10s+aware,2,300,3002,2074,0.6908727514990006,0.3091272485009993,0.2508327781479014,0.0582944703530979,0.0,395.577730892134,375.0178113088225,596.8185319349805,345.61042668296085,829.6,97.122468659595,298.4552622325389,0.0089158706988325,0.1513279679849768,0.8397561613161906,1094,40.875685557586834,0.097785374622737,0.2058610021776984,0.0540355677154582,3.689080085252569,0.0001043148387987,0.0329067641681901,3002,0.0,0.6908727514990006,0.0,0.0,1.0,20466.706631643305,0.0,9.361417673406337e-16,2.744779652679648e-13,0.0,0.0,0.0,,,0.0
optimal@10s+aware,3,300,3002,2040,0.6795469686875416,0.3204530313124583,0.2481678880746169,0.0722851432378414,0.0,395.9608643301052,380.4502050439237,583.5710047738337,339.34660115259913,816.0,92.66421568627452,303.2966486438307,0.0098080872767486,0.1548441188535684,0.8353477938696828,1098,38.89708561020037,0.0958656647395493,0.1809700006560885,0.0515886573283225,3.7232791365925992,0.0001107916801411,0.0355191256830601,3002,0.0,0.6795469686875416,0.0,0.0,1.0,20151.998575610596,0.0,-1.2612133559741778e-14,2.778744554715933e-13,0.0,0.0,0.0,,,0.0
optimal@10s+aware,4,300,3002,2023,0.6738840772818121,0.3261159227181879,0.2521652231845436,0.0739506995336442,0.0,395.1643815271601,379.48224201011817,590.0857652859311,340.299880382906,809.2,94.12654473554127,301.0378367916189,0.0137910678899852,0.1517029325629045,0.8345059995471104,1095,40.45022831050228,0.1009335157995167,0.2265919970523096,0.0477013480815762,4.744525184865605,0.0001355026565356,0.0429223744292237,3002,0.0,0.6738840772818121,0.0,0.0,1.0,20029.537986325915,0.0,1.3503121837022764e-14,2.726457495538589e-13,0.0,0.0,0.0,,,0.0
optimal@10s+aware,5,300,3002,2061,0.6865423051299134,0.3134576948700866,0.2425049966688874,0.0709526982011992,0.0,393.8257262662781,375.0903326503112,592.7495627370827,340.66496090177367,824.4,93.86656962639496,299.95915663988313,0.0102631709251275,0.1513714338202804,0.8383653952545921,1091,39.39505041246563,0.0971025663862725,0.1986500035854984,0.0438806993486458,3.305554398920417,9.712415604188156e-05,0.0329972502291475,3002,0.0,0.6865423051299134,0.0,0.0,1.0,20479.96094871963,0.0,9.480798269482169e-16,2.723126592405776e-13,0.0,0.0,0.0,,,0.0
optimal@10s+aware,0,350,3002,2316,0.7714856762158561,0.2285143237841439,0.1342438374417055,0.0942704863424383,0.0,371.7756887557544,361.5055638251165,558.6684003572736,326.9332334464167,926.4,62.76943005181347,309.00625870394094,0.0272897347180848,0.1626820126422732,0.8100282526396418,1091,26.68927589367553,0.1119744271387501,0.2435300026263572,0.0533656761673741,6.992417501010537,0.0003111546531639,0.0531622364802933,3002,0.0,0.7714856762158561,0.0,0.0,1.0,22924.146121833128,0.0,-3.4836842679429784e-15,2.684093592176674e-13,0.0,0.0,0.0,,,0.0
optimal@10s+aware,1,350,3002,2300,0.7661558960692871,0.2338441039307128,0.1422385076615589,0.0916055962691538,0.0,366.10699169470746,356.09584276425267,549.456944966266,322.2552966186317,920.0,60.65347826086956,305.4535134338379,0.0302132809671447,0.1594570078740618,0.8103297111587933,1086,26.718232044198896,0.1217807551609968,0.3432950004935271,0.0511328842620943,8.636302372590862,0.0003839705775724,0.0598526703499079,3002,0.0,0.7661558960692871,0.0,0.0,1.0,22932.24395490405,0.0,5.963152676960581e-15,2.710017717479628e-13,0.0,0.0,0.0,,,0.0
optimal@10s+aware,2,350,3002,2318,0.7721518987341772,0.2278481012658227,0.1389073950699533,0.0889407061958694,0.0,369.96412790318834,359.9796212076417,561.2892232481705,327.077852650304,927.2,62.03451251078516,307.9296153924032,0.0216763198111622,0.1603151603018281,0.8180085198870096,1094,26.55850091407678,0.118722577674399,0.2997410031093739,0.0444512568976088,6.585465368326108,0.0002945619088435,0.0502742230347349,3002,0.0,0.7721518987341772,0.0,0.0,1.0,23206.810557514174,0.0,2.350339269387648e-15,2.7124386525563334e-13,0.0,0.0,0.0,,,0.0
optimal@10s+aware,3,350,3002,2328,0.7754830113257828,0.2245169886742171,0.1429047301798801,0.0816122584943371,0.0,365.1861281388632,356.84976381350543,556.7054462582958,324.0617638877381,931.2,59.90120274914089,305.2849253897223,0.0218148377261144,0.1621453912834713,0.8160397709904142,1095,26.10867579908676,0.1197063926231014,0.298681999847758,0.0493713584789941,6.190077678598184,0.0002822111501596,0.0538812785388127,3002,0.0,0.7754830113257828,0.0,0.0,1.0,23114.91404670052,0.0,1.6023837468816692e-16,2.6762708124465854e-13,0.0,0.0,0.0,,,0.0
optimal@10s+aware,4,350,3002,2284,0.7608261159227182,0.2391738840772818,0.1469020652898068,0.092271818787475,0.0,372.4886794244149,357.15006010402294,568.608675259821,327.8446097553896,913.6,63.37784588441331,309.11083354000164,0.025475559983497,0.1611675164098699,0.813356923606633,1089,27.9247015610652,0.129046831947056,0.3920679990551422,0.0519840049215626,6.838234509152304,0.0002899026340159,0.0578512396694214,3002,0.0,0.7608261159227182,0.0,0.0,1.0,22946.44678911552,0.0,8.086156768495798e-15,2.6857597679214057e-13,0.0,0.0,0.0,,,0.0
optimal@10s+aware,5,350,3002,2351,0.7831445702864757,0.2168554297135243,0.1165889407061958,0.1002664890073284,0.0,364.5842639847509,353.1890090310644,552.4860910121861,319.25400934109905,940.4,53.60229689493833,310.9819670898126,0.0226450088524641,0.1676265392247211,0.8097284519228148,1096,23.01824817518248,0.1327177006402902,0.3952349943574514,0.0436746987951807,8.60294141763493,0.000449021391887,0.0675182481751824,3002,0.0,0.7831445702864757,0.0,0.0,1.0,23198.500596999627,0.0,-4.722343788282248e-16,2.682842841498789e-13,0.0,0.0,0.0,,,0.0
optimal@10s+aware,0,400,3002,2551,0.8497668221185876,0.1502331778814123,0.0539640239840106,0.0962691538974017,0.0,317.7220223430216,303.96486722024565,520.9007216081691,287.14369471990113,1020.4,33.50764406115249,284.2143782818691,0.0608542621681484,0.1568924534214244,0.7822532844104271,1081,14.96577243293247,0.1273274745145566,0.3463800021563659,0.0428733674048835,6.873344295571025,0.0005875724606104,0.0666049953746531,3002,0.0,0.8497668221185876,0.0,0.0,1.0,25349.28453920872,0.0,1.9399961405602106e-15,2.7303670017883023e-13,0.0,0.0,0.0,,,0.0
optimal@10s+aware,1,400,3002,2523,0.8404397068620919,0.159560293137908,0.0596269153897401,0.0999333777481678,0.0,312.8721128148549,303.3097503459867,517.8397978798644,281.451017581326,1009.2,29.0166468489893,283.8554659658656,0.0681579729390269,0.1544859645354912,0.7773560625254818,1093,13.844464775846294,0.1266476670287554,0.3609159967163575,0.0501274426508071,7.507508948765908,0.0007018335665528,0.0585544373284538,3002,0.0,0.8404397068620919,0.0,0.0,1.0,25238.867257547998,0.0,-1.2758719962422372e-14,2.6949262392718824e-13,0.0,0.0,0.0,,,0.0
optimal@10s+aware,2,400,3002,2532,0.843437708194537,0.156562291805463,0.0629580279813457,0.0936042638241172,0.0,321.81103481206617,306.91543318501635,523.4869175271195,291.21666071869214,1012.8,33.08846761453397,288.7225671975322,0.0554168527136566,0.1563956466251822,0.7881875006611611,1086,15.322283609576427,0.1140127991889792,0.3148949963360798,0.0588069780528981,8.884650827948256,0.0007392810986916,0.078268876611418,3002,0.0,0.843437708194537,0.0,0.0,1.0,25565.219768386283,0.0,2.2592073902364358e-15,2.72399796242402e-13,0.0,0.0,0.0,,,0.0
optimal@10s+aware,3,400,3002,2566,0.854763491005996,0.145236508994004,0.0539640239840106,0.0912724850099933,0.0,309.9624784190213,299.96727085872226,511.1261230451728,282.28064597380427,1026.4,27.74590802805924,282.2165703909621,0.0602639823198582,0.1569845410499515,0.7827514766301903,1083,13.509695290858726,0.113523730362728,0.3074779990129199,0.0512387387387387,6.962183463144668,0.0006726588258784,0.064635272391505,3002,0.0,0.854763491005996,0.0,0.0,1.0,25391.4113987476,0.0,-7.508326687503942e-15,2.700450065346707e-13,0.0,0.0,0.0,,,0.0
optimal@10s+aware,4,400,3002,2528,0.8421052631578947,0.1578947368421052,0.0646235842771485,0.0932711525649566,0.0,315.13784343116595,302.2152229937524,523.3762151967405,285.53532666831165,1011.2,35.89833860759494,279.239504823571,0.0671443052373613,0.1514340102123432,0.7814216845502954,1087,16.241030358785647,0.1204171111388903,0.3677499962213932,0.0528559249786871,8.079333628084505,0.0006300054801168,0.0717571297148114,3002,0.0,0.8421052631578947,0.0,0.0,1.0,25424.21241049263,0.0,-4.743041402670764e-15,2.6916724826516565e-13,0.0,0.0,0.0,,,0.0
optimal@10s+aware,5,400,3002,2585,0.8610926049300467,0.1389073950699533,0.0483011325782811,0.0906062624916722,0.0,309.62781983340665,295.77626009143023,515.2800733849263,281.7812961086161,1034.0,28.69864603481625,280.9291737985904,0.0602611841757245,0.1569552892212652,0.7827835266030102,1084,13.318265682656827,0.113066974057553,0.3126870014239111,0.0489038785834738,8.601814892354739,0.0008464346836144,0.0756457564575645,3002,0.0,0.8610926049300467,0.0,0.0,1.0,25641.913049912386,0.0,6.256761710924286e-16,2.6982791672623683e-13,0.0,0.0,0.0,,,0.0
optimal@10s+aware,0,450,3002,2700,0.899400399733511,0.100599600266489,0.0286475682878081,0.0719520319786808,0.0,263.6326401682476,240.6370019966544,474.9462651456544,246.2839123479581,1080.0,18.23703703703704,245.3956031312105,0.1302700798910425,0.1341780175625179,0.7355519025464395,1082,9.205175600739372,0.1126766173390012,0.2942329980578507,0.0514301430143014,5.513896654140198,0.0008794323643618,0.0563770794824399,3002,0.0,0.899400399733511,0.0,0.0,1.0,26796.75723403818,0.0,-3.434289889507151e-15,2.72078984856442e-13,0.0,0.0,0.0,,,0.0
optimal@10s+aware,1,450,3002,2682,0.893404397068621,0.106595602931379,0.0276482345103264,0.0789473684210526,0.0,260.9550799526973,241.7452298587837,468.7674041460497,242.21451972096,1072.8,16.119686800894854,244.83539315180244,0.1330164605759763,0.1324131577972953,0.7345703816267284,1075,8.674418604651162,0.1110014883492705,0.2616619992477352,0.0471984543196246,6.509075561556604,0.0011269563674497,0.0576744186046511,3002,0.0,0.893404397068621,0.0,0.0,1.0,26763.78642546721,0.0,-4.045483808745985e-15,2.694445876127712e-13,0.0,0.0,0.0,,,0.0
optimal@10s+aware,2,450,3002,2701,0.8997335109926715,0.1002664890073284,0.0319786808794137,0.0682878081279147,0.0,267.93050963227483,242.97975568113,484.2034966211104,250.4873668678807,1080.4,18.48426508700481,249.44624454527,0.12177888257019,0.13416469756275,0.74405641986706,1091,9.249312557286892,0.1082725938673982,0.2402300015091895,0.048699501936912,5.860235070182299,0.0009251070753476,0.0595783684692942,3002,0.0,0.8997335109926715,0.0,0.0,1.0,27202.60106474975,0.0,-3.734558427446991e-15,2.6737327231503623e-13,0.0,0.0,0.0,,,0.0
optimal@10s+aware,3,450,3002,2708,0.9020652898067956,0.0979347101932045,0.0283144570286475,0.0696202531645569,0.0,260.1663099013721,237.203043927248,468.6417733682152,243.77074315570903,1083.2,15.285081240768095,244.881228660604,0.1262099626372406,0.1335258851177308,0.7402641522450285,1076,8.54275092936803,0.108436988867892,0.2234749954368453,0.0496141124586549,8.243076450399755,0.0014581150317258,0.0669144981412639,3002,0.0,0.9020652898067956,0.0,0.0,1.0,27024.51240030067,0.0,2.578439677427081e-15,2.687315330053209e-13,0.0,0.0,0.0,,,0.0
optimal@10s+aware,4,450,3002,2689,0.8957361758827448,0.1042638241172551,0.030979347101932,0.0732844770153231,0.0,256.91395421733586,233.07175446018616,476.538424668916,239.7573191844004,1075.6,16.748605429527707,240.1653487878081,0.1331475900245872,0.1308686297726389,0.7359837802027738,1077,9.170844939647168,0.112817362962077,0.2301559975603595,0.0484496124031007,6.2015088516312105,0.0009979746048353,0.0557103064066852,3002,0.0,0.8957361758827448,0.0,0.0,1.0,27002.895089854283,0.0,2.860898989301835e-15,2.6732337264424373e-13,0.0,0.0,0.0,,,0.0
optimal@10s+aware,5,450,3002,2735,0.9110592938041304,0.0889407061958694,0.0233177881412391,0.0656229180546302,0.0,244.0272726441158,216.87815370553065,450.9779842724765,230.79568861060045,1094.0,14.783180987202924,229.24409165691287,0.1304106395989096,0.1287005440298689,0.7408888163712215,1084,8.3809963099631,0.1116320110393114,0.2486400050838712,0.0502471169686985,5.091799786828392,0.0009372732875378,0.0544280442804428,3002,0.0,0.9110592938041304,0.0,0.0,1.0,27181.05021497545,0.0,6.360136873794132e-16,2.648328844462301e-13,0.0,0.0,0.0,,,0.0
optimal@10s+aware,0,500,3002,2801,0.9330446369087276,0.0669553630912724,0.0166555629580279,0.0502998001332445,0.0,222.98175326887517,195.0828135910183,432.7518862242805,213.70829050639523,1120.4,11.273116744019992,211.70863652485517,0.199887500053397,0.1123475598155476,0.6877649401310554,1071,6.6722689075630255,0.1123276376969813,0.2029700037383007,0.0452054794520547,4.124046833821082,0.0010860744105005,0.0410830999066293,3002,0.0,0.9330446369087276,0.0,0.0,1.0,27857.87484726417,0.0,-2.080607890347152e-15,2.649008784155493e-13,0.0,0.0,0.0,,,0.0
optimal@10s+aware,1,500,3002,2802,0.933377748167888,0.0666222518321119,0.0119920053297801,0.0546302465023317,0.0,221.24125398934436,197.2518527023553,422.8402465753135,210.46763316496356,1120.8,10.016416845110635,211.22483714423367,0.1971302877513253,0.111784611892131,0.6910851003565437,1074,5.779329608938547,0.1168189014801239,0.2704730026016476,0.0545650999459751,5.511011122224366,0.0018730031812842,0.0484171322160148,3002,0.0,0.933377748167888,0.0,0.0,1.0,28024.945521448422,0.0,-1.1693398252226132e-15,2.681116491482429e-13,0.0,0.0,0.0,,,0.0
optimal@10s+aware,2,500,3002,2803,0.9337108594270488,0.0662891405729513,0.0159893404397068,0.0502998001332445,0.0,221.41430724944863,196.8207278611735,425.1848989359535,212.3038492101099,1121.2,9.82590082054941,211.5884064288992,0.1968040451321131,0.1115527363886218,0.691643218479265,1080,6.2064814814814815,0.1227317592498298,0.2472520024457481,0.0438716753496024,4.218708456910382,0.0012487300134868,0.0435185185185185,3002,0.0,0.9337108594270488,0.0,0.0,1.0,28087.63174665749,0.0,1.5021083833708326e-15,2.6480280686707365e-13,0.0,0.0,0.0,,,0.0
optimal@10s+aware,3,500,3002,2814,0.9373750832778148,0.0626249167221852,0.0146568954030646,0.0479680213191205,0.0,219.8905675690884,196.0391534136152,422.267184349147,211.1275838808816,1125.6,10.116915422885572,209.7736521462028,0.1953431115591856,0.1113827038642625,0.6932741845765519,1089,6.124885215794307,0.1105716253647493,0.2307200015638953,0.0516304347826086,3.411650609691616,0.0010347137791016,0.0431588613406795,3002,0.0,0.9373750832778148,0.0,0.0,1.0,28059.513373994698,0.0,5.517816323097935e-15,2.6702134146691055e-13,0.0,0.0,0.0,,,0.0
optimal@10s+aware,4,500,3002,2788,0.9287141905396402,0.0712858094603597,0.0223184543637574,0.0489673550966022,0.0,210.51124109807225,184.56589783941357,403.6522553496563,202.7624534782848,1115.2,10.689024390243905,199.82221670782835,0.2071859709126781,0.1067573247381194,0.6860567043492024,1073,7.101584342963653,0.1093791239278239,0.2549319976242258,0.046767537826685,4.340523928428766,0.0010510552567769,0.0512581547064305,3002,0.0,0.9287141905396402,0.0,0.0,1.0,27814.816235181293,0.0,-8.592520924014267e-15,2.659632437766378e-13,0.0,0.0,0.0,,,0.0
optimal@10s+aware,5,500,3002,2819,0.9390406395736176,0.0609593604263824,0.014323784143904,0.0466355762824783,0.0,207.29617514243236,180.50217337075355,396.1362352583224,199.71636605763584,1127.6,9.048953529620432,198.2472216128119,0.2031682583208654,0.1073489756040265,0.6894827660751081,1076,6.056691449814126,0.1121731412514341,0.2152750003006076,0.0534454693434617,4.015335469892917,0.0012741815544029,0.0557620817843866,3002,0.0,0.9390406395736176,0.0,0.0,1.0,27969.080612010333,0.0,-4.246337230049109e-15,2.608177360972011e-13,0.0,0.0,0.0,,,0.0
batched_greedy@30s+aware,0,300,3002,2052,0.6835443037974683,0.3164556962025316,0.2611592271818787,0.0552964690206529,0.0,380.5833845477372,363.385104955873,571.8358510196882,335.27879967478106,820.8,100.8845029239766,279.69888162376054,0.0143527190667859,0.1447732271204038,0.8408740538128103,367,45.15531335149864,0.0702188009380652,0.1683219984988681,0.0560553633217993,,,,3002,0.0,0.6835443037974683,0.0,0.0,1.0,20163.487410041664,0.0,5.889159638615938e-15,2.724119392266028e-13,0.0,0.0,0.0,,,0.0
batched_greedy@30s+aware,1,300,3002,2036,0.6782145236508994,0.3217854763491006,0.2611592271818787,0.0606262491672218,0.0,371.6862466885896,346.6136030668968,575.6006163386635,326.3051203984595,814.4,96.23821218074656,275.448034507843,0.0197271627226261,0.1438701126167834,0.8364027246605905,369,43.766937669376695,0.0660056908467284,0.1588719975552521,0.0546276965901183,,,,3002,0.0,0.6782145236508994,0.0,0.0,1.0,20319.694286844377,0.0,1.168242538289261e-15,2.713734061739757e-13,0.0,0.0,0.0,,,0.0
batched_greedy@30s+aware,2,300,3002,2030,0.676215856095936,0.3237841439040639,0.2761492338441039,0.04763491005996,0.0,380.0756784488722,360.243775828485,579.1621056765108,335.69938973414384,812.0,101.89458128078816,278.181097168084,0.0134885602351493,0.1420462938128013,0.8444651459520492,367,45.99182561307902,0.0662613079289344,0.184681998653104,0.0512367491166077,,,,3002,0.0,0.676215856095936,0.0,0.0,1.0,20430.356516581767,0.0,1.7084527552931277e-14,2.741539890562062e-13,0.0,0.0,0.0,,,0.0
batched_greedy@30s+aware,3,300,3002,2053,0.6838774150566289,0.3161225849433711,0.2658227848101265,0.0502998001332445,0.0,378.3336368361512,358.91517265857146,577.6645632995263,333.93832440146826,821.2,97.81052118850462,280.52311564764653,0.0125018990773291,0.1462377634425964,0.8412603374800744,367,44.53133514986376,0.0702147136738318,0.1827240012062245,0.0490539593552908,,,,3002,0.0,0.6838774150566289,0.0,0.0,1.0,20337.72792882502,0.0,-6.921994503264493e-15,2.7665827630647525e-13,0.0,0.0,0.0,,,0.0
batched_greedy@30s+aware,4,300,3002,2041,0.6798800799467022,0.3201199200532978,0.2651565622918054,0.0549633577614923,0.0,376.3555629545589,355.1336398007534,577.0451347111684,332.3704567376907,816.4,96.27535521803038,280.08020773652856,0.0147177838663162,0.145096118910504,0.8401860972231797,367,44.6267029972752,0.0616528610427666,0.1687080012925433,0.050314465408805,,,,3002,0.0,0.6798800799467022,0.0,0.0,1.0,20306.0235957787,0.0,8.616331558090388e-16,2.755398391894784e-13,0.0,0.0,0.0,,,0.0
batched_greedy@30s+aware,5,300,3002,2091,0.6965356429047301,0.3034643570952698,0.2508327781479014,0.0526315789473684,0.0,373.5508305522413,355.7207812028992,577.7569268925217,332.62604927438434,836.4,92.05643232902918,281.49439822321216,0.0128510897986148,0.1509189573699352,0.83622995283145,368,42.63858695652174,0.0663173913499517,0.1769079963560215,0.0475534114403859,,,,3002,0.0,0.6965356429047301,0.0,0.0,1.0,20325.95759472598,0.0,1.0746491639604576e-14,2.7628422956644106e-13,0.0,0.0,0.0,,,0.0
batched_greedy@30s+aware,0,350,3002,2349,0.7824783477681546,0.2175216522318454,0.1492338441039307,0.0682878081279147,0.0,356.6363945064027,341.7159207107961,546.2399186713221,323.0673764255192,939.6,72.00936568752661,284.6270288188761,0.0250891622715455,0.1528307375444544,0.822080100184,365,33.221917808219175,0.070271780774195,0.1606679987162353,0.0491043854231006,,,,3002,0.0,0.7824783477681546,0.0,0.0,1.0,23243.5383559352,0.0,7.534959364744186e-15,2.691260014615236e-13,0.0,0.0,0.0,,,0.0
batched_greedy@30s+aware,1,350,3002,2290,0.7628247834776816,0.2371752165223184,0.1618920719520319,0.0752831445702864,0.0,342.1307407976926,325.9854544257953,537.6153819876307,306.6719747398866,916.0,67.29519650655021,274.8355442911424,0.0443828723398235,0.1456930650720918,0.8099240625880847,363,32.476584022038566,0.0750325070087959,0.1741160005622077,0.0527136618839675,,,,3002,0.0,0.7628247834776816,0.0,0.0,1.0,22869.259835727404,0.0,4.630939009266156e-15,2.7019706220128023e-13,0.0,0.0,0.0,,,0.0
batched_greedy@30s+aware,2,350,3002,2316,0.7714856762158561,0.2285143237841439,0.1638907395069953,0.0646235842771485,0.0,357.3220543077221,340.9421888400248,550.0161322946306,322.4060984821982,926.4,74.66666666666667,282.6553876410554,0.0275470056046046,0.1492304500970628,0.8232225442983325,365,34.00821917808219,0.0734079450971689,0.1872800040291622,0.0520898315658141,,,,3002,0.0,0.7714856762158561,0.0,0.0,1.0,23174.81690545652,0.0,3.1139934231282458e-15,2.7738164864223737e-13,0.0,0.0,0.0,,,0.0
batched_greedy@30s+aware,3,350,3002,2332,0.7768154563624251,0.2231845436375749,0.1548967355096602,0.0682878081279147,0.0,348.31949978312883,331.7596228933214,549.9961936543948,315.2623759189492,932.8,69.3704974271012,278.9490023560276,0.0308646862002262,0.1511246189958783,0.8180106948038954,367,32.40054495912806,0.0710787466063915,0.1726100021915044,0.0469819539514623,,,,3002,0.0,0.7768154563624251,0.0,0.0,1.0,23216.36010558352,0.0,-6.2301983659754064e-15,2.730158390195716e-13,0.0,0.0,0.0,,,0.0
batched_greedy@30s+aware,4,350,3002,2325,0.7744836775483012,0.2255163224516988,0.1499000666222518,0.075616255829447,0.0,347.306378404087,329.265830398288,545.1259081222123,314.1636495436556,930.0,66.63827956989248,280.6680988341945,0.0325979520027701,0.1528886481384404,0.8145133998587893,369,31.951219512195124,0.0798788620001285,0.1748760012560523,0.0471317829457364,,,,3002,0.0,0.7744836775483012,0.0,0.0,1.0,23160.40853665969,0.0,1.0688702014283657e-15,2.656887374385367e-13,0.0,0.0,0.0,,,0.0
batched_greedy@30s+aware,5,350,3002,2352,0.7834776815456362,0.2165223184543637,0.1435709526982012,0.0729513657561625,0.0,350.45420619618886,334.6468119335859,551.5433755624925,315.9085568080323,940.8,69.59906462585035,280.8551415703385,0.0299404650352869,0.1534534807192245,0.8166060542454885,366,31.83606557377049,0.0752595627940924,0.221204998524628,0.0476923076923076,,,,3002,0.0,0.7834776815456362,0.0,0.0,1.0,23233.72766556728,0.0,-6.776703159323383e-15,2.666761369552813e-13,0.0,0.0,0.0,,,0.0
batched_greedy@30s+aware,0,400,3002,2547,0.8484343770819454,0.1515656229180546,0.0789473684210526,0.072618254497002,0.0,314.7639737165499,296.5997911217828,518.4967595726781,289.8252613663335,1018.8,46.03297997644288,268.730993740107,0.0670325339810962,0.1486143535094319,0.7843531125094718,364,22.78021978021978,0.0785093406803143,0.240537003555801,0.0493221805595615,,,,3002,0.0,0.8484343770819454,0.0,0.0,1.0,25422.068646251748,0.0,3.996977246408652e-15,2.62771787490252e-13,0.0,0.0,0.0,,,0.0
batched_greedy@30s+aware,1,400,3002,2515,0.8377748167888075,0.1622251832111925,0.0819453697534976,0.0802798134576948,0.0,309.4854082667183,295.8711728070102,516.8505678695794,283.2560697984393,1006.0,44.34512922465209,265.14027904206625,0.074374221523762,0.1438907373208253,0.7817350411554126,363,22.520661157024797,0.0796763084638997,0.1864140006364323,0.0538439389576734,,,,3002,0.0,0.8377748167888075,0.0,0.0,1.0,25362.21667934077,0.0,5.193106823733736e-16,2.680206399209399e-13,0.0,0.0,0.0,,,0.0
batched_greedy@30s+aware,2,400,3002,2561,0.8530979347101932,0.1469020652898068,0.0772818121252498,0.0696202531645569,0.0,308.8879968489096,289.2104140231432,521.8765475471746,286.7583582760153,1024.4,44.98360015618899,263.9043966927206,0.06557748398129,0.14522852881288,0.7891939872058299,363,22.776859504132236,0.0789261706432869,0.2005379990441724,0.0517241379310344,,,,3002,0.0,0.8530979347101932,0.0,0.0,1.0,25571.763502152324,0.0,2.87158036513746e-16,2.668738586881229e-13,0.0,0.0,0.0,,,0.0
batched_greedy@30s+aware,3,400,3002,2576,0.8580946035976016,0.1419053964023984,0.0736175882744836,0.0682878081279147,0.0,310.0667349051189,294.29687174570427,519.6010878204092,287.4548649805845,1030.4,44.22709627329193,265.83963863182703,0.0633688033014938,0.148308462134125,0.7883227345643811,363,22.07162534435262,0.077509366391328,0.1920580034493468,0.0469199769717904,,,,3002,0.0,0.8580946035976016,0.0,0.0,1.0,25605.915008009237,0.0,1.4446863305374652e-14,2.712638602355214e-13,0.0,0.0,0.0,,,0.0
batched_greedy@30s+aware,4,400,3002,2551,0.8497668221185876,0.1502331778814123,0.0819453697534976,0.0682878081279147,0.0,305.06429410167897,290.11741181805974,517.269005699126,284.12058070104393,1020.4,46.51195609564876,258.5523380060302,0.0738627296889066,0.1424286337678693,0.7837086365432241,364,23.582417582417584,0.0790714285348268,0.1812399995105806,0.0450974687227233,,,,3002,0.0,0.8497668221185876,0.0,0.0,1.0,25542.43850782986,0.0,3.0106149726173984e-15,2.704961129861404e-13,0.0,0.0,0.0,,,0.0
batched_greedy@30s+aware,5,400,3002,2589,0.8624250499666889,0.1375749500333111,0.0669553630912724,0.0706195869420386,0.0,299.25422529770043,280.3395852272297,511.2562568473148,278.58540526559847,1035.6,41.84511394360757,257.40911135409283,0.0675074990214969,0.1450755782851683,0.7874169226933347,367,21.22615803814714,0.0735455040286399,0.1859759967192073,0.0442147573930519,,,,3002,0.0,0.8624250499666889,0.0,0.0,1.0,25729.688950287757,0.0,-1.1881830655200401e-15,2.7083901406308375e-13,0.0,0.0,0.0,,,0.0
batched_greedy@30s+aware,0,450,3002,2695,0.8977348434377082,0.1022651565622918,0.0406395736175882,0.0616255829447035,0.0,265.7479995419223,243.3797338496588,475.852291382383,251.2551696763018,1078.0,30.834508348794063,234.91349119312824,0.1339284204608747,0.1285386237632791,0.7375329557758461,363,16.953168044077135,0.0857388429611808,0.1893619999464135,0.0415847148075302,,,,3002,0.0,0.8977348434377082,0.0,0.0,1.0,26853.06579421336,0.0,1.5301715779842974e-15,2.679817200963639e-13,0.0,0.0,0.0,,,0.0
batched_greedy@30s+aware,1,450,3002,2686,0.8947368421052632,0.1052631578947368,0.0399733510992671,0.0652898067954696,0.0,262.9054173120791,242.77152561406209,478.36950455142687,247.4984108299205,1074.4,27.99106478034252,234.91435253173665,0.1355338374296485,0.1274263260775473,0.737039836492804,363,16.09366391184573,0.0861892561062967,0.192899999092333,0.045034965034965,,,,3002,0.0,0.8947368421052632,0.0,0.0,1.0,26918.652213919813,0.0,-1.195949106273428e-14,2.5988626325015137e-13,0.0,0.0,0.0,,,0.0
batched_greedy@30s+aware,2,450,3002,2721,0.9063957361758828,0.0936042638241172,0.0399733510992671,0.0536309127248501,0.0,264.83771263909284,240.70948855339796,481.08874917172216,252.53460301199627,1088.4,31.727673649393605,233.1100389896992,0.1280668055758914,0.1268348102650545,0.745098384159054,363,17.209366391184574,0.0882242422935119,0.1984799996716901,0.049568365357839,,,,3002,0.0,0.9063957361758828,0.0,0.0,1.0,27230.70621406972,0.0,1.1004795017188544e-14,2.681933241375281e-13,0.0,0.0,0.0,,,0.0
batched_greedy@30s+aware,3,450,3002,2707,0.9017321785476348,0.0982678214523651,0.0389740173217854,0.0592938041305796,0.0,265.4649858845148,242.77069812938225,479.82337390778383,251.83590201150508,1082.8,31.44218692279276,234.0227989617221,0.1333771537383345,0.1275608720725621,0.7390619741891034,363,17.085399449035812,0.0880969695592319,0.201518003741512,0.0519011934499028,,,,3002,0.0,0.9017321785476348,0.0,0.0,1.0,26998.769884155605,0.0,-5.6660336644999865e-15,2.732830175266087e-13,0.0,0.0,0.0,,,0.0
batched_greedy@30s+aware,4,450,3002,2694,0.8974017321785477,0.1025982678214523,0.0433044636908727,0.0592938041305796,0.0,253.93681187697933,230.2691907405301,459.6859061814465,241.2538298785008,1077.6,29.211581291759465,224.7252305852199,0.1408852210520897,0.1226139568011812,0.736500822146729,363,16.898071625344354,0.0850027547341055,0.1869599992642179,0.0470852017937219,,,,3002,0.0,0.8974017321785477,0.0,0.0,1.0,26947.17265028285,0.0,-1.355345762207578e-15,2.700365708489021e-13,0.0,0.0,0.0,,,0.0
batched_greedy@30s+aware,5,450,3002,2722,0.9067288474350432,0.0932711525649566,0.0353097934710193,0.0579613590939373,0.0,254.6113578135114,228.76644780541483,464.5798599447864,243.0256311295177,1088.8,29.625642909625277,224.98571490388613,0.1381195422864998,0.1246639956175438,0.7372164620959564,365,16.65753424657534,0.088293424469406,0.184715999639593,0.050471436494731,,,,3002,0.0,0.9067288474350432,0.0,0.0,1.0,27041.913800660343,0.0,-6.2701089320196936e-15,2.634124447669056e-13,0.0,0.0,0.0,,,0.0
batched_greedy@30s+aware,0,500,3002,2801,0.9330446369087276,0.0669553630912724,0.0213191205862758,0.0456362425049966,0.0,229.5562235729242,200.7725062255986,432.854020629542,221.4306338984352,1120.4,23.76865405212424,205.7875695208,0.2016351764441924,0.1088483698206904,0.689516453735117,362,14.035911602209945,0.1043980663283072,0.2203290013858349,0.051653457228751,,,,3002,0.0,0.9330446369087276,0.0,0.0,1.0,27856.996916335236,0.0,2.2301173958411215e-15,2.6467812035062984e-13,0.0,0.0,0.0,,,0.0
batched_greedy@30s+aware,1,500,3002,2793,0.930379746835443,0.0696202531645569,0.0199866755496335,0.0496335776149233,0.0,224.7700914364381,198.134472031531,427.0006868603412,215.34917759103627,1117.2,22.673827425707124,202.096264010731,0.2038537567162417,0.1065898914069139,0.6895563518768443,361,13.398891966759004,0.1146119112765463,0.2102599974023178,0.0513100436681222,,,,3002,0.0,0.930379746835443,0.0,0.0,1.0,27976.93494320823,0.0,-3.1572787110607565e-15,2.6591976025394494e-13,0.0,0.0,0.0,,,0.0
batched_greedy@30s+aware,2,500,3002,2801,0.9330446369087276,0.0669553630912724,0.0219853431045969,0.0449700199866755,0.0,228.25965778796456,201.0003590762308,437.0132071420494,219.90441892133416,1120.4,23.80078543377365,204.4588723541909,0.199337711201244,0.1075331149466644,0.6931291738520916,369,13.70189701897019,0.0974322492494954,0.2011479993234388,0.0472527472527472,,,,3002,0.0,0.9330446369087276,0.0,0.0,1.0,28132.74481726608,0.0,1.5076202415081204e-15,2.7041354597231e-13,0.0,0.0,0.0,,,0.0
batched_greedy@30s+aware,3,500,3002,2799,0.9323784143904064,0.0676215856095936,0.0229846768820786,0.0446369087275149,0.0,226.39276235845432,204.5754160420579,426.1941228287785,219.2224737007193,1119.6,22.09467667023937,204.2980856882149,0.202182897868807,0.1074472960413612,0.6903698060898317,362,13.837016574585636,0.1015270718198735,0.2159070019843055,0.0441379310344827,,,,3002,0.0,0.9323784143904064,0.0,0.0,1.0,27964.836270837102,0.0,-7.085753523366844e-16,2.638251651203355e-13,0.0,0.0,0.0,,,0.0
batched_greedy@30s+aware,4,500,3002,2780,0.9260493004663558,0.0739506995336442,0.0263157894736842,0.04763491005996,0.0,220.5865873224983,191.6651978638115,420.1296291915446,213.678710791952,1112.0,23.45575539568345,197.1308319268149,0.2079653690452133,0.1038662279740667,0.6881684029807199,360,14.73611111111111,0.1070816665257249,0.2150230002007447,0.0479867622724765,,,,3002,0.0,0.9260493004663558,0.0,0.0,1.0,27887.44373629392,0.0,2.316452385624373e-15,2.701309999028284e-13,0.0,0.0,0.0,,,0.0
batched_greedy@30s+aware,5,500,3002,2808,0.9353764157228516,0.0646235842771485,0.0189873417721519,0.0456362425049966,0.0,216.90458199444012,188.19123006963676,407.28987133991967,209.53708374151796,1123.2,21.07015669515669,195.83442529928345,0.2081186160557361,0.1049738322929391,0.6869075516513248,364,13.26923076923077,0.0983079669742517,0.21010299831687,0.0515970515970515,,,,3002,0.0,0.9353764157228516,0.0,0.0,1.0,27935.414261154998,0.0,-2.238143194044552e-14,2.6594696688612384e-13,0.0,0.0,0.0,,,0.0
optimal@30s+aware,0,300,3002,2057,0.6852098600932711,0.3147901399067288,0.2581612258494337,0.0566289140572951,0.0,379.7510789320737,365.1308991933884,560.2784935531738,334.706553853629,822.8,99.0136120563928,280.73746687568087,0.0122881305952419,0.1452663544383851,0.842445514966373,367,44.694822888283376,0.1223384196626096,0.2839699962351004,0.0496872828353022,35.37892963878913,0.0009878614430501,0.3079019073569482,3002,0.0,0.6852098600932711,0.0,0.0,1.0,20362.73408538373,0.0,-2.198640988387476e-15,2.715382070332212e-13,0.0,0.0,0.0,,,0.0
optimal@30s+aware,1,300,3002,2043,0.6805463024650233,0.3194536975349766,0.2548301132578281,0.0646235842771485,0.0,375.1236436263521,356.9607557763848,570.2352654603002,328.244645779474,817.2,95.1458639255996,279.97777970075254,0.0194301866234066,0.146824174350136,0.8337456390264574,367,43.52043596730245,0.1172566756987386,0.2402440003061199,0.0432960893854748,37.37748405269427,0.0010737124560098,0.2806539509536784,3002,0.0,0.6805463024650233,0.0,0.0,1.0,20207.895716550363,0.0,8.288795766031614e-15,2.66473524053604e-13,0.0,0.0,0.0,,,0.0
optimal@30s+aware,2,300,3002,2058,0.6855429713524317,0.3144570286475683,0.2674883411059294,0.0469686875416389,0.0,378.4831791859084,363.2663827395513,564.704634246612,334.5320637790738,823.2,99.09620991253644,279.386969273372,0.0118297782772274,0.1448497049132048,0.8433205168095677,365,45.17260273972602,0.1218106850028063,0.2448800014099106,0.047752808988764,41.67609817099999,0.0011501161450913,0.2794520547945205,3002,0.0,0.6855429713524317,0.0,0.0,1.0,20395.582877599743,0.0,-5.748560034210723e-15,2.787930775990881e-13,0.0,0.0,0.0,,,0.0
optimal@30s+aware,3,300,3002,2061,0.6865423051299134,0.3134576948700866,0.2614923384410393,0.0519653564290473,0.0,382.82656573330553,362.0216558246175,590.7724488095582,336.7548943870085,824.4,103.2144590004852,279.61210673282034,0.0089108720088169,0.1455820774654301,0.8455070505257528,369,44.924119241192415,0.1253485093803427,0.2756240009330213,0.049494597420704,33.498318353851815,0.0009297682042858,0.2357723577235772,3002,0.0,0.6865423051299134,0.0,0.0,1.0,20381.79409462431,0.0,-1.3548922617841793e-15,2.772081987106375e-13,0.0,0.0,0.0,,,0.0
optimal@30s+aware,4,300,3002,2022,0.6735509660226515,0.3264490339773484,0.2721518987341772,0.0542971352431712,0.0,382.2271588518879,362.1678624591205,585.1075279801438,336.503260034629,808.8,99.76953511374876,282.45762373813915,0.0154695544111252,0.1459669724096158,0.838563473179259,367,45.68937329700272,0.130323433204318,0.2345380003680472,0.0425985090521831,42.394658350477,0.001151979758502,0.2752043596730245,3002,0.0,0.6735509660226515,0.0,0.0,1.0,20139.522514811448,0.0,-8.750006983395892e-15,2.735273267363733e-13,0.0,0.0,0.0,,,0.0
optimal@30s+aware,5,300,3002,2077,0.6918720852764824,0.3081279147235176,0.2564956695536309,0.0516322451698867,0.0,378.7182321372482,357.5042596750536,583.6128733211416,334.3288664671907,830.8,100.12614347616756,278.59208866108065,0.0105172200185238,0.1461186525036391,0.8433641274778371,366,44.25136612021858,0.1231691259291224,0.2216449971456313,0.0455177206393328,39.26579248581983,0.0011109344200838,0.2978142076502732,3002,0.0,0.6918720852764824,0.0,0.0,1.0,20427.063211733803,0.0,1.5599782739846205e-15,2.703004460177036e-13,0.0,0.0,0.0,,,0.0
optimal@30s+aware,0,350,3002,2334,0.7774816788807462,0.2225183211192538,0.1439040639573617,0.078614257161892,0.0,359.9228818775621,347.62779746866545,551.5220742194616,321.6257736143625,933.6,68.3286203941731,291.594261483389,0.025558111421352,0.1587536718509886,0.8156882167276593,364,31.79945054945055,0.1250326926170741,0.2272899974195752,0.0491400491400491,66.08496539307343,0.0027790925204035,0.412087912087912,3002,0.0,0.7774816788807462,0.0,0.0,1.0,23089.775480560413,0.0,9.298094047537644e-15,2.765370528017317e-13,0.0,0.0,0.0,,,0.0
optimal@30s+aware,1,350,3002,2311,0.7698201199200533,0.2301798800799467,0.1535642904730179,0.0766155896069287,0.0,354.86221120506946,344.02574988840024,542.1348146648234,317.04864546383527,924.4,68.31588057118131,286.54633063388815,0.0355586737486728,0.1531921041312626,0.8112492221200645,366,32.060109289617486,0.1278103826153397,0.2054449996649055,0.0517187983895943,54.882793273865,0.0022886242383554,0.3306010928961748,3002,0.0,0.7698201199200533,0.0,0.0,1.0,22920.33819804659,0.0,8.299913955795718e-15,2.708194743513156e-13,0.0,0.0,0.0,,,0.0
optimal@30s+aware,2,350,3002,2313,0.7704863424383744,0.2295136575616256,0.1588940706195869,0.0706195869420386,0.0,357.93443737910025,345.7982509234589,541.7106571176687,320.72593558020867,925.2,71.38867271941201,286.54576465968825,0.0274012639681897,0.1524661440239534,0.8201325920078568,365,32.865753424657534,0.116864109530643,0.2129679967765698,0.0494864612511671,49.03766921811139,0.0019884696870927,0.3342465753424657,3002,0.0,0.7704863424383744,0.0,0.0,1.0,23194.24118833713,0.0,7.234449384846675e-16,2.727786771981052e-13,0.0,0.0,0.0,,,0.0
optimal@30s+aware,3,350,3002,2324,0.7741505662891406,0.2258494337108594,0.156562291805463,0.0692871419053964,0.0,354.40922827121017,340.97293455310773,549.1705197623517,318.7894974141737,929.6,71.19234079173839,283.2168874794718,0.0250401132034813,0.1519232756752345,0.8230366111212841,365,32.84109589041096,0.1260021919733844,0.2084479969926181,0.0410787080589526,56.44537312677648,0.0022883093522781,0.3534246575342465,3002,0.0,0.7741505662891406,0.0,0.0,1.0,23259.944905490152,0.0,-2.355736565848353e-15,2.744318446233163e-13,0.0,0.0,0.0,,,0.0
optimal@30s+aware,4,350,3002,2308,0.7688207861425717,0.2311792138574283,0.1628914057295136,0.0682878081279147,0.0,354.3274105633509,335.7165792792075,550.5290325362123,320.46312519276523,923.2,70.342287694974,283.9851228683769,0.0293003776497249,0.1520587609815546,0.8186408613687204,366,33.63387978142077,0.1120224042693496,0.2180950024921915,0.0536494073611977,60.96324544207117,0.0024054372173734,0.3524590163934426,3002,0.0,0.7688207861425717,0.0,0.0,1.0,23088.777959534145,0.0,6.103340440400341e-15,2.67498713339806e-13,0.0,0.0,0.0,,,0.0
optimal@30s+aware,5,350,3002,2362,0.7868087941372418,0.2131912058627581,0.1409060626249167,0.0722851432378414,0.0,355.2824309081413,340.95539689000634,546.0317231864303,320.4500117200302,944.8,68.1350550381033,287.147375870038,0.0236423230755621,0.1570195551777076,0.8193381217467302,365,31.56164383561644,0.1163197258504885,0.2060520011582414,0.0466973886328725,60.422797460114325,0.0025767603256566,0.3863013698630137,3002,0.0,0.7868087941372418,0.0,0.0,1.0,23336.881548097743,0.0,1.940305099768267e-15,2.707883780786672e-13,0.0,0.0,0.0,,,0.0
optimal@30s+aware,0,400,3002,2563,0.8537641572285143,0.1462358427714856,0.0736175882744836,0.072618254497002,0.0,317.7553508866599,306.44082782240275,518.7152475046014,293.23788142695173,1025.2,45.58603199375732,272.1693188929026,0.060196421422275,0.1513570893837175,0.7884464891940075,363,22.56198347107438,0.1168829202828364,0.2064900001278146,0.0490956072351421,77.99555243931799,0.0052538838046378,0.4104683195592286,3002,0.0,0.8537641572285143,0.0,0.0,1.0,25536.79503126262,0.0,-1.2572420236722804e-15,2.7030426278077804e-13,0.0,0.0,0.0,,,0.0
optimal@30s+aware,1,400,3002,2531,0.8431045969353764,0.1568954030646235,0.0772818121252498,0.0796135909393737,0.0,309.6152110078833,297.127044367262,503.5663098877012,283.7876226260273,1012.4,43.134729355985776,266.48048165189755,0.0721049925029368,0.1458217513608136,0.7820732561362495,362,22.02486187845304,0.1180508286638818,0.2188699991529574,0.0434782608695652,62.358774693732535,0.0043596917848001,0.4143646408839779,3002,0.0,0.8431045969353764,0.0,0.0,1.0,25349.73094581782,0.0,-1.0176327930811511e-14,2.7238442416027534e-13,0.0,0.0,0.0,,,0.0
optimal@30s+aware,2,400,3002,2576,0.8580946035976016,0.1419053964023984,0.0652898067954696,0.0766155896069287,0.0,315.206312369827,301.70616055009305,519.8749292307705,290.49504941530097,1030.4,44.81172360248447,270.3945887673425,0.057841073891793,0.1502388447032295,0.7919200814049775,366,21.72131147540984,0.1129543714620022,0.2045449986326278,0.0503842869342442,66.8349564030387,0.004769732040623,0.407103825136612,3002,0.0,0.8580946035976016,0.0,0.0,1.0,25777.448682364426,0.0,1.0384377967596418e-14,2.7467262418985573e-13,0.0,0.0,0.0,,,0.0
optimal@30s+aware,3,400,3002,2568,0.8554297135243171,0.1445702864756828,0.0696202531645569,0.0749500333111259,0.0,316.6084239743892,303.193685422239,518.0447794362585,292.80931141390226,1027.2,45.32866043613707,271.2797635382521,0.0604360119430641,0.1497448729558966,0.7898191151010391,365,22.356164383561644,0.1139246575392412,0.1817280007526278,0.046758462421113,61.14643002364157,0.0041805610895188,0.4082191780821917,3002,0.0,0.8554297135243171,0.0,0.0,1.0,25623.097410267284,0.0,3.010399129700113e-15,2.702773968633883e-13,0.0,0.0,0.0,,,0.0
optimal@30s+aware,4,400,3002,2559,0.8524317121918721,0.1475682878081279,0.075616255829447,0.0719520319786808,0.0,313.1229424917953,298.19692255472,514.1033943872269,290.98128670379685,1023.6,43.93942946463462,269.1835130271607,0.0610374654127713,0.1494020245228771,0.7895605100643516,366,22.650273224043715,0.121933606619752,0.2272149991767949,0.0467802483395899,72.91026965089141,0.0048872658651747,0.4344262295081967,3002,0.0,0.8524317121918721,0.0,0.0,1.0,25655.825558207624,0.0,9.304527970035544e-15,2.662605492780121e-13,0.0,0.0,0.0,,,0.0
optimal@30s+aware,5,400,3002,2594,0.8640906062624917,0.1359093937375083,0.0572951365756162,0.078614257161892,0.0,302.4943087674755,284.74187317849305,502.66086048459096,279.0211799171461,1037.6,38.92020046260601,263.57410830486947,0.0644957530072955,0.1499687341135976,0.7855355128791068,363,20.041322314049587,0.123190082797746,0.2093100010824855,0.0476460578559274,67.94997388349472,0.0055030158405452,0.4214876033057851,3002,0.0,0.8640906062624917,0.0,0.0,1.0,25686.56444670069,0.0,-2.28378953716262e-15,2.7043286653985825e-13,0.0,0.0,0.0,,,0.0
optimal@30s+aware,0,450,3002,2717,0.9050632911392406,0.0949367088607595,0.0379746835443038,0.0569620253164556,0.0,266.69669277967563,249.06773847048044,464.0435841355359,253.6095430704097,1086.8,29.609127714390876,237.08756506528476,0.126597477939135,0.1307105504136379,0.7426919716472271,361,16.670360110803323,0.1186310250597162,0.2235000007203777,0.0481491789590871,68.36659989016326,0.0077427574009682,0.4349030470914127,3002,0.0,0.9050632911392406,0.0,0.0,1.0,27016.22538700169,0.0,-6.795365807698327e-15,2.688181334179142e-13,0.0,0.0,0.0,,,0.0
optimal@30s+aware,1,450,3002,2704,0.9007328447701533,0.0992671552298467,0.0359760159893404,0.0632911392405063,0.0,266.9723542429074,245.89948736732777,470.5024789251432,251.8870748278776,1081.6,28.52551775147929,238.44683649142803,0.1296136195041815,0.1303437563896053,0.7400426241062131,361,16.13573407202216,0.1219811634161545,0.2212999999755992,0.0493895671476137,58.01243324747044,0.0069691381561617,0.407202216066482,3002,0.0,0.9007328447701533,0.0,0.0,1.0,26977.02697568976,0.0,-3.925196788245746e-15,2.657170998682596e-13,0.0,0.0,0.0,,,0.0
optimal@30s+aware,2,450,3002,2719,0.9057295136575616,0.0942704863424383,0.036309127248501,0.0579613590939373,0.0,273.4198243138957,256.2501493890031,478.4838906700753,258.6771528943437,1087.6,31.290915777859507,242.12890853603616,0.1219281409968791,0.1310890450987887,0.746982813904332,365,16.621917808219177,0.114487671179295,0.206231998745352,0.0483602001111728,66.41046609469537,0.0074838984725689,0.4136986301369863,3002,0.0,0.9057295136575616,0.0,0.0,1.0,27255.297862869465,0.0,4.4853173522995285e-15,2.713974686765552e-13,0.0,0.0,0.0,,,0.0
optimal@30s+aware,3,450,3002,2740,0.9127248500999334,0.0872751499000666,0.0329780146568954,0.0542971352431712,0.0,266.85974248922025,248.60493604173416,466.3179123598565,254.23492389575387,1096.0,26.982116788321168,239.8776257008991,0.1192239872139787,0.1331543321519413,0.74762168063408,362,15.657458563535911,0.1155649170059857,0.1987429986911592,0.0511190936722851,59.44391427845155,0.0075329159725543,0.4281767955801105,3002,0.0,0.9127248500999334,0.0,0.0,1.0,27357.80967415718,0.0,2.7462217414961536e-15,2.687887220178915e-13,0.0,0.0,0.0,,,0.0
optimal@30s+aware,4,450,3002,2707,0.9017321785476348,0.0982678214523651,0.0369753497668221,0.0612924716855429,0.0,261.7123686156854,243.11544408837017,462.7037405845237,247.60857893748968,1082.8,28.78832656076838,232.92404205491707,0.1313166789587568,0.1277267724641415,0.7409565485771017,363,16.34159779614325,0.1140220389642416,0.202650002320297,0.0441710930947721,58.81142937597928,0.0069019477481338,0.4325068870523416,3002,0.0,0.9017321785476348,0.0,0.0,1.0,27145.652299923146,0.0,-2.2717943768022413e-15,2.706384966316021e-13,0.0,0.0,0.0,,,0.0
optimal@30s+aware,5,450,3002,2719,0.9057295136575616,0.0942704863424383,0.0329780146568954,0.0612924716855429,0.0,255.44020639385437,231.69311331465903,455.599990463985,242.927405578265,1087.6,28.22397940419272,227.21622698966164,0.1351535933731122,0.1257436603013549,0.7391027463255329,363,16.25068870523416,0.1140319558940301,0.2113779984938446,0.0482662968099861,59.442850686480895,0.0071367190597979,0.3856749311294766,3002,0.0,0.9057295136575616,0.0,0.0,1.0,27123.388986021266,0.0,2.8327632422359277e-15,2.6488492246340283e-13,0.0,0.0,0.0,,,0.0
optimal@30s+aware,0,500,3002,2828,0.9420386409060626,0.0579613590939373,0.0189873417721519,0.0389740173217854,0.0,229.30886009867007,207.103627224124,419.41437376637566,222.67342716049387,1131.2,22.6516973125884,206.65716278608167,0.1956156766406337,0.1103223981703617,0.6940619251890044,361,13.670360110803324,0.1164612190109752,0.1996399980271232,0.0479058308239802,50.80387297872011,0.0090699177591348,0.3739612188365651,3002,0.0,0.9420386409060626,0.0,0.0,1.0,28107.65470758545,0.0,-7.349770642794317e-15,2.731632302093563e-13,0.0,0.0,0.0,,,0.0
optimal@30s+aware,1,500,3002,2809,0.935709526982012,0.064290473017988,0.0159893404397068,0.0483011325782811,0.0,225.3698718488272,202.94203403866368,419.12072710821,216.8614012650833,1123.6,21.897828408686365,203.47204344014085,0.1992528147785195,0.1082565145123215,0.6924906707091589,360,13.225,0.1241841668565434,0.2175229966815098,0.0493322431180158,50.56061144523653,0.0099199135589225,0.3555555555555555,3002,0.0,0.935709526982012,0.0,0.0,1.0,28080.09329726114,0.0,3.123011125446115e-15,2.669360322355849e-13,0.0,0.0,0.0,,,0.0
optimal@30s+aware,2,500,3002,2816,0.938041305796136,0.061958694203864,0.0189873417721519,0.0429713524317121,0.0,234.37221842004143,210.03906296115656,436.5454760807779,226.2184334532471,1126.4,24.270241477272727,210.10197694276877,0.1947670168096133,0.111002158420867,0.6942308247695196,365,13.827397260273973,0.1202983563217296,0.2178320017992519,0.051540769020998,46.91629717169474,0.0080794309022036,0.3589041095890411,3002,0.0,0.938041305796136,0.0,0.0,1.0,28211.112766030383,0.0,1.4981702747072425e-17,2.6925794296215533e-13,0.0,0.0,0.0,,,0.0
optimal@30s+aware,3,500,3002,2816,0.938041305796136,0.061958694203864,0.0183211192538307,0.0436375749500333,0.0,231.8755289170516,209.14122396563332,429.5806444012451,223.69745662171968,1126.4,21.94886363636364,209.926665280688,0.1917899134146964,0.1117695165718567,0.6964405700134468,360,13.4,0.1190691666326731,0.2050380025320919,0.0494535519125683,46.17622063882496,0.0086214159392546,0.3333333333333333,3002,0.0,0.938041305796136,0.0,0.0,1.0,28168.28486115335,0.0,-6.251312598883694e-15,2.6967695753267085e-13,0.0,0.0,0.0,,,0.0
optimal@30s+aware,4,500,3002,2804,0.9340439706862091,0.0659560293137908,0.0229846768820786,0.0429713524317121,0.0,225.60371025821397,203.3496936807967,422.3230377997629,218.56864334155875,1121.6,21.900142653352358,203.7035676048616,0.1994544900345574,0.1086859765097133,0.6918595334557293,360,13.947222222222225,0.1162594446011806,0.2046089975920041,0.0423236514522821,48.96912527784902,0.008364829602183,0.3472222222222222,3002,0.0,0.9340439706862091,0.0,0.0,1.0,28085.14177994563,0.0,-4.528316222550995e-15,2.692887916142943e-13,0.0,0.0,0.0,,,0.0
optimal@30s+aware,5,500,3002,2830,0.9427048634243838,0.0572951365756162,0.0186542305129913,0.0386409060626249,0.0,220.8532190675503,195.79859906009776,410.654511738079,214.04759796268445,1132.0,21.840636042402828,199.01258302514748,0.2009555802629917,0.1066744648089034,0.6923699549281048,360,13.419444444444444,0.1230544441164561,0.2125579986022786,0.0489740082079343,41.96362837685747,0.008034514652985,0.3277777777777778,3002,0.0,0.9427048634243838,0.0,0.0,1.0,28232.752766437312,0.0,2.2286059923288307e-15,2.6911523657345694e-13,0.0,0.0,0.0,,,0.0
