arm,seed,drivers.num_drivers,requests,completed,completion_rate,cancel_rate,cancel_no_match_rate,cancel_eta_rate,cancel_late_rate,wait_mean_s,wait_p50_s,wait_p90_s,wait_all_mean_s,completed_per_hour,time_to_match_mean_s,pickup_mean_s,driver_idle_frac,driver_enroute_frac,driver_ontrip_frac,batches,batch_riders_mean,solve_ms_mean,solve_ms_p99,decline_rate,shadow_gap_s_per_batch,shadow_gap_frac,shadow_worse_batches_frac,app_opens,priced_out_rate,served_rate,retried_rate,surged_trip_frac,mean_multiplier_paid,revenue_per_hour,surge_revenue_per_hour,eta_error_mean_s,eta_abs_error_mean_s,eta_late_2min_frac,moves_per_driver_hour,reposition_km_per_hour,moves_dispatched_frac,move_planned_mean_s,driver_reposition_frac
immediate_greedy,0,300,2473,2138,0.8645369995956328,0.1354630004043671,0.0040436716538617,0.1314193287505054,0.0,257.89327299126955,231.61442714171108,454.5069413615074,225.1177175489537,855.2,0.5095795771061967,257.38369341416336,0.0991289606605177,0.1716273232284271,0.7292437161110551,2899,1.9920662297343912,0.0286334253027872,0.0772020056319888,0.0549095607235142,,,,2473,0.0,0.8645369995956328,0.0,0.0,1.0,18926.109877399263,0.0,-3.435148434284535e-15,2.712246807979029e-13,0.0,0.0,0.0,,,0.0
immediate_greedy,1,300,2473,2113,0.8544278204609785,0.1455721795390214,0.0004043671653861,0.1451678123736352,0.0,281.8872492993266,255.18945084108051,491.5709583797,241.44828684755797,845.2,0.6089750038421576,281.27827429548444,0.0846953994914588,0.1820895142454934,0.7332150862630478,2739,1.4227820372398683,0.0233297918933994,0.0512620019435416,0.0504364694471387,,,,2473,0.0,0.8544278204609785,0.0,0.0,1.0,18909.749876131133,0.0,7.95115143731546e-15,2.709175367085304e-13,0.0,0.0,0.0,,,0.0
immediate_greedy,2,300,2473,2137,0.8641326324302466,0.1358673675697533,0.0020218358269308,0.1338455317428225,0.0,273.8188339989243,243.29153059371856,491.9875867306855,237.93996970510315,854.8,1.1320016788155314,272.68683232010875,0.0856689869203437,0.1804661997070546,0.7338648133726016,2813,1.7803057234269464,0.0269675435615227,0.0686759990639984,0.0568948891031822,,,,2473,0.0,0.8641326324302466,0.0,0.0,1.0,19025.52239028936,0.0,7.947056416979922e-15,2.794387193432107e-13,0.0,0.0,0.0,,,0.0
immediate_greedy,3,300,2473,2118,0.8564496562879094,0.1435503437120905,0.0020218358269308,0.1415285078851597,0.0,274.4396076109731,248.10920589058287,485.7535955367006,236.41268451050487,847.2,1.2730503452246156,273.16655726574845,0.0831488909660969,0.1793483675588841,0.7375027414750189,2833,1.7214966466643131,0.0255677372770613,0.0643000021227635,0.0559845559845559,,,,2473,0.0,0.8564496562879094,0.0,0.0,1.0,19065.453749393564,0.0,-1.0875782490520655e-14,2.758196566956855e-13,0.0,0.0,0.0,,,0.0
immediate_greedy,4,300,2473,2110,0.85321471896482,0.1467852810351799,0.0,0.1467852810351799,0.0,268.6593269394885,242.663782326134,488.705949490184,230.1542756116547,844.0,0.7896458874838973,267.86968105200464,0.0938057961257181,0.1754467497509154,0.7307474541233665,2755,1.5401088929219602,0.0248291107022859,0.0575059979746584,0.0491750242639922,,,,2473,0.0,0.85321471896482,0.0,0.0,1.0,19033.04795834624,0.0,5.670030006332079e-16,2.75637122394681e-13,0.0,0.0,0.0,,,0.0
immediate_greedy,5,300,2473,2112,0.8540234532955924,0.1459765467044076,0.0012131014961585,0.1447634452082491,0.0,267.107719347566,239.84917766179345,477.88930950652457,229.0033483583451,844.8,0.8729978868248606,266.2347214607411,0.1033324515416338,0.1746778220491028,0.7219897264092634,2826,1.610757254069356,0.0261383935018738,0.060249996749917,0.048313878080415,,,,2473,0.0,0.8540234532955924,0.0,0.0,1.0,18794.83234061365,0.0,1.2176707453795987e-14,2.797278402177244e-13,0.0,0.0,0.0,,,0.0
immediate_greedy,0,350,2473,2256,0.912252325111201,0.087747674888799,0.0056611403154063,0.0820865345733926,0.0,210.94533055917293,182.5408012535709,393.9868906050656,195.02241201041295,902.4,1.131115693637308,209.8142148655356,0.2045643998954249,0.1307851699269105,0.6646504301776645,3185,2.1629513343799056,0.0319187440657242,0.0757639948278665,0.0546571798188874,,,,2473,0.0,0.912252325111201,0.0,0.0,1.0,20142.69384259951,0.0,6.151501687861018e-16,2.744111084934546e-13,0.0,0.0,0.0,,,0.0
immediate_greedy,1,350,2473,2284,0.9235746057420138,0.0764253942579862,0.0,0.0764253942579862,0.0,211.5470117154709,182.4937641358649,396.3785180167106,195.65948515732123,913.6,0.3141289789133421,211.23288273655757,0.1894832375477567,0.1324873004208099,0.6780294620314333,2734,1.289319678127286,0.0242550109985365,0.053634000942111,0.0531743474057363,,,,2473,0.0,0.9235746057420138,0.0,0.0,1.0,20495.162890413754,0.0,4.416393306713801e-15,2.733221316136993e-13,0.0,0.0,0.0,,,0.0
immediate_greedy,2,350,2473,2309,0.933683784876668,0.0663162151233319,0.0032349373230893,0.0630812778002426,0.0,211.4967576889505,181.1826388917707,388.7759316912405,198.99428425970683,923.6,0.7193999694406591,210.7773577195099,0.1853594887159014,0.1349152460709151,0.6797252652131834,3005,1.6961730449251249,0.0281975041548434,0.075684001785703,0.0458984375,,,,2473,0.0,0.933683784876668,0.0,0.0,1.0,20576.517502464907,0.0,7.226402720526811e-15,2.765464100439925e-13,0.0,0.0,0.0,,,0.0
immediate_greedy,3,350,2473,2307,0.9328750505458956,0.0671249494541043,0.0,0.0671249494541043,0.0,208.15676218478728,178.02093686560875,392.2700805778119,194.3607307802872,922.8,0.2376263918603532,207.9191357929269,0.1836175149038514,0.1322569151595082,0.6841255699366403,2652,1.240950226244344,0.0246019607461545,0.0643469989154254,0.0470168612191958,,,,2473,0.0,0.9328750505458956,0.0,0.0,1.0,20646.85585227935,0.0,-1.7725069112697774e-15,2.750088362015748e-13,0.0,0.0,0.0,,,0.0
immediate_greedy,4,350,2473,2271,0.9183178325919936,0.0816821674080064,0.0,0.0816821674080064,0.0,215.63843183880127,188.87784484903293,401.9554331456821,198.1711201014164,908.4,0.2154181211338616,215.4230137176674,0.1913933065489235,0.1343031007733113,0.6743035926777652,2678,1.2378640776699028,0.0238109783629535,0.0604610003210837,0.0485594043379734,,,,2473,0.0,0.9183178325919936,0.0,0.0,1.0,20415.263413042645,0.0,8.748420550538133e-15,2.761726460808733e-13,0.0,0.0,0.0,,,0.0
immediate_greedy,5,350,2473,2282,0.9227658714112414,0.0772341285887586,0.0008087343307723,0.0764253942579862,0.0,205.26578071179264,177.04692975145826,382.8921319463173,189.87105755484097,912.8,0.5652310443379315,204.70054966745468,0.1979790552322037,0.1290328694472502,0.672988075320546,2776,1.403458213256484,0.025228206156763,0.0627499975962564,0.0525806451612903,,,,2473,0.0,0.9227658714112414,0.0,0.0,1.0,20321.58366638179,0.0,1.2712783401693774e-14,2.7725762089358525e-13,0.0,0.0,0.0,,,0.0
immediate_greedy,0,400,2473,2314,0.9357056207035988,0.0642943792964011,0.0028305701577031,0.0614638091386979,0.0,171.95481111035488,142.98315524030886,338.5031668200172,162.82730025433565,925.6,0.6680758485101459,171.28673526184474,0.3013661223883705,0.0979088452600043,0.600725032351625,3023,1.83956334766788,0.0295780350661257,0.0810119984089397,0.0557165861513687,,,,2473,0.0,0.9357056207035988,0.0,0.0,1.0,20712.412873581223,0.0,4.385332968746264e-15,2.733059145367884e-13,0.0,0.0,0.0,,,0.0
immediate_greedy,1,400,2473,2350,0.950262838657501,0.0497371613424989,0.0,0.0497371613424989,0.0,178.34742930579833,151.09137849433864,346.63109496806146,169.72402210525652,940.0,0.3149206459660674,178.03250865983227,0.2870991216736317,0.1024192216905982,0.61048165663577,2715,1.2806629834254144,0.0271570534337291,0.0694739988830407,0.0494825355756791,,,,2473,0.0,0.950262838657501,0.0,0.0,1.0,20987.903639929187,0.0,8.789281359460144e-15,2.650780776913594e-13,0.0,0.0,0.0,,,0.0
immediate_greedy,2,400,2473,2358,0.9534977759805904,0.0465022240194096,0.0020218358269308,0.0444803881924787,0.0,175.4447122493471,145.13914029348962,351.6055401057008,168.33467078413605,943.2,0.6714946877988304,174.7732175615483,0.2855540145805826,0.1022302826235293,0.6122157027958881,2998,1.5643762508338892,0.0281196464482726,0.0717120003537275,0.0486381322957198,,,,2473,0.0,0.9534977759805904,0.0,0.0,1.0,21148.20048051147,0.0,6.574139969565791e-15,2.682696210120665e-13,0.0,0.0,0.0,,,0.0
immediate_greedy,3,400,2473,2355,0.952284674484432,0.0477153255155681,0.0,0.0477153255155681,0.0,177.32507279160288,150.3748209010446,340.8178408375998,168.96188199866114,942.0,0.2110743500300243,177.1139984415729,0.284698606958476,0.1024027739062658,0.6128986191352581,2656,1.2100903614457832,0.0252980421519388,0.0537450017873197,0.0454693082169535,,,,2473,0.0,0.952284674484432,0.0,0.0,1.0,21105.607467116068,0.0,6.154548444365783e-15,2.681503992666557e-13,0.0,0.0,0.0,,,0.0
immediate_greedy,4,400,2473,2347,0.9490497371613424,0.0509502628386575,0.0,0.0509502628386575,0.0,177.31347444182978,148.6894666124108,346.2253440557119,168.3098326541446,938.8,0.2217682680583182,177.09170617377146,0.2871882300549316,0.103198749297888,0.6096130206471804,2667,1.205474315710536,0.0264519683888896,0.0581040034012404,0.0519354838709677,,,,2473,0.0,0.9490497371613424,0.0,0.0,1.0,20992.09859227305,0.0,-8.834480276054292e-16,2.6763820530623325e-13,0.0,0.0,0.0,,,0.0
immediate_greedy,5,400,2473,2353,0.9514759401536595,0.0485240598463404,0.0,0.0485240598463404,0.0,174.43771611982137,149.13521488697415,340.7732034143441,166.0962677551891,941.2,0.3477687044309018,174.0899474153905,0.2884172125320077,0.1011535785786498,0.6104292088893425,2718,1.2560706401766004,0.0265919427060442,0.0647829985246062,0.0528520786335804,,,,2473,0.0,0.9514759401536595,0.0,0.0,1.0,21061.686731297734,0.0,7.324546597990261e-15,2.696195252705284e-13,0.0,0.0,0.0,,,0.0
immediate_greedy,0,450,2473,2363,0.9555196118075212,0.0444803881924787,0.0020218358269308,0.0424585523655479,0.0,155.95752152985597,125.365534733206,312.5730726216501,149.8570114021228,945.2,0.4969863101170653,155.46053521973892,0.3724095360104477,0.0819997950153248,0.5455906689742274,2909,1.4929529047782744,0.0330861807604055,0.0861759946565144,0.0501780511492392,,,,2473,0.0,0.9555196118075212,0.0,0.0,1.0,21192.489739445537,0.0,-3.292988207783664e-15,2.7137778552768096e-13,0.0,0.0,0.0,,,0.0
immediate_greedy,1,450,2473,2382,0.9632025879498584,0.0367974120501415,0.0,0.0367974120501415,0.0,158.75402921551836,130.52288892199385,316.7776495408101,153.03939491497508,952.8,0.1909718884489711,158.56305732706937,0.3652090189462795,0.0834683983554723,0.5513225826982481,2700,1.222592592592593,0.0273188518137127,0.0638079983764326,0.0519354838709677,,,,2473,0.0,0.9632025879498584,0.0,0.0,1.0,21356.4246684646,0.0,2.602545476449181e-15,2.6435361037051363e-13,0.0,0.0,0.0,,,0.0
immediate_greedy,2,450,2473,2378,0.9615851192883138,0.0384148807116862,0.0004043671653861,0.0380105135463,0.0,155.44553989199983,125.58127275111563,311.42645739244284,149.68283794569007,951.2,0.4591897332494436,154.9863501587504,0.3674646492955393,0.0826575687755654,0.5498777819288952,2816,1.310724431818182,0.0305063920326243,0.0940050038479965,0.0510335917312661,,,,2473,0.0,0.9615851192883138,0.0,0.0,1.0,21331.18735628694,0.0,5.674649611063468e-15,2.6767477123712524e-13,0.0,0.0,0.0,,,0.0
immediate_greedy,3,450,2473,2395,0.9684593610998788,0.0315406389001213,0.0,0.0315406389001213,0.0,155.35581391618848,131.3335375928173,308.10170282890704,150.50952215062495,958.0,0.1307781672975558,155.22503574889095,0.3627231335094126,0.0821791964806514,0.5550976700099358,2631,1.1904218928164196,0.029595705097322,0.0827999996545257,0.0463984425697599,,,,2473,0.0,0.9684593610998788,0.0,0.0,1.0,21508.416306842708,0.0,1.809454928735631e-15,2.7201502474746464e-13,0.0,0.0,0.0,,,0.0
immediate_greedy,4,450,2473,2380,0.962393853619086,0.0376061463809138,0.0,0.0376061463809138,0.0,158.09499465724858,127.97417658648853,324.2878217204692,152.21431090430377,952.0,0.2813216549168305,157.81367300233174,0.3634159070147017,0.0836512719280712,0.552932821057227,2674,1.225878833208676,0.0301705311013884,0.0891350000892998,0.0504038772213247,,,,2473,0.0,0.962393853619086,0.0,0.0,1.0,21401.324989826797,0.0,7.285302146800774e-15,2.6991667537844813e-13,0.0,0.0,0.0,,,0.0
immediate_greedy,5,450,2473,2378,0.9615851192883138,0.0384148807116862,0.0,0.0384148807116862,0.0,157.27854416507932,129.22143863378733,323.05610236429186,151.27053503736158,951.2,0.1804780647985912,157.0980661002807,0.36693186708509,0.0833783263701823,0.5496898065447275,2649,1.2004530011325028,0.0333468855979673,0.094079999544192,0.0460889321648815,,,,2473,0.0,0.9615851192883138,0.0,0.0,1.0,21328.99780772166,0.0,5.096754716243864e-15,2.6836957102907106e-13,0.0,0.0,0.0,,,0.0
immediate_greedy,0,500,2473,2377,0.9611807521229276,0.0388192478770723,0.0020218358269308,0.0367974120501415,0.0,143.78788514019516,111.40270314762893,292.4171165580123,138.95070286235898,950.8,0.4323889544239382,143.35549618577124,0.4358087382941995,0.0688259653859865,0.4953652963198139,2888,1.4650277008310248,0.0435049515441666,0.1876540044031578,0.0507926237463604,,,,2473,0.0,0.9611807521229276,0.0,0.0,1.0,21335.424577631828,0.0,-1.3848222339804876e-14,2.6813105094800294e-13,0.0,0.0,0.0,,,0.0
immediate_greedy,1,500,2473,2406,0.9729073999191266,0.0270926000808734,0.0,0.0270926000808734,0.0,142.44987826803867,116.26253707602882,287.149308549441,138.72956050096855,962.4,0.1169664355656831,142.33291183247297,0.4281652146660292,0.0688778310902569,0.5029569542437138,2675,1.2071028037383178,0.0406604486155306,0.2170579986704959,0.0473257698541329,,,,2473,0.0,0.9729073999191266,0.0,0.0,1.0,21650.324521604103,0.0,-7.134774898900322e-16,2.637538289740975e-13,0.0,0.0,0.0,,,0.0
immediate_greedy,2,500,2473,2394,0.9680549939344926,0.0319450060655074,0.0,0.0319450060655074,0.0,145.5811950509515,111.91122213544212,300.1007374974049,141.13767562579886,957.6,0.3440859340256622,145.23710911692584,0.4286419107838897,0.0706339575752183,0.5007241316408918,2798,1.2784131522516082,0.0424178699704875,0.1812359973700952,0.0457792207792207,,,,2473,0.0,0.9680549939344926,0.0,0.0,1.0,21548.433515431883,0.0,-4.471778002193206e-15,2.630834378900079e-13,0.0,0.0,0.0,,,0.0
immediate_greedy,3,500,2473,2413,0.9757379700768296,0.0242620299231702,0.0,0.0242620299231702,0.0,141.95014947786018,115.21096884720646,285.0118044522111,138.5102724721098,965.2,0.1729725235304629,141.77717695432972,0.4264530729891058,0.0691398304863586,0.5044070965245355,2641,1.1866717152593715,0.0447558122356441,0.1813999988371502,0.0451591942820013,,,,2473,0.0,0.9757379700768296,0.0,0.0,1.0,21706.987727720098,0.0,3.3412513903140853e-16,2.627139193209169e-13,0.0,0.0,0.0,,,0.0
immediate_greedy,4,500,2473,2403,0.971694298422968,0.0283057015770319,0.0,0.0283057015770319,0.0,145.54765886162156,116.27985112343411,297.59671069459296,141.51156195476767,961.2,0.3701401043804245,145.1775187572411,0.4269484128154548,0.0705149407736863,0.5025366464108588,2726,1.252751283932502,0.0465898752784437,0.2369499979977263,0.0491750242639922,,,,2473,0.0,0.971694298422968,0.0,0.0,1.0,21647.94512956584,0.0,1.5264065038520982e-15,2.682403242976511e-13,0.0,0.0,0.0,,,0.0
immediate_greedy,5,500,2473,2402,0.971289931257582,0.0287100687424181,0.0,0.0287100687424181,0.0,143.88436704100167,115.96757875190453,293.38861983543967,139.78135106764992,960.8,0.1843126042734206,143.7000544367283,0.4321488978987573,0.0697529004342018,0.4980982016670408,2645,1.2,0.0450565974020781,0.2103239958523771,0.0546799614023801,,,,2473,0.0,0.971289931257582,0.0,0.0,1.0,21490.853382806537,0.0,-3.977297721440247e-15,2.64676152213579e-13,0.0,0.0,0.0,,,0.0
batched_greedy@10s,0,300,2473,2152,0.8701981399110392,0.1298018600889607,0.0076829761423372,0.1221188839466235,0.0,257.63350893574085,229.0281948570805,460.358604103716,227.60702237872604,860.8,5.75278810408922,251.8807208316516,0.09744580529244,0.1686840775887628,0.733870117118797,1047,3.968481375358166,0.062057879633493,0.2006019989494233,0.0554294975688816,,,,2473,0.0,0.8701981399110392,0.0,0.0,1.0,19113.17623736001,0.0,3.1684692044785607e-15,2.737137241353837e-13,0.0,0.0,0.0,,,0.0
batched_greedy@10s,1,300,2473,2125,0.8592802264456126,0.1407197735543874,0.0012131014961585,0.1395066720582288,0.0,283.33510888413923,254.8288393427183,495.1846415357132,245.18619809949232,850.0,6.123294117647059,277.21181476649207,0.0845865230692697,0.1803686818638725,0.7350447950668578,1039,3.4812319538017324,0.0693794994717428,0.2791919995797796,0.0574823378291586,,,,2473,0.0,0.8592802264456126,0.0,0.0,1.0,19069.36492606922,0.0,-2.51197755406953e-16,2.73368778594244e-13,0.0,0.0,0.0,,,0.0
batched_greedy@10s,2,300,2473,2148,0.8685806712494946,0.1314193287505054,0.0040436716538617,0.1273756570966437,0.0,268.2102493932845,237.453328172634,478.20972297035695,236.22131538460167,859.2,5.810521415270019,262.3997279780145,0.0884049020442898,0.1746662032137049,0.7369288947420053,1040,3.796153846153846,0.0757807692165302,0.2971189974050475,0.0459283387622149,,,,2473,0.0,0.8685806712494946,0.0,0.0,1.0,19095.85472054384,0.0,6.057434711078671e-15,2.7483891430031165e-13,0.0,0.0,0.0,,,0.0
batched_greedy@10s,3,300,2473,2147,0.8681763040841084,0.1318236959158916,0.002426202992317,0.1293974929235746,0.0,265.4917771197219,234.3449858869008,483.160916762026,232.2950525048376,858.8,6.293432696786214,259.1983444229357,0.0903597672709808,0.171841069461465,0.7377991632675541,1042,3.5287907869481767,0.0763210173981284,0.2697640000405946,0.0544809800128949,,,,2473,0.0,0.8681763040841084,0.0,0.0,1.0,19081.17572288274,0.0,4.481433078999281e-15,2.753804016057567e-13,0.0,0.0,0.0,,,0.0
batched_greedy@10s,4,300,2473,2112,0.8540234532955924,0.1459765467044076,0.0,0.1459765467044076,0.0,272.06344769394946,244.1680357877135,490.7456616262094,233.6599278324388,844.8,6.09469696969697,265.9687507242524,0.0953705863551562,0.1740764537006833,0.7305529599441605,1036,3.3745173745173744,0.0719619692059622,0.2541100002417811,0.0516295579219102,,,,2473,0.0,0.8540234532955924,0.0,0.0,1.0,19058.32041954817,0.0,6.058074917135489e-15,2.77341491523317e-13,0.0,0.0,0.0,,,0.0
batched_greedy@10s,5,300,2473,2121,0.857662757784068,0.142337242215932,0.0016174686615446,0.1407197735543874,0.0,272.41956955725595,244.65781185715605,497.9021798324666,235.28468100529196,848.4,5.611504007543611,266.80806554971235,0.0987892351708348,0.1756301093996032,0.7255806554295621,1038,3.430635838150289,0.0718184008341222,0.2788150035485147,0.0452326716563618,,,,2473,0.0,0.857662757784068,0.0,0.0,1.0,18917.809260645143,0.0,9.321057729422483e-15,2.7942193584860105e-13,0.0,0.0,0.0,,,0.0
batched_greedy@10s,0,350,2473,2255,0.9118479579458147,0.0881520420541852,0.0056611403154063,0.0824909017387788,0.0,208.35888860163337,180.376876924116,388.2399761702629,192.8653029501,902.0,5.449667405764966,202.9092211958684,0.2068590485093134,0.1268325140334794,0.6663084374572072,1039,3.823869104908566,0.0826877767079634,0.2972339952248142,0.0583682683005482,,,,2473,0.0,0.9118479579458147,0.0,0.0,1.0,20125.864410938226,0.0,7.120788314748809e-15,2.7729009037177133e-13,0.0,0.0,0.0,,,0.0
batched_greedy@10s,1,350,2473,2290,0.9260008087343308,0.0739991912656692,0.0,0.0739991912656692,0.0,220.19365191602617,192.911682282009,407.6666059297767,204.5412304438738,916.0,5.243668122270742,214.94998379375545,0.1888257681739236,0.1338875749127109,0.6772866569133654,1028,3.160505836575876,0.0807020426652523,0.2766170001996216,0.0482669258179462,,,,2473,0.0,0.9260008087343308,0.0,0.0,1.0,20521.72466801612,0.0,1.3859074004866626e-14,2.738769909550421e-13,0.0,0.0,0.0,,,0.0
batched_greedy@10s,2,350,2473,2307,0.9328750505458956,0.0671249494541043,0.0028305701577031,0.0642943792964011,0.0,209.57013783786044,177.31536325102752,398.38651635434695,197.5521097513713,922.8,5.745990463805809,203.82414737405463,0.1898823509905608,0.1299756261050619,0.6801420229043773,1035,3.588405797101449,0.0794771014572715,0.3125180045026344,0.0421430904933028,,,,2473,0.0,0.9328750505458956,0.0,0.0,1.0,20581.057869716235,0.0,7.090990127111728e-15,2.7493819002038055e-13,0.0,0.0,0.0,,,0.0
batched_greedy@10s,3,350,2473,2306,0.9324706833805096,0.0675293166194904,0.0004043671653861,0.0671249494541043,0.0,214.76465487024663,182.2647389702115,406.5336667533725,200.8218260584539,922.4,5.096704249783175,209.66795062046344,0.1834564586962362,0.1318441935467457,0.6846993477570181,1025,3.118048780487805,0.0843184390928732,0.3020719971391372,0.0501131587455544,,,,2473,0.0,0.9324706833805096,0.0,0.0,1.0,20665.1875651306,0.0,-7.37388371429267e-16,2.76051129531589e-13,0.0,0.0,0.0,,,0.0
batched_greedy@10s,4,350,2473,2277,0.9207440355843104,0.0792559644156894,0.0,0.0792559644156894,0.0,215.05539962605263,183.37218943720745,402.0537289348837,198.59245650971363,910.8,4.9437856829161175,210.1116139431365,0.1919780397793479,0.1321490313841649,0.6758729288364872,1023,3.080156402737048,0.0805585534797862,0.2533080005377994,0.0463984425697599,,,,2473,0.0,0.9207440355843104,0.0,0.0,1.0,20455.12901712372,0.0,8.216723061477003e-15,2.7930656372626015e-13,0.0,0.0,0.0,,,0.0
batched_greedy@10s,5,350,2473,2290,0.9260008087343308,0.0739991912656692,0.0008087343307723,0.0731904569348968,0.0,209.6214757483116,181.7942245956931,389.56234542255856,195.03936398656128,916.0,5.2602620087336245,204.361213739578,0.1970823901725381,0.1291042992176462,0.6738133106098158,1032,3.2209302325581395,0.078544379818574,0.2860899978986708,0.0513565891472868,,,,2473,0.0,0.9260008087343308,0.0,0.0,1.0,20432.663063079846,0.0,1.2754862668235071e-14,2.7525618853602625e-13,0.0,0.0,0.0,,,0.0
batched_greedy@10s,0,400,2473,2318,0.9373230893651436,0.0626769106348564,0.0040436716538617,0.0586332389809947,0.0,172.6977517903837,144.8742360919946,331.18076325341406,164.3349008146856,927.2,5.450388265746333,167.24736352463736,0.3025586079594031,0.0956902016740772,0.6017511903665196,1034,3.6595744680851054,0.0841095745511716,0.2515729995502624,0.0551790900290416,,,,2473,0.0,0.9373230893651436,0.0,0.0,1.0,20726.992665081947,0.0,1.3880278385781691e-14,2.6894822291006463e-13,0.0,0.0,0.0,,,0.0
batched_greedy@10s,1,400,2473,2358,0.9534977759805904,0.0465022240194096,0.0004043671653861,0.0460978568540234,0.0,184.00278582981733,155.09065117321506,354.57475176361305,176.0512082427409,943.2,5.002968617472434,178.99981721234488,0.2828854194484496,0.103473659135799,0.6136409214157514,1029,3.13508260447036,0.0879046647904818,0.3302519989665606,0.0476653696498054,,,,2473,0.0,0.9534977759805904,0.0,0.0,1.0,21129.2632140514,0.0,1.2387320459742618e-14,2.6874186600515345e-13,0.0,0.0,0.0,,,0.0
batched_greedy@10s,2,400,2473,2355,0.952284674484432,0.0477153255155681,0.0020218358269308,0.0456934896886372,0.0,178.015918561657,150.61808606353316,353.39263041871214,171.102921031146,942.0,5.387685774946921,172.62823278671007,0.2885649550641945,0.1008615873529011,0.6105734575829043,1037,3.4146576663452266,0.0815891031018236,0.2633200000855143,0.0470932120818447,,,,2473,0.0,0.952284674484432,0.0,0.0,1.0,21111.90214586386,0.0,2.533477084643563e-16,2.703959255133201e-13,0.0,0.0,0.0,,,0.0
batched_greedy@10s,3,400,2473,2362,0.955115244642135,0.0448847553578649,0.0004043671653861,0.0444803881924787,0.0,179.32222664168847,153.13766611299206,343.98322405887063,171.67573936553404,944.8,4.84038950042337,174.48183714126512,0.2816127210759104,0.1015077439355656,0.616879534988524,1023,3.048875855327468,0.0827005864682612,0.267967998224776,0.0439310120403514,,,,2473,0.0,0.955115244642135,0.0,0.0,1.0,21192.623856062663,0.0,6.383077338869444e-17,2.68766568883865e-13,0.0,0.0,0.0,,,0.0
batched_greedy@10s,4,400,2473,2356,0.952689041649818,0.0473109583501819,0.0,0.0473109583501819,0.0,183.70160489531528,154.01911845790892,352.2678483317991,175.28345375388707,942.4,4.902376910016978,178.79922798529827,0.2851275172994885,0.1034332160042176,0.6114392666962938,1021,3.0440744368266404,0.0827281097562807,0.2605600020615382,0.0507105943152454,,,,2473,0.0,0.952689041649818,0.0,0.0,1.0,21080.10339157623,0.0,8.197932052121784e-15,2.674646016832276e-13,0.0,0.0,0.0,,,0.0
batched_greedy@10s,5,400,2473,2357,0.9530934088152042,0.0469065911847957,0.0004043671653861,0.0465022240194096,0.0,183.82712582081456,156.85376981918853,355.7718575917452,175.59509681365054,942.8,5.141281289775138,178.68584453103944,0.2850439264588838,0.1032788522345225,0.6116772213065937,1028,3.103112840466926,0.0831338521256202,0.3023789996950656,0.0543933054393305,,,,2473,0.0,0.9530934088152042,0.0,0.0,1.0,21104.897293732844,0.0,1.7011800915300023e-14,2.703811812636797e-13,0.0,0.0,0.0,,,0.0
batched_greedy@10s,0,450,2473,2355,0.952284674484432,0.0477153255155681,0.0020218358269308,0.0456934896886372,0.0,158.77357757354676,128.32844888888349,316.2408943299253,152.18154980379757,942.0,5.134182590233546,153.6393949833132,0.3737204430007791,0.080660684403991,0.5456188725952298,1036,3.2364864864864864,0.0837062738545222,0.2657150009326872,0.0538709677419354,,,,2473,0.0,0.952284674484432,0.0,0.0,1.0,21120.491415420656,0.0,4.234216185975926e-15,2.7105432783866683e-13,0.0,0.0,0.0,,,0.0
batched_greedy@10s,1,450,2473,2379,0.9619894864537,0.0380105135463,0.0,0.0380105135463,0.0,163.94107315128232,136.6132042266272,323.73772764236185,158.20129924258012,951.6,5.127784783522489,158.81328836775984,0.3641309588205919,0.0832690861412063,0.5525999550382018,1023,3.164222873900293,0.088366275615519,0.2804820021265184,0.0540888602704443,,,,2473,0.0,0.9619894864537,0.0,0.0,1.0,21370.229656753934,0.0,-4.069511063193061e-15,2.62542498133588e-13,0.0,0.0,0.0,,,0.0
batched_greedy@10s,2,450,2473,2382,0.9632025879498584,0.0367974120501415,0.0004043671653861,0.0363930448847553,0.0,159.22135926067145,127.97783135458803,322.88729844317083,153.7883706178055,952.8,5.168765743073048,154.0525935175984,0.367948716252619,0.0819044475451664,0.5501468362022146,1026,3.1374269005847952,0.0830076023136114,0.2614999957586406,0.0507269789983844,,,,2473,0.0,0.9632025879498584,0.0,0.0,1.0,21365.67807082504,0.0,-5.172557969221269e-15,2.665770393867486e-13,0.0,0.0,0.0,,,0.0
batched_greedy@10s,3,450,2473,2401,0.9708855640921956,0.0291144359078042,0.0,0.0291144359078042,0.0,160.83312156760516,133.649785426549,317.5578540111246,156.3361604867853,960.4,4.954602249062891,155.8785193185423,0.3592591306325525,0.082611152393902,0.5581297169735454,1020,3.046078431372549,0.0887448038102935,0.2963190000446042,0.0510171133354859,,,,2473,0.0,0.9708855640921956,0.0,0.0,1.0,21607.69843061857,0.0,5.675038392846542e-15,2.696898653308421e-13,0.0,0.0,0.0,,,0.0
batched_greedy@10s,4,450,2473,2381,0.9627982207844724,0.0372017792155277,0.0004043671653861,0.0367974120501415,0.0,158.9673487351977,129.4467624009776,306.8024351216932,153.39883988398086,952.4,5.08609827803444,153.88125045716325,0.3646940797477488,0.081856066927564,0.5534498533246871,1026,3.104288499025341,0.0860213450601843,0.2820249992510071,0.0583333333333333,,,,2473,0.0,0.9627982207844724,0.0,0.0,1.0,21396.09963526183,0.0,4.109457186319374e-15,2.7201816327915843e-13,0.0,0.0,0.0,,,0.0
batched_greedy@10s,5,450,2473,2377,0.9611807521229276,0.0388192478770723,0.0,0.0388192478770723,0.0,160.151683076493,134.01499857089948,316.5523802185566,154.15549966551717,950.8,4.972233908287758,155.17944916820525,0.3692454402292388,0.082258581614557,0.5484959781562041,1023,3.0498533724340176,0.082232844584245,0.2236339946102816,0.0519354838709677,,,,2473,0.0,0.9611807521229276,0.0,0.0,1.0,21293.2360489514,0.0,2.197372840408713e-15,2.696621965598356e-13,0.0,0.0,0.0,,,0.0
batched_greedy@10s,0,500,2473,2375,0.9603720177921552,0.0396279822078447,0.002426202992317,0.0372017792155277,0.0,148.1130673551368,114.74859881149496,303.4968830186175,143.2253933581275,950.0,5.2871578947368425,142.82590946039994,0.4371963481406981,0.0684664808296129,0.4943371710296889,1035,3.2714975845410628,0.086717874410389,0.2775939989078324,0.0547856912665162,,,,2473,0.0,0.9603720177921552,0.0,0.0,1.0,21273.252531200706,0.0,5.366467504293388e-17,2.665128001329944e-13,0.0,0.0,0.0,,,0.0
batched_greedy@10s,1,500,2473,2408,0.9737161342498988,0.026283865750101,0.0,0.026283865750101,0.0,147.20183041821866,119.24909138995054,295.7392240006126,143.5438769296686,963.2,4.92234219269103,142.2794882255276,0.4266451696374276,0.0691528822103995,0.5042019481521729,1020,3.056862745098039,0.0892302940294886,0.2718590012227643,0.0457792207792207,,,,2473,0.0,0.9737161342498988,0.0,0.0,1.0,21634.7542359172,0.0,9.649534770342536e-15,2.635059022219007e-13,0.0,0.0,0.0,,,0.0
batched_greedy@10s,2,500,2473,2396,0.9688637282652648,0.0311362717347351,0.0,0.0311362717347351,0.0,150.06279642676066,116.77906996586148,303.8277550507528,145.82145581824446,958.4,5.003756260434057,145.0590401663266,0.429033264662264,0.0706169782765781,0.5003497570611578,1025,3.113170731707317,0.0889255610939183,0.3755960037233307,0.0460889321648815,,,,2473,0.0,0.9688637282652648,0.0,0.0,1.0,21546.4718330714,0.0,6.224570108096652e-15,2.6645250650659257e-13,0.0,0.0,0.0,,,0.0
batched_greedy@10s,3,500,2473,2415,0.976546704407602,0.0234532955923978,0.0,0.0234532955923978,0.0,147.60916108989983,122.30851571493258,287.49076809089865,144.25763203886297,966.0,4.9697722567287785,142.63938883317107,0.4245514926544635,0.0692646403627813,0.5061838669827552,1021,3.0352595494613124,0.0935528893508318,0.3915200039045877,0.0448488787780305,,,,2473,0.0,0.976546704407602,0.0,0.0,1.0,21776.43125727219,0.0,6.294573787897544e-15,2.651570244715085e-13,0.0,0.0,0.0,,,0.0
batched_greedy@10s,4,500,2473,2407,0.9733117670845128,0.0266882329154872,0.0,0.0266882329154872,0.0,147.4589964785491,117.51032108934578,294.95847131531536,143.67238355190767,962.8,4.896967179061072,142.56202929948802,0.4277069568212912,0.0696118924401069,0.5026811507386018,1025,3.0253658536585366,0.1029960001483786,0.3314520002459175,0.0497898480439702,,,,2473,0.0,0.9733117670845128,0.0,0.0,1.0,21637.068611183862,0.0,2.544703127069792e-15,2.632984999303779e-13,0.0,0.0,0.0,,,0.0
batched_greedy@10s,5,500,2473,2398,0.9696724625960372,0.0303275374039628,0.0,0.0303275374039628,0.0,148.24306973885285,119.45648114757228,297.7219300969002,143.89643398049702,959.2,4.977481234361968,143.26558850449086,0.4326598030796882,0.0694516596137631,0.4978885373065485,1026,3.037037037037037,0.0958128656948495,0.346999999237596,0.0552876888460302,,,,2473,0.0,0.9696724625960372,0.0,0.0,1.0,21447.12721677429,0.0,2.952878419957985e-16,2.6374371132991624e-13,0.0,0.0,0.0,,,0.0
optimal@10s,0,300,2473,2143,0.8665588354225637,0.1334411645774363,0.004852405984634,0.1285887585928022,0.0,264.4182734439313,238.35533751296495,457.3928246877432,232.22806203839377,857.2,5.4507699486700885,258.96750349526127,0.0972615215674183,0.1722847803355975,0.7304536980969841,1044,3.8515325670498086,0.1576600575581986,0.4453640017163703,0.0577419354838709,3.794460602425069,0.0023273691130127,0.0747126436781609,2473,0.0,0.8665588354225637,0.0,0.0,1.0,19043.045757118107,0.0,-7.630128187904482e-16,2.6930705293739894e-13,0.0,0.0,0.0,,,0.0
optimal@10s,1,300,2473,2125,0.8592802264456126,0.1407197735543874,0.0004043671653861,0.1403154063890012,0.0,274.0453062098516,251.59023061129665,484.83254618684975,236.9355238947916,850.0,5.873882352941177,268.1714238569104,0.085085221397276,0.1756337039184973,0.7392810746842267,1033,3.3872216844143272,0.1512682477413701,0.4869920006603925,0.0482825664290343,5.735834346140344,0.0047007482676906,0.0813165537270087,2473,0.0,0.8592802264456126,0.0,0.0,1.0,19062.268738254872,0.0,1.2732507858505842e-14,2.665375371393833e-13,0.0,0.0,0.0,,,0.0
optimal@10s,2,300,2473,2147,0.8681763040841084,0.1318236959158916,0.0040436716538617,0.1277800242620299,0.0,280.01880482259094,253.48941612227736,499.4212870873058,246.31572421631068,858.8,6.633907778295296,273.38489704429566,0.0766409491431912,0.1807919624419626,0.7425670884148462,1047,3.927411652340019,0.1489197706805125,0.5477799993241195,0.0493346316131126,5.1670201919802246,0.0029603537015174,0.0773638968481375,2473,0.0,0.8681763040841084,0.0,0.0,1.0,19219.942279369323,0.0,9.777615760979184e-15,2.7960597145579255e-13,0.0,0.0,0.0,,,0.0
optimal@10s,3,300,2473,2136,0.8637282652648605,0.1362717347351395,0.0016174686615446,0.1346542660735948,0.0,274.35023711232816,246.89718914581383,496.697448521546,238.6841064395199,854.4,5.939606741573034,268.41063037075514,0.0895167939341545,0.176659029477482,0.7338241765883634,1038,3.443159922928709,0.1491227358026046,0.4873430005682124,0.046148846278843,4.478103832985681,0.0035167711817182,0.0722543352601156,2473,0.0,0.8637282652648605,0.0,0.0,1.0,19032.09436569055,0.0,-2.3574567183941293e-15,2.728622571336463e-13,0.0,0.0,0.0,,,0.0
optimal@10s,4,300,2473,2115,0.8552365547917509,0.1447634452082491,0.0008087343307723,0.1439547108774767,0.0,275.0515685801131,244.81761840696345,494.8362552080988,236.8124642964873,846.0,6.202836879432624,268.8487317006805,0.100267991968087,0.1760358156837791,0.7236961923481338,1032,3.474806201550388,0.159656492274213,0.781467996712302,0.050743374272786,5.350948807892326,0.0041035239685995,0.0804263565891472,2473,0.0,0.8552365547917509,0.0,0.0,1.0,18877.30299307843,0.0,5.866596937688297e-16,2.754785105047304e-13,0.0,0.0,0.0,,,0.0
optimal@10s,5,300,2473,2119,0.8568540234532956,0.1431459765467044,0.0028305701577031,0.1403154063890012,0.0,275.94904957718273,252.5718869505754,496.2172202504855,238.61860592481844,847.6,5.720622935346862,270.2284266418359,0.0966331959109574,0.1771091675091867,0.7262576365798559,1038,3.577071290944123,0.1455301541554349,0.4650289999699443,0.0449657869012707,5.165385084526475,0.0036586035802153,0.0645472061657032,2473,0.0,0.8568540234532956,0.0,0.0,1.0,18841.87263092344,0.0,-1.736537608691656e-15,2.776511127350913e-13,0.0,0.0,0.0,,,0.0
optimal@10s,0,350,2473,2260,0.9138697937727456,0.0861302062272543,0.0060655074807925,0.0800646987464617,0.0,207.8746631665779,179.74502307940406,385.8355058754743,193.16218630521885,904.0,5.500884955752213,202.3737782108257,0.2110965969409138,0.1257978425572312,0.6631055605018549,1042,3.935700575815739,0.1521719768125543,0.465888002217979,0.0537913156189241,1.893631678949642,0.0012445650520921,0.0422264875239923,2473,0.0,0.9138697937727456,0.0,0.0,1.0,20083.575905778074,0.0,1.8462910649691166e-14,2.728242410748822e-13,0.0,0.0,0.0,,,0.0
optimal@10s,1,350,2473,2296,0.9284270117266478,0.0715729882733522,0.0,0.0715729882733522,0.0,217.7929019625666,188.6016860199179,402.50004582164047,202.85786611647916,918.4,5.117595818815331,212.67530614375124,0.1852966044540302,0.1329031735699031,0.6818002219760666,1025,3.147317073170732,0.1517274146104549,0.482687996700406,0.0439310120403514,2.297893403899165,0.0029076806695071,0.0507317073170731,2473,0.0,0.9284270117266478,0.0,0.0,1.0,20591.653462929196,0.0,1.126044669819292e-14,2.7016058766787134e-13,0.0,0.0,0.0,,,0.0
optimal@10s,2,350,2473,2314,0.9357056207035988,0.0642943792964011,0.0028305701577031,0.0614638091386979,0.0,214.1546697431187,179.0791389654628,396.752047687853,202.260378220495,925.6,5.857389801210026,208.29727994190867,0.184457914027627,0.1332988184314313,0.6822432675409418,1041,3.554274735830932,0.1475297790530091,0.4449400032171969,0.0495948136142625,1.3526720786400963,0.0011541809539132,0.042267050912584,2473,0.0,0.9357056207035988,0.0,0.0,1.0,20626.548912229235,0.0,1.169965881594182e-14,2.716626501204785e-13,0.0,0.0,0.0,,,0.0
optimal@10s,3,350,2473,2310,0.9340881520420542,0.0659118479579458,0.0,0.0659118479579458,0.0,209.8372565637303,181.33345435830893,387.6893844751367,196.55441272228757,924.0,5.021645021645021,204.8156115420853,0.1847289477992903,0.1296532805231172,0.6856177716775924,1023,3.1055718475073317,0.1450684262115967,0.4467239987570791,0.0482512953367875,1.9295826379376588,0.0027116143081155,0.0400782013685239,2473,0.0,0.9340881520420542,0.0,0.0,1.0,20698.108561780507,0.0,-3.936245269125555e-15,2.765781831553855e-13,0.0,0.0,0.0,,,0.0
optimal@10s,4,350,2473,2284,0.9235746057420138,0.0764253942579862,0.0,0.0764253942579862,0.0,219.9851185211053,193.5181145570623,407.06391650484704,203.7933727061078,913.6,5.004378283712785,214.98074023739247,0.1890779206434997,0.1360121877702834,0.674909891586217,1027,3.094449853943525,0.1459502434559658,0.4403519968036564,0.0491750242639922,3.4927063518431214,0.0046724374306553,0.0516066212268743,2473,0.0,0.9235746057420138,0.0,0.0,1.0,20441.85499394597,0.0,1.0730470802629271e-14,2.754146395280628e-13,0.0,0.0,0.0,,,0.0
optimal@10s,5,350,2473,2287,0.9247877072381724,0.0752122927618277,0.0008087343307723,0.0744035584310554,0.0,208.9314070334103,183.5820652759885,386.6320425903723,193.98215110487345,914.8,5.042850896370791,203.8885561370395,0.1949517038729684,0.1288656172334961,0.6761826788935354,1029,3.140913508260447,0.1419700679801557,0.3931560000637547,0.0510500807754442,2.4546538133053386,0.0032354105513851,0.0466472303206997,2473,0.0,0.9247877072381724,0.0,0.0,1.0,20410.172259275965,0.0,5.4370344887633366e-15,2.730843778286908e-13,0.0,0.0,0.0,,,0.0
optimal@10s,0,400,2473,2315,0.936109987868985,0.0638900121310149,0.0044480388192478,0.059441973311767,0.0,173.87660725955382,144.50056685808158,333.25265422177966,165.32102960626744,926.0,5.755075593952483,168.12153166560134,0.303845799483684,0.0963363768182505,0.5998178236980655,1035,3.743961352657005,0.1360954589771156,0.3016699956788214,0.0548918308040038,1.9403915542603931,0.0015905611909618,0.0357487922705314,2473,0.0,0.936109987868985,0.0,0.0,1.0,20675.74333091416,0.0,1.5134234158663464e-14,2.744357177314052e-13,0.0,0.0,0.0,,,0.0
optimal@10s,1,400,2473,2351,0.9506672058228872,0.0493327941771128,0.0004043671653861,0.0489284270117266,0.0,182.01251693967976,154.3217535301228,346.8235839521476,173.6763025971598,940.4,5.011909825606125,177.00060711407363,0.2861052889403065,0.1019157521885617,0.6119789588711316,1028,3.1459143968871595,0.1404309337312633,0.2887730015208944,0.0501293661060802,1.979943446395971,0.0029570315679263,0.0379377431906614,2473,0.0,0.9506672058228872,0.0,0.0,1.0,21055.08399519394,0.0,9.420886963871552e-15,2.711906034109393e-13,0.0,0.0,0.0,,,0.0
optimal@10s,2,400,2473,2358,0.9534977759805904,0.0465022240194096,0.0008087343307723,0.0456934896886372,0.0,178.22443828503228,149.29493933654658,351.7866287263021,170.85174531325853,943.2,5.649279050042408,172.57515923498983,0.2882825357428927,0.100889107628098,0.6108283566290093,1026,3.353801169590643,0.1376107211257526,0.2393500035395845,0.0445673389720234,0.8542052065800798,0.0009876592026092,0.030214424951267,2473,0.0,0.9534977759805904,0.0,0.0,1.0,21098.19840117963,0.0,6.614725730686525e-15,2.726428073976998e-13,0.0,0.0,0.0,,,0.0
optimal@10s,3,400,2473,2363,0.9555196118075212,0.0444803881924787,0.0004043671653861,0.0440760210270926,0.0,178.99502356005436,150.8579513737095,344.22253372800844,171.44409413493972,945.2,5.045281421921287,173.94974213813308,0.2823165859408172,0.1011621000214027,0.6165213140377801,1024,3.095703125,0.1376321287835935,0.2407050020701716,0.0498059508408796,1.534883145987178,0.0025719384155463,0.037109375,2473,0.0,0.9555196118075212,0.0,0.0,1.0,21205.001191684853,0.0,4.658990079046965e-15,2.673216893061029e-13,0.0,0.0,0.0,,,0.0
optimal@10s,4,400,2473,2352,0.9510715729882734,0.0489284270117266,0.0,0.0489284270117266,0.0,186.61041552961143,155.3105420197985,359.9199392287635,177.77585819880554,940.8,4.933248299319728,181.6771672302917,0.2825625975498421,0.1050883941042305,0.6123490083459273,1023,3.048875855327468,0.1372494623230571,0.261480001354357,0.0525467440361057,1.246843980805737,0.0021722533135387,0.032258064516129,2473,0.0,0.9510715729882734,0.0,0.0,1.0,21092.99484547488,0.0,8.341022506095394e-15,2.7001379212642055e-13,0.0,0.0,0.0,,,0.0
optimal@10s,5,400,2473,2356,0.952689041649818,0.0473109583501819,0.0004043671653861,0.0469065911847957,0.0,181.0903911329459,156.10084656463982,351.8141106160874,173.0024667892108,942.4,4.999151103565365,176.09124002938054,0.2863047278053616,0.1019464005056023,0.611748871689036,1026,3.0974658869395717,0.1442417153979916,0.3208250018360559,0.0454840805717998,1.9833858868283791,0.0031737207786473,0.0263157894736842,2473,0.0,0.952689041649818,0.0,0.0,1.0,21108.46269046938,0.0,8.310650790445357e-15,2.7278801741522484e-13,0.0,0.0,0.0,,,0.0
optimal@10s,0,450,2473,2359,0.9539021431459764,0.0460978568540234,0.0020218358269308,0.0440760210270926,0.0,161.1895316961157,130.60764421849353,317.5737818222221,154.69927325120327,943.6,5.162780839338703,156.02675085677697,0.3716958755268044,0.0820227788271149,0.5462813456460807,1036,3.2345559845559846,0.1390078186079307,0.2990799977851567,0.0526485788113695,1.6261310061013328,0.002293564816791,0.0366795366795366,2473,0.0,0.9539021431459764,0.0,0.0,1.0,21176.29299286873,0.0,4.544054831437394e-15,2.71371075015465e-13,0.0,0.0,0.0,,,0.0
optimal@10s,1,450,2473,2390,0.9664375252729478,0.0335624747270521,0.0,0.0335624747270521,0.0,161.50950787224406,135.2371538858365,318.0985375735391,156.43175245235068,956.0,4.9903765690376565,156.5191313032064,0.3627705727378983,0.0831467625968175,0.5540826646652842,1023,3.101661779081134,0.1484806451691362,0.3625440031464666,0.0491909385113268,1.234155900756969,0.0022527508310117,0.0293255131964809,2473,0.0,0.9664375252729478,0.0,0.0,1.0,21462.161594923928,0.0,7.124565930243075e-15,2.672928359355157e-13,0.0,0.0,0.0,,,0.0
optimal@10s,2,450,2473,2382,0.9632025879498584,0.0367974120501415,0.0004043671653861,0.0363930448847553,0.0,156.78684078276095,126.10943426079984,314.65072586007994,151.47335928970895,952.8,5.053736356003358,151.7331044267576,0.3671028014470173,0.0812809367050916,0.551616261847891,1028,3.111867704280156,0.1463806421281036,0.3797330015368061,0.0501131587455544,1.0717851439615684,0.0018922081768525,0.0252918287937743,2473,0.0,0.9632025879498584,0.0,0.0,1.0,21382.891462581105,0.0,3.0346096006420944e-15,2.660223007453091e-13,0.0,0.0,0.0,,,0.0
optimal@10s,3,450,2473,2398,0.9696724625960372,0.0303275374039628,0.0,0.0303275374039628,0.0,160.79380199097957,135.54219651537824,311.6226385534046,156.09322166371572,959.2,4.891576313594662,155.9022256773849,0.3606433828363063,0.0827406195860611,0.5566159975776326,1019,3.030421982335623,0.1473861628361009,0.3890019953541919,0.0463984425697599,1.6149386879311431,0.0034282596001548,0.0323846908734053,2473,0.0,0.9696724625960372,0.0,0.0,1.0,21547.261118861097,0.0,1.2130135650452054e-14,2.684068332248389e-13,0.0,0.0,0.0,,,0.0
optimal@10s,4,450,2473,2389,0.9660331581075616,0.0339668418924383,0.0,0.0339668418924383,0.0,161.1711539325957,131.63085800685894,317.94402271177955,155.94253406590013,955.6,5.000837170364169,156.17031676223152,0.3600479586952334,0.0832165117328686,0.556735529571898,1028,3.059338521400778,0.1513509728195207,0.3977919968747301,0.0519354838709677,1.2995201068158786,0.0025466618686489,0.0252918287937743,2473,0.0,0.9660331581075616,0.0,0.0,1.0,21553.06194224653,0.0,-5.446552469069416e-17,2.6982202342853613e-13,0.0,0.0,0.0,,,0.0
optimal@10s,5,450,2473,2378,0.9615851192883138,0.0384148807116862,0.0,0.0384148807116862,0.0,161.72891169278415,134.627732506332,324.6602970536109,155.74336918942203,951.2,4.9760302775441545,156.75288141524,0.368576672003522,0.0826865812741948,0.5487367467222831,1023,3.0527859237536656,0.1496941348352198,0.3817939999862573,0.0485594043379734,1.3761750985952304,0.0026869113261906,0.0263929618768328,2473,0.0,0.9615851192883138,0.0,0.0,1.0,21279.76736213429,0.0,-9.88929525130785e-16,2.678353754088961e-13,0.0,0.0,0.0,,,0.0
optimal@10s,0,500,2473,2380,0.962393853619086,0.0376061463809138,0.002426202992317,0.0351799433885968,0.0,148.77442232190882,116.0917461731392,298.0942581400485,144.10391748173978,952.0,5.327310924369748,143.44711139753906,0.435414274478353,0.069101030840347,0.4954846946812999,1038,3.2610789980732178,0.1456105010553154,0.3980939990287851,0.0532601678502259,0.9204431419260772,0.0013234066353975,0.0202312138728323,2473,0.0,0.962393853619086,0.0,0.0,1.0,21314.100117749236,0.0,-6.271174056239813e-15,2.653136347407208e-13,0.0,0.0,0.0,,,0.0
optimal@10s,1,500,2473,2407,0.9733117670845128,0.0266882329154872,0.0,0.0266882329154872,0.0,146.33463801785925,119.69366041285866,297.5494540049221,142.67952839020916,962.8,4.863315330286664,141.47132268757258,0.4286714858259687,0.0684842022128804,0.5028443119611509,1028,3.0282101167315174,0.1490382293378186,0.4049559977283935,0.0460889321648815,0.996663903939912,0.0022213540850902,0.0252918287937743,2473,0.0,0.9733117670845128,0.0,0.0,1.0,21613.19598378149,0.0,6.4036852264565415e-15,2.658682026785256e-13,0.0,0.0,0.0,,,0.0
optimal@10s,2,500,2473,2394,0.9680549939344926,0.0319450060655074,0.0,0.0319450060655074,0.0,151.15760959691892,115.98741053015146,310.58819266042303,146.75144252932628,957.6,5.0,146.15760959691892,0.4288757375858095,0.0708888781979337,0.5002353842162567,1025,3.109268292682927,0.1455021461985846,0.3587440008413977,0.0476344782890473,0.9056685803875286,0.001673630590398,0.0253658536585365,2473,0.0,0.9680549939344926,0.0,0.0,1.0,21540.44832556888,0.0,1.3355138957040629e-15,2.6544189662602864e-13,0.0,0.0,0.0,,,0.0
optimal@10s,3,500,2473,2415,0.976546704407602,0.0234532955923978,0.0,0.0234532955923978,0.0,146.61436458914324,121.40028181498384,284.6296451481807,143.31002445725065,966.0,4.92463768115942,141.6897269079838,0.4255277058873672,0.0686861070677018,0.505786187044931,1019,3.0363101079489696,0.1523605495092886,0.3742099985538515,0.0457792207792207,1.065153818407124,0.0024671118681623,0.0274779195289499,2473,0.0,0.976546704407602,0.0,0.0,1.0,21764.575792683416,0.0,5.756885651416557e-15,2.640007375350541e-13,0.0,0.0,0.0,,,0.0
optimal@10s,4,500,2473,2401,0.9708855640921956,0.0291144359078042,0.0004043671653861,0.0287100687424181,0.0,150.76122066918643,120.10195803346323,303.183159668436,146.57370178782674,960.4,5.204081632653061,145.55713903653336,0.4274467131881005,0.0703770873093384,0.502176199502561,1024,3.109375,0.1457401367375155,0.2736579983320552,0.0513400064578624,0.7437599947099941,0.0014507750450591,0.02734375,2473,0.0,0.9708855640921956,0.0,0.0,1.0,21617.57682760832,0.0,5.447722424955776e-15,2.681674587143173e-13,0.0,0.0,0.0,,,0.0
optimal@10s,5,500,2473,2403,0.971694298422968,0.0283057015770319,0.0,0.0283057015770319,0.0,148.93771262315786,120.7468394377338,299.5538313653873,144.84647126301994,961.2,4.9508947149396585,143.9868179082182,0.4308820904748042,0.0696953180056522,0.4994225915195436,1022,3.0391389432485325,0.1468743639402961,0.3126150018215402,0.0504038772213247,1.6528920401319924,0.0037332078149764,0.0303326810176125,2473,0.0,0.971694298422968,0.0,0.0,1.0,21551.326520486567,0.0,1.2518677083078784e-14,2.627305133519708e-13,0.0,0.0,0.0,,,0.0
batched_greedy@10s+aware,0,300,2473,2183,0.8827335220380105,0.1172664779619894,0.035584310553983,0.0816821674080064,0.0,272.8055065588869,259.1747477492313,478.9026507032036,253.5666828160192,873.2,15.532295006871278,257.27321155201565,0.0895937767851824,0.1671887781108758,0.7432174451039417,1110,8.046846846846847,0.0565050450244893,0.1593289994343651,0.0584523414148123,,,,2473,0.0,0.8827335220380105,0.0,0.0,1.0,19445.658740310395,0.0,2.094522448289622e-15,2.764200025792883e-13,0.0,0.0,0.0,,,0.0
batched_greedy@10s+aware,1,300,2473,2161,0.8738374443995147,0.1261625556004852,0.0327537403962798,0.0934088152042054,0.0,287.9461928645078,270.31154062505175,499.2488853659315,261.78998990180725,864.4,21.18463674224896,266.76155612225887,0.0791311635396885,0.1686971808429694,0.752171655617342,1071,8.437908496732026,0.0540810457838287,0.1339300019026267,0.0454697425610163,,,,2473,0.0,0.8738374443995147,0.0,0.0,1.0,19473.66807973417,0.0,-6.643870501829026e-15,2.703453174214399e-13,0.0,0.0,0.0,,,0.0
batched_greedy@10s+aware,2,300,2473,2186,0.883946623534169,0.1160533764658309,0.0396279822078447,0.0764253942579862,0.0,285.6228856570788,271.27126918822614,498.0251256709949,267.0134721738469,874.4,20.23010064043916,265.39278501663966,0.0806148466697659,0.1689045038783078,0.7504806494519263,1073,9.646784715750233,0.05307120239238,0.1498479966539889,0.051239115874079,,,,2473,0.0,0.883946623534169,0.0,0.0,1.0,19569.77356332081,0.0,1.8268806209600448e-14,2.707560718274276e-13,0.0,0.0,0.0,,,0.0
batched_greedy@10s+aware,3,300,2473,2170,0.8774767488879903,0.1225232511120097,0.0400323493732308,0.0824909017387788,0.0,282.68162095467534,263.1646890426514,492.3134590379711,260.4814636040137,868.0,19.61520737327189,263.0664135814034,0.0846553782992345,0.1670901404087217,0.7482544812920437,1073,8.66076421248835,0.0528027027193218,0.1480879989685489,0.047970479704797,,,,2473,0.0,0.8774767488879903,0.0,0.0,1.0,19464.258856589066,0.0,8.107800145548286e-15,2.72965879290613e-13,0.0,0.0,0.0,,,0.0
batched_greedy@10s+aware,4,300,2473,2154,0.8710068742418116,0.1289931257581884,0.0440760210270926,0.0849171047310958,0.0,293.8577077037531,276.61774959587547,510.146917167905,270.31992172663246,861.6,24.4958217270195,269.3618859767336,0.0961651691350527,0.1673819171711854,0.7364529136937618,1083,10.13758079409049,0.0539793166967662,0.154917999607278,0.0498148771457421,,,,2473,0.0,0.8710068742418116,0.0,0.0,1.0,19214.615444743853,0.0,3.1754234030225928e-15,2.664234251557952e-13,0.0,0.0,0.0,,,0.0
batched_greedy@10s+aware,5,300,2473,2167,0.8762636473918318,0.1237363526081682,0.0408410837040032,0.0828952689041649,0.0,287.7921811378372,268.0260320088555,498.7265773457272,264.4617476856247,866.8,21.62898015689894,266.1632009809382,0.0914891404409344,0.1690148949104723,0.7394959646485932,1075,9.29953488372093,0.0546092093315755,0.1353119971463456,0.052807486631016,,,,2473,0.0,0.8762636473918318,0.0,0.0,1.0,19262.9979980951,0.0,7.671041671946261e-15,2.715194628124343e-13,0.0,0.0,0.0,,,0.0
batched_greedy@10s+aware,0,350,2473,2267,0.9167003639304488,0.0832996360695511,0.0230489284270117,0.0602507076425394,0.0,210.46030678945397,180.06651924338257,404.4660264112809,201.3569106277047,906.8,9.693427437141596,200.76687935231237,0.2091252578959981,0.1236917039568991,0.6671830381471027,1060,6.193396226415095,0.0654037736033919,0.1553479952417549,0.049039098740888,,,,2473,0.0,0.9167003639304488,0.0,0.0,1.0,20240.04485914439,0.0,8.480791425689793e-15,2.762389640660324e-13,0.0,0.0,0.0,,,0.0
batched_greedy@10s+aware,1,350,2473,2303,0.931257581884351,0.068742418115649,0.0165790537808329,0.052163364334816,0.0,222.29456964588263,191.5669644108102,423.110336628294,211.90740375289488,921.2,11.388189318280505,210.9063803276022,0.1920492622919535,0.1292017132688137,0.6787490244392327,1056,5.464962121212121,0.0625530302648147,0.1456249996408587,0.0480105228543242,,,,2473,0.0,0.931257581884351,0.0,0.0,1.0,20603.591001155808,0.0,1.242398860010187e-14,2.768329301019587e-13,0.0,0.0,0.0,,,0.0
batched_greedy@10s+aware,2,350,2473,2305,0.9320663162151234,0.0679336837848766,0.021431459765467,0.0465022240194096,0.0,210.99204863400533,180.6832823810801,398.6104041864194,203.96963656885265,922.0,9.226898047722342,201.765150586283,0.1935512571651819,0.1261900110272284,0.6802587318075897,1066,5.702626641651032,0.0645422139193025,0.1558900032250675,0.0434926958831341,,,,2473,0.0,0.9320663162151234,0.0,0.0,1.0,20592.15028588374,0.0,6.3673337511213525e-15,2.750264706261757e-13,0.0,0.0,0.0,,,0.0
batched_greedy@10s+aware,3,350,2473,2313,0.9353012535382128,0.0646987464617873,0.0129397492923574,0.0517589971694298,0.0,212.54049175596057,186.84545076626276,399.1992181336937,203.3006769537215,925.2,9.003026372676178,203.5374653832844,0.1894842751665659,0.1265480471620818,0.6839676776713524,1050,4.862857142857143,0.0619395236745255,0.1443850004579871,0.0431346723740533,,,,2473,0.0,0.9353012535382128,0.0,0.0,1.0,20694.750728810428,0.0,8.37721591187978e-15,2.729307388730733e-13,0.0,0.0,0.0,,,0.0
batched_greedy@10s+aware,4,350,2473,2291,0.9264051758997168,0.073594824100283,0.0186008896077638,0.0549939344925192,0.0,225.6149030926443,199.5402461579156,425.3454532429496,215.485973657503,916.4,10.926669576604104,214.68823351604016,0.1898976538689783,0.1307880622929685,0.6793142838380531,1057,5.739829706717124,0.0639660358541295,0.1374880041112193,0.0455746367239101,,,,2473,0.0,0.9264051758997168,0.0,0.0,1.0,20579.668476530314,0.0,1.008631075745882e-14,2.79560651266494e-13,0.0,0.0,0.0,,,0.0
batched_greedy@10s+aware,5,350,2473,2301,0.9304488475535786,0.0695511524464213,0.0202183582693085,0.0493327941771128,0.0,222.0679113777885,194.50985290693825,421.8485241647068,213.0610746562373,920.4,10.67535853976532,211.3925528380232,0.1886172385041567,0.1305288497240483,0.6808539117717949,1060,5.702830188679245,0.0621801886360494,0.1515640001889551,0.055573716900948,,,,2473,0.0,0.9304488475535786,0.0,0.0,1.0,20597.588647117336,0.0,-1.5767965425793185e-15,2.727302183406085e-13,0.0,0.0,0.0,,,0.0
batched_greedy@10s+aware,0,400,2473,2332,0.94298422968055,0.05701577031945,0.0149615851192883,0.0420541852001617,0.0,181.5228887204724,152.0110119111498,356.2648403146208,176.7320645425127,932.8,8.378644939965694,173.14424378050666,0.2950787086264042,0.0978373053972391,0.6070839859763566,1054,5.175521821631879,0.074751138447676,0.1745410009607439,0.0517523747133966,,,,2473,0.0,0.94298422968055,0.0,0.0,1.0,20995.83873770875,0.0,7.289004543834046e-15,2.7152360786674773e-13,0.0,0.0,0.0,,,0.0
batched_greedy@10s+aware,1,400,2473,2363,0.9555196118075212,0.0444803881924787,0.0093004448038819,0.0351799433885968,0.0,188.08721289517223,156.3445784800724,371.6412999791938,182.7235894836652,945.2,8.820143884892087,179.26706901028018,0.2813270765793537,0.101668642477986,0.6170042809426602,1051,4.542340627973359,0.0724380590308162,0.1651999991736374,0.0470896010464355,,,,2473,0.0,0.9555196118075212,0.0,0.0,1.0,21234.584289637038,0.0,5.236324845301469e-15,2.7076201815735776e-13,0.0,0.0,0.0,,,0.0
batched_greedy@10s+aware,2,400,2473,2362,0.955115244642135,0.0448847553578649,0.0157703194500606,0.0291144359078042,0.0,181.3788135986166,151.15874937045328,362.73073684140536,179.21254349385637,944.8,8.672734970364099,172.7060786282525,0.2864291513309455,0.0993280989558736,0.6142427497131808,1051,5.3434823977164605,0.0733245480130515,0.1649500009079929,0.0429610046265697,,,,2473,0.0,0.955115244642135,0.0,0.0,1.0,21217.066934617244,0.0,6.371232453085975e-15,2.6611566464411864e-13,0.0,0.0,0.0,,,0.0
batched_greedy@10s+aware,3,400,2473,2364,0.9559239789729074,0.0440760210270926,0.0084917104731095,0.035584310553983,0.0,181.3230772401004,155.7087217984972,349.97477935247383,176.34369112415774,945.6,6.730964467005077,174.59211277309535,0.2812710710318106,0.1003178866922497,0.6184110422759397,1041,4.037463976945245,0.0717954850794437,0.1661199989030133,0.0454694144586195,,,,2473,0.0,0.9559239789729074,0.0,0.0,1.0,21287.65784391732,0.0,9.802555458456447e-15,2.7175864491628576e-13,0.0,0.0,0.0,,,0.0
batched_greedy@10s+aware,4,400,2473,2364,0.9559239789729074,0.0440760210270926,0.0109179134654266,0.0331581075616659,0.0,186.1385113141056,158.86796728220588,359.718890008202,181.55555094513517,945.6,8.795262267343485,177.34324904676205,0.2821027675254998,0.1010047987566872,0.616892433717813,1053,4.626780626780627,0.0710035138769015,0.1635120017454029,0.0474321229964017,,,,2473,0.0,0.9559239789729074,0.0,0.0,1.0,21277.45260400046,0.0,2.1285567781005e-14,2.672559485241977e-13,0.0,0.0,0.0,,,0.0
batched_greedy@10s+aware,5,400,2473,2353,0.9514759401536595,0.0485240598463404,0.0125353821269712,0.0359886777193691,0.0,185.32355745496665,155.95322518105968,361.3434203606346,180.20263816732023,941.2,8.257543561410964,177.06601389355563,0.2860576683435006,0.1007257673362222,0.6132165643202773,1056,4.578598484848484,0.0711835226604417,0.1642349994654073,0.0552306692657569,,,,2473,0.0,0.9514759401536595,0.0,0.0,1.0,21175.31994952559,0.0,1.3375521590341665e-15,2.715276178806364e-13,0.0,0.0,0.0,,,0.0
batched_greedy@10s+aware,0,450,2473,2369,0.9579458147998382,0.0420541852001617,0.0125353821269712,0.0295188030731904,0.0,161.92685275621665,129.4467624009776,325.8390003882323,159.74830880038357,947.6,8.085268045588856,153.8415847106278,0.3703954481773883,0.0800202402063293,0.5495843116162823,1056,4.867424242424242,0.0778052083756902,0.1793799980077892,0.0528720626631853,,,,2473,0.0,0.9579458147998382,0.0,0.0,1.0,21355.989142099315,0.0,5.49759571856175e-15,2.68860680635105e-13,0.0,0.0,0.0,,,0.0
batched_greedy@10s+aware,1,450,2473,2394,0.9680549939344926,0.0319450060655074,0.007278608976951,0.0246663970885564,0.0,169.17200570475984,141.08430516997623,333.78087006707705,166.1743944349019,957.6,7.828738512949039,161.3432671918108,0.3617645599083578,0.0841891094314063,0.5540463306602359,1042,4.219769673704414,0.0790712091623874,0.183417999651283,0.0519649236765183,,,,2473,0.0,0.9680549939344926,0.0,0.0,1.0,21439.54492574209,0.0,1.1793684937026884e-14,2.6637385326357533e-13,0.0,0.0,0.0,,,0.0
batched_greedy@10s+aware,2,450,2473,2380,0.962393853619086,0.0376061463809138,0.0157703194500606,0.0218358269308532,0.0,161.58771672827828,128.06681879242274,333.5993271041031,161.03440264904364,952.0,7.746218487394958,153.8414982408833,0.3689964913486375,0.080241101363034,0.5507624072883285,1053,4.899335232668566,0.0794055080679749,0.1765559986233711,0.0476503450542228,,,,2473,0.0,0.962393853619086,0.0,0.0,1.0,21387.7363595522,0.0,6.363443852151937e-15,2.662450092327235e-13,0.0,0.0,0.0,,,0.0
batched_greedy@10s+aware,3,450,2473,2393,0.9676506267691064,0.0323493732308936,0.0060655074807925,0.026283865750101,0.0,162.32142096879645,136.33144252458987,321.2703838952955,159.20609953160204,957.2,6.537400752193899,155.78402021660256,0.3619470340099778,0.0808512845290889,0.5572016814609332,1035,3.8241545893719806,0.0789171981286136,0.1717299979645758,0.0450685826257348,,,,2473,0.0,0.9676506267691064,0.0,0.0,1.0,21564.678413015037,0.0,5.719620347757565e-15,2.684502571483919e-13,0.0,0.0,0.0,,,0.0
batched_greedy@10s+aware,4,450,2473,2388,0.9656287909421756,0.0343712090578245,0.0068742418115649,0.0274969672462596,0.0,162.9090135759649,131.2407780376789,328.26169756502713,159.83110508178248,955.2,7.311139028475712,155.59787454748923,0.3632688352898209,0.0819210300724298,0.5548101346377493,1043,4.09875359539789,0.0765403644592534,0.1866180010256355,0.054674862504044,,,,2473,0.0,0.9656287909421756,0.0,0.0,1.0,21481.170540113508,0.0,1.35596912443938e-14,2.718371777444406e-13,0.0,0.0,0.0,,,0.0
batched_greedy@10s+aware,5,450,2473,2377,0.9611807521229276,0.0388192478770723,0.007278608976951,0.0315406389001213,0.0,164.17756264251554,137.4052312469853,330.70595242879625,160.2111672105782,950.8,7.213294068153134,156.96426857436242,0.3684981410969034,0.0821419200521158,0.5493599388509807,1043,4.01150527325024,0.0798954936649051,0.1885119978396686,0.0488440247476392,,,,2473,0.0,0.9611807521229276,0.0,0.0,1.0,21293.54778852333,0.0,1.0460477433531765e-15,2.6888471349429463e-13,0.0,0.0,0.0,,,0.0
batched_greedy@10s+aware,0,500,2473,2390,0.9664375252729478,0.0335624747270521,0.0093004448038819,0.0242620299231702,0.0,151.47540317167173,118.22094741676256,312.29624962021217,149.70921962519594,956.0,7.534309623430962,143.94109354824076,0.4308522229666695,0.0689064532891879,0.5002413237441425,1050,4.408571428571428,0.0826486665824805,0.1894160015217494,0.0508474576271186,,,,2473,0.0,0.9664375252729478,0.0,0.0,1.0,21560.29980795136,0.0,1.1154814868171048e-14,2.6953855233310896e-13,0.0,0.0,0.0,,,0.0
batched_greedy@10s+aware,1,500,2473,2414,0.976142337242216,0.023857662757784,0.0068742418115649,0.0169834209462191,0.0,148.88388296549047,120.4898163763055,297.58869683079195,147.47033435041408,965.6,6.937862468931234,141.94602049655924,0.4270217717811774,0.0683986086133834,0.5045796196054391,1038,3.9258188824662814,0.0832431597947721,0.1929519994882866,0.0472774698402347,,,,2473,0.0,0.976142337242216,0.0,0.0,1.0,21701.35328467616,0.0,6.500093660413085e-15,2.6319119947968295e-13,0.0,0.0,0.0,,,0.0
batched_greedy@10s+aware,2,500,2473,2393,0.9676506267691064,0.0323493732308936,0.009704811969268,0.0226445612616255,0.0,152.5642021784548,118.50064491226748,309.24068867309995,150.9681108810461,957.2,7.778938570831592,144.78526360762322,0.4320258679960673,0.0689653076634399,0.4990088243404928,1050,4.371428571428571,0.0826880002430351,0.1918789984483737,0.0477124183006535,,,,2473,0.0,0.9676506267691064,0.0,0.0,1.0,21496.27955572768,0.0,9.253961760876847e-15,2.714033668835962e-13,0.0,0.0,0.0,,,0.0
batched_greedy@10s+aware,3,500,2473,2408,0.9737161342498988,0.026283865750101,0.0052567731500202,0.0210270926000808,0.0,147.48244757331443,123.47496421973436,293.5536637864512,144.96713814045597,963.2,5.695598006644518,141.78684956666993,0.4275701685996634,0.0680915777195238,0.5043382536808128,1035,3.451207729468599,0.0830736232990093,0.1854100004129576,0.046594982078853,,,,2473,0.0,0.9737161342498988,0.0,0.0,1.0,21692.273429022796,0.0,7.121379897738888e-15,2.627196171944108e-13,0.0,0.0,0.0,,,0.0
batched_greedy@10s+aware,4,500,2473,2416,0.9769510715729884,0.0230489284270117,0.002426202992317,0.0206227254346947,0.0,150.52363527372245,118.97147954718388,307.1785016309386,148.37598939525162,966.4,6.354718543046357,144.16891673067607,0.4247470551138083,0.0699219865116662,0.5053309583745255,1038,3.6252408477842,0.0824533718533707,0.1802530027634926,0.0556986477784932,,,,2473,0.0,0.9769510715729884,0.0,0.0,1.0,21760.112976819382,0.0,7.92495208529823e-15,2.6347311014302025e-13,0.0,0.0,0.0,,,0.0
batched_greedy@10s+aware,5,500,2473,2399,0.9700768297614234,0.0299231702385766,0.0076829761423372,0.0222401940962393,0.0,147.1873990037393,118.07845968040964,299.4540347509549,145.2393128114225,959.6,7.025844101709046,140.16155490203025,0.4336159896601671,0.0671679546069412,0.4992160557328917,1046,3.9875717017208414,0.0819911089731691,0.2055650009424425,0.0540978296080336,,,,2473,0.0,0.9700768297614234,0.0,0.0,1.0,21531.997839952743,0.0,2.499968644862482e-16,2.66515631758268e-13,0.0,0.0,0.0,,,0.0
optimal@10s+aware,0,300,2473,2183,0.8827335220380105,0.1172664779619894,0.0380105135463,0.0792559644156894,0.0,269.11548258254567,247.67851200065525,478.4100199946761,251.240311756808,873.2,16.370132844709115,252.74534973783656,0.0896625951443578,0.1646051157819639,0.7457322890736782,1080,8.651851851851852,0.1232522222616589,0.2098520029539941,0.0551102204408817,8.989019141892047,0.0014592686588067,0.0712962962962963,2473,0.0,0.8827335220380105,0.0,0.0,1.0,19508.61793837923,0.0,-1.0370896893337696e-15,2.7547323611907653e-13,0.0,0.0,0.0,,,0.0
optimal@10s+aware,1,300,2473,2174,0.879094217549535,0.120905782450465,0.0315406389001213,0.0893651435503437,0.0,297.4243174373462,282.0805938694876,496.702088578369,272.15423440130104,869.6,21.846366145354185,275.577951291992,0.0757696908244672,0.1738185442173725,0.7504117649581602,1081,8.637372802960222,0.1253293247509099,0.2119200027664192,0.0470156718906302,6.033017510490282,0.0009690739736594,0.0536540240518038,2473,0.0,0.879094217549535,0.0,0.0,1.0,19458.877087474502,0.0,7.223905619658517e-15,2.734159622617071e-13,0.0,0.0,0.0,,,0.0
optimal@10s+aware,2,300,2473,2193,0.8867771936918722,0.1132228063081277,0.0392236150424585,0.0739991912656692,0.0,281.93860412128095,267.38713430769303,487.0509818315193,264.0426897177629,877.2,21.25079799361605,260.6878061276649,0.0820859272839026,0.1679093478692112,0.7500047248468861,1073,9.752096924510717,0.1261097855919335,0.2541119992383751,0.0451482479784366,7.542022484716114,0.0010511202760729,0.0559179869524697,2473,0.0,0.8867771936918722,0.0,0.0,1.0,19534.962176904824,0.0,1.3141436057099778e-14,2.700133271959264e-13,0.0,0.0,0.0,,,0.0
optimal@10s+aware,3,300,2473,2169,0.8770723817226042,0.1229276182773958,0.0392236150424585,0.0837040032349373,0.0,281.3442810042649,265.75342831759644,481.7769544237474,259.00176763498234,867.6,19.74319963116644,261.6010813730984,0.0891273475918055,0.1665415966715356,0.7443310557366588,1086,8.534069981583794,0.1268725598687186,0.2270750013849467,0.0527018012008005,6.139620891923003,0.0010086601197014,0.0626151012891344,2473,0.0,0.8770723817226042,0.0,0.0,1.0,19373.86601837517,0.0,-9.786751604810048e-16,2.720102714864925e-13,0.0,0.0,0.0,,,0.0
optimal@10s+aware,4,300,2473,2162,0.8742418115649009,0.125758188435099,0.040436716538617,0.085321471896482,0.0,298.18736329125664,283.08242112364337,506.25427835246666,273.50734993594153,864.8,23.406105457909344,274.7812578333473,0.0829011006467964,0.1730818916287561,0.7440170077244475,1084,9.58210332103321,0.1237449261505497,0.2305609983886827,0.0467855940760686,9.16017865687779,0.0012923555473776,0.066420664206642,2473,0.0,0.8742418115649009,0.0,0.0,1.0,19419.91788846673,0.0,1.2265653597126103e-14,2.742782874086631e-13,0.0,0.0,0.0,,,0.0
optimal@10s+aware,5,300,2473,2171,0.8778811160533765,0.1221188839466235,0.0388192478770723,0.0832996360695511,0.0,287.86739196466414,270.76318133083896,492.5863140309398,264.10544682753965,868.4,21.525103638876093,266.34228832578805,0.0882330131822739,0.1703389590063714,0.7414280278113546,1078,9.026901669758812,0.1247089980593459,0.266554999179789,0.0473154362416107,7.822719706410549,0.00119508446419,0.0612244897959183,2473,0.0,0.8778811160533765,0.0,0.0,1.0,19318.728067424057,0.0,7.32102847560283e-16,2.738312161595365e-13,0.0,0.0,0.0,,,0.0
optimal@10s+aware,0,350,2473,2275,0.9199353012535382,0.0800646987464617,0.0258794985847149,0.0541852001617468,0.0,214.25051285245004,187.7408902317079,405.437354229474,206.12343848789828,910.0,10.152967032967034,204.09754581948303,0.2055625616531875,0.1245547175041099,0.6698827208427025,1069,6.381665107577175,0.1282169318698491,0.2531759973498991,0.0510440835266821,4.637332808331893,0.0011922267067794,0.049579045837231,2473,0.0,0.9199353012535382,0.0,0.0,1.0,20389.701088793605,0.0,1.0773701832986662e-14,2.7232682531485895e-13,0.0,0.0,0.0,,,0.0
optimal@10s+aware,1,350,2473,2315,0.936109987868985,0.0638900121310149,0.0165790537808329,0.0473109583501819,0.0,223.1835211072293,192.29968085319933,425.9300922737689,213.8286520237785,926.0,10.815982721382287,212.367538385847,0.1852782215090831,0.1305784578414516,0.6841433206494653,1053,5.369420702754036,0.1298878444384687,0.2335840000887402,0.0511307767944936,4.231287477526698,0.0014364145818996,0.0455840455840455,2473,0.0,0.936109987868985,0.0,0.0,1.0,20729.558557842447,0.0,4.905315414719633e-15,2.7736737792558814e-13,0.0,0.0,0.0,,,0.0
optimal@10s+aware,2,350,2473,2316,0.9365143550343712,0.0634856449656287,0.0186008896077638,0.0448847553578649,0.0,214.4186886775269,188.94353609819245,403.9945014471909,207.55242553561413,926.4,9.379101899827289,205.03958677769955,0.1879198507278962,0.1284283741074431,0.6836517751646607,1063,5.629350893697084,0.1308888052644401,0.2447500007110639,0.0518883415435139,3.617704074102575,0.00113735855477,0.0489181561618062,2473,0.0,0.9365143550343712,0.0,0.0,1.0,20700.888055884938,0.0,4.4497125232213086e-15,2.749713717131289e-13,0.0,0.0,0.0,,,0.0
optimal@10s+aware,3,350,2473,2314,0.9357056207035988,0.0642943792964011,0.0105135463000404,0.0537808329963606,0.0,213.2728440799644,186.78874135399812,399.4393224895626,203.3676879609751,925.6,8.097666378565256,205.17517770139912,0.1917175122648096,0.1279020329470039,0.6803804547881864,1048,4.509541984732825,0.1334064885015725,0.2566189975914309,0.0421052631578947,5.672751448132591,0.0026540915082513,0.0505725190839694,2473,0.0,0.9357056207035988,0.0,0.0,1.0,20607.845955193327,0.0,-2.8217129007888807e-15,2.7813706394221644e-13,0.0,0.0,0.0,,,0.0
optimal@10s+aware,4,350,2473,2296,0.9284270117266478,0.0715729882733522,0.0206227254346947,0.0509502628386575,0.0,222.0587733951087,195.3239638186292,417.9378071334745,213.0339483911964,918.4,11.363675958188152,210.69509743692055,0.1910450017380356,0.1293162198200864,0.679638778441878,1061,5.906691800188502,0.1302965125924856,0.243039999622852,0.0512989148306478,5.558847401783721,0.0016152040161135,0.0546654099905749,2473,0.0,0.9284270117266478,0.0,0.0,1.0,20610.935568749544,0.0,3.4652884510774048e-15,2.6927821180753337e-13,0.0,0.0,0.0,,,0.0
optimal@10s+aware,5,350,2473,2288,0.9251920744035584,0.0748079255964415,0.0194096239385361,0.0553983016579053,0.0,218.7043170212868,192.3297462522719,408.6386228327449,208.5004776557851,915.2,10.229895104895103,208.4744219163917,0.1927814803879841,0.12897822203381,0.6782402975782057,1058,5.498109640831758,0.1331914933986494,0.221807998677833,0.0508864084044648,4.648403156480318,0.0015173474017738,0.0482041587901701,2473,0.0,0.9251920744035584,0.0,0.0,1.0,20482.80771433904,0.0,4.783663752606925e-15,2.78152403984558e-13,0.0,0.0,0.0,,,0.0
optimal@10s+aware,0,400,2473,2331,0.9425798625151638,0.0574201374848362,0.0145572179539021,0.042862919530934,0.0,183.9817462391591,153.15186934612757,363.7719471362252,178.91033214486075,932.4,8.608751608751609,175.37299463040745,0.2951472138024894,0.0994464302077927,0.6054063559897179,1052,5.220532319391635,0.138659600946745,0.22601900047448,0.0489326765188834,4.233696644764821,0.0015797436512788,0.0418250950570342,2473,0.0,0.9425798625151638,0.0,0.0,1.0,20961.46102903151,0.0,1.6453590956452514e-14,2.70708094865152e-13,0.0,0.0,0.0,,,0.0
optimal@10s+aware,1,400,2473,2359,0.9539021431459764,0.0460978568540234,0.0101091791346542,0.0359886777193691,0.0,185.20522514538163,154.16703470203174,360.629942643999,180.2745379189385,943.6,8.224247562526495,176.98097758285513,0.2854811419843733,0.1004571056455548,0.6140617523700718,1043,4.581016299137104,0.1343431448402537,0.2139979973435399,0.0483660130718954,3.85163205745706,0.0018603856266548,0.046979865771812,2473,0.0,0.9539021431459764,0.0,0.0,1.0,21118.54783773335,0.0,2.3939213383036546e-15,2.692245183324148e-13,0.0,0.0,0.0,,,0.0
optimal@10s+aware,2,400,2473,2372,0.9591589162959968,0.0408410837040032,0.0145572179539021,0.026283865750101,0.0,179.00208734809303,148.53686998461035,362.73073684140536,177.3607382612588,948.8,8.094856661045531,170.9072306870475,0.2858754936397609,0.0991973177785592,0.6149271885816798,1048,5.145992366412214,0.1388121183467531,0.2216479958588024,0.0422860918401057,1.7287221505078687,0.0006671525379841,0.0295801526717557,2473,0.0,0.9591589162959968,0.0,0.0,1.0,21275.07429340533,0.0,-3.3600628369220378e-15,2.695585931719951e-13,0.0,0.0,0.0,,,0.0
optimal@10s+aware,3,400,2473,2369,0.9579458147998382,0.0420541852001617,0.0101091791346542,0.0319450060655074,0.0,181.11495236256783,154.97165302432313,352.2167046994987,176.94967641856994,947.6,6.837062051498522,174.27789031106934,0.2805215456523693,0.0998457485802925,0.6196327057673381,1036,4.187258687258687,0.1354277991802336,0.2215050037193579,0.0433355219960604,3.441235577909416,0.0020384002489128,0.0444015444015444,2473,0.0,0.9579458147998382,0.0,0.0,1.0,21325.253896731305,0.0,6.5452076008948335e-15,2.7106509898176255e-13,0.0,0.0,0.0,,,0.0
optimal@10s+aware,4,400,2473,2353,0.9514759401536595,0.0485240598463404,0.0113222806308127,0.0372017792155277,0.0,188.447890198116,160.40183515737044,365.2887480624372,183.05290441369428,941.2,8.540586485337867,179.90730371277812,0.283730214114112,0.1011705650774341,0.6150992208084539,1051,4.592768791627022,0.1342401520412111,0.2359499994781799,0.0468238375900458,3.3823862157454867,0.0016032180052428,0.0380589914367269,2473,0.0,0.9514759401536595,0.0,0.0,1.0,21209.251889780106,0.0,1.479488958977957e-14,2.709369773442039e-13,0.0,0.0,0.0,,,0.0
optimal@10s+aware,5,400,2473,2370,0.9583501819652244,0.0416498180347755,0.0113222806308127,0.0303275374039628,0.0,182.360816422966,158.48142413922915,353.0348827807316,178.21611811689897,948.0,8.19957805907173,174.16123836389428,0.2829284388861505,0.1009331937092977,0.6161383674045517,1048,4.515267175572519,0.1380972328501618,0.2243119981721975,0.0514825676115998,4.026644569684764,0.0020179985120126,0.0429389312977099,2473,0.0,0.9583501819652244,0.0,0.0,1.0,21253.71082097997,0.0,2.4898976457753727e-15,2.704626958399751e-13,0.0,0.0,0.0,,,0.0
optimal@10s+aware,0,450,2473,2375,0.9603720177921552,0.0396279822078447,0.0109179134654266,0.0287100687424181,0.0,163.27931279417032,131.54768350143513,323.9323613459122,161.26285958155458,950.0,7.856421052631579,155.4228917415387,0.3682310509151816,0.0810194897773567,0.5507494593074617,1057,4.775780510879849,0.1348888362834297,0.2140399999916554,0.045021360499507,3.4489242883796547,0.001562738949355,0.0435193945127719,2473,0.0,0.9603720177921552,0.0,0.0,1.0,21383.723671958352,0.0,5.6495626890146486e-15,2.6859076366523183e-13,0.0,0.0,0.0,,,0.0
optimal@10s+aware,1,450,2473,2398,0.9696724625960372,0.0303275374039628,0.0084917104731095,0.0218358269308532,0.0,165.6916382409496,135.40466152994168,329.6108717703935,163.6436175286435,959.2,7.202668890742285,158.48896935020733,0.3619475055076654,0.0830382915731293,0.5550142029192051,1050,4.18,0.1334775238397664,0.2226739996694959,0.0520156046814044,4.582674070708464,0.0028098949961648,0.0342857142857142,2473,0.0,0.9696724625960372,0.0,0.0,1.0,21462.49631439819,0.0,8.714834062439187e-15,2.663493556929648e-13,0.0,0.0,0.0,,,0.0
optimal@10s+aware,2,450,2473,2381,0.9627982207844724,0.0372017792155277,0.0153659522846744,0.0218358269308532,0.0,159.87116347048342,126.45107370200547,327.87036154912767,159.1400654870994,952.4,7.926921461570768,151.94424200891265,0.3703464127065514,0.079497315503238,0.5501562717902106,1052,4.8716730038022815,0.1359834602949083,0.2329430021200096,0.0516846581615963,2.0786433282237624,0.0009204806865981,0.0285171102661596,2473,0.0,0.9627982207844724,0.0,0.0,1.0,21384.925075662537,0.0,1.4096988078237087e-14,2.692468489051319e-13,0.0,0.0,0.0,,,0.0
optimal@10s+aware,3,450,2473,2398,0.9696724625960372,0.0303275374039628,0.0060655074807925,0.0242620299231702,0.0,159.86908394025147,134.38066729760112,313.91700942583776,157.0073141371113,959.2,6.432860717264387,153.43622322298708,0.3609281411785594,0.0802948885170656,0.5587769703043749,1037,3.759884281581485,0.1404669238093332,0.2281080017564825,0.0500324886289798,2.566895879063364,0.0021361591593459,0.0356798457087753,2473,0.0,0.9696724625960372,0.0,0.0,1.0,21625.00909374288,0.0,1.0056916841331351e-14,2.651354254300093e-13,0.0,0.0,0.0,,,0.0
optimal@10s+aware,4,450,2473,2391,0.966841892438334,0.0331581075616659,0.007278608976951,0.0258794985847149,0.0,163.06658576630394,131.43988216272237,327.743935131356,160.33702946451427,956.4,7.488916771225429,155.5776689950785,0.3621513472533763,0.0819838212053075,0.5558648315413162,1039,4.1944177093359,0.1398006737193216,0.2183160017011685,0.0516233766233766,2.214585015076895,0.0013741922948119,0.0307988450433108,2473,0.0,0.966841892438334,0.0,0.0,1.0,21512.18810821253,0.0,7.670150587441702e-15,2.68081202944969e-13,0.0,0.0,0.0,,,0.0
optimal@10s+aware,5,450,2473,2381,0.9627982207844724,0.0372017792155277,0.0093004448038819,0.0279013344116457,0.0,164.9673147754289,139.33278725556193,329.330615352068,161.50877314634636,952.4,7.28307433851323,157.68424043691567,0.3667164874733858,0.0822556957138884,0.5510278168127258,1042,4.096928982725528,0.1378328214429011,0.2132899972639278,0.0483028720626631,2.232872421717708,0.0014386773167075,0.0335892514395393,2473,0.0,0.9627982207844724,0.0,0.0,1.0,21395.118798891726,0.0,1.2020157607140722e-14,2.663709935810336e-13,0.0,0.0,0.0,,,0.0
optimal@10s+aware,0,500,2473,2388,0.9656287909421756,0.0343712090578245,0.0105135463000404,0.023857662757784,0.0,150.5228412304596,116.58460702840011,310.2164212417015,148.83710070116874,955.2,7.902847571189279,142.6199936592703,0.4316756916045832,0.0683933612182164,0.4999309471772002,1056,4.503787878787879,0.1413939392918881,0.2440649972413668,0.0484134772652927,1.2286557939117049,0.0006456667591634,0.0274621212121212,2473,0.0,0.9656287909421756,0.0,0.0,1.0,21514.29426329491,0.0,7.896716967279401e-15,2.656804610669276e-13,0.0,0.0,0.0,,,0.0
optimal@10s+aware,1,500,2473,2417,0.9773554387383744,0.0226445612616255,0.0044480388192478,0.0181965224423776,0.0,152.52642823495185,123.2898928870436,310.4721329902157,150.6991317771133,966.8,7.305750930906082,145.22067730404575,0.4246042969312327,0.0701874087575945,0.5052082943111728,1043,3.876318312559923,0.1415316393329473,0.2246400025615,0.0478048780487804,3.309477313089636,0.0025596425345432,0.0306807286673058,2473,0.0,0.9773554387383744,0.0,0.0,1.0,21702.86766082043,0.0,2.765865502887016e-15,2.680105941801552e-13,0.0,0.0,0.0,,,0.0
optimal@10s+aware,2,500,2473,2397,0.9692680954306512,0.0307319045693489,0.0105135463000404,0.0202183582693085,0.0,153.91781761069075,115.54167870935362,323.5583266445072,153.05299870654193,958.8,8.417188151856488,145.50062945883425,0.4300444918285765,0.0694706283261514,0.500484879845272,1057,4.612109744560076,0.1397908230830035,0.239247999561485,0.0514657980456026,1.5545721829955514,0.0007746869181707,0.0255439924314096,2473,0.0,0.9692680954306512,0.0,0.0,1.0,21560.902207681534,0.0,1.0529471884861716e-14,2.673436496516833e-13,0.0,0.0,0.0,,,0.0
optimal@10s+aware,3,500,2473,2408,0.9737161342498988,0.026283865750101,0.004852405984634,0.021431459765467,0.0,146.7602970947027,121.5995445483868,288.62981217076407,144.26077573925724,963.2,5.676495016611296,141.0838020780914,0.4273601988072368,0.0677498210066897,0.5048899801860735,1035,3.446376811594203,0.1437090821918505,0.2331860004051122,0.0459582790091264,1.3991312696345577,0.0015960668358607,0.0231884057971014,2473,0.0,0.9737161342498988,0.0,0.0,1.0,21709.782801601035,0.0,3.5151837144298663e-15,2.6413487491716384e-13,0.0,0.0,0.0,,,0.0
optimal@10s+aware,4,500,2473,2407,0.9733117670845128,0.0266882329154872,0.0040436716538617,0.0226445612616255,0.0,149.54920183346826,117.98689873770128,305.66865199103887,147.1477832495314,962.8,6.471541337764853,143.0776604957034,0.4270164470942216,0.0688782422295194,0.5041053106762589,1036,3.716216216216216,0.1427333977534822,0.2283450001414169,0.0594091201027617,1.9143211164021636,0.0017338028503748,0.027027027027027,2473,0.0,0.9733117670845128,0.0,0.0,1.0,21698.302928220957,0.0,8.021557383155835e-15,2.658244764040202e-13,0.0,0.0,0.0,,,0.0
optimal@10s+aware,5,500,2473,2402,0.971289931257582,0.0287100687424181,0.0076829761423372,0.0210270926000808,0.0,147.47380964059016,118.70759653605457,297.0409610440137,145.62981642026432,960.8,6.705661948376353,140.7681476922138,0.4327966569717059,0.0675266563937796,0.4996766866345143,1043,3.911792905081496,0.1417513901975755,0.251245997205842,0.0540978296080336,1.9161668945711527,0.0014657699035876,0.0278044103547459,2473,0.0,0.971289931257582,0.0,0.0,1.0,21546.34425678748,0.0,7.754089719282494e-15,2.682841459397338e-13,0.0,0.0,0.0,,,0.0
batched_greedy@30s+aware,0,300,2473,2180,0.881520420541852,0.118479579458148,0.0452891225232511,0.0731904569348968,0.0,269.1885885022899,247.26248216015935,467.0997611092844,253.3508358271476,872.0,28.03119266055046,241.15739584173943,0.1022429935060872,0.157302662748638,0.7404543437452746,365,14.441095890410958,0.1037213697189095,0.2608239988330757,0.0614152202937249,,,,2473,0.0,0.881520420541852,0.0,0.0,1.0,19397.15093511627,0.0,4.381001168364884e-15,2.7346402410626697e-13,0.0,0.0,0.0,,,0.0
batched_greedy@30s+aware,1,300,2473,2166,0.8758592802264457,0.1241407197735543,0.0517589971694298,0.0723817226041245,0.0,292.9779823610221,273.5472658872597,498.6617976438888,272.3551040392396,866.4,34.824561403508774,258.15342095751333,0.0798191687505989,0.1647522878094699,0.755428543439931,364,15.233516483516484,0.0919950548900038,0.2223740025510778,0.0513513513513513,,,,2473,0.0,0.8758592802264457,0.0,0.0,1.0,19598.967249310164,0.0,4.5462761492222006e-15,2.764264655894128e-13,0.0,0.0,0.0,,,0.0
batched_greedy@30s+aware,2,300,2473,2202,0.8904164981803477,0.1095835018196522,0.0501415285078851,0.059441973311767,0.0,276.3091498086006,257.2637815543467,489.0994001104595,261.89086201891143,880.8,31.497729336966398,244.81142047163416,0.0928465084253603,0.1593405398738646,0.747812951700775,365,15.076712328767124,0.1021808219040195,0.2349200003664009,0.0494747543205692,,,,2473,0.0,0.8904164981803477,0.0,0.0,1.0,19465.09424412447,0.0,-3.2362849911280448e-15,2.7245074699691826e-13,0.0,0.0,0.0,,,0.0
batched_greedy@30s+aware,3,300,2473,2175,0.8794985847149211,0.1205014152850788,0.054589567327133,0.0659118479579458,0.0,282.0941653040769,262.79937164940566,497.89717729414826,263.70538879022257,870.0,34.58252873563218,247.51163656844477,0.0994074791430187,0.1572399890784841,0.7433525317784971,362,15.317679558011047,0.09999254120508,0.2523380002821791,0.0495419070240923,,,,2473,0.0,0.8794985847149211,0.0,0.0,1.0,19354.882270469192,0.0,-7.294497062576247e-15,2.77558818840495e-13,0.0,0.0,0.0,,,0.0
batched_greedy@30s+aware,4,300,2473,2172,0.8782854832187627,0.1217145167812373,0.0541852001617468,0.0675293166194904,0.0,286.67949511847416,262.7316980456992,504.0181550585096,269.0557393027093,868.8,38.04051565377532,248.6389794646988,0.0971882197265661,0.1566785224099253,0.7461332578635086,361,16.62049861495845,0.10154930731766,0.2347600006032733,0.0528455284552845,,,,2473,0.0,0.8782854832187627,0.0,0.0,1.0,19526.115417808884,0.0,7.686096490185798e-15,2.777643063377105e-13,0.0,0.0,0.0,,,0.0
batched_greedy@30s+aware,5,300,2473,2182,0.8823291548726243,0.1176708451273756,0.0477153255155681,0.0699555196118075,0.0,281.2576907797692,261.8047146411009,484.832677329055,262.397965607749,872.8,32.23602199816682,249.0216687816023,0.0941121940348729,0.1597678141347734,0.7461199918303536,363,14.804407713498623,0.098522314101877,0.2525439990859012,0.0486322188449848,,,,2473,0.0,0.8823291548726243,0.0,0.0,1.0,19444.7090538244,0.0,-1.8337505869610744e-15,2.751159113131716e-13,0.0,0.0,0.0,,,0.0
batched_greedy@30s+aware,0,350,2473,2258,0.9130610594419734,0.0869389405580266,0.0372017792155277,0.0497371613424989,0.0,216.52807476256447,189.4487242756877,400.88479645680434,210.036794287599,903.2,22.722763507528786,193.8053112550357,0.2150901179653443,0.1183445567709357,0.6665653252637198,362,12.693370165745856,0.1335522100319429,0.2813569994032147,0.055,,,,2473,0.0,0.9130610594419734,0.0,0.0,1.0,20219.458710854848,0.0,8.429631365537438e-15,2.707305888181905e-13,0.0,0.0,0.0,,,0.0
batched_greedy@30s+aware,1,350,2473,2300,0.9300444803881924,0.0699555196118075,0.0198139911039223,0.0501415285078851,0.0,235.3415163301066,207.90336088037725,429.2535512514477,225.6755112101921,920.0,23.55,211.79151633010665,0.1856674995163962,0.1294562739604208,0.684876226523183,362,11.41988950276243,0.1234861879838818,0.2955510066385614,0.0440397350993377,,,,2473,0.0,0.9300444803881924,0.0,0.0,1.0,20744.09658853767,0.0,1.5662640266881405e-14,2.72838949500886e-13,0.0,0.0,0.0,,,0.0
batched_greedy@30s+aware,2,350,2473,2311,0.9344925192074404,0.0655074807925596,0.0266882329154872,0.0388192478770723,0.0,220.59253775049137,192.675536452326,407.0784243625112,215.62051708240904,924.4,20.975335352661187,199.6172023978302,0.1895097265904866,0.1254015431095748,0.6850887302999384,361,11.7202216066482,0.1290609418239426,0.3074800013564526,0.0459387483355525,,,,2473,0.0,0.9344925192074404,0.0,0.0,1.0,20690.623274641,0.0,8.763603814457856e-15,2.757997686185956e-13,0.0,0.0,0.0,,,0.0
batched_greedy@30s+aware,3,350,2473,2307,0.9328750505458956,0.0671249494541043,0.0198139911039223,0.0473109583501819,0.0,221.59833415754773,196.11736490207025,411.5291075254189,213.5065456349085,922.8,20.45383615084525,201.1444980067025,0.1917600264546402,0.1252013140374469,0.683038659507913,362,10.756906077348066,0.1248723757115594,0.3089489965350364,0.0490454246214614,,,,2473,0.0,0.9328750505458956,0.0,0.0,1.0,20695.954894664515,0.0,1.9394975439290445e-15,2.733873427212228e-13,0.0,0.0,0.0,,,0.0
batched_greedy@30s+aware,4,350,2473,2282,0.9227658714112414,0.0772341285887586,0.0258794985847149,0.0513546300040436,0.0,234.86957780872245,207.51007733118945,434.3891280826204,225.72280326933577,912.8,24.280017528483786,210.5895602802387,0.1921173758840687,0.1279799630496315,0.6799026610662997,361,12.052631578947368,0.1141833796846639,0.2664000043296254,0.0486593843098311,,,,2473,0.0,0.9227658714112414,0.0,0.0,1.0,20587.10792278457,0.0,1.44887510305683e-14,2.725524548481187e-13,0.0,0.0,0.0,,,0.0
batched_greedy@30s+aware,5,350,2473,2297,0.928831378892034,0.071168621107966,0.0234532955923978,0.0477153255155681,0.0,224.6379813836012,194.00483052441632,417.6119096618279,216.4254644357372,918.8,21.606443186765347,203.03153819683584,0.1927298295209256,0.12608809682804,0.6811820736510343,361,11.340720221606649,0.1249842108812614,0.3011600027093657,0.0547900262467191,,,,2473,0.0,0.928831378892034,0.0,0.0,1.0,20611.24963594175,0.0,4.4590655359085076e-15,2.718336367205328e-13,0.0,0.0,0.0,,,0.0
batched_greedy@30s+aware,0,400,2473,2324,0.9397492923574604,0.0602507076425394,0.0186008896077638,0.0416498180347755,0.0,187.68232235969023,157.95668171210855,352.57561668499096,183.61595355840296,929.6,20.300344234079173,167.38197812561108,0.2976539040768906,0.0947832968051656,0.6075627991179438,362,11.013812154696131,0.1488895027778299,0.3097680029168259,0.0524934383202099,,,,2473,0.0,0.9397492923574604,0.0,0.0,1.0,20983.45100410176,0.0,1.0706390832222132e-14,2.728503023060512e-13,0.0,0.0,0.0,,,0.0
batched_greedy@30s+aware,1,400,2473,2354,0.9518803073190456,0.0481196926809543,0.0161746866154468,0.0319450060655074,0.0,195.5812915165492,167.68323973882138,374.5338146286368,191.063114926108,941.6,20.545454545454547,175.03583697109465,0.2846909491217139,0.0993153657052075,0.6159936851730785,361,10.509695290858726,0.1534648199544425,0.3140999993775035,0.0569661458333333,,,,2473,0.0,0.9518803073190456,0.0,0.0,1.0,21191.53362172924,0.0,9.135145203300587e-15,2.7618594657569384e-13,0.0,0.0,0.0,,,0.0
batched_greedy@30s+aware,2,400,2473,2365,0.9563283461382937,0.0436716538617064,0.0194096239385361,0.0242620299231702,0.0,192.3725175689333,161.9464801574759,370.0371336243979,190.42380382173448,946.0,20.95856236786469,171.41395520106863,0.2874594634396609,0.0985586638398935,0.6139818727204456,361,11.083102493074792,0.1509836564716687,0.3172400000039482,0.0434062292909211,,,,2473,0.0,0.9563283461382937,0.0,0.0,1.0,21231.504380563216,0.0,1.433187606646981e-14,2.754471304556501e-13,0.0,0.0,0.0,,,0.0
batched_greedy@30s+aware,3,400,2473,2356,0.952689041649818,0.0473109583501819,0.0129397492923574,0.0343712090578245,0.0,193.830586843146,167.77938432406154,366.6583079164827,188.8284992110942,942.4,19.43123938879457,174.39934745435144,0.2862918708283374,0.0987004118740086,0.6150077172976539,360,10.061111111111112,0.1528794441684214,0.2935299996897811,0.052168242582328,,,,2473,0.0,0.952689041649818,0.0,0.0,1.0,21149.9880711394,0.0,6.607146446633837e-15,2.706703942284419e-13,0.0,0.0,0.0,,,0.0
batched_greedy@30s+aware,4,400,2473,2351,0.9506672058228872,0.0493327941771128,0.0137484836231298,0.035584310553983,0.0,195.7087158411009,168.59413812962748,381.84216858664695,190.67846182140497,940.4,20.229264142917906,175.479451698183,0.2862196275754637,0.0992494912582286,0.6145308811663076,361,10.365650969529083,0.1431246537397876,0.3333600005134937,0.0601747007440957,,,,2473,0.0,0.9506672058228872,0.0,0.0,1.0,21177.66565384977,0.0,1.1916834549730254e-14,2.745375173474464e-13,0.0,0.0,0.0,,,0.0
batched_greedy@30s+aware,5,400,2473,2350,0.950262838657501,0.0497371613424989,0.0153659522846744,0.0343712090578245,0.0,194.89056948780032,164.37132051117442,376.2647055662559,190.50421474624105,940.0,20.207659574468085,174.68290991333225,0.2876698009682734,0.0996404006009706,0.612689798430756,361,10.53185595567867,0.1472725760378072,0.3156399994622915,0.0510304219823356,,,,2473,0.0,0.950262838657501,0.0,0.0,1.0,21144.86786520445,0.0,-3.0799004009090724e-15,2.681856628025847e-13,0.0,0.0,0.0,,,0.0
batched_greedy@30s+aware,0,450,2473,2365,0.9563283461382937,0.0436716538617064,0.0133441164577436,0.0303275374039628,0.0,171.93230861468265,141.73295437886645,338.30635515195456,169.29937356354642,946.0,20.10824524312896,151.82406337155368,0.3707620919059463,0.0790827602787189,0.5501551478153348,361,10.54847645429363,0.1624085871651742,0.3700999994180164,0.0476190476190476,,,,2473,0.0,0.9563283461382937,0.0,0.0,1.0,21375.85095661744,0.0,7.971636036264147e-15,2.69308277815894e-13,0.0,0.0,0.0,,,0.0
batched_greedy@30s+aware,1,450,2473,2395,0.9684593610998788,0.0315406389001213,0.0088960776384957,0.0226445612616255,0.0,175.4777377538922,145.11136881916536,341.41719707241936,173.25982264600745,958.0,19.168267223382045,156.30947053051017,0.3615970170484816,0.082063786826441,0.5563391961250774,361,9.922437673130194,0.1613138501096705,0.3364999996847471,0.0520325203252032,,,,2473,0.0,0.9684593610998788,0.0,0.0,1.0,21530.771214825723,0.0,1.9305642679479772e-14,2.6727523001586245e-13,0.0,0.0,0.0,,,0.0
batched_greedy@30s+aware,2,450,2473,2383,0.9636069551152446,0.0363930448847553,0.0153659522846744,0.0210270926000808,0.0,173.15999680784842,139.88283624781616,343.30990293922446,171.85303864686486,953.2,19.477549307595467,153.68244750025295,0.3673877402195829,0.0803456314613726,0.5522666283190444,360,10.40277777777778,0.1513366664868145,0.3190639963577268,0.0438654353562005,,,,2473,0.0,0.9636069551152446,0.0,0.0,1.0,21439.6865252869,0.0,9.023042955316968e-15,2.692004310519553e-13,0.0,0.0,0.0,,,0.0
batched_greedy@30s+aware,3,450,2473,2387,0.9652244237767892,0.0347755762232106,0.0084917104731095,0.026283865750101,0.0,173.88861945032716,147.8046482375471,339.29945486912254,170.88100800374482,954.8,17.64516129032258,156.2434581600046,0.3616584087293263,0.0811280730246702,0.5572135182460034,360,9.469444444444443,0.151834444558416,0.3392530020209969,0.04296490652673,,,,2473,0.0,0.9652244237767892,0.0,0.0,1.0,21540.422444233267,0.0,1.2098221693646751e-14,2.7171775977569004e-13,0.0,0.0,0.0,,,0.0
batched_greedy@30s+aware,4,450,2473,2398,0.9696724625960372,0.0303275374039628,0.0084917104731095,0.0218358269308532,0.0,176.32786641996296,146.66968765746606,343.73959802759225,174.38519341542624,959.2,19.084653878231855,157.24321254173108,0.3610703017618452,0.082322978012479,0.5566067202256757,360,9.958333333333334,0.1430486111631681,0.3173470010369787,0.0525974025974025,,,,2473,0.0,0.9696724625960372,0.0,0.0,1.0,21562.088460139512,0.0,6.0186310573486704e-15,2.712337814268244e-13,0.0,0.0,0.0,,,0.0
batched_greedy@30s+aware,5,450,2473,2376,0.9607763849575416,0.0392236150424585,0.0129397492923574,0.026283865750101,0.0,175.37387913351233,147.73151802184793,350.4615715560974,173.23612000582102,950.4,19.03030303030303,156.3435761032093,0.3680263970585351,0.0813719220805936,0.5506016808608712,362,10.129834254143647,0.1446961326999281,0.3183409982739249,0.0604395604395604,,,,2473,0.0,0.9607763849575416,0.0,0.0,1.0,21370.092914577584,0.0,9.59894341341316e-15,2.649304270164904e-13,0.0,0.0,0.0,,,0.0
batched_greedy@30s+aware,0,500,2473,2385,0.964415689446017,0.035584310553983,0.0133441164577436,0.0222401940962393,0.0,161.37066772507194,129.17405584432845,319.71458537059385,160.44858909805737,954.0,18.69182389937107,142.67884382570085,0.4345027749296799,0.0676032149144415,0.4978940101558785,360,10.225,0.1349097220049265,0.3040349952061666,0.0469468154957321,,,,2473,0.0,0.964415689446017,0.0,0.0,1.0,21496.34458465785,0.0,9.697158054415686e-15,2.721775285934761e-13,0.0,0.0,0.0,,,0.0
batched_greedy@30s+aware,1,500,2473,2409,0.9741205014152852,0.0258794985847149,0.0060655074807925,0.0198139911039223,0.0,159.61697620140015,131.8159489020111,312.1144115681481,157.8994179683134,963.6,17.838937318389373,141.77803888301077,0.429044671030402,0.0679959352266429,0.502959393742955,361,9.404432132963988,0.1401850416809075,0.3133200036245397,0.0487963565387117,,,,2473,0.0,0.9741205014152852,0.0,0.0,1.0,21598.321392738824,0.0,-2.134725217959205e-15,2.698189441811138e-13,0.0,0.0,0.0,,,0.0
batched_greedy@30s+aware,2,500,2473,2385,0.964415689446017,0.035584310553983,0.0137484836231298,0.0218358269308532,0.0,161.1344881720368,127.14456501994208,325.14277208818567,160.53351353782304,954.0,18.67714884696017,142.45733932507665,0.4328757599517553,0.0677160549016081,0.4994081851466365,360,10.230555555555556,0.1266080555069493,0.3072680000332188,0.0491159135559921,,,,2473,0.0,0.964415689446017,0.0,0.0,1.0,21467.893066096447,0.0,1.1688297662605054e-14,2.692378814653805e-13,0.0,0.0,0.0,,,0.0
batched_greedy@30s+aware,3,500,2473,2398,0.9696724625960372,0.0303275374039628,0.004852405984634,0.0254751314193287,0.0,159.68894413493143,131.08537269678777,310.21168003043505,156.38680076108415,959.2,17.298582151793163,142.39036198313826,0.4286025437450163,0.0677411300755899,0.5036563261793937,360,9.080555555555556,0.1272538889073378,0.315247997714323,0.0431513566525008,,,,2473,0.0,0.9696724625960372,0.0,0.0,1.0,21648.08382448925,0.0,2.0683112344497183e-15,2.6648306395381197e-13,0.0,0.0,0.0,,,0.0
batched_greedy@30s+aware,4,500,2473,2410,0.9745248685806712,0.0254751314193287,0.0052567731500202,0.0202183582693085,0.0,158.3637661788407,126.24642409926014,318.9535125558831,156.69493642247548,964.0,17.547302904564315,140.8164632742764,0.4260538707947532,0.0677463999064026,0.5061997292988442,361,9.349030470914128,0.12783684207151,0.252579995139967,0.0487646293888166,,,,2473,0.0,0.9745248685806712,0.0,0.0,1.0,21787.293907792344,0.0,6.1655613763394895e-15,2.6856387100373383e-13,0.0,0.0,0.0,,,0.0
batched_greedy@30s+aware,5,500,2473,2397,0.9692680954306512,0.0307319045693489,0.0076829761423372,0.0230489284270117,0.0,160.14195676809743,130.49427103904418,320.74598079013464,158.0848691720173,958.8,18.451814768460576,141.69014199963684,0.4320947962278191,0.067562380304614,0.5003428234675669,361,9.634349030470917,0.1298656509453921,0.362100002530496,0.0479295728725138,,,,2473,0.0,0.9692680954306512,0.0,0.0,1.0,21552.758048499465,0.0,7.44585869806804e-15,2.659215266751254e-13,0.0,0.0,0.0,,,0.0
optimal@30s+aware,0,300,2473,2183,0.8827335220380105,0.1172664779619894,0.0424585523655479,0.0748079255964415,0.0,279.4018636677473,261.0471640425603,476.9539220652979,261.031237941723,873.2,29.466788822721025,249.93507484502624,0.0914141123114017,0.1615893694608576,0.7469965182277406,365,14.315068493150685,0.1308542465964932,0.2770720008993523,0.0533915379449294,50.87674188776669,0.0063436698012881,0.3808219178082191,2473,0.0,0.8827335220380105,0.0,0.0,1.0,19546.566625707303,0.0,5.841715872677232e-15,2.6626392850115974e-13,0.0,0.0,0.0,,,0.0
optimal@30s+aware,1,300,2473,2185,0.8835422563687828,0.1164577436312171,0.0485240598463404,0.0679336837848766,0.0,297.9494585224083,282.4486630816609,492.954459516166,278.0765338401982,874.0,33.44439359267734,264.50506492973096,0.0743074621248889,0.1688586961612709,0.7568338417138402,360,14.988888888888887,0.1270499999615519,0.2245080011925897,0.0508931580721267,64.52576567744346,0.0074433751401573,0.3944444444444444,2473,0.0,0.8835422563687828,0.0,0.0,1.0,19625.736035789105,0.0,6.81682018232087e-16,2.740333259064441e-13,0.0,0.0,0.0,,,0.0
optimal@30s+aware,2,300,2473,2195,0.8875859280226446,0.1124140719773554,0.0481196926809543,0.0642943792964011,0.0,288.2990162820437,275.1922091240868,489.23120979311614,270.87199935773623,878.0,32.08519362186788,256.2138226601758,0.0797475925704593,0.1655777777120967,0.7546746297174439,365,14.956164383561644,0.1343550686190249,0.3366119996644565,0.0503548496113551,54.19500199063583,0.0062614242541927,0.3780821917808219,2473,0.0,0.8875859280226446,0.0,0.0,1.0,19630.69563829825,0.0,3.724482124888293e-15,2.713595483472377e-13,0.0,0.0,0.0,,,0.0
optimal@30s+aware,3,300,2473,2181,0.8819247877072381,0.1180752122927618,0.0509502628386575,0.0671249494541043,0.0,292.51343951331097,279.1121029045589,485.5693267510187,273.41782283346794,872.4,32.38560293443375,260.1278365788772,0.0829447262179904,0.1676553689825083,0.7493999047995012,360,14.944444444444445,0.1334630554184615,0.2763499979482752,0.046472184531886,59.69569852743763,0.0069390131842136,0.4,2473,0.0,0.8819247877072381,0.0,0.0,1.0,19445.99133291799,0.0,7.489042245889639e-15,2.727729907045844e-13,0.0,0.0,0.0,,,0.0
optimal@30s+aware,4,300,2473,2169,0.8770723817226042,0.1229276182773958,0.0497371613424989,0.0731904569348968,0.0,283.8301527208838,266.6544011701389,472.7037019902295,265.184604952135,867.6,34.23005993545413,249.60009278542967,0.0940856571192444,0.1589487064548387,0.746965636425917,362,15.57182320441989,0.1307417128800455,0.2518720032821872,0.0478290366350067,61.54031987247048,0.0067452816311713,0.3977900552486187,2473,0.0,0.8770723817226042,0.0,0.0,1.0,19426.10813579805,0.0,1.058934713390744e-15,2.754532425113144e-13,0.0,0.0,0.0,,,0.0
optimal@30s+aware,5,300,2473,2186,0.883946623534169,0.1160533764658309,0.0465022240194096,0.0695511524464213,0.0,289.2866046687452,271.4783563850799,483.8691611497825,270.8797223969176,874.4,32.55580969807868,256.73079497066647,0.0868753272659885,0.1644460567340502,0.7486786159999612,362,15.096685082872929,0.1334867406035426,0.2145500028564125,0.0485666104553119,59.77335218339331,0.0068436283421259,0.3839779005524862,2473,0.0,0.883946623534169,0.0,0.0,1.0,19446.28436218178,0.0,-5.017842398580305e-16,2.73157119572724e-13,0.0,0.0,0.0,,,0.0
optimal@30s+aware,0,350,2473,2288,0.9251920744035584,0.0748079255964415,0.0307319045693489,0.0440760210270926,0.0,222.7767882172548,199.55017992515923,405.8940551616092,216.67858065778145,915.2,22.0388986013986,200.7378896158562,0.1980276335476235,0.1242259856473033,0.6777463808050731,372,11.844086021505376,0.1460510751497568,0.4727240019565255,0.0502830502830502,45.27572917487227,0.0086242655656625,0.3225806451612903,2473,0.0,0.9251920744035584,0.0,0.0,1.0,20555.57127004492,0.0,1.3561801254651911e-14,2.76765401583514e-13,0.0,0.0,0.0,,,0.0
optimal@30s+aware,1,350,2473,2313,0.9353012535382128,0.0646987464617873,0.0177921552769915,0.0469065911847957,0.0,233.9073472002624,208.40508637520637,423.90939494874,224.9182456014274,925.2,22.898832684824903,211.00851451543755,0.1840585160853559,0.1302012604219297,0.6857402234927144,363,11.132231404958675,0.145876033033742,0.402836005814606,0.0471169686985172,53.57568468792434,0.0118557153305635,0.3691460055096419,2473,0.0,0.9353012535382128,0.0,0.0,1.0,20778.377510271628,0.0,3.575561329458589e-15,2.716545343863144e-13,0.0,0.0,0.0,,,0.0
optimal@30s+aware,2,350,2473,2330,0.9421754953497776,0.0578245046502224,0.0226445612616255,0.0351799433885968,0.0,228.6610180705386,206.08926614574196,412.1373543124299,223.25952883281337,932.0,21.45321888412017,207.2077991864184,0.1802784396122449,0.1303923911954959,0.6893291691922591,361,11.490304709141274,0.1432731300347337,0.3188000031514083,0.0489417989417989,40.235893631878135,0.0083880963338266,0.3213296398891966,2473,0.0,0.9421754953497776,0.0,0.0,1.0,20918.32436086653,0.0,1.1347718187147224e-14,2.717440959903028e-13,0.0,0.0,0.0,,,0.0
optimal@30s+aware,3,350,2473,2326,0.940558026688233,0.059441973311767,0.0169834209462191,0.0424585523655479,0.0,225.53175137945175,202.9903473939953,406.2070638971277,218.0206315623249,930.4,20.63929492691316,204.89245645253865,0.1850102573848113,0.128164377846728,0.6868253647684606,362,10.632596685082872,0.1434632596498399,0.3333600001496959,0.0532853873814972,44.96165325210152,0.0114759850856233,0.3591160220994475,2473,0.0,0.940558026688233,0.0,0.0,1.0,20776.61413077644,0.0,-1.1482168994145643e-15,2.7078635502798137e-13,0.0,0.0,0.0,,,0.0
optimal@30s+aware,4,350,2473,2294,0.9276182773958754,0.0723817226041245,0.0218358269308532,0.0505458956732713,0.0,235.6363944748504,209.1042655594877,419.89223164513305,226.2626851114822,917.6,23.69485614646905,211.94153832838128,0.1900279754282701,0.1302548776029842,0.6797171469687456,361,11.703601108033242,0.2256335181179598,0.7676599998376314,0.0475875743555849,54.98612604130698,0.0109310383394358,0.3795013850415512,2473,0.0,0.9276182773958754,0.0,0.0,1.0,20602.18862278265,0.0,9.081372677975712e-15,2.675362595415509e-13,0.0,0.0,0.0,,,0.0
optimal@30s+aware,5,350,2473,2305,0.9320663162151234,0.0679336837848766,0.0210270926000808,0.0469065911847957,0.0,229.6269595649606,205.9562061039005,410.57695643591614,221.08091365313877,922.0,21.56702819956616,208.05993136539445,0.1844493607158279,0.1292965930193505,0.6862540462648216,361,11.141274238227147,0.1652587256647473,0.5885000035050301,0.0531321744834371,45.10142599220647,0.0101595143329137,0.3130193905817174,2473,0.0,0.9320663162151234,0.0,0.0,1.0,20719.064718002533,0.0,1.4378857227561767e-14,2.738055624600933e-13,0.0,0.0,0.0,,,0.0
optimal@30s+aware,0,400,2473,2336,0.9446016983420946,0.0553983016579053,0.0157703194500606,0.0396279822078447,0.0,191.6963128641871,162.952045140235,367.83693743536514,187.324637756939,934.4,20.52611301369863,171.17019985048847,0.2932057737688202,0.0974849581168371,0.6093092681143426,360,10.933333333333334,0.1647144444480849,0.5367019989353139,0.0480105228543242,24.265605715471743,0.0062301282298483,0.2361111111111111,2473,0.0,0.9446016983420946,0.0,0.0,1.0,21034.460921581696,0.0,7.348573804261204e-15,2.704398729311617e-13,0.0,0.0,0.0,,,0.0
optimal@30s+aware,1,400,2473,2373,0.959563283461383,0.040436716538617,0.0133441164577436,0.0270926000808734,0.0,196.0505852973938,166.94561929543488,366.6611371697522,192.5355869593362,949.2,20.270122208175305,175.7804630892185,0.2793240362911281,0.1013334651046004,0.6193424986042715,362,10.353591160220995,0.1691936465465522,0.8601369961252194,0.0556097560975609,33.51376201153752,0.0100839091626939,0.281767955801105,2473,0.0,0.959563283461383,0.0,0.0,1.0,21302.662938208374,0.0,8.431706426377821e-15,2.7254857077965693e-13,0.0,0.0,0.0,,,0.0
optimal@30s+aware,2,400,2473,2374,0.9599676506267693,0.0400323493732308,0.0194096239385361,0.0206227254346947,0.0,186.75113342304465,158.98487958193982,348.4616750884091,185.81914701798664,949.6,19.70471777590565,167.046415647139,0.2849492772956897,0.0977420720978685,0.6173086506064417,360,10.875,0.1895263889916047,0.8148259981680952,0.0506412364353831,20.526534002802958,0.0054793755972749,0.2638888888888889,2473,0.0,0.9599676506267693,0.0,0.0,1.0,21325.984606315156,0.0,7.165661867108887e-15,2.685651008893078e-13,0.0,0.0,0.0,,,0.0
optimal@30s+aware,3,400,2473,2360,0.9543065103113628,0.0456934896886372,0.0125353821269712,0.0331581075616659,0.0,194.56520374538263,170.88964694953847,364.0500896817162,189.8236200557105,944.0,19.04194915254237,175.5232545928403,0.2807378632785539,0.0994887061425382,0.6197734305789079,361,9.952908587257618,0.174828531707339,0.4073600037372666,0.0459317585301837,34.44407683967394,0.0114751208279004,0.2908587257617728,2473,0.0,0.9543065103113628,0.0,0.0,1.0,21335.212758440182,0.0,6.727669269137442e-15,2.6258232876188485e-13,0.0,0.0,0.0,,,0.0
optimal@30s+aware,4,400,2473,2369,0.9579458147998382,0.0420541852001617,0.0113222806308127,0.0307319045693489,0.0,196.03349784254132,172.08091903479908,370.3709270754604,191.79848807588425,947.6,19.12579147319544,176.9077063693459,0.2828226347841931,0.1010681050475244,0.6161092601682824,360,10.05,0.1712824999938473,0.6500040014361731,0.0490035935968637,38.98085303094084,0.0127631893679661,0.275,2473,0.0,0.9579458147998382,0.0,0.0,1.0,21282.512439117192,0.0,9.929021162314623e-15,2.707241119523336e-13,0.0,0.0,0.0,,,0.0
optimal@30s+aware,5,400,2473,2366,0.9567327133036796,0.0432672866963202,0.0145572179539021,0.0287100687424181,0.0,192.94868716948903,165.08938803353522,371.0718927408852,189.25775183071045,946.4,19.2240067624683,173.72468040702077,0.2842248707004935,0.1006545656268592,0.6151205636726471,361,10.193905817174516,0.1872947370298748,1.2468599990825155,0.0522363695723147,33.83402323405205,0.0106993689584134,0.2742382271468144,2473,0.0,0.9567327133036796,0.0,0.0,1.0,21229.457767463824,0.0,7.78676456459835e-15,2.706305171509519e-13,0.0,0.0,0.0,,,0.0
optimal@30s+aware,0,450,2473,2367,0.957137080469066,0.042862919530934,0.0125353821269712,0.0303275374039628,0.0,169.10310052958772,141.00940880505914,326.3118020788505,166.56469087813207,946.8,18.493029150823823,150.6100713787639,0.3725237505703269,0.0790951108014205,0.5483811386282524,361,10.149584487534629,0.1634152355119186,0.3808200010098514,0.0553205336804425,21.995019156117674,0.0075880373120395,0.2354570637119113,2473,0.0,0.957137080469066,0.0,0.0,1.0,21304.81241698237,0.0,8.375030941485824e-15,2.728844705006715e-13,0.0,0.0,0.0,,,0.0
optimal@30s+aware,1,450,2473,2398,0.9696724625960372,0.0303275374039628,0.0093004448038819,0.0210270926000808,0.0,174.5943204046449,147.064322814952,335.3446879480526,172.7457061601539,959.2,18.621768140116764,155.9725522645281,0.3610156710005432,0.0815554754387131,0.5574288535607436,361,9.833795013850416,0.1518404430884241,0.4136799994739685,0.0520494469746258,32.25237193348826,0.0122927339403194,0.2437673130193905,2473,0.0,0.9696724625960372,0.0,0.0,1.0,21590.727170827267,0.0,2.817781222883081e-15,2.705900557831885e-13,0.0,0.0,0.0,,,0.0
optimal@30s+aware,2,450,2473,2387,0.9652244237767892,0.0347755762232106,0.0145572179539021,0.0202183582693085,0.0,171.72144035598512,137.9081240100504,337.2501130304114,170.87695250232846,954.8,19.39212400502723,152.3293163509579,0.3677878557867752,0.080309085043732,0.5519030591694928,360,10.422222222222222,0.1615266666501864,0.4326949999813238,0.0422581710135358,15.108590840491742,0.0046972791593317,0.2027777777777777,2473,0.0,0.9652244237767892,0.0,0.0,1.0,21450.555905964902,0.0,1.7573802581666073e-15,2.649041438657848e-13,0.0,0.0,0.0,,,0.0
optimal@30s+aware,3,450,2473,2406,0.9729073999191266,0.0270926000808734,0.007278608976951,0.0198139911039223,0.0,171.80840878046487,146.9016020237823,327.482064895127,169.37213435290923,962.4,17.569409808811304,154.23899897165356,0.3583065056751566,0.0808149150499001,0.5608785792749432,364,9.195054945054943,0.1581956042642999,0.3577680009038886,0.0435494433529797,23.09306879524492,0.0109842924310916,0.2032967032967033,2473,0.0,0.9729073999191266,0.0,0.0,1.0,21702.77346829618,0.0,1.2317384574201644e-14,2.7039800157882424e-13,0.0,0.0,0.0,,,0.0
optimal@30s+aware,4,450,2473,2395,0.9684593610998788,0.0315406389001213,0.0076829761423372,0.023857662757784,0.0,172.6119096139236,145.4721178980035,333.90033365865344,170.3613062110609,958.0,18.337787056367432,154.27412255755615,0.3633325078852926,0.0811859028515004,0.5554815892632069,361,9.722991689750693,0.1732484763270499,0.3915999986929815,0.0586718246292714,24.04150542629804,0.0097981123519532,0.2132963988919667,2473,0.0,0.9684593610998788,0.0,0.0,1.0,21529.34299588313,0.0,1.535111634191305e-14,2.724932318757333e-13,0.0,0.0,0.0,,,0.0
optimal@30s+aware,5,450,2473,2382,0.9632025879498584,0.0367974120501415,0.0113222806308127,0.0254751314193287,0.0,172.8413313886955,145.04597913383964,333.5841336952008,170.50157901475183,952.8,18.55247691015953,154.28885447853594,0.3659757867137872,0.080813102085813,0.5532111112003997,361,9.875346260387811,0.1735293629374148,0.3801399987423789,0.0499347258485639,24.179508328917745,0.009041296125722,0.2548476454293629,2473,0.0,0.9632025879498584,0.0,0.0,1.0,21475.34332203886,0.0,9.7590561436635e-15,2.6472983708146133e-13,0.0,0.0,0.0,,,0.0
optimal@30s+aware,0,500,2473,2390,0.9664375252729478,0.0335624747270521,0.0105135463000404,0.0230489284270117,0.0,159.15420385916832,127.9346369095506,317.9339482613088,157.67890047008294,956.0,18.74602510460251,140.40817875456582,0.4346069986894987,0.0670746866801937,0.4983183146303075,360,10.033333333333331,0.1830977780425908,0.3715180006838643,0.0487087283425956,16.616608310365024,0.0062016602029369,0.175,2473,0.0,0.9664375252729478,0.0,0.0,1.0,21492.60011716789,0.0,1.022148428194642e-15,2.729485628683259e-13,0.0,0.0,0.0,,,0.0
optimal@30s+aware,1,500,2473,2409,0.9741205014152852,0.0258794985847149,0.0052567731500202,0.0206227254346947,0.0,160.97611973746865,133.79616153001825,307.1206641611549,158.7275217976945,963.6,17.99584889995849,142.98027083751015,0.4279532197238504,0.0685097451688556,0.5035370351072939,361,9.329639889196676,0.1808204982798015,0.4095399999641807,0.0506164828033744,23.52795009803132,0.0117149260494889,0.2299168975069252,2473,0.0,0.9741205014152852,0.0,0.0,1.0,21653.295091643853,0.0,3.840201068904765e-15,2.6628475726262464e-13,0.0,0.0,0.0,,,0.0
optimal@30s+aware,2,500,2473,2401,0.9708855640921956,0.0291144359078042,0.0109179134654266,0.0181965224423776,0.0,162.89174629740958,129.0565422380314,324.82751625959827,162.2990243197334,960.4,18.92128279883382,143.97046349857575,0.429099601844758,0.0688278303964657,0.5020725677587763,360,10.091666666666669,0.1929008332808734,0.3960340013145471,0.0471358428805237,16.284711986462774,0.0058240903108366,0.1916666666666666,2473,0.0,0.9708855640921956,0.0,0.0,1.0,21611.734647162128,0.0,1.464699064057745e-15,2.7125194588968783e-13,0.0,0.0,0.0,,,0.0
optimal@30s+aware,3,500,2473,2420,0.978568540234533,0.021431459765467,0.0044480388192478,0.0169834209462191,0.0,160.71765048782305,135.4617001967781,309.1940225752624,158.70708803857934,968.0,17.224793388429752,143.4928570993933,0.4232560810103699,0.0688730674606711,0.5078708515289589,360,9.075,0.189827777891575,0.3312100015318719,0.0446982055464926,13.801449034741816,0.0077568628549938,0.2027777777777777,2473,0.0,0.978568540234533,0.0,0.0,1.0,21840.70561271524,0.0,1.3630052091575785e-15,2.67033502747943e-13,0.0,0.0,0.0,,,0.0
optimal@30s+aware,4,500,2473,2414,0.976142337242216,0.023857662757784,0.0044480388192478,0.0194096239385361,0.0,159.9128304865306,129.5643509154163,314.96123875540354,157.97004570684885,965.6,17.424192212096106,142.4886382744345,0.4251068553898174,0.0690095081321093,0.5058836364780732,360,9.247222222222222,0.1964386112376814,0.3643230018496984,0.0527337431252022,19.422299119300728,0.0102153128908694,0.2027777777777777,2473,0.0,0.976142337242216,0.0,0.0,1.0,21767.988731311954,0.0,8.133970345286047e-16,2.691943142666868e-13,0.0,0.0,0.0,,,0.0
optimal@30s+aware,5,500,2473,2403,0.971694298422968,0.0283057015770319,0.0088960776384957,0.0194096239385361,0.0,159.75168404286498,127.56132751419864,320.28643432540133,158.21211136797854,961.2,18.454431960049934,141.29725208281505,0.4279368706956748,0.0683060047136008,0.5037571245907244,361,9.670360110803324,0.1999709138721215,0.4253799968864767,0.0470434498529892,16.558785844363864,0.0070239426002033,0.1883656509695291,2473,0.0,0.971694298422968,0.0,0.0,1.0,21676.172998815484,0.0,6.750322315267712e-15,2.610814879589237e-13,0.0,0.0,0.0,,,0.0
