arm,seed,drivers.num_drivers,requests,completed,completion_rate,cancel_rate,cancel_no_match_rate,cancel_eta_rate,cancel_late_rate,wait_mean_s,wait_p50_s,wait_p90_s,wait_all_mean_s,completed_per_hour,time_to_match_mean_s,pickup_mean_s,driver_idle_frac,driver_enroute_frac,driver_ontrip_frac,batches,batch_riders_mean,solve_ms_mean,solve_ms_p99,decline_rate,shadow_gap_s_per_batch,shadow_gap_frac,shadow_worse_batches_frac,app_opens,priced_out_rate,served_rate,retried_rate,surged_trip_frac,mean_multiplier_paid,revenue_per_hour,surge_revenue_per_hour,eta_error_mean_s,eta_abs_error_mean_s,eta_late_2min_frac,moves_per_driver_hour,reposition_km_per_hour,moves_dispatched_frac,move_planned_mean_s,driver_reposition_frac
immediate_greedy,0,300,2582,1805,0.6990704879938032,0.3009295120061967,0.0116189000774593,0.2893106119287374,0.0,374.7379869217786,346.25994058785545,638.9154862973929,269.7146576522488,722.0,5.887914844729522,368.85007207704905,0.0315315360926408,0.2032627861817398,0.7652056777256193,3106,3.945589182227946,0.0512909530505705,0.14967999777582,0.0551787916152897,,,,2582,0.0,0.6990704879938032,0.0,0.0,1.0,18386.46933666928,0.0,-7.313571109142915e-15,2.6793513545115505e-13,0.0,0.0,0.0,,,0.0
immediate_greedy,1,300,2582,1820,0.7048799380325329,0.2951200619674671,0.0135553834237025,0.2815646785437645,0.0,365.293830620226,337.278027522701,644.2692773038541,264.6064367876316,728.0,6.448081851487486,358.8457487687385,0.0312495954235009,0.1998968863151114,0.7688535182613877,3205,4.09984399375975,0.0535548205983057,0.127492003084626,0.0476635514018691,,,,2582,0.0,0.7048799380325329,0.0,0.0,1.0,18617.84192020992,0.0,-7.930164461608261e-16,2.778754027853571e-13,0.0,0.0,0.0,,,0.0
immediate_greedy,2,300,2582,1800,0.69713400464756,0.3028659953524399,0.0073586367157242,0.2955073586367157,0.0,380.204995740442,359.233432260839,655.3815013446107,270.9472094901637,720.0,5.8323056620443445,374.3726900783977,0.034612827203535,0.2085886730312648,0.7567984997652001,3027,3.652461182689131,0.0484520646698171,0.1235220019589177,0.0511871723712611,,,,2582,0.0,0.69713400464756,0.0,0.0,1.0,18078.049715863446,0.0,1.9345019413524115e-15,2.6527890994998416e-13,0.0,0.0,0.0,,,0.0
immediate_greedy,3,300,2582,1843,0.7137877614252517,0.2862122385747482,0.0096824167312161,0.2765298218435321,0.0,367.2328578625975,342.2248598290625,626.8839523062034,267.62978023689857,737.2,3.99152948252098,363.2413283800765,0.0339299985611566,0.204488696542645,0.7615813048961984,3111,3.1578270652523304,0.0460207972465108,0.1158600018243305,0.0471903135672151,,,,2582,0.0,0.7137877614252517,0.0,0.0,1.0,18422.754059104504,0.0,-8.449020105362232e-15,2.767511908433812e-13,0.0,0.0,0.0,,,0.0
immediate_greedy,4,300,2582,1820,0.7048799380325329,0.2951200619674671,0.0061967467079783,0.2889233152594888,0.0,367.06360701741727,343.21374614222395,622.726029556882,263.43237583819644,728.0,3.690826209092759,363.3727808083245,0.0365200096210698,0.2017430434345272,0.761736946944403,3066,2.8838878016960208,0.0427858448082056,0.113009999404312,0.0488106271238801,,,,2582,0.0,0.7048799380325329,0.0,0.0,1.0,18453.10733704832,0.0,-3.3106606589261808e-15,2.7715851591802773e-13,0.0,0.0,0.0,,,0.0
immediate_greedy,5,300,2582,1830,0.7087529047250194,0.2912470952749806,0.0085205267234701,0.2827265685515104,0.0,358.649014537438,329.0246022258816,630.7165738334628,260.1222299677081,732.0,4.567932812865124,354.08108172457287,0.0399672280866717,0.1996488902001677,0.7603838817131605,3085,3.3682333873581847,0.0434424636150239,0.1399640023009851,0.0518358531317494,,,,2582,0.0,0.7087529047250194,0.0,0.0,1.0,18361.699931196752,0.0,4.47292476281768e-15,2.739239315034935e-13,0.0,0.0,0.0,,,0.0
immediate_greedy,0,350,2582,2103,0.8144848954298993,0.1855151045701007,0.0050348567002323,0.1804802478698683,0.0,293.57535478143484,268.2183277620411,518.2154993159212,241.9262382988153,841.2,1.628845477399744,291.94650930403515,0.0735622941040476,0.1662335276989662,0.760204178196986,3193,2.142812402129658,0.040512120221691,0.0957200006814672,0.0568807339449541,,,,2582,0.0,0.8144848954298993,0.0,0.0,1.0,21374.84353420448,0.0,4.347555231760861e-15,2.714751338083897e-13,0.0,0.0,0.0,,,0.0
immediate_greedy,1,350,2582,2128,0.8241673121611154,0.1758326878388846,0.0073586367157242,0.1684740511231603,0.0,284.8564917317569,253.1469335031095,515.2875092054221,238.11360149446665,851.2,1.7890119386140582,283.0674797931428,0.0817885574621113,0.1625952365121004,0.7556162060257882,3269,2.4912817375344143,0.0457533191105243,0.111932001018431,0.0468071915685058,,,,2582,0.0,0.8241673121611154,0.0,0.0,1.0,21324.984869452608,0.0,1.3201219566116194e-14,2.635798847353969e-13,0.0,0.0,0.0,,,0.0
immediate_greedy,2,350,2582,2137,0.8276529821843532,0.1723470178156468,0.0065840433772269,0.1657629744384198,0.0,301.33624868703754,274.93162668698915,532.0999547504995,252.49028680607907,854.8,1.6538471134668369,299.6824015735707,0.0698007034048567,0.1724673055397025,0.7577319910554408,3137,2.2304749760918074,0.048424673264408,0.1196279967552982,0.0531816784506609,,,,2582,0.0,0.8276529821843532,0.0,0.0,1.0,21346.214403925936,0.0,-5.175707000713926e-15,2.634232456769849e-13,0.0,0.0,0.0,,,0.0
immediate_greedy,3,350,2582,2122,0.8218435321456236,0.1781564678543764,0.0050348567002323,0.173121611154144,0.0,298.9874377414216,273.29350942821657,532.7985672311036,248.00469995467253,848.8,0.8358032591432347,298.1516344822783,0.0740301759142553,0.1701557387730228,0.7558140853127218,3219,1.87542715128922,0.0456902453999615,0.0921819974610116,0.051708217913204,,,,2582,0.0,0.8218435321456236,0.0,0.0,1.0,21492.59032965074,0.0,-4.9448349907338736e-15,2.6707215348040365e-13,0.0,0.0,0.0,,,0.0
immediate_greedy,4,350,2582,2118,0.820294345468629,0.179705654531371,0.0046475600309837,0.1750580945003872,0.0,299.2206750966494,274.43833907417184,528.7578429973086,247.9490491376424,847.2,1.832844611253768,297.3878304853957,0.078542994206024,0.169536075898543,0.7519209298954329,3244,2.0400739827373613,0.0466878237018666,0.097557000699453,0.044003718624109,,,,2582,0.0,0.820294345468629,0.0,0.0,1.0,21310.348118469425,0.0,6.306989344801645e-16,2.707224854532611e-13,0.0,0.0,0.0,,,0.0
immediate_greedy,5,350,2582,2122,0.8218435321456236,0.1781564678543764,0.005422153369481,0.1727343144848954,0.0,294.3849963597417,267.1973373849087,522.6419116050055,245.35375041575404,848.8,1.9878594053033447,292.39713695443834,0.0758225214902248,0.1672683810896431,0.756909097420132,3172,2.433795712484237,0.0514043820022731,0.1569449996895855,0.0464252553389043,,,,2582,0.0,0.8218435321456236,0.0,0.0,1.0,21350.08091678102,0.0,-5.202666237922976e-16,2.721320917064898e-13,0.0,0.0,0.0,,,0.0
immediate_greedy,0,400,2582,2296,0.8892331525948877,0.1107668474051123,0.0046475600309837,0.1061192873741285,0.0,241.60836887782344,218.04317114627543,440.3114560040726,216.9831793402312,918.4,0.7471077264383511,240.86126115138512,0.1509171727573057,0.1326497373855801,0.7164330898571141,3269,1.7987152034261242,0.04680394613193,0.0941320037236437,0.0504770698676515,,,,2582,0.0,0.8892331525948877,0.0,0.0,1.0,23105.80396502669,0.0,6.159803600215568e-15,2.6130878336090785e-13,0.0,0.0,0.0,,,0.0
immediate_greedy,1,400,2582,2316,0.8969790859798605,0.1030209140201394,0.0061967467079783,0.0968241673121611,0.0,240.01958161796705,214.79929142445008,444.8205809178071,217.50890326793123,926.4,0.9077718919198756,239.1118097260472,0.1457702618809837,0.1336872679629698,0.7205424701560463,3352,2.032219570405728,0.0484556980532283,0.1026449994969879,0.0497066995986415,,,,2582,0.0,0.8969790859798605,0.0,0.0,1.0,23296.289212208307,0.0,8.528200214719941e-15,2.6385111712070897e-13,0.0,0.0,0.0,,,0.0
immediate_greedy,2,400,2582,2315,0.8965917893106119,0.103408210689388,0.0030983733539891,0.1003098373353989,0.0,240.31510724543156,207.5894454657091,455.5427453670567,217.0159850510595,926.0,0.5947111173525048,239.72039612807905,0.1457839382985357,0.1352948691650428,0.7189211925364215,3201,1.611059044048735,0.0441395501852998,0.0887000060174614,0.0498308212857582,,,,2582,0.0,0.8965917893106119,0.0,0.0,1.0,23253.233047814363,0.0,1.0083222953498421e-14,2.6588973403627983e-13,0.0,0.0,0.0,,,0.0
immediate_greedy,3,400,2582,2320,0.8985282726568552,0.1014717273431448,0.0050348567002323,0.0964368706429124,0.0,240.4400563037359,211.67556668018187,449.1980529140612,218.1494948067531,928.0,0.8412300253705065,239.59882627836535,0.1497636647704819,0.1340443620477769,0.7161919731817412,3351,1.8188600417785736,0.0462769322531279,0.0987000021268613,0.047869054972205,,,,2582,0.0,0.8985282726568552,0.0,0.0,1.0,23316.509583852145,0.0,7.035368456391897e-15,2.614686245294706e-13,0.0,0.0,0.0,,,0.0
immediate_greedy,4,400,2582,2297,0.8896204492641363,0.1103795507358636,0.0030983733539891,0.1072811773818745,0.0,241.844310569872,210.0557454955688,454.7158849778828,216.68853966378475,918.8,0.7644214734321447,241.0798890964399,0.1552845003109925,0.1331065475904116,0.7116089520985958,3191,1.6587276715763084,0.0458260733969944,0.0961999983701389,0.0492459218220991,,,,2582,0.0,0.8896204492641363,0.0,0.0,1.0,23087.325552195936,0.0,1.6265613148935772e-14,2.6427967346094997e-13,0.0,0.0,0.0,,,0.0
immediate_greedy,5,400,2582,2318,0.8977536793183578,0.1022463206816421,0.0050348567002323,0.0972114639814097,0.0,242.00202835302136,215.4909661909669,447.7548009503464,219.35737853077995,927.2,0.4872837929933996,241.514744560028,0.1459717513655322,0.1347872430149195,0.7192410056195482,3278,1.778218425869433,0.0455523185159244,0.1027529966086149,0.0472952086553323,,,,2582,0.0,0.8977536793183578,0.0,0.0,1.0,23185.175752252104,0.0,1.0466366532924403e-14,2.6442906918851663e-13,0.0,0.0,0.0,,,0.0
immediate_greedy,0,450,2582,2395,0.9275755228505036,0.0724244771494965,0.0034856700232378,0.0689388071262587,0.0,210.79228206615707,182.97635305272888,400.1166806181316,197.30077434020208,958.0,0.5243990452875372,210.26788302086956,0.2229612238170431,0.1104269722443047,0.6666118039386522,3313,1.6589194083911862,0.0460191065587819,0.0895159985520877,0.0545009185548071,,,,2582,0.0,0.9275755228505036,0.0,0.0,1.0,24150.922358568765,0.0,-5.0991454158149145e-17,2.636252617272221e-13,0.0,0.0,0.0,,,0.0
immediate_greedy,1,450,2582,2394,0.9271882261812548,0.0728117738187451,0.0058094500387296,0.0670023237800154,0.0,209.7128839682406,181.18614094712348,398.1775076025456,196.56630267555772,957.6,0.5025323539885839,209.21035161425203,0.2303057168299458,0.1089797500739664,0.6607145330960877,3504,1.8821347031963471,0.0473224029324581,0.1019880053354426,0.0446788706174371,,,,2582,0.0,0.9271882261812548,0.0,0.0,1.0,24067.123984883347,0.0,1.6167147449988454e-14,2.604755731629081e-13,0.0,0.0,0.0,,,0.0
immediate_greedy,2,450,2582,2397,0.9283501161890008,0.0716498838109992,0.0034856700232378,0.0681642137877614,0.0,208.1369399813373,181.93286700885528,395.8720462325844,194.60261778158136,958.8,0.5062453038441358,207.63069467749315,0.2291933628896693,0.1086097203933475,0.6621969167169831,3250,1.5473846153846154,0.0452676922969448,0.0891510021756402,0.0454404945904173,,,,2582,0.0,0.9283501161890008,0.0,0.0,1.0,24139.76334186897,0.0,5.301465473449955e-15,2.678387804040088e-13,0.0,0.0,0.0,,,0.0
immediate_greedy,3,450,2582,2395,0.9275755228505036,0.0724244771494965,0.0058094500387296,0.0666150271107668,0.0,210.7493213147285,181.46614541130475,397.63360491369326,197.6711719668588,958.0,0.3980257951056528,210.35129551962285,0.2297372264849968,0.109862840209048,0.6603999333059551,3434,1.7384973791496796,0.0472530286056408,0.0932340017607202,0.0446511627906976,,,,2582,0.0,0.9275755228505036,0.0,0.0,1.0,24141.78225281388,0.0,1.4499002787062963e-14,2.6023701866601537e-13,0.0,0.0,0.0,,,0.0
immediate_greedy,4,450,2582,2403,0.9306738962044926,0.0693261037955073,0.0030983733539891,0.0662277304415182,0.0,212.89855428967903,187.124978401941,406.6377050689546,199.6041263393504,961.2,0.6253973090613525,212.27315698061767,0.2260162229482608,0.111058384169388,0.6629253928823512,3260,1.6012269938650308,0.0461387117046032,0.0919410015922039,0.0489532019704433,,,,2582,0.0,0.9306738962044926,0.0,0.0,1.0,24185.01283973603,0.0,1.4802234437016486e-14,2.5751038606689813e-13,0.0,0.0,0.0,,,0.0
immediate_greedy,5,450,2582,2394,0.9271882261812548,0.0728117738187451,0.004260263361735,0.06855151045701,0.0,207.0987637193282,180.64870614670644,392.0942702144059,193.60973952626148,957.6,0.4141996910581026,206.68456402827007,0.231571735233808,0.1078935648117739,0.660534699954418,3258,1.634745242480049,0.0466467464260029,0.1025010019657201,0.0495995070856438,,,,2582,0.0,0.9271882261812548,0.0,0.0,1.0,24044.48775435152,0.0,3.708348953263409e-15,2.610400524718361e-13,0.0,0.0,0.0,,,0.0
immediate_greedy,0,500,2582,2437,0.9438419829589464,0.0561580170410534,0.0027110766847405,0.0534469403563129,0.0,186.32446569891135,156.87155930573044,363.47132682050295,177.32375677765435,974.8,0.5954880174892052,185.72897768142212,0.3010459882033564,0.0899135059666011,0.6090405058300423,3335,1.59880059970015,0.0467810795365447,0.0951000038185156,0.0512741786920478,,,,2582,0.0,0.9438419829589464,0.0,0.0,1.0,24556.53405362466,0.0,-4.621297645382679e-15,2.637550962754624e-13,0.0,0.0,0.0,,,0.0
immediate_greedy,1,500,2582,2443,0.9461657629744384,0.0538342370255615,0.005422153369481,0.0484120836560805,0.0,184.59614720101257,152.68458023640142,364.3535491653544,176.69159007200346,977.2,0.5132373189168761,184.0829098820957,0.3048838421398192,0.0894682938286719,0.6056478640315087,3647,1.8269810803400053,0.0487642171783269,0.10265399585478,0.051139864448552,,,,2582,0.0,0.9461657629744384,0.0,0.0,1.0,24606.292470070945,0.0,1.42995634890075e-14,2.6152873472163894e-13,0.0,0.0,0.0,,,0.0
immediate_greedy,2,500,2582,2439,0.944616576297444,0.0553834237025561,0.0030983733539891,0.052285050348567,0.0,188.7587980678403,157.63602492994005,373.35437000990254,179.59958250176453,975.6,0.4497305766623416,188.309067491178,0.3021697078488282,0.0915311102480702,0.6062991819031015,3288,1.5082116788321167,0.0456332421461393,0.0864129958790727,0.0463105896881753,,,,2582,0.0,0.944616576297444,0.0,0.0,1.0,24522.53926487717,0.0,2.820030209986785e-15,2.6218779322928017e-13,0.0,0.0,0.0,,,0.0
immediate_greedy,3,500,2582,2452,0.9496514329976762,0.0503485670023237,0.0046475600309837,0.04570100697134,0.0,184.27015707703063,151.30858216259367,366.2389153664623,176.65707287968553,980.8,0.2601071754310375,184.01004990159964,0.3026522297630814,0.0896820491729338,0.6076657210639848,3436,1.589348079161816,0.0459396391046193,0.0878600021678722,0.0416407706650093,,,,2582,0.0,0.9496514329976762,0.0,0.0,1.0,24638.62569043256,0.0,8.610657954282842e-15,2.617034738273551e-13,0.0,0.0,0.0,,,0.0
immediate_greedy,4,500,2582,2450,0.9488768396591788,0.051123160340821,0.0023237800154918,0.0487993803253292,0.0,187.56892705909823,156.93546018117922,371.3383626554029,179.24546414526336,980.0,0.4099676176229821,187.1589594414752,0.3002599501413028,0.0911787017637984,0.6085613480948988,3287,1.5199269850927897,0.0453187405828017,0.0861420010915025,0.0456931151589996,,,,2582,0.0,0.9488768396591788,0.0,0.0,1.0,24644.16071113437,0.0,1.4996076942577706e-14,2.62821057434366e-13,0.0,0.0,0.0,,,0.0
immediate_greedy,5,500,2582,2439,0.944616576297444,0.0553834237025561,0.004260263361735,0.051123160340821,0.0,186.68324248812868,158.17110619449795,367.650205171489,177.80311299759785,975.6,0.3847716438341115,186.2984708442945,0.3021263008235881,0.0905838499064333,0.6072898492699785,3281,1.5964644925327645,0.0464330996501028,0.1008000021101904,0.0542611894543225,,,,2582,0.0,0.944616576297444,0.0,0.0,1.0,24507.317782180464,0.0,7.992513306920192e-15,2.6222857879016845e-13,0.0,0.0,0.0,,,0.0
batched_greedy@10s,0,300,2582,1833,0.7099147947327653,0.2900852052672347,0.0259488768396591,0.2641363284275755,0.0,371.572051059786,346.7530007796222,642.3417737574392,276.46042286709974,733.2,15.507910529187123,356.0641405305988,0.0346213932044296,0.1968854825154689,0.7684931242801014,1082,7.585027726432532,0.0582834565073278,0.1533850010309835,0.050799623706491,,,,2582,0.0,0.7099147947327653,0.0,0.0,1.0,18526.423667789863,0.0,-4.952575901666656e-15,2.769028263032909e-13,0.0,0.0,0.0,,,0.0
batched_greedy@10s,1,300,2582,1835,0.7106893880712626,0.2893106119287374,0.0437645236250968,0.2455460883036405,0.0,378.4063203577918,352.1157952946005,646.7842216828393,286.2758290626236,734.0,22.968392370572207,355.43792798721955,0.0255067499562409,0.1937588429405771,0.7807344071031819,1074,10.282122905027933,0.0585359403873521,0.1562829981412505,0.0458333333333333,,,,2582,0.0,0.7106893880712626,0.0,0.0,1.0,18726.99370614334,0.0,8.624043047960208e-15,2.7488250852031974e-13,0.0,0.0,0.0,,,0.0
batched_greedy@10s,2,300,2582,1845,0.7145623547637491,0.285437645236251,0.02285050348567,0.2625871417505809,0.0,378.7315494628415,351.6611628721976,648.3382320590323,283.7148999526054,738.0,18.767479674796743,359.96406978804475,0.0259125249345448,0.2018005399423874,0.7722869351230677,1081,8.290471785383904,0.0553796484656752,0.1332799991359935,0.0547774665421724,,,,2582,0.0,0.7145623547637491,0.0,0.0,1.0,18403.057245262447,0.0,-5.545699401054439e-16,2.7177778245306383e-13,0.0,0.0,0.0,,,0.0
batched_greedy@10s,3,300,2582,1872,0.7250193648334624,0.2749806351665376,0.0224632068164213,0.2525174283501162,0.0,372.6949895244212,351.4246199447623,628.7923994505109,280.9799971320466,748.8,14.822649572649572,357.8723399517716,0.0275597686558727,0.2002667415301877,0.7721734898139395,1091,7.042163153070577,0.0569992666117275,0.1448599970899521,0.0530421216848674,,,,2582,0.0,0.7250193648334624,0.0,0.0,1.0,18704.835084749728,0.0,1.2200829140918042e-14,2.769164290085617e-13,0.0,0.0,0.0,,,0.0
batched_greedy@10s,4,300,2582,1859,0.71998450813323,0.2800154918667699,0.0263361735089078,0.2536793183578621,0.0,358.6998295365092,329.21011002540536,616.7564221825629,270.5382544636517,743.6,15.92038730500269,342.7794422315065,0.0344329235021302,0.1917664120358005,0.7738006644620693,1097,7.514129443938013,0.0578436646319194,0.1707400029408743,0.0490257699560025,,,,2582,0.0,0.71998450813323,0.0,0.0,1.0,18638.26870815038,0.0,-1.3335098371301881e-14,2.711619704103844e-13,0.0,0.0,0.0,,,0.0
batched_greedy@10s,5,300,2582,1857,0.7192099147947327,0.2807900852052672,0.028272656855151,0.2525174283501162,0.0,354.29598508324574,326.85607891327345,611.3978496335716,268.40157615783403,742.8,17.296715131933226,336.9992699513125,0.0376988352868591,0.1892090187628454,0.7730921459502954,1074,8.174115456238361,0.0561648044192463,0.1440889965306269,0.0487881649354737,,,,2582,0.0,0.7192099147947327,0.0,0.0,1.0,18608.524682220643,0.0,3.8741223476419026e-15,2.696408285427148e-13,0.0,0.0,0.0,,,0.0
batched_greedy@10s,0,350,2582,2111,0.8175832687838884,0.1824167312161115,0.0073586367157242,0.1750580945003872,0.0,294.2904491093785,270.61112867873,515.520097347915,244.9519537548139,844.4,6.3102794883941264,287.98016962098444,0.0770964231569562,0.1636124430252815,0.7592911338177621,1054,4.265654648956357,0.0666259960404511,0.1530399943294469,0.0517560073937153,,,,2582,0.0,0.8175832687838884,0.0,0.0,1.0,21394.72098720764,0.0,2.11210595305288e-16,2.7608759007597483e-13,0.0,0.0,0.0,,,0.0
batched_greedy@10s,1,350,2582,2135,0.826878388845856,0.173121611154144,0.0116189000774593,0.1615027110766847,0.0,297.8270299773971,272.369140496553,532.7123608982084,251.84603195751333,854.0,7.172833723653396,290.6541962537437,0.0737353898239561,0.1660009740598418,0.760263636116202,1064,4.868421052631579,0.0690993419446837,0.1699400007782967,0.0466853408029878,,,,2582,0.0,0.826878388845856,0.0,0.0,1.0,21505.682233537933,0.0,-4.503501396938504e-15,2.69634535880172e-13,0.0,0.0,0.0,,,0.0
batched_greedy@10s,2,350,2582,2136,0.8272656855151046,0.1727343144848954,0.0065840433772269,0.1661502711076684,0.0,301.64710715822224,280.0599095430075,526.4512016751505,253.5437805696437,854.4,5.840355805243446,295.80675135297884,0.0685011850338212,0.170173720605989,0.7613250943601897,1058,4.075614366729679,0.0680123817502205,0.1644010003656149,0.0520160049245921,,,,2582,0.0,0.8272656855151046,0.0,0.0,1.0,21502.60059862031,0.0,7.589434698673541e-15,2.6764109031390626e-13,0.0,0.0,0.0,,,0.0
batched_greedy@10s,3,350,2582,2148,0.8319132455460883,0.1680867544539117,0.0065840433772269,0.1615027110766847,0.0,288.37468836335506,263.0133230075062,500.5668441009473,243.56184197642605,859.2,6.365921787709497,282.00876657564555,0.0840622896641542,0.1626781755459893,0.7532595347898564,1075,4.118139534883721,0.0677834419590464,0.1582520025840494,0.0464828013634955,,,,2582,0.0,0.8319132455460883,0.0,0.0,1.0,21456.15186478845,0.0,-3.405717669394824e-15,2.66754754019326e-13,0.0,0.0,0.0,,,0.0
batched_greedy@10s,4,350,2582,2125,0.8230054221533695,0.1769945778466305,0.0061967467079783,0.1707978311386522,0.0,292.94401796025545,267.2781423165761,521.9573041935193,245.04172280410333,850.0,7.463058823529412,285.4809591367261,0.0817984808591216,0.1634625072620536,0.7547390118788248,1070,4.3719626168224295,0.0687071963044201,0.1649750002252402,0.0566615620214395,,,,2582,0.0,0.8230054221533695,0.0,0.0,1.0,21295.063851894927,0.0,5.1200873606242505e-15,2.7121081850910897e-13,0.0,0.0,0.0,,,0.0
batched_greedy@10s,5,350,2582,2122,0.8218435321456236,0.1781564678543764,0.0069713400464756,0.1711851278079008,0.0,292.091235993889,262.5964670184176,519.6849501803999,244.28855740896677,848.8,6.246465598491989,285.844770395397,0.0773656252337789,0.162812252255235,0.759822122510986,1047,4.278892072588348,0.0679220630109168,0.160706000169739,0.0523560209424083,,,,2582,0.0,0.8218435321456236,0.0,0.0,1.0,21406.786611504045,0.0,-8.8441140472495985e-16,2.704670710874667e-13,0.0,0.0,0.0,,,0.0
batched_greedy@10s,0,400,2582,2295,0.888845855925639,0.1111541440743609,0.0050348567002323,0.1061192873741285,0.0,242.006315799531,214.75044849381584,433.9807542011619,218.00639850974528,918.0,5.361220043572985,236.645095755958,0.1521319789221924,0.1308833351781238,0.7169846858996837,1050,3.822857142857143,0.0819852381149151,0.1798180011974181,0.0502001847859562,,,,2582,0.0,0.888845855925639,0.0,0.0,1.0,23092.98015478761,0.0,1.1962931250788854e-14,2.626362937345639e-13,0.0,0.0,0.0,,,0.0
batched_greedy@10s,1,400,2582,2329,0.9020139426800928,0.097986057319907,0.0061967467079783,0.0917893106119287,0.0,238.0631055044118,213.06413120522305,429.3878211895916,217.52124805001097,931.6,5.569772434521254,232.49333306989053,0.1490430991782682,0.1305968778046387,0.7203600230170931,1053,3.977207977207977,0.0798807217824539,0.1828639997984283,0.045891472868217,,,,2582,0.0,0.9020139426800928,0.0,0.0,1.0,23372.42254086033,0.0,1.835085682952771e-15,2.627116595922628e-13,0.0,0.0,0.0,,,0.0
batched_greedy@10s,2,400,2582,2323,0.8996901626646011,0.1003098373353989,0.0034856700232378,0.0968241673121611,0.0,238.080340480136,210.935097011783,437.197225985793,216.44244584094577,929.2,5.209212225570383,232.8711282545656,0.1489394849718928,0.131841073285614,0.7192194417424932,1050,3.612380952380952,0.0824095238585002,0.1804400020773755,0.0469135802469135,,,,2582,0.0,0.8996901626646011,0.0,0.0,1.0,23312.09656250473,0.0,1.0083673504933816e-14,2.6132652267328823e-13,0.0,0.0,0.0,,,0.0
batched_greedy@10s,3,400,2582,2312,0.895429899302866,0.104570100697134,0.0050348567002323,0.0995352439969016,0.0,240.3259063800889,215.4927890461895,437.5683933314474,217.76601002699437,924.8,5.212370242214533,235.1135361378744,0.1537334579880359,0.1309223494966261,0.715344192515338,1054,3.741935483870968,0.0840646109620062,0.1720580008986872,0.0458062519343856,,,,2582,0.0,0.895429899302866,0.0,0.0,1.0,23287.63530820813,0.0,7.419478334289953e-15,2.627865245669374e-13,0.0,0.0,0.0,,,0.0
batched_greedy@10s,4,400,2582,2315,0.8965917893106119,0.103408210689388,0.0027110766847405,0.1006971340046475,0.0,243.6232298405833,217.8799504334429,443.0529178484652,220.22393568540423,926.0,5.698056155507559,237.92517368507572,0.1507573187861614,0.1335826329760363,0.7156600482378023,1086,3.5386740331491717,0.0783330570890535,0.1636300014070008,0.0480591497227356,,,,2582,0.0,0.8965917893106119,0.0,0.0,1.0,23230.161158497365,0.0,1.5984334086719856e-14,2.593609512423113e-13,0.0,0.0,0.0,,,0.0
batched_greedy@10s,5,400,2582,2299,0.8903950426026336,0.1096049573973663,0.005422153369481,0.1041828040278853,0.0,241.05179944292857,213.3823797754685,443.76714496282574,217.431960768929,919.6,5.291866028708134,235.75993341422048,0.1534544086613937,0.1303424332962171,0.7162031580423891,1050,3.812380952380952,0.080936761854294,0.1699750025727553,0.0476043276661514,,,,2582,0.0,0.8903950426026336,0.0,0.0,1.0,23086.51798962875,0.0,-1.0463815788420137e-15,2.6469204287192423e-13,0.0,0.0,0.0,,,0.0
batched_greedy@10s,0,450,2582,2391,0.9260263361735088,0.073973663826491,0.0030983733539891,0.0708752904725019,0.0,213.4652714376942,187.56893554467752,400.9494627014065,199.7400372775986,956.4,5.227101631116688,208.23816980657756,0.2260319472169145,0.1089632955999644,0.6650047571831211,1046,3.650095602294455,0.0899419693420302,0.1872650031145895,0.0501230012300123,,,,2582,0.0,0.9260263361735088,0.0,0.0,1.0,24101.89511938604,0.0,1.3024202284531971e-14,2.6692547517069377e-13,0.0,0.0,0.0,,,0.0
batched_greedy@10s,1,450,2582,2407,0.9322230828814873,0.0677769171185127,0.0069713400464756,0.0608055770720371,0.0,208.60751602051877,178.4391743813544,394.0789610707436,197.01001792990084,962.8,5.319900290818446,203.2876157297003,0.2326385889526595,0.1062440142105269,0.6611173968368135,1051,3.8972407231208375,0.0896692673181033,0.1908499980345368,0.0523882896764252,,,,2582,0.0,0.9322230828814873,0.0,0.0,1.0,24247.018639916343,0.0,9.060748274090809e-16,2.59625031624304e-13,0.0,0.0,0.0,,,0.0
batched_greedy@10s,2,450,2582,2388,0.924864446165763,0.075135553834237,0.004260263361735,0.0708752904725019,0.0,205.3410984595189,178.13519747033615,388.5173866952392,191.84238329408456,955.2,4.91750418760469,200.4235942719142,0.2356772726276264,0.1048073885025188,0.6595153388698547,1045,3.5177033492822964,0.0893053586865467,0.188676002435386,0.0442861567048621,,,,2582,0.0,0.924864446165763,0.0,0.0,1.0,24023.03519884309,0.0,2.3930234306325818e-15,2.633590349335279e-13,0.0,0.0,0.0,,,0.0
batched_greedy@10s,3,450,2582,2396,0.927962819519752,0.0720371804802478,0.0058094500387296,0.0662277304415182,0.0,212.26464832262997,183.6449433877906,401.73049432137486,199.2479317346769,958.4,5.057595993322204,207.20705232930771,0.2324145909750072,0.1079515751306252,0.6596338338943676,1052,3.675855513307985,0.0864417300504913,0.1761470024939626,0.0425730267246737,,,,2582,0.0,0.927962819519752,0.0,0.0,1.0,24138.69437251621,0.0,1.630211454606104e-14,2.581813449731352e-13,0.0,0.0,0.0,,,0.0
batched_greedy@10s,4,450,2582,2389,0.9252517428350115,0.0747482571649883,0.0030983733539891,0.0716498838109992,0.0,219.81317964703305,192.33126493954344,419.8993829310712,205.33788126513736,955.6,5.379238174968606,214.43394147206445,0.2264812415578689,0.1112494820273136,0.6622692764148175,1048,3.6412213740458017,0.0857645993567301,0.1848769996286136,0.0524539877300613,,,,2582,0.0,0.9252517428350115,0.0,0.0,1.0,24134.03036950439,0.0,6.871207012514741e-15,2.564103062240689e-13,0.0,0.0,0.0,,,0.0
batched_greedy@10s,5,450,2582,2400,0.9295120061967468,0.0704879938032533,0.0050348567002323,0.0654531371030209,0.0,210.58991827498528,184.67942991334644,393.4256387823921,197.71298354650392,960.0,5.090416666666667,205.4995016083186,0.2273845735374537,0.1075703091210744,0.6650451173414719,1041,3.623439000960615,0.0896095101199672,0.1788200010196305,0.053423395762972,,,,2582,0.0,0.9295120061967468,0.0,0.0,1.0,24139.4703607851,0.0,2.1462461437711985e-15,2.6203798390393257e-13,0.0,0.0,0.0,,,0.0
batched_greedy@10s,0,500,2582,2440,0.9450038729666924,0.0549961270333075,0.0027110766847405,0.052285050348567,0.0,192.60919783819512,162.8956572416912,369.0452133691341,183.8958129298616,976.0,5.191803278688525,187.4173945595066,0.2998708318033384,0.0905338481461104,0.6095953200505512,1088,3.481617647058824,0.0902554227797522,0.2004999987548217,0.0538885486834047,,,,2582,0.0,0.9450038729666924,0.0,0.0,1.0,24589.450630276588,0.0,-6.328999255461508e-15,2.596658771427637e-13,0.0,0.0,0.0,,,0.0
batched_greedy@10s,1,500,2582,2445,0.9469403563129356,0.0530596436870642,0.005422153369481,0.0476374903175832,0.0,188.12109262964336,160.63087028195423,363.7965403894552,180.2720761316232,978.0,5.240081799591002,182.8810108300524,0.3063866004434243,0.088497607232094,0.6051157923244816,1052,3.800380228136882,0.0917491444935198,0.1935349967970978,0.047633776678008,,,,2582,0.0,0.9469403563129356,0.0,0.0,1.0,24587.34993065772,0.0,1.0950931141218804e-14,2.5900808423716485e-13,0.0,0.0,0.0,,,0.0
batched_greedy@10s,2,500,2582,2440,0.9450038729666924,0.0549961270333075,0.0046475600309837,0.0503485670023237,0.0,188.9791001509788,158.7356110449939,368.5613648507991,180.4067814251316,976.0,4.873770491803279,184.1053296591755,0.3044399919187526,0.0894356438366031,0.6061243642446442,1040,3.517307692307692,0.0944036536986039,0.1921550003316946,0.0457779152489947,,,,2582,0.0,0.9450038729666924,0.0,0.0,1.0,24526.170066697407,0.0,1.2041369722819729e-15,2.604757939394165e-13,0.0,0.0,0.0,,,0.0
batched_greedy@10s,3,500,2582,2453,0.9500387296669248,0.0499612703330751,0.005422153369481,0.0445391169635941,0.0,192.30696491255725,158.18509826031186,381.3572773349627,184.76554877782985,981.2,4.868324500611496,187.43864041194576,0.2985945109928554,0.0915252319124838,0.6098802570946608,1052,3.6102661596958177,0.09363517120228,0.1840390008146641,0.0455249303189842,,,,2582,0.0,0.9500387296669248,0.0,0.0,1.0,24719.406910347247,0.0,5.5410674463436064e-15,2.633412806566612e-13,0.0,0.0,0.0,,,0.0
batched_greedy@10s,4,500,2582,2448,0.9481022463206816,0.0518977536793183,0.0023237800154918,0.0495739736638264,0.0,190.5364931327961,158.62210610287138,370.1329146388544,182.25253842879115,979.2,4.929330065359477,185.60716306743663,0.3020892892505889,0.0906227405957861,0.6072879701536249,1044,3.492337164750958,0.0918026820364987,0.1927280009113019,0.0480443486295041,,,,2582,0.0,0.9481022463206816,0.0,0.0,1.0,24593.7570894428,0.0,1.5064928244603187e-14,2.623144983724808e-13,0.0,0.0,0.0,,,0.0
batched_greedy@10s,5,500,2582,2437,0.9438419829589464,0.0561580170410534,0.0046475600309837,0.0515104570100697,0.0,190.5927579329042,160.61626185218847,368.2454266685484,181.6828621853716,974.8,4.9117767747230205,185.6809811581812,0.3017568655466975,0.0896808410682404,0.608562293385062,1045,3.5454545454545454,0.092027464012045,0.1825920038390904,0.0502001847859562,,,,2582,0.0,0.9438419829589464,0.0,0.0,1.0,24556.16444736161,0.0,2.420349973421638e-15,2.639435198466503e-13,0.0,0.0,0.0,,,0.0
optimal@10s,0,300,2582,1816,0.7033307513555384,0.2966692486444616,0.0166537567776917,0.2800154918667699,0.0,372.50505751081886,347.1125370466625,635.7094692502305,271.46312037289164,726.4,12.394823788546256,360.1102337222726,0.0303549170512686,0.1991195789684535,0.7705255039802779,1101,6.173478655767484,0.1352119891335223,0.2039000028162263,0.0554179566563467,6.439309401667192,0.0015720979320727,0.0899182561307901,2582,0.0,0.7033307513555384,0.0,0.0,1.0,18348.163872403387,0.0,-1.3650363267527806e-15,2.7511571092727817e-13,0.0,0.0,0.0,,,0.0
optimal@10s,1,300,2582,1847,0.7153369481022464,0.2846630518977537,0.0263361735089078,0.2583268783888459,0.0,375.5081749148948,346.58961073944374,653.7646456434534,282.0126730131013,738.8,17.710341093665402,357.7978338212294,0.0297708752737416,0.1968126110442306,0.7734165136820277,1084,8.445571955719558,0.1407429889027919,0.1961340018897317,0.0493865995596099,5.379407073699459,0.0008787625527713,0.0821033210332103,2582,0.0,0.7153369481022464,0.0,0.0,1.0,18535.19954642015,0.0,1.4948518871033082e-14,2.677413124871664e-13,0.0,0.0,0.0,,,0.0
optimal@10s,2,300,2582,1838,0.7118512780790085,0.2881487219209915,0.028272656855151,0.2598760650658404,0.0,376.48925059759154,352.1757022512147,634.001513252096,281.5585843951055,735.2,18.7519042437432,357.7373463538483,0.032787803951639,0.1980462662493753,0.7691659297989857,1078,8.401669758812616,0.1375179963158521,0.2077300012024352,0.0505653266331658,6.629502653047603,0.0010890513269274,0.0760667903525046,2582,0.0,0.7118512780790085,0.0,0.0,1.0,18452.497864581244,0.0,-1.3654897548790148e-14,2.735055562516555e-13,0.0,0.0,0.0,,,0.0
optimal@10s,3,300,2582,1860,0.7203718048024786,0.2796281951975213,0.0247869868319132,0.254841208365608,0.0,372.5154243745467,349.5249373688598,638.2120036025109,280.0967111088832,744.0,15.964516129032258,356.55090824551445,0.0342917554085782,0.1982149657464544,0.7674932788449673,1083,7.572483841181902,0.1381745151722342,0.2060620035626932,0.0453829183737787,6.556093411596941,0.0012296379886394,0.0840258541089566,2582,0.0,0.7203718048024786,0.0,0.0,1.0,18638.74883532822,0.0,3.8654861868131797e-16,2.7534223407859024e-13,0.0,0.0,0.0,,,0.0
optimal@10s,4,300,2582,1854,0.7180480247869868,0.2819519752130132,0.0147172734314484,0.2672347017815646,0.0,365.01851699503936,342.4170814840168,626.804178451302,270.8345742208549,741.6,12.610032362459547,352.4084846325798,0.0285675439112007,0.1982846384640845,0.7731478176247146,1107,6.067750677506775,0.1269854562633225,0.2006400002574083,0.0518150791188333,8.034477630400742,0.0020081736726476,0.089430894308943,2582,0.0,0.7180480247869868,0.0,0.0,1.0,18717.747725044726,0.0,-7.24818742721839e-16,2.7684387205074743e-13,0.0,0.0,0.0,,,0.0
optimal@10s,5,300,2582,1855,0.7184353214562355,0.2815646785437645,0.0220759101471727,0.2594887683965918,0.0,372.7493192000711,350.8990946128979,613.2274313233247,279.9130295060976,742.0,17.470080862533692,355.27923833753744,0.0352953536505868,0.1988210680503738,0.7658835782990393,1065,7.953051643192488,0.1395944601576338,0.2007640028023158,0.051826412738058,6.446997359771871,0.0011431207899977,0.0901408450704225,2582,0.0,0.7184353214562355,0.0,0.0,1.0,18489.656453766656,0.0,1.0775926422518071e-14,2.696241552875331e-13,0.0,0.0,0.0,,,0.0
optimal@10s,0,350,2582,2106,0.8156467854376452,0.1843532145623547,0.0069713400464756,0.1773818745158791,0.0,297.251105128353,271.7134172011347,531.5036601843458,246.68833909342453,842.4,6.896011396011396,290.35509373234163,0.0729224880446594,0.1649866452746311,0.7620908666807094,1058,4.338374291115312,0.1401796788292464,0.2428780002082934,0.0531980319803198,5.411229449042088,0.0025628611356821,0.0652173913043478,2582,0.0,0.8156467854376452,0.0,0.0,1.0,21340.94720340685,0.0,2.2561671851233432e-14,2.682193393209039e-13,0.0,0.0,0.0,,,0.0
optimal@10s,1,350,2582,2140,0.8288148721920992,0.1711851278079008,0.0092951200619674,0.1618900077459333,0.0,293.3386611271888,268.40422894834546,523.6373913494864,247.478820370277,856.0,6.821495327102804,286.517165800086,0.0731055033266518,0.1640072054410442,0.7628872912323039,1062,4.514124293785311,0.1394922788187062,0.2171800015639758,0.046005595275101,5.517422564734516,0.0024369688700461,0.0677966101694915,2582,0.0,0.8288148721920992,0.0,0.0,1.0,21549.850766869065,0.0,8.705393622995386e-15,2.7177471073198864e-13,0.0,0.0,0.0,,,0.0
optimal@10s,2,350,2582,2127,0.8237800154918667,0.1762199845081332,0.0065840433772269,0.1696359411309062,0.0,304.2973621845304,277.7853175431783,533.9078129426692,254.61926133953068,850.8,5.965209214856605,298.3321529696738,0.0709626719526081,0.1717569378001663,0.7572803902472254,1056,4.089962121212121,0.1330380684080547,0.21989500237396,0.0505548705302096,4.396249907205887,0.002319202062222,0.0643939393939393,2582,0.0,0.8237800154918667,0.0,0.0,1.0,21386.471331279645,0.0,2.680820617994736e-16,2.71154566177543e-13,0.0,0.0,0.0,,,0.0
optimal@10s,3,350,2582,2147,0.8315259488768396,0.1684740511231603,0.0065840433772269,0.1618900077459333,0.0,294.08256196788733,270.2228480709,525.7441631372899,248.43863252947284,858.8,6.382859804378202,287.6997021635092,0.0772161544515752,0.1666887465650713,0.7560950989833535,1078,4.228200371057514,0.1373531539817638,0.2171920004911953,0.0523721503388786,4.577970569288999,0.0022577469820121,0.0714285714285714,2582,0.0,0.8315259488768396,0.0,0.0,1.0,21521.98626595113,0.0,-6.283851977291524e-16,2.6547185502510585e-13,0.0,0.0,0.0,,,0.0
optimal@10s,4,350,2582,2153,0.8338497288923316,0.1661502711076684,0.004260263361735,0.1618900077459333,0.0,289.83157692154185,267.62558527456576,501.8256101057028,244.81502795909756,861.2,5.910822108685555,283.9207548128563,0.0799460498215646,0.163856592034356,0.7561973581440793,1059,3.926345609065156,0.1377856469474824,0.2230519993463535,0.0484268969771745,5.312276422844694,0.0031002537215498,0.065155807365439,2582,0.0,0.8338497288923316,0.0,0.0,1.0,21455.15376359676,0.0,-7.975041899508974e-15,2.745902798116471e-13,0.0,0.0,0.0,,,0.0
optimal@10s,5,350,2582,2141,0.8292021688613478,0.1707978311386522,0.0069713400464756,0.1638264910921766,0.0,294.24592807651294,263.6140339248632,521.2616271792958,248.0002281813813,856.4,5.957963568425969,288.287964508087,0.0752410359190445,0.166821384406169,0.7579375796747864,1048,4.1679389312977095,0.1389393130900406,0.2185300012206425,0.0482523971543458,5.732156429998634,0.0029764239023166,0.0687022900763358,2582,0.0,0.8292021688613478,0.0,0.0,1.0,21438.351722938736,0.0,4.993047855913455e-15,2.6360438560807564e-13,0.0,0.0,0.0,,,0.0
optimal@10s,0,400,2582,2301,0.8911696359411309,0.108830364058869,0.004260263361735,0.104570100697134,0.0,246.11174719276227,217.51837813607017,449.0599231813385,222.0624457572471,920.4,5.375923511516731,240.73582368124556,0.1487268952944322,0.1336810659300696,0.7175920387754982,1069,3.72310570626754,0.1394259121430814,0.2194920027977786,0.0481184454040715,4.181738244589383,0.0030128902095359,0.0514499532273152,2582,0.0,0.8911696359411309,0.0,0.0,1.0,23181.75709707918,0.0,2.0767201759016204e-14,2.648827123163958e-13,0.0,0.0,0.0,,,0.0
optimal@10s,1,400,2582,2324,0.9000774593338497,0.0999225406661502,0.0073586367157242,0.092563903950426,0.0,237.8685447777831,214.98793891698915,431.4641647252799,217.07111084549675,929.6,5.703528399311532,232.1650163784716,0.1511499461455541,0.1296150811543643,0.7192349727000816,1059,4.026440037771483,0.1472421153574941,0.2093659988895526,0.0541538461538461,3.100400738031862,0.0019360534806497,0.0462700661000944,2582,0.0,0.9000774593338497,0.0,0.0,1.0,23299.85130659999,0.0,-1.9095453846952134e-15,2.6597676060083965e-13,0.0,0.0,0.0,,,0.0
optimal@10s,2,400,2582,2326,0.900852052672347,0.0991479473276529,0.0038729666924864,0.0952749806351665,0.0,240.56013825113587,214.6360556443801,437.7449293904429,218.9472748758259,930.4,5.282029234737747,235.2781090163981,0.1456832060035736,0.1321830227953796,0.7221337712010466,1054,3.6148007590132822,0.1432997152484636,0.2038880027248524,0.0495689655172413,3.6886667174178833,0.0029742787947079,0.0502846299810246,2582,0.0,0.900852052672347,0.0,0.0,1.0,23414.26023530327,0.0,3.1027058251390228e-15,2.639373385942104e-13,0.0,0.0,0.0,,,0.0
optimal@10s,3,400,2582,2310,0.8946553059643687,0.1053446940356312,0.0050348567002323,0.1003098373353989,0.0,243.85342063858383,217.56392104084372,449.8521622047713,220.77139582264235,924.0,5.224675324675324,238.62874531390852,0.1526712859456623,0.1329097520272632,0.7144189620270744,1067,3.7038425492033737,0.1395906280258023,0.2157800010172648,0.0452152369154537,2.905265910946502,0.002128056965782,0.049671977507029,2582,0.0,0.8946553059643687,0.0,0.0,1.0,23157.43335069661,0.0,1.1930812278482635e-14,2.617850140606874e-13,0.0,0.0,0.0,,,0.0
optimal@10s,4,400,2582,2304,0.8923315259488769,0.1076684740511231,0.0027110766847405,0.1049573973663826,0.0,246.51245589631395,220.38530093298755,453.13855374194645,222.243657336898,921.6,5.387586805555555,241.1248690907584,0.1542267399961932,0.1336677544979244,0.7121055055058824,1095,3.551598173515982,0.1412864838653461,0.2033560042036696,0.0509828009828009,2.4595870847875694,0.0019416214107152,0.0438356164383561,2582,0.0,0.8923315259488769,0.0,0.0,1.0,23076.665831037702,0.0,9.828943214884587e-15,2.573678153310826e-13,0.0,0.0,0.0,,,0.0
optimal@10s,5,400,2582,2313,0.8958171959721146,0.1041828040278853,0.005422153369481,0.0987606506584043,0.0,243.8181838757316,215.97727645914887,443.942147463273,221.1284644038145,925.2,5.281020319930826,238.5371635558008,0.1510163803065079,0.1327681509809753,0.7162154687125166,1049,3.798856053384176,0.1470175405426125,0.2136640006210655,0.0493674791730947,2.7747836625595546,0.0019790142347949,0.0476644423260247,2582,0.0,0.8958171959721146,0.0,0.0,1.0,23116.25481519152,0.0,2.6551274029470454e-15,2.667705130632855e-13,0.0,0.0,0.0,,,0.0
optimal@10s,0,450,2582,2391,0.9260263361735088,0.073973663826491,0.0030983733539891,0.0708752904725019,0.0,215.286455772476,187.8846576655424,408.1928405925301,201.42301626460997,956.4,5.226683396068591,210.05977237640744,0.2244979500444122,0.1095056001475138,0.6659964498080738,1046,3.6481835564053537,0.1430055448609799,0.2364149961067592,0.0486603018170619,2.436430691142799,0.0021006749807429,0.0468451242829827,2582,0.0,0.9260263361735088,0.0,0.0,1.0,24137.303700630848,0.0,1.4376529150662592e-14,2.6038300657304913e-13,0.0,0.0,0.0,,,0.0
optimal@10s,1,450,2582,2414,0.9349341595662276,0.0650658404337722,0.0058094500387296,0.0592563903950426,0.0,209.4074453833864,181.96078505120568,385.0331877622255,198.1263451530209,965.6,5.090306545153273,204.3171388382331,0.2309315720559965,0.1072343799347124,0.6618340480092911,1051,3.800190294957184,0.1458651760729742,0.2117500007443595,0.0482374768089053,2.2086580178620587,0.0017177603596545,0.0390104662226451,2582,0.0,0.9349341595662276,0.0,0.0,1.0,24211.940398336763,0.0,9.930011337732676e-15,2.62889406460313e-13,0.0,0.0,0.0,,,0.0
optimal@10s,2,450,2582,2396,0.927962819519752,0.0720371804802478,0.004260263361735,0.0677769171185127,0.0,206.08741757532292,178.45857135018696,395.6014644800976,193.1529601295387,958.4,4.895659432387312,201.19175814293564,0.2333534485790103,0.1053500501440215,0.661296501276968,1042,3.5220729366602685,0.1445838771393453,0.2087179988302523,0.0425069810735339,2.1800266020651957,0.0021247213691775,0.0383877159309021,2582,0.0,0.927962819519752,0.0,0.0,1.0,24100.34993484054,0.0,7.248885224222017e-16,2.669170764583828e-13,0.0,0.0,0.0,,,0.0
optimal@10s,3,450,2582,2399,0.929124709527498,0.0708752904725019,0.005422153369481,0.0654531371030209,0.0,209.8394099420344,179.42042686883906,400.22586967114927,197.1639063277014,959.6,5.040016673614006,204.7993932684204,0.2328214646421844,0.1074764104859794,0.6597021248718361,1051,3.658420551855376,0.1487724072028852,0.2352000010432675,0.0443410852713178,1.2352707601354458,0.0010561207919583,0.0323501427212178,2582,0.0,0.929124709527498,0.0,0.0,1.0,24063.080087613267,0.0,8.461944960677808e-15,2.588075647913852e-13,0.0,0.0,0.0,,,0.0
optimal@10s,4,450,2582,2396,0.927962819519752,0.0720371804802478,0.0023237800154918,0.069713400464756,0.0,214.83135373235973,188.02553210444307,407.4606475991032,201.03820394143605,958.4,4.989565943238731,209.841787789121,0.2273913690586827,0.1095450601722958,0.6630635707690213,1040,3.516346153846154,0.1482176922553872,0.2131400000507706,0.0456931151589996,2.812556320868532,0.0027367542746601,0.0413461538461538,2582,0.0,0.927962819519752,0.0,0.0,1.0,24185.620280404302,0.0,7.877949822815969e-15,2.5724998091658404e-13,0.0,0.0,0.0,,,0.0
optimal@10s,5,450,2582,2398,0.9287374128582494,0.0712625871417505,0.0050348567002323,0.0662277304415182,0.0,208.5115303747847,181.1934137483204,392.9506762296715,195.9112197892495,959.2,5.143452877397832,203.36807749738688,0.2300702432683204,0.1067101070095987,0.6632196497220809,1040,3.710576923076923,0.1492725961725227,0.2054199982376301,0.0537139349294045,3.09285792185194,0.0026516533737177,0.0451923076923076,2582,0.0,0.9287374128582494,0.0,0.0,1.0,24080.61117588002,0.0,1.086796300252332e-14,2.6252950327971525e-13,0.0,0.0,0.0,,,0.0
optimal@10s,0,500,2582,2450,0.9488768396591788,0.051123160340821,0.0027110766847405,0.0484120836560805,0.0,191.0300598132994,160.40930666761778,369.8308495111865,182.97102742149116,980.0,5.148163265306122,185.88189654799328,0.296256219157913,0.0903188097099549,0.6134249711321319,1047,3.5692454632282717,0.1476787011252619,0.2072079989011399,0.0501075929910851,1.4731597147698152,0.0014804118663744,0.0343839541547277,2582,0.0,0.9488768396591788,0.0,0.0,1.0,24731.32169019379,0.0,4.771149461907489e-15,2.601721106128359e-13,0.0,0.0,0.0,,,0.0
optimal@10s,1,500,2582,2445,0.9469403563129356,0.0530596436870642,0.005422153369481,0.0476374903175832,0.0,186.3296449222765,157.51112196441954,361.8247922198181,178.56057743119257,978.0,5.190593047034765,181.13905187524173,0.3073709155593558,0.0874260480722457,0.6052030363683985,1050,3.7914285714285714,0.1524062856887689,0.2269940033147576,0.0446788706174371,1.3330926550938182,0.0011019723187657,0.0238095238095238,2582,0.0,0.9469403563129356,0.0,0.0,1.0,24585.289085485787,0.0,8.877061775955813e-15,2.572255519240898e-13,0.0,0.0,0.0,,,0.0
optimal@10s,2,500,2582,2446,0.9473276529821844,0.0526723470178156,0.004260263361735,0.0484120836560805,0.0,189.3304510335276,159.6457222037152,370.3970341445531,181.1265583934948,978.4,4.856500408830744,184.47395062469684,0.3037582072551128,0.0901092735483667,0.6061325191965203,1041,3.500480307396734,0.1501103746578948,0.217339998926036,0.0445820433436532,2.0327134684965267,0.0021764446800481,0.0393852065321806,2582,0.0,0.9473276529821844,0.0,0.0,1.0,24568.23696368632,0.0,-1.2220623350371101e-15,2.622433931679227e-13,0.0,0.0,0.0,,,0.0
optimal@10s,3,500,2582,2453,0.9500387296669248,0.0499612703330751,0.005422153369481,0.0445391169635941,0.0,191.53737965047807,158.19359607764272,377.4410758994532,184.0359621597507,981.2,4.842233999184672,186.6951456512934,0.2999065145186099,0.0910510203967302,0.6090424650846599,1052,3.6045627376425857,0.1504401142182543,0.2184979975572787,0.0440446650124069,1.155166467853401,0.0010937433272161,0.029467680608365,2582,0.0,0.9500387296669248,0.0,0.0,1.0,24696.85804088376,0.0,1.5566295365078653e-14,2.595655266572185e-13,0.0,0.0,0.0,,,0.0
optimal@10s,4,500,2582,2447,0.947714949651433,0.052285050348567,0.0030983733539891,0.0491866769945778,0.0,189.4392946663439,159.2485417052585,371.9886196093141,181.25161785374368,978.8,5.069881487535758,184.36941317880812,0.3018292750289365,0.0897210201854355,0.608449704785628,1045,3.5483253588516748,0.1528566508316078,0.2368559991009533,0.0468991052144399,2.161664245061415,0.0022168349037201,0.0382775119617224,2582,0.0,0.947714949651433,0.0,0.0,1.0,24640.685902998423,0.0,1.0436005689913363e-14,2.6545682058086043e-13,0.0,0.0,0.0,,,0.0
optimal@10s,5,500,2582,2435,0.9430673896204492,0.0569326103795507,0.0046475600309837,0.052285050348567,0.0,187.60966556044983,155.64877965048072,365.5421506596296,178.929564182741,974.0,4.851745379876797,182.75792018057305,0.3037150189976672,0.088368554563613,0.6079164264387198,1043,3.5896452540747843,0.1512145732487828,0.220775999187026,0.0496147919876733,1.8964978533987584,0.0018868267380425,0.0268456375838926,2582,0.0,0.9430673896204492,0.0,0.0,1.0,24509.338568216182,0.0,3.549248506321178e-15,2.62413317176646e-13,0.0,0.0,0.0,,,0.0
batched_greedy@10s+aware,0,300,2582,1939,0.7509682416731216,0.2490317583268783,0.1560805577072037,0.0929512006196746,0.0,375.7402455174478,364.01654117565886,567.5916390018974,329.587947038506,775.6,64.15626611655493,311.5839794008929,0.0307181817678242,0.1635890206592339,0.8056927975729419,1167,23.217652099400173,0.0518395885866655,0.1210700026422273,0.0603297088740792,,,,2582,0.0,0.7509682416731216,0.0,0.0,1.0,19570.04394124239,0.0,-1.0322612056293023e-14,2.747405191436656e-13,0.0,0.0,0.0,,,0.0
batched_greedy@10s+aware,1,300,2582,1961,0.7594887683965917,0.2405112316034082,0.1483346243222308,0.0921766072811773,0.0,369.51151075926737,362.0681629609644,561.622264125579,322.6237543709055,784.4,59.7766445690974,309.73486619017,0.0264245191228394,0.1633088569132191,0.8102666239639414,1107,23.01806684733514,0.0530346885048313,0.1358820036693944,0.0423940149625935,,,,2582,0.0,0.7594887683965917,0.0,0.0,1.0,19683.3969826737,0.0,-1.2117679515485468e-14,2.715002000770487e-13,0.0,0.0,0.0,,,0.0
batched_greedy@10s+aware,2,300,2582,1963,0.7602633617350891,0.2397366382649109,0.1549186676994577,0.0848179705654531,0.0,371.12591218136527,363.0705117586349,558.4781340992679,328.4352176759592,785.2,66.90219052470708,304.2237216566582,0.0290364264898934,0.1602526645240201,0.8107109089860863,1106,25.067811934900543,0.0518111212250745,0.1356700016913239,0.0472133475328363,,,,2582,0.0,0.7602633617350891,0.0,0.0,1.0,19613.800441905038,0.0,6.135353729563779e-16,2.7263593544991657e-13,0.0,0.0,0.0,,,0.0
batched_greedy@10s+aware,3,300,2582,1968,0.7621998450813323,0.2378001549186677,0.1498838109992254,0.0879163439194423,0.0,378.20608008878935,369.8711871504527,570.4403232696737,333.5402475261758,787.2,63.735772357723576,314.47030773106576,0.0300023827265391,0.1665512732340063,0.8034463440394545,1104,24.455615942028984,0.0545098731152762,0.1245550027670106,0.051426558647411,,,,2582,0.0,0.7621998450813323,0.0,0.0,1.0,19601.597478541524,0.0,4.6196109268549204e-15,2.6978419498391304e-13,0.0,0.0,0.0,,,0.0
batched_greedy@10s+aware,4,300,2582,1955,0.7571649883810999,0.2428350116189001,0.1413632842757552,0.1014717273431448,0.0,371.9887491535637,355.43381392710035,583.4419017545459,324.74195413231246,782.0,61.14168797953964,310.8470611740241,0.0279696941803086,0.1647857013090027,0.8072446045106887,1104,23.240942028985508,0.052270199455012,0.1295089990162526,0.0395619922288943,,,,2582,0.0,0.7571649883810999,0.0,0.0,1.0,19620.914090722967,0.0,-4.096524199711524e-15,2.688182157691369e-13,0.0,0.0,0.0,,,0.0
batched_greedy@10s+aware,5,300,2582,1959,0.7587141750580945,0.2412858249419055,0.1421378776142525,0.0991479473276529,0.0,360.0287212188964,348.6942349974215,561.6467702059442,315.8942818436339,783.6,58.0,302.0287212188964,0.0376619922872613,0.1617895280109241,0.8005484797018145,1113,22.23270440251572,0.0543941600689194,0.1313879963709041,0.0490196078431372,,,,2582,0.0,0.7587141750580945,0.0,0.0,1.0,19543.73584645051,0.0,4.227801819144292e-15,2.712027188382453e-13,0.0,0.0,0.0,,,0.0
batched_greedy@10s+aware,0,350,2582,2157,0.8353989155693261,0.1646010844306739,0.0611928737412858,0.103408210689388,0.0,317.6357923478619,303.5929742771177,524.6995518492876,285.9307136317377,862.8,30.192860454334724,287.4429318935272,0.0695830732349721,0.1562197757181771,0.7741971510468507,1139,12.325724319578578,0.055850746350629,0.1347480001277289,0.0517464424320828,,,,2582,0.0,0.8353989155693261,0.0,0.0,1.0,21750.66088440638,0.0,1.6582212860335534e-14,2.705386525219267e-13,0.0,0.0,0.0,,,0.0
batched_greedy@10s+aware,1,350,2582,2184,0.8458559256390396,0.1541440743609605,0.0561580170410534,0.097986057319907,0.0,309.70403433391607,295.5731764204306,514.1766800515314,280.7612768318485,873.6,25.167582417582416,284.53645191633365,0.0696195394276257,0.1566701246109302,0.773710335961444,1110,11.63873873873874,0.0557522520515753,0.1414460008527385,0.0522412125120928,,,,2582,0.0,0.8458559256390396,0.0,0.0,1.0,21925.983131944176,0.0,9.813476852465074e-15,2.6648321319238105e-13,0.0,0.0,0.0,,,0.0
batched_greedy@10s+aware,2,350,2582,2182,0.8450813323005422,0.1549186676994577,0.0553834237025561,0.0995352439969016,0.0,326.3344744219252,318.87701336736154,528.643450160546,294.515265940168,872.8,29.787351054078822,296.5471233678464,0.0647549244106839,0.1610561098562643,0.7741889657330516,1102,12.314882032667876,0.054573684074536,0.1506900051026605,0.0440842787682333,,,,2582,0.0,0.8450813323005422,0.0,0.0,1.0,21906.07806587528,0.0,6.9700839457997684e-15,2.7074075744326013e-13,0.0,0.0,0.0,,,0.0
batched_greedy@10s+aware,3,350,2582,2187,0.8470178156467855,0.1529821843532145,0.063129357087529,0.0898528272656855,0.0,309.28380632438126,299.7671396005408,521.2429019162669,282.470471402503,874.8,28.56881572930956,280.7149905950717,0.0791785708211733,0.1535184162740114,0.7673030129048153,1099,12.661510464058235,0.0573632393907387,0.150128000677796,0.0500487487812804,,,,2582,0.0,0.8470178156467855,0.0,0.0,1.0,21900.233712442056,0.0,4.15457943920086e-15,2.7242263720987864e-13,0.0,0.0,0.0,,,0.0
batched_greedy@10s+aware,4,350,2582,2189,0.8477924089852827,0.1522075910147173,0.0546088303640588,0.0975987606506584,0.0,310.68721722129607,302.5300675491035,516.3405011037946,281.26999292368686,875.6,27.29419826404751,283.39301895724856,0.072091281664371,0.1573251524213776,0.7705835659142513,1140,11.273684210526316,0.0559801754366561,0.1408270027604884,0.0498873511425812,,,,2582,0.0,0.8477924089852827,0.0,0.0,1.0,21919.821163236105,0.0,4.8389291152780704e-15,2.696451254757576e-13,0.0,0.0,0.0,,,0.0
batched_greedy@10s+aware,5,350,2582,2170,0.8404337722695585,0.1595662277304415,0.0604182804027885,0.0991479473276529,0.0,309.54305313445985,296.24707590688126,520.4812104565236,280.0152407527541,868.0,29.33410138248848,280.20895175197137,0.0853698135330188,0.152351421537619,0.7622787649293622,1113,12.2911051212938,0.0579761902397742,0.1387799961958079,0.0544985488552079,,,,2582,0.0,0.8404337722695585,0.0,0.0,1.0,21718.99055004393,0.0,1.0982510344056964e-14,2.75624889015766e-13,0.0,0.0,0.0,,,0.0
batched_greedy@10s+aware,0,400,2582,2318,0.8977536793183578,0.1022463206816421,0.0259488768396591,0.0762974438419829,0.0,254.38374265121573,232.96922005914303,462.80428916035527,237.8610993886714,927.2,13.64106988783434,240.74267276338145,0.1462650937728148,0.1303956722258748,0.7233392340013103,1083,7.250230840258541,0.0648176361866779,0.1556899995193817,0.0481738035264483,,,,2582,0.0,0.8977536793183578,0.0,0.0,1.0,23353.566208956378,0.0,1.2701947632898684e-15,2.7288496455312073e-13,0.0,0.0,0.0,,,0.0
batched_greedy@10s+aware,1,400,2582,2367,0.9167312161115414,0.0832687838884585,0.0240123934934159,0.0592563903950426,0.0,243.4571092432296,219.9969390361912,444.879221312507,231.77721248358748,946.8,11.994085340092944,231.46302390313667,0.1438619891771322,0.1283202094184962,0.7278178014043716,1086,6.848987108655617,0.0641282687403611,0.1616449979337633,0.0448232323232323,,,,2582,0.0,0.9167312161115414,0.0,0.0,1.0,23756.29285286145,0.0,1.1191911125976252e-14,2.660248212862491e-13,0.0,0.0,0.0,,,0.0
batched_greedy@10s+aware,2,400,2582,2345,0.9082106893880711,0.0917893106119287,0.0224632068164213,0.0693261037955073,0.0,251.63217351456964,230.93449784519544,456.2376071690809,236.38622443134756,938.0,12.036673773987207,239.59549974058248,0.1444538672902986,0.1315119947045018,0.7240341380051996,1096,6.386861313868613,0.0634058394702363,0.1550850014609749,0.0482758620689655,,,,2582,0.0,0.9082106893880711,0.0,0.0,1.0,23528.07799470934,0.0,1.3241812290126195e-14,2.686982122231944e-13,0.0,0.0,0.0,,,0.0
batched_greedy@10s+aware,3,400,2582,2340,0.906274206041828,0.0937257939581719,0.0240123934934159,0.069713400464756,0.0,259.8975561945555,245.9964575311867,472.98561224396286,243.59253388020244,936.0,13.266666666666667,246.63088952788883,0.1418223683842831,0.1339697131301437,0.7242079184855732,1096,6.866788321167883,0.0623958028974984,0.1553049958602058,0.0543580131208997,,,,2582,0.0,0.906274206041828,0.0,0.0,1.0,23640.89154068312,0.0,-1.8909849944213777e-15,2.620164294458092e-13,0.0,0.0,0.0,,,0.0
batched_greedy@10s+aware,4,400,2582,2329,0.9020139426800928,0.097986057319907,0.0240123934934159,0.073973663826491,0.0,256.7433318159425,233.13839604854093,466.25781933205207,240.26335051087565,931.6,15.451266638042078,241.2920651779005,0.1513821900723786,0.1292392500037085,0.7193785599239128,1083,7.349030470914127,0.064946260336958,0.1618540014897007,0.0474544311753614,,,,2582,0.0,0.9020139426800928,0.0,0.0,1.0,23398.532284327524,0.0,2.458831764215769e-14,2.679118317395495e-13,0.0,0.0,0.0,,,0.0
batched_greedy@10s+aware,5,400,2582,2328,0.9016266460108444,0.0983733539891557,0.0294345468628969,0.0689388071262587,0.0,251.60496143683315,232.4898045254768,457.6922075915908,236.96562368776495,931.2,14.012027491408936,237.59293394542425,0.1537603212652193,0.1279807765307575,0.7182589022040231,1090,7.361467889908257,0.0661182568748716,0.1562540022132451,0.0512901195720578,,,,2582,0.0,0.9016266460108444,0.0,0.0,1.0,23282.883583651565,0.0,5.152426786104034e-15,2.697281115527722e-13,0.0,0.0,0.0,,,0.0
batched_greedy@10s+aware,0,450,2582,2413,0.9345468628969792,0.0654531371030209,0.0151045701006971,0.0503485670023237,0.0,219.50760360900728,196.17074181628868,412.9443088795887,211.19900473931617,965.2,8.996270203066722,210.51133340594052,0.220876063813966,0.1089751534355641,0.6701487827504697,1114,5.228904847396769,0.0708034111238486,0.1630049989034885,0.0553494124922696,,,,2582,0.0,0.9345468628969792,0.0,0.0,1.0,24314.0650097189,0.0,1.3256605832867742e-14,2.6052245961669405e-13,0.0,0.0,0.0,,,0.0
batched_greedy@10s+aware,1,450,2582,2419,0.9368706429124708,0.063129357087529,0.0185902401239349,0.0445391169635941,0.0,214.48394293902317,188.1815221432371,405.4254382426974,206.82401315488207,967.6,8.510541546093426,205.9734013929297,0.2283877533880915,0.1065485299928806,0.6650637166190277,1085,5.409216589861751,0.0745658066541102,0.1617599985911513,0.0472761427676894,,,,2582,0.0,0.9368706429124708,0.0,0.0,1.0,24347.757265855755,0.0,3.472487558625025e-15,2.6097997494200133e-13,0.0,0.0,0.0,,,0.0
batched_greedy@10s+aware,2,450,2582,2411,0.9337722695584818,0.0662277304415182,0.0170410534469403,0.0491866769945778,0.0,213.9732941553918,184.50487233838064,415.5015529143002,205.83298740761865,964.4,9.559104106180008,204.41419004921175,0.2290054953690299,0.1051759245141961,0.6658185801167739,1095,5.425570776255708,0.0743337899454992,0.163862002227688,0.0516008703761268,,,,2582,0.0,0.9337722695584818,0.0,0.0,1.0,24283.522735747487,0.0,1.0317384073223312e-14,2.632445162816644e-13,0.0,0.0,0.0,,,0.0
batched_greedy@10s+aware,3,450,2582,2427,0.93996901626646,0.0600309837335398,0.0151045701006971,0.0449264136328427,0.0,216.2664761642568,191.82223142370367,412.73503611134186,208.31418717238776,970.8,9.781211372064275,206.4852647921925,0.2229132580618573,0.1064291183395901,0.6706576235985526,1093,5.413540713632205,0.0741597439441702,0.1832440038560888,0.0429736511919698,,,,2582,0.0,0.93996901626646,0.0,0.0,1.0,24513.86816448381,0.0,-2.277535391431285e-15,2.669261597909781e-13,0.0,0.0,0.0,,,0.0
batched_greedy@10s+aware,4,450,2582,2398,0.9287374128582494,0.0712625871417505,0.0201394268009295,0.051123160340821,0.0,220.77664129251315,197.73719563299343,420.2584915495127,212.24178530795967,959.2,10.226438698915764,210.5502025935974,0.2305190940691131,0.1071223039467679,0.6623586019841189,1093,5.839890210430009,0.0726929552704952,0.1602080030716022,0.0525988173046996,,,,2582,0.0,0.9287374128582494,0.0,0.0,1.0,24193.49267871603,0.0,1.1370387533934172e-14,2.530593656966866e-13,0.0,0.0,0.0,,,0.0
batched_greedy@10s+aware,5,450,2582,2408,0.932610379550736,0.0673896204492641,0.0166537567776917,0.0507358636715724,0.0,214.93325120884043,189.7415842986732,409.7736004720155,206.3232960147768,963.2,8.762458471760798,206.17079273707964,0.2263814922585106,0.1059536931393732,0.6676648146021161,1073,5.308480894687791,0.0743326188658797,0.1623399992240592,0.0515848353014294,,,,2582,0.0,0.932610379550736,0.0,0.0,1.0,24227.042781247437,0.0,-3.2651991114598664e-15,2.623964168869929e-13,0.0,0.0,0.0,,,0.0
batched_greedy@10s+aware,0,500,2582,2455,0.9508133230054222,0.0491866769945778,0.0127807900852052,0.0364058869093725,0.0,192.8572464372119,162.46113934643017,375.0585311158504,188.33395587500453,982.0,7.866802443991854,184.99044399322003,0.2979167534334953,0.0889568766023254,0.6131263699641791,1109,4.782687105500451,0.0781124436249914,0.169024000351783,0.0523219814241486,,,,2582,0.0,0.9508133230054222,0.0,0.0,1.0,24736.23222052528,0.0,-3.155113644889936e-15,2.585518131342044e-13,0.0,0.0,0.0,,,0.0
batched_greedy@10s+aware,1,500,2582,2449,0.9484895429899304,0.0515104570100697,0.0154918667699457,0.0360185902401239,0.0,187.50840167495696,161.70204231168736,360.7686735079615,182.979734904497,979.6,6.777460187831768,180.7309414871252,0.3062265708286127,0.0871966466074934,0.6065767825638938,1084,4.846863468634687,0.0791361623142315,0.179261000666884,0.0530561588582066,,,,2582,0.0,0.9484895429899304,0.0,0.0,1.0,24644.966510877293,0.0,1.5333680516505226e-14,2.6030119487214744e-13,0.0,0.0,0.0,,,0.0
batched_greedy@10s+aware,2,500,2582,2459,0.9523625096824168,0.0476374903175832,0.0131680867544539,0.0344694035631293,0.0,196.4359306932353,166.55533781061604,389.46621070527215,191.9125655108321,983.6,8.42049613664091,188.0154345565944,0.29988333953384,0.0899526886956842,0.6101639717704757,1091,4.8945921173235565,0.0784469293340281,0.1689100034127475,0.0451995012468827,,,,2582,0.0,0.9523625096824168,0.0,0.0,1.0,24814.16082549186,0.0,5.4488066492013975e-15,2.6020142165798414e-13,0.0,0.0,0.0,,,0.0
batched_greedy@10s+aware,3,500,2582,2462,0.9535243996901628,0.0464756003098373,0.0139426800929512,0.0325329202168861,0.0,197.04290691472585,165.53526536068466,393.43500936399545,192.4619856979652,984.8,7.793257514216084,189.24964940050975,0.3001677378734868,0.0909111331974167,0.6089211289290964,1094,4.868372943327239,0.0792231261471611,0.1783119966421508,0.044103847356897,,,,2582,0.0,0.9535243996901628,0.0,0.0,1.0,24705.11430039974,0.0,6.976637879196069e-15,2.6272512462344097e-13,0.0,0.0,0.0,,,0.0
batched_greedy@10s+aware,4,500,2582,2453,0.9500387296669248,0.0499612703330751,0.0139426800929512,0.0360185902401239,0.0,193.54752759519613,161.93722886802516,386.11020387039946,188.67548197813045,981.2,8.448430493273543,185.09909710192255,0.302066855607646,0.088551032504341,0.609382111888013,1117,4.784243509400179,0.0757153088308415,0.1775440032361072,0.0496894409937888,,,,2582,0.0,0.9500387296669248,0.0,0.0,1.0,24733.443366029715,0.0,7.455919290038719e-15,2.667468094485444e-13,0.0,0.0,0.0,,,0.0
batched_greedy@10s+aware,5,500,2582,2438,0.9442292796281953,0.0557707203718048,0.0135553834237025,0.0422153369481022,0.0,194.77470776267708,164.9061132863951,387.43391878681183,188.96505916427668,975.2,7.494667760459393,187.2800400022177,0.3034242435431932,0.0886278641568222,0.6079478922999845,1098,4.742258652094717,0.0782230419880445,0.167566002201056,0.0523381851966553,,,,2582,0.0,0.9442292796281953,0.0,0.0,1.0,24544.50381052728,0.0,3.144690778856227e-15,2.674400669931171e-13,0.0,0.0,0.0,,,0.0
optimal@10s+aware,0,300,2582,1948,0.7544539116963594,0.2455460883036405,0.1498838109992254,0.0956622773044151,0.0,376.5168256953187,366.11018403249136,567.8957390885575,330.87009681537086,779.2,67.27515400410678,309.24167169121193,0.0296056672769272,0.1616566054663114,0.8087377272567613,1131,24.41556145004421,0.1348015914816153,0.2188499951444101,0.0490472829922371,4.607738650860532,0.0002225990515613,0.0362511052166224,2582,0.0,0.7544539116963594,0.0,0.0,1.0,19424.697493626707,0.0,2.4625521790556346e-15,2.685248783539275e-13,0.0,0.0,0.0,,,0.0
optimal@10s+aware,1,300,2582,1970,0.7629744384198296,0.2370255615801704,0.1425251742835011,0.0945003872966692,0.0,366.6883038517959,356.11427941734473,566.2214669548605,320.306021156311,788.0,59.04213197969544,307.64617187210047,0.0284254226260281,0.16280876434738,0.8087658130265919,1094,22.739488117001827,0.140614168192726,0.2149159953114571,0.0441852244609402,3.923033036659547,0.0002050006064182,0.0374771480804387,2582,0.0,0.7629744384198296,0.0,0.0,1.0,19665.73642981093,0.0,1.635781189013195e-14,2.685445774382453e-13,0.0,0.0,0.0,,,0.0
optimal@10s+aware,2,300,2582,1957,0.7579395817195972,0.2420604182804027,0.1498838109992254,0.0921766072811773,0.0,373.30705804803137,365.1041879132754,562.7047365000028,328.3318758162244,782.8,63.200306591722025,310.1067514563093,0.0280583350653672,0.1636437539938938,0.8082979109407389,1104,24.108695652173918,0.1401610506748155,0.2038939957128605,0.0503343892995424,5.648705857273386,0.000276797600776,0.0434782608695652,2582,0.0,0.7579395817195972,0.0,0.0,1.0,19570.620862734788,0.0,-4.298838012978838e-15,2.680528824511839e-13,0.0,0.0,0.0,,,0.0
optimal@10s+aware,3,300,2582,1955,0.7571649883810999,0.2428350116189001,0.1479473276529821,0.0948876839659178,0.0,373.6802699223283,365.5540604409434,565.2424893027853,326.9617759815532,782.0,61.22199488491049,312.4582750374178,0.029829101359161,0.1665722070476449,0.8035986915931941,1111,23.537353735373536,0.1368980197778515,0.202940004237462,0.0493305144467935,3.3419450432500666,0.0001680232101009,0.0324032403240324,2582,0.0,0.7571649883810999,0.0,0.0,1.0,19539.009717007008,0.0,-3.176543995162801e-15,2.7353532908460816e-13,0.0,0.0,0.0,,,0.0
optimal@10s+aware,4,300,2582,1953,0.7563903950426026,0.2436096049573973,0.1471727343144848,0.0964368706429124,0.0,361.7134362342769,349.5371002054044,557.9658643435403,316.8301959630565,781.2,56.44751664106503,305.2659195932119,0.0262807331125398,0.1637735721718732,0.809945694715587,1101,22.48047229791099,0.1425661216915558,0.2074000003631226,0.0508950508950508,7.6237906540283324,0.0004032478457028,0.0526793823796548,2582,0.0,0.7563903950426026,0.0,0.0,1.0,19673.066855131347,0.0,1.1742328108887473e-15,2.7401282017130513e-13,0.0,0.0,0.0,,,0.0
optimal@10s+aware,5,300,2582,1974,0.7645236250968241,0.2354763749031758,0.1409759876065066,0.0945003872966692,0.0,361.2062789431352,354.77569912863555,549.2185516136917,319.35472414194186,789.6,56.26747720364742,304.9388017394877,0.0362439083398127,0.1627586774456239,0.8009974142145633,1113,22.035938903863432,0.1380940701592645,0.2131919987732537,0.0455980357769203,3.835901459968323,0.0002071778225314,0.0386343216531895,2582,0.0,0.7645236250968241,0.0,0.0,1.0,19537.83612142278,0.0,4.215922893915995e-15,2.749888575319785e-13,0.0,0.0,0.0,,,0.0
optimal@10s+aware,0,350,2582,2154,0.8342370255615802,0.1657629744384198,0.0658404337722695,0.0999225406661502,0.0,321.95141436587943,313.5533785255891,522.9589623427263,291.00187000608054,861.6,31.39507892293408,290.55633544294534,0.0666467672916371,0.1565625763720064,0.7767906563363565,1135,13.00352422907489,0.1349839647974929,0.2051920005760622,0.0507152145643693,6.808534309523076,0.000663868955944,0.0563876651982378,2582,0.0,0.8342370255615802,0.0,0.0,1.0,21872.90454040282,0.0,1.8060040206335093e-14,2.694706110989632e-13,0.0,0.0,0.0,,,0.0
optimal@10s+aware,1,350,2582,2187,0.8470178156467855,0.1529821843532145,0.0549961270333075,0.097986057319907,0.0,305.3118534297593,293.04910116254905,514.0533381536278,277.657654463188,874.8,26.005029721079104,279.3068237086802,0.0742901446080624,0.1541747130766416,0.7715351423152959,1093,12.04117108874657,0.1404615736617395,0.2107280027121304,0.0466623460790667,5.840003721420225,0.00062942279008,0.0558096980786825,2582,0.0,0.8470178156467855,0.0,0.0,1.0,21897.44946817281,0.0,7.724756159632411e-15,2.675512608293103e-13,0.0,0.0,0.0,,,0.0
optimal@10s+aware,2,350,2582,2176,0.8427575522850503,0.1572424477149496,0.0584817970565453,0.0987606506584043,0.0,318.0379462748245,309.77109613197626,516.9023909134983,287.5121231993155,870.4,28.659466911764707,289.3784793630598,0.0708190720558483,0.1571141445668215,0.7720667833773301,1102,12.234119782214156,0.1397791287880568,0.2026970009319484,0.0506778566817301,5.16042938414804,0.0005429689272918,0.0499092558983666,2582,0.0,0.8427575522850503,0.0,0.0,1.0,21847.826401925675,0.0,-2.8982127155701927e-15,2.684113144165136e-13,0.0,0.0,0.0,,,0.0
optimal@10s+aware,3,350,2582,2190,0.8481797056545314,0.1518202943454686,0.0553834237025561,0.0964368706429124,0.0,309.49345751434936,300.0189285180202,518.2888676651559,280.20784422646034,876.0,27.617808219178084,281.8756492951713,0.079248147532606,0.1557162856354254,0.7650355668319685,1099,11.843494085532305,0.1374719745171908,0.2079199970467015,0.0485122897800776,5.40973924095412,0.0005934463255365,0.0427661510464058,2582,0.0,0.8481797056545314,0.0,0.0,1.0,21895.317876414505,0.0,7.142738962446852e-15,2.7213949003980733e-13,0.0,0.0,0.0,,,0.0
optimal@10s+aware,4,350,2582,2181,0.8446940356312935,0.1553059643687064,0.0592563903950426,0.0960495739736638,0.0,314.70086831595194,305.74912833766894,518.0206844394379,284.5637280861189,872.4,30.224209078404403,284.47665923754755,0.071520293861212,0.1559809894755172,0.7724987166632707,1109,12.341749323715058,0.1388402165023306,0.2197999981581239,0.0510006455777921,5.737875489959759,0.0005984239395536,0.0477908025247971,2582,0.0,0.8446940356312935,0.0,0.0,1.0,21892.116750575144,0.0,4.049132520439407e-15,2.7835169596431483e-13,0.0,0.0,0.0,,,0.0
optimal@10s+aware,5,350,2582,2183,0.8454686289697909,0.1545313710302091,0.0600309837335398,0.0945003872966692,0.0,319.02999186687543,309.7292259857568,524.052897118203,289.60862036424936,873.2,33.25515345854329,285.7748384083322,0.0743204835152538,0.1558978728909283,0.769781643593818,1113,13.093441150044924,0.1364135670249002,0.2127919995109549,0.0535656663439819,5.545910060010166,0.0005402657353517,0.0449236298292902,2582,0.0,0.8454686289697909,0.0,0.0,1.0,21924.84413112808,0.0,2.240585688176175e-15,2.6402415653576853e-13,0.0,0.0,0.0,,,0.0
optimal@10s+aware,0,400,2582,2321,0.8989155693261038,0.1010844306738962,0.0263361735089078,0.0747482571649883,0.0,255.1290407315818,234.79908762307605,459.96128548956585,239.11995683080403,928.4,13.44851357173632,241.68052715984547,0.1427583389561538,0.1313898680670416,0.7258517929768045,1130,6.980530973451328,0.1375256636307731,0.2209679966472322,0.0532581453634085,4.351984072796954,0.0009522822281033,0.0495575221238938,2582,0.0,0.8989155693261038,0.0,0.0,1.0,23402.774177619063,0.0,1.2626215837141591e-14,2.651390524625279e-13,0.0,0.0,0.0,,,0.0
optimal@10s+aware,1,400,2582,2355,0.9120836560805576,0.0879163439194423,0.0259488768396591,0.0619674670797831,0.0,246.16186568393084,225.5977085882696,435.7495572955064,233.1532071040725,942.0,12.218683651804673,233.94318203212617,0.1450116671093534,0.1281987586121535,0.7267895742784931,1085,6.917972350230415,0.1402591704055645,0.2194040000904359,0.0491029272898961,4.926049369319599,0.0011192888818664,0.0460829493087557,2582,0.0,0.9120836560805576,0.0,0.0,1.0,23727.092040590032,0.0,-1.3275533067280002e-15,2.636460523829685e-13,0.0,0.0,0.0,,,0.0
optimal@10s+aware,2,400,2582,2362,0.9147947327652982,0.0852052672347017,0.0193648334624322,0.0658404337722695,0.0,249.1876457371024,230.9432395741626,444.9767987458508,234.79446484220253,944.8,12.602878916172736,236.58476682092964,0.1382692799987949,0.1308069385821971,0.7309237814190079,1097,6.276207839562443,0.1376450319063222,0.2184519969159736,0.0484526414504532,6.0631579701245135,0.0015750764235571,0.0474020054694621,2582,0.0,0.9147947327652982,0.0,0.0,1.0,23761.573855910905,0.0,1.0195626448666044e-14,2.6627754474982604e-13,0.0,0.0,0.0,,,0.0
optimal@10s+aware,3,400,2582,2348,0.9093725793958172,0.0906274206041828,0.0255615801704105,0.0650658404337722,0.0,256.80461364345217,235.37271344352484,469.1755963005432,241.6951876653116,939.2,13.93526405451448,242.86934958893767,0.1433470582681436,0.1323858918354827,0.7242670498963735,1103,6.943789664551224,0.138641976475811,0.2248980026342906,0.0451674036639292,4.605245354439036,0.001022448893163,0.0407978241160471,2582,0.0,0.9093725793958172,0.0,0.0,1.0,23621.882225211662,0.0,3.631961284817186e-15,2.6649078552432233e-13,0.0,0.0,0.0,,,0.0
optimal@10s+aware,4,400,2582,2329,0.9020139426800928,0.097986057319907,0.028272656855151,0.069713400464756,0.0,256.92478936723694,234.8424631430389,468.184366097004,241.336804191402,931.6,14.48604551309575,242.4387438541412,0.1464291930755636,0.1307574205026799,0.7228133864217563,1079,7.384615384615385,0.1429465247199036,0.2435160013556015,0.0430925221799746,5.0435840998874735,0.0010367028550131,0.0454124189063948,2582,0.0,0.9020139426800928,0.0,0.0,1.0,23545.951456888237,0.0,1.6322423590203975e-14,2.706465365260113e-13,0.0,0.0,0.0,,,0.0
optimal@10s+aware,5,400,2582,2330,0.9024012393493416,0.0975987606506584,0.0267234701781564,0.0708752904725019,0.0,254.5833003234682,237.2932025432092,453.72389159983794,238.9503545690281,932.0,13.8206008583691,240.76269946509908,0.1474907157428381,0.1302328775048312,0.7222764067523305,1090,7.115596330275229,0.1392358717433318,0.2163880017178598,0.0511773940345368,5.147644662262106,0.0011150286515417,0.046788990825688,2582,0.0,0.9024012393493416,0.0,0.0,1.0,23408.155661001743,0.0,1.0449247571167313e-14,2.651955908091747e-13,0.0,0.0,0.0,,,0.0
optimal@10s+aware,0,450,2582,2405,0.93144848954299,0.06855151045701,0.0158791634391944,0.0526723470178156,0.0,218.09329510314785,193.55774181854397,410.3966475172448,208.90837495840637,962.0,8.756340956340956,209.3369541468068,0.2215565579874468,0.1081715950105231,0.67027184700203,1107,5.1318879855465225,0.1426445346381582,0.2392459959082771,0.0465334166146158,4.742780747276577,0.0017406028161646,0.046973803071364,2582,0.0,0.93144848954299,0.0,0.0,1.0,24259.3485851988,0.0,9.288573606273472e-15,2.643819097581424e-13,0.0,0.0,0.0,,,0.0
optimal@10s+aware,1,450,2582,2426,0.9395817195972116,0.0604182804027885,0.0182029434546862,0.0422153369481022,0.0,211.0506566828672,185.2673431082153,394.2265399093508,204.02950882102243,970.4,8.396949711459191,202.653706971408,0.2270156897632177,0.1060055468261587,0.6669787634106236,1084,5.357933579335794,0.1437701107147991,0.2221220019418983,0.0496409615985014,4.772892206967612,0.0016773586974918,0.03690036900369,2582,0.0,0.9395817195972116,0.0,0.0,1.0,24366.45122112009,0.0,8.552652952438015e-15,2.597497192146011e-13,0.0,0.0,0.0,,,0.0
optimal@10s+aware,2,450,2582,2424,0.9388071262587142,0.0611928737412858,0.017428350116189,0.0437645236250968,0.0,217.7760947406209,190.43447372699396,420.34845495092907,210.21311426915625,969.6,9.601485148514852,208.174609592106,0.2240959604188868,0.1077960613088222,0.668107978272291,1093,5.393412625800549,0.1436766698381442,0.2062399982241913,0.047470331043098,3.356498061918789,0.0011514980388367,0.0439158279963403,2582,0.0,0.9388071262587142,0.0,0.0,1.0,24435.932470574844,0.0,4.0004669910420646e-15,2.6801370070833924e-13,0.0,0.0,0.0,,,0.0
optimal@10s+aware,3,450,2582,2430,0.941130906274206,0.0588690937257939,0.0151045701006971,0.0437645236250968,0.0,219.116736813622,192.54899592420907,416.4198434849885,211.40745748884305,972.0,10.202057613168725,208.9146792004533,0.2216234229995375,0.1077414928860122,0.6706350841144502,1091,5.556370302474794,0.1437615949573468,0.2219399939349385,0.0507156191661481,3.8763039400742927,0.0012672494698349,0.0366636113657195,2582,0.0,0.941130906274206,0.0,0.0,1.0,24549.30881181385,0.0,7.183645539418214e-15,2.602538212372172e-13,0.0,0.0,0.0,,,0.0
optimal@10s+aware,4,450,2582,2410,0.9333849728892332,0.0666150271107668,0.017428350116189,0.0491866769945778,0.0,223.1924010726493,200.46914439980992,425.8231902184243,214.72794173308264,964.0,10.06058091286307,213.13182015978623,0.2254545347961164,0.1092148342606602,0.6653306309432233,1088,5.65625,0.1446760108512321,0.2070519977132789,0.0524844720496894,4.015335174323367,0.0012709112528588,0.0431985294117647,2582,0.0,0.9333849728892332,0.0,0.0,1.0,24321.00859076912,0.0,1.2275657668793142e-14,2.5569772210134543e-13,0.0,0.0,0.0,,,0.0
optimal@10s+aware,5,450,2582,2403,0.9306738962044926,0.0693261037955073,0.0158791634391944,0.0534469403563129,0.0,212.3531045725365,184.6889641582461,405.0680462973562,203.3048222692117,961.2,8.671660424469414,203.68144414806707,0.2304875354176872,0.1048846126674025,0.6646278519149103,1100,5.092727272727273,0.1435018180266276,0.2313030004006577,0.0533002788968081,4.065623923719298,0.0015415565268163,0.0409090909090909,2582,0.0,0.9306738962044926,0.0,0.0,1.0,24158.87573502642,0.0,5.140383425709318e-15,2.6433804976140933e-13,0.0,0.0,0.0,,,0.0
optimal@10s+aware,0,500,2582,2444,0.9465530596436872,0.0534469403563129,0.0135553834237025,0.0398915569326103,0.0,192.19095470017865,162.5617922892502,373.9176242637999,186.61857207060137,977.6,7.693944353518821,184.49701034665983,0.3005904239671325,0.0884173172564854,0.6109922587763821,1110,4.669369369369369,0.1456665764914129,0.2061549988138722,0.0529411764705882,2.7318524696157067,0.0012466371020516,0.0378378378378378,2582,0.0,0.9465530596436872,0.0,0.0,1.0,24613.92782192904,0.0,6.320094475042912e-15,2.589603381703498e-13,0.0,0.0,0.0,,,0.0
optimal@10s+aware,1,500,2582,2449,0.9484895429899304,0.0515104570100697,0.0154918667699457,0.0360185902401239,0.0,188.73082082063223,164.27103375388742,368.6297571645059,184.0466380441752,979.6,7.013474887709269,181.71734593292297,0.3051090925020711,0.0872768116610119,0.6076140958369171,1084,4.877306273062731,0.1442692803509569,0.2062869979272364,0.0536434108527131,2.9930396152356384,0.0012917543696098,0.0304428044280442,2582,0.0,0.9484895429899304,0.0,0.0,1.0,24676.80602276215,0.0,7.008775847249804e-15,2.569590110310913e-13,0.0,0.0,0.0,,,0.0
optimal@10s+aware,2,500,2582,2467,0.955460883036406,0.0445391169635941,0.0131680867544539,0.0313710302091402,0.0,194.81317729157388,166.11630233629694,384.81972520732165,191.0003312914363,986.8,7.762869882448318,187.0503074091256,0.2974446631042376,0.0905895655909049,0.6119657713048574,1096,4.737226277372263,0.1435773722726208,0.2106199957779608,0.0434103685196752,2.5875189475082343,0.0011516005072856,0.041970802919708,2582,0.0,0.955460883036406,0.0,0.0,1.0,24900.009143315998,0.0,1.1749732835562744e-14,2.592170499327484e-13,0.0,0.0,0.0,,,0.0
optimal@10s+aware,3,500,2582,2457,0.9515879163439196,0.0484120836560805,0.0127807900852052,0.0356312935708752,0.0,195.388006039248,163.98304668974015,385.77814541829616,190.402370765111,982.8,7.708180708180708,187.6798253310673,0.3002592197298838,0.0904477471342428,0.6092930331358734,1093,4.795974382433669,0.1466481244362049,0.2314200007822363,0.0458515283842794,2.0966986274113464,0.0009118669908651,0.0375114364135407,2582,0.0,0.9515879163439196,0.0,0.0,1.0,24711.875705722952,0.0,6.9745683474538934e-15,2.5469428944571323e-13,0.0,0.0,0.0,,,0.0
optimal@10s+aware,4,500,2582,2463,0.9539116963594112,0.0460883036405886,0.0123934934159566,0.033694810224632,0.0,192.99091620229115,162.06618716936737,384.37723530568434,188.6505437932264,985.2,8.904181892001624,184.08673431028956,0.2999237520222499,0.0886152854049358,0.6114609625728142,1077,5.017641597028784,0.1457192201143889,0.2167480008210987,0.0484472049689441,2.6426530397117856,0.0010803491394835,0.0362116991643454,2582,0.0,0.9539116963594112,0.0,0.0,1.0,24813.965218351623,0.0,7.28789519372291e-15,2.636350108761861e-13,0.0,0.0,0.0,,,0.0
optimal@10s+aware,5,500,2582,2443,0.9461657629744384,0.0538342370255615,0.0127807900852052,0.0410534469403563,0.0,195.2033466767796,167.3746460844095,385.5049896578323,189.36398288414696,977.2,7.601719197707736,187.60162747907185,0.3012515934014546,0.0893710053833286,0.6093774012152167,1073,4.773532152842498,0.1496153773703262,0.2149279994773678,0.0514091049860638,3.606277685865561,0.0016180923282956,0.0298229263746505,2582,0.0,0.9461657629744384,0.0,0.0,1.0,24619.35442488909,0.0,8.058683115461718e-15,2.621220655366003e-13,0.0,0.0,0.0,,,0.0
batched_greedy@30s+aware,0,300,2582,1973,0.7641363284275755,0.2358636715724244,0.1603408210689388,0.0755228505034856,0.0,363.3130635610423,348.9436218100081,562.7828823630783,327.9171207231031,789.2,71.56208819057274,291.7509753704695,0.0368112090549808,0.1589378671571574,0.8042509237878618,381,28.695538057742784,0.0885902885679128,0.2654399999300948,0.0572640509013785,,,,2582,0.0,0.7641363284275755,0.0,0.0,1.0,19414.31977829469,0.0,-2.935085299769293e-16,2.774862054386796e-13,0.0,0.0,0.0,,,0.0
batched_greedy@30s+aware,1,300,2582,1970,0.7629744384198296,0.2370255615801704,0.1611154144074361,0.0759101471727343,0.0,358.577653463735,344.46670904784924,557.7549881680733,319.8956790041853,788.0,69.1,289.477653463735,0.0320909078267978,0.1562575384262165,0.8116515537469856,370,28.554054054054053,0.0913078377748575,0.267601998639293,0.0439323010442924,,,,2582,0.0,0.7629744384198296,0.0,0.0,1.0,19824.29514321966,0.0,7.501726256543342e-15,2.724160434737605e-13,0.0,0.0,0.0,,,0.0
batched_greedy@30s+aware,2,300,2582,1974,0.7645236250968241,0.2354763749031758,0.1715724244771495,0.0639039504260263,0.0,360.27184447764057,347.145461870703,552.8744361416581,326.38729144325106,789.6,73.73353596757852,286.538308510062,0.0314120324066862,0.1540242244697896,0.8145637431235241,368,30.53804347826087,0.0868885871884982,0.2605919980123871,0.0493693693693693,,,,2582,0.0,0.7645236250968241,0.0,0.0,1.0,19657.181635018555,0.0,3.0456330916667416e-15,2.733065378200946e-13,0.0,0.0,0.0,,,0.0
batched_greedy@30s+aware,3,300,2582,1968,0.7621998450813323,0.2378001549186677,0.1529821843532145,0.0848179705654531,0.0,350.67971252795166,338.7850192011456,551.3229474574603,313.97763066535015,787.2,65.80436991869918,284.8753426092525,0.038141210348422,0.1560016778419474,0.8058571118096305,366,28.306010928961747,0.0900469943294187,0.2493900014087559,0.0444681607968694,,,,2582,0.0,0.7621998450813323,0.0,0.0,1.0,19645.90617759018,0.0,-4.8344345690181615e-15,2.742846600251985e-13,0.0,0.0,0.0,,,0.0
batched_greedy@30s+aware,4,300,2582,1972,0.7637490317583269,0.2362509682416731,0.1599535243996901,0.0762974438419829,0.0,356.38442138660355,339.5608491204787,567.7143719794968,318.7536449868069,788.8,69.44421906693712,286.94020231966647,0.0332188931777278,0.1563992091775715,0.8103818976447005,368,28.543478260869566,0.0875127717612802,0.2633990023605292,0.0464285714285714,,,,2582,0.0,0.7637490317583269,0.0,0.0,1.0,19703.14358902551,0.0,-4.266138940872001e-15,2.700765011676785e-13,0.0,0.0,0.0,,,0.0
batched_greedy@30s+aware,5,300,2582,1952,0.756003098373354,0.243996901626646,0.1661502711076684,0.0778466305189775,0.0,352.3112514787932,341.91426328941407,546.9225624264333,317.00448108704586,780.8,65.20081967213115,287.110431806662,0.0404793237961616,0.1558456174023423,0.803675058801496,371,28.296495956873315,0.087078706225797,0.2636199977132493,0.0511444921316165,,,,2582,0.0,0.756003098373354,0.0,0.0,1.0,19455.223338084288,0.0,-2.0566426521744704e-16,2.683318048631739e-13,0.0,0.0,0.0,,,0.0
batched_greedy@30s+aware,0,350,2582,2183,0.8454686289697909,0.1545313710302091,0.0701006971340046,0.0844306738962045,0.0,317.5256263688591,303.44247131610564,517.0957259138586,291.5406253161818,873.2,44.01603298213468,273.5095933867244,0.0727965314821095,0.1508104766966745,0.776392991821216,378,18.785714285714285,0.0983518519629441,0.2825180003856077,0.0549414824447334,,,,2582,0.0,0.8454686289697909,0.0,0.0,1.0,21920.063185540454,0.0,1.6313514391340463e-14,2.70076219748338e-13,0.0,0.0,0.0,,,0.0
batched_greedy@30s+aware,1,350,2582,2200,0.8520526723470179,0.1479473276529821,0.0712625871417505,0.0766847405112316,0.0,307.80394828547406,293.0105699277742,518.0087118544194,285.34571243980747,880.0,39.95318181818182,267.85076646729226,0.0738516770004936,0.148649212698089,0.7774991103014174,365,18.93972602739726,0.1033301368732107,0.2760159989702515,0.0476034143138542,,,,2582,0.0,0.8520526723470179,0.0,0.0,1.0,22042.85691972445,0.0,8.138944064161149e-16,2.703017607721201e-13,0.0,0.0,0.0,,,0.0
batched_greedy@30s+aware,2,350,2582,2200,0.8520526723470179,0.1479473276529821,0.069713400464756,0.0782339271882261,0.0,321.12784478432457,305.24462521897067,524.2257932281653,296.33724958792675,880.0,44.47181818181818,276.6560266025064,0.0735949171031151,0.1519562591979044,0.7744488236989805,368,19.35326086956522,0.0972804347601714,0.2774300000601215,0.0461992136304062,,,,2582,0.0,0.8520526723470179,0.0,0.0,1.0,22024.21219919193,0.0,6.439899119021158e-15,2.762592175222587e-13,0.0,0.0,0.0,,,0.0
batched_greedy@30s+aware,3,350,2582,2195,0.8501161890007746,0.1498838109992254,0.0735863671572424,0.0762974438419829,0.0,308.40012454624605,293.4516475523146,516.1187088323123,285.1937766931934,878.0,42.41731207289294,265.9828124733531,0.081100643211516,0.1473340177598691,0.7715653390286149,366,19.314207650273225,0.1031486336798648,0.2974900016852194,0.0445544554455445,,,,2582,0.0,0.8501161890007746,0.0,0.0,1.0,21955.24336037902,0.0,1.1311225304919043e-14,2.6653364405450254e-13,0.0,0.0,0.0,,,0.0
batched_greedy@30s+aware,4,350,2582,2182,0.8450813323005422,0.1549186676994577,0.0762974438419829,0.0786212238574748,0.0,316.73066393852326,304.00724521943994,521.9576759615422,291.99708026506266,872.8,45.4903758020165,271.2402881365068,0.07493897625522,0.1486220473293494,0.7764389764154305,368,19.85054347826087,0.1030027176017503,0.2642159989773062,0.0495732107682206,,,,2582,0.0,0.8450813323005422,0.0,0.0,1.0,21989.3492213214,0.0,1.1751471575042444e-14,2.740384556408773e-13,0.0,0.0,0.0,,,0.0
batched_greedy@30s+aware,5,350,2582,2184,0.8458559256390396,0.1541440743609605,0.0790085205267234,0.075135553834237,0.0,308.65184138514496,295.285836239389,512.38661846369,286.73688008453803,873.6,44.26236263736264,264.3894787477823,0.0865594754711098,0.1448088455055688,0.7686316790233214,371,19.78167115902965,0.1019091644292042,0.2717000017582905,0.0571895424836601,,,,2582,0.0,0.8458559256390396,0.0,0.0,1.0,21802.25981445193,0.0,5.521631178332624e-15,2.670808222527058e-13,0.0,0.0,0.0,,,0.0
batched_greedy@30s+aware,0,400,2582,2324,0.9000774593338497,0.0999225406661502,0.0321456235476374,0.0677769171185127,0.0,260.65330009425145,237.27464551259527,467.6383562728556,246.3851780382201,929.6,27.050344234079173,233.6029558601723,0.1480325041652835,0.1257105926732939,0.7262569031614226,381,13.272965879265092,0.1168742778896185,0.2952400012873111,0.0517350157728706,,,,2582,0.0,0.9000774593338497,0.0,0.0,1.0,23434.279799061875,0.0,7.866149881014555e-15,2.669020101507941e-13,0.0,0.0,0.0,,,0.0
batched_greedy@30s+aware,1,400,2582,2347,0.9089852827265684,0.0910147172734314,0.0325329202168861,0.0584817970565453,0.0,253.7153590642017,232.39734099640464,461.5204838950182,241.3308318492139,938.8,25.48657861099276,228.2287804532089,0.1521615771396655,0.1247060622257442,0.7231323606345902,366,13.39344262295082,0.1253852459059422,0.3011650005646521,0.0499683744465528,,,,2582,0.0,0.9089852827265684,0.0,0.0,1.0,23498.014143745662,0.0,5.302201891102878e-15,2.6650839845833605e-13,0.0,0.0,0.0,,,0.0
batched_greedy@30s+aware,2,400,2582,2356,0.9124709527498064,0.0875290472501936,0.0298218435321456,0.057707203718048,0.0,258.308866566426,237.08106604603427,461.3642395655529,245.91851140549957,942.4,25.422750424448218,232.8861161419777,0.1441087693630101,0.1281433864343038,0.727747844202686,372,12.865591397849462,0.1209626343650167,0.2996900003927294,0.046158710085362,,,,2582,0.0,0.9124709527498064,0.0,0.0,1.0,23618.96690833679,0.0,1.1824723430188443e-14,2.677071920113588e-13,0.0,0.0,0.0,,,0.0
batched_greedy@30s+aware,3,400,2582,2336,0.9047250193648336,0.0952749806351665,0.0375677769171185,0.057707203718048,0.0,262.23205455564033,240.90016160612413,480.7840158758672,249.3096818113825,934.4,27.42508561643836,234.806968939202,0.1531702243496164,0.1264882816856577,0.7203414939647258,366,14.060109289617486,0.1271292349173181,0.2855400034604827,0.0507614213197969,,,,2582,0.0,0.9047250193648336,0.0,0.0,1.0,23538.54128689808,0.0,1.7472705170085298e-15,2.6697688960640625e-13,0.0,0.0,0.0,,,0.0
batched_greedy@30s+aware,4,400,2582,2315,0.8965917893106119,0.103408210689388,0.0329202168861347,0.0704879938032533,0.0,257.94722341312763,238.1188182723281,464.4790808835645,243.83750121178807,926.0,26.263498920086395,231.68372449304127,0.1567915603181709,0.1251012920397123,0.7181071476421168,381,13.136482939632543,0.1221018373337391,0.3008600033354009,0.0456852791878172,,,,2582,0.0,0.8965917893106119,0.0,0.0,1.0,23371.77923825156,0.0,1.5104788070666924e-15,2.6495072035065725e-13,0.0,0.0,0.0,,,0.0
batched_greedy@30s+aware,5,400,2582,2324,0.9000774593338497,0.0999225406661502,0.0321456235476374,0.0677769171185127,0.0,259.38609656980344,238.1566452878128,473.65666425467,244.9297357148116,929.6,26.861876075731494,232.52422049407195,0.1548535593691654,0.1245612730464852,0.7205851675843493,369,13.550135501355014,0.1201441734207372,0.2899959980277343,0.0429662635264163,,,,2582,0.0,0.9000774593338497,0.0,0.0,1.0,23362.344758073952,0.0,8.516232278566153e-15,2.647522667726473e-13,0.0,0.0,0.0,,,0.0
batched_greedy@30s+aware,0,450,2582,2412,0.9341595662277304,0.0658404337722695,0.0182029434546862,0.0476374903175832,0.0,221.76291110614693,196.03338148313856,409.7865081808853,214.54074520432144,964.8,20.78524046434494,200.977670641802,0.2254080331678267,0.103807533737752,0.6707844330944213,375,11.261333333333331,0.1363981332397088,0.3126139997038988,0.0496099843993759,,,,2582,0.0,0.9341595662277304,0.0,0.0,1.0,24255.516166107474,0.0,8.863372538218083e-15,2.652994831375085e-13,0.0,0.0,0.0,,,0.0
batched_greedy@30s+aware,1,450,2582,2411,0.9337722695584818,0.0662277304415182,0.0209140201394268,0.0453137103020914,0.0,218.36416175199605,194.7181737888313,397.6437912991351,210.67182491516604,964.4,19.19659892160929,199.16756283038677,0.2317023575473581,0.1030349896989126,0.6652626527537292,364,11.228021978021978,0.1485780219729429,0.3137879991118099,0.0443675267463813,,,,2582,0.0,0.9337722695584818,0.0,0.0,1.0,24306.936045219845,0.0,2.5917790426380056e-15,2.6060005805444857e-13,0.0,0.0,0.0,,,0.0
batched_greedy@30s+aware,2,450,2582,2437,0.9438419829589464,0.0561580170410534,0.0193648334624322,0.0367931835786212,0.0,225.1521761721496,194.7181737888313,425.29191156144026,219.6293708503672,974.8,20.930652441526465,204.22152373062312,0.2248684579212003,0.1066122126759086,0.6685193294028909,368,11.451086956521738,0.1440627719128552,0.2973199987900443,0.0490318550905683,,,,2582,0.0,0.9438419829589464,0.0,0.0,1.0,24494.40902735294,0.0,1.9017478058745336e-14,2.682194957634052e-13,0.0,0.0,0.0,,,0.0
batched_greedy@30s+aware,3,450,2582,2416,0.935708752904725,0.0642912470952749,0.0209140201394268,0.0433772269558481,0.0,223.28716477423143,198.9737772987769,414.0316785594287,216.18322435583,966.4,21.29180463576159,201.99536013846983,0.23283830694383,0.1033584170801066,0.6638032759760633,366,11.740437158469945,0.1414579236269241,0.3098150013101986,0.0473799811735174,,,,2582,0.0,0.935708752904725,0.0,0.0,1.0,24245.22148928377,0.0,9.573835469801536e-15,2.6680479018157053e-13,0.0,0.0,0.0,,,0.0
batched_greedy@30s+aware,4,450,2582,2402,0.930286599535244,0.069713400464756,0.0236250968241673,0.0460883036405886,0.0,231.00637263290955,208.8935335931178,430.52902830084,223.3962283156156,960.8,21.64029975020816,209.3660728827014,0.2302414077862991,0.1065733138627918,0.6631852783509091,362,12.096685082872929,0.1401629833205801,0.3348699962225506,0.0483213053027925,,,,2582,0.0,0.930286599535244,0.0,0.0,1.0,24204.74832658744,0.0,6.3069172421378786e-15,2.6305001289416336e-13,0.0,0.0,0.0,,,0.0
batched_greedy@30s+aware,5,450,2582,2403,0.9306738962044926,0.0693261037955073,0.0182029434546862,0.051123160340821,0.0,221.22556109853448,196.67402987248897,409.3031806937255,212.92518421266007,961.2,20.111527257594677,201.11403384093975,0.2339449009544249,0.1032988207610103,0.6627562782845647,363,11.377410468319558,0.1434683196220005,0.3040799988957587,0.0499064254522769,,,,2582,0.0,0.9306738962044926,0.0,0.0,1.0,24130.77983641476,0.0,1.1615991379577896e-14,2.5781587065444785e-13,0.0,0.0,0.0,,,0.0
batched_greedy@30s+aware,0,500,2582,2448,0.9481022463206816,0.0518977536793183,0.0154918667699457,0.0364058869093725,0.0,200.1893272389935,172.99237698427896,387.303548607614,195.8510249267572,979.2,18.89583333333333,181.2934939056602,0.3001811498320714,0.0870464194644097,0.6127724307035189,375,10.618666666666666,0.1587066667464872,0.3233279989217408,0.0486132751636023,,,,2582,0.0,0.9481022463206816,0.0,0.0,1.0,24683.783314190983,0.0,2.093459755584037e-16,2.5846100858668215e-13,0.0,0.0,0.0,,,0.0
batched_greedy@30s+aware,1,500,2582,2456,0.9512006196746708,0.0487993803253292,0.0189775367931835,0.0298218435321456,0.0,196.91599632494243,171.04793235972397,369.0627076049914,193.1667450674801,982.4,18.629071661237784,178.28692466370464,0.3049777732759808,0.0861064149781479,0.6089158117458712,364,10.961538461538462,0.1554054945969895,0.319178002391709,0.045483061480552,,,,2582,0.0,0.9512006196746708,0.0,0.0,1.0,24777.615451475165,0.0,7.218981113214129e-15,2.645990556591328e-13,0.0,0.0,0.0,,,0.0
batched_greedy@30s+aware,2,500,2582,2456,0.9512006196746708,0.0487993803253292,0.0166537567776917,0.0321456235476374,0.0,204.13208810795285,173.91931192555876,393.0731593876431,200.50227662861656,982.4,19.107084690553744,185.02500341739912,0.3015885788125647,0.0885133629263593,0.609898058261076,372,10.744623655913978,0.1521583333826168,0.3405960048985437,0.0509791731426795,,,,2582,0.0,0.9512006196746708,0.0,0.0,1.0,24742.519304990645,0.0,9.285008520277165e-16,2.667249338513996e-13,0.0,0.0,0.0,,,0.0
batched_greedy@30s+aware,3,500,2582,2458,0.951975213013168,0.0480247869868319,0.0154918667699457,0.0325329202168861,0.0,205.81340791768423,172.71084050006857,396.39537267034245,201.42270270041257,983.2,20.00162733930025,185.81178057838403,0.3009678913514277,0.0886883342112724,0.6103437744372998,366,11.114754098360656,0.1554666664734447,0.2917099969636184,0.0486284289276807,,,,2582,0.0,0.951975213013168,0.0,0.0,1.0,24787.774360747484,0.0,1.2637752701302696e-14,2.657104262680061e-13,0.0,0.0,0.0,,,0.0
batched_greedy@30s+aware,4,500,2582,2448,0.9481022463206816,0.0518977536793183,0.0166537567776917,0.0352439969016266,0.0,198.517301549977,170.04357431658445,383.7118709638111,194.28530224859503,979.2,18.733660130718956,179.78364141925803,0.3062329458338684,0.0865258805336468,0.6072411736324848,362,10.91988950276243,0.1614129833289543,0.3470740000921063,0.0489248987223434,,,,2582,0.0,0.9481022463206816,0.0,0.0,1.0,24619.85865543413,0.0,2.2493807833071292e-14,2.614518986205049e-13,0.0,0.0,0.0,,,0.0
batched_greedy@30s+aware,5,500,2582,2437,0.9438419829589464,0.0561580170410534,0.0166537567776917,0.0395042602633617,0.0,201.5517062885262,174.23569632092767,388.7344645783634,196.5021114187034,974.8,19.554780467788262,181.99692582073797,0.3066827188018469,0.0870155559406803,0.6063017252574727,362,11.121546961325969,0.1545558009724048,0.3132389986421913,0.0562770562770562,,,,2582,0.0,0.9438419829589464,0.0,0.0,1.0,24520.49872722928,0.0,3.745146262141357e-15,2.596214402901367e-13,0.0,0.0,0.0,,,0.0
optimal@30s+aware,0,300,2582,1951,0.7556158017041054,0.2443841982958946,0.1630518977536793,0.0813323005422153,0.0,361.2066037231362,350.042894203199,551.3569770573922,322.3112717077078,780.4,69.30035879036392,291.90624493277227,0.0349534189262753,0.1574521700767477,0.8075944109969769,384,27.7421875,0.1715309896326289,0.307627994989162,0.0503571428571428,45.07320524318786,0.0021414412226565,0.2994791666666667,2582,0.0,0.7556158017041054,0.0,0.0,1.0,19493.94303282956,0.0,1.1586836052387282e-14,2.6995525241148986e-13,0.0,0.0,0.0,,,0.0
optimal@30s+aware,1,300,2582,1970,0.7629744384198296,0.2370255615801704,0.1615027110766847,0.0755228505034856,0.0,356.77219287758084,339.1647340737045,554.4266948809801,317.9396431169963,788.0,70.12385786802031,286.6483350095605,0.0315400381743071,0.1554910691334201,0.8129688926922727,372,28.397849462365592,0.1816580645946262,0.2801400017779091,0.049731663685152,37.989458602849645,0.0017745665764545,0.2876344086021505,2582,0.0,0.7629744384198296,0.0,0.0,1.0,19728.672672107765,0.0,-1.9525723395727343e-14,2.751660151849082e-13,0.0,0.0,0.0,,,0.0
optimal@30s+aware,2,300,2582,1973,0.7641363284275755,0.2358636715724244,0.1587916343919442,0.0770720371804802,0.0,358.1984887534781,350.3671294509777,555.3372231842355,320.8723193992088,789.2,68.25038013177901,289.9481086216991,0.0298499909121571,0.1568910532580107,0.813258955829832,368,28.67663043478261,0.1705432066599947,0.2655930021137464,0.0433381088825214,38.39301527512669,0.0017690095588231,0.2853260869565217,2582,0.0,0.7641363284275755,0.0,0.0,1.0,19784.456483729147,0.0,3.451876392428059e-15,2.70184505505818e-13,0.0,0.0,0.0,,,0.0
optimal@30s+aware,3,300,2582,1982,0.7676219984508134,0.2323780015491866,0.1518202943454686,0.080557707203718,0.0,358.67913706809577,347.47239526983094,543.5359901106934,322.6102969137049,792.8,68.19778002018164,290.4813570479142,0.0304719804720311,0.158468231025544,0.8110597885024248,366,29.030054644808743,0.179065027345122,0.315020000562073,0.0471798510109968,41.06647068394732,0.0018708478653608,0.273224043715847,2582,0.0,0.7676219984508134,0.0,0.0,1.0,19798.96040771486,0.0,8.039314252987006e-15,2.7729270835994e-13,0.0,0.0,0.0,,,0.0
optimal@30s+aware,4,300,2582,1989,0.7703330751355538,0.2296669248644461,0.1479473276529821,0.0817195972114639,0.0,359.4177391163236,351.2507471105555,546.2297327376657,321.4590761673657,795.6,66.69381598793363,292.72392312839,0.0257641889762791,0.1607572529459879,0.8134785580777328,371,27.59568733153639,0.1771959569799397,0.2520900015952066,0.052945301542777,49.07863765279974,0.0023714397975349,0.3180592991913746,2582,0.0,0.7703330751355538,0.0,0.0,1.0,19827.886216452396,0.0,-1.5451357304406102e-14,2.7435469682917985e-13,0.0,0.0,0.0,,,0.0
optimal@30s+aware,5,300,2582,1970,0.7629744384198296,0.2370255615801704,0.1498838109992254,0.087141750580945,0.0,358.14760764470105,347.0197225413767,547.365072455582,320.7684970698957,788.0,66.9502538071066,291.1973538375945,0.0388054888793217,0.1583447522157426,0.8028497589049356,371,28.013477088948783,0.1805571428072736,0.2555799997935538,0.0544050544050544,44.12577241084118,0.0020956112865144,0.2776280323450135,2582,0.0,0.7629744384198296,0.0,0.0,1.0,19570.02461135169,0.0,-1.3355137638759954e-14,2.726256896489689e-13,0.0,0.0,0.0,,,0.0
optimal@30s+aware,0,350,2582,2167,0.8392718822618126,0.1607281177381874,0.0743609604957397,0.0863671572424477,0.0,322.5990361069684,312.1149019153236,518.1834803100626,295.3009138727276,866.8,45.288878634056296,277.31015747291207,0.0697580879964409,0.1513502995075041,0.778891612496055,382,19.054973821989527,0.1686026178751718,0.2505699988978449,0.0569476082004555,45.5806629257829,0.003601497983389,0.3115183246073298,2582,0.0,0.8392718822618126,0.0,0.0,1.0,21969.44441501309,0.0,1.0153596673387726e-14,2.761259405507867e-13,0.0,0.0,0.0,,,0.0
optimal@30s+aware,1,350,2582,2206,0.8543764523625097,0.1456235476374903,0.0681642137877614,0.0774593338497288,0.0,314.9518526735414,302.82478152848125,515.5126978083697,290.0179585998469,882.4,39.002266545784224,275.9495861277572,0.0677715026109996,0.1536541000427161,0.7785743973462842,371,17.986522911051214,0.1707716979002617,0.2445500052999707,0.0443495400788436,46.484895512748594,0.0040320424151521,0.3315363881401617,2582,0.0,0.8543764523625097,0.0,0.0,1.0,22114.09571085085,0.0,5.001137008297872e-15,2.6917946062924866e-13,0.0,0.0,0.0,,,0.0
optimal@30s+aware,2,350,2582,2211,0.8563129357087529,0.143687064291247,0.0677769171185127,0.0759101471727343,0.0,319.1003243038973,312.15751235655534,517.5913355814309,295.03132985064747,884.4,42.89461781999096,276.20570648390634,0.0700772066907905,0.1534863859530416,0.7764364073561679,372,18.68279569892473,0.175965322732834,0.2555850032513264,0.0511067708333333,48.33231969012138,0.0039709284108799,0.3333333333333333,2582,0.0,0.8563129357087529,0.0,0.0,1.0,21932.48525047432,0.0,5.959351811963527e-16,2.706186448357096e-13,0.0,0.0,0.0,,,0.0
optimal@30s+aware,3,350,2582,2205,0.8539891556932611,0.1460108443067389,0.0712625871417505,0.0747482571649883,0.0,310.6457006195171,296.8122698004317,516.8003590309311,286.32858405609073,882.0,40.62993197278912,270.0157686467279,0.077244405688644,0.1499231765637911,0.772832417747565,366,18.46448087431694,0.1743428961635005,0.2720600023167213,0.0479159829340334,59.70049052900224,0.0050433269283134,0.3633879781420765,2582,0.0,0.8539891556932611,0.0,0.0,1.0,22028.408175553097,0.0,1.8472499921745008e-15,2.7427674643947785e-13,0.0,0.0,0.0,,,0.0
optimal@30s+aware,4,350,2582,2194,0.8497288923315259,0.150271107668474,0.0673896204492641,0.0828814872192099,0.0,312.3156094437563,305.3080207604967,511.17499175072345,288.2954720042653,877.6,40.867365542388335,271.448243901368,0.0698441191355569,0.1508455536067108,0.7793103272577322,370,18.627027027027022,0.1747589190435482,0.2571060002810555,0.0519987000324991,52.26521628193277,0.0043491297458608,0.3243243243243243,2582,0.0,0.8497288923315259,0.0,0.0,1.0,22128.996581346582,0.0,7.819532522756435e-15,2.6880958716922384e-13,0.0,0.0,0.0,,,0.0
optimal@30s+aware,5,350,2582,2190,0.8481797056545314,0.1518202943454686,0.0681642137877614,0.0836560805577072,0.0,316.6843148143539,303.7538092201894,523.9707109272007,291.18197051463034,876.0,43.55707762557078,273.1272371887831,0.0774487616865285,0.1499067219348916,0.7726445163785799,369,19.08130081300813,0.1759010842970703,0.2725840048515235,0.0520833333333333,55.01612556167136,0.0044245555029986,0.3550135501355013,2582,0.0,0.8481797056545314,0.0,0.0,1.0,21968.225327396103,0.0,-6.761106134621364e-15,2.693277361659347e-13,0.0,0.0,0.0,,,0.0
optimal@30s+aware,0,400,2582,2340,0.906274206041828,0.0937257939581719,0.0298218435321456,0.0639039504260263,0.0,262.7091064942067,246.2882685790778,464.23743686294426,249.37087475885272,936.0,26.343589743589742,236.365516750617,0.1411627126007927,0.1282506405136089,0.7305866468855983,381,13.065616797900262,0.1702052491615902,0.247940000554081,0.0477394878280113,35.537048647408234,0.0053757534898005,0.2782152230971129,2582,0.0,0.906274206041828,0.0,0.0,1.0,23606.52408461426,0.0,-1.2128949316887822e-15,2.67274711384833e-13,0.0,0.0,0.0,,,0.0
optimal@30s+aware,1,400,2582,2350,0.9101471727343144,0.0898528272656855,0.0329202168861347,0.0569326103795507,0.0,253.8448312409684,237.3241711758842,445.3715338847445,241.82054040534916,940.0,24.10382978723404,229.74100145373436,0.1466682114243754,0.1264972913359381,0.7268344972396866,364,13.184065934065934,0.1754085164925577,0.2441430001636036,0.0433258999681427,46.145458548903015,0.0072021460101048,0.2939560439560439,2582,0.0,0.9101471727343144,0.0,0.0,1.0,23603.339674378614,0.0,1.2874996577146644e-14,2.672269970317041e-13,0.0,0.0,0.0,,,0.0
optimal@30s+aware,2,400,2582,2367,0.9167312161115414,0.0832687838884585,0.0263361735089078,0.0569326103795507,0.0,265.1406159474603,252.94196841261876,460.4448309039408,252.59879381759188,946.8,24.74524714828897,240.3953687991713,0.1357254264202224,0.1330114224004548,0.7312631511793227,368,12.763586956521738,0.1768717388981515,0.2761920027842279,0.0499371859296482,50.67764089295358,0.0082293755493222,0.3478260869565217,2582,0.0,0.9167312161115414,0.0,0.0,1.0,23790.46771396721,0.0,6.487229661590881e-15,2.728563279651931e-13,0.0,0.0,0.0,,,0.0
optimal@30s+aware,3,400,2582,2342,0.9070487993803252,0.0929512006196746,0.0325329202168861,0.0604182804027885,0.0,261.1455259167104,242.753725362953,462.23716278842886,247.44438995165825,936.8,26.777113578138344,234.36841233857209,0.1462014013623694,0.1276200370552947,0.7261785615823358,366,13.549180327868852,0.1862860656336402,0.2887350026867354,0.0520504731861198,52.02559555614163,0.0076789679187824,0.360655737704918,2582,0.0,0.9070487993803252,0.0,0.0,1.0,23734.499845746963,0.0,5.637012822554511e-15,2.685074859105055e-13,0.0,0.0,0.0,,,0.0
optimal@30s+aware,4,400,2582,2336,0.9047250193648336,0.0952749806351665,0.0302091402013942,0.0650658404337722,0.0,257.724632321484,237.45420680636107,454.1480279220005,244.38358555031056,934.4,24.982448630136982,232.742183691347,0.1450821166519418,0.1270710418122644,0.7278468415357937,364,13.222527472527473,0.1794208792589315,0.2812109960359522,0.0461879152167035,52.25368479128433,0.0080726186673158,0.3543956043956044,2582,0.0,0.9047250193648336,0.0,0.0,1.0,23583.589815307863,0.0,1.0976569729252042e-14,2.642264261269068e-13,0.0,0.0,0.0,,,0.0
optimal@30s+aware,5,400,2582,2341,0.9066615027110768,0.0933384972889233,0.0298218435321456,0.0635166537567776,0.0,258.6809707664576,242.01869207677737,448.33051083420287,244.98911081053564,936.4,24.74626228107646,233.9347084853811,0.1455876199195149,0.1275585733290422,0.7268538067514428,371,12.819407008086252,0.175385984017594,0.2446099999360741,0.0495111952065594,42.90704610044664,0.0069383148480762,0.3045822102425876,2582,0.0,0.9066615027110768,0.0,0.0,1.0,23526.28993901652,0.0,6.2974923107187226e-15,2.688716400313357e-13,0.0,0.0,0.0,,,0.0
optimal@30s+aware,0,450,2582,2423,0.9384198295894656,0.0615801704105344,0.0154918667699457,0.0460883036405886,0.0,223.56099543265776,201.0198345975905,404.2264641798733,216.18671540269324,969.2,20.56417664052827,202.9968187921295,0.2196458337043767,0.1056477310637306,0.6747064352318927,375,11.013333333333334,0.1807418668176978,0.2465219977602827,0.0530397022332506,29.061638981399906,0.0069622783471729,0.2506666666666666,2582,0.0,0.9384198295894656,0.0,0.0,1.0,24446.698693803795,0.0,1.4341900437464816e-14,2.641597675686123e-13,0.0,0.0,0.0,,,0.0
optimal@30s+aware,1,450,2582,2427,0.93996901626646,0.0600309837335398,0.0205267234701781,0.0395042602633617,0.0,219.03945921272765,196.66367897196412,401.4484745362566,212.80198946523268,970.8,19.65512978986403,199.38432942286363,0.2283022098743945,0.1038794960859472,0.6678182940396581,365,11.35890410958904,0.1765591782327958,0.2559880021726713,0.0488415779586725,40.98345932778077,0.0095100035991496,0.2876712328767123,2582,0.0,0.93996901626646,0.0,0.0,1.0,24391.14388138128,0.0,1.111430683786677e-14,2.62241906073565e-13,0.0,0.0,0.0,,,0.0
optimal@30s+aware,2,450,2582,2434,0.9426800929512006,0.0573199070487993,0.0193648334624322,0.0379550735863671,0.0,229.78433951538068,207.12166067605085,423.4087419510836,223.73383444184643,973.6,20.78553820870994,208.9988013066708,0.2232409025086439,0.1084938747051991,0.6682652227861569,368,11.415760869565217,0.1819736414053414,0.2882740003406069,0.0481400437636761,38.46588673588012,0.0085509454129209,0.2554347826086957,2582,0.0,0.9426800929512006,0.0,0.0,1.0,24451.95317158588,0.0,6.916771547007344e-15,2.637419179245028e-13,0.0,0.0,0.0,,,0.0
optimal@30s+aware,3,450,2582,2430,0.941130906274206,0.0588690937257939,0.0189775367931835,0.0398915569326103,0.0,225.9908208357368,203.13094448110812,418.95544348113606,219.09374752115747,972.0,21.1917695473251,204.79905128841165,0.2245151966974367,0.106248090272725,0.6692367130298382,366,11.562841530054644,0.1849109288085572,0.2526849955756916,0.048811013767209,34.87369499063336,0.007663322166283,0.2704918032786885,2582,0.0,0.941130906274206,0.0,0.0,1.0,24415.152344291208,0.0,8.960185131579721e-15,2.623713774818809e-13,0.0,0.0,0.0,,,0.0
optimal@30s+aware,4,450,2582,2416,0.935708752904725,0.0642912470952749,0.0193648334624322,0.0449264136328427,0.0,228.33626236815408,207.84102698388824,421.064772377545,220.6626021259231,966.4,21.271523178807943,207.0647391893461,0.2278447748659215,0.1056290227540441,0.6665262023800343,364,11.62912087912088,0.1871151099884038,0.2544900026987307,0.0520087200249143,32.72481856571643,0.0070911818762383,0.2637362637362637,2582,0.0,0.935708752904725,0.0,0.0,1.0,24354.55644880121,0.0,1.2174588048513678e-14,2.609932137958795e-13,0.0,0.0,0.0,,,0.0
optimal@30s+aware,5,450,2582,2409,0.9329976762199844,0.0670023237800154,0.0178156467854376,0.0491866769945778,0.0,229.31430979690973,205.38214826997364,425.3891876014183,220.54594836154567,963.6,21.533416355334165,207.7808934415756,0.2267768440520228,0.1065136232637177,0.6667095326842594,369,11.384823848238485,0.1837910570363264,0.2651719981804489,0.0519278606965174,35.72602885053768,0.0080099553564136,0.2737127371273712,2582,0.0,0.9329976762199844,0.0,0.0,1.0,24236.94153361847,0.0,4.4985923569825975e-15,2.6217098691708334e-13,0.0,0.0,0.0,,,0.0
optimal@30s+aware,0,500,2582,2459,0.9523625096824168,0.0476374903175832,0.0143299767621998,0.0333075135553834,0.0,199.47214514875168,175.58191771512384,371.1443870769387,195.76580482493333,983.6,18.681171207808053,180.7909739409436,0.2974762468655052,0.0869605083841676,0.6155632447503271,375,10.512,0.184786666650325,0.2724159965873695,0.0520930232558139,25.05861269725329,0.0072876436059904,0.2133333333333333,2582,0.0,0.9523625096824168,0.0,0.0,1.0,24834.67619186335,0.0,6.985510629117699e-16,2.6085066960813095e-13,0.0,0.0,0.0,,,0.0
optimal@30s+aware,1,500,2582,2461,0.953137103020914,0.0468628969790859,0.016266460108443,0.0305964368706429,0.0,198.55515628950323,175.60631096848738,370.5654035453053,194.46431555475297,984.4,18.949207639171068,179.60594865033218,0.3062746720281954,0.086116779289848,0.6076085486819565,366,10.8224043715847,0.1845385245236128,0.2678249969903846,0.0516169154228855,23.52788774417213,0.0065970822300973,0.2076502732240437,2582,0.0,0.953137103020914,0.0,0.0,1.0,24785.87686253564,0.0,6.0389636313865074e-15,2.64714341917947e-13,0.0,0.0,0.0,,,0.0
optimal@30s+aware,2,500,2582,2466,0.9550735863671572,0.0449264136328427,0.0143299767621998,0.0305964368706429,0.0,203.02529266654324,173.66185108655873,387.9636022365648,199.7100312049348,986.4,18.615166261151664,184.4101264053916,0.2997397051666333,0.0886812117848557,0.6115790830485109,368,10.646739130434783,0.1875926630260516,0.2712840018648421,0.0482265090230242,26.989032024700645,0.0076995837288738,0.2445652173913043,2582,0.0,0.9550735863671572,0.0,0.0,1.0,24853.067965635884,0.0,7.010522648115608e-15,2.647591076718059e-13,0.0,0.0,0.0,,,0.0
optimal@30s+aware,3,500,2582,2457,0.9515879163439196,0.0484120836560805,0.0158791634391944,0.0325329202168861,0.0,203.9141227647397,176.97791099267943,384.599288258094,199.6096204223405,982.8,19.87586487586488,184.03825788887485,0.3024050404777639,0.0883832751026727,0.6092116844195633,366,11.095628415300547,0.1878019126602563,0.2545700048358413,0.0471580262336039,27.107584304225423,0.0069557980399766,0.2513661202185792,2582,0.0,0.9515879163439196,0.0,0.0,1.0,24725.056927488346,0.0,9.240381263481724e-15,2.660873375750127e-13,0.0,0.0,0.0,,,0.0
optimal@30s+aware,4,500,2582,2471,0.9570100697134004,0.0429899302865995,0.0147172734314484,0.028272656855151,0.0,203.4577834463146,173.00785881501815,391.268739224055,199.710661643482,988.4,19.136786726021853,184.32099672029275,0.297795574264185,0.0891021501934817,0.6131022755423332,362,10.776243093922652,0.1899883980272358,0.2613969983940478,0.0446735395189003,20.276496294398264,0.0057235058304327,0.2375690607734806,2582,0.0,0.9570100697134004,0.0,0.0,1.0,24863.41157954787,0.0,2.5618789431690296e-14,2.6535219904724473e-13,0.0,0.0,0.0,,,0.0
optimal@30s+aware,5,500,2582,2441,0.9453911696359412,0.0546088303640588,0.0147172734314484,0.0398915569326103,0.0,199.47679658900185,172.26832150113887,376.9151697973234,194.18867100187893,976.4,18.938549774682507,180.53824681431936,0.3061589086866535,0.0866237150023353,0.6072173763110112,371,10.587601078167117,0.192225606564647,0.262289999955101,0.0564814814814814,30.14620446627381,0.0087497363025632,0.2452830188679245,2582,0.0,0.9453911696359412,0.0,0.0,1.0,24540.24151623239,0.0,2.2125139355471333e-14,2.613380402883399e-13,0.0,0.0,0.0,,,0.0
