arm,seed,drivers.num_drivers,requests,completed,completion_rate,cancel_rate,cancel_no_match_rate,cancel_eta_rate,cancel_late_rate,wait_mean_s,wait_p50_s,wait_p90_s,wait_all_mean_s,completed_per_hour,time_to_match_mean_s,pickup_mean_s,driver_idle_frac,driver_enroute_frac,driver_ontrip_frac,batches,batch_riders_mean,solve_ms_mean,solve_ms_p99,decline_rate,shadow_gap_s_per_batch,shadow_gap_frac,shadow_worse_batches_frac,app_opens,priced_out_rate,served_rate,retried_rate,surged_trip_frac,mean_multiplier_paid,revenue_per_hour,surge_revenue_per_hour,eta_error_mean_s,eta_abs_error_mean_s,eta_late_2min_frac,moves_per_driver_hour,chase_moves_per_hour,reposition_km_per_hour,moves_dispatched_frac,move_planned_mean_s,driver_reposition_frac,drivers_online_mean,earnings_per_online_hour,reserve_logons,reserve_logoffs
immediate_greedy,0,300,2964,2071,0.6987179487179487,0.3012820512820512,0.0070850202429149,0.2941970310391363,0.0,381.66994523998056,350.7357248829776,669.6001056411296,273.95686648958895,828.4,9.930040976295585,371.7399042636849,0.0183469312263649,0.2244780182532046,0.7571750505204304,3310,5.369184290030211,0.0578919637378859,0.2584199992452338,0.0485926712692511,,,,2964,0.0,0.6987179487179487,0.0,0.0,1.0,19565.339657474105,0.0,1.0725043901429614e-14,2.727749889261553e-13,0.0,0.0,0.0,0.0,,,0.0,300.0,65.21779885824701,0.0,0.0
immediate_greedy,1,300,2964,2029,0.6845479082321188,0.3154520917678812,0.0037112010796221,0.3117408906882591,0.0,380.3024051729398,340.68652090273827,674.7616513389374,266.8816545323418,811.6,9.984929239533038,370.3174759334067,0.0288465057758253,0.2199468622904878,0.7512066319336868,3317,5.24449804039795,0.0630702441945751,0.2240680002432782,0.0532700421940928,,,,2964,0.0,0.6845479082321188,0.0,0.0,1.0,19241.65766825712,0.0,3.3469749615708026e-15,2.7104894091743625e-13,0.0,0.0,0.0,0.0,,,0.0,300.0,64.1388588941904,0.0,0.0
immediate_greedy,2,300,2964,2000,0.6747638326585695,0.3252361673414305,0.0060728744939271,0.3191632928475034,0.0,402.26041398726926,369.6668099736539,695.5727339314091,278.9990988136509,800.0,12.346139135216252,389.914274852053,0.0221814471641624,0.2305567858195171,0.7472617670163204,3273,5.794072716162542,0.0726468988704636,0.5262120004044845,0.0520750726936294,,,,2964,0.0,0.6747638326585695,0.0,0.0,1.0,19243.35082928759,0.0,-1.9451107391432746e-15,2.69499977889609e-13,0.0,0.0,0.0,0.0,,,0.0,300.0,64.14450276429197,0.0,0.0
immediate_greedy,3,300,2964,2070,0.6983805668016194,0.3016194331983806,0.0067476383265856,0.2948717948717949,0.0,368.77554330369856,330.9079922851424,656.1280497466938,264.234928869042,828.0,7.822181928193926,360.9533613755047,0.0204370575362828,0.2192603707901765,0.7603025716735407,3275,5.012213740458015,0.060964671769717,0.3438080003252251,0.0500794912559618,,,,2964,0.0,0.6983805668016194,0.0,0.0,1.0,19593.23614309273,0.0,-4.590209050218329e-15,2.6955743059028433e-13,0.0,0.0,0.0,0.0,,,0.0,300.0,65.31078714364243,0.0,0.0
immediate_greedy,4,300,2964,2029,0.6845479082321188,0.3154520917678812,0.0016869095816464,0.3137651821862348,0.0,377.18291608950926,344.2764802286524,650.3909299313273,263.19074221626994,811.6,6.739485447496271,370.4434306420131,0.0334247529327312,0.2206587322869473,0.7459165147803214,3265,4.085451761102603,0.0531895252452173,0.2570720003132013,0.0493924986793449,,,,2964,0.0,0.6845479082321188,0.0,0.0,1.0,19068.22337842799,0.0,-5.340451808941119e-16,2.728270487246427e-13,0.0,0.0,0.0,0.0,,,0.0,300.0,63.56074459475997,0.0,0.0
immediate_greedy,5,300,2964,2066,0.6970310391363023,0.3029689608636977,0.0094466936572199,0.2935222672064777,0.0,377.2022014283558,344.3325413744856,666.4495930505602,271.9641044894326,826.4,12.251041144573,364.9511602837828,0.0273981316711783,0.2203578117286741,0.7522440566001476,3329,6.732952838690298,0.07632517274014,0.3749160008010221,0.0544973544973544,,,,2964,0.0,0.6970310391363023,0.0,0.0,1.0,19533.05821379613,0.0,-5.648058121016576e-15,2.7170091496660085e-13,0.0,0.0,0.0,0.0,,,0.0,300.0,65.1101940459871,0.0,0.0
immediate_greedy,0,350,2964,2425,0.8181511470985156,0.1818488529014844,0.0006747638326585,0.1811740890688259,0.0,289.6429471589607,256.2791645330008,533.7799689939827,238.72976557239696,970.0,1.480780925654536,288.1621662333061,0.0657169741784435,0.1791732878493261,0.7551097379722302,3396,2.117196702002356,0.0359418139057387,0.1169050005955796,0.0498286316899551,,,,2964,0.0,0.8181511470985156,0.0,0.0,1.0,22825.19970860014,0.0,-3.715515867483679e-15,2.685706868812032e-13,0.0,0.0,0.0,0.0,,,0.0,350.0,65.21485631028611,0.0,0.0
immediate_greedy,1,350,2964,2424,0.8178137651821862,0.1821862348178137,0.0006747638326585,0.1815114709851552,0.0,281.7966812982151,249.4708978251847,521.2105315455577,231.97926450851284,969.6,1.822009951834746,279.97467134638043,0.0659662147291395,0.1742361378526892,0.7597976474181712,3415,2.3209370424597364,0.0398802635512869,0.1411739991453943,0.0518694049499736,,,,2964,0.0,0.8178137651821862,0.0,0.0,1.0,22827.06991356108,0.0,-2.3433766844852107e-15,2.634590382305824e-13,0.0,0.0,0.0,0.0,,,0.0,350.0,65.22019975303165,0.0,0.0
immediate_greedy,2,350,2964,2444,0.8245614035087719,0.175438596491228,0.0016869095816464,0.1737516869095816,0.0,291.3069737149513,260.29842092188665,532.1781952461104,241.62503718320352,977.6,1.9596309785588284,289.3473427363925,0.0507367570219028,0.1823807343777136,0.7668825086003834,3356,2.062574493444577,0.0454703516168698,0.1131999997596722,0.0443205944798301,,,,2964,0.0,0.8245614035087719,0.0,0.0,1.0,23098.57286694823,0.0,-3.714068514457971e-15,2.64706242013999e-13,0.0,0.0,0.0,0.0,,,0.0,350.0,65.99592247699495,0.0,0.0
immediate_greedy,3,350,2964,2413,0.8141025641025641,0.1858974358974359,0.0010121457489878,0.184885290148448,0.0,291.1388925076717,260.7522126640406,540.0438960996859,238.7985194731088,965.2,2.1822701168095384,288.9566223908621,0.0663851600816299,0.1793371686578528,0.7542776712605173,3440,2.238372093023256,0.0484245058228331,0.1116269997146447,0.0463208046585495,,,,2964,0.0,0.8141025641025641,0.0,0.0,1.0,22921.55818572233,0.0,-3.2267783324911512e-15,2.695934372275891e-13,0.0,0.0,0.0,0.0,,,0.0,350.0,65.49016624492093,0.0,0.0
immediate_greedy,4,350,2964,2402,0.810391363022942,0.189608636977058,0.0006747638326585,0.1889338731443994,0.0,294.63851657327126,268.6622843151886,528.504707903434,240.4283225273357,960.8,1.7690353313735268,292.86948124189763,0.0623528820960869,0.1799842393298654,0.7576628785740476,3308,2.1363361547763,0.0482893289140085,0.17623899901082,0.0447919427511264,,,,2964,0.0,0.810391363022942,0.0,0.0,1.0,22653.673799044573,0.0,5.780185285908559e-15,2.615326772799921e-13,0.0,0.0,0.0,0.0,,,0.0,350.0,64.72478228298449,0.0,0.0
immediate_greedy,5,350,2964,2382,0.8036437246963563,0.1963562753036437,0.0023616734143049,0.1939946018893387,0.0,291.95251809343966,255.99350959873823,561.0736185129314,237.3731228697904,952.8,3.6784141428234416,288.2741039506162,0.0814181385976182,0.1767460711653613,0.7418357902370204,3494,3.016886090440756,0.056640669723179,0.236804999640299,0.0474172185430463,,,,2964,0.0,0.8036437246963563,0.0,0.0,1.0,22347.15755608481,0.0,-4.815627325955969e-16,2.6085505618602935e-13,0.0,0.0,0.0,0.0,,,0.0,350.0,63.84902158881375,0.0,0.0
immediate_greedy,0,400,2964,2653,0.8950742240215924,0.1049257759784075,0.0003373819163292,0.1045883940620782,0.0,234.68028378318917,209.4803699503218,448.965955531872,210.65302512415528,1061.2,0.744200391797414,233.9360833913917,0.1380840127160924,0.141770003912704,0.7201459833712035,3444,1.5705574912891986,0.0421348431800958,0.0820000004750909,0.0503028706873847,,,,2964,0.0,0.8950742240215924,0.0,0.0,1.0,24964.51145561836,0.0,-2.8138483292798915e-15,2.7380167070234745e-13,0.0,0.0,0.0,0.0,,,0.0,400.0,62.41127863904591,0.0,0.0
immediate_greedy,1,400,2964,2628,0.8866396761133604,0.1133603238866396,0.0006747638326585,0.1126855600539811,0.0,230.363954140594,201.05192896218117,438.7511343984931,204.75600807929877,1051.2,0.6170888031723973,229.74686533742155,0.1481114898282724,0.1392444117347732,0.7126440984369544,3384,1.5924940898345157,0.0433266548328209,0.0894869998592185,0.054302203567681,,,,2964,0.0,0.8866396761133604,0.0,0.0,1.0,24666.77004459756,0.0,-5.444148429885642e-15,2.681989587291172e-13,0.0,0.0,0.0,0.0,,,0.0,400.0,61.666925111493896,0.0,0.0
immediate_greedy,2,400,2964,2629,0.8869770580296896,0.1130229419703103,0.0013495276653171,0.1116734143049932,0.0,237.4638446044919,200.38934447191517,460.9712829902393,211.46153773029695,1051.6,0.8308003494203304,236.63304425507155,0.1342144227837239,0.1448225548105509,0.7209630224057251,3342,1.65409934171155,0.0421392878510742,0.1012179994722828,0.0458156779661017,,,,2964,0.0,0.8869770580296896,0.0,0.0,1.0,24857.31648252265,0.0,1.4528761102778202e-15,2.689026888821243e-13,0.0,0.0,0.0,0.0,,,0.0,400.0,62.14329120630662,0.0,0.0
immediate_greedy,3,400,2964,2637,0.8896761133603239,0.1103238866396761,0.0003373819163292,0.1099865047233468,0.0,242.03507037299303,211.05574641450312,464.2180397572077,215.84266812659567,1054.8,0.4235831281575126,241.6114872448356,0.1360141635171315,0.1468875587040067,0.7170982777788617,3263,1.4284400858106037,0.0415545510135017,0.0888939997093986,0.0522996057818659,,,,2964,0.0,0.8896761133603239,0.0,0.0,1.0,24952.86967743796,0.0,6.4904050616691e-16,2.7385568636879743e-13,0.0,0.0,0.0,0.0,,,0.0,400.0,62.382174193594885,0.0,0.0
immediate_greedy,4,400,2964,2656,0.8960863697705803,0.1039136302294197,0.0006747638326585,0.1032388663967611,0.0,230.7442130258877,197.45386553172463,451.3394950728712,207.68294004458448,1062.4,0.8465229116347965,229.89769011425287,0.1407926884899863,0.1391689107548224,0.7200384007551912,3344,1.6626794258373203,0.0438726076492422,0.1225789995078237,0.0523133543638275,,,,2964,0.0,0.8960863697705803,0.0,0.0,1.0,24881.507414579817,0.0,-9.833666678807127e-15,2.656544662963804e-13,0.0,0.0,0.0,0.0,,,0.0,400.0,62.203768536449545,0.0,0.0
immediate_greedy,5,400,2964,2610,0.8805668016194332,0.1194331983805668,0.0010121457489878,0.1184210526315789,0.0,240.7186439014357,208.83170369594905,474.2503668662752,213.00432686625,1044.0,0.8324677598325109,239.88617614160324,0.1518757067859201,0.1430284373337379,0.705095855880342,3445,1.8386066763425253,0.044947343963394,0.1042239992966642,0.0518557515135561,,,,2964,0.0,0.8805668016194332,0.0,0.0,1.0,24463.981726277845,0.0,4.754476931356437e-15,2.733556250661938e-13,0.0,0.0,0.0,0.0,,,0.0,400.0,61.15995431569461,0.0,0.0
immediate_greedy,0,450,2964,2802,0.945344129554656,0.0546558704453441,0.0003373819163292,0.0543184885290148,0.0,185.8568086779279,158.07887276973793,371.2719263889651,175.92382419926625,1120.8,0.2635107774179714,185.59329790050992,0.2186146108603184,0.1096165349528083,0.6717688541868732,3330,1.339039039039039,0.0417086786954358,0.0760840001385077,0.0530462184873949,,,,2964,0.0,0.945344129554656,0.0,0.0,1.0,26372.422034942847,0.0,-4.122168543536859e-15,2.698320589886863e-13,0.0,0.0,0.0,0.0,,,0.0,450.0,58.60538229987299,0.0,0.0
immediate_greedy,1,450,2964,2764,0.9325236167341432,0.0674763832658569,0.0,0.0674763832658569,0.0,184.24090875805803,153.5758976493853,371.084561291671,172.02305799517117,1105.6,0.2293293614107415,184.0115793966473,0.2245735554256787,0.1076063040694072,0.6678201405049141,3249,1.2982456140350878,0.0407650969484032,0.078356000885833,0.0537775445960125,,,,2964,0.0,0.9325236167341432,0.0,0.0,1.0,26064.523025621245,0.0,-2.495029428278445e-15,2.803149254763887e-13,0.0,0.0,0.0,0.0,,,0.0,450.0,57.92116227915832,0.0,0.0
immediate_greedy,2,450,2964,2820,0.951417004048583,0.048582995951417,0.0,0.048582995951417,0.0,190.597580621472,166.54174867169468,370.7544232699603,181.44647531922573,1128.0,0.2352510945478141,190.36232952692416,0.2025152066516067,0.113870616890674,0.6836141764577193,3207,1.26629248518865,0.0404963517072779,0.0773640000625164,0.0487869198312236,,,,2964,0.0,0.951417004048583,0.0,0.0,1.0,26700.178033571912,0.0,-5.301826747525553e-15,2.724715646172788e-13,0.0,0.0,0.0,0.0,,,0.0,450.0,59.33372896349314,0.0,0.0
immediate_greedy,3,450,2964,2804,0.9460188933873144,0.0539811066126855,0.0,0.0539811066126855,0.0,192.5870528139764,169.64453399711056,365.0430519227408,182.327987066212,1121.6,0.1297806622280197,192.4572721517484,0.2118559762059284,0.1128599696638521,0.6752840541302194,3188,1.2496863237139273,0.0409946675055122,0.0724999993144592,0.0532808398950131,,,,2964,0.0,0.9460188933873144,0.0,0.0,1.0,26459.63144383244,0.0,2.3789814626097684e-15,2.7658696382510053e-13,0.0,0.0,0.0,0.0,,,0.0,450.0,58.7991809862943,0.0,0.0
immediate_greedy,4,450,2964,2815,0.9497300944669366,0.0502699055330634,0.0,0.0502699055330634,0.0,182.89499331220975,157.23900893088648,349.37499813837275,173.81681534759886,1126.0,0.1208988465731382,182.7740944656367,0.2166397002659459,0.108499879156679,0.6748604205773749,3169,1.247081098138214,0.0394943830678652,0.077231999966898,0.0437433722163308,,,,2964,0.0,0.9497300944669366,0.0,0.0,1.0,26357.402719686605,0.0,-4.3462372047492806e-16,2.723604645545903e-13,0.0,0.0,0.0,0.0,,,0.0,450.0,58.57200604374801,0.0,0.0
immediate_greedy,5,450,2964,2747,0.9267881241565452,0.0732118758434547,0.0006747638326585,0.0725371120107962,0.0,195.43178462854257,169.77696798594843,386.2968627464162,181.5033283715116,1098.8,0.5255536149606558,194.9062310135819,0.2292771773126091,0.1118677771947125,0.6588550454926783,3457,1.4879953717095749,0.0437247613522166,0.0914040001953254,0.0508296023176191,,,,2964,0.0,0.9267881241565452,0.0,0.0,1.0,25863.55339573272,0.0,-3.93650246081144e-15,2.760660284283065e-13,0.0,0.0,0.0,0.0,,,0.0,450.0,57.47456310162826,0.0,0.0
immediate_greedy,0,500,2964,2870,0.9682860998650472,0.0317139001349527,0.0003373819163292,0.0313765182186234,0.0,146.5648457828083,114.54929350961424,299.44061639413724,142.07701596085414,1148.0,0.116296730037602,146.4485490527707,0.2934453157029995,0.0838823685334285,0.622672315763572,3216,1.2487562189054726,0.0411859763566759,0.0824099989586101,0.0510526315789473,,,,2964,0.0,0.9682860998650472,0.0,0.0,1.0,27003.722145449847,0.0,1.6623094693235995e-14,2.7351849008701985e-13,0.0,0.0,0.0,0.0,,,0.0,500.0,54.00744429089969,0.0,0.0
immediate_greedy,1,500,2964,2862,0.9655870445344128,0.034412955465587,0.0,0.034412955465587,0.0,156.1504911083785,129.50261171664897,317.6275599132508,150.85443420983697,1144.8,0.2031659473361082,155.94732516104236,0.2857807265285759,0.0884228247246221,0.6257964487468018,3204,1.2531210986267165,0.0410507178695228,0.0776970004517352,0.0467758985200845,,,,2964,0.0,0.9655870445344128,0.0,0.0,1.0,27110.83768155811,0.0,7.426468788481428e-15,2.785688443642245e-13,0.0,0.0,0.0,0.0,,,0.0,500.0,54.22167536311622,0.0,0.0
immediate_greedy,2,500,2964,2886,0.9736842105263158,0.0263157894736842,0.0,0.0263157894736842,0.0,154.08480521885076,126.20005998832949,304.7103825259792,150.07355698284923,1154.4,0.1409057974143702,153.94389942143638,0.2817950968028032,0.0884832683701322,0.6297216348270646,3165,1.2227488151658767,0.0412995892592827,0.0736000001779757,0.0527836134453781,,,,2964,0.0,0.9736842105263158,0.0,0.0,1.0,27302.647358313137,0.0,5.433399168331848e-15,2.730539287400128e-13,0.0,0.0,0.0,0.0,,,0.0,500.0,54.60529471662628,0.0,0.0
immediate_greedy,3,500,2964,2873,0.9692982456140352,0.0307017543859649,0.0,0.0307017543859649,0.0,156.33313437736152,130.4982115716807,308.8876151440917,151.54396435983122,1149.2,0.2215696165532619,156.11156476080822,0.2853397726334465,0.0887797175474514,0.625880509819102,3170,1.241640378548896,0.0399052365933431,0.0721309993423346,0.0522858644245927,,,,2964,0.0,0.9692982456140352,0.0,0.0,1.0,27135.238316194253,0.0,3.448840393377862e-15,2.72472920970943e-13,0.0,0.0,0.0,0.0,,,0.0,500.0,54.27047663238851,0.0,0.0
immediate_greedy,4,500,2964,2883,0.972672064777328,0.027327935222672,0.0,0.027327935222672,0.0,154.1968656011424,124.97896318720632,312.6708946363663,150.01211928239212,1153.2,0.1270580073607345,154.06980759378166,0.286083221377275,0.0876983482575712,0.6262184303651537,3168,1.2215909090909092,0.0410564393814179,0.07506599982662,0.0552645364064955,,,,2964,0.0,0.972672064777328,0.0,0.0,1.0,27154.00314799872,0.0,1.5008902125913743e-14,2.7640326917850665e-13,0.0,0.0,0.0,0.0,,,0.0,500.0,54.30800629599744,0.0,0.0
immediate_greedy,5,500,2964,2829,0.9544534412955464,0.0455465587044534,0.0,0.0455465587044534,0.0,166.7238685941468,138.00255089056554,334.1334257703039,159.26588394684114,1131.6,0.2337497034461606,166.49011889070064,0.2920977171246872,0.0915320449278844,0.6163702379474283,3257,1.2815474362910655,0.0416189131187146,0.0806000007287366,0.0565001307873397,,,,2964,0.0,0.9544534412955464,0.0,0.0,1.0,26697.66922606717,0.0,3.498320991910064e-15,2.773305720023373e-13,0.0,0.0,0.0,0.0,,,0.0,500.0,53.39533845213434,0.0,0.0
batched_greedy@10s,0,300,2964,2176,0.7341430499325237,0.2658569500674764,0.0742240215924426,0.1916329284750337,0.0,362.34391856686057,330.23080127467256,610.7591263985978,290.41841197836624,870.4,37.453125,324.89079356686057,0.0200069757425964,0.1948854378620186,0.7851075863953849,1094,16.810786106032907,0.0728645338173405,0.1712820004286184,0.0466233399265329,,,,2964,0.0,0.7341430499325237,0.0,0.0,1.0,20370.664710558693,0.0,5.458052310767498e-15,2.7074584404494866e-13,0.0,0.0,0.0,0.0,,,0.0,300.0,67.9022157018623,0.0,0.0
batched_greedy@10s,1,300,2964,2123,0.7162618083670715,0.2837381916329284,0.0715249662618083,0.2122132253711201,0.0,360.720586710008,330.88210418543895,606.0539171998294,282.4129847066011,849.2,32.703721149317005,328.01686556069103,0.0210161342212117,0.1956814935059294,0.7833023722728588,1104,15.815217391304348,0.0699999094043353,0.1722490004794963,0.0543569627346595,,,,2964,0.0,0.7162618083670715,0.0,0.0,1.0,20168.21183761892,0.0,8.391466199879939e-15,2.7545914468651656e-13,0.0,0.0,0.0,0.0,,,0.0,300.0,67.22737279206306,0.0,0.0
batched_greedy@10s,2,300,2964,2138,0.7213225371120108,0.2786774628879892,0.0668016194331983,0.2118758434547908,0.0,383.2709050467816,352.03679612404653,634.0878119750008,299.85228356273274,855.2,38.02151543498597,345.24938961179566,0.0152959727708003,0.2049505652592179,0.7797534619699817,1093,16.335773101555354,0.0644532479426213,0.1626159993611508,0.0536856745479833,,,,2964,0.0,0.7213225371120108,0.0,0.0,1.0,20133.88283800959,0.0,-4.489912235789969e-15,2.729673882210282e-13,0.0,0.0,0.0,0.0,,,0.0,300.0,67.1129427933653,0.0,0.0
batched_greedy@10s,3,300,2964,2129,0.7182860998650472,0.2817139001349528,0.0819838056680161,0.1997300944669365,0.0,364.9655680851433,335.9452115134768,615.9382654081041,289.5907536659197,851.6,37.50446218882104,327.4611058963223,0.0213060945648482,0.1931353972182506,0.7855585082169012,1095,17.58995433789954,0.068190776236402,0.1679140007763634,0.0466704610130905,,,,2964,0.0,0.7182860998650472,0.0,0.0,1.0,20083.99506886093,0.0,-6.873474703137277e-15,2.70605311552525e-13,0.0,0.0,0.0,0.0,,,0.0,300.0,66.94665022953644,0.0,0.0
batched_greedy@10s,4,300,2964,2105,0.7101889338731444,0.2898110661268556,0.0600539811066126,0.2297570850202429,0.0,372.14747298868576,336.4023375773322,630.4516002442103,287.9905177658408,842.0,33.51306413301663,338.6344088556691,0.0316478542309413,0.1999431922756672,0.7684089534933914,1088,15.413602941176473,0.0697199448408729,0.1707079994412195,0.0525733259546209,,,,2964,0.0,0.7101889338731444,0.0,0.0,1.0,19794.057490521285,0.0,-6.502900619676166e-15,2.783521631715784e-13,0.0,0.0,0.0,0.0,,,0.0,300.0,65.98019163507095,0.0,0.0
batched_greedy@10s,5,300,2964,2147,0.7243589743589743,0.2756410256410256,0.0732118758434547,0.2024291497975708,0.0,352.36697120206674,322.2820509963085,601.3670152209384,280.3842955766969,858.8,33.50908244061481,318.85788876145193,0.0277758277802314,0.1914013933893666,0.780822778830402,1094,16.37111517367459,0.0700267824366071,0.1604640003279197,0.0533258490036486,,,,2964,0.0,0.7243589743589743,0.0,0.0,1.0,20071.64337678932,0.0,-8.458172319137755e-15,2.744053496564166e-13,0.0,0.0,0.0,0.0,,,0.0,300.0,66.90547792263106,0.0,0.0
batched_greedy@10s,0,350,2964,2469,0.832995951417004,0.1670040485829959,0.0141700404858299,0.152834008097166,0.0,282.3540582618727,255.05370621751808,516.6870251961711,241.66399143611704,987.6,12.929931146213042,269.42412711565964,0.0682846069877389,0.1677113863654716,0.7640040066467894,1075,7.031627906976744,0.0781456744271265,0.1692999994702404,0.0468039582776143,,,,2964,0.0,0.832995951417004,0.0,0.0,1.0,23088.207618651144,0.0,-4.114794999489624e-15,2.690257898995337e-13,0.0,0.0,0.0,0.0,,,0.0,350.0,65.96630748186041,0.0,0.0
batched_greedy@10s,1,350,2964,2443,0.8242240215924427,0.1757759784075573,0.0266531713900134,0.1491228070175438,0.0,280.3656624650785,253.80539499066435,508.2285443155004,241.23169779255468,977.2,16.231682357756856,264.1339801073217,0.068077011687423,0.1628133391851519,0.769109649127425,1082,8.946395563770794,0.0753336413782023,0.1827949996732059,0.0501618122977346,,,,2964,0.0,0.8242240215924427,0.0,0.0,1.0,23049.12820081924,0.0,-3.7539444423305945e-15,2.675076697200746e-13,0.0,0.0,0.0,0.0,,,0.0,350.0,65.85465200234069,0.0,0.0
batched_greedy@10s,2,350,2964,2473,0.8343454790823212,0.1656545209176788,0.0266531713900134,0.1390013495276653,0.0,290.11269679209585,262.2033848892761,511.6833600791599,251.20993886462773,989.2,16.84148807116862,273.27120872092723,0.0540233710432456,0.1700915372190602,0.7758850917376942,1081,8.561517113783534,0.0714940795308685,0.1678399992670166,0.0462537192318095,,,,2964,0.0,0.8343454790823212,0.0,0.0,1.0,23485.19085431452,0.0,-7.726218460897268e-15,2.6974064802338386e-13,0.0,0.0,0.0,0.0,,,0.0,350.0,67.1005452980415,0.0,0.0
batched_greedy@10s,3,350,2964,2449,0.8262483130904184,0.1737516869095816,0.0151821862348178,0.1585695006747638,0.0,306.4712796033944,273.946421210876,543.1917963274292,259.89921073583884,979.6,12.66802776643528,293.80325183695913,0.0569559199645126,0.1804631875537936,0.7625808924816938,1075,7.12,0.0723818604354503,0.1676199992652982,0.0447961373390558,,,,2964,0.0,0.8262483130904184,0.0,0.0,1.0,23117.36806318292,0.0,-3.833601464042537e-15,2.761797868119273e-13,0.0,0.0,0.0,0.0,,,0.0,350.0,66.04962303766547,0.0,0.0
batched_greedy@10s,4,350,2964,2449,0.8262483130904184,0.1737516869095816,0.0121457489878542,0.1616059379217274,0.0,290.9628991390898,260.50717571192627,522.8892792082645,246.52432752921777,979.6,12.301347488770928,278.66155165031887,0.0597062639907391,0.1715078196176688,0.768785916391592,1074,6.686219739292365,0.074772811909443,0.1729210003031766,0.0485074626865671,,,,2964,0.0,0.8262483130904184,0.0,0.0,1.0,23131.612116456847,0.0,-3.3818961877107673e-16,2.76624420026526e-13,0.0,0.0,0.0,0.0,,,0.0,350.0,66.09032033273385,0.0,0.0
batched_greedy@10s,5,350,2964,2423,0.8174763832658569,0.182523616734143,0.0269905533063427,0.1555330634278002,0.0,287.6478706673905,256.52920497901505,527.1046170646111,245.1988269806212,969.2,14.9178704085844,272.7300002588061,0.0743479431535658,0.166185642535663,0.759466414310771,1072,8.72294776119403,0.0777594216576439,0.1694159998260147,0.0494728304947283,,,,2964,0.0,0.8174763832658569,0.0,0.0,1.0,22734.9020787736,0.0,1.1665818492346878e-15,2.7450303231012215e-13,0.0,0.0,0.0,0.0,,,0.0,350.0,64.95686308221029,0.0,0.0
batched_greedy@10s,0,400,2964,2642,0.8913630229419703,0.1086369770580296,0.0003373819163292,0.1082995951417004,0.0,236.26330899528648,207.8786370911257,443.3370367888783,211.72028947624744,1056.8,5.666540499621499,230.596768495665,0.1430702482698841,0.1391785160533522,0.7177512356767637,1059,3.965061378659113,0.0834592067943884,0.1777720004247386,0.0440201538053566,,,,2964,0.0,0.8913630229419703,0.0,0.0,1.0,25012.339378410237,0.0,-5.1813209287010516e-15,2.678716866456565e-13,0.0,0.0,0.0,0.0,,,0.0,400.0,62.53084844602559,0.0,0.0
batched_greedy@10s,1,400,2964,2633,0.8883265856950068,0.1116734143049932,0.0016869095816464,0.1099865047233468,0.0,236.48051092931183,209.41657932260887,447.4425897342422,211.94638459520047,1053.2,6.193315609570832,230.28719531974104,0.1478493543995967,0.1383196824348831,0.7138309631655201,1065,4.338028169014085,0.0840843192274636,0.1785439994273474,0.0528808208366219,,,,2964,0.0,0.8883265856950068,0.0,0.0,1.0,24740.710324343738,0.0,-7.279656052540278e-15,2.774046342679391e-13,0.0,0.0,0.0,0.0,,,0.0,400.0,61.851775810859344,0.0,0.0
batched_greedy@10s,2,400,2964,2658,0.8967611336032388,0.1032388663967611,0.0080971659919028,0.0951417004048583,0.0,234.85692558314025,198.57293664078816,454.0291779724666,213.52409629189307,1063.2,7.72535741158766,227.13156817155257,0.1327800218486848,0.1393621147509626,0.7278578634003524,1059,4.933899905571294,0.0807469310904443,0.1726299994697911,0.049349960201645,,,,2964,0.0,0.8967611336032388,0.0,0.0,1.0,25018.789515331075,0.0,-1.1525769052485542e-14,2.7627578345626613e-13,0.0,0.0,0.0,0.0,,,0.0,400.0,62.54697378832769,0.0,0.0
batched_greedy@10s,3,400,2964,2649,0.8937246963562753,0.1062753036437247,0.0010121457489878,0.1052631578947368,0.0,237.5256531287756,211.1449674340001,439.5439048234857,213.49801828535652,1059.6,5.784824462061155,231.7408286667145,0.1365477565925854,0.1405620177374132,0.7228902256700014,1057,3.998107852412488,0.0848470198509229,0.1795399996626657,0.0562974600680806,,,,2964,0.0,0.8937246963562753,0.0,0.0,1.0,25095.935527621263,0.0,-2.593957094756519e-15,2.730950820544807e-13,0.0,0.0,0.0,0.0,,,0.0,400.0,62.73983881905317,0.0,0.0
batched_greedy@10s,4,400,2964,2645,0.8923751686909581,0.1076248313090418,0.0010121457489878,0.1066126855600539,0.0,235.22552447000731,207.13473982454343,441.3702527804492,211.62085676332396,1058.0,6.062381852551985,229.16314261745535,0.1392119322044253,0.1390696704723776,0.721718397323197,1057,4.2052980132450335,0.085136991496318,0.174131999083329,0.0485744456177402,,,,2964,0.0,0.8923751686909581,0.0,0.0,1.0,24984.93158260343,0.0,-1.85577241454546e-15,2.688875377343084e-13,0.0,0.0,0.0,0.0,,,0.0,400.0,62.46232895650857,0.0,0.0
batched_greedy@10s,5,400,2964,2604,0.8785425101214575,0.1214574898785425,0.0030364372469635,0.1184210526315789,0.0,242.68122869288808,211.3998835020484,463.85540738087536,216.0358119992516,1041.6,6.731182795698925,235.95004589718917,0.1512211112335851,0.1409322711732616,0.7078466175931531,1062,4.742937853107344,0.0840240112898864,0.1776009994682687,0.0559055118110236,,,,2964,0.0,0.8785425101214575,0.0,0.0,1.0,24531.657819603584,0.0,-8.045279752179994e-15,2.718983938834949e-13,0.0,0.0,0.0,0.0,,,0.0,400.0,61.32914454900896,0.0,0.0
batched_greedy@10s,0,450,2964,2797,0.9436572199730094,0.0563427800269905,0.0,0.0563427800269905,0.0,186.1418068589121,160.19128524685584,362.09976336612783,176.25021382738768,1118.8,5.175902752949589,180.9659041059625,0.223377917648786,0.1065782180887912,0.6700438642624228,1055,3.772511848341232,0.0925247393424625,0.1897760009160265,0.0490377010282098,,,,2964,0.0,0.9436572199730094,0.0,0.0,1.0,26282.053769737005,0.0,-5.805867049191005e-15,2.721660341979158e-13,0.0,0.0,0.0,0.0,,,0.0,450.0,58.4045639327489,0.0,0.0
batched_greedy@10s,1,450,2964,2784,0.9392712550607288,0.0607287449392712,0.0,0.0607287449392712,0.0,190.78439086342323,163.69952233603772,376.553683427754,179.7893873696931,1113.6,4.954022988505747,185.8303678749175,0.2195484168505861,0.1094215262164736,0.6710300569329402,1051,3.699333967649857,0.0918094196143358,0.1957999993464909,0.0487869198312236,,,,2964,0.0,0.9392712550607288,0.0,0.0,1.0,26250.35929089732,0.0,8.016416394042707e-15,2.7242591962627184e-13,0.0,0.0,0.0,0.0,,,0.0,450.0,58.334131757549606,0.0,0.0
batched_greedy@10s,2,450,2964,2817,0.9504048582995952,0.0495951417004048,0.0,0.0495951417004048,0.0,194.20841802869893,166.78911556160983,369.0084469244063,184.9298628835509,1126.8,5.1356052538161165,189.0728127748828,0.2056326119604007,0.1119934176342853,0.682373970405314,1051,3.68220742150333,0.0956565176001546,0.1931000006152317,0.0517875920084121,,,,2964,0.0,0.9504048582995952,0.0,0.0,1.0,26673.87411051817,0.0,-8.347048449819353e-15,2.6480139423831993e-13,0.0,0.0,0.0,0.0,,,0.0,450.0,59.27527580115149,0.0,0.0
batched_greedy@10s,3,450,2964,2783,0.9389338731443996,0.0610661268556005,0.0,0.0610661268556005,0.0,201.8022317080588,175.8430566716561,392.60598425812816,190.0255097312846,1113.2,5.103844771828961,196.6983869362298,0.212232669653746,0.1145060739368715,0.6732612564093824,1054,3.706831119544592,0.0940452561685534,0.1918410002326709,0.0495388669301712,,,,2964,0.0,0.9389338731443996,0.0,0.0,1.0,26302.82461351267,0.0,-4.153502710451772e-15,2.651949805999092e-13,0.0,0.0,0.0,0.0,,,0.0,450.0,58.45072136336149,0.0,0.0
batched_greedy@10s,4,450,2964,2798,0.9439946018893388,0.0560053981106612,0.0,0.0560053981106612,0.0,197.0675302471871,169.82276725164593,373.68770875928254,186.47501674481427,1119.2,5.002501786990708,192.0650284601964,0.2125268534645374,0.1125350295531391,0.6749381169823235,1055,3.655924170616114,0.0915136492617485,0.1932139999553328,0.0455146864249801,,,,2964,0.0,0.9439946018893388,0.0,0.0,1.0,26331.382003209023,0.0,7.738071957480327e-15,2.704404883658752e-13,0.0,0.0,0.0,0.0,,,0.0,450.0,58.51418222935339,0.0,0.0
batched_greedy@10s,5,450,2964,2743,0.925438596491228,0.0745614035087719,0.0013495276653171,0.0732118758434547,0.0,204.57012161922108,176.0636018014916,404.8349587412575,190.39093234255503,1097.2,5.493984688297484,199.0761369309236,0.2273092098995018,0.113425277031318,0.6592655130691802,1056,3.996212121212121,0.0895798295311689,0.1795899996068328,0.053585500394011,,,,2964,0.0,0.925438596491228,0.0,0.0,1.0,25785.321892464348,0.0,1.845649650853341e-17,2.7613768200788353e-13,0.0,0.0,0.0,0.0,,,0.0,450.0,57.30071531658744,0.0,0.0
batched_greedy@10s,0,500,2964,2866,0.96693657219973,0.0330634278002699,0.0006747638326585,0.0323886639676113,0.0,151.74596534109548,118.90015328549951,311.0934510583925,147.09894277219013,1146.4,4.98569434752268,146.76027099357282,0.2964668976663966,0.0834992959566245,0.6200338063769789,1051,3.670789724072312,0.099002568969928,0.2073999994536279,0.0470526037536346,,,,2964,0.0,0.96693657219973,0.0,0.0,1.0,26914.996163523138,0.0,9.551791783669664e-15,2.7414125865864225e-13,0.0,0.0,0.0,0.0,,,0.0,500.0,53.82999232704628,0.0,0.0
batched_greedy@10s,1,500,2964,2869,0.967948717948718,0.032051282051282,0.0,0.032051282051282,0.0,154.59657245675172,126.13270196054329,307.4072219453316,149.85444209798268,1147.6,4.943534332520042,149.65303812423167,0.2889654680579011,0.085248950351038,0.6257855815910608,1052,3.6188212927756656,0.1004348859490721,0.2002000001084525,0.0472794506075013,,,,2964,0.0,0.967948717948718,0.0,0.0,1.0,27117.846733212053,0.0,9.351258778205587e-15,2.757933303133638e-13,0.0,0.0,0.0,0.0,,,0.0,500.0,54.2356934664241,0.0,0.0
batched_greedy@10s,2,500,2964,2893,0.9760458839406208,0.0239541160593792,0.0,0.0239541160593792,0.0,156.46797914566037,129.60972732488153,307.7747658790132,152.8845693887974,1157.2,5.055651572761839,151.41232757289853,0.2839654026181761,0.087184067876105,0.6288505295057188,1057,3.624408703878903,0.1010829706164385,0.2078000005712965,0.054025701547338,,,,2964,0.0,0.9760458839406208,0.0,0.0,1.0,27258.05470838936,0.0,4.3985247905439656e-15,2.773360908748182e-13,0.0,0.0,0.0,0.0,,,0.0,500.0,54.516109416778725,0.0,0.0
batched_greedy@10s,3,500,2964,2864,0.9662618083670717,0.0337381916329284,0.0,0.0337381916329284,0.0,160.88894296017122,132.25131309436028,318.42864237851893,155.71860075503724,1145.6,5.041899441340783,155.84704351883045,0.2880659714490076,0.0877594853154908,0.6241745432355016,1052,3.654942965779468,0.0992091254789805,0.1996700008567132,0.0527836134453781,,,,2964,0.0,0.9662618083670717,0.0,0.0,1.0,27051.72392800988,0.0,6.588925556619662e-15,2.735786457710084e-13,0.0,0.0,0.0,0.0,,,0.0,500.0,54.10344785601976,0.0,0.0
batched_greedy@10s,4,500,2964,2878,0.9709851551956816,0.0290148448043184,0.0,0.0290148448043184,0.0,161.02208035393687,130.67577888734127,322.571974157776,156.61118328563776,1151.2,4.881862404447533,156.14021794948934,0.2876856905702823,0.0880194955940287,0.624294813835689,1047,3.640878701050621,0.1000469913742737,0.191512000383227,0.0457671957671957,,,,2964,0.0,0.9709851551956816,0.0,0.0,1.0,27097.285347691155,0.0,1.0780253996250387e-14,2.750221678067472e-13,0.0,0.0,0.0,0.0,,,0.0,500.0,54.19457069538231,0.0,0.0
batched_greedy@10s,5,500,2964,2830,0.9547908232118758,0.0452091767881241,0.0,0.0452091767881241,0.0,170.20144636322004,138.91729160173554,344.5708543392553,162.79591538728496,1132.0,5.1014134275618375,165.1000329356582,0.2941770502625395,0.0910382009422587,0.6147847487952018,1056,3.65625,0.0980054923995036,0.1988899996831609,0.0525348043078539,,,,2964,0.0,0.9547908232118758,0.0,0.0,1.0,26690.38227893388,0.0,-3.510344743585124e-16,2.771695711579001e-13,0.0,0.0,0.0,0.0,,,0.0,500.0,53.38076455786776,0.0,0.0
optimal@10s,0,300,2964,2127,0.7176113360323887,0.2823886639676113,0.0678137651821862,0.2145748987854251,0.0,372.442226326734,346.6939417365029,627.5841073167703,290.36465751133665,850.8,31.52891396332863,340.91331236340534,0.0184438658066136,0.2058362084934086,0.7757199256999777,1088,15.232536764705882,0.1485573529294015,0.2390290011862813,0.0463743676222596,13.6913706672261,0.0011415055860734,0.140625,2964,0.0,0.7176113360323887,0.0,0.0,1.0,20152.7248388725,0.0,-3.0917127500986027e-15,2.688220016959046e-13,0.0,0.0,0.0,0.0,,,0.0,300.0,67.17574946290833,0.0,0.0
optimal@10s,1,300,2964,2098,0.7078272604588394,0.2921727395411606,0.0512820512820512,0.2408906882591093,0.0,361.7378869327958,334.4089187969876,612.335206445762,274.68163480092204,839.2,26.82888465204957,334.9090022807462,0.0245482561152156,0.1993987283871341,0.7760530154976503,1090,13.163302752293578,0.1523846788594868,0.2282069993634646,0.0487129809022972,12.573114193470024,0.0012428008841103,0.1504587155963302,2964,0.0,0.7078272604588394,0.0,0.0,1.0,19902.83967050769,0.0,1.0404980552616624e-14,2.7988965874342295e-13,0.0,0.0,0.0,0.0,,,0.0,300.0,66.34279890169229,0.0,0.0
optimal@10s,2,300,2964,2101,0.7088394062078273,0.2911605937921727,0.041497975708502,0.2496626180836707,0.0,388.4965476308688,363.8543858468884,636.5733824550007,292.1456323746372,840.4,29.179914326511184,359.31663330435765,0.0174997527893729,0.2133491266268595,0.7691511205837674,1090,12.808256880733945,0.1460877981609232,0.2221109996025916,0.0481927710843373,17.692756085756866,0.0017967867722157,0.1678899082568807,2964,0.0,0.7088394062078273,0.0,0.0,1.0,19678.1697579003,0.0,2.5922465823898944e-15,2.770930663512621e-13,0.0,0.0,0.0,0.0,,,0.0,300.0,65.593899193001,0.0,0.0
optimal@10s,3,300,2964,2146,0.7240215924426451,0.2759784075573549,0.0802968960863697,0.1956815114709851,0.0,367.570751972073,338.15982004983925,604.6639666665492,293.63561814040804,858.4,36.79496738117428,330.7757845908987,0.017396403867905,0.1970645841573782,0.7855390119747168,1095,17.5013698630137,0.1521710502275464,0.2244739999150622,0.0527801298334744,10.587136987496454,0.0007546455439237,0.1013698630136986,2964,0.0,0.7240215924426451,0.0,0.0,1.0,20277.49370669814,0.0,-1.0807136484254271e-14,2.778069790364187e-13,0.0,0.0,0.0,0.0,,,0.0,300.0,67.5916456889938,0.0,0.0
optimal@10s,4,300,2964,2154,0.7267206477732794,0.2732793522267207,0.0630904183535762,0.2101889338731444,0.0,370.8955172405907,339.96195625702467,621.2570029765956,292.1964809555255,861.6,38.32961931290622,332.5658979276845,0.0234462507253412,0.1976479750353118,0.7789057742393468,1092,16.255494505494507,0.1497150183140647,0.2521810005418956,0.0431856421761076,12.514019030485224,0.0009700930026771,0.13003663003663,2964,0.0,0.7267206477732794,0.0,0.0,1.0,20126.91141693752,0.0,-1.4817817869240343e-14,2.8330664957298257e-13,0.0,0.0,0.0,0.0,,,0.0,300.0,67.08970472312507,0.0,0.0
optimal@10s,5,300,2964,2174,0.733468286099865,0.2665317139001349,0.0786099865047233,0.1879217273954116,0.0,352.70215642896034,322.6458608160888,594.4942956327835,283.5809261642656,869.6,36.117755289788406,316.5844011391719,0.0265291035707828,0.1913227038687861,0.782148192560431,1087,17.21895124195032,0.1491186752383748,0.244435999702546,0.051514293801302,11.03870512278105,0.0008046299165391,0.1122355105795768,2964,0.0,0.733468286099865,0.0,0.0,1.0,20183.26932933622,0.0,-2.419407820360691e-15,2.7229981532397906e-13,0.0,0.0,0.0,0.0,,,0.0,300.0,67.27756443112074,0.0,0.0
optimal@10s,0,350,2964,2471,0.8336707152496626,0.1663292847503373,0.0168690958164642,0.1494601889338731,0.0,287.08904718853086,256.71829371275544,523.2391138476187,246.7940329644384,988.4,12.79077296641036,274.2982742221205,0.0647279375224872,0.1705188213694981,0.7647532411080147,1075,7.276279069767442,0.1458448372127455,0.1980900007401942,0.0537519957424161,8.81489410642967,0.0019805924023199,0.0986046511627907,2964,0.0,0.8336707152496626,0.0,0.0,1.0,23110.154247316237,0.0,-1.0003419469633482e-14,2.768149484982552e-13,0.0,0.0,0.0,0.0,,,0.0,350.0,66.02901213518925,0.0,0.0
optimal@10s,1,350,2964,2442,0.8238866396761133,0.1761133603238866,0.020242914979757,0.1558704453441295,0.0,279.7686688768388,252.3724485135017,508.6857924725607,238.3949480479047,976.8,15.03890253890254,264.72976633793627,0.066616517624865,0.1652670039378003,0.7681164784373348,1076,8.08736059479554,0.1389780668905992,0.1993500004573434,0.0529411764705882,8.306284333960052,0.0016008550053711,0.0975836431226765,2964,0.0,0.8238866396761133,0.0,0.0,1.0,22961.14505798427,0.0,-8.856324537140889e-17,2.7703728836870413e-13,0.0,0.0,0.0,0.0,,,0.0,350.0,65.60327159424078,0.0,0.0
optimal@10s,2,350,2964,2450,0.8265856950067476,0.1734143049932523,0.0246288798920377,0.1487854251012145,0.0,297.8827404791288,267.76598222726443,529.7633106542581,255.35621036304155,980.0,15.241224489795918,282.64151598933285,0.0518603924281788,0.174537368963516,0.7736022386083051,1073,8.201304753028891,0.1458281454257813,0.2022720011882483,0.0505240526740123,9.285128931517889,0.0017445271234178,0.1146318732525629,2964,0.0,0.8265856950067476,0.0,0.0,1.0,23260.053898551683,0.0,6.887914275225461e-17,2.6959804003758e-13,0.0,0.0,0.0,0.0,,,0.0,350.0,66.4572968530048,0.0,0.0
optimal@10s,3,350,2964,2435,0.8215249662618084,0.1784750337381916,0.0155195681511471,0.1629554655870445,0.0,289.2104157671842,260.6925918695197,515.1765875512527,244.5786907935773,974.0,11.340041067761806,277.8703746994224,0.0654101104225665,0.1706746102703,0.7639152793071334,1068,6.900749063670412,0.1480975655325115,0.2107569999316181,0.0506666666666666,9.90023595786876,0.0023857484044413,0.1161048689138576,2964,0.0,0.8215249662618084,0.0,0.0,1.0,22964.815621729744,0.0,-6.726811669860251e-15,2.7158854676939626e-13,0.0,0.0,0.0,0.0,,,0.0,350.0,65.61375891922785,0.0,0.0
optimal@10s,4,350,2964,2464,0.8313090418353576,0.1686909581646423,0.0215924426450742,0.1470985155195681,0.0,297.7157706410831,270.59295339274445,524.1272117368168,256.105027101289,985.6,15.728896103896105,281.98687453718696,0.0565344160931627,0.172399802876507,0.7710657810303301,1066,8.227954971857411,0.1426347092128162,0.211200000194367,0.0478494623655914,8.572899969525748,0.0016086427840202,0.1050656660412758,2964,0.0,0.8313090418353576,0.0,0.0,1.0,23131.22754653348,0.0,6.645658049838214e-15,2.747526232501211e-13,0.0,0.0,0.0,0.0,,,0.0,350.0,66.08922156152424,0.0,0.0
optimal@10s,5,350,2964,2423,0.8174763832658569,0.182523616734143,0.0256410256410256,0.1568825910931174,0.0,298.1590014960694,271.92956229209904,532.0724468032604,254.47340448736185,969.2,15.642179116797358,282.516822379272,0.075109466410256,0.1730095611126696,0.7518809724770742,1074,9.027001862197393,0.1482123835698587,0.2134429994293895,0.0512129380053908,8.275200663256493,0.0013609563700516,0.1024208566108007,2964,0.0,0.8174763832658569,0.0,0.0,1.0,22622.34166249527,0.0,2.8872213465819384e-15,2.7053903667221993e-13,0.0,0.0,0.0,0.0,,,0.0,350.0,64.63526189284363,0.0,0.0
optimal@10s,0,400,2964,2652,0.8947368421052632,0.1052631578947368,0.0023616734143049,0.1029014844804318,0.0,235.2284763766245,206.82403533280512,452.0082810916646,211.91003375117597,1060.8,5.614253393665158,229.6142229829594,0.1398608818219469,0.1386447107156679,0.721494407462385,1062,4.0301318267419965,0.1370598869960855,0.1991139992969695,0.0458642629904559,4.865404397410256,0.0037442667879714,0.0706214689265536,2964,0.0,0.8947368421052632,0.0,0.0,1.0,25098.47603212429,0.0,-2.8227797173614276e-15,2.7017721058554134e-13,0.0,0.0,0.0,0.0,,,0.0,400.0,62.746190080310726,0.0,0.0
optimal@10s,1,400,2964,2630,0.8873144399460189,0.1126855600539811,0.0013495276653171,0.1113360323886639,0.0,234.3061867514024,205.63395085703544,448.8500293347997,209.39224789614303,1052.0,5.516730038022813,228.7894567133796,0.1474632051522356,0.137937759816198,0.7145990350315663,1057,4.089877010406812,0.1468382213796695,0.2017839998734417,0.0531159610833552,6.35580512629313,0.0047517247886354,0.086092715231788,2964,0.0,0.8873144399460189,0.0,0.0,1.0,24695.71013139362,0.0,-1.5238000975094753e-14,2.75689061778003e-13,0.0,0.0,0.0,0.0,,,0.0,400.0,61.73927532848404,0.0,0.0
optimal@10s,2,400,2964,2660,0.8974358974358975,0.1025641025641025,0.0020242914979757,0.1005398110661268,0.0,236.46401147235383,200.09100559682705,456.8889571779753,213.94988377275013,1064.0,6.289097744360903,230.174913727993,0.130786163058753,0.1419048011888675,0.7273090357523793,1058,4.25992438563327,0.1446926276114821,0.1979290002236667,0.0526177321757432,5.640048097890032,0.0038103545551239,0.0775047258979206,2964,0.0,0.8974358974358975,0.0,0.0,1.0,25143.99120149091,0.0,-7.110268931693353e-15,2.7253604552750653e-13,0.0,0.0,0.0,0.0,,,0.0,400.0,62.85997800372727,0.0,0.0
optimal@10s,3,400,2964,2653,0.8950742240215924,0.1049257759784075,0.0,0.1049257759784075,0.0,238.1615616555096,209.99884279651903,452.1373914534579,214.29676891770143,1061.2,5.548812664907652,232.612748990602,0.1355801364490064,0.1415988338958561,0.7228210296551374,1061,3.8982092365692735,0.1458713477533252,0.1930200003698701,0.050539615688339,5.348825498419808,0.0045645584401079,0.0801131008482563,2964,0.0,0.8950742240215924,0.0,0.0,1.0,25021.860051150117,0.0,-5.131381352413746e-15,2.741078294527492e-13,0.0,0.0,0.0,0.0,,,0.0,400.0,62.55465012787528,0.0,0.0
optimal@10s,4,400,2964,2661,0.8977732793522267,0.1022267206477732,0.0016869095816464,0.1005398110661268,0.0,239.2919919709604,210.11114700527287,446.4166476587725,216.65125456611028,1064.4,7.334836527621195,231.9571554433392,0.1355233228579684,0.1395237452801022,0.7249529318619294,1059,4.557129367327668,0.1506560906797306,0.2027780003118096,0.0478456251652127,6.35462401041094,0.0036057539616399,0.0774315391879131,2964,0.0,0.8977732793522267,0.0,0.0,1.0,25022.827439935165,0.0,-9.88594983986778e-15,2.7361586210663097e-13,0.0,0.0,0.0,0.0,,,0.0,400.0,62.55706859983791,0.0,0.0
optimal@10s,5,400,2964,2604,0.8785425101214575,0.1214574898785425,0.0020242914979757,0.1194331983805668,0.0,241.9895570053337,212.3012328299392,465.9019667917565,214.81929923655483,1041.6,6.764592933947773,235.2249640713859,0.1516291197406221,0.1394959722563785,0.7088749080029993,1060,4.59433962264151,0.1507499057038759,0.2038509994599736,0.0585774058577405,5.851010823306055,0.0032279155458658,0.0764150943396226,2964,0.0,0.8785425101214575,0.0,0.0,1.0,24700.08528150371,0.0,1.2062377040205429e-15,2.72875935876913e-13,0.0,0.0,0.0,0.0,,,0.0,400.0,61.75021320375927,0.0,0.0
optimal@10s,0,450,2964,2800,0.9446693657219972,0.0553306342780027,0.0,0.0553306342780027,0.0,192.1135101178173,165.1114319200983,377.64888333411534,181.94461144733077,1120.0,5.1242857142857146,186.98922440353155,0.2192713146660921,0.1089889277119442,0.6717397576219637,1054,3.726755218216319,0.1511229601466069,0.2067220003482362,0.04753102719831,2.359407112263687,0.0028852060570346,0.0502846299810246,2964,0.0,0.9446693657219972,0.0,0.0,1.0,26405.162040788186,0.0,-2.1254426790002458e-15,2.764520358665225e-13,0.0,0.0,0.0,0.0,,,0.0,450.0,58.67813786841819,0.0,0.0
optimal@10s,1,450,2964,2777,0.9369095816464238,0.0630904183535762,0.0,0.0630904183535762,0.0,192.91353925609212,165.89131230145586,381.4702599226956,181.3073206862914,1110.8,5.001800504141159,187.91173875195096,0.2182887589715006,0.1093279544506838,0.6723832865778155,1050,3.702857142857143,0.1461907618847492,0.2107059991067217,0.050539615688339,2.2549526439496628,0.0028971383039216,0.0409523809523809,2964,0.0,0.9369095816464238,0.0,0.0,1.0,26229.199309786163,0.0,3.4901861739206402e-15,2.7479207242397774e-13,0.0,0.0,0.0,0.0,,,0.0,450.0,58.28710957730259,0.0,0.0
optimal@10s,2,450,2964,2824,0.9527665317139,0.0472334682860998,0.0,0.0472334682860998,0.0,193.06191525104583,168.6020984639281,370.5945828614983,184.30527957791944,1129.6,5.2372521246458925,187.82466312639988,0.2049594262473888,0.1122378688988237,0.6828027048537874,1055,3.698578199052133,0.1482235070807507,0.2043679993948899,0.0510392002104709,2.36202699044038,0.0030869210041079,0.0398104265402843,2964,0.0,0.9527665317139,0.0,0.0,1.0,26648.71854991726,0.0,-4.135816649807595e-17,2.716928036028756e-13,0.0,0.0,0.0,0.0,,,0.0,450.0,59.21937455537169,0.0,0.0
optimal@10s,3,450,2964,2794,0.9426450742240216,0.0573549257759784,0.0,0.0573549257759784,0.0,196.45583395182317,172.92728228757005,382.3051988091772,185.58556007469423,1117.6,5.098783106657122,191.357050845166,0.2133444400162646,0.1122736619948016,0.6743818979889337,1050,3.682857142857143,0.1516564761948843,0.2063729996370966,0.0512887953708574,2.9164270809849224,0.0038453654065943,0.0514285714285714,2964,0.0,0.9426450742240216,0.0,0.0,1.0,26413.196677020005,0.0,4.804873591183748e-16,2.6973778336999893e-13,0.0,0.0,0.0,0.0,,,0.0,450.0,58.69599261560001,0.0,0.0
optimal@10s,4,450,2964,2810,0.9480431848852902,0.0519568151147098,0.0,0.0519568151147098,0.0,191.3922207479639,163.98378395575446,366.35401300973007,181.8559852570103,1124.0,4.898576512455516,186.4936442355084,0.2142343690091781,0.1101568699052376,0.6756087610855842,1055,3.625592417061611,0.1523313744168676,0.2085279994571465,0.0442501324854266,3.352817944728571,0.004668488657806,0.0483412322274881,2964,0.0,0.9480431848852902,0.0,0.0,1.0,26431.35226829661,0.0,-1.3281586190675894e-15,2.733373827793077e-13,0.0,0.0,0.0,0.0,,,0.0,450.0,58.73633837399248,0.0,0.0
optimal@10s,5,450,2964,2743,0.925438596491228,0.0745614035087719,0.0013495276653171,0.0732118758434547,0.0,207.6274387670184,178.69231975583716,417.0615117569204,193.2530555427384,1097.2,5.529711994166971,202.0977267728514,0.2238329847657109,0.1158892205229149,0.6602777947113742,1057,4.014191106906338,0.1513483443744824,0.2066880003985716,0.0528391167192429,2.935426755009742,0.0025914706996879,0.0510879848628193,2964,0.0,0.925438596491228,0.0,0.0,1.0,25913.664542912105,0.0,-1.0911998812939927e-16,2.766259696698987e-13,0.0,0.0,0.0,0.0,,,0.0,450.0,57.58592120647135,0.0,0.0
optimal@10s,0,500,2964,2871,0.9686234817813764,0.0313765182186234,0.0003373819163292,0.0310391363022942,0.0,152.8571705527043,120.57628416416264,311.0879963455118,148.42112425737668,1148.4,5.013932427725531,147.84323812497877,0.2943566157771251,0.0840860066356764,0.6215573775871985,1054,3.6669829222011385,0.1565603415397499,0.2161690004868433,0.0505529225908372,1.475324258741144,0.0024422032443917,0.0294117647058823,2964,0.0,0.9686234817813764,0.0,0.0,1.0,26981.58387751796,0.0,2.0168084857645564e-14,2.712868437575419e-13,0.0,0.0,0.0,0.0,,,0.0,500.0,53.96316775503592,0.0,0.0
optimal@10s,1,500,2964,2869,0.967948717948718,0.032051282051282,0.0,0.032051282051282,0.0,155.44982866638122,127.43332115062547,304.1853443283129,150.67225318618344,1147.6,5.028581387242942,150.42124727913827,0.2880242233446162,0.0859218925490234,0.6260538841063603,1053,3.6362773029439697,0.1515173789224924,0.2210400001058588,0.0520367936925098,1.1995941577221068,0.0020895720326501,0.0351377018043684,2964,0.0,0.967948717948718,0.0,0.0,1.0,27130.69023621842,0.0,8.279655571585867e-16,2.7784954539306e-13,0.0,0.0,0.0,0.0,,,0.0,500.0,54.26138047243684,0.0,0.0
optimal@10s,2,500,2964,2890,0.975033738191633,0.024966261808367,0.0,0.024966261808367,0.0,155.19114203816562,129.4966255343479,303.4160161560288,151.47550623829238,1156.0,4.97681660899654,150.2143254291691,0.2843630764839758,0.0866795961687796,0.6289573273472445,1055,3.6075829383886258,0.1563924170208579,0.2029999996011611,0.0500395048722675,0.6208372124869087,0.001151305270497,0.0236966824644549,2964,0.0,0.975033738191633,0.0,0.0,1.0,27251.92417115163,0.0,9.604620059677616e-15,2.8151875294592e-13,0.0,0.0,0.0,0.0,,,0.0,500.0,54.50384834230326,0.0,0.0
optimal@10s,3,500,2964,2867,0.9672739541160594,0.0327260458839406,0.0,0.0327260458839406,0.0,160.75170142225733,134.00364273576815,314.81306063670473,155.69268825155595,1146.8,5.080572026508546,155.6711293957488,0.287712961872186,0.0878669017816423,0.6244201363461717,1051,3.654614652711703,0.1521793530280326,0.2051500005109119,0.0567468619246861,1.384693261001838,0.0023861061737886,0.027592768791627,2964,0.0,0.9672739541160594,0.0,0.0,1.0,27054.954282808176,0.0,1.613064601861382e-14,2.727225103889534e-13,0.0,0.0,0.0,0.0,,,0.0,500.0,54.10990856561635,0.0,0.0
optimal@10s,4,500,2964,2882,0.9723346828609988,0.0276653171390013,0.0,0.0276653171390013,0.0,161.62930007576938,134.1437250355125,317.14107661898544,157.38280796841002,1152.8,4.901804302567661,156.72749577320172,0.2847232262124253,0.0884070189299561,0.6268697548576185,1050,3.627619047619048,0.1477619999804162,0.2062510007090168,0.0457671957671957,1.9789362238380228,0.0033831374947185,0.0419047619047619,2964,0.0,0.9723346828609988,0.0,0.0,1.0,27159.009673039567,0.0,1.1386122979769092e-14,2.732947841353913e-13,0.0,0.0,0.0,0.0,,,0.0,500.0,54.31801934607914,0.0,0.0
optimal@10s,5,500,2964,2833,0.9558029689608636,0.0441970310391363,0.0,0.0441970310391363,0.0,171.93612463019363,141.40087757090987,350.90012697574093,164.62012182096444,1133.2,5.134133427462055,166.8019912027316,0.2930029196026279,0.0918664328822712,0.6151306475151007,1054,3.673624288425048,0.1509027514566178,0.2063289995930972,0.0547693920335429,1.1071994023174692,0.0016688680338695,0.032258064516129,2964,0.0,0.9558029689608636,0.0,0.0,1.0,26713.678396763607,0.0,8.021194799868587e-16,2.787681055911569e-13,0.0,0.0,0.0,0.0,,,0.0,500.0,53.42735679352721,0.0,0.0
batched_greedy@10s+aware,0,300,2964,2279,0.7688933873144399,0.23110661268556,0.1508097165991903,0.0802968960863697,0.0,345.4580044535488,332.8559161075427,536.5463998449873,309.25715380632334,911.6,60.36156208863537,285.09644236491346,0.0195829975966185,0.1663511942262466,0.8140658081771347,1104,27.71014492753623,0.0571731884091591,0.1433070005259652,0.0423053341508277,,,,2964,0.0,0.7688933873144399,0.0,0.0,1.0,21086.14387340831,0.0,1.641512726536607e-15,2.7127985392652125e-13,0.0,0.0,0.0,0.0,,,0.0,300.0,70.28714624469436,0.0,0.0
batched_greedy@10s+aware,1,300,2964,2255,0.7607962213225371,0.2392037786774629,0.1484480431848853,0.0907557354925776,0.0,357.2644803221249,344.73224441994535,541.5458812346114,315.01405308187964,902.0,63.67361419068736,293.5908661314375,0.0174563370668555,0.1681868558329667,0.8143568071001777,1102,28.46279491833031,0.0565607985470395,0.1423500001874345,0.0571687840290381,,,,2964,0.0,0.7607962213225371,0.0,0.0,1.0,21109.67558193916,0.0,2.4963524718666934e-15,2.743301520905977e-13,0.0,0.0,0.0,0.0,,,0.0,300.0,70.36558527313052,0.0,0.0
batched_greedy@10s+aware,2,300,2964,2256,0.7611336032388664,0.2388663967611336,0.1734143049932523,0.0654520917678812,0.0,369.23563937735975,352.193473152186,560.0417506657659,330.1565445162677,902.4,77.18838652482269,292.0472528525371,0.0152228900493516,0.1624728678455373,0.822304242105111,1101,33.047229791099,0.0589572207125499,0.1434000005247071,0.0483468496568933,,,,2964,0.0,0.7611336032388664,0.0,0.0,1.0,21168.533213866125,0.0,-6.174729758234381e-15,2.7705025035358746e-13,0.0,0.0,0.0,0.0,,,0.0,300.0,70.56177737955376,0.0,0.0
batched_greedy@10s+aware,3,300,2964,2250,0.7591093117408907,0.2408906882591093,0.1632928475033738,0.0775978407557354,0.0,358.8863891309024,347.4756602409939,541.1380610918479,320.91497540980413,900.0,67.87066666666666,291.0157224642357,0.0209587443118305,0.1652562892344167,0.8137849664537528,1111,30.663366336633665,0.0583171017190978,0.1400499999363097,0.0492107706592386,,,,2964,0.0,0.7591093117408907,0.0,0.0,1.0,20906.588910519687,0.0,-1.3637683575022191e-14,2.74413183534408e-13,0.0,0.0,0.0,0.0,,,0.0,300.0,69.6886297017323,0.0,0.0
batched_greedy@10s+aware,4,300,2964,2232,0.7530364372469636,0.2469635627530364,0.170715249662618,0.0762483130904183,0.0,358.247975215328,347.405413655689,553.4718572701678,319.03876997784624,892.8,70.53270609318996,287.715269122138,0.0286969731702797,0.1616800941718874,0.8096229326578328,1106,31.125678119349004,0.0609865280402139,0.1410699993357412,0.0532013609650479,,,,2964,0.0,0.7530364372469636,0.0,0.0,1.0,20858.49639260093,0.0,-7.323492668530961e-15,2.738120363657252e-13,0.0,0.0,0.0,0.0,,,0.0,300.0,69.52832130866977,0.0,0.0
batched_greedy@10s+aware,5,300,2964,2268,0.7651821862348178,0.2348178137651821,0.1636302294197031,0.071187584345479,0.0,349.2403550203511,336.03629980361234,544.4131530590687,314.93344115270503,907.2,66.97751322751323,282.26284179283783,0.0244736483335658,0.1606135151511449,0.8149128365152893,1105,30.8841628959276,0.0627552941082018,0.1375399999960792,0.0580288609149524,,,,2964,0.0,0.7651821862348178,0.0,0.0,1.0,21004.595179138,0.0,-9.707304527128175e-15,2.7146773952813297e-13,0.0,0.0,0.0,0.0,,,0.0,300.0,70.01531726379332,0.0,0.0
batched_greedy@10s+aware,0,350,2964,2545,0.8586369770580297,0.1413630229419703,0.0725371120107962,0.068825910931174,0.0,289.2513070244403,267.98577549749643,497.7761698340954,269.88999661307383,1018.0,36.44911591355599,252.8021911108843,0.064556132659396,0.1514975731329398,0.7839462942076642,1098,17.065573770491802,0.0683832422493456,0.1553479984067962,0.0514044943820224,,,,2964,0.0,0.8586369770580297,0.0,0.0,1.0,23908.252206915327,0.0,-5.272359715371175e-15,2.726541978440344e-13,0.0,0.0,0.0,0.0,,,0.0,350.0,68.30929201975808,0.0,0.0
batched_greedy@10s+aware,1,350,2964,2513,0.8478407557354926,0.1521592442645074,0.0796221322537112,0.0725371120107962,0.0,285.62458822373395,269.3390961443629,494.335049653498,265.762128244375,1005.2,35.23676880222841,250.38781942150555,0.0671998415165158,0.1502519307868232,0.7825482276966609,1101,17.362397820163487,0.0651745685883574,0.1529999990452779,0.0510493477027793,,,,2964,0.0,0.8478407557354926,0.0,0.0,1.0,23683.752497126632,0.0,-9.050902133263294e-15,2.745473300884469e-13,0.0,0.0,0.0,0.0,,,0.0,350.0,67.66786427750466,0.0,0.0
batched_greedy@10s+aware,2,350,2964,2523,0.8512145748987854,0.1487854251012145,0.0786099865047233,0.0701754385964912,0.0,302.10637600711107,289.58804255924406,504.36251764374725,279.4727669974436,1009.2,35.21680539040825,266.8895706167028,0.0471473126543988,0.1587042550003439,0.7941484323452571,1100,16.740909090909092,0.063938545461662,0.1525040006708877,0.0432801822323462,,,,2964,0.0,0.8512145748987854,0.0,0.0,1.0,23807.50002565822,0.0,-9.541669431931051e-15,2.7307895672571977e-13,0.0,0.0,0.0,0.0,,,0.0,350.0,68.02142864473778,0.0,0.0
batched_greedy@10s+aware,3,350,2964,2493,0.8410931174089069,0.1589068825910931,0.0833333333333333,0.0755735492577597,0.0,310.59554810105624,298.9128629994666,522.1211393292583,285.2266975474287,997.2,40.63297232250301,269.96257577855323,0.0601145483789668,0.1572807164477647,0.7826047351732683,1098,18.79234972677596,0.0659482695568583,0.1517720000629196,0.0479041916167664,,,,2964,0.0,0.8410931174089069,0.0,0.0,1.0,23549.50549399719,0.0,-1.3839088096286208e-14,2.7620122171918533e-13,0.0,0.0,0.0,0.0,,,0.0,350.0,67.28430141142054,0.0,0.0
batched_greedy@10s+aware,4,350,2964,2513,0.8478407557354926,0.1521592442645074,0.0674763832658569,0.0846828609986504,0.0,306.2056047550849,290.2712875435864,510.4439479141972,281.02071205703163,1005.2,37.53402307998408,268.6715816751008,0.0602872814535998,0.1584852289482778,0.7812274895981223,1100,16.915454545454544,0.0615750909177718,0.1503000003140187,0.0511744966442953,,,,2964,0.0,0.8478407557354926,0.0,0.0,1.0,23608.663846927702,0.0,-4.865012314831764e-16,2.7280136853121713e-13,0.0,0.0,0.0,0.0,,,0.0,350.0,67.45332527693631,0.0,0.0
batched_greedy@10s+aware,5,350,2964,2498,0.8427800269905533,0.1572199730094467,0.0796221322537112,0.0775978407557354,0.0,294.5073719454248,284.1679685160261,504.5121126662452,272.5476740469881,999.2,33.96116893514812,260.54620301027666,0.0695005680810079,0.153639563760369,0.776859868158623,1097,17.412944393801276,0.0673952597930593,0.1577959985297638,0.0499290780141844,,,,2964,0.0,0.8427800269905533,0.0,0.0,1.0,23380.0431691525,0.0,7.974405763424504e-15,2.7761513397698173e-13,0.0,0.0,0.0,0.0,,,0.0,350.0,66.80012334043572,0.0,0.0
batched_greedy@10s+aware,0,400,2964,2687,0.9065452091767882,0.0934547908232118,0.0280026990553306,0.0654520917678812,0.0,246.8416780142959,226.69365523080612,459.8914679903025,232.65683223354387,1074.8,19.829921845924822,227.01175616837105,0.141043375661122,0.1318865913971905,0.7270700329416874,1091,9.957836846929425,0.0732255728767973,0.1689200000328128,0.0492557510148849,,,,2964,0.0,0.9065452091767882,0.0,0.0,1.0,25345.24681282249,0.0,6.412767186971448e-15,2.7052569339849893e-13,0.0,0.0,0.0,0.0,,,0.0,400.0,63.36311703205622,0.0,0.0
batched_greedy@10s+aware,1,400,2964,2679,0.903846153846154,0.0961538461538461,0.0317139001349527,0.0644399460188933,0.0,246.97860298369395,227.0150027949312,463.5155797474197,233.8287295121595,1071.6,19.99290780141844,226.9856951822755,0.1405007732401836,0.1324769784737118,0.7270222482861045,1092,10.33882783882784,0.0753581501361116,0.1632269985384482,0.0509209100758396,,,,2964,0.0,0.903846153846154,0.0,0.0,1.0,25316.14986505036,0.0,-1.029991901979606e-14,2.7227442647139814e-13,0.0,0.0,0.0,0.0,,,0.0,400.0,63.2903746626259,0.0,0.0
batched_greedy@10s+aware,2,400,2964,2692,0.9082321187584346,0.0917678812415654,0.0283400809716599,0.0634278002699055,0.0,250.3873779348785,227.52728350873397,468.5502589034831,236.2963666191637,1076.8,20.536032689450224,229.85134524542823,0.1277710045080298,0.1347147807246717,0.7375142147672985,1096,9.739963503649635,0.0721695255345824,0.1553400014017822,0.0442573988596253,,,,2964,0.0,0.9082321187584346,0.0,0.0,1.0,25502.59800905141,0.0,-1.0882330202889703e-14,2.714729547317715e-13,0.0,0.0,0.0,0.0,,,0.0,400.0,63.75649502262852,0.0,0.0
batched_greedy@10s+aware,3,400,2964,2693,0.9085695006747638,0.0914304993252361,0.032051282051282,0.0593792172739541,0.0,250.36673556219773,230.42858773864737,460.0196931213513,236.94609675370305,1077.2,20.49164500557,229.87509055662773,0.1334764864804168,0.1342496463286309,0.7322738671909522,1092,9.956959706959706,0.0727101648471577,0.1608720001240726,0.052645788336933,,,,2964,0.0,0.9085695006747638,0.0,0.0,1.0,25342.931394161704,0.0,9.094511668485316e-16,2.800438430475694e-13,0.0,0.0,0.0,0.0,,,0.0,400.0,63.35732848540426,0.0,0.0
batched_greedy@10s+aware,4,400,2964,2716,0.9163292847503374,0.0836707152496626,0.0246288798920377,0.0590418353576248,0.0,249.04459889272528,231.8136369826416,460.4166736962042,236.01869824837175,1086.4,18.875552282768776,230.16904660995647,0.1340522240366627,0.1354702812471847,0.7304774947161526,1092,9.212454212454212,0.0718532967220442,0.1684160001968846,0.0472717450027012,,,,2964,0.0,0.9163292847503374,0.0,0.0,1.0,25442.05850400877,0.0,-1.3438930871423601e-14,2.72649682245556e-13,0.0,0.0,0.0,0.0,,,0.0,400.0,63.60514626002193,0.0,0.0
batched_greedy@10s+aware,5,400,2964,2653,0.8950742240215924,0.1049257759784075,0.036774628879892,0.0681511470985155,0.0,248.1541038671253,225.1181484079425,463.9232829493377,233.69245279076284,1061.2,19.65548435733132,228.498619509794,0.1560358572740745,0.1312973295388365,0.7126668131870889,1095,10.68310502283105,0.0722352511405766,0.1599119989259634,0.0560671722643553,,,,2964,0.0,0.8950742240215924,0.0,0.0,1.0,24832.246669605436,0.0,4.2065442305058703e-16,2.815446916522285e-13,0.0,0.0,0.0,0.0,,,0.0,400.0,62.080616674013584,0.0,0.0
batched_greedy@10s+aware,0,450,2964,2819,0.9510796221322536,0.0489203778677462,0.0121457489878542,0.036774628879892,0.0,192.4328965492135,164.66233981185383,388.00464613266894,187.10896004312144,1127.6,9.69670095778645,182.73619559142705,0.2159578536362474,0.1060288884351521,0.6780132579286003,1073,6.260950605778192,0.0833014911787924,0.176863999950001,0.0465863453815261,,,,2964,0.0,0.9510796221322536,0.0,0.0,1.0,26646.36747385441,0.0,1.2999258364383688e-14,2.686664103125789e-13,0.0,0.0,0.0,0.0,,,0.0,450.0,59.21414994189869,0.0,0.0
batched_greedy@10s+aware,1,450,2964,2809,0.9477058029689608,0.0522941970310391,0.0118083670715249,0.0404858299595141,0.0,199.0551462643784,173.8591413212207,390.1101400930931,193.06987210159716,1123.6,9.876112495550018,189.1790337688284,0.2134144565672151,0.1088480115652183,0.6777375318675666,1077,6.126276694521819,0.0816189415114657,0.1737920005689375,0.0512888652670741,,,,2964,0.0,0.9477058029689608,0.0,0.0,1.0,26569.808299946675,0.0,-8.519746357714444e-15,2.753166548821324e-13,0.0,0.0,0.0,0.0,,,0.0,450.0,59.04401844432594,0.0,0.0
batched_greedy@10s+aware,2,450,2964,2841,0.958502024291498,0.041497975708502,0.0053981106612685,0.0360998650472334,0.0,199.6404203150884,172.01186537826834,390.99520256421056,193.4520023109405,1136.4,9.353044702569518,190.2873756125189,0.2051968843400759,0.1111659717081765,0.6836371439517476,1075,5.245581395348837,0.0796946976604589,0.1770260000921553,0.04596174282678,,,,2964,0.0,0.958502024291498,0.0,0.0,1.0,26818.69565691812,0.0,1.1723579985482114e-16,2.765886389646868e-13,0.0,0.0,0.0,0.0,,,0.0,450.0,59.59710145981804,0.0,0.0
batched_greedy@10s+aware,3,450,2964,2826,0.9534412955465588,0.0465587044534413,0.0067476383265856,0.0398110661268556,0.0,208.73909490103517,183.14751328852776,404.7565908819042,201.97314306204623,1130.4,9.752300070771408,198.98679483026373,0.2028098817065285,0.1140661066231166,0.6831240116703549,1071,5.568627450980392,0.0783007469497781,0.1617900012206519,0.0505558496559025,,,,2964,0.0,0.9534412955465588,0.0,0.0,1.0,26756.176937488548,0.0,-1.5044975566541046e-15,2.7163896672625573e-13,0.0,0.0,0.0,0.0,,,0.0,450.0,59.458170972196775,0.0,0.0
batched_greedy@10s+aware,4,450,2964,2805,0.9463562753036436,0.0536437246963562,0.0060728744939271,0.0475708502024291,0.0,200.90293848349816,174.2165509489605,393.4149509998799,192.4658945447345,1122.0,9.38181818181818,191.52112030168,0.2134336624471659,0.1094163359850443,0.6771500015677897,1078,5.371985157699443,0.0761585343332656,0.1691689998733636,0.0462765957446808,,,,2964,0.0,0.9463562753036436,0.0,0.0,1.0,26466.967771176627,0.0,3.326315258092626e-15,2.765835095118366e-13,0.0,0.0,0.0,0.0,,,0.0,450.0,58.81548393594806,0.0,0.0
batched_greedy@10s+aware,5,450,2964,2766,0.9331983805668016,0.0668016194331983,0.0185560053981106,0.0482456140350877,0.0,215.89580572583947,192.4167432066133,428.28828849826186,207.6375970060782,1106.4,10.926247288503252,204.96955843733625,0.2253360520718059,0.1135400579390382,0.6611238899891559,1076,7.039033457249071,0.0785810409144491,0.1723000000311003,0.0569300345836658,,,,2964,0.0,0.9331983805668016,0.0,0.0,1.0,26021.66591841027,0.0,4.130703973616201e-15,2.7930578232670334e-13,0.0,0.0,0.0,0.0,,,0.0,450.0,57.825924263133935,0.0,0.0
batched_greedy@10s+aware,0,500,2964,2878,0.9709851551956816,0.0290148448043184,0.0070850202429149,0.0219298245614035,0.0,157.26868346357952,125.39402540332276,330.503662595976,154.75519797335934,1151.2,7.320708825573314,149.9479746380062,0.2907962896514445,0.0840733280359734,0.625130382312582,1067,4.943767572633552,0.087288472320129,0.1817119999032,0.0488582049920339,,,,2964,0.0,0.9709851551956816,0.0,0.0,1.0,27176.45713972511,0.0,7.240752665814521e-15,2.718583600842621e-13,0.0,0.0,0.0,0.0,,,0.0,500.0,54.35291427945022,0.0,0.0
batched_greedy@10s+aware,1,500,2964,2875,0.9699730094466936,0.0300269905533063,0.0057354925775978,0.0242914979757085,0.0,156.88563869084734,128.07449397734854,324.4034017448573,154.3118808639969,1150.0,7.069913043478261,149.8157256473691,0.2892680160841321,0.08496102348563,0.6257709604302378,1067,4.815370196813496,0.0889240861850027,0.1808379999783937,0.0474927036349164,,,,2964,0.0,0.9699730094466936,0.0,0.0,1.0,27142.904919872293,0.0,6.450337848392614e-15,2.803012315009413e-13,0.0,0.0,0.0,0.0,,,0.0,500.0,54.28580983974459,0.0,0.0
batched_greedy@10s+aware,2,500,2964,2901,0.978744939271255,0.0212550607287449,0.0010121457489878,0.020242914979757,0.0,157.47108158755745,128.6661523458229,309.0079446213631,154.63954067333972,1160.4,6.755601516718373,150.71548007083908,0.2805238499099464,0.086468650310254,0.6330074997797995,1068,4.162921348314606,0.0872792134781748,0.1816650008731812,0.0483232109849485,,,,2964,0.0,0.978744939271255,0.0,0.0,1.0,27429.56960036889,0.0,7.293487886487871e-15,2.7574426713017375e-13,0.0,0.0,0.0,0.0,,,0.0,500.0,54.85913920073778,0.0,0.0
batched_greedy@10s+aware,3,500,2964,2873,0.9692982456140352,0.0307017543859649,0.0030364372469635,0.0276653171390013,0.0,164.92382938006418,136.4067528297196,333.57617730404166,161.4261141072811,1149.2,7.103376261747303,157.8204531183169,0.2845158649352314,0.0878596207338805,0.627624514330888,1068,4.51685393258427,0.0899385767696187,0.1819970009819371,0.0553951168285639,,,,2964,0.0,0.9692982456140352,0.0,0.0,1.0,27203.251733789668,0.0,1.0349303500278834e-14,2.775537467028509e-13,0.0,0.0,0.0,0.0,,,0.0,500.0,54.40650346757933,0.0,0.0
batched_greedy@10s+aware,4,500,2964,2868,0.9676113360323888,0.0323886639676113,0.0043859649122807,0.0280026990553306,0.0,166.95622293881013,134.8932719254417,340.3370508165502,163.0207851609502,1147.2,7.105648535564853,159.85057440324528,0.2869899203703312,0.0880233332807701,0.6249867463488985,1065,4.593427230046949,0.0860486385161647,0.1785439994273474,0.0544736842105263,,,,2964,0.0,0.9676113360323888,0.0,0.0,1.0,27094.82126333709,0.0,6.691590563850819e-15,2.7284894086853945e-13,0.0,0.0,0.0,0.0,,,0.0,500.0,54.18964252667418,0.0,0.0
batched_greedy@10s+aware,5,500,2964,2838,0.95748987854251,0.0425101214574898,0.0067476383265856,0.0357624831309041,0.0,175.21004767262374,143.99125412331978,363.660461592191,170.33507697330543,1135.2,8.360112755461593,166.84993491716216,0.2925245070521396,0.0905523104203105,0.6169231825275497,1069,5.240411599625818,0.0898561272132141,0.1830000001064036,0.0610107357947106,,,,2964,0.0,0.95748987854251,0.0,0.0,1.0,26779.51187937084,0.0,8.688531845287078e-15,2.802373476958242e-13,0.0,0.0,0.0,0.0,,,0.0,500.0,53.55902375874168,0.0,0.0
optimal@10s+aware,0,300,2964,2275,0.7675438596491229,0.2324561403508772,0.1599190283400809,0.0725371120107962,0.0,355.07514069776954,340.46363892417685,540.7094341823808,318.3670176978103,910.0,70.88087912087911,284.1942615768904,0.0175944064344632,0.1624680720870229,0.819937521478514,1103,30.40888485947416,0.1564516772149226,0.2315000009184587,0.0455945779420825,8.788131803946776,0.0003414586793823,0.0616500453309156,2964,0.0,0.7675438596491229,0.0,0.0,1.0,21165.02187012264,0.0,2.8937048117878365e-15,2.768321347492939e-13,0.0,0.0,0.0,0.0,,,0.0,300.0,70.5500729004088,0.0,0.0
optimal@10s+aware,1,300,2964,2275,0.7675438596491229,0.2324561403508772,0.150472334682861,0.0819838056680161,0.0,359.10102473465093,346.0544603547942,536.80837365465,319.75501313945034,910.0,66.85494505494505,292.2460796797059,0.0176607291977739,0.1676571437215917,0.8146821270806343,1110,29.147747747747747,0.1487595496065615,0.2232549997097521,0.0554881746513038,9.491923645388244,0.0003854422268443,0.0684684684684684,2964,0.0,0.7675438596491229,0.0,0.0,1.0,21285.903063588088,0.0,-1.2592222746816631e-14,2.757913067638344e-13,0.0,0.0,0.0,0.0,,,0.0,300.0,70.95301021196029,0.0,0.0
optimal@10s+aware,2,300,2964,2243,0.7567476383265856,0.2432523616734143,0.1764507422402159,0.0668016194331983,0.0,364.6096856854659,343.90074252083014,553.9190937834885,325.702197451911,897.2,72.28265715559519,292.3270285298707,0.01516473685577,0.1607219046289296,0.8241133585153003,1107,32.01174345076784,0.152079765131943,0.2262379994863296,0.0499843798812871,8.641946466480901,0.0003173904501606,0.06323396567299,2964,0.0,0.7567476383265856,0.0,0.0,1.0,21081.440363581907,0.0,-3.6018149378476766e-15,2.7162816504897697e-13,0.0,0.0,0.0,0.0,,,0.0,300.0,70.27146787860636,0.0,0.0
optimal@10s+aware,3,300,2964,2249,0.7587719298245614,0.2412280701754386,0.1649797570850202,0.0762483130904183,0.0,357.50869222294443,339.2854049697098,541.9297151513151,319.5430797149928,899.6,69.46598488216985,288.0427073407746,0.019074325697155,0.1632152402192075,0.8177104340836373,1100,31.26363636363636,0.1525698182112219,0.2259060011601832,0.0501858736059479,11.09644713619951,0.0004183886562061,0.08,2964,0.0,0.7587719298245614,0.0,0.0,1.0,21058.70923308511,0.0,-4.2651520376884616e-15,2.7370270468816813e-13,0.0,0.0,0.0,0.0,,,0.0,300.0,70.19569744361704,0.0,0.0
optimal@10s+aware,4,300,2964,2229,0.7520242914979757,0.2479757085020243,0.1700404858299595,0.0779352226720647,0.0,361.9146422498172,345.7339672406415,550.9107014108515,322.4162665444555,891.6,71.4894571556752,290.4251850941421,0.0295191395705823,0.1613068836226096,0.809173976806808,1104,31.543478260869566,0.1503637681197147,0.2155909991233784,0.053395061728395,5.778477201971645,0.0002157917960194,0.0543478260869565,2964,0.0,0.7520242914979757,0.0,0.0,1.0,20855.488908767828,0.0,-6.251118460410751e-15,2.7553693338221525e-13,0.0,0.0,0.0,0.0,,,0.0,300.0,69.51829636255943,0.0,0.0
optimal@10s+aware,5,300,2964,2262,0.7631578947368421,0.2368421052631578,0.1619433198380566,0.0748987854251012,0.0,350.9489727972609,335.02439820210907,542.5879674344958,314.1807898582132,904.8,67.91158267020336,283.0373901270575,0.023269774311893,0.1609831883062147,0.8157470373818921,1108,30.509025270758123,0.1470202166031278,0.2166720001514477,0.0462158808933002,8.69261577342864,0.0003365125166369,0.0631768953068592,2964,0.0,0.7631578947368421,0.0,0.0,1.0,21220.24677075756,0.0,-2.692020886588885e-15,2.765745192549493e-13,0.0,0.0,0.0,0.0,,,0.0,300.0,70.7341559025252,0.0,0.0
optimal@10s+aware,0,350,2964,2545,0.8586369770580297,0.1413630229419703,0.073549257759784,0.0678137651821862,0.0,287.17593912107407,274.84205798719177,488.0183976866937,267.3979795724724,1018.0,32.41611001964637,254.75982910142773,0.0649456755236514,0.153402996952731,0.7816513275236175,1094,15.986288848263252,0.1490273309050022,0.210960999047529,0.0439217908756021,7.180497431290579,0.0005756526611722,0.0639853747714808,2964,0.0,0.8586369770580297,0.0,0.0,1.0,23763.991536622696,0.0,3.736107690412452e-15,2.703812288666251e-13,0.0,0.0,0.0,0.0,,,0.0,350.0,67.89711867606485,0.0,0.0
optimal@10s+aware,1,350,2964,2532,0.854251012145749,0.145748987854251,0.068825910931174,0.0769230769230769,0.0,292.485887931045,279.1865229218324,499.1004436967229,271.34140247189345,1012.8,32.20734597156398,260.278541959481,0.0598181925285543,0.1569196982130019,0.7832621092584436,1096,16.282846715328468,0.152695802958045,0.2145099999324884,0.0537513997760358,8.602899937941812,0.0006742420982422,0.0793795620437956,2964,0.0,0.854251012145749,0.0,0.0,1.0,23594.6296564896,0.0,-1.922457278501792e-15,2.6604258553931136e-13,0.0,0.0,0.0,0.0,,,0.0,350.0,67.41322758997028,0.0,0.0
optimal@10s+aware,2,350,2964,2530,0.8535762483130904,0.1464237516869095,0.0728744939271255,0.073549257759784,0.0,302.6845895354117,293.7268116852288,505.51705469107327,279.82512895273555,1012.0,37.21699604743083,265.4675934879809,0.0499885577746872,0.157143493774511,0.7928679484508017,1097,17.13035551504102,0.1439958067713453,0.2081040001939982,0.051137960101152,8.754397676419595,0.0006465718844939,0.0738377392889699,2964,0.0,0.8535762483130904,0.0,0.0,1.0,23718.002744207573,0.0,2.569573890511884e-15,2.7699388676469625e-13,0.0,0.0,0.0,0.0,,,0.0,350.0,67.76572212630735,0.0,0.0
optimal@10s+aware,3,350,2964,2504,0.844804318488529,0.1551956815114709,0.0833333333333333,0.0718623481781376,0.0,311.59617955326485,301.70451612031,513.0458557440014,286.6856547523708,1001.6,42.63817891373802,268.9580006395268,0.0616261901134462,0.1573179212047644,0.7810558886817893,1099,19.091901728844405,0.1526689717813945,0.2147019995754817,0.049016813907096,8.587678908971919,0.0005595081820415,0.0737033666969972,2964,0.0,0.844804318488529,0.0,0.0,1.0,23559.33658706953,0.0,-1.0317802700258425e-14,2.798955600482827e-13,0.0,0.0,0.0,0.0,,,0.0,350.0,67.31239024877009,0.0,0.0
optimal@10s+aware,4,350,2964,2514,0.8481781376518218,0.1518218623481781,0.0748987854251012,0.0769230769230769,0.0,305.07225035627147,289.1415385871869,510.1803611486087,282.38722296554187,1005.6,37.41328560063644,267.658964755635,0.0599056275771182,0.1558842618139858,0.784210110608896,1103,17.475067996373525,0.1448679963707641,0.2094539999961853,0.0474710370161062,7.16158399809531,0.0005160523661131,0.0643699002719855,2964,0.0,0.8481781376518218,0.0,0.0,1.0,23680.23878352092,0.0,-4.978780580598256e-15,2.7468118825179825e-13,0.0,0.0,0.0,0.0,,,0.0,350.0,67.65782509577404,0.0,0.0
optimal@10s+aware,5,350,2964,2514,0.8481781376518218,0.1518218623481781,0.0796221322537112,0.0721997300944669,0.0,297.40028729056564,284.74150126300583,505.7045863711326,275.20702331772407,1005.6,38.0230708035004,259.37721648706525,0.069728360545579,0.1530813323138918,0.7771903071405292,1104,17.919384057971016,0.1493102354799333,0.2138310007103428,0.0520803849419756,8.747263831172674,0.0006135661016573,0.0778985507246376,2964,0.0,0.8481781376518218,0.0,0.0,1.0,23518.3104276694,0.0,3.4322407905277314e-16,2.765112456161764e-13,0.0,0.0,0.0,0.0,,,0.0,350.0,67.19517265048398,0.0,0.0
optimal@10s+aware,0,400,2964,2699,0.9105937921727396,0.0894062078272604,0.0269905533063427,0.0624156545209176,0.0,244.19511874275628,221.2698184985857,464.79662584766027,231.3033539457428,1079.6,17.776954427565766,226.4181643151905,0.1398341864431541,0.1331637699235077,0.7270020436333381,1092,9.466117216117215,0.1504720696055421,0.205900000019028,0.0561073825503355,4.953019492031713,0.0007761432521211,0.0604395604395604,2964,0.0,0.9105937921727396,0.0,0.0,1.0,25440.087991667424,0.0,4.021812729294213e-15,2.751722525275792e-13,0.0,0.0,0.0,0.0,,,0.0,400.0,63.60021997916856,0.0,0.0
optimal@10s+aware,1,400,2964,2675,0.9024966261808368,0.0975033738191633,0.0317139001349527,0.0657894736842105,0.0,253.52183367805685,236.4785892175296,460.6224534295168,239.1965233674558,1070.0,19.70018691588785,233.821646762169,0.1342140021193537,0.1361254829957514,0.7296605148848948,1092,10.1996336996337,0.1535593406588837,0.2113980002286551,0.0506637767542671,8.87928709266824,0.0012522573572322,0.075091575091575,2964,0.0,0.9024966261808368,0.0,0.0,1.0,25357.69242544831,0.0,6.604893164069062e-15,2.738874962755987e-13,0.0,0.0,0.0,0.0,,,0.0,400.0,63.39423106362078,0.0,0.0
optimal@10s+aware,2,400,2964,2710,0.9143049932523616,0.0856950067476383,0.0280026990553306,0.0576923076923076,0.0,248.75715042466987,228.5524589972256,461.6237710461384,236.11050555367663,1084.0,19.42915129151292,229.32799913315696,0.1242321626621035,0.1350988959831898,0.7406689413547066,1092,9.445054945054943,0.1488146520040616,0.2024900003561923,0.0419047619047619,8.188013619576363,0.0012818261492104,0.0604395604395604,2964,0.0,0.9143049932523616,0.0,0.0,1.0,25665.376737737657,0.0,-1.0295823234564422e-14,2.73991735409046e-13,0.0,0.0,0.0,0.0,,,0.0,400.0,64.16344184434415,0.0,0.0
optimal@10s+aware,3,400,2964,2692,0.9082321187584346,0.0917678812415654,0.0303643724696356,0.0614035087719298,0.0,252.48154340005152,235.9534759506032,457.84845057495227,238.49253553515595,1076.8,21.19650817236256,231.28503522768895,0.129759461140881,0.1340958586604809,0.736144680198638,1089,10.05325987144169,0.1520717171544835,0.2160919997550079,0.0543595263724434,8.100439312992178,0.0011713470913212,0.071625344352617,2964,0.0,0.9082321187584346,0.0,0.0,1.0,25473.01462625997,0.0,-5.855807831369864e-15,2.720625441953689e-13,0.0,0.0,0.0,0.0,,,0.0,400.0,63.682536565649926,0.0,0.0
optimal@10s+aware,4,400,2964,2701,0.911268556005398,0.0887314439946019,0.0215924426450742,0.0671390013495276,0.0,246.53380651921395,228.0139618162721,449.9965159646672,232.61993894056215,1080.4,16.65679378008145,229.87701273913248,0.1361455782429834,0.1351941246673714,0.7286602970896452,1089,8.690541781450872,0.1489606979005877,0.2120800013653929,0.0494623655913978,7.664026097023947,0.0013496724849945,0.0661157024793388,2964,0.0,0.911268556005398,0.0,0.0,1.0,25315.719941458767,0.0,-1.8975154246422022e-14,2.6713832100778857e-13,0.0,0.0,0.0,0.0,,,0.0,400.0,63.28929985364692,0.0,0.0
optimal@10s+aware,5,400,2964,2661,0.8977732793522267,0.1022267206477732,0.0408232118758434,0.0614035087719298,0.0,254.84598077573483,238.44258359770083,465.8979541932372,240.4979227110592,1064.4,21.798196166854567,233.04778460888028,0.1496553740806907,0.1331933997493131,0.7171512261699962,1094,11.174588665447898,0.1460775137403077,0.2043329996376995,0.0508057907675498,8.30018166846766,0.0010408192995355,0.0667276051188299,2964,0.0,0.8977732793522267,0.0,0.0,1.0,24930.444801794863,0.0,-1.734134152405863e-15,2.7392326997004473e-13,0.0,0.0,0.0,0.0,,,0.0,400.0,62.32611200448716,0.0,0.0
optimal@10s+aware,0,450,2964,2817,0.9504048582995952,0.0495951417004048,0.0128205128205128,0.036774628879892,0.0,193.808939076302,165.66009025674975,394.7306681606424,188.53113158409732,1126.8,9.980120695775648,183.8288183805264,0.2177980150565467,0.1062914790609869,0.6759105058824663,1073,6.399813606710159,0.1507299161150338,0.2065800006675999,0.0499199145755472,4.798188834525028,0.001429498302189,0.054054054054054,2964,0.0,0.9504048582995952,0.0,0.0,1.0,26567.087506564403,0.0,-2.7450924427118002e-15,2.720639948093468e-13,0.0,0.0,0.0,0.0,,,0.0,450.0,59.037972236809786,0.0,0.0
optimal@10s+aware,1,450,2964,2811,0.9483805668016194,0.0516194331983805,0.0118083670715249,0.0398110661268556,0.0,199.4755106552407,176.8289942450483,380.143482276324,193.12802676657864,1124.4,9.316969050160086,190.1585416050806,0.21541355357435,0.1092287451649359,0.675357701260714,1081,5.830712303422756,0.1505289547030324,0.2176200003304985,0.0467289719626168,6.798139708646811,0.0023582599320729,0.0619796484736355,2964,0.0,0.9483805668016194,0.0,0.0,1.0,26562.02132504721,0.0,8.106089419212633e-16,2.7549977003854146e-13,0.0,0.0,0.0,0.0,,,0.0,450.0,59.02671405566048,0.0,0.0
optimal@10s+aware,2,450,2964,2834,0.956140350877193,0.043859649122807,0.0043859649122807,0.0394736842105263,0.0,198.47028471573503,170.119053301112,394.7461055726826,192.10135052468507,1133.6,9.667960479887086,188.80232423584795,0.2043104371698278,0.1104332758930903,0.6852562869370818,1074,5.39292364990689,0.1492146182404864,0.2040590005890407,0.0474423535648025,4.798347328080074,0.0019539109808831,0.0465549348230912,2964,0.0,0.956140350877193,0.0,0.0,1.0,26810.697789915397,0.0,6.148927521000867e-15,2.795232876026115e-13,0.0,0.0,0.0,0.0,,,0.0,450.0,59.57932842203421,0.0,0.0
optimal@10s+aware,3,450,2964,2814,0.9493927125506072,0.0506072874493927,0.0050607287449392,0.0455465587044534,0.0,211.6806384318939,186.99722761723703,407.3553307603638,203.2277367564495,1125.6,10.05863539445629,201.6220030374376,0.2019627154622949,0.1149536843133868,0.6830836002243182,1071,5.443510737628385,0.1536579831725971,0.2098000000842148,0.0539899920990255,4.911371354913142,0.0019364490218191,0.0560224089635854,2964,0.0,0.9493927125506072,0.0,0.0,1.0,26725.00340980218,0.0,1.0448090312055225e-14,2.746997922505832e-13,0.0,0.0,0.0,0.0,,,0.0,450.0,59.38889646622707,0.0,0.0
optimal@10s+aware,4,450,2964,2812,0.9487179487179488,0.0512820512820512,0.0070850202429149,0.0441970310391363,0.0,200.79709432235907,173.95988209186817,388.5694590741359,192.91691921210116,1124.8,8.505689900426743,192.29140442193236,0.2118281239665412,0.1103834577563714,0.6777884182770875,1068,5.229400749063671,0.1519030898781282,0.2064169990626393,0.0485926712692511,5.9119054971535885,0.0025600096174047,0.049625468164794,2964,0.0,0.9487179487179488,0.0,0.0,1.0,26508.95906480773,0.0,-7.727341763144937e-15,2.754338562190397e-13,0.0,0.0,0.0,0.0,,,0.0,450.0,58.90879792179496,0.0,0.0
optimal@10s+aware,5,450,2964,2767,0.9335357624831307,0.0664642375168691,0.0168690958164642,0.0495951417004048,0.0,218.70839440986492,194.2189002745672,429.8835921381667,209.746940508874,1106.8,12.241055294542829,206.4673391153221,0.2222946160214209,0.1133073824943791,0.6643980014842,1079,7.197405004633921,0.1489543095172794,0.2185419995294069,0.0581055983019368,4.283781326026292,0.0010237103792828,0.0481927710843373,2964,0.0,0.9335357624831307,0.0,0.0,1.0,26119.14956969889,0.0,2.531324545628908e-15,2.722008459695717e-13,0.0,0.0,0.0,0.0,,,0.0,450.0,58.042554599330856,0.0,0.0
optimal@10s+aware,0,500,2964,2880,0.97165991902834,0.0283400809716599,0.0070850202429149,0.0212550607287449,0.0,154.51184232638596,124.52636093527508,317.5417898354763,152.2999013956631,1152.0,7.034722222222222,147.47712010416373,0.2907070895492805,0.0831288623977518,0.6261640480529677,1065,4.908920187793427,0.1578407511653426,0.2181839996774213,0.0470869912210694,1.709224229091926,0.0009405768398512,0.0300469483568075,2964,0.0,0.97165991902834,0.0,0.0,1.0,27157.31264352124,0.0,1.056639343922762e-14,2.769203076723336e-13,0.0,0.0,0.0,0.0,,,0.0,500.0,54.31462528704248,0.0,0.0
optimal@10s+aware,1,500,2964,2875,0.9699730094466936,0.0300269905533063,0.0057354925775978,0.0242914979757085,0.0,156.96392143818326,130.33505270156093,323.00767102551794,154.26070249347188,1150.0,6.765913043478261,150.198008394705,0.2879600111668984,0.084987991859832,0.6270519969732695,1069,4.688493919550982,0.1521696913331677,0.2169279995723627,0.0527704485488126,2.077922695838644,0.0012830284511509,0.0308699719363891,2964,0.0,0.9699730094466936,0.0,0.0,1.0,27162.643701353263,0.0,4.006379769002113e-15,2.787778896617965e-13,0.0,0.0,0.0,0.0,,,0.0,500.0,54.32528740270652,0.0,0.0
optimal@10s+aware,2,500,2964,2899,0.9780701754385964,0.0219298245614035,0.0013495276653171,0.0205802968960863,0.0,159.19827825931105,132.74740547552756,315.9680190867628,156.35449419710022,1159.6,6.529492928596068,152.668785330715,0.2811556191605994,0.0872789963759382,0.6315653844634623,1066,4.146341463414634,0.1506588180116243,0.2066349997221548,0.0470774927267918,2.338083468293465,0.0020802220772295,0.0318949343339587,2964,0.0,0.9780701754385964,0.0,0.0,1.0,27397.42867841964,0.0,4.485699305772493e-15,2.757705910624679e-13,0.0,0.0,0.0,0.0,,,0.0,500.0,54.79485735683928,0.0,0.0
optimal@10s+aware,3,500,2964,2883,0.972672064777328,0.027327935222672,0.0030364372469635,0.0242914979757085,0.0,171.13152125433766,144.71441947356288,345.0138481672341,167.6481407447602,1153.2,7.245924384321887,163.88559687001575,0.2806953771081215,0.090447915287186,0.6288567076046925,1067,4.463917525773196,0.1460814432813634,0.2142839998850829,0.0551470588235294,3.291872651457135,0.0022803510158086,0.0459231490159325,2964,0.0,0.972672064777328,0.0,0.0,1.0,27304.146817673,0.0,1.0372556091877738e-14,2.7573765523923735e-13,0.0,0.0,0.0,0.0,,,0.0,500.0,54.608293635346,0.0,0.0
optimal@10s+aware,4,500,2964,2879,0.9713225371120108,0.0286774628879892,0.0040485829959514,0.0246288798920377,0.0,163.50141689005213,134.28917623669986,332.940278320059,160.12181223911375,1151.6,6.738103508162556,156.76331338188956,0.2849318185644243,0.0876357120926566,0.6274324693429191,1066,4.4643527204502815,0.1467734521442488,0.2077499990264183,0.0502114164904862,2.511504778041692,0.0017483800419185,0.0328330206378986,2964,0.0,0.9713225371120108,0.0,0.0,1.0,27180.978227391985,0.0,1.436136532531357e-15,2.7197504408382684e-13,0.0,0.0,0.0,0.0,,,0.0,500.0,54.36195645478397,0.0,0.0
optimal@10s+aware,5,500,2964,2849,0.9612010796221324,0.0387989203778677,0.0060728744939271,0.0327260458839406,0.0,174.5854345381167,146.020544245981,360.9482932445032,169.98590223674896,1139.6,8.127764127764127,166.45767041035256,0.29095308933506,0.0903984960815458,0.6186484145833941,1071,5.070961718020541,0.1531427637465758,0.2278100000694393,0.0550434553594943,3.328119144442005,0.0016313977152289,0.0373482726423902,2964,0.0,0.9612010796221324,0.0,0.0,1.0,26850.956549186478,0.0,6.355510478489506e-15,2.747334749230336e-13,0.0,0.0,0.0,0.0,,,0.0,500.0,53.70191309837295,0.0,0.0
batched_greedy@30s+aware,0,300,2964,2314,0.7807017543859649,0.219298245614035,0.1683535762483131,0.050944669365722,0.0,327.3541954492051,306.61117813236115,524.5537444831103,303.7173538993097,925.6,70.80250648228176,256.55168896692334,0.022283906085494,0.1522750156052286,0.8254410783092774,367,34.81198910081744,0.1177768392515481,0.2666520000275338,0.0490378646803227,,,,2964,0.0,0.7807017543859649,0.0,0.0,1.0,21409.67605227864,0.0,3.518936798535328e-15,2.715538348300787e-13,0.0,0.0,0.0,0.0,,,0.0,300.0,71.3655868409288,0.0,0.0
batched_greedy@30s+aware,1,300,2964,2260,0.7624831309041835,0.2375168690958164,0.1713900134952766,0.0661268556005398,0.0,334.4338364083085,315.58707409998897,532.0192332861415,304.9520820032852,904.0,72.3991150442478,262.0347213640607,0.0249504631269583,0.1503335809143007,0.8247159559587409,368,35.47554347826087,0.1138239130707164,0.2829210001073078,0.0519763460939931,,,,2964,0.0,0.7624831309041835,0.0,0.0,1.0,21286.73775826286,0.0,-4.937643214651493e-15,2.741075802914888e-13,0.0,0.0,0.0,0.0,,,0.0,299.99999999999994,70.95579252754288,0.0,0.0
batched_greedy@30s+aware,2,300,2964,2257,0.7614709851551957,0.2385290148448043,0.1929824561403508,0.0455465587044534,0.0,344.3160844813445,325.83415665366374,533.4803724797679,316.5866856432572,902.8,77.49047408063801,266.8256104007064,0.0194568475182572,0.152631578347568,0.8279115741341747,369,37.6910569105691,0.1079482384970781,0.2674519992433488,0.0490914886834555,,,,2964,0.0,0.7614709851551957,0.0,0.0,1.0,21189.743627962343,0.0,5.3093944344679165e-15,2.7393988224870626e-13,0.0,0.0,0.0,0.0,,,0.0,300.0,70.63247875987447,0.0,0.0
batched_greedy@30s+aware,3,300,2964,2263,0.7634952766531714,0.2365047233468286,0.1744264507422402,0.0620782726045884,0.0,339.58163453165486,324.28719680192216,522.8649632026263,310.70165472857576,905.2,77.2439239946973,262.3377105369576,0.0232320735314757,0.1520590681049796,0.8247088583635446,370,36.86486486486486,0.113662702721273,0.2716070004862558,0.0491854636591478,,,,2964,0.0,0.7634952766531714,0.0,0.0,1.0,21196.784190351573,0.0,-3.863556501779953e-15,2.742402956169976e-13,0.0,0.0,0.0,0.0,,,0.0,300.0,70.65594730117192,0.0,0.0
batched_greedy@30s+aware,4,300,2964,2246,0.7577597840755735,0.2422402159244264,0.1902834008097166,0.0519568151147098,0.0,343.7708341184645,324.3100866154691,542.7751261094083,313.8893792535011,898.4,82.44835262689226,261.32248149157226,0.028989614998063,0.1472208188901194,0.8237895661118176,367,38.23705722070845,0.1057220707958445,0.2906260000236214,0.0511363636363636,,,,2964,0.0,0.7577597840755735,0.0,0.0,1.0,21174.42319243881,0.0,-8.491080600089532e-15,2.745333395660095e-13,0.0,0.0,0.0,0.0,,,0.0,300.0,70.58141064146271,0.0,0.0
batched_greedy@30s+aware,5,300,2964,2288,0.7719298245614035,0.2280701754385964,0.1700404858299595,0.0580296896086369,0.0,325.03192526759483,309.03121135795027,523.8014216390795,298.7408143855909,915.2,70.82036713286713,254.21155813472768,0.028172042012732,0.1497884243896882,0.8220395335975796,368,35.50815217391305,0.1118603261098225,0.2801870007715477,0.0558485882717964,,,,2964,0.0,0.7719298245614035,0.0,0.0,1.0,21221.250149677813,0.0,-9.953188234751405e-16,2.773275005134641e-13,0.0,0.0,0.0,0.0,,,0.0,300.0,70.73750049892604,0.0,0.0
batched_greedy@30s+aware,0,350,2964,2555,0.8620107962213225,0.1379892037786774,0.0880566801619433,0.0499325236167341,0.0,279.04527735367367,259.8702209334442,485.8373003625544,265.4132728483663,1022.0,46.62896281800391,232.41631453566976,0.0733674892376222,0.1409062902502669,0.7857262205121109,367,24.01362397820164,0.1327520435886842,0.3082000002905261,0.0524216524216524,,,,2964,0.0,0.8620107962213225,0.0,0.0,1.0,23906.582375415517,0.0,-3.012158906732518e-16,2.7183630428179746e-13,0.0,0.0,0.0,0.0,,,0.0,350.0,68.30452107261576,0.0,0.0
batched_greedy@30s+aware,1,350,2964,2517,0.8491902834008097,0.1508097165991903,0.0846828609986504,0.0661268556005398,0.0,285.36421610052344,264.6254071461153,497.61413721387817,266.0998928763537,1006.8,46.72268573698848,238.64153036353497,0.0709701061525247,0.1433025088033635,0.7857273850441118,368,23.730978260869566,0.1287559782371238,0.2909850005380574,0.0525717533390167,,,,2964,0.0,0.8491902834008097,0.0,0.0,1.0,23744.09406094601,0.0,-9.167786822812516e-15,2.7020543574216376e-13,0.0,0.0,0.0,0.0,,,0.0,350.0,67.84026874556004,0.0,0.0
batched_greedy@30s+aware,2,350,2964,2536,0.8556005398110661,0.1443994601889338,0.0850202429149797,0.0593792172739541,0.0,288.72284039943514,269.1486616698089,490.7498811469143,271.95123918266705,1014.4,47.43611987381704,241.2867205256181,0.0594753419482206,0.1445462727300412,0.7959783853217381,367,24.06267029972752,0.1247844687231695,0.2781420002793309,0.0481755986316989,,,,2964,0.0,0.8556005398110661,0.0,0.0,1.0,23949.53571142504,0.0,-6.5417352572432125e-15,2.761277011459077e-13,0.0,0.0,0.0,0.0,,,0.0,350.0,68.42724488978583,0.0,0.0
batched_greedy@30s+aware,3,350,2964,2523,0.8512145748987854,0.1487854251012145,0.097165991902834,0.0516194331983805,0.0,296.54782232446337,282.2635607357588,501.73890255058086,279.09728870583774,1009.2,52.18588981371384,244.3619325107496,0.0638356631195049,0.1442932171877029,0.7918711196927921,368,25.63858695652174,0.1295570652137425,0.2962140001181977,0.0443606842563061,,,,2964,0.0,0.8512145748987854,0.0,0.0,1.0,23866.61868509238,0.0,-4.5315405103408086e-15,2.7064007440638466e-13,0.0,0.0,0.0,0.0,,,0.0,350.0,68.19033910026394,0.0,0.0
batched_greedy@30s+aware,4,350,2964,2542,0.8576248313090419,0.1423751686909581,0.0867071524966261,0.0556680161943319,0.0,290.6339901626766,271.74356071511966,489.3096426296505,274.79052815193614,1016.8,48.43115656963021,242.2028335930464,0.0666944064091169,0.1451753491508551,0.7881302444400279,367,24.272479564032697,0.1273694823043467,0.2897019996817102,0.0465714285714285,,,,2964,0.0,0.8576248313090419,0.0,0.0,1.0,23799.411278105992,0.0,9.729257350810322e-15,2.745060058272756e-13,0.0,0.0,0.0,0.0,,,0.0,350.0,67.99831793744569,0.0,0.0
batched_greedy@30s+aware,5,350,2964,2508,0.8461538461538461,0.1538461538461538,0.0944669365721997,0.0593792172739541,0.0,280.978291257303,262.75923889631486,495.71678510339217,266.26290751668057,1003.2,47.63277511961722,233.3455161376858,0.0861899904573987,0.1385882715038452,0.775221738038756,366,25.35792349726776,0.1293516393285801,0.2975400000650552,0.0495249064209617,,,,2964,0.0,0.8461538461538461,0.0,0.0,1.0,23437.357978706703,0.0,2.867987612416852e-15,2.728179192392405e-13,0.0,0.0,0.0,0.0,,,0.0,350.0,66.96387993916201,0.0,0.0
batched_greedy@30s+aware,0,400,2964,2697,0.909919028340081,0.090080971659919,0.0411605937921727,0.0489203778677462,0.0,243.8678731534501,218.46400105365865,450.6383085358939,234.58690847907667,1078.8,31.978494623655912,211.88937852979416,0.146436037768661,0.1246346828585546,0.7289292793727843,363,17.78236914600551,0.1514614325346019,0.3417600000466336,0.0484931506849315,,,,2964,0.0,0.909919028340081,0.0,0.0,1.0,25480.35028070827,0.0,-4.798369916292427e-15,2.74423914565133e-13,0.0,0.0,0.0,0.0,,,0.0,400.0,63.70087570177068,0.0,0.0
batched_greedy@30s+aware,1,400,2964,2689,0.9072199730094468,0.0927800269905533,0.0394736842105263,0.0533063427800269,0.0,250.7608098222151,233.6073366755445,458.7579523799719,239.4945306960093,1075.6,32.38267013759762,218.37813968461745,0.1440086608212695,0.1276306467933502,0.7283606923853801,366,17.543715846994534,0.1408989071018855,0.2989250001519395,0.0515126737530662,,,,2964,0.0,0.9072199730094468,0.0,0.0,1.0,25374.946334570774,0.0,-2.5768404393047704e-15,2.74463151268356e-13,0.0,0.0,0.0,0.0,,,0.0,400.0,63.437365836426935,0.0,0.0
batched_greedy@30s+aware,2,400,2964,2716,0.9163292847503374,0.0836707152496626,0.0360998650472334,0.0475708502024291,0.0,251.6944666503782,230.5056328294163,462.3292326180472,240.97878571445463,1086.4,33.28534609720177,218.40912055317648,0.1280468808722629,0.1290117875311267,0.7429413315966104,365,17.183561643835617,0.1467523287642071,0.3172800008906052,0.0495103373231773,,,,2964,0.0,0.9163292847503374,0.0,0.0,1.0,25842.680464723835,0.0,-1.6774178184575876e-14,2.743609626838074e-13,0.0,0.0,0.0,0.0,,,0.0,400.0,64.60670116180958,0.0,0.0
batched_greedy@30s+aware,3,400,2964,2698,0.9102564102564102,0.0897435897435897,0.041497975708502,0.0482456140350877,0.0,259.629460574611,239.8896933894844,468.1383126409944,247.95959340174903,1079.2,34.36212008895478,225.26734048565623,0.1299750914353476,0.131184567896434,0.7388403406682184,365,17.736986301369864,0.1441320547985936,0.3157639997516526,0.0533188248095756,,,,2964,0.0,0.9102564102564102,0.0,0.0,1.0,25599.77949052923,0.0,-7.048640560937447e-15,2.77633611677512e-13,0.0,0.0,0.0,0.0,,,0.0,400.0,63.99944872632307,0.0,0.0
batched_greedy@30s+aware,4,400,2964,2727,0.9200404858299596,0.0799595141700404,0.0337381916329284,0.046221322537112,0.0,240.8831885524199,217.50769755241708,442.1786211394967,231.6891945724679,1090.8,30.21342134213421,210.6697672102857,0.1374917464421304,0.1257319479814009,0.7367763055764686,364,16.464285714285715,0.1477104394955229,0.3024089997597912,0.0507187415242744,,,,2964,0.0,0.9200404858299596,0.0,0.0,1.0,25587.99991252374,0.0,5.554290678531751e-15,2.762096463621488e-13,0.0,0.0,0.0,0.0,,,0.0,400.0,63.96999978130935,0.0,0.0
batched_greedy@30s+aware,5,400,2964,2664,0.8987854251012146,0.1012145748987854,0.0549932523616734,0.046221322537112,0.0,256.5139016023081,236.6838678564964,469.5231979529208,246.24172667981097,1065.6,36.52402402402402,219.98987757828408,0.1559071365367535,0.125638575139052,0.7184542883241943,366,19.653005464480877,0.154074043668436,0.3346750005221111,0.0506224066390041,,,,2964,0.0,0.8987854251012146,0.0,0.0,1.0,25072.729828977004,0.0,3.700910115571036e-15,2.774669049742884e-13,0.0,0.0,0.0,0.0,,,0.0,400.0,62.68182457244251,0.0,0.0
batched_greedy@30s+aware,0,450,2964,2809,0.9477058029689608,0.0522941970310391,0.0168690958164642,0.0354251012145749,0.0,200.055806246974,171.85264954840022,390.6751143107792,195.42266065809756,1123.6,22.009255962976148,178.04655028399785,0.219756001513781,0.1026904609353685,0.6775535375508505,361,13.786703601108034,0.1791778393257057,0.344799999584211,0.0475423045930701,,,,2964,0.0,0.9477058029689608,0.0,0.0,1.0,26586.03539926957,0.0,6.344831704846053e-15,2.6825122559149184e-13,0.0,0.0,0.0,0.0,,,0.0,450.0,59.0800786650435,0.0,0.0
batched_greedy@30s+aware,1,450,2964,2806,0.946693657219973,0.0533063427800269,0.0155195681511471,0.0377867746288798,0.0,203.12218621712785,177.05509288148914,393.553579132496,197.7707808723444,1122.4,21.266215253029223,181.85597096409865,0.2185564466420786,0.1043660894442369,0.6770774639136844,360,13.40277777777778,0.1715091666432676,0.3553030003240569,0.0481669788600481,,,,2964,0.0,0.946693657219973,0.0,0.0,1.0,26537.14540599049,0.0,-6.844766299645531e-15,2.7290643016991523e-13,0.0,0.0,0.0,0.0,,,0.0,450.0,58.97143423553442,0.0,0.0
batched_greedy@30s+aware,2,450,2964,2840,0.9581646423751689,0.0418353576248313,0.0080971659919028,0.0337381916329284,0.0,203.4815116701752,176.26715888009517,388.6755910197771,198.1276442458723,1136.0,21.636971830985917,181.84453983918925,0.2065705017919309,0.1068206833696656,0.6866088148384034,360,12.672222222222222,0.1780988888387785,0.3378419991895505,0.0485926712692511,,,,2964,0.0,0.9581646423751689,0.0,0.0,1.0,26819.181277880027,0.0,-5.667297617111204e-15,2.791105374990847e-13,0.0,0.0,0.0,0.0,,,0.0,450.0,59.59818061751117,0.0,0.0
batched_greedy@30s+aware,3,450,2964,2813,0.949055330634278,0.050944669365722,0.0121457489878542,0.0387989203778677,0.0,211.2907365375296,189.4967407357035,398.9474970501226,205.17744250663588,1125.2,21.547813722004975,189.74292281552465,0.2127886746655179,0.1084612300232852,0.6787500953111968,360,12.98611111111111,0.165937222219428,0.3221470001153649,0.0497605109100585,,,,2964,0.0,0.949055330634278,0.0,0.0,1.0,26576.87521770849,0.0,5.629655607270968e-16,2.734692829259412e-13,0.0,0.0,0.0,0.0,,,0.0,450.0,59.05972270601885,0.0,0.0
batched_greedy@30s+aware,4,450,2964,2838,0.95748987854251,0.0425101214574898,0.0077597840755735,0.0347503373819163,0.0,204.9007829032901,176.44739960975176,393.38303678798064,199.05484421223764,1135.2,20.828047921071175,184.07273498221892,0.2091548610624509,0.106818468443462,0.684026670494087,360,12.525,0.1743880555346145,0.351237999748264,0.0430251202565473,,,,2964,0.0,0.95748987854251,0.0,0.0,1.0,26793.84871010294,0.0,1.0351597427488088e-14,2.735112269783489e-13,0.0,0.0,0.0,0.0,,,0.0,450.0,59.541886022450974,0.0,0.0
batched_greedy@30s+aware,5,450,2964,2786,0.9399460188933874,0.0600539811066126,0.0188933873144399,0.0411605937921727,0.0,217.4605630403643,193.63139959124328,418.6208962290666,210.693666531218,1114.4,22.928571428571427,194.53199161179285,0.2249274393509272,0.1093993049901056,0.6656732556589672,362,13.964088397790055,0.1684834254302279,0.3196939997542358,0.0569300345836658,,,,2964,0.0,0.9399460188933874,0.0,0.0,1.0,26187.697485320245,0.0,6.6275452861255935e-15,2.766729973464724e-13,0.0,0.0,0.0,0.0,,,0.0,450.0,58.19488330071165,0.0,0.0
batched_greedy@30s+aware,0,500,2964,2877,0.9706477732793524,0.0293522267206477,0.0091093117408906,0.020242914979757,0.0,166.34237970508235,130.69717911223142,336.6443590877549,164.5413277841457,1150.8,19.916579770594367,146.42579993448797,0.2930710837394417,0.082316817509634,0.6246120987509243,360,12.47222222222222,0.2036963889420601,0.3479920004974702,0.054218460724676,,,,2964,0.0,0.9706477732793524,0.0,0.0,1.0,27150.997936891777,0.0,8.925236095705734e-15,2.797596086740626e-13,0.0,0.0,0.0,0.0,,,0.0,500.0,54.301995873783554,0.0,0.0
batched_greedy@30s+aware,1,500,2964,2873,0.9692982456140352,0.0307017543859649,0.0067476383265856,0.0239541160593792,0.0,169.59979139946134,138.09991057275238,339.1064260609448,166.94335922854435,1149.2,18.46815175774452,151.13163964171682,0.2886404716176848,0.0849486400317385,0.6264108883505766,360,11.963888888888889,0.1911183333656178,0.3513410006235062,0.0515600211528291,,,,2964,0.0,0.9692982456140352,0.0,0.0,1.0,27188.155779556957,0.0,5.1049391731667825e-15,2.7746625819161695e-13,0.0,0.0,0.0,0.0,,,0.0,500.0,54.37631155911391,0.0,0.0
batched_greedy@30s+aware,2,500,2964,2893,0.9760458839406208,0.0239541160593792,0.0043859649122807,0.0195681511470985,0.0,172.52038687174343,143.53044345954277,339.3942958422304,170.04043534629082,1157.2,19.247839612858623,153.2725472588848,0.2826423862571797,0.0867743104540433,0.6305833032887771,360,11.738888888888887,0.1820697222734048,0.3424119993360364,0.0534632604687911,,,,2964,0.0,0.9760458839406208,0.0,0.0,1.0,27376.68091636945,0.0,3.1972734557075804e-15,2.7052992100584584e-13,0.0,0.0,0.0,0.0,,,0.0,500.0,54.7533618327389,0.0,0.0
batched_greedy@30s+aware,3,500,2964,2880,0.97165991902834,0.0283400809716599,0.0074224021592442,0.0209176788124156,0.0,177.58319938697576,150.01246030121274,347.3968038239891,175.01859456366654,1152.0,19.256597222222226,158.32660216475355,0.2848908225044431,0.0874314455489492,0.6276777319466076,361,11.878116343490303,0.196232409930757,0.3636599998571909,0.0545886075949367,,,,2964,0.0,0.97165991902834,0.0,0.0,1.0,27254.20606067346,0.0,1.1467524460881703e-14,2.7257717687905685e-13,0.0,0.0,0.0,0.0,,,0.0,500.0,54.50841212134692,0.0,0.0
batched_greedy@30s+aware,4,500,2964,2875,0.9699730094466936,0.0300269905533063,0.0053981106612685,0.0246288798920377,0.0,169.07367047211812,139.87784670640485,332.21037645521915,165.79039249160752,1150.0,18.39234782608696,150.68132264603113,0.289335054025016,0.0839274306803902,0.6267375152945938,360,11.59722222222222,0.1907741667360419,0.3578939996623379,0.0540184453227931,,,,2964,0.0,0.9699730094466936,0.0,0.0,1.0,27146.82467727171,0.0,-5.383384559388066e-15,2.779071079541866e-13,0.0,0.0,0.0,0.0,,,0.0,500.0,54.29364935454342,0.0,0.0
batched_greedy@30s+aware,5,500,2964,2840,0.9581646423751689,0.0418353576248313,0.0121457489878542,0.029689608636977,0.0,185.69819184949725,153.68844557385137,382.2548025853406,182.1255961294983,1136.0,20.88098591549296,164.8172059340043,0.2945825108771102,0.0889069755089572,0.6165105136139326,361,12.84764542936288,0.1875337949812323,0.3561800003808457,0.0563194077207826,,,,2964,0.0,0.9581646423751689,0.0,0.0,1.0,26736.43103673182,0.0,3.626207315641884e-15,2.740583972592798e-13,0.0,0.0,0.0,0.0,,,0.0,500.0,53.472862073463645,0.0,0.0
optimal@30s+aware,0,300,2964,2283,0.770242914979757,0.2297570850202429,0.1737516869095816,0.0560053981106612,0.0,340.557540823034,324.9783185795577,521.8198222418479,311.1634426048738,913.2,75.18090232150679,265.3766385015272,0.0216028466990876,0.1552368922538525,0.8231602610470597,368,35.73097826086956,0.1972345108628281,0.2947490010774344,0.0507788161993769,65.18996679566955,0.0024134642637451,0.3777173913043478,2964,0.0,0.770242914979757,0.0,0.0,1.0,21283.357144712914,0.0,6.410601839605197e-15,2.761149463545548e-13,0.0,0.0,0.0,0.0,,,0.0,300.0,70.94452381570972,0.0,0.0
optimal@30s+aware,1,300,2964,2289,0.7722672064777328,0.2277327935222672,0.1683535762483131,0.0593792172739541,0.0,343.17320992828485,325.5992070305838,527.145189214378,312.4885473934916,915.6,74.2346002621232,268.93860966616165,0.0200428300600158,0.1541160862212748,0.8258410837187093,368,35.44021739130435,0.1965701087160793,0.2682509987789671,0.0515527950310559,64.44769625281893,0.0024064341389996,0.4130434782608695,2964,0.0,0.7722672064777328,0.0,0.0,1.0,21358.29207947993,0.0,1.0060589806022214e-14,2.738709215723301e-13,0.0,0.0,0.0,0.0,,,0.0,300.0,71.19430693159975,0.0,0.0
optimal@30s+aware,2,300,2964,2273,0.7668690958164642,0.2331309041835357,0.1815114709851552,0.0516194331983805,0.0,352.4503480868449,334.2765482737982,534.5114621911983,320.8866162878096,909.2,81.61328640563133,270.8370616812136,0.0181766662669529,0.1536906433970567,0.8281326903359902,369,37.53116531165312,0.2010937669405305,0.2802599997085053,0.0464308275426405,59.94913302243452,0.002083879363884,0.3983739837398374,2964,0.0,0.7668690958164642,0.0,0.0,1.0,21328.63735416141,0.0,-4.181042274875205e-15,2.7017660729274893e-13,0.0,0.0,0.0,0.0,,,0.0,300.0,71.0954578472047,0.0,0.0
optimal@30s+aware,3,300,2964,2283,0.770242914979757,0.2297570850202429,0.1744264507422402,0.0553306342780027,0.0,350.3340900613023,335.0988140373629,532.1355792167926,320.0498111532066,913.2,79.62111257117827,270.71297749012405,0.019197181289522,0.1551270219764683,0.8256757967340096,369,37.27371273712737,0.2031027100504919,0.3082999998150626,0.045583149952845,69.99042881948601,0.00245556825539,0.4281842818428184,2964,0.0,0.770242914979757,0.0,0.0,1.0,21329.416517507863,0.0,-4.4428372987189805e-15,2.72012130054004e-13,0.0,0.0,0.0,0.0,,,0.0,300.0,71.09805505835955,0.0,0.0
optimal@30s+aware,4,300,2964,2257,0.7614709851551957,0.2385290148448043,0.1852226720647773,0.0533063427800269,0.0,351.436521391796,334.6353898497855,535.5210203780334,321.1198786124606,902.8,80.3447053610988,271.0918160306972,0.0283617324072856,0.1544198780429259,0.8172183895497884,369,37.81571815718157,0.1982728997795564,0.2797760003159055,0.0503619767075857,55.54385109749567,0.0019157275843021,0.3577235772357723,2964,0.0,0.7614709851551957,0.0,0.0,1.0,21066.151092700777,0.0,-6.477366764848941e-16,2.740791889215347e-13,0.0,0.0,0.0,0.0,,,0.0,300.0,70.22050364233593,0.0,0.0
optimal@30s+aware,5,300,2964,2289,0.7722672064777328,0.2277327935222672,0.173076923076923,0.0546558704453441,0.0,336.847374597469,319.7246656865418,529.4697160235054,308.745157918391,915.6,72.826124945391,264.02124965207804,0.0223065683043851,0.1528687473187259,0.824824684376889,368,35.94021739130435,0.1958413043943754,0.288186000798305,0.0568499534016775,62.761044940415,0.0023090598074788,0.4266304347826087,2964,0.0,0.7722672064777328,0.0,0.0,1.0,21299.78788019195,0.0,1.3769287637168475e-14,2.790897943311622e-13,0.0,0.0,0.0,0.0,,,0.0,299.99999999999994,70.99929293397318,0.0,0.0
optimal@30s+aware,0,350,2964,2571,0.8674089068825911,0.1325910931174089,0.0833333333333333,0.0492577597840755,0.0,290.2141613617809,273.404247327142,488.8425666688327,275.78295500361145,1028.4,47.88059120964605,242.33357015213488,0.0641417916927201,0.1475923296600632,0.7882658786472166,367,24.103542234332423,0.1920147138607767,0.2729260013074962,0.0554141928187729,62.1574855495587,0.0039566355226149,0.4468664850136239,2964,0.0,0.8674089068825911,0.0,0.0,1.0,24059.49786932008,0.0,-1.2326023343018464e-15,2.698196910292745e-13,0.0,0.0,0.0,0.0,,,0.0,350.0,68.74142248377166,0.0,0.0
optimal@30s+aware,1,350,2964,2510,0.8468286099865048,0.1531713900134952,0.0883940620782726,0.0647773279352226,0.0,294.320709953391,283.9285515168731,486.9619023323229,274.5809437611763,1004.0,49.24980079681275,245.07090915657824,0.0720500268345848,0.1459566550734577,0.7819933180919575,367,24.67029972752044,0.1852730245108821,0.2709120006329612,0.0554292211483797,70.89946972601511,0.0043293834557958,0.438692098092643,2964,0.0,0.8468286099865048,0.0,0.0,1.0,23593.90213912949,0.0,-1.3393447484322602e-16,2.7442324641111173e-13,0.0,0.0,0.0,0.0,,,0.0,350.0,67.4111489689414,0.0,0.0
optimal@30s+aware,2,350,2964,2555,0.8620107962213225,0.1379892037786774,0.0792847503373819,0.0587044534412955,0.0,298.82345453640534,282.8940340813606,486.1041686893256,281.1408270561452,1022.0,45.68454011741683,253.1389144189885,0.0453893817833571,0.1537651209354756,0.8008454972811672,368,23.244565217391305,0.187299728217429,0.2651849996800592,0.0454933181688939,67.3241961255465,0.0044449347621339,0.4347826086956521,2964,0.0,0.8620107962213225,0.0,0.0,1.0,24060.9223423094,0.0,7.141927840602378e-16,2.739383844790291e-13,0.0,0.0,0.0,0.0,,,0.0,350.0,68.74549240659829,0.0,0.0
optimal@30s+aware,3,350,2964,2530,0.8535762483130904,0.1464237516869095,0.0897435897435897,0.0566801619433198,0.0,300.9069424513555,284.107280812344,498.8880481380557,281.3050555544794,1012.0,48.335573122529645,252.57136932882588,0.0587890895780741,0.1504196547258188,0.790791255696107,369,24.319783197831978,0.1877336042939791,0.2717000002303393,0.0498567335243553,81.54028367780192,0.0050432385122158,0.4769647696476964,2964,0.0,0.8535762483130904,0.0,0.0,1.0,23909.60022918445,0.0,-7.744354125922832e-16,2.759917898085563e-13,0.0,0.0,0.0,0.0,,,0.0,350.0,68.31314351195557,0.0,0.0
optimal@30s+aware,4,350,2964,2533,0.8545883940620783,0.1454116059379217,0.0863697705802968,0.0590418353576248,0.0,303.39727257169926,290.4204049293503,492.2793416600842,284.51229235431475,1013.2,49.55981050138176,253.8374620703175,0.0605916630817838,0.1510480615909271,0.788360275327289,369,24.29268292682927,0.1889604335970391,0.2619640005286783,0.0479178551055333,71.62889535364961,0.0044448229721181,0.3929539295392953,2964,0.0,0.8545883940620783,0.0,0.0,1.0,23813.37213876108,0.0,1.6183922211314362e-15,2.773825385726603e-13,0.0,0.0,0.0,0.0,,,0.0,350.0,68.03820611074595,0.0,0.0
optimal@30s+aware,5,350,2964,2532,0.854251012145749,0.145748987854251,0.0887314439946019,0.0570175438596491,0.0,287.3608940532622,274.2715148763107,487.9044685384625,271.10857580798,1012.8,47.68680884676145,239.6740852065008,0.0718144485070305,0.1433967427843336,0.7847888087086359,365,24.80821917808219,0.1879591780654091,0.2866679993167054,0.0511867314841292,75.34392254273891,0.0045965280388847,0.4273972602739726,2964,0.0,0.854251012145749,0.0,0.0,1.0,23707.66129376505,0.0,3.728981315411604e-15,2.736626091614069e-13,0.0,0.0,0.0,0.0,,,0.0,350.0,67.736175125043,0.0,0.0
optimal@30s+aware,0,400,2964,2717,0.9166666666666666,0.0833333333333333,0.036774628879892,0.0465587044534413,0.0,253.0719098269951,234.2930601222247,461.62622690168575,243.3213186991556,1086.8,33.83916083916084,219.23274898783427,0.1393462125071719,0.1289698103790711,0.731683977113757,366,17.852459016393443,0.1908278689102115,0.2620800012664404,0.0417811984606926,63.85528133350227,0.0066288795130419,0.4316939890710382,2964,0.0,0.9166666666666666,0.0,0.0,1.0,25586.08395719633,0.0,-2.217503978666102e-15,2.709514614881988e-13,0.0,0.0,0.0,0.0,,,0.0,400.0,63.96520989299083,0.0,0.0
optimal@30s+aware,1,400,2964,2688,0.9068825910931174,0.0931174089068826,0.0360998650472334,0.0570175438596491,0.0,248.78586946531308,231.1939939715212,444.98087880274073,236.9520818958845,1075.2,29.99367559523809,218.792193870075,0.1408451737539681,0.1298883870785852,0.7292664391674466,364,16.79945054945055,0.1927815934362985,0.2623230004974176,0.0554503651609413,59.76001013046278,0.0069666051101805,0.4478021978021978,2964,0.0,0.9068825910931174,0.0,0.0,1.0,25426.88211710231,0.0,-1.2537424802043043e-14,2.680479846020997e-13,0.0,0.0,0.0,0.0,,,0.0,400.0,63.567205292755766,0.0,0.0
optimal@30s+aware,2,400,2964,2728,0.9203778677462888,0.0796221322537112,0.0317139001349527,0.0479082321187584,0.0,249.78984624580875,229.85187738639888,445.79332209860246,239.47105477544935,1091.2,31.699780058651022,218.09006618715773,0.1252468144234085,0.1312951261119781,0.7434580594646134,367,16.539509536784742,0.19079073568689,0.2737060002255018,0.0469853340575774,64.79668828627923,0.007736320967647,0.4305177111716621,2964,0.0,0.9203778677462888,0.0,0.0,1.0,25711.55847030385,0.0,2.36614247256989e-15,2.7549370409574273e-13,0.0,0.0,0.0,0.0,,,0.0,400.0,64.27889617575963,0.0,0.0
optimal@30s+aware,3,400,2964,2708,0.9136302294197032,0.0863697705802968,0.043859649122807,0.0425101214574898,0.0,260.04780761555634,244.93613629727705,461.2983912233037,250.24022416902525,1083.2,35.57754800590842,224.47025960964797,0.1316673440561286,0.1319117254209173,0.736420930522954,364,18.43131868131868,0.184590109866194,0.2535210001587984,0.052645935624659,62.27207641100316,0.0061543472763561,0.467032967032967,2964,0.0,0.9136302294197032,0.0,0.0,1.0,25570.45446252564,0.0,4.347908870293468e-15,2.780049291052476e-13,0.0,0.0,0.0,0.0,,,0.0,400.0,63.9261361563141,0.0,0.0
optimal@30s+aware,4,400,2964,2720,0.9176788124156544,0.0823211875843454,0.0354251012145749,0.0468960863697705,0.0,255.1905989659371,237.2522731685331,449.1557600487722,244.77280593558805,1088.0,31.62389705882353,223.5667019071136,0.1321841733394446,0.1318662591317904,0.735949567528765,366,16.808743169398905,0.1872721311217683,0.2658050001628003,0.0492249116127277,64.30191866768307,0.0074389407378899,0.3989071038251366,2964,0.0,0.9176788124156544,0.0,0.0,1.0,25697.88310174361,0.0,-5.480746575535571e-15,2.6815624884001045e-13,0.0,0.0,0.0,0.0,,,0.0,400.0,64.24470775435903,0.0,0.0
optimal@30s+aware,5,400,2964,2673,0.9018218623481782,0.0981781376518218,0.0465587044534413,0.0516194331983805,0.0,261.7122538022832,244.9236684796888,462.41917941525406,249.9546757182664,1069.2,34.06883651328096,227.6434172890023,0.1457590174995395,0.1322257057969686,0.7220152767034919,365,18.715068493150685,0.192851506833231,0.2461199997196673,0.0526460104195228,68.06890771449078,0.0064860313299492,0.4383561643835616,2964,0.0,0.9018218623481782,0.0,0.0,1.0,25003.626628432103,0.0,3.889144898383882e-15,2.720735055963818e-13,0.0,0.0,0.0,0.0,,,0.0,400.0,62.509066571080254,0.0,0.0
optimal@30s+aware,0,450,2964,2827,0.953778677462888,0.046221322537112,0.0151821862348178,0.0310391363022942,0.0,202.06863198922784,172.54118920343717,393.37379663375873,197.6611630552608,1130.8,21.467987265652635,180.6006447235752,0.2156917312164171,0.1052038916615698,0.6791043771220131,360,13.497222222222222,0.1949583333852287,0.2706049999324023,0.0459430413756045,35.289939811319954,0.0071580026693047,0.3333333333333333,2964,0.0,0.953778677462888,0.0,0.0,1.0,26709.093890923483,0.0,2.221702757307901e-15,2.687352364770953e-13,0.0,0.0,0.0,0.0,,,0.0,450.0,59.35354197982996,0.0,0.0
optimal@30s+aware,1,450,2964,2806,0.946693657219973,0.0533063427800269,0.0141700404858299,0.039136302294197,0.0,205.49350399402948,181.14924021961903,391.8305481352404,199.5294882067992,1122.4,21.10263720598717,184.39086678804236,0.2149352472231913,0.1062368650796777,0.678827887697131,360,13.21111111111111,0.1918261111616933,0.2740839997022704,0.0496132301947185,42.239745866308304,0.0090017620901962,0.3361111111111111,2964,0.0,0.946693657219973,0.0,0.0,1.0,26573.047333451814,0.0,-4.881974289467171e-15,2.705112604971173e-13,0.0,0.0,0.0,0.0,,,0.0,450.0,59.0512162965596,0.0,0.0
optimal@30s+aware,2,450,2964,2848,0.9608636977058028,0.039136302294197,0.0074224021592442,0.0317139001349527,0.0,206.5203277452895,183.24331962315705,391.1246895316331,201.4025875817165,1139.2,20.55126404494382,185.96906370034569,0.2034382993313988,0.1090067310538953,0.6875549696147059,361,12.326869806094184,0.1949590027771362,0.2599400009785312,0.0488193154682939,51.150035377193,0.0132375405092308,0.3434903047091412,2964,0.0,0.9608636977058028,0.0,0.0,1.0,26929.252000477,0.0,1.5759865322874237e-15,2.7425705277343173e-13,0.0,0.0,0.0,0.0,,,0.0,450.0,59.84278222328223,0.0,0.0
optimal@30s+aware,3,450,2964,2828,0.9541160593792172,0.0458839406207827,0.0128205128205128,0.0330634278002699,0.0,219.4227774696365,200.3638577327497,409.8228794396348,213.91938179276733,1131.2,22.46145685997171,196.9613206096648,0.2034289456922197,0.1125012261833849,0.6840698281243953,361,13.20775623268698,0.1942044321536373,0.261319999481202,0.0513024986709197,50.2834131550741,0.0105016857549735,0.3601108033240997,2964,0.0,0.9541160593792172,0.0,0.0,1.0,26788.3063585644,0.0,-2.8071211864496884e-15,2.6934575896060986e-13,0.0,0.0,0.0,0.0,,,0.0,450.0,59.52956968569867,0.0,0.0
optimal@30s+aware,4,450,2964,2847,0.9605263157894736,0.0394736842105263,0.0077597840755735,0.0317139001349527,0.0,202.7282941759945,174.9956983273587,384.4908441321463,197.4602011299837,1138.8,21.2086406743941,181.51965350160043,0.2100873044376825,0.1061659807874665,0.6837467147748509,361,12.562326869806094,0.1907506924999072,0.2740799995081031,0.0427693130179096,39.33667454713697,0.00968827724959,0.3185595567867036,2964,0.0,0.9605263157894736,0.0,0.0,1.0,26819.16130820737,0.0,1.3192428845475603e-14,2.720547902010477e-13,0.0,0.0,0.0,0.0,,,0.0,450.0,59.59813624046083,0.0,0.0
optimal@30s+aware,5,450,2964,2788,0.940620782726046,0.0593792172739541,0.0155195681511471,0.043859649122807,0.0,217.3902012997093,196.5892512239245,409.86156956923526,209.9473690158248,1115.2,21.57137733142037,195.8188239682889,0.2212000920908787,0.1104382179541045,0.6683616899550167,361,13.437673130193906,0.190431578990794,0.2590800006146308,0.049973276322822,55.66768573072086,0.0109580696462466,0.3961218836565097,2964,0.0,0.940620782726046,0.0,0.0,1.0,26290.468196511647,0.0,3.1138809050785057e-15,2.73395685175782e-13,0.0,0.0,0.0,0.0,,,0.0,450.0,58.42326265891477,0.0,0.0
optimal@30s+aware,0,500,2964,2891,0.9753711201079622,0.0246288798920377,0.0064102564102564,0.0182186234817813,0.0,169.03967050880362,136.53606959485478,337.4201266941827,167.0274860768746,1156.4,19.99273607748184,149.04693443132177,0.2890271337922425,0.0841979445918117,0.6267749216159458,361,12.240997229916898,0.194588365672626,0.2851000004739034,0.0463012240553485,21.518343992149564,0.0064228080756256,0.2354570637119113,2964,0.0,0.9753711201079622,0.0,0.0,1.0,27235.354494972657,0.0,-7.429239206222217e-15,2.7509690593765545e-13,0.0,0.0,0.0,0.0,,,0.0,500.0,54.47070898994531,0.0,0.0
optimal@30s+aware,1,500,2964,2870,0.9682860998650472,0.0317139001349527,0.0080971659919028,0.0236167341430499,0.0,166.6147268658722,138.1722989317218,329.99528811513943,164.36228992280263,1148.0,18.19233449477352,148.42239237109868,0.2905579520408741,0.0835463507272228,0.6258956972319032,361,11.9196675900277,0.198019944613724,0.2631399995152605,0.0516146109052408,18.711692116336334,0.0061748719460487,0.2409972299168975,2964,0.0,0.9682860998650472,0.0,0.0,1.0,27086.403729829308,0.0,4.810089608849842e-15,2.775897978378804e-13,0.0,0.0,0.0,0.0,,,0.0,500.0,54.17280745965861,0.0,0.0
optimal@30s+aware,2,500,2964,2905,0.9800944669365722,0.0199055330634278,0.0030364372469635,0.0168690958164642,0.0,171.14116806926276,145.07290699193618,330.9300480001571,168.96237206214735,1162.0,18.118760757314973,153.02240731194777,0.280661970914152,0.0874673137642395,0.6318707153216084,360,11.352777777777778,0.1901011111284687,0.2724640013548196,0.0539048119905337,28.924571565964637,0.011873049196521,0.2611111111111111,2964,0.0,0.9800944669365722,0.0,0.0,1.0,27438.056961553502,0.0,-4.685179381578217e-15,2.732746138768224e-13,0.0,0.0,0.0,0.0,,,0.0,500.0,54.876113923107006,0.0,0.0
optimal@30s+aware,3,500,2964,2879,0.9713225371120108,0.0286774628879892,0.0064102564102564,0.0222672064777327,0.0,181.00164091954773,152.29092359418337,357.1783616579161,177.84588119828064,1151.6,19.624522403612364,161.37711851593536,0.2803191889977042,0.0895977286559665,0.6300830823463293,360,11.905555555555557,0.1976388887821182,0.2815359991836887,0.0550434553594943,38.06471384704259,0.0124088848246301,0.3055555555555556,2964,0.0,0.9713225371120108,0.0,0.0,1.0,27307.582309710557,0.0,6.166191790120269e-15,2.737605595883312e-13,0.0,0.0,0.0,0.0,,,0.0,500.0,54.61516461942111,0.0,0.0
optimal@30s+aware,4,500,2964,2886,0.9736842105263158,0.0263157894736842,0.0040485829959514,0.0222672064777327,0.0,175.51738071127014,147.4731576857746,344.886247183671,172.35252712744682,1154.4,17.67013167013167,157.84724904113847,0.2835339736222352,0.0883896325111406,0.6280763938666242,361,11.329639889196676,0.2018437673662414,0.2682800000911809,0.0492063492063492,27.627001133869356,0.0107537933999938,0.2576177285318559,2964,0.0,0.9736842105263158,0.0,0.0,1.0,27237.70279988653,0.0,8.518384273157817e-15,2.75052734111634e-13,0.0,0.0,0.0,0.0,,,0.0,500.0,54.47540559977307,0.0,0.0
optimal@30s+aware,5,500,2964,2847,0.9605263157894736,0.0394736842105263,0.0091093117408906,0.0303643724696356,0.0,184.7925052432276,155.30520695564337,368.9256527291145,180.50690443971047,1138.8,20.03582718651212,164.7566780567155,0.2922655552342452,0.0895275306206141,0.6182069141451406,361,12.304709141274238,0.1976994460222806,0.2651399998285342,0.0511800583399628,29.6387686043288,0.0082695230604899,0.2880886426592798,2964,0.0,0.9605263157894736,0.0,0.0,1.0,26776.74598152888,0.0,-1.1210639800465053e-15,2.796718482605484e-13,0.0,0.0,0.0,0.0,,,0.0,500.0,53.55349196305775,0.0,0.0
