arm,seed,drivers.num_drivers,requests,completed,completion_rate,cancel_rate,cancel_no_match_rate,cancel_eta_rate,cancel_late_rate,wait_mean_s,wait_p50_s,wait_p90_s,wait_all_mean_s,completed_per_hour,time_to_match_mean_s,pickup_mean_s,driver_idle_frac,driver_enroute_frac,driver_ontrip_frac,batches,batch_riders_mean,solve_ms_mean,solve_ms_p99,decline_rate,shadow_gap_s_per_batch,shadow_gap_frac,shadow_worse_batches_frac,app_opens,priced_out_rate,served_rate,retried_rate,surged_trip_frac,mean_multiplier_paid,revenue_per_hour,surge_revenue_per_hour,eta_error_mean_s,eta_abs_error_mean_s,eta_late_2min_frac,moves_per_driver_hour,chase_moves_per_hour,reposition_km_per_hour,moves_dispatched_frac,move_planned_mean_s,driver_reposition_frac,drivers_online_mean,earnings_per_online_hour,reserve_logons,reserve_logoffs
immediate_greedy,0,300,3045,2095,0.6880131362889984,0.3119868637110016,0.0019704433497536,0.3100164203612479,0.0,388.9736943576003,358.9458994902343,659.7623373883473,272.2990742681452,838.0,5.757101867783381,383.216592489817,0.0196456699344413,0.2402973145682658,0.7400570154972929,3350,3.77044776119403,0.0444438209003115,0.1994909998575157,0.0536220675431812,,,,3045,0.0,0.6880131362889984,0.0,0.0,1.0,18797.382631299137,0.0,-2.102375552884449e-15,2.7871632342308113e-13,0.0,0.0,0.0,0.0,,,0.0,300.0,62.65794210433046,0.0,0.0
immediate_greedy,1,300,3045,2091,0.6866995073891625,0.3133004926108374,0.0019704433497536,0.3113300492610837,0.0,380.338298803006,351.2603904046209,657.463183971709,265.88504205598935,836.4,5.6322041747838805,374.7060946282221,0.0273786042252437,0.2343947300968053,0.738226665677951,3317,3.7485679831172742,0.0411104612708492,0.1817519993710448,0.0499482401656314,,,,3045,0.0,0.6866995073891625,0.0,0.0,1.0,18786.61382522517,0.0,-4.621416167545367e-15,2.819522605719305e-13,0.0,0.0,0.0,0.0,,,0.0,300.0,62.62204608408389,0.0,0.0
immediate_greedy,2,300,3045,2081,0.683415435139573,0.3165845648604269,0.0013136288998357,0.3152709359605911,0.0,389.5223760605384,364.4558167852192,652.5491621489527,269.89920134272745,832.4,5.741763432764091,383.7806126277743,0.0245035528169486,0.239634320266417,0.7358621269166343,3344,3.639354066985646,0.0452136363732601,0.1527839998834681,0.0502200362412632,,,,3045,0.0,0.683415435139573,0.0,0.0,1.0,18791.039721346617,0.0,-1.9803689896244983e-16,2.825849971022461e-13,0.0,0.0,0.0,0.0,,,0.0,300.0,62.636799071155394,0.0,0.0
immediate_greedy,3,300,3045,2100,0.6896551724137931,0.3103448275862069,0.0009852216748768,0.30935960591133,0.0,383.0331674391624,345.8773501870773,663.4284222496315,267.99269893873395,840.0,5.01995239299573,378.0132150461667,0.0266008841815183,0.2376152050599148,0.7357839107585669,3345,3.4451420029895368,0.0411469656321416,0.1440480000746901,0.0484330484330484,,,,3045,0.0,0.6896551724137931,0.0,0.0,1.0,18801.600736712157,0.0,-1.2870974127768672e-14,2.6650427896259193e-13,0.0,0.0,0.0,0.0,,,0.0,300.0,62.67200245570717,0.0,0.0
immediate_greedy,4,300,3045,2081,0.683415435139573,0.3165845648604269,0.0026272577996715,0.3139573070607553,0.0,384.5343429248587,353.49299678211673,651.3265802357018,266.99934336683174,832.4,5.345268251204449,379.1890746736543,0.0237698380363304,0.2372209120683879,0.7390092498952816,3284,3.563337393422655,0.0431256090150704,0.1620680003270536,0.0446009389671361,,,,3045,0.0,0.683415435139573,0.0,0.0,1.0,18758.10653119265,0.0,3.8489154199210605e-15,2.811108172552282e-13,0.0,0.0,0.0,0.0,,,0.0,300.0,62.52702177064218,0.0,0.0
immediate_greedy,5,300,3045,2093,0.6873563218390805,0.3126436781609195,0.0016420361247947,0.3110016420361248,0.0,385.2132685800013,353.1791751820965,664.1780328577588,269.5242692512866,837.2,6.260081823876793,378.9531867561244,0.0175977582696914,0.2372041187018342,0.7451981230284743,3337,4.004495055439017,0.0437298172085761,0.2541880001444949,0.046009877826878,,,,3045,0.0,0.6873563218390805,0.0,0.0,1.0,18964.06750379141,0.0,-1.559934959779102e-15,2.71172371599032e-13,0.0,0.0,0.0,0.0,,,0.0,300.0,63.213558345971386,0.0,0.0
immediate_greedy,0,350,3045,2516,0.8262725779967159,0.173727422003284,0.0013136288998357,0.1724137931034483,0.0,308.87166112304345,285.71838331698405,534.414716069206,256.24038701550285,1006.4,1.062495682499988,307.80916544054344,0.047668027490512,0.2013121839217268,0.7510197885877611,3276,1.7744200244200243,0.0340433760657361,0.1029500003824068,0.0474462017111744,,,,3045,0.0,0.8262725779967159,0.0,0.0,1.0,22403.57388025965,0.0,3.507528131216393e-15,2.6898674067147164e-13,0.0,0.0,0.0,0.0,,,0.0,350.0,64.01021108645614,0.0,0.0
immediate_greedy,1,350,3045,2489,0.8174055829228243,0.1825944170771757,0.0009852216748768,0.1816091954022988,0.0,307.24009218303,278.8299823410971,541.4581361232379,252.05358411286576,995.6,1.1242843445217172,306.1158078385083,0.0596951651676721,0.1977722033625912,0.7425326314697366,3305,1.7385779122541605,0.0335923146783336,0.0926760000947979,0.0547980447645999,,,,3045,0.0,0.8174055829228243,0.0,0.0,1.0,22153.47210226963,0.0,-9.120867982135475e-16,2.698478019760029e-13,0.0,0.0,0.0,0.0,,,0.0,350.0,63.295634577913226,0.0,0.0
immediate_greedy,2,350,3045,2473,0.8121510673234811,0.1878489326765189,0.0006568144499178,0.1871921182266009,0.0,304.42742431845176,275.026484407691,535.8884108403706,248.0453841166124,989.2,0.6405458122776772,303.78687850617405,0.0512864221798365,0.1964234671925067,0.7522901106276567,3434,1.7256843331391962,0.0426836633651695,0.087933999575398,0.055298353909465,,,,3045,0.0,0.8121510673234811,0.0,0.0,1.0,22294.456643576115,0.0,-2.600965675482534e-15,2.694940914179961e-13,0.0,0.0,0.0,0.0,,,0.0,350.0,63.69844755307462,0.0,0.0
immediate_greedy,3,350,3045,2492,0.8183908045977012,0.1816091954022988,0.0,0.1816091954022988,0.0,306.42001983073544,275.11240515475174,538.1925493602474,251.44498276210345,996.8,0.6078042545393302,305.8122155761961,0.0544633544958435,0.1990524743475763,0.7464841711565802,3328,1.5913461538461535,0.0417177283618632,0.0907460000144055,0.04294638209266,,,,3045,0.0,0.8183908045977012,0.0,0.0,1.0,22240.136972105476,0.0,-6.8181593775535306e-15,2.6780432695765535e-13,0.0,0.0,0.0,0.0,,,0.0,350.0,63.543248491729926,0.0,0.0
immediate_greedy,4,350,3045,2504,0.8223316912972085,0.1776683087027914,0.0003284072249589,0.1773399014778325,0.0,306.52697222183417,285.9052787312912,529.4117702020914,252.5986074470601,1001.6,0.8164410033907197,305.71053121844346,0.0509663901813507,0.1984865164607316,0.7505470933579176,3312,1.6246980676328502,0.0410013285147395,0.1013009998951018,0.0523330755349316,,,,3045,0.0,0.8223316912972085,0.0,0.0,1.0,22384.756135527467,0.0,5.937742310615055e-15,2.6838169599369973e-13,0.0,0.0,0.0,0.0,,,0.0,350.0,63.95644610150705,0.0,0.0
immediate_greedy,5,350,3045,2511,0.8246305418719212,0.1753694581280788,0.0,0.1753694581280788,0.0,297.31570768510414,273.80576977998226,521.1261083224263,245.78737219179263,1004.4,0.7535158761442907,296.56219180895994,0.0499095924667294,0.1951843120539318,0.7549060954793387,3335,1.7772113943028485,0.0439313343368998,0.1082660006977675,0.051368094992256,,,,3045,0.0,0.8246305418719212,0.0,0.0,1.0,22570.550680606724,0.0,-2.393589552413679e-15,2.6560071899251585e-13,0.0,0.0,0.0,0.0,,,0.0,350.0,64.48728765887635,0.0,0.0
immediate_greedy,0,400,3045,2809,0.922495894909688,0.0775041050903119,0.0,0.0775041050903119,0.0,232.1074633368196,210.9349019286583,415.0671594571579,214.1343669456681,1123.6,0.1585778495463407,231.9488854872733,0.113892655764476,0.1528276204006727,0.7332797238348511,3216,1.222636815920398,0.0383324315825645,0.0715399995897314,0.0574064582265504,,,,3045,0.0,0.922495894909688,0.0,0.0,1.0,25024.291247373192,0.0,4.0725304541607725e-15,2.599109172021576e-13,0.0,0.0,0.0,0.0,,,0.0,400.0,62.56072811843298,0.0,0.0
immediate_greedy,1,400,3045,2767,0.9087027914614122,0.0912972085385878,0.0003284072249589,0.0909688013136289,0.0,235.38710964929828,212.7801958504224,423.5353755799605,213.9959726803562,1106.8,0.1168671507239038,235.27024249857436,0.1228869565060593,0.15204318779962,0.7250698556943206,3251,1.251922485389111,0.0388157797647692,0.0714000002517423,0.0484079730779187,,,,3045,0.0,0.9087027914614122,0.0,0.0,1.0,24653.64403620832,0.0,9.456034718448136e-15,2.643192655874549e-13,0.0,0.0,0.0,0.0,,,0.0,400.0,61.63411009052079,0.0,0.0
immediate_greedy,2,400,3045,2792,0.916912972085386,0.0830870279146141,0.0003284072249589,0.0827586206896551,0.0,232.2765069148409,208.12509745505255,422.2064375785904,213.28441066804697,1116.8,0.2201694310755229,232.0563374837654,0.1139492224957743,0.1507233647736941,0.7353274127305315,3348,1.3712664277180406,0.039997580641473,0.0756589998582057,0.045926310326933,,,,3045,0.0,0.916912972085386,0.0,0.0,1.0,24912.58226879198,0.0,3.5797534945865004e-15,2.599897374752644e-13,0.0,0.0,0.0,0.0,,,0.0,400.0,62.28145567197994,0.0,0.0
immediate_greedy,3,400,3045,2785,0.9146141215106732,0.0853858784893267,0.0,0.0853858784893267,0.0,234.291133126353,210.9349019286583,423.69434314083065,214.44849786539805,1114.0,0.2196245405442368,234.0715085858088,0.1243132020015704,0.1528198564669471,0.7228669415314822,3375,1.328,0.0392358518492309,0.0735780002105456,0.0530517640999227,,,,3045,0.0,0.9146141215106732,0.0,0.0,1.0,24704.342671093094,0.0,5.348205421318169e-15,2.5870580363779525e-13,0.0,0.0,0.0,0.0,,,0.0,400.0,61.76085667773275,0.0,0.0
immediate_greedy,4,400,3045,2773,0.9106732348111658,0.0893267651888341,0.0003284072249589,0.0889983579638752,0.0,241.8762761655568,220.9055050023508,437.41235773248536,220.38667204944437,1109.2,0.1412473777035146,241.7350287878533,0.1179305354392832,0.1553040995157628,0.7267653650449538,3271,1.264445123815347,0.0374080097839765,0.0721600004908396,0.0557410737220652,,,,3045,0.0,0.9106732348111658,0.0,0.0,1.0,24749.36467594997,0.0,2.42463420019111e-16,2.5879238648673885e-13,0.0,0.0,0.0,0.0,,,0.0,400.0,61.873411689874935,0.0,0.0
immediate_greedy,5,400,3045,2759,0.9060755336617404,0.0939244663382594,0.0,0.0939244663382594,0.0,240.59464122699225,216.0662341493762,434.2379052522383,218.25171216840556,1103.6,0.2781939681968892,240.31644725879536,0.1141418836004158,0.1558191943161275,0.7300389220834567,3360,1.4773809523809525,0.041642916660781,0.0898229998074384,0.0537689735014149,,,,3045,0.0,0.9060755336617404,0.0,0.0,1.0,24764.39764176234,0.0,7.762788841119543e-15,2.650261307984209e-13,0.0,0.0,0.0,0.0,,,0.0,400.0,61.91099410440585,0.0,0.0
immediate_greedy,0,450,3045,2889,0.948768472906404,0.051231527093596,0.0,0.051231527093596,0.0,200.41830451366883,179.74058296187923,375.0346114565513,190.16227237568987,1155.6,0.1411310362429834,200.2771734774258,0.2053537766484047,0.122164020470949,0.6724822028806463,3228,1.214993804213135,0.0388815055696287,0.0716189994727756,0.0574064582265504,,,,3045,0.0,0.948768472906404,0.0,0.0,1.0,25725.205511717075,0.0,1.1444558619507394e-14,2.554990179658511e-13,0.0,0.0,0.0,0.0,,,0.0,450.0,57.16712335937128,0.0,0.0
immediate_greedy,1,450,3045,2873,0.9435139573070608,0.0564860426929392,0.0,0.0564860426929392,0.0,203.93778271052776,182.99408794264215,381.73504632043006,192.43814500999864,1149.2,0.1260856819189876,203.8116970286088,0.2071939705514827,0.1226474739075578,0.6701585555409594,3225,1.212093023255814,0.0396279069708859,0.074675999712781,0.0537689735014149,,,,3045,0.0,0.9435139573070608,0.0,0.0,1.0,25634.02618344347,0.0,1.4339305161907678e-14,2.6132400957558775e-13,0.0,0.0,0.0,0.0,,,0.0,450.0,56.96450262987437,0.0,0.0
immediate_greedy,2,450,3045,2886,0.9477832512315272,0.0522167487684729,0.0,0.0522167487684729,0.0,199.48033481864587,178.6347595756647,374.4935186747575,189.1926714995268,1154.4,0.1335397441478115,199.34679507449803,0.2055143667866391,0.121157499000468,0.6733281342128928,3259,1.2586683031604786,0.0396625958961297,0.0783419995241274,0.046656298600311,,,,3045,0.0,0.9477832512315272,0.0,0.0,1.0,25727.18015095157,0.0,7.898201996945258e-15,2.60477556210198e-13,0.0,0.0,0.0,0.0,,,0.0,450.0,57.17151144655905,0.0,0.0
immediate_greedy,3,450,3045,2876,0.9444991789819376,0.0555008210180624,0.0,0.0555008210180624,0.0,195.74376221611973,173.13172731185068,367.97614119487207,184.93960358150332,1150.4,0.1263378086226553,195.61742440749717,0.2132023961036298,0.1196506899903985,0.6671469139059717,3275,1.2574045801526716,0.0403756335883011,0.0725039999815634,0.0535392535392535,,,,3045,0.0,0.9444991789819376,0.0,0.0,1.0,25536.172996205463,0.0,8.151260535039971e-15,2.5442374215767705e-13,0.0,0.0,0.0,0.0,,,0.0,450.0,56.74705110267881,0.0,0.0
immediate_greedy,4,450,3045,2899,0.9520525451559936,0.0479474548440065,0.0,0.0479474548440065,0.0,202.82500334853157,179.55952926909413,379.6516009440323,193.1291619320175,1159.6,0.1607305597603973,202.66427278877111,0.1986684657244133,0.1233580764471488,0.6779734578284379,3278,1.2367297132397803,0.039294661377389,0.0731000000087078,0.0520752771332817,,,,3045,0.0,0.9520525451559936,0.0,0.0,1.0,25972.895413191796,0.0,3.177099072883856e-16,2.564350939251483e-13,0.0,0.0,0.0,0.0,,,0.0,450.0,57.71754536264843,0.0,0.0
immediate_greedy,5,450,3045,2879,0.9454844006568144,0.0545155993431855,0.0,0.0545155993431855,0.0,200.9018351863117,182.878341747979,377.2261774075227,189.9666747349681,1151.6,0.2032386354020083,200.6985965509097,0.2039615383187051,0.1225342827534598,0.673504178927835,3253,1.2468490624039348,0.0397725484182937,0.0726439997743,0.0544987146529563,,,,3045,0.0,0.9454844006568144,0.0,0.0,1.0,25816.105186131837,0.0,2.220291798048559e-15,2.6067496738992537e-13,0.0,0.0,0.0,0.0,,,0.0,450.0,57.36912263584852,0.0,0.0
immediate_greedy,0,500,3045,2941,0.9658456486042692,0.0341543513957307,0.0,0.0341543513957307,0.0,171.11199664025543,149.07441725045828,332.3718867913267,165.27683986932297,1176.4,0.1732624351880274,170.9387342050674,0.2860264789351393,0.0972211991957803,0.6167523218690804,3261,1.2161913523459065,0.0412046611553502,0.0782000000981498,0.0527942312644862,,,,3045,0.0,0.9658456486042692,0.0,0.0,1.0,26244.655881326897,0.0,1.312532009105644e-14,2.591691642737313e-13,0.0,0.0,0.0,0.0,,,0.0,500.0,52.48931176265379,0.0,0.0
immediate_greedy,1,500,3045,2927,0.961247947454844,0.0387520525451559,0.0003284072249589,0.038423645320197,0.0,174.50705606511258,150.36301106037172,338.7000434873033,167.7841577809749,1170.8,0.1042140347581527,174.4028420303544,0.2878371158004527,0.0980558696945354,0.6141070145050117,3226,1.217606943583385,0.0410533167969328,0.0771499999245861,0.0540262413172112,,,,3045,0.0,0.961247947454844,0.0,0.0,1.0,26105.68381817598,0.0,4.6891086845322974e-15,2.5552076872405336e-13,0.0,0.0,0.0,0.0,,,0.0,500.0,52.211367636351966,0.0,0.0
immediate_greedy,2,500,3045,2940,0.9655172413793104,0.0344827586206896,0.0,0.0344827586206896,0.0,172.52334829431132,149.4123045534011,334.85173752902864,166.59910560929168,1176.0,0.1122807579903551,172.41106753632093,0.2870091435401748,0.0973030430373737,0.6156878134224514,3218,1.2060285891858298,0.0398040397743222,0.0750490004520542,0.046656298600311,,,,3045,0.0,0.9655172413793104,0.0,0.0,1.0,26170.0281853954,0.0,2.5476219773235226e-15,2.573237163788276e-13,0.0,0.0,0.0,0.0,,,0.0,500.0,52.340056370790805,0.0,0.0
immediate_greedy,3,500,3045,2953,0.9697865353037768,0.0302134646962233,0.0,0.0302134646962233,0.0,174.31891388007492,151.3792656496148,333.6772681433932,169.20988947387352,1181.2,0.1139780205143544,174.20493585956055,0.2836370981935841,0.0994610495479703,0.6169018522584455,3291,1.2522029778182924,0.0414109085285763,0.0767100001212384,0.052061855670103,,,,3045,0.0,0.9697865353037768,0.0,0.0,1.0,26249.88612148545,0.0,-1.802072807867694e-15,2.5264856241643574e-13,0.0,0.0,0.0,0.0,,,0.0,500.0,52.499772242970906,0.0,0.0
immediate_greedy,4,500,3045,2958,0.9714285714285714,0.0285714285714285,0.0,0.0285714285714285,0.0,176.41014153920688,153.6213241430712,341.1492609848655,171.3782613610601,1183.2,0.1097836745835501,176.30035786462332,0.2797840870485233,0.1000624261981566,0.62015348675332,3210,1.209968847352025,0.0404762928314498,0.0750909997896087,0.0525502318392581,,,,3045,0.0,0.9714285714285714,0.0,0.0,1.0,26423.180169373365,0.0,7.692141567233877e-15,2.533440364563164e-13,0.0,0.0,0.0,0.0,,,0.0,500.0,52.846360338746734,0.0,0.0
immediate_greedy,5,500,3045,2927,0.961247947454844,0.0387520525451559,0.0,0.0387520525451559,0.0,174.97982846978528,151.3157407158933,341.88155016412924,168.21925425695608,1170.8,0.1550186442456093,174.8248098255397,0.2870890962148819,0.0987738113893973,0.6141370923957207,3253,1.2317860436520136,0.0409957270196057,0.0776960000075632,0.0486290739782721,,,,3045,0.0,0.961247947454844,0.0,0.0,1.0,26119.97624685417,0.0,1.2923951852903324e-14,2.5811945679590574e-13,0.0,0.0,0.0,0.0,,,0.0,500.0,52.23995249370834,0.0,0.0
batched_greedy@10s,0,300,3045,2179,0.7155993431855501,0.2844006568144499,0.0390804597701149,0.2453201970443349,0.0,373.6253725255965,340.1168805291036,628.3530285207011,283.7808292300848,871.6,23.770078017439197,349.85529450815733,0.0184376728224422,0.2185048020635544,0.7630575251140034,1067,11.80506091846298,0.0654964386226187,0.1807239998743167,0.0502136752136752,,,,3045,0.0,0.7155993431855501,0.0,0.0,1.0,19525.591787086614,0.0,9.048903587582737e-16,2.696980877369366e-13,0.0,0.0,0.0,0.0,,,0.0,300.0,65.0853059569554,0.0,0.0
batched_greedy@10s,1,300,3045,2214,0.7270935960591133,0.2729064039408867,0.0584564860426929,0.2144499178981937,0.0,359.60798965254094,330.00865947611624,595.5763753044558,282.81892979970524,885.6,31.89385727190605,327.7141323806349,0.025306595988485,0.2053153928357007,0.7693780111758143,1070,14.870093457943923,0.0678515887803794,0.1714560005711969,0.0447720447720447,,,,3045,0.0,0.7270935960591133,0.0,0.0,1.0,19665.725588163557,0.0,3.097793024807754e-15,2.6423829500055973e-13,0.0,0.0,0.0,0.0,,,0.0,300.0,65.55241862721185,0.0,0.0
batched_greedy@10s,2,300,3045,2168,0.7119868637110016,0.2880131362889984,0.0719211822660098,0.2160919540229885,0.0,383.5942948664528,354.61438348204365,634.2866391356305,298.84318881091195,867.2,43.79566420664207,339.79863065981067,0.0264671850462397,0.2029495349818568,0.7705832799719033,1098,18.08834244080146,0.0717691256914938,0.1777820000552308,0.0471854304635761,,,,3045,0.0,0.7119868637110016,0.0,0.0,1.0,19589.413964531177,0.0,-4.996413287206055e-15,2.703454516421184e-13,0.0,0.0,0.0,0.0,,,0.0,300.0,65.29804654843726,0.0,0.0
batched_greedy@10s,3,300,3045,2184,0.7172413793103448,0.2827586206896552,0.0403940886699507,0.2423645320197044,0.0,376.77958634274455,347.35093648882594,635.8067986488741,286.9583875413288,873.6,28.85989010989011,347.91969623285445,0.0230870789801138,0.2176942474004907,0.7592186736193954,1070,12.950467289719626,0.0668007476633647,0.1787560000502704,0.05,,,,3045,0.0,0.7172413793103448,0.0,0.0,1.0,19447.73232390455,0.0,8.153835766935674e-15,2.682908840145272e-13,0.0,0.0,0.0,0.0,,,0.0,300.0,64.82577441301517,0.0,0.0
batched_greedy@10s,4,300,3045,2192,0.7198686371100165,0.2801313628899836,0.0551724137931034,0.2249589490968801,0.0,366.4040017832925,333.8019520289147,623.6105124170044,284.09345263242466,876.8,33.13594890510949,333.26805287818297,0.0283733198273303,0.2056793561323017,0.7659473240403679,1069,14.805425631431245,0.0663763330079349,0.1618920001055812,0.0499050718741524,,,,3045,0.0,0.7198686371100165,0.0,0.0,1.0,19537.43965161582,0.0,9.084379639451098e-16,2.7635558075521626e-13,0.0,0.0,0.0,0.0,,,0.0,300.0,65.1247988387194,0.0,0.0
batched_greedy@10s,5,300,3045,2171,0.7129720853858785,0.2870279146141215,0.0472906403940886,0.2397372742200328,0.0,375.2128893714834,343.5504475828966,617.621733018575,286.88068695858334,868.4,29.6218332565638,345.59105611491964,0.0217716635435497,0.2120038483041389,0.7662244881523113,1071,13.879551820728292,0.0652387488346934,0.1768100000845151,0.0454299621416982,,,,3045,0.0,0.7129720853858785,0.0,0.0,1.0,19614.845083018743,0.0,5.905916014182869e-15,2.653145628881835e-13,0.0,0.0,0.0,0.0,,,0.0,300.0,65.38281694339581,0.0,0.0
batched_greedy@10s,0,350,3045,2552,0.8380952380952381,0.1619047619047619,0.0032840722495894,0.1586206896551724,0.0,298.4971270821828,271.0428477757541,523.9143606574613,253.562841405446,1020.8,8.803683385579937,289.69344369660286,0.0523074807547453,0.1888268450068129,0.7588656742384416,1061,5.305372290292177,0.075877191333867,0.1680600002146094,0.0435462842242503,,,,3045,0.0,0.8380952380952381,0.0,0.0,1.0,22708.70997272067,0.0,-7.475733720673468e-15,2.656739335667272e-13,0.0,0.0,0.0,0.0,,,0.0,350.0,64.88202849348762,0.0,0.0
batched_greedy@10s,1,350,3045,2503,0.8220032840722495,0.1779967159277504,0.0036124794745484,0.1743842364532019,0.0,296.5045134032076,264.18341902098655,533.1978034251043,247.16892847867268,1001.2,9.103875349580504,287.40063805362706,0.0609584548579132,0.1868027543478681,0.7522387907942186,1057,5.385052034058656,0.073265941353413,0.1717960002133623,0.0477922077922077,,,,3045,0.0,0.8220032840722495,0.0,0.0,1.0,22367.386780268826,0.0,5.689593600268401e-15,2.642371605846493e-13,0.0,0.0,0.0,0.0,,,0.0,350.0,63.90681937219665,0.0,0.0
batched_greedy@10s,2,350,3045,2505,0.8226600985221675,0.1773399014778325,0.0032840722495894,0.174055829228243,0.0,309.5212047189272,281.5958618589657,535.5591620902932,257.7045908910543,1002.0,7.854291417165669,301.66691330176155,0.0500278765006736,0.1946847807753404,0.755287342723986,1063,5.0884289746001885,0.0744785512689935,0.1688379995903233,0.0515010351966873,,,,3045,0.0,0.8226600985221675,0.0,0.0,1.0,22433.5202772868,0.0,9.455465906811553e-15,2.6895248060147333e-13,0.0,0.0,0.0,0.0,,,0.0,349.99999999999994,64.09577222081944,0.0,0.0
batched_greedy@10s,3,350,3045,2539,0.8338259441707717,0.1661740558292282,0.0006568144499178,0.1655172413793103,0.0,295.24630174560497,267.4167853746694,515.7701220744377,248.35660751805065,1015.6,6.377707758960221,288.8685939866447,0.0586004142113912,0.1907910574033925,0.7506085283852163,1059,4.4381491973559966,0.0753683663875851,0.1715460001651082,0.0476807463073335,,,,3045,0.0,0.8338259441707717,0.0,0.0,1.0,22426.058624124656,0.0,-9.62863765350372e-15,2.703389129551771e-13,0.0,0.0,0.0,0.0,,,0.0,350.0,64.07445321178473,0.0,0.0
batched_greedy@10s,4,350,3045,2515,0.825944170771757,0.174055829228243,0.0032840722495894,0.1707717569786535,0.0,307.75105899146934,280.97749873732846,528.9132889640712,257.1890402369339,1006.0,7.496222664015905,300.2548363274534,0.048103104447226,0.1935230682241058,0.7583738273286681,1087,4.799448022079117,0.0708013799452778,0.1648039996143783,0.0457975539942753,,,,3045,0.0,0.825944170771757,0.0,0.0,1.0,22598.65057314487,0.0,-4.22370333980656e-15,2.675256967578346e-13,0.0,0.0,0.0,0.0,,,0.0,350.0,64.5675730661282,0.0,0.0
batched_greedy@10s,5,350,3045,2527,0.8298850574712644,0.1701149425287356,0.0006568144499178,0.1694581280788177,0.0,301.3414594407647,273.0305241847923,523.3986593636841,252.05956452929843,1010.8,6.7593984962406015,294.58206094452413,0.0505923345267063,0.1929080969815181,0.7564995684917755,1059,4.556185080264401,0.0747051935677544,0.1729519999025797,0.0504266873545384,,,,3045,0.0,0.8298850574712644,0.0,0.0,1.0,22652.907090447785,0.0,1.517319445130764e-15,2.636111440817373e-13,0.0,0.0,0.0,0.0,,,0.0,350.0,64.72259168699367,0.0,0.0
batched_greedy@10s,0,400,3045,2812,0.9234811165845648,0.0765188834154351,0.0,0.0765188834154351,0.0,236.75873493126505,216.57691402265252,423.2358397006316,219.05207311222244,1124.8,5.300853485064011,231.457881446201,0.1120561198933706,0.1523182392013715,0.7356256409052578,1055,3.732701421800948,0.0908909004573145,0.1930299998093687,0.0501033057851239,,,,3045,0.0,0.9234811165845648,0.0,0.0,1.0,25123.21217631737,0.0,1.2431339346570956e-14,2.6167088094876473e-13,0.0,0.0,0.0,0.0,,,0.0,400.0,62.80803044079344,0.0,0.0
batched_greedy@10s,1,400,3045,2755,0.9047619047619048,0.0952380952380952,0.0003284072249589,0.0949096880131362,0.0,239.51854492009468,218.3201385901248,429.9354949753821,217.3814544092227,1102.0,5.160798548094374,234.35774637200032,0.128708777304512,0.1503378201552994,0.7209534025401885,1055,3.7734597156398095,0.0928906161220227,0.1910120004140481,0.0540401441070509,,,,3045,0.0,0.9047619047619048,0.0,0.0,1.0,24564.58420423684,0.0,1.097246915226634e-14,2.6689551959911523e-13,0.0,0.0,0.0,0.0,,,0.0,400.0,61.4114605105921,0.0,0.0
batched_greedy@10s,2,400,3045,2783,0.9139573070607552,0.0860426929392446,0.0006568144499178,0.0853858784893267,0.0,237.76351743165063,211.80869208147124,433.8542837921117,218.2227659383157,1113.2,5.16492993172835,232.5985874999223,0.1136197506848898,0.1513146722186014,0.7350655770965087,1057,3.867549668874173,0.0888564806073475,0.1869680001618692,0.0533092969353592,,,,3045,0.0,0.9139573070607552,0.0,0.0,1.0,24912.74237621489,0.0,8.246687159558476e-16,2.607140358992984e-13,0.0,0.0,0.0,0.0,,,0.0,400.0,62.28185594053723,0.0,0.0
batched_greedy@10s,3,400,3045,2800,0.9195402298850576,0.0804597701149425,0.0,0.0804597701149425,0.0,235.9076442617437,211.9311274845495,422.25854643207566,217.5830554787791,1120.0,5.130357142857143,230.7772871188866,0.1184933351845049,0.1521375573463609,0.7293691074691341,1057,3.824976348155156,0.088280794699116,0.189839999875403,0.0498708010335917,,,,3045,0.0,0.9195402298850576,0.0,0.0,1.0,24881.394542406928,0.0,4.068808781961967e-15,2.621379304100304e-13,0.0,0.0,0.0,0.0,,,0.0,400.0,62.20348635601732,0.0,0.0
batched_greedy@10s,4,400,3045,2769,0.90935960591133,0.0906403940886699,0.0003284072249589,0.090311986863711,0.0,246.95477686355392,218.66107328377257,444.4824712445104,225.3199453418852,1107.6,5.283134705669917,241.671642157884,0.1197029889151264,0.1534237300554095,0.7268732810294641,1058,3.820415879017013,0.0880590737006317,0.1906889999008855,0.0545267489711934,,,,3045,0.0,0.90935960591133,0.0,0.0,1.0,24794.003761151176,0.0,-5.865377602974536e-15,2.68107353259974e-13,0.0,0.0,0.0,0.0,,,0.0,400.0,61.98500940287794,0.0,0.0
batched_greedy@10s,5,400,3045,2754,0.9044334975369458,0.0955665024630541,0.0,0.0955665024630541,0.0,247.4444676561629,224.8874226485775,447.5439699978492,224.4955874959188,1101.6,5.260348583877995,242.1841190722849,0.1135058388890692,0.1558882583392458,0.7306059027716849,1056,3.90625,0.0842764204524869,0.1811950005958353,0.0532955715756951,,,,3045,0.0,0.9044334975369458,0.0,0.0,1.0,24740.233420051965,0.0,4.2712545354061215e-15,2.6084968124020844e-13,0.0,0.0,0.0,0.0,,,0.0,400.0,61.85058355012991,0.0,0.0
batched_greedy@10s,0,450,3045,2894,0.9504105090311988,0.0495894909688013,0.0,0.0495894909688013,0.0,201.6116789891366,179.02894379927784,379.8632484035957,191.93733957128453,1157.6,5.054941257774706,196.5567377313619,0.2070644091219473,0.1195784360409477,0.6733571548371049,1055,3.6872037914691935,0.1014773459729263,0.2098300005309285,0.0513283466597885,,,,3045,0.0,0.9504105090311988,0.0,0.0,1.0,25715.472944042536,0.0,1.2411787024710596e-14,2.553393264314542e-13,0.0,0.0,0.0,0.0,,,0.0,450.0,57.14549543120564,0.0,0.0
batched_greedy@10s,1,450,3045,2877,0.9448275862068966,0.0551724137931034,0.0,0.0551724137931034,0.0,205.22902809630236,180.64043873686023,382.189025438223,194.23576808967547,1150.8,5.039972193256864,200.18905590304547,0.2086667037884631,0.1213750312855324,0.6699582649260044,1057,3.6754966887417218,0.1001960264847328,0.2169800001138356,0.0513283466597885,,,,3045,0.0,0.9448275862068966,0.0,0.0,1.0,25596.441158965627,0.0,8.705969942562872e-15,2.60651655513571e-13,0.0,0.0,0.0,0.0,,,0.0,450.0,56.88098035325695,0.0,0.0
batched_greedy@10s,2,450,3045,2891,0.9494252873563218,0.0505747126436781,0.0003284072249589,0.0502463054187192,0.0,196.75179427780387,176.51374003056662,363.3980459705263,187.21369308327525,1156.4,5.151504669664476,191.60028960813935,0.2107151112211481,0.1157747065564728,0.673510182222379,1056,3.7329545454545454,0.1021592803083697,0.2174350000586855,0.0488877392653905,,,,3045,0.0,0.9494252873563218,0.0,0.0,1.0,25699.45623104483,0.0,9.782865935147384e-15,2.579265829703015e-13,0.0,0.0,0.0,0.0,,,0.0,450.0,57.10990273565518,0.0,0.0
batched_greedy@10s,3,450,3045,2881,0.9461412151067324,0.0538587848932676,0.0003284072249589,0.0535303776683087,0.0,197.11760843379744,176.01461910227226,361.83570665947536,186.9460834169396,1152.4,5.07080874696286,192.0467996868346,0.2147773239469936,0.1175718925418572,0.6676507835111491,1059,3.745986779981114,0.101383852665467,0.2110260000699782,0.0542835091330074,,,,3045,0.0,0.9461412151067324,0.0,0.0,1.0,25566.718921427197,0.0,-3.7329081551332746e-15,2.577639594307326e-13,0.0,0.0,0.0,0.0,,,0.0,450.0,56.81493093650487,0.0,0.0
batched_greedy@10s,4,450,3045,2892,0.9497536945812808,0.0502463054187192,0.0003284072249589,0.0499178981937602,0.0,208.994496322607,184.35841479604187,383.4244037265172,198.82283737137575,1156.8,5.023167358229599,203.97132896437745,0.2041302893555819,0.1228500791327031,0.673019631511715,1057,3.695364238410596,0.0990979186670477,0.213051999671734,0.0489003880983182,,,,3045,0.0,0.9497536945812808,0.0,0.0,1.0,25826.61801956463,0.0,2.6654566060087783e-15,2.608348453469623e-13,0.0,0.0,0.0,0.0,,,0.0,450.0,57.3924844879214,0.0,0.0
batched_greedy@10s,5,450,3045,2875,0.9441707717569786,0.0558292282430213,0.0,0.0558292282430213,0.0,202.8996173865776,181.1114547259658,374.61821882731584,191.92459769668653,1150.0,5.102608695652174,197.7970086909254,0.2097132650020166,0.1199471055715874,0.6703396294263959,1057,3.7105014191106895,0.1019359507853694,0.2170159996603616,0.0510835913312693,,,,3045,0.0,0.9441707717569786,0.0,0.0,1.0,25681.138913227704,0.0,6.8187388103030136e-15,2.5963107992024365e-13,0.0,0.0,0.0,0.0,,,0.0,450.0,57.06919758495046,0.0,0.0
batched_greedy@10s,0,500,3045,2934,0.9635467980295568,0.0364532019704433,0.0,0.0364532019704433,0.0,173.70891195861122,151.89559385817984,337.0766219306343,167.59439989706578,1173.6,5.184389911383777,168.52452204722746,0.2899430261529664,0.095383599436546,0.6146733744104875,1055,3.706161137440758,0.103451469180874,0.2238459999898626,0.0530381050463439,,,,3045,0.0,0.9635467980295568,0.0,0.0,1.0,26081.86400730638,0.0,-2.3052074526300117e-15,2.566502641705799e-13,0.0,0.0,0.0,0.0,,,0.0,500.0,52.163728014612765,0.0,0.0
batched_greedy@10s,1,500,3045,2930,0.9622331691297208,0.0377668308702791,0.0,0.0377668308702791,0.0,174.9245143021648,151.86742167273314,331.6449568115148,168.57104331866762,1172.0,5.06962457337884,169.85488972878596,0.2901423808014736,0.0958670529766381,0.6139905662218883,1054,3.704933586337761,0.1043477229637121,0.2152919998570724,0.0535254760679361,,,,3045,0.0,0.9622331691297208,0.0,0.0,1.0,26100.35612461537,0.0,1.2648661033999072e-14,2.592691325188762e-13,0.0,0.0,0.0,0.0,,,0.0,500.0,52.20071224923073,0.0,0.0
batched_greedy@10s,2,500,3045,2948,0.968144499178982,0.031855500821018,0.0,0.031855500821018,0.0,179.08098567464663,157.8670048442309,338.0551652462033,173.56412012113574,1179.2,5.0176390773405695,174.06334659730604,0.2852641810314613,0.0979110063692254,0.6168248125993132,1053,3.659069325735993,0.1065169040826206,0.2118240001436789,0.044427123928293,,,,3045,0.0,0.968144499178982,0.0,0.0,1.0,26220.55792502507,0.0,1.4638222791302625e-14,2.57541764184963e-13,0.0,0.0,0.0,0.0,,,0.0,500.0,52.44111585005014,0.0,0.0
batched_greedy@10s,3,500,3045,2947,0.967816091954023,0.032183908045977,0.0003284072249589,0.031855500821018,0.0,173.79806475314788,151.57637824075437,331.88540282235795,168.43707419846874,1178.8,5.024092297251443,168.77397245589643,0.2881791600459574,0.0965997459031544,0.6152210940508881,1053,3.68945868945869,0.1063241215534286,0.2129920002698782,0.0488877392653905,,,,3045,0.0,0.967816091954023,0.0,0.0,1.0,26145.126620311225,0.0,-1.053487501208615e-15,2.547512402740259e-13,0.0,0.0,0.0,0.0,,,0.0,500.0,52.290253240622455,0.0,0.0
batched_greedy@10s,4,500,3045,2954,0.9701149425287356,0.0298850574712643,0.0,0.0298850574712643,0.0,182.4581042802065,159.40841918153524,343.00681663884103,177.194167502046,1181.6,5.023358158429248,177.43474612177727,0.2795448309660521,0.1005080828197647,0.6199470862141833,1054,3.6793168880455407,0.1062657495207966,0.2228729999205826,0.0515729757607013,,,,3045,0.0,0.9701149425287356,0.0,0.0,1.0,26412.53353965249,0.0,5.42378148712612e-15,2.5937335481081666e-13,0.0,0.0,0.0,0.0,,,0.0,500.0,52.82506707930497,0.0,0.0
batched_greedy@10s,5,500,3045,2940,0.9655172413793104,0.0344827586206896,0.0,0.0344827586206896,0.0,178.08463592049932,155.60383541677083,338.6377604417407,172.13229215312575,1176.0,5.091836734693878,172.99279918580544,0.2870542643073639,0.0983953659908235,0.6145503697018124,1057,3.685903500473037,0.1024158940202786,0.2001759994163878,0.0486290739782721,,,,3045,0.0,0.9655172413793104,0.0,0.0,1.0,26167.518959798435,0.0,1.2078320203411803e-14,2.5427430380452377e-13,0.0,0.0,0.0,0.0,,,0.0,500.0,52.33503791959687,0.0,0.0
optimal@10s,0,300,3045,2169,0.7123152709359606,0.2876847290640394,0.0499178981937602,0.2377668308702791,0.0,385.9102000931354,356.4337768046835,627.819327911968,294.15152219800325,867.6,29.942369755647764,355.9678303374876,0.0160185623415037,0.2186197113473005,0.7653617263111958,1067,13.756326148078726,0.1482123711385136,0.2443500005574604,0.0491228070175438,12.896166105615274,0.0012150246841283,0.1415182755388941,3045,0.0,0.7123152709359606,0.0,0.0,1.0,19465.44256971782,0.0,2.1342489273753124e-15,2.6631921400516824e-13,0.0,0.0,0.0,0.0,,,0.0,300.0,64.88480856572606,0.0,0.0
optimal@10s,1,300,3045,2163,0.7103448275862069,0.2896551724137931,0.0558292282430213,0.2338259441707717,0.0,374.1797509593136,343.50879709755463,626.8523406007165,286.1154089795329,865.2,31.4493758668516,342.73037509246194,0.0223920175757724,0.2120530244929721,0.7655549579312555,1073,14.293569431500464,0.1523455731717976,0.2409280000938451,0.0534412955465587,11.42443760112676,0.0010304647038796,0.1351351351351351,3045,0.0,0.7103448275862069,0.0,0.0,1.0,19497.887102039796,0.0,-1.3773130168091356e-14,2.725479984505781e-13,0.0,0.0,0.0,0.0,,,0.0,300.0,64.99295700679932,0.0,0.0
optimal@10s,2,300,3045,2178,0.7152709359605911,0.2847290640394088,0.0469622331691297,0.2377668308702791,0.0,380.83895580168985,353.1029095104775,629.2931080215587,290.7333237284793,871.2,31.79568411386593,349.04327168782385,0.0236943078393409,0.2151503967306567,0.7611552954300023,1071,14.048552754435107,0.1582212885223848,0.2326799997717897,0.0443963183540877,12.093835184963654,0.0011106455127887,0.1297852474323062,3045,0.0,0.7152709359605911,0.0,0.0,1.0,19354.862071227315,0.0,-1.2910802923648284e-14,2.7194571459530904e-13,0.0,0.0,0.0,0.0,,,0.0,300.0,64.51620690409105,0.0,0.0
optimal@10s,3,300,3045,2192,0.7198686371100165,0.2801313628899836,0.0387520525451559,0.2413793103448276,0.0,378.026623359397,355.01044984355303,619.4905825231633,288.22060623567955,876.8,25.818886861313867,352.2077364980832,0.0225166267096167,0.2225984627854019,0.7548849105049813,1066,12.200750469043152,0.1529396810401249,0.2449050003178854,0.0499332443257676,9.323939824021627,0.001013411536965,0.1266416510318949,3045,0.0,0.7198686371100165,0.0,0.0,1.0,19366.230275780945,0.0,-3.985457543873372e-15,2.7258163285326053e-13,0.0,0.0,0.0,0.0,,,0.0,300.0,64.55410091926981,0.0,0.0
optimal@10s,4,300,3045,2188,0.7185550082101806,0.2814449917898193,0.0482758620689655,0.2331691297208538,0.0,378.5423084648296,354.0042876344487,625.0958359789998,290.362255374084,875.2,32.68692870201097,345.8553797628186,0.022024080795448,0.2135819137845721,0.7643940054199798,1067,14.191190253045924,0.1543132146315977,0.2321000001757056,0.0491095520777118,10.453340195027485,0.0009508925900016,0.1218369259606373,3045,0.0,0.7185550082101806,0.0,0.0,1.0,19515.54343651797,0.0,1.7860991986656994e-16,2.7577371627398405e-13,0.0,0.0,0.0,0.0,,,0.0,300.0,65.05181145505992,0.0,0.0
optimal@10s,5,300,3045,2135,0.7011494252873564,0.2988505747126437,0.0443349753694581,0.2545155993431856,0.0,387.8767116757476,357.90218173911944,640.3911926815505,290.3220987296273,854.0,29.35784543325527,358.5188662424923,0.0204587466607413,0.2166947981785242,0.7628464551607345,1072,13.438432835820896,0.1516729477521718,0.2462450001530669,0.0504427153206332,11.458907567224449,0.0011059560884277,0.1352611940298507,3045,0.0,0.7011494252873564,0.0,0.0,1.0,19481.82198080158,0.0,6.58957665950819e-16,2.706452288406692e-13,0.0,0.0,0.0,0.0,,,0.0,300.0,64.93940660267194,0.0,0.0
optimal@10s,0,350,3045,2518,0.8269293924466338,0.1730706075533661,0.0013136288998357,0.1717569786535303,0.0,300.75416963603533,276.2798221731591,519.1936101994178,250.78230945663083,1007.2,6.71405877680699,294.0401108592283,0.0562443703232208,0.1907571152481236,0.7529985144286555,1056,4.419507575757576,0.1474570075650015,0.1975700003640668,0.0454663548973759,9.425469227629169,0.0050734185518838,0.115530303030303,3045,0.0,0.8269293924466338,0.0,0.0,1.0,22497.01050722133,0.0,-6.835940339074038e-16,2.6470468214320946e-13,0.0,0.0,0.0,0.0,,,0.0,350.0,64.27717287777523,0.0,0.0
optimal@10s,1,350,3045,2510,0.8243021346469622,0.1756978653530377,0.0026272577996715,0.1730706075533661,0.0,302.66026003348605,276.938595968174,526.7389535812302,252.3597134736517,1004.0,7.365338645418326,295.29492138806773,0.0585755338797864,0.1919851162632819,0.7494393498569316,1057,4.813623462630085,0.1447798486305117,0.1932880001186278,0.0516929439131558,9.333318691985378,0.0042326778667603,0.1144749290444654,3045,0.0,0.8243021346469622,0.0,0.0,1.0,22335.126163937297,0.0,8.389216722808992e-15,2.656608885952454e-13,0.0,0.0,0.0,0.0,,,0.0,350.0,63.81464618267799,0.0,0.0
optimal@10s,2,350,3045,2521,0.8279146141215107,0.1720853858784893,0.0019704433497536,0.1701149425287356,0.0,302.756068405836,275.58672972957265,516.0870412321719,253.3362311724489,1008.4,6.956366521221738,295.79970188461425,0.0512702289557315,0.1920688450743641,0.7566609259699043,1062,4.77683615819209,0.1465683615772536,0.2034289996754524,0.052182898475846,10.31340120568978,0.0047264579666646,0.1327683615819209,3045,0.0,0.8279146141215107,0.0,0.0,1.0,22534.26382457708,0.0,-4.7167523534094706e-15,2.6635065082136146e-13,0.0,0.0,0.0,0.0,,,0.0,350.00000000000006,64.38361092736308,0.0,0.0
optimal@10s,3,350,3045,2530,0.8308702791461412,0.1691297208538587,0.0016420361247947,0.167487684729064,0.0,302.70283314681296,273.6813831020809,532.2562215712171,253.9063377487704,1012.0,6.54703557312253,296.1557975736904,0.0520121230275006,0.1944256826262121,0.7535621943462872,1060,4.533018867924528,0.1464180188628782,0.2125049995447625,0.0474708171206225,8.991799579594579,0.0045886117304827,0.1254716981132075,3045,0.0,0.8308702791461412,0.0,0.0,1.0,22466.354655293435,0.0,1.0222828293149268e-15,2.659606395459036e-13,0.0,0.0,0.0,0.0,,,0.0,350.0,64.18958472940982,0.0,0.0
optimal@10s,4,350,3045,2528,0.8302134646962234,0.1697865353037767,0.0108374384236453,0.1589490968801313,0.0,313.61773774943885,290.51136903565725,535.5763221201736,265.1591455051369,1011.2,11.569224683544304,302.0485130658945,0.0466925008347147,0.1929659608877191,0.7603415382775661,1061,6.398680490103676,0.1456625824869195,0.2028000000791509,0.0450733752620545,9.025385136451918,0.0024517516405167,0.1131008482563619,3045,0.0,0.8302134646962234,0.0,0.0,1.0,22669.22742749404,0.0,2.3082801492997716e-16,2.664342024080267e-13,0.0,0.0,0.0,0.0,,,0.0,350.0,64.76922122141153,0.0,0.0
optimal@10s,5,350,3045,2521,0.8279146141215107,0.1720853858784893,0.0009852216748768,0.1711001642036125,0.0,304.5559600018473,273.7175240121833,528.0794451501497,254.1544450801621,1008.4,6.505751685838953,298.0502083160084,0.0494518039043576,0.1961974416691336,0.7543507544265087,1058,4.505671077504726,0.1487213610749378,0.2025170005799738,0.0479771784232365,8.930968382698799,0.0045804600037971,0.1134215500945179,3045,0.0,0.8279146141215107,0.0,0.0,1.0,22560.3699657281,0.0,7.712813155126991e-15,2.660363885641729e-13,0.0,0.0,0.0,0.0,,,0.0,350.0,64.45819990208028,0.0,0.0
optimal@10s,0,400,3045,2803,0.9205254515599344,0.0794745484400656,0.0003284072249589,0.0791461412151067,0.0,233.5608803163769,211.2652525814574,419.3000193384015,215.52397318311637,1121.2,5.170174812700678,228.39070550367623,0.1172349642687379,0.1505863155227474,0.7321787202085147,1054,3.729601518026565,0.1502333017003108,0.202516999834188,0.0535392535392535,3.89841287426315,0.0043110086394283,0.0759013282732447,3045,0.0,0.9205254515599344,0.0,0.0,1.0,24976.02965332034,0.0,1.2772911915130949e-15,2.6290303030078324e-13,0.0,0.0,0.0,0.0,,,0.0,400.0,62.44007413330085,0.0,0.0
optimal@10s,1,400,3045,2765,0.9080459770114944,0.0919540229885057,0.0003284072249589,0.0916256157635468,0.0,242.29574476862112,221.33937753056307,439.4019334048469,220.62912042905077,1106.0,5.205424954792044,237.09031981382907,0.1231095902882879,0.1526646587693882,0.7242257509423238,1058,3.7637051039697536,0.1483816635117929,0.201528999959919,0.0586427656850192,5.092784413754768,0.0052585705691683,0.0860113421550094,3045,0.0,0.9080459770114944,0.0,0.0,1.0,24656.05735906152,0.0,7.699045339375263e-15,2.5766489605000304e-13,0.0,0.0,0.0,0.0,,,0.0,400.0,61.640143397653794,0.0,0.0
optimal@10s,2,400,3045,2786,0.9149425287356322,0.0850574712643678,0.0009852216748768,0.0840722495894909,0.0,239.2325303389122,218.4254794607707,426.6122545979972,219.74730409705717,1114.4,5.273869346733668,233.9586609921785,0.1136660375644714,0.1520536923988472,0.7342802700366813,1057,3.878902554399243,0.1498174077563216,0.1959760001773249,0.0503875968992248,5.775374376955911,0.005396555014615,0.0813623462630085,3045,0.0,0.9149425287356322,0.0,0.0,1.0,24893.86404875185,0.0,4.9775928772390176e-15,2.6118454930142533e-13,0.0,0.0,0.0,0.0,,,0.0,400.0,62.234660121879614,0.0,0.0
optimal@10s,3,400,3045,2811,0.923152709359606,0.076847290640394,0.0,0.076847290640394,0.0,238.6273959227351,219.6932619560648,425.4358663152652,220.8921543313,1124.4,5.1615083600142295,233.46588756272087,0.1159945543668739,0.153475922653318,0.7305295229798081,1056,3.8267045454545454,0.1528393939433196,0.2175800002532924,0.0513415892672858,5.186680125361108,0.0051424337813291,0.0852272727272727,3045,0.0,0.923152709359606,0.0,0.0,1.0,24881.697790299047,0.0,-3.800114497948562e-15,2.6305468732564973e-13,0.0,0.0,0.0,0.0,,,0.0,400.0,62.20424447574762,0.0,0.0
optimal@10s,4,400,3045,2774,0.9110016420361248,0.0889983579638752,0.0003284072249589,0.0886699507389162,0.0,249.57562725673037,228.94551721034557,441.13300915259856,228.20008093301468,1109.6,5.116798846431147,244.4588284102992,0.1157729701668376,0.1555629591436762,0.7286640706894861,1058,3.808128544423441,0.1482111530999035,0.2078299995991984,0.0525773195876288,6.684772024892713,0.0064027718483869,0.0869565217391304,3045,0.0,0.9110016420361248,0.0,0.0,1.0,24844.0401261496,0.0,5.8243884761229185e-15,2.594924995860649e-13,0.0,0.0,0.0,0.0,,,0.0,400.0,62.110100315374005,0.0,0.0
optimal@10s,5,400,3045,2768,0.9090311986863712,0.0909688013136289,0.0,0.0909688013136289,0.0,247.34120630934723,221.776502790018,443.4299558145127,225.44776980764308,1107.2,5.226156069364162,242.11505023998308,0.1116875260327273,0.1567632837190079,0.7315491902482648,1057,3.8770104068117313,0.1519356669757308,0.2073879994713934,0.0486416558861578,6.421711967276702,0.0057594256427679,0.1040681173131504,3045,0.0,0.9090311986863712,0.0,0.0,1.0,24850.14325062065,0.0,6.259925140870572e-15,2.607089239418687e-13,0.0,0.0,0.0,0.0,,,0.0,400.0,62.12535812655164,0.0,0.0
optimal@10s,0,450,3045,2898,0.9517241379310344,0.0482758620689655,0.0,0.0482758620689655,0.0,201.4128491710726,180.24083391071645,374.2466047747843,191.98635037693543,1159.2,5.055210489993098,196.3576386810795,0.2046726470153277,0.1196709326945444,0.6756564202901278,1054,3.688804554079697,0.1563558823442951,0.2122289995259052,0.0508387096774193,3.298987730164788,0.0045010584160819,0.0683111954459203,3045,0.0,0.9517241379310344,0.0,0.0,1.0,25863.04974226097,0.0,6.607091225636749e-15,2.602056289935411e-13,0.0,0.0,0.0,0.0,,,0.0,450.0,57.473443871691046,0.0,0.0
optimal@10s,1,450,3045,2874,0.9438423645320198,0.0561576354679803,0.0,0.0561576354679803,0.0,203.42222661778703,180.0940064411284,378.16063015288006,192.3325055170837,1149.6,5.044189283228949,198.3780373345581,0.2074154059047559,0.1200898095170364,0.6724947845782077,1056,3.680871212121212,0.1514456439456973,0.2113899999130808,0.0518174787316318,3.094773984138626,0.00418074126409,0.0672348484848484,3045,0.0,0.9438423645320198,0.0,0.0,1.0,25707.844705182302,0.0,1.1615544218110267e-14,2.556556991931544e-13,0.0,0.0,0.0,0.0,,,0.0,450.0,57.12854378929401,0.0,0.0
optimal@10s,2,450,3045,2894,0.9504105090311988,0.0495894909688013,0.0,0.0495894909688013,0.0,200.337883754888,181.52497138280887,367.7805752194939,190.76480643239603,1157.6,5.180718728403594,195.1571650264844,0.2055694085653236,0.1188955416582848,0.6755350497763916,1057,3.724692526017029,0.1557216650723681,0.2111359996706597,0.0508387096774193,2.3511815467118446,0.0030573432642366,0.0577105014191106,3045,0.0,0.9504105090311988,0.0,0.0,1.0,25743.81001825509,0.0,1.0221724411379532e-14,2.582346530421836e-13,0.0,0.0,0.0,0.0,,,0.0,450.0,57.208466707233534,0.0,0.0
optimal@10s,3,450,3045,2898,0.9517241379310344,0.0482758620689655,0.0,0.0482758620689655,0.0,199.52899274027732,180.1477030568228,366.4022293040445,190.28145187564,1159.2,5.073153899240856,194.4558388410365,0.2116893870850613,0.1191846273602198,0.6691259855547189,1055,3.75260663507109,0.1532657819845803,0.2054460000363178,0.0537828100874935,2.95067915347196,0.0037861340752865,0.0672985781990521,3045,0.0,0.9517241379310344,0.0,0.0,1.0,25667.329402607847,0.0,4.0675997192063705e-15,2.586867151743438e-13,0.0,0.0,0.0,0.0,,,0.0,450.0,57.038509783573,0.0,0.0
optimal@10s,4,450,3045,2897,0.9513957307060756,0.0486042692939244,0.0,0.0486042692939244,0.0,212.07524767735796,191.20732870983372,387.69984197373407,202.02758375083943,1158.8,5.0887124611667245,206.9865352161912,0.198679898371355,0.12525359266638,0.676066508962265,1052,3.715779467680608,0.1536335551441229,0.2114859997527673,0.0528078310149407,3.3660258286346227,0.0043051323198837,0.0579847908745247,3045,0.0,0.9513957307060756,0.0,0.0,1.0,25918.862438095814,0.0,6.5342584256364404e-15,2.624927468268115e-13,0.0,0.0,0.0,0.0,,,0.0,450.0,57.59747208465737,0.0,0.0
optimal@10s,5,450,3045,2895,0.9507389162561576,0.0492610837438423,0.0,0.0492610837438423,0.0,202.6480997242392,183.3863618571886,371.3606012954336,192.95903077230625,1158.0,5.18825561312608,197.45984411111317,0.2023982370553211,0.1217699403164207,0.6758318226282582,1056,3.7291666666666665,0.1564219696731608,0.2125849998719787,0.0544987146529563,4.533954277751355,0.0058895895982971,0.0767045454545454,3045,0.0,0.9507389162561576,0.0,0.0,1.0,25866.44895673849,0.0,1.4923851830014815e-14,2.6100603160254353e-13,0.0,0.0,0.0,0.0,,,0.0,450.0,57.4809976816411,0.0,0.0
optimal@10s,0,500,3045,2935,0.9638752052545156,0.0361247947454844,0.0,0.0361247947454844,0.0,172.5930159653878,150.47575407876866,331.33474539299965,166.56436842640824,1174.0,5.197955706984668,167.3950602584031,0.2909235526789362,0.0954148551366925,0.6136615921843712,1055,3.709952606635071,0.1593547867423048,0.2170600001227285,0.0527942312644862,1.5010332920363627,0.0023490522279284,0.0492890995260663,3045,0.0,0.9638752052545156,0.0,0.0,1.0,26059.27518100277,0.0,1.3623930679424015e-14,2.601858913820583e-13,0.0,0.0,0.0,0.0,,,0.0,500.0,52.118550362005536,0.0,0.0
optimal@10s,1,500,3045,2940,0.9655172413793104,0.0344827586206896,0.0,0.0344827586206896,0.0,177.27922480521403,156.03175270628276,332.396203408362,171.39898881028878,1176.0,5.049319727891157,172.22990507732288,0.2864679477318143,0.0972273769772331,0.6163046752909526,1053,3.701804368471035,0.1595488129177735,0.2148960001795785,0.0542555926973515,2.332108791296116,0.0036823817912607,0.0588793922127255,3045,0.0,0.9655172413793104,0.0,0.0,1.0,26209.426500087724,0.0,3.5438016844531697e-15,2.5178755528011506e-13,0.0,0.0,0.0,0.0,,,0.0,500.0,52.418853000175446,0.0,0.0
optimal@10s,2,500,3045,2933,0.9632183908045976,0.0367816091954023,0.0,0.0367816091954023,0.0,179.80190421916643,161.8527201788056,337.69121088633807,173.4026223562611,1173.2,5.005796113194681,174.79610810597174,0.2856070883302309,0.0982124806564506,0.6161804310133184,1053,3.657169990503324,0.1551997151137236,0.210195999861753,0.0439303353262282,1.8634012676299527,0.002956212137196,0.0522317188983855,3045,0.0,0.9632183908045976,0.0,0.0,1.0,26157.398396362067,0.0,1.1285740686871502e-14,2.523021758179079e-13,0.0,0.0,0.0,0.0,,,0.0,500.0,52.31479679272414,0.0,0.0
optimal@10s,3,500,3045,2945,0.9671592775041052,0.0328407224958949,0.0003284072249589,0.0325123152709359,0.0,176.10426997158547,154.51474903509825,333.72639020801176,170.66964504864688,1178.0,5.080475382003396,171.02379458958208,0.2875694397004406,0.0973146303308892,0.6151159299686701,1054,3.730550284629981,0.1567661290185637,0.2109469996594271,0.0530517640999227,1.7752856761451434,0.0026898873486232,0.0474383301707779,3045,0.0,0.9671592775041052,0.0,0.0,1.0,26147.699711813453,0.0,2.463828047449974e-15,2.5164748609762736e-13,0.0,0.0,0.0,0.0,,,0.0,500.0,52.2953994236269,0.0,0.0
optimal@10s,4,500,3045,2951,0.9691297208538588,0.0308702791461412,0.0,0.0308702791461412,0.0,183.8437980548177,158.8430330608153,350.2132719712208,178.35305355000563,1180.4,5.012538122670281,178.83125993214745,0.2814229294025511,0.1004198994368379,0.6181571711606109,1055,3.672037914691943,0.1560476777421435,0.213996000456973,0.050593701600413,2.253424956810508,0.0035188898393272,0.0549763033175355,3045,0.0,0.9691297208538588,0.0,0.0,1.0,26390.4718850598,0.0,1.6363430810659574e-14,2.577529289067536e-13,0.0,0.0,0.0,0.0,,,0.0,500.0,52.78094377011959,0.0,0.0
optimal@10s,5,500,3045,2936,0.9642036124794744,0.0357963875205254,0.0,0.0357963875205254,0.0,177.3592845698861,155.57306283991738,335.61709708460285,171.1996254506357,1174.4,5.111716621253406,172.2475679486327,0.2870836307623114,0.0979775734005973,0.6149387958370911,1058,3.6871455576559535,0.1555318525726713,0.2110299998003029,0.0471502590673575,1.592009830511368,0.0024168972194577,0.0482041587901701,3045,0.0,0.9642036124794744,0.0,0.0,1.0,26167.78789902464,0.0,4.501394715646411e-15,2.554480998512193e-13,0.0,0.0,0.0,0.0,,,0.0,500.0,52.33557579804928,0.0,0.0
batched_greedy@10s+aware,0,300,3045,2346,0.7704433497536946,0.2295566502463054,0.1513957307060755,0.0781609195402298,0.0,364.9052457396012,352.9833010264167,555.168897499193,324.781892481538,938.4,67.5541346973572,297.351111042244,0.0155297096600972,0.176575338902785,0.8078949514371178,1112,28.9613309352518,0.0595577338091264,0.1384670004517829,0.0502527505203687,,,,3045,0.0,0.7704433497536946,0.0,0.0,1.0,20705.37656578259,0.0,6.58751257578098e-16,2.717220215999553e-13,0.0,0.0,0.0,0.0,,,0.0,300.0,69.01792188594196,0.0,0.0
batched_greedy@10s+aware,1,300,3045,2323,0.7628899835796388,0.2371100164203612,0.160919540229885,0.0761904761904762,0.0,367.2216349800619,352.9782720026433,550.8198794042739,325.94984924638703,929.2,75.69952647438657,291.5221085056753,0.0227156796346215,0.1700067564903171,0.8072775638750613,1116,30.88799283154122,0.0599956989181563,0.1384100000905161,0.0536352800953516,,,,3045,0.0,0.7628899835796388,0.0,0.0,1.0,20633.974573965927,0.0,-2.7773258892387903e-15,2.753559565274709e-13,0.0,0.0,0.0,0.0,,,0.0,300.0,68.77991524655309,0.0,0.0
batched_greedy@10s+aware,2,300,3045,2297,0.7543513957307061,0.2456486042692939,0.1688013136288998,0.076847290640394,0.0,366.4406897752425,352.8420525424335,556.8468874296948,325.50001911935846,918.8,70.34349151066608,296.0971982645763,0.0252918601951544,0.1720700322560381,0.8026381075488074,1119,30.750670241286866,0.0586796246633825,0.1371739997375697,0.0507859733978234,,,,3045,0.0,0.7543513957307061,0.0,0.0,1.0,20501.956644550977,0.0,4.635386545653071e-15,2.7134102056611494e-13,0.0,0.0,0.0,0.0,,,0.0,300.0,68.3398554818366,0.0,0.0
batched_greedy@10s+aware,3,300,3045,2329,0.7648604269293925,0.2351395730706075,0.1596059113300492,0.0755336617405583,0.0,370.94274128757104,356.0121113932332,555.1246028080296,329.816293030871,931.6,75.118935165307,295.82380612226405,0.0215088159735182,0.1718557024222743,0.8066354816042073,1119,31.33333333333333,0.0609546023188939,0.1363460000538907,0.0515433023673958,,,,3045,0.0,0.7648604269293925,0.0,0.0,1.0,20753.33143466361,0.0,7.000173066558823e-15,2.694891206806744e-13,0.0,0.0,0.0,0.0,,,0.0,300.0,69.1777714488787,0.0,0.0
batched_greedy@10s+aware,4,300,3045,2317,0.7609195402298851,0.2390804597701149,0.1559934318555008,0.0830870279146141,0.0,363.6576496271626,347.7769514507945,554.152279014319,321.5624390771219,926.8,69.59387138541217,294.06377824175047,0.0199996204146485,0.1730478644766008,0.8069525151087505,1106,30.01084990958409,0.0598431283989875,0.1346099998045248,0.049626307922272,,,,3045,0.0,0.7609195402298851,0.0,0.0,1.0,20653.046958612355,0.0,-5.156571472510179e-15,2.767912020526673e-13,0.0,0.0,0.0,0.0,,,0.0,300.0,68.84348986204118,0.0,0.0
batched_greedy@10s+aware,5,300,3045,2320,0.7619047619047619,0.238095238095238,0.1589490968801313,0.0791461412151067,0.0,370.3075344948726,352.6096419583255,557.3791779488719,328.4014422594455,928.0,75.96336206896552,294.34417242590706,0.0191217650830494,0.1715876715125893,0.8092905634043612,1105,32.187330316742084,0.0610389140195477,0.1394879999497789,0.044987922705314,,,,3045,0.0,0.7619047619047619,0.0,0.0,1.0,20704.002888081304,0.0,5.088649808040545e-15,2.7671811202598575e-13,0.0,0.0,0.0,0.0,,,0.0,300.0,69.01334296027102,0.0,0.0
batched_greedy@10s+aware,0,350,3045,2613,0.858128078817734,0.141871921182266,0.0561576354679803,0.0857142857142857,0.0,318.29441254600954,307.1457763352164,506.36447100339103,290.1796296841301,1045.2,33.48450057405281,284.80991197195675,0.0457685408543008,0.1762883883880343,0.7779430707576649,1085,15.39815668202765,0.0621442396386807,0.1511000001119106,0.0453056768558952,,,,3045,0.0,0.858128078817734,0.0,0.0,1.0,23369.74151583734,0.0,-1.0156437497374566e-15,2.613114045425583e-13,0.0,0.0,0.0,0.0,,,0.0,350.0,66.77069004524955,0.0,0.0
batched_greedy@10s+aware,1,350,3045,2600,0.8538587848932676,0.1461412151067323,0.0581280788177339,0.0880131362889983,0.0,312.7647864882866,302.4060283432709,500.03009466320816,284.82184921162195,1040.0,33.332692307692305,279.4320941805943,0.0496787821726551,0.172052963509448,0.7782682543178968,1113,14.939802336028752,0.0600087151909932,0.1457160001882581,0.0543390105433901,,,,3045,0.0,0.8538587848932676,0.0,0.0,1.0,23217.28985326486,0.0,-5.950112197821839e-15,2.646204622946103e-13,0.0,0.0,0.0,0.0,,,0.0,350.0,66.33511386647103,0.0,0.0
batched_greedy@10s+aware,2,350,3045,2596,0.8525451559934318,0.1474548440065681,0.0509031198686371,0.096551724137931,0.0,318.33519128128944,310.0390230569003,507.4835679238404,287.2737377841367,1038.4,32.10477657935285,286.2304147019366,0.0465048288464007,0.1773408099464809,0.7761543612071183,1081,14.653098982423682,0.0613074930685001,0.1463200002035595,0.0489586150933189,,,,3045,0.0,0.8525451559934318,0.0,0.0,1.0,23209.002422428883,0.0,1.1520317314384676e-14,2.645170506190119e-13,0.0,0.0,0.0,0.0,,,0.0,350.0,66.31143549265394,0.0,0.0
batched_greedy@10s+aware,3,350,3045,2610,0.8571428571428571,0.1428571428571428,0.0551724137931034,0.0876847290640394,0.0,320.2071707621458,308.4529960627001,510.50023319387583,291.5233747170686,1044.0,35.2095785440613,284.99759221808443,0.0456340675564884,0.1765859139048832,0.7777800185386283,1085,15.85069124423963,0.0609161290379355,0.152472000263515,0.0484221980413492,,,,3045,0.0,0.8571428571428571,0.0,0.0,1.0,23256.04278574181,0.0,-2.096237189790334e-15,2.6914868801119663e-13,0.0,0.0,0.0,0.0,,,0.0,350.0,66.4458365306909,0.0,0.0
batched_greedy@10s+aware,4,350,3045,2584,0.8486042692939245,0.1513957307060755,0.0600985221674876,0.0912972085385878,0.0,326.502380599514,313.6490742288201,516.3339855094664,295.1640003931669,1033.6,36.51818885448916,289.9841917450248,0.0470160010739571,0.1753306709567,0.7776533279693428,1091,16.21448212648946,0.0607529788813809,0.1434500000868862,0.0506673930809043,,,,3045,0.0,0.8486042692939245,0.0,0.0,1.0,23211.13136628393,0.0,5.0802155739813656e-15,2.68324750103864e-13,0.0,0.0,0.0,0.0,,,0.0,350.0,66.31751818938267,0.0,0.0
batched_greedy@10s+aware,5,350,3045,2610,0.8571428571428571,0.1428571428571428,0.0558292282430213,0.0870279146141215,0.0,321.7063947626698,314.0682820599677,512.4252852849501,292.56891828665977,1044.0,39.80383141762452,281.9025633450453,0.0448339626208949,0.1746545441433488,0.7805114932357563,1086,17.34806629834254,0.064042357275389,0.1514350005891175,0.0596008629989212,,,,3045,0.0,0.8571428571428571,0.0,0.0,1.0,23349.641527307416,0.0,4.5062293615590266e-15,2.6777456369749963e-13,0.0,0.0,0.0,0.0,,,0.0,350.0,66.71326150659262,0.0,0.0
batched_greedy@10s+aware,0,400,3045,2815,0.9244663382594416,0.0755336617405583,0.0114942528735632,0.064039408866995,0.0,242.54503010265697,226.2498612764593,436.9575030440406,228.5174346219388,1126.0,11.651509769094138,230.89352033356283,0.1174292155311873,0.1468314244516512,0.7357393600171614,1068,6.790262172284645,0.0735225655342233,0.1603980002164461,0.0528645833333333,,,,3045,0.0,0.9244663382594416,0.0,0.0,1.0,25073.5469566523,0.0,-8.818680934500357e-16,2.6043631431426456e-13,0.0,0.0,0.0,0.0,,,0.0,400.0,62.68386739163075,0.0,0.0
batched_greedy@10s+aware,1,400,3045,2799,0.9192118226600984,0.0807881773399014,0.0141215106732348,0.0666666666666666,0.0,251.1158205142285,236.18098797366477,439.868159279335,235.2728357219896,1119.6,11.854233654876742,239.26158685935175,0.1139977978215542,0.1508325332427711,0.7351696689356746,1066,6.690431519699812,0.0685125703499514,0.1475700003993551,0.0526590198123044,,,,3045,0.0,0.9192118226600984,0.0,0.0,1.0,24925.667010874426,0.0,-2.960277412426748e-15,2.629880752056628e-13,0.0,0.0,0.0,0.0,,,0.0,400.0,62.31416752718606,0.0,0.0
batched_greedy@10s+aware,2,400,3045,2801,0.9198686371100164,0.0801313628899835,0.0111658456486042,0.0689655172413793,0.0,252.43216749135308,234.4729562540042,447.9298141859217,236.74684745715925,1120.4,11.566583363084613,240.86558412826847,0.1095023373509778,0.1519231764787053,0.7385744861703168,1067,6.751640112464854,0.0706777881905108,0.161541999750625,0.0565059616381544,,,,3045,0.0,0.9198686371100164,0.0,0.0,1.0,25012.96407867962,0.0,7.943822124358278e-15,2.668315011604062e-13,0.0,0.0,0.0,0.0,,,0.0,400.0,62.53241019669905,0.0,0.0
batched_greedy@10s+aware,3,400,3045,2830,0.929392446633826,0.070607553366174,0.0095238095238095,0.0610837438423645,0.0,247.68466849197205,227.43496597719013,450.0816705841417,233.874465658328,1132.0,11.465371024734983,236.21929746723703,0.1102115791204231,0.1518973380887266,0.7378910827908504,1068,6.630149812734082,0.072079026205436,0.1668360003441187,0.0500782472613458,,,,3045,0.0,0.929392446633826,0.0,0.0,1.0,25137.169977045323,0.0,9.196883537417832e-15,2.685399605864215e-13,0.0,0.0,0.0,0.0,,,0.0,400.0,62.84292494261331,0.0,0.0
batched_greedy@10s+aware,4,400,3045,2809,0.922495894909688,0.0775041050903119,0.0141215106732348,0.0633825944170771,0.0,261.4239316413308,243.51066811853931,459.0345507451949,245.86726935139524,1123.6,15.512993948024208,245.9109376933066,0.112857965678841,0.1521524872108895,0.7349895471102694,1068,7.939138576779026,0.0699016853876232,0.1653950003947101,0.0539624608967674,,,,3045,0.0,0.922495894909688,0.0,0.0,1.0,25046.136067760817,0.0,-3.364896668725074e-15,2.650945402041383e-13,0.0,0.0,0.0,0.0,,,0.0,400.0,62.615340169402046,0.0,0.0
batched_greedy@10s+aware,5,400,3045,2783,0.9139573070607552,0.0860426929392446,0.0167487684729064,0.0692939244663382,0.0,250.17606623899772,234.14247175453875,443.95836758739154,233.72515178997836,1113.2,12.33309378368667,237.8429724553111,0.112586753015738,0.14933531861422,0.7380779283700419,1066,7.351782363977485,0.0704267354578531,0.1629700001103627,0.053636839351125,,,,3045,0.0,0.9139573070607552,0.0,0.0,1.0,24999.075657841626,0.0,-6.873090350938519e-15,2.6336420966760243e-13,0.0,0.0,0.0,0.0,,,0.0,400.0,62.49768914460406,0.0,0.0
batched_greedy@10s+aware,0,450,3045,2915,0.9573070607553368,0.0426929392446633,0.0036124794745484,0.0390804597701149,0.0,206.88717288380045,184.74739268456915,393.5314929073132,199.70762699436995,1166.0,7.429159519725557,199.4580133640749,0.1970557118479395,0.1215129942178332,0.6814312939342272,1059,4.828139754485363,0.0818932011265222,0.1809120000325495,0.0472972972972973,,,,3045,0.0,0.9573070607553368,0.0,0.0,1.0,26057.363350772903,0.0,-4.244365484193052e-16,2.639955721152791e-13,0.0,0.0,0.0,0.0,,,0.0,450.0,57.90525189060645,0.0,0.0
batched_greedy@10s+aware,1,450,3045,2893,0.9500821018062398,0.0499178981937602,0.0045977011494252,0.0453201970443349,0.0,206.64184696476087,184.28897409524689,382.4219357834571,198.21760542967368,1157.2,7.102661596958175,199.53918536780267,0.20490183496394,0.1195649523493857,0.6755332126866742,1061,4.74363807728558,0.0816167766233269,0.1781400000254518,0.0542215336948102,,,,3045,0.0,0.9500821018062398,0.0,0.0,1.0,25800.247548753006,0.0,1.0867828509839177e-14,2.631405866335136e-13,0.0,0.0,0.0,0.0,,,0.0,450.0,57.33388344167334,0.0,0.0
batched_greedy@10s+aware,2,450,3045,2899,0.9520525451559936,0.0479474548440065,0.0042692939244663,0.0436781609195402,0.0,206.2213521428575,184.4029618214481,388.2158010958773,198.2248127739264,1159.6,7.584339427388754,198.6370127154688,0.2041990103985989,0.1185630390109876,0.6772379505904135,1063,4.985888993414863,0.0813074317982097,0.1771480002753372,0.0498183705241307,,,,3045,0.0,0.9520525451559936,0.0,0.0,1.0,25853.803896793917,0.0,9.829705559730536e-15,2.577813015747386e-13,0.0,0.0,0.0,0.0,,,0.0,450.0,57.452897548430926,0.0,0.0
batched_greedy@10s+aware,3,450,3045,2885,0.947454844006568,0.0525451559934318,0.0042692939244663,0.0482758620689655,0.0,203.84813481198336,183.6220097693731,381.67444032996207,195.1866507758056,1154.0,7.454072790294627,196.3940620216887,0.2116102179049847,0.1183885585949139,0.6700012235001014,1063,5.059266227657573,0.0823773283035745,0.1851299999361795,0.0525498317369919,,,,3045,0.0,0.947454844006568,0.0,0.0,1.0,25618.845769388063,0.0,3.642762963986735e-15,2.577849353198448e-13,0.0,0.0,0.0,0.0,,,0.0,450.0,56.93076837641792,0.0,0.0
batched_greedy@10s+aware,4,450,3045,2908,0.955008210180624,0.044991789819376,0.0045977011494252,0.0403940886699507,0.0,217.42643261406212,194.95674189555984,398.9800929765209,209.4799715931352,1163.2,8.723521320495186,208.70291129356696,0.1973983466623465,0.1246841505287414,0.677917502808912,1062,5.261770244821093,0.0794602636313822,0.1702499999919387,0.0520320994046078,,,,3045,0.0,0.955008210180624,0.0,0.0,1.0,25965.652862121944,0.0,1.9596123592833576e-15,2.5964863760504485e-13,0.0,0.0,0.0,0.0,,,0.0,450.0,57.70145080471544,0.0,0.0
batched_greedy@10s+aware,5,450,3045,2877,0.9448275862068966,0.0551724137931034,0.00623973727422,0.0489326765188834,0.0,211.07369737686733,191.7055545529238,398.8237002109072,201.59351545995744,1150.8,7.733402850191172,203.34029452667616,0.2060317402021632,0.1216597106228162,0.6723085491750205,1062,5.231638418079096,0.0826542373033589,0.1792949999344273,0.0528908478091781,,,,3045,0.0,0.9448275862068966,0.0,0.0,1.0,25712.89100865888,0.0,5.126243538102392e-15,2.565594591137326e-13,0.0,0.0,0.0,0.0,,,0.0,450.0,57.13975779701974,0.0,0.0
batched_greedy@10s+aware,0,500,3045,2954,0.9701149425287356,0.0298850574712643,0.0016420361247947,0.0282430213464696,0.0,177.9614640891756,156.49140027871044,339.17492650908684,173.4525558038168,1181.6,6.4184157075152335,171.54304838166036,0.2813002241030979,0.0972331243303914,0.6214666515665107,1059,4.3201133144475925,0.090182058543079,0.1867460002540611,0.0482115085536547,,,,3045,0.0,0.9701149425287356,0.0,0.0,1.0,26363.023268181358,0.0,4.167282632716228e-16,2.5627254775517443e-13,0.0,0.0,0.0,0.0,,,0.0,500.0,52.72604653636271,0.0,0.0
batched_greedy@10s+aware,1,500,3045,2932,0.9628899835796388,0.0371100164203612,0.0032840722495894,0.0338259441707717,0.0,177.29421169098595,154.65340179007126,338.6692637940644,171.94783276718297,1172.8,5.680763983628922,171.61344770735704,0.289317347318727,0.0959519564751345,0.6147306962061384,1057,4.212866603595081,0.0910240302543683,0.1959000001079403,0.0578108941418294,,,,3045,0.0,0.9628899835796388,0.0,0.0,1.0,26118.210851289517,0.0,1.294053540994536e-14,2.51662113916065e-13,0.0,0.0,0.0,0.0,,,0.0,500.0,52.23642170257902,0.0,0.0
batched_greedy@10s+aware,2,500,3045,2949,0.9684729064039408,0.0315270935960591,0.0019704433497536,0.0295566502463054,0.0,182.16276067992465,160.53735600465552,348.34436518723635,177.3494060530159,1179.6,5.870803662258393,176.29195701766622,0.2824624195040964,0.0983638016520655,0.6191737788438381,1058,4.207939508506616,0.0910585066224661,0.1948219997666459,0.0455018200728029,,,,3045,0.0,0.9684729064039408,0.0,0.0,1.0,26320.013676380582,0.0,7.921623870787621e-15,2.553737335384105e-13,0.0,0.0,0.0,0.0,,,0.0,500.0,52.640027352761166,0.0,0.0
batched_greedy@10s+aware,3,500,3045,2953,0.9697865353037768,0.0302134646962233,0.0019704433497536,0.0282430213464696,0.0,180.05519257835363,156.21758055385635,343.214958262387,175.49540839404594,1181.2,6.254994920419912,173.80019765793375,0.2820055802737388,0.0988878561319254,0.6191065635943358,1058,4.29773156899811,0.091353402633915,0.1950099997520742,0.0528895768833849,,,,3045,0.0,0.9697865353037768,0.0,0.0,1.0,26287.75566341012,0.0,-7.421538268235892e-16,2.54954277203236e-13,0.0,0.0,0.0,0.0,,,0.0,500.0,52.57551132682024,0.0,0.0
batched_greedy@10s+aware,4,500,3045,2944,0.9668308702791462,0.0331691297208538,0.0032840722495894,0.0298850574712643,0.0,186.89557725189596,162.58453524170068,362.5749272420963,181.80928721045865,1177.6,6.323709239130435,180.5718680127655,0.2817293319611376,0.1004740770010015,0.6177965910378609,1061,4.3779453345900095,0.0895903864245561,0.1889000002847752,0.0465418616744669,,,,3045,0.0,0.9668308702791462,0.0,0.0,1.0,26286.273639337986,0.0,1.2252125642544711e-14,2.536698206562457e-13,0.0,0.0,0.0,0.0,,,0.0,500.0,52.57254727867597,0.0,0.0
batched_greedy@10s+aware,5,500,3045,2933,0.9632183908045976,0.0367816091954023,0.0049261083743842,0.031855500821018,0.0,179.0844281539718,156.4556169718835,342.5150299734938,174.07197886141566,1173.2,6.4473235594953975,172.63710459447637,0.286438627204706,0.0970962339407176,0.6164651388545764,1057,4.613055818353832,0.0927077577972025,0.1983720001589974,0.0491164241164241,,,,3045,0.0,0.9632183908045976,0.0,0.0,1.0,26140.424086668907,0.0,3.464895151111092e-15,2.570799579579756e-13,0.0,0.0,0.0,0.0,,,0.0,500.0,52.280848173337816,0.0,0.0
optimal@10s+aware,0,300,3045,2329,0.7648604269293925,0.2351395730706075,0.1477832512315271,0.0873563218390804,0.0,368.5712465417849,356.8488433142056,548.6697764651257,325.39682856676046,931.6,67.03864319450408,301.5326033472808,0.0154161724343604,0.1785169733369748,0.8060668542286646,1113,28.652291105121293,0.1505087151834923,0.2193759999136091,0.0478170478170478,7.605064979451082,0.0003141497741528,0.0673854447439353,3045,0.0,0.7648604269293925,0.0,0.0,1.0,20757.22355451329,0.0,3.885256221513472e-15,2.724087831887139e-13,0.0,0.0,0.0,0.0,,,0.0,300.0,69.19074518171097,0.0,0.0
optimal@10s+aware,1,300,3045,2308,0.7579638752052545,0.2420361247947454,0.1576354679802955,0.0844006568144499,0.0,360.7819240698425,344.78450401956934,545.1007868796153,319.7500327385826,923.2,68.84792027729637,291.9340037925461,0.0265098569950436,0.1703170964427488,0.8031730465622076,1124,29.262455516014235,0.1526473309676155,0.230563999584774,0.0478325859491778,7.389418051113066,0.0002985272683409,0.0596085409252669,3045,0.0,0.7579638752052545,0.0,0.0,1.0,20525.87334426768,0.0,-6.620546591213585e-15,2.7501051695876033e-13,0.0,0.0,0.0,0.0,,,0.0,300.0,68.41957781422562,0.0,0.0
optimal@10s+aware,2,300,3045,2326,0.7638752052545156,0.2361247947454844,0.1490968801313628,0.0870279146141215,0.0,360.82310190720784,346.8772615844923,550.5718144418852,317.7610132549263,930.4,67.43465176268272,293.3884501445252,0.0207680653846194,0.1749684404951463,0.8042634941202341,1119,28.45844504021448,0.1467991063263923,0.2158419997795133,0.04958432304038,10.19285742442567,0.0004243070716998,0.0705987488829311,3045,0.0,0.7638752052545156,0.0,0.0,1.0,20658.34871407631,0.0,-1.9420788661198782e-14,2.7538724143338414e-13,0.0,0.0,0.0,0.0,,,0.0,300.0,68.86116238025436,0.0,0.0
optimal@10s+aware,3,300,3045,2304,0.7566502463054188,0.2433497536945812,0.1651888341543514,0.0781609195402298,0.0,369.0652086850173,356.6799630420496,558.1715501258408,326.53090168219035,921.6,71.07118055555556,297.9940281294617,0.024121628956354,0.1734040993752396,0.8024742716684063,1115,30.712107623318385,0.152419999996114,0.2317200002289608,0.0489425981873111,7.025423205450246,0.0002693833407044,0.0627802690582959,3045,0.0,0.7566502463054188,0.0,0.0,1.0,20616.578446277337,0.0,-2.664535259100376e-15,2.717332531826995e-13,0.0,0.0,0.0,0.0,,,0.0,300.0,68.7219281542578,0.0,0.0
optimal@10s+aware,4,300,3045,2304,0.7566502463054188,0.2433497536945812,0.1658456486042692,0.0775041050903119,0.0,372.2363011456383,356.62817005222587,557.4318632369577,328.3183662693281,921.6,77.46571180555556,294.7705893400827,0.018058424853582,0.1706330198410062,0.8113085553054118,1106,31.85985533453888,0.1492394213424701,0.2279449999150529,0.0497437443473017,6.308085201037154,0.0002328945610674,0.0569620253164556,3045,0.0,0.7566502463054188,0.0,0.0,1.0,20687.549618257624,0.0,-1.3384355352425498e-15,2.7041023741168776e-13,0.0,0.0,0.0,0.0,,,0.0,300.0,68.95849872752541,0.0,0.0
optimal@10s+aware,5,300,3045,2309,0.7582922824302135,0.2417077175697865,0.1619047619047619,0.0798029556650246,0.0,371.0682465376135,355.1142585204034,553.4784150614116,327.68143947574026,923.6,73.99783456041577,297.0704119771977,0.0179804100373771,0.1721453259029813,0.8098742640596415,1102,31.726860254083483,0.1518154265138652,0.227996999883544,0.0479782739891369,6.584547227260502,0.0002442749970408,0.0662431941923775,3045,0.0,0.7582922824302135,0.0,0.0,1.0,20708.41147620089,0.0,3.035731523721693e-15,2.683306634969309e-13,0.0,0.0,0.0,0.0,,,0.0,300.0,69.02803825400296,0.0,0.0
optimal@10s+aware,0,350,3045,2609,0.8568144499178982,0.1431855500821018,0.0535303776683087,0.0896551724137931,0.0,322.61115277008975,315.37978932661645,511.2794068944037,292.9089135528026,1043.6,34.70180145649674,287.909351313593,0.0431352446346635,0.1783023120299555,0.7785624433353809,1080,15.59722222222222,0.1465598147795525,0.2047519999268843,0.0439050995364057,12.563103028967204,0.0010307726129945,0.0861111111111111,3045,0.0,0.8568144499178982,0.0,0.0,1.0,23282.22702544066,0.0,3.690246864526392e-16,2.68568268854912e-13,0.0,0.0,0.0,0.0,,,0.0,350.0,66.52064864411618,0.0,0.0
optimal@10s+aware,1,350,3045,2607,0.8561576354679803,0.1438423645320197,0.0525451559934318,0.0912972085385878,0.0,320.46858462384887,310.6372820778315,512.4027087445508,291.18577286212746,1042.8,32.35980053701573,288.1087840868332,0.046730763490022,0.1793362901788284,0.7739329463311496,1108,14.554151624548735,0.1474917869924311,0.2153790003103495,0.0476835545922514,12.453843737684688,0.0011030246362361,0.0965703971119133,3045,0.0,0.8561576354679803,0.0,0.0,1.0,23097.757781597236,0.0,-9.9038537248495e-16,2.683821711090872e-13,0.0,0.0,0.0,0.0,,,0.0,350.0,65.99359366170638,0.0,0.0
optimal@10s+aware,2,350,3045,2578,0.8466338259441708,0.1533661740558292,0.051559934318555,0.1018062397372742,0.0,322.3975667892098,312.55916478526774,512.2619077179353,289.4548641839877,1031.2,34.259503491078355,288.13806329813144,0.0466898655137894,0.1767990603355456,0.776511074150665,1081,15.277520814061054,0.1518242368212506,0.2156999997168897,0.041200545702592,11.125753171290937,0.0009337410652877,0.0878815911193339,3045,0.0,0.8466338259441708,0.0,0.0,1.0,23133.241092170123,0.0,3.2708944595162872e-15,2.704451609645937e-13,0.0,0.0,0.0,0.0,,,0.0,350.0,66.0949745490575,0.0,0.0
optimal@10s+aware,3,350,3045,2599,0.8535303776683087,0.1464696223316913,0.0505747126436781,0.0958949096880131,0.0,320.98625285447804,310.82069019855044,503.5166041560768,289.06042209133795,1039.6,31.39669103501347,289.58956181946456,0.0439205795089535,0.1800261688450571,0.7760532516459893,1076,14.468401486988848,0.1518223977771643,0.2127500001734006,0.052858683926645,11.902005329488826,0.0010671189804307,0.0938661710037174,3045,0.0,0.8535303776683087,0.0,0.0,1.0,23184.584666475854,0.0,2.3327071538565044e-15,2.672989870144385e-13,0.0,0.0,0.0,0.0,,,0.0,350.0,66.2416704756453,0.0,0.0
optimal@10s+aware,4,350,3045,2610,0.8571428571428571,0.1428571428571428,0.057799671592775,0.0850574712643678,0.0,325.2847784757448,314.6473639764117,512.1280924428481,296.22018921393766,1044.0,35.7183908045977,289.566387671147,0.0452042616305241,0.1775680486225961,0.7772276897468796,1105,15.729411764705882,0.1442670588234686,0.2137800000127754,0.0577441985968699,9.497695146976804,0.0007703179678972,0.0886877828054298,3045,0.0,0.8571428571428571,0.0,0.0,1.0,23164.603613356285,0.0,-5.805488061334918e-16,2.6475407647402897e-13,0.0,0.0,0.0,0.0,,,0.0,350.0,66.18458175244653,0.0,0.0
optimal@10s+aware,5,350,3045,2601,0.8541871921182266,0.1458128078817734,0.0499178981937602,0.0958949096880131,0.0,327.0454977252811,317.04249248341694,511.4088640340542,295.63827581400767,1040.4,36.29373317954633,290.7517645457348,0.0409797124239876,0.179752532958806,0.7792677546172063,1081,16.418131359851987,0.15040527290724,0.2157999999326422,0.0537112010796221,9.181890890840643,0.000710495024788,0.0814061054579093,3045,0.0,0.8541871921182266,0.0,0.0,1.0,23305.1833414474,0.0,-3.0708913988324597e-15,2.69041570601659e-13,0.0,0.0,0.0,0.0,,,0.0,350.0,66.58623811842114,0.0,0.0
optimal@10s+aware,0,400,3045,2826,0.92807881773399,0.0719211822660098,0.0101806239737274,0.0617405582922824,0.0,249.6560997705092,234.11379125138436,444.4973044290932,236.1429276268959,1130.4,12.857395612172684,236.79870415833653,0.1060413353191737,0.1510242001177043,0.7429344645631218,1071,7.143790849673203,0.1499240896359594,0.2122099998814519,0.0555123216601815,7.009037142583053,0.0016729393817332,0.0737628384687208,3045,0.0,0.92807881773399,0.0,0.0,1.0,25308.518241243448,0.0,-9.837220288964585e-16,2.5829020451113773e-13,0.0,0.0,0.0,0.0,,,0.0,400.0,63.27129560310862,0.0,0.0
optimal@10s+aware,1,400,3045,2796,0.9182266009852216,0.0817733990147783,0.0134646962233169,0.0683087027914614,0.0,250.7734175108941,237.4560998613897,440.5917573142633,234.79496744997013,1118.4,12.19277539341917,238.58064211747492,0.1158308766602164,0.150169886993312,0.7339992363464715,1068,6.800561797752809,0.1490828651793471,0.2045969999562657,0.0599793174767321,8.968627189812022,0.0023037394904556,0.0758426966292134,3045,0.0,0.9182266009852216,0.0,0.0,1.0,24922.253585255326,0.0,7.475819359521726e-15,2.5976677493196623e-13,0.0,0.0,0.0,0.0,,,0.0,400.0,62.30563396313832,0.0,0.0
optimal@10s+aware,2,400,3045,2809,0.922495894909688,0.0775041050903119,0.0118226600985221,0.0656814449917898,0.0,250.45382061632756,231.69620017910077,443.4600867386124,235.39835667746323,1123.6,10.661089355642575,239.79273126068497,0.1105540382382653,0.1514867903348741,0.7379591714268604,1071,6.441643323996265,0.1479392156815614,0.2013499998611223,0.0488888888888888,7.556825584204826,0.0020982484281362,0.0737628384687208,3045,0.0,0.922495894909688,0.0,0.0,1.0,25059.298485794265,0.0,-1.8750081982277475e-16,2.621112851703644e-13,0.0,0.0,0.0,0.0,,,0.0,400.0,62.64824621448566,0.0,0.0
optimal@10s+aware,3,400,3045,2825,0.9277504105090312,0.0722495894909688,0.0075533661740558,0.0646962233169129,0.0,251.22686335612005,233.20039473848192,442.4968036397604,236.4324012552337,1130.0,10.423716814159292,240.8031465419608,0.1091369557406076,0.1545143009272849,0.7363487433321075,1064,6.293233082706767,0.152983834601072,0.2022369998212525,0.0492700729927007,10.046159931483038,0.0029120317287063,0.0864661654135338,3045,0.0,0.9277504105090312,0.0,0.0,1.0,25091.476761574173,0.0,1.2553340864349238e-14,2.608245183255027e-13,0.0,0.0,0.0,0.0,,,0.0,400.0,62.72869190393544,0.0,0.0
optimal@10s+aware,4,400,3045,2809,0.922495894909688,0.0775041050903119,0.0131362889983579,0.064367816091954,0.0,259.7188176652654,245.60743938074847,449.8515272551196,244.58921261186532,1123.6,13.770736917052332,245.94808074821307,0.1110001026406078,0.1532961282789591,0.7357037690804331,1064,7.599624060150376,0.1522896616382042,0.2037139998901691,0.0492146596858638,10.371545701010728,0.0022308444703751,0.093984962406015,3045,0.0,0.922495894909688,0.0,0.0,1.0,25048.67018375944,0.0,1.079789712807379e-15,2.5684608508319946e-13,0.0,0.0,0.0,0.0,,,0.0,400.0,62.6216754593986,0.0,0.0
optimal@10s+aware,5,400,3045,2794,0.9175697865353036,0.0824302134646962,0.0154351395730706,0.0669950738916256,0.0,257.1752317246743,240.64820614568544,456.0128394968524,241.18189356347563,1117.6,13.666428060128847,243.50880366454544,0.1081155260220053,0.1528015357789364,0.7390829381990582,1066,7.719512195121951,0.1489731707107029,0.2092450000873213,0.0505897771952817,9.083673583424105,0.0019018460344116,0.0844277673545966,3045,0.0,0.9175697865353036,0.0,0.0,1.0,25058.426920365597,0.0,6.39272298502846e-15,2.597721608329949e-13,0.0,0.0,0.0,0.0,,,0.0,400.0,62.646067300913984,0.0,0.0
optimal@10s+aware,0,450,3045,2910,0.955665024630542,0.0443349753694581,0.0026272577996715,0.0417077175697865,0.0,208.52606772046923,184.048092747644,393.3403622618367,200.89392407201012,1164.0,7.21786941580756,201.3081983046617,0.1963571437331397,0.1221988430679326,0.6814440131989276,1061,4.750235626767201,0.1542522148861045,0.2059599997664918,0.0514477766287487,7.4192749896413,0.004030767292708,0.0706880301602262,3045,0.0,0.955665024630542,0.0,0.0,1.0,25996.629296179468,0.0,1.0484167943882922e-15,2.6057476146266845e-13,0.0,0.0,0.0,0.0,,,0.0,450.0,57.77028732484326,0.0,0.0
optimal@10s+aware,1,450,3045,2890,0.9490968801313628,0.0509031198686371,0.0036124794745484,0.0472906403940886,0.0,209.2110615437076,190.33791551617924,387.63373595058914,200.34142294140344,1156.0,6.522491349480969,202.6885701942266,0.2047719114596948,0.1215702301466638,0.6736578583936413,1061,4.555136663524976,0.1566927427012382,0.2130599998054096,0.0578257517347725,6.752389059664091,0.0040941217219153,0.0725730442978322,3045,0.0,0.9490968801313628,0.0,0.0,1.0,25773.761658902706,0.0,6.0525210372229286e-15,2.588446950052156e-13,0.0,0.0,0.0,0.0,,,0.0,450.0,57.27502590867268,0.0,0.0
optimal@10s+aware,2,450,3045,2906,0.954351395730706,0.0456486042692939,0.0036124794745484,0.0420361247947454,0.0,202.9701210148646,181.55512648535228,383.88870188581086,195.26279402263663,1162.4,6.949415003441156,196.0207060114234,0.2068235299188128,0.1178836717112988,0.6752927983698883,1068,4.700374531835206,0.154145505591978,0.2158969999072723,0.0492994291645044,7.330929840291846,0.0041202503235368,0.0730337078651685,3045,0.0,0.954351395730706,0.0,0.0,1.0,25811.35435919876,0.0,4.664617701811188e-15,2.565765906688025e-13,0.0,0.0,0.0,0.0,,,0.0,450.0,57.35856524266392,0.0,0.0
optimal@10s+aware,3,450,3045,2893,0.9500821018062398,0.0499178981937602,0.0045977011494252,0.0453201970443349,0.0,206.40023233288656,183.54265310400933,386.6737525319772,198.26897037333384,1157.2,7.378845489111649,199.02138684377493,0.2046222401434445,0.1200644323498578,0.6753133275066977,1059,5.097261567516525,0.1556435316511187,0.207099999897764,0.0496232787737074,6.250680881104471,0.0029117169951756,0.0670443814919735,3045,0.0,0.9500821018062398,0.0,0.0,1.0,25796.04494269024,0.0,9.370543285892575e-15,2.558531026554901e-13,0.0,0.0,0.0,0.0,,,0.0,450.0,57.32454431708942,0.0,0.0
optimal@10s+aware,4,450,3045,2912,0.9563218390804598,0.0436781609195402,0.0055829228243021,0.0380952380952381,0.0,219.07857936861757,197.17670324020992,405.7219227876491,211.25899516184347,1164.8,8.428914835164836,210.64966453345272,0.1984821308255702,0.1259741400867862,0.6755437290876436,1059,5.173748819641171,0.1550199244607814,0.2157260002422845,0.0525634386328327,7.262709511284231,0.0032302918512274,0.068932955618508,3045,0.0,0.9563218390804598,0.0,0.0,1.0,25901.113689910777,0.0,1.0917701419356452e-14,2.622868344981133e-13,0.0,0.0,0.0,0.0,,,0.0,450.0,57.55803042202395,0.0,0.0
optimal@10s+aware,5,450,3045,2891,0.9494252873563218,0.0505747126436781,0.0045977011494252,0.0459770114942528,0.0,207.8958406438112,189.19282830098743,393.3479122958024,199.00930238352,1156.4,8.076098235904531,199.81974240790663,0.2036248172091982,0.1205554666823975,0.6758197161084042,1064,5.171992481203008,0.1540835526233956,0.2150199997231532,0.056,7.273792092697325,0.0032834841430503,0.0686090225563909,3045,0.0,0.9494252873563218,0.0,0.0,1.0,25859.45177445101,0.0,1.9305822170168064e-15,2.625899037010619e-13,0.0,0.0,0.0,0.0,,,0.0,450.0,57.46544838766891,0.0,0.0
optimal@10s+aware,0,500,3045,2951,0.9691297208538588,0.0308702791461412,0.0013136288998357,0.0295566502463054,0.0,177.6307032121424,153.78226039906713,340.55342544239284,172.99058872386777,1180.4,6.551677397492376,171.07902581465004,0.2837076431963629,0.0971918887321278,0.6191004680715092,1061,4.323279924599435,0.1564295004834687,0.2116199999363744,0.0538382277176713,4.262760356975774,0.0033013598228195,0.0565504241281809,3045,0.0,0.9691297208538588,0.0,0.0,1.0,26287.383001653303,0.0,8.197817589489041e-15,2.5962725324043113e-13,0.0,0.0,0.0,0.0,,,0.0,500.0,52.57476600330661,0.0,0.0
optimal@10s+aware,1,500,3045,2946,0.967487684729064,0.0325123152709359,0.0036124794745484,0.0288998357963875,0.0,179.4250453432054,157.03735134065664,336.24131295759526,174.7658437145246,1178.4,5.738289205702648,173.68675613750275,0.2851945972501116,0.096924209929369,0.6178811928205193,1060,4.2075471698113205,0.1557450000093939,0.210140999943178,0.0549110595514307,6.1248467946072624,0.0051606626200261,0.0716981132075471,3045,0.0,0.967487684729064,0.0,0.0,1.0,26276.1460462253,0.0,1.3822691200142971e-14,2.535666479531904e-13,0.0,0.0,0.0,0.0,,,0.0,500.0,52.55229209245061,0.0,0.0
optimal@10s+aware,2,500,3045,2946,0.967487684729064,0.0325123152709359,0.0019704433497536,0.0305418719211822,0.0,180.8211715585427,158.39708098917072,342.09631245485184,175.92450955592858,1178.4,5.632382892057026,175.18878866648566,0.2829838526837088,0.0974647119712283,0.6195514353450627,1059,4.152030217186025,0.1573069877224551,0.2252319997023739,0.0435122459614382,5.161950750471374,0.0044195580101151,0.0642115203021718,3045,0.0,0.967487684729064,0.0,0.0,1.0,26341.28146112233,0.0,1.2042867269151902e-14,2.541411299554777e-13,0.0,0.0,0.0,0.0,,,0.0,500.0,52.68256292224466,0.0,0.0
optimal@10s+aware,3,500,3045,2953,0.9697865353037768,0.0302134646962233,0.0022988505747126,0.0279146141215106,0.0,180.97265321163724,155.62953066904856,350.32365803132416,176.44554001536582,1181.2,6.18455807653234,174.78809513510492,0.2826147663025478,0.0985827144274783,0.6188025192699739,1059,4.287063267233239,0.1570589235114645,0.219567999629362,0.0548544939479783,4.921989151198841,0.003907055414007,0.0585457979225684,3045,0.0,0.9697865353037768,0.0,0.0,1.0,26314.822890520263,0.0,-3.985975112453745e-15,2.550929328928675e-13,0.0,0.0,0.0,0.0,,,0.0,500.0,52.62964578104053,0.0,0.0
optimal@10s+aware,4,500,3045,2941,0.9658456486042692,0.0341543513957307,0.0022988505747126,0.031855500821018,0.0,185.81214589781803,162.05359201615465,356.70825278551365,180.4480748317992,1176.4,6.069024141448487,179.74312175636953,0.2828025611521413,0.1001009065167701,0.6170965323310884,1061,4.2714420358152685,0.1558653157507003,0.2092999997330481,0.0502070393374741,6.487473952535646,0.0050196221646271,0.0688030160226201,3045,0.0,0.9658456486042692,0.0,0.0,1.0,26268.14396941996,0.0,1.9071223122768755e-15,2.5625230903174773e-13,0.0,0.0,0.0,0.0,,,0.0,500.0,52.53628793883992,0.0,0.0
optimal@10s+aware,5,500,3045,2929,0.961904761904762,0.0380952380952381,0.0039408866995073,0.0341543513957307,0.0,185.3790907720733,164.78912453336852,357.83115759741435,179.66849334373282,1171.6,6.491635370433595,178.88745540163976,0.2846537723345284,0.0994766939229044,0.6158695337425671,1060,4.549056603773585,0.1573187736042046,0.2158999999755906,0.0490781615164892,4.955424768073296,0.0031924099275741,0.060377358490566,3045,0.0,0.961904761904762,0.0,0.0,1.0,26194.619552522625,0.0,6.1920803449220055e-15,2.569592048718639e-13,0.0,0.0,0.0,0.0,,,0.0,500.0,52.38923910504525,0.0,0.0
batched_greedy@30s+aware,0,300,3045,2360,0.7750410509031199,0.2249589490968801,0.1559934318555008,0.0689655172413793,0.0,347.96064130945405,333.4444074583555,544.6604091346733,315.0006247241195,944.0,74.125,273.83564130945405,0.0212606429665618,0.1687509112238661,0.809988445809572,371,34.40970350404313,0.1143309972848502,0.2913699995588105,0.0471329930951666,,,,3045,0.0,0.7750410509031199,0.0,0.0,1.0,20822.887191479284,0.0,5.127348639828181e-15,2.647870623327358e-13,0.0,0.0,0.0,0.0,,,0.0,300.0,69.40962397159761,0.0,0.0
batched_greedy@30s+aware,1,300,3045,2350,0.7717569786535303,0.2282430213464696,0.167487684729064,0.0607553366174055,0.0,348.70586314096346,332.8866615531308,534.1836672818266,316.276673818092,940.0,77.67404255319148,271.031820587772,0.0244514890851171,0.1630003396451501,0.8125481712697328,376,35.11702127659574,0.1044787234295267,0.2955750001092383,0.0512202470623681,,,,3045,0.0,0.7717569786535303,0.0,0.0,1.0,20847.109900323838,0.0,-1.3262960469836932e-14,2.6740444374151225e-13,0.0,0.0,0.0,0.0,,,0.0,300.0,69.49036633441278,0.0,0.0
batched_greedy@30s+aware,2,300,3045,2335,0.7668308702791461,0.2331691297208538,0.1711001642036125,0.0620689655172413,0.0,346.7502101477661,331.5008752662652,534.1930314952633,313.8938117967136,934.0,78.44496788008566,268.30524226768046,0.0230713900586073,0.1607010695319835,0.8162275404094093,373,35.9544235924933,0.1107957104733853,0.2772720000575645,0.0443289513910119,,,,3045,0.0,0.7668308702791461,0.0,0.0,1.0,20868.35033955883,0.0,-1.4965521089799454e-14,2.681378317097944e-13,0.0,0.0,0.0,0.0,,,0.0,300.0,69.56116779852944,0.0,0.0
batched_greedy@30s+aware,3,300,3045,2350,0.7717569786535303,0.2282430213464696,0.1619047619047619,0.0663382594417077,0.0,354.14348790664184,333.95842632539984,556.3750676562913,319.4473868191744,940.0,79.66893617021276,274.4745517364291,0.023056750080154,0.1666769463460954,0.8102663035737506,373,36.03485254691689,0.1144525468874847,0.3024640005241961,0.0477629987908101,,,,3045,0.0,0.7717569786535303,0.0,0.0,1.0,20842.10885073549,0.0,2.6305199153671797e-15,2.692049892697895e-13,0.0,0.0,0.0,0.0,,,0.0,300.0,69.47369616911831,0.0,0.0
batched_greedy@30s+aware,4,300,3045,2340,0.7684729064039408,0.2315270935960591,0.1694581280788177,0.0620689655172413,0.0,350.12682680520874,333.11856482318626,541.8708275694248,316.31841426316214,936.0,75.08076923076923,275.04605757443954,0.0219928629090758,0.1676128281464768,0.8103943089444473,365,35.85753424657534,0.1094134246906758,0.2871679999225309,0.0444986284669308,,,,3045,0.0,0.7684729064039408,0.0,0.0,1.0,20747.49462737657,0.0,2.30167262267588e-15,2.663502846578331e-13,0.0,0.0,0.0,0.0,,,0.0,300.0,69.15831542458857,0.0,0.0
batched_greedy@30s+aware,5,300,3045,2344,0.7697865353037767,0.2302134646962233,0.1697865353037767,0.0604269293924466,0.0,357.2029959641661,331.64792983563484,549.1064921618186,323.45402380220145,937.6,83.14377133105802,274.0592246331081,0.0218005038585634,0.1639746118479532,0.8142248842934833,368,37.92391304347826,0.1117239130384523,0.2989300000626826,0.0480827754108338,,,,3045,0.0,0.7697865353037767,0.0,0.0,1.0,20923.803238720066,0.0,1.013220603360979e-14,2.699956299490123e-13,0.0,0.0,0.0,0.0,,,0.0,300.0,69.74601079573354,0.0,0.0
batched_greedy@30s+aware,0,350,3045,2651,0.870607553366174,0.1293924466338259,0.0591133004926108,0.0702791461412151,0.0,302.60243499296894,286.65587365957253,497.6992974634868,282.32079680864376,1060.4,41.18672199170125,261.4157130012677,0.0484508480112712,0.1673898372731619,0.7841593147155669,364,21.62912087912088,0.1186219779975834,0.2877260001787363,0.0444078947368421,,,,3045,0.0,0.870607553366174,0.0,0.0,1.0,23549.85782563482,0.0,3.0448002558410934e-15,2.665794991600592e-13,0.0,0.0,0.0,0.0,,,0.0,350.0,67.28530807324233,0.0,0.0
batched_greedy@30s+aware,1,350,3045,2625,0.8620689655172413,0.1379310344827586,0.0653530377668308,0.0725779967159277,0.0,302.5443947614233,286.0979644782483,496.2201170413897,280.73054173167213,1050.0,43.10057142857143,259.4438233328518,0.0520334016206781,0.163996566429801,0.7839700319495209,373,21.619302949061662,0.1175490616984295,0.3027200000724405,0.0552380952380952,,,,3045,0.0,0.8620689655172413,0.0,0.0,1.0,23391.48690417,0.0,5.350725153957251e-15,2.67585657335682e-13,0.0,0.0,0.0,0.0,,,0.0,350.0,66.83281972619999,0.0,0.0
batched_greedy@30s+aware,2,350,3045,2605,0.8555008210180624,0.1444991789819376,0.076847290640394,0.0676518883415435,0.0,310.9006431088836,299.0442603946494,493.7662503892669,289.1618660057119,1042.0,47.009213051823416,263.89143005706023,0.0553216801534971,0.1623017292426533,0.7823765906038496,363,23.958677685950413,0.1177798897768513,0.308121999969444,0.0481860980337856,,,,3045,0.0,0.8555008210180624,0.0,0.0,1.0,23424.41023100703,0.0,1.849320440865059e-15,2.724092651174548e-13,0.0,0.0,0.0,0.0,,,0.0,350.0,66.9268863743058,0.0,0.0
batched_greedy@30s+aware,3,350,3045,2627,0.8627257799671593,0.1372742200328407,0.0696223316912972,0.0676518883415435,0.0,308.57245023921024,296.4306570053377,497.8207478953886,286.47796968264134,1050.8,45.938713361248574,262.63373687796167,0.0547835348237365,0.1653700374947857,0.7798464276814777,361,23.21606648199446,0.1244304709097909,0.312440000379865,0.0516199890170236,,,,3045,0.0,0.8627257799671593,0.0,0.0,1.0,23278.620629625235,0.0,6.992165168564252e-15,2.619625955907088e-13,0.0,0.0,0.0,0.0,,,0.0,350.0,66.51034465607209,0.0,0.0
batched_greedy@30s+aware,4,350,3045,2616,0.8591133004926108,0.1408866995073891,0.0735632183908046,0.0673234811165845,0.0,316.9339334141305,301.8835332424942,514.9646272179009,293.0915382597451,1046.4,49.08906727828746,267.844866135843,0.0520339025488511,0.1649053235791981,0.7830607738719506,364,23.914835164835164,0.1126414834908536,0.2931340005943639,0.0491576912455122,,,,3045,0.0,0.8591133004926108,0.0,0.0,1.0,23434.27869953665,0.0,9.139817682846856e-15,2.629850126318814e-13,0.0,0.0,0.0,0.0,,,0.0,350.0,66.95508199867616,0.0,0.0
batched_greedy@30s+aware,5,350,3045,2625,0.8620689655172413,0.1379310344827586,0.0692939244663382,0.0686371100164203,0.0,309.2406895330253,293.9578684753287,507.73377436744136,286.29602611805154,1050.0,46.68609523809524,262.55459429493004,0.0501543313988215,0.1653032964775545,0.7845423721236239,363,23.75757575757576,0.1239289256412399,0.2969300000586371,0.0451899085112281,,,,3045,0.0,0.8620689655172413,0.0,0.0,1.0,23404.7875464098,0.0,3.5161714809614107e-15,2.679964187076881e-13,0.0,0.0,0.0,0.0,,,0.0,350.0,66.87082156117086,0.0,0.0
batched_greedy@30s+aware,0,400,3045,2843,0.9336617405582924,0.0663382594417077,0.0180623973727422,0.0482758620689655,0.0,247.39025066017584,227.15420003863983,433.40243359039926,237.47314206180343,1137.2,24.93598311642631,222.45426754374955,0.1139926938769448,0.1426208830512441,0.743386423071811,362,14.776243093922652,0.1489002762927916,0.2976209998905687,0.049184639663335,,,,3045,0.0,0.9336617405582924,0.0,0.0,1.0,25304.01038695511,0.0,-2.3496271173284007e-15,2.5969018626596864e-13,0.0,0.0,0.0,0.0,,,0.0,400.0,63.260025967387776,0.0,0.0
batched_greedy@30s+aware,1,400,3045,2807,0.92183908045977,0.0781609195402298,0.019047619047619,0.0591133004926108,0.0,250.7535868745385,230.24355502693288,444.47825202659095,237.3686661134571,1122.8,25.766654791592448,224.98693208294603,0.1215499577562904,0.141936372246901,0.7365136699968087,361,14.725761772853186,0.1451520775691301,0.3242400003728107,0.0573215216258468,,,,3045,0.0,0.92183908045977,0.0,0.0,1.0,25072.1518445896,0.0,2.4250086956115997e-15,2.6476892957712574e-13,0.0,0.0,0.0,0.0,,,0.0,400.0,62.680379611474,0.0,0.0
batched_greedy@30s+aware,2,400,3045,2823,0.9270935960591132,0.0729064039408867,0.0183908045977011,0.0545155993431855,0.0,252.23120647354745,231.20710787567168,450.9397458067428,240.5946497853665,1129.2,25.50690754516472,226.72429892838272,0.1143208652798986,0.1437351547327392,0.7419439799873622,361,14.908587257617729,0.1461235456958889,0.3118199998425551,0.0501443948542924,,,,3045,0.0,0.9270935960591132,0.0,0.0,1.0,25258.684739004417,0.0,4.7531546141054336e-15,2.640443065516055e-13,0.0,0.0,0.0,0.0,,,0.0,400.0,63.14671184751104,0.0,0.0
batched_greedy@30s+aware,3,400,3045,2835,0.9310344827586208,0.0689655172413793,0.0157635467980295,0.0532019704433497,0.0,254.51065803274875,234.03441999011105,451.7822183307362,242.50775072532147,1134.0,23.918871252204585,230.59178678054417,0.1160387949351068,0.1472716077407079,0.7366895973241853,362,14.26243093922652,0.1421397790367718,0.310730999781299,0.0538280637575124,,,,3045,0.0,0.9310344827586208,0.0,0.0,1.0,25165.564460266374,0.0,6.015176599027303e-16,2.642579864513926e-13,0.0,0.0,0.0,0.0,,,0.0,400.0,62.913911150665946,0.0,0.0
batched_greedy@30s+aware,4,400,3045,2814,0.9241379310344828,0.0758620689655172,0.0233169129720853,0.0525451559934318,0.0,263.8753886607141,244.88569077511693,460.743271278347,251.02448420552136,1125.6,30.279673063255157,233.59571559745896,0.1196683855977669,0.1455924153241312,0.7347391990781018,361,16.274238227146814,0.1468401662295089,0.3110599996944074,0.0565741225772655,,,,3045,0.0,0.9241379310344828,0.0,0.0,1.0,25049.90382054747,0.0,-4.295387389374202e-15,2.604183945798719e-13,0.0,0.0,0.0,0.0,,,0.0,400.0,62.62475955136868,0.0,0.0
batched_greedy@30s+aware,5,400,3045,2793,0.9172413793103448,0.0827586206896551,0.0206896551724137,0.0620689655172413,0.0,249.7091917978941,228.0130511093448,442.2514708691189,235.804547718534,1117.2,24.975653419262443,224.7335383786317,0.1196631019970914,0.1422765779336803,0.7380603200692283,361,15.074792243767313,0.1443933518094933,0.3327999995235586,0.0594834333420297,,,,3045,0.0,0.9172413793103448,0.0,0.0,1.0,24977.09802308216,0.0,1.045557402839972e-14,2.673169002063089e-13,0.0,0.0,0.0,0.0,,,0.0,400.0,62.4427450577054,0.0,0.0
batched_greedy@30s+aware,0,450,3045,2903,0.9533661740558292,0.0466338259441707,0.0049261083743842,0.0417077175697865,0.0,213.9398288265024,192.1221769283511,390.4018896062364,206.250179013852,1161.2,20.246641405442645,193.69318742105972,0.2033656333333038,0.1167594970207627,0.6798748696459334,361,12.42382271468144,0.17944958445618,0.3670600000987175,0.0493506493506493,,,,3045,0.0,0.9533661740558292,0.0,0.0,1.0,25930.781472492286,0.0,4.542774087394922e-15,2.64314310095176e-13,0.0,0.0,0.0,0.0,,,0.0,450.0,57.62395882776063,0.0,0.0
batched_greedy@30s+aware,1,450,3045,2901,0.9527093596059112,0.0472906403940886,0.0088669950738916,0.038423645320197,0.0,217.08409938445047,196.45682488541024,393.2961598820348,209.7456904983836,1160.4,20.136504653567734,196.94759473088277,0.2093281773337387,0.1167603587124461,0.6739114639538151,361,12.45983379501385,0.1751055401390787,0.3472800004601591,0.0546490546490546,,,,3045,0.0,0.9527093596059112,0.0,0.0,1.0,25820.13834780437,0.0,1.017532222638182e-15,2.611420597555503e-13,0.0,0.0,0.0,0.0,,,0.0,450.0,57.378085217343056,0.0,0.0
batched_greedy@30s+aware,2,450,3045,2899,0.9520525451559936,0.0479474548440065,0.0072249589490968,0.0407224958949096,0.0,216.53175106218143,193.7520480046319,404.9090435038234,209.5665618804425,1159.6,20.37392204208348,196.15782902009795,0.2049823962923773,0.1174306586610971,0.6775869450465254,361,12.753462603878116,0.1713955678678254,0.3604399997129801,0.0494405412438199,,,,3045,0.0,0.9520525451559936,0.0,0.0,1.0,25870.373802921,0.0,3.490826117303631e-15,2.632721376002183e-13,0.0,0.0,0.0,0.0,,,0.0,450.00000000000006,57.489719562046645,0.0,0.0
batched_greedy@30s+aware,3,450,3045,2888,0.948440065681445,0.051559934318555,0.0078817733990147,0.0436781609195402,0.0,212.7695026099091,190.24376440113087,395.8779885190692,204.97563640974417,1155.2,20.252770083102494,192.5167325268066,0.2141539164245322,0.1146607772208793,0.6711853063545884,360,12.772222222222222,0.1737458333157822,0.3753159999905621,0.05,,,,3045,0.0,0.948440065681445,0.0,0.0,1.0,25687.02139540509,0.0,1.1411924037331214e-14,2.612201006440968e-13,0.0,0.0,0.0,0.0,,,0.0,450.0,57.08226976756687,0.0,0.0
batched_greedy@30s+aware,4,450,3045,2907,0.954679802955665,0.0453201970443349,0.0088669950738916,0.0364532019704433,0.0,219.94638883596704,197.75737816417632,398.7290891331206,212.88974997046097,1162.8,21.30168558651531,198.6447032494517,0.2042402639594462,0.1184068712060829,0.6773528648344708,363,12.81542699724518,0.1696471074441829,0.3441659997224632,0.0537104307213284,,,,3045,0.0,0.954679802955665,0.0,0.0,1.0,25954.7308152728,0.0,3.187604214905885e-15,2.539026207490945e-13,0.0,0.0,0.0,0.0,,,0.0,450.0,57.677179589495104,0.0,0.0
batched_greedy@30s+aware,5,450,3045,2889,0.948768472906404,0.051231527093596,0.0082101806239737,0.0430213464696223,0.0,212.05455187593597,190.9833396459144,391.4944383172784,204.34013518312656,1155.6,19.65178262374524,192.4027692521907,0.2101647018725554,0.1151183363799902,0.6747169617474542,361,12.653739612188366,0.178996121878672,0.3656200004115814,0.0534648325979756,,,,3045,0.0,0.948768472906404,0.0,0.0,1.0,25814.71033034597,0.0,1.0525944179194491e-14,2.5309733924840645e-13,0.0,0.0,0.0,0.0,,,0.0,450.0,57.36602295632438,0.0,0.0
batched_greedy@30s+aware,0,500,3045,2954,0.9701149425287356,0.0298850574712643,0.0029556650246305,0.0269293924466338,0.0,189.78590423465357,164.20988951804884,356.24308549655285,185.5627928927985,1181.6,18.22714962762356,171.55875460702998,0.2809945438988824,0.0970175779053848,0.6219878781957329,361,11.65650969529086,0.201479778418583,0.3751800000827637,0.0514610809412981,,,,3045,0.0,0.9701149425287356,0.0,0.0,1.0,26398.24794530236,0.0,-9.400439503021129e-16,2.5819097104796266e-13,0.0,0.0,0.0,0.0,,,0.0,500.0,52.79649589060472,0.0,0.0
batched_greedy@30s+aware,1,500,3045,2940,0.9655172413793104,0.0344827586206896,0.0032840722495894,0.0311986863711001,0.0,187.33908810357696,165.66417022357882,347.3871086637201,182.3563370104364,1176.0,17.052380952380954,170.28670715119603,0.2901386752571244,0.095267742552345,0.6145935821905305,360,11.372222222222222,0.2007836111109403,0.3913069997088315,0.0517330574236937,,,,3045,0.0,0.9655172413793104,0.0,0.0,1.0,26119.98436646981,0.0,4.611428397113117e-15,2.5152231016021825e-13,0.0,0.0,0.0,0.0,,,0.0,500.0,52.239968732939616,0.0,0.0
batched_greedy@30s+aware,2,500,3045,2936,0.9642036124794744,0.0357963875205254,0.0029556650246305,0.0328407224958949,0.0,191.17913104851985,168.5277080364947,356.9784234859055,186.23198231998128,1174.4,17.545980926430516,173.63315012208932,0.2855915311636463,0.0964816641301928,0.6179268047061608,361,11.58448753462604,0.1958529085860388,0.3947600001993121,0.050233039875712,,,,3045,0.0,0.9642036124794744,0.0,0.0,1.0,26206.611599701868,0.0,6.741504115469105e-15,2.5907311415750895e-13,0.0,0.0,0.0,0.0,,,0.0,500.0,52.41322319940373,0.0,0.0
batched_greedy@30s+aware,3,500,3045,2948,0.968144499178982,0.031855500821018,0.0042692939244663,0.0275862068965517,0.0,191.9968649604844,169.70978160727714,358.6838930696044,187.74218234978187,1179.2,18.73134328358209,173.26552167690232,0.2865553607508247,0.0971691313767333,0.616275507872442,361,11.842105263157896,0.2002041551161022,0.3892599997925572,0.0534745543787135,,,,3045,0.0,0.968144499178982,0.0,0.0,1.0,26241.435841423885,0.0,3.331271637253828e-15,2.530904778681857e-13,0.0,0.0,0.0,0.0,,,0.0,500.0,52.482871682847765,0.0,0.0
batched_greedy@30s+aware,4,500,3045,2960,0.9720853858784894,0.0279146141215106,0.0045977011494252,0.0233169129720853,0.0,192.6270034586246,170.68905576474208,363.4599649931465,188.78927273288184,1184.0,18.045945945945945,174.58105751267868,0.2807688736609237,0.0977562506678428,0.6214748756712335,361,11.7202216066482,0.1919590027743181,0.3939399999580921,0.0540051679586563,,,,3045,0.0,0.9720853858784894,0.0,0.0,1.0,26459.126509409303,0.0,1.0995708847942935e-15,2.55737023149774e-13,0.0,0.0,0.0,0.0,,,0.0,500.0,52.91825301881861,0.0,0.0
batched_greedy@30s+aware,5,500,3045,2954,0.9701149425287356,0.0298850574712643,0.0049261083743842,0.0249589490968801,0.0,191.98177894229175,172.15625909101527,356.1857461953279,188.0850560277657,1181.6,18.201760324983077,173.7800186173087,0.2832692217499039,0.0973138228726898,0.6194169553774063,362,11.859116022099448,0.1960872928342603,0.3845150001689032,0.0508430609597924,,,,3045,0.0,0.9701149425287356,0.0,0.0,1.0,26331.427626875105,0.0,4.379705805877412e-15,2.588524444817272e-13,0.0,0.0,0.0,0.0,,,0.0,500.0,52.6628552537502,0.0,0.0
optimal@30s+aware,0,300,3045,2363,0.7760262725779967,0.2239737274220032,0.1582922824302134,0.0656814449917898,0.0,355.6121344644744,337.6283547045396,540.8205110841235,320.5235679386227,945.2,76.59754549301735,279.014588971457,0.0181535462345169,0.1712730442630598,0.8105734095024233,365,35.32328767123288,0.2013953424740402,0.2911599996150472,0.0506442912795924,62.854629097104215,0.0023596706229219,0.421917808219178,3045,0.0,0.7760262725779967,0.0,0.0,1.0,20781.17153337008,0.0,-1.898890129633954e-15,2.676773553364209e-13,0.0,0.0,0.0,0.0,,,0.0,300.0,69.27057177790026,0.0,0.0
optimal@30s+aware,1,300,3045,2340,0.7684729064039408,0.2315270935960591,0.1717569786535303,0.0597701149425287,0.0,353.33875929885187,338.7736569952299,531.5160568278523,318.33827529297776,936.0,76.3025641025641,277.03619519628774,0.0216091276476,0.1664796437549783,0.8119112285974216,369,35.34417344173442,0.2004710027081138,0.2985840002656914,0.0520108859993952,66.3378429656032,0.0024807050932028,0.4363143631436314,3045,0.0,0.7684729064039408,0.0,0.0,1.0,20694.330097530503,0.0,1.002047447866808e-15,2.707653664432827e-13,0.0,0.0,0.0,0.0,,,0.0,300.0,68.98110032510168,0.0,0.0
optimal@30s+aware,2,300,3045,2326,0.7638752052545156,0.2361247947454844,0.1766830870279146,0.0594417077175697,0.0,358.5470708461334,342.019621094729,540.6711881591866,323.19551740114525,930.4,84.20077386070507,274.3462969854283,0.0248779014671878,0.1627736979553875,0.8123484005774247,373,37.206434316353885,0.2006206434635292,0.2928040002007037,0.0514929920780012,51.90535110896516,0.0018229555228891,0.35656836461126,3045,0.0,0.7638752052545156,0.0,0.0,1.0,20855.523062756944,0.0,-3.797096391013777e-15,2.682802866838318e-13,0.0,0.0,0.0,0.0,,,0.0,300.0,69.51841020918981,0.0,0.0
optimal@30s+aware,3,300,3045,2313,0.7596059113300493,0.2403940886699507,0.1756978653530377,0.0646962233169129,0.0,355.080344070813,338.6218825765436,532.85949404963,319.5489441828391,925.2,77.28620838737571,277.79413568343733,0.0238372535734469,0.1654773037544388,0.8106854426721142,372,36.303763440860216,0.1982465053794341,0.2705919995423758,0.0515401036901494,54.165761605287,0.0019547222590004,0.3682795698924731,3045,0.0,0.7596059113300493,0.0,0.0,1.0,20736.30828336607,0.0,-6.153121918406748e-15,2.6986185779644413e-13,0.0,0.0,0.0,0.0,,,0.0,300.0,69.12102761122024,0.0,0.0
optimal@30s+aware,4,300,3045,2320,0.7619047619047619,0.238095238095238,0.1760262725779967,0.0620689655172413,0.0,357.45990975318455,338.4650688694919,546.1415861714557,321.5601432091874,928.0,84.28706896551724,273.17284078766727,0.0266562520392855,0.1624594310805762,0.8108843168801382,368,37.79891304347826,0.1959019021777076,0.3012849998413001,0.0517031630170316,60.82418629487337,0.0021006528572527,0.3831521739130434,3045,0.0,0.7619047619047619,0.0,0.0,1.0,20680.459276187463,0.0,-5.085587123834682e-15,2.6542905804317663e-13,0.0,0.0,0.0,0.0,,,0.0,300.0,68.93486425395821,0.0,0.0
optimal@30s+aware,5,300,3045,2346,0.7704433497536946,0.2295566502463054,0.1704433497536945,0.0591133004926108,0.0,359.4569767730533,341.3361466651486,539.0464290379014,324.83446717500925,938.4,80.84313725490196,278.61383951815134,0.0133219660033009,0.1668630981329004,0.8198149358637986,368,37.40217391304348,0.2010317934353066,0.3206939999745372,0.046092796092796,52.59288874221772,0.0018380228469421,0.4103260869565217,3045,0.0,0.7704433497536946,0.0,0.0,1.0,20907.014688195108,0.0,3.204408416173001e-15,2.7139340315651977e-13,0.0,0.0,0.0,0.0,,,0.0,300.0,69.69004896065036,0.0,0.0
optimal@30s+aware,0,350,3045,2634,0.865024630541872,0.134975369458128,0.064039408866995,0.070935960591133,0.0,314.4204605415521,306.22029924765,497.4734983668991,291.6056160250857,1053.6,44.036826119969625,270.3836344215824,0.0432419888050255,0.1697755505247368,0.7869824606702376,371,21.964959568733157,0.1909676549931374,0.2817700002196943,0.0479846449136276,81.56370821660849,0.0057957247287738,0.5121293800539084,3045,0.0,0.865024630541872,0.0,0.0,1.0,23593.02878898057,0.0,7.040348225102094e-15,2.618969750423809e-13,0.0,0.0,0.0,0.0,,,0.0,350.0,67.40865368280163,0.0,0.0
optimal@30s+aware,1,350,3045,2610,0.8571428571428571,0.1428571428571428,0.070935960591133,0.0719211822660098,0.0,319.30564458334123,305.9206767016167,507.2722619304043,293.00049816000853,1044.0,48.01494252873563,271.2907020546057,0.0478007887031736,0.1674423933774557,0.7847568179193707,362,23.298342541436465,0.1930417127203035,0.2621109998653991,0.0479470928630476,75.76186802558225,0.0049841215026589,0.4696132596685083,3045,0.0,0.8571428571428571,0.0,0.0,1.0,23370.33038872039,0.0,7.259922760874511e-15,2.645689542286969e-13,0.0,0.0,0.0,0.0,,,0.0,350.0,66.77237253920111,0.0,0.0
optimal@30s+aware,2,350,3045,2588,0.8499178981937603,0.1500821018062397,0.0732348111658456,0.076847290640394,0.0,319.0242156918852,307.7256918138746,495.8074465431294,293.52695557279566,1035.2,47.22952086553323,271.794694826352,0.0521042433616595,0.1672320187437958,0.7806637378945447,362,23.76795580110497,0.1893988950044366,0.2666399998815904,0.048289183222958,83.42719831855136,0.0053334339457566,0.4889502762430939,3045,0.0,0.8499178981937603,0.0,0.0,1.0,23289.763612417737,0.0,-8.546829738876321e-15,2.701325338927212e-13,0.0,0.0,0.0,0.0,,,0.0,350.0,66.54218174976496,0.0,0.0
optimal@30s+aware,3,350,3045,2625,0.8620689655172413,0.1379310344827586,0.0676518883415435,0.0702791461412151,0.0,320.3070408568999,305.99039327768696,501.69475369824943,295.37433533505526,1050.0,47.713904761904764,272.59313609499515,0.0490837173198006,0.1710444359581616,0.7798718467220377,364,23.164835164835164,0.1935931318657422,0.290928000022177,0.0515350877192982,84.94484632160777,0.0056317245918363,0.5054945054945055,3045,0.0,0.8620689655172413,0.0,0.0,1.0,23330.43115090165,0.0,-1.1784858803106805e-15,2.6483924048512734e-13,0.0,0.0,0.0,0.0,,,0.0,350.0,66.65837471686187,0.0,0.0
optimal@30s+aware,4,350,3045,2632,0.864367816091954,0.135632183908046,0.0715927750410509,0.064039408866995,0.0,315.94201619452235,305.79423865265994,496.8421185231858,293.44863974081943,1052.8,45.77887537993921,270.1631408145832,0.0474895271367028,0.1680778893645984,0.7844325834986987,364,22.99175824175824,0.1891252747385066,0.2732260001539544,0.0537428023032629,89.05724772144801,0.0059818670381277,0.4917582417582417,3045,0.0,0.864367816091954,0.0,0.0,1.0,23418.680975051982,0.0,-5.018613015873961e-15,2.6021198029804163e-13,0.0,0.0,0.0,0.0,,,0.0,350.0,66.9105170715771,0.0,0.0
optimal@30s+aware,5,350,3045,2623,0.8614121510673235,0.1385878489326765,0.0653530377668308,0.0732348111658456,0.0,317.7821615262126,306.9203430233074,506.4121566136633,292.20884262840104,1049.2,46.45749142203584,271.32467010417673,0.0438955382856966,0.169596171593932,0.7865082901203714,368,22.99728260869565,0.1868652174029312,0.2694979996795155,0.0510428100987925,76.01532339349623,0.0050712318026092,0.4673913043478261,3045,0.0,0.8614121510673235,0.0,0.0,1.0,23559.557028193056,0.0,1.0966277659324535e-14,2.6112851873191933e-13,0.0,0.0,0.0,0.0,,,0.0,350.0,67.31302008055158,0.0,0.0
optimal@30s+aware,0,400,3045,2845,0.93431855500821,0.0656814449917898,0.0118226600985221,0.0538587848932676,0.0,252.8673876663292,237.40872948645347,433.5567256092738,240.83948066301903,1138.0,24.52583479789104,228.34155286843816,0.1056942336246134,0.1464797635205729,0.7478260028548136,360,14.219444444444443,0.1877922222168611,0.2571790001729824,0.0570687418936446,82.69500523613945,0.0138185507002806,0.4972222222222222,3045,0.0,0.93431855500821,0.0,0.0,1.0,25419.03639130981,0.0,1.0974076558628752e-14,2.609939602848299e-13,0.0,0.0,0.0,0.0,,,0.0,400.0,63.54759097827453,0.0,0.0
optimal@30s+aware,1,400,3045,2819,0.9257799671592776,0.0742200328407225,0.0157635467980295,0.0584564860426929,0.0,255.74464326211591,241.8457262296056,434.351030577624,242.25648638617173,1127.6,23.94927279177013,231.79537047034572,0.1158709126709236,0.1471233810197874,0.7370057063092889,361,14.0803324099723,0.188082548467865,0.2714000000196391,0.05422314911366,74.63504346876579,0.0124948871632101,0.5013850415512465,3045,0.0,0.9257799671592776,0.0,0.0,1.0,25081.99204452971,0.0,-3.667398653887711e-16,2.6527390902342625e-13,0.0,0.0,0.0,0.0,,,0.0,400.0,62.70498011132428,0.0,0.0
optimal@30s+aware,2,400,3045,2830,0.929392446633826,0.070607553366174,0.0147783251231527,0.0558292282430213,0.0,258.3724086916657,243.600514906354,438.8339158074797,245.68325020913176,1132.0,24.0356890459364,234.33671964572932,0.1090165251151677,0.1495655369187969,0.7414179379660353,365,14.04931506849315,0.1831660273575386,0.2471519998653094,0.0477564943584361,82.77319157022238,0.0136642766330036,0.4767123287671233,3045,0.0,0.929392446633826,0.0,0.0,1.0,25228.644960940885,0.0,5.2785416399068565e-15,2.5982859366217543e-13,0.0,0.0,0.0,0.0,,,0.0,400.0,63.071612402352216,0.0,0.0
optimal@30s+aware,3,400,3045,2844,0.9339901477832512,0.0660098522167487,0.0134646962233169,0.0525451559934318,0.0,255.7526223443112,238.8994805920056,440.5696042329475,244.3454048259522,1137.6,23.460267229254573,232.2923551150567,0.1100007144024687,0.149752280103104,0.7402470054944272,361,14.21606648199446,0.186932686993913,0.258679999387823,0.0605903676851372,74.16232476105807,0.0123062186270274,0.4404432132963989,3045,0.0,0.9339901477832512,0.0,0.0,1.0,25198.654691806485,0.0,7.978615424226019e-15,2.643723652247768e-13,0.0,0.0,0.0,0.0,,,0.0,400.0,62.99663672951621,0.0,0.0
optimal@30s+aware,4,400,3045,2838,0.9320197044334976,0.0679802955665024,0.0164203612479474,0.051559934318555,0.0,266.94233780791564,255.11316642858424,444.905994582705,253.9261339604087,1135.2,26.243833685694156,240.6985041222215,0.1046732544937088,0.1524279779766051,0.7428987675296861,361,14.717451523545709,0.1850515235399198,0.2483599995684926,0.0535387829720553,82.29917018259391,0.012440703484207,0.5096952908587258,3045,0.0,0.9320197044334976,0.0,0.0,1.0,25319.19385562197,0.0,-3.2779354362012374e-15,2.6097486085885e-13,0.0,0.0,0.0,0.0,,,0.0,400.0,63.29798463905493,0.0,0.0
optimal@30s+aware,5,400,3045,2819,0.9257799671592776,0.0742200328407225,0.0183908045977011,0.0558292282430213,0.0,254.19211820459267,238.0249635388236,432.6435893507588,241.54866786724693,1127.6,24.10606598084427,230.0860522237484,0.1100107802697354,0.1469054175924019,0.7430838021378625,364,14.673076923076923,0.1828994505548517,0.2569409999432537,0.0536930330015715,84.57326106906834,0.0128801845490006,0.5164835164835165,3045,0.0,0.9257799671592776,0.0,0.0,1.0,25190.205468198583,0.0,1.2122264880440696e-14,2.623724421674424e-13,0.0,0.0,0.0,0.0,,,0.0,400.0,62.97551367049645,0.0,0.0
optimal@30s+aware,0,450,3045,2916,0.9576354679802956,0.0423645320197044,0.0036124794745484,0.0387520525451559,0.0,221.28312688988103,200.02526051934365,403.98910025677856,213.842390954972,1166.4,19.690329218107,201.59279767177404,0.1957590660258598,0.122162711919867,0.682078222054273,360,12.233333333333333,0.1921325000087866,0.2773259993773538,0.0505181347150259,68.99147150107002,0.0181580149031136,0.4583333333333333,3045,0.0,0.9576354679802956,0.0,0.0,1.0,26028.632308827026,0.0,4.697355140128715e-15,2.654684885268722e-13,0.0,0.0,0.0,0.0,,,0.0,450.0,57.84140513072671,0.0,0.0
optimal@30s+aware,1,450,3045,2898,0.9517241379310344,0.0482758620689655,0.00623973727422,0.0420361247947454,0.0,216.73500035921853,201.523813277699,388.3492309701922,208.58161202819585,1159.2,18.325396825396822,198.4096035338217,0.2069171753833666,0.1184469816224974,0.6746358429941359,360,11.877777777777778,0.196254722239549,0.2834470002198948,0.0501298701298701,69.22716985490621,0.0200527893015332,0.4666666666666667,3045,0.0,0.9517241379310344,0.0,0.0,1.0,25828.585636291984,0.0,-1.0512256658286506e-15,2.658197257126809e-13,0.0,0.0,0.0,0.0,,,0.0,450.0,57.396856969537744,0.0,0.0
optimal@30s+aware,2,450,3045,2920,0.9589490968801314,0.0410509031198686,0.005911330049261,0.0351395730706075,0.0,217.5787448094635,198.78007968651943,388.6374269982396,211.19503151618065,1168.0,18.84178082191781,198.7369639875457,0.1996301136760023,0.1193012701509632,0.6810686161730345,362,12.107734806629834,0.1956919889742303,0.2620680001746223,0.0493891343904341,60.66805310974564,0.0164361439788662,0.425414364640884,3045,0.0,0.9589490968801314,0.0,0.0,1.0,26035.00697609045,0.0,9.109608045068168e-15,2.586104846251171e-13,0.0,0.0,0.0,0.0,,,0.0,450.0,57.85557105797879,0.0,0.0
optimal@30s+aware,3,450,3045,2906,0.954351395730706,0.0456486042692939,0.0055829228243021,0.0400656814449917,0.0,214.1223243145545,196.87960760935675,388.1450526146218,207.0956014120524,1162.4,19.50034411562285,194.6219801989316,0.2077635088750248,0.1172784641314377,0.6749580269935375,360,12.508333333333333,0.1980847222335392,0.2624059999652674,0.0540890269151138,60.08186519857461,0.0152687535981293,0.4194444444444444,3045,0.0,0.954351395730706,0.0,0.0,1.0,25854.64157741891,0.0,1.4824877580025665e-15,2.535986256198182e-13,0.0,0.0,0.0,0.0,,,0.0,450.0,57.45475906093091,0.0,0.0
optimal@30s+aware,4,450,3045,2901,0.9527093596059112,0.0472906403940886,0.0068965517241379,0.0403940886699507,0.0,220.56549848979972,198.51701663324184,395.06404350734647,212.84700766773213,1160.4,19.31540847983454,201.2500900099652,0.2031417826834165,0.1208679412587231,0.6759902760578602,361,12.2797783933518,0.1944725761612546,0.2568999996583441,0.0494276795005202,58.33177995137064,0.015027800846108,0.407202216066482,3045,0.0,0.9527093596059112,0.0,0.0,1.0,25856.325082090763,0.0,6.901675982795613e-15,2.570728493535392e-13,0.0,0.0,0.0,0.0,,,0.0,450.0,57.45850018242392,0.0,0.0
optimal@30s+aware,5,450,3045,2898,0.9517241379310344,0.0482758620689655,0.0091954022988505,0.0390804597701149,0.0,213.39896589343485,198.7333067604225,384.6072704610256,206.052901327636,1159.2,18.316770186335404,195.08219570709943,0.2029372186482078,0.1174243219529747,0.6796384593988174,360,12.27777777777778,0.194335833313946,0.2665499994509447,0.0505471599791558,61.920764608413215,0.0163859568974364,0.4166666666666667,3045,0.0,0.9517241379310344,0.0,0.0,1.0,25990.412146992992,0.0,8.629551333159567e-15,2.5632774026184145e-13,0.0,0.0,0.0,0.0,,,0.0,450.0,57.75647143776221,0.0,0.0
optimal@30s+aware,0,500,3045,2950,0.9688013136289,0.0311986863711001,0.0016420361247947,0.0295566502463054,0.0,188.76953236109057,169.05969542134608,350.9844915866914,184.1387324114301,1180.0,17.26779661016949,171.50173575092106,0.2810333214622936,0.0970939384374333,0.621872740100273,360,11.377777777777778,0.2004663889086562,0.270656000229792,0.0509175497544585,39.281243192273685,0.0151380731560658,0.3833333333333333,3045,0.0,0.9688013136289,0.0,0.0,1.0,26357.58325476369,0.0,7.700055282654476e-16,2.6053419308952425e-13,0.0,0.0,0.0,0.0,,,0.0,500.0,52.71516650952738,0.0,0.0
optimal@30s+aware,1,500,3045,2946,0.967487684729064,0.0325123152709359,0.0042692939244663,0.0282430213464696,0.0,191.0901588978249,171.53782839652445,348.80735983949126,186.7304790732447,1178.4,17.23693143245078,173.85322746537412,0.2863761735961145,0.096609100124623,0.6170147262792625,360,11.52777777777778,0.197967222207909,0.2805520002220875,0.0515277058518902,52.87070500605118,0.0193946942628061,0.4083333333333333,3045,0.0,0.967487684729064,0.0,0.0,1.0,26221.74113369649,0.0,1.0235005119208996e-14,2.5435111511139123e-13,0.0,0.0,0.0,0.0,,,0.0,500.0,52.44348226739299,0.0,0.0
optimal@30s+aware,2,500,3045,2953,0.9697865353037768,0.0302134646962233,0.0026272577996715,0.0275862068965517,0.0,191.23577075489857,171.1679785644319,349.98345845030497,186.84204652732163,1181.2,17.54893328818151,173.6868374667171,0.28406651585179,0.0968456070320948,0.6190878771161152,361,11.462603878116344,0.2026005539949959,0.2925999999206394,0.0524276859504132,42.07769930118333,0.0157415056989613,0.3379501385041551,3045,0.0,0.9697865353037768,0.0,0.0,1.0,26323.413390361075,0.0,6.664045091800144e-15,2.5824562039550774e-13,0.0,0.0,0.0,0.0,,,0.0,500.0,52.64682678072215,0.0,0.0
optimal@30s+aware,3,500,3045,2964,0.9733990147783252,0.0266009852216748,0.0022988505747126,0.0243021346469622,0.0,191.088897207037,170.0136783148364,351.42641062188784,187.1522229452869,1185.6,17.568825910931174,173.52007129610584,0.2834697820212626,0.0977024402138089,0.6188277777649285,361,11.354570637119114,0.1960861495705239,0.2693600003112804,0.0511892450879007,39.72100305261412,0.0154311527296536,0.3379501385041551,3045,0.0,0.9733990147783252,0.0,0.0,1.0,26352.43211010013,0.0,2.5876736650878647e-15,2.5917984208055346e-13,0.0,0.0,0.0,0.0,,,0.0,500.0,52.70486422020026,0.0,0.0
optimal@30s+aware,4,500,3045,2961,0.9724137931034482,0.0275862068965517,0.0026272577996715,0.0249589490968801,0.0,194.28245247974357,174.4568693445426,352.61862612914683,190.301919404536,1184.4,17.70854441067207,176.57390806907148,0.2796311860964939,0.0989346254690062,0.6214341884344998,360,11.602777777777778,0.1921927777529062,0.273115999916627,0.0531887425768138,55.658445356161465,0.0198631261898107,0.3888888888888889,3045,0.0,0.9724137931034482,0.0,0.0,1.0,26470.47000168652,0.0,1.4265297262711485e-14,2.572581346418454e-13,0.0,0.0,0.0,0.0,,,0.0,500.0,52.94094000337304,0.0,0.0
optimal@30s+aware,5,500,3045,2952,0.9694581280788176,0.0305418719211822,0.0039408866995073,0.0266009852216748,0.0,192.979911240654,172.96400692719908,353.05714619312033,188.4595136651077,1180.8,17.46409214092141,175.51581909973262,0.280702269152117,0.0990900852074278,0.620207645640455,361,11.570637119113574,0.1950329640326004,0.2727400000367197,0.0490781615164892,51.721944040908085,0.0181521264920226,0.3601108033240997,3045,0.0,0.9694581280788176,0.0,0.0,1.0,26358.742064865863,0.0,6.148649791663875e-15,2.557845534294934e-13,0.0,0.0,0.0,0.0,,,0.0,500.0,52.71748412973173,0.0,0.0
