arm,seed,drivers.num_drivers,requests,completed,completion_rate,cancel_rate,cancel_no_match_rate,cancel_eta_rate,cancel_late_rate,wait_mean_s,wait_p50_s,wait_p90_s,wait_all_mean_s,completed_per_hour,time_to_match_mean_s,pickup_mean_s,driver_idle_frac,driver_enroute_frac,driver_ontrip_frac,batches,batch_riders_mean,solve_ms_mean,solve_ms_p99,decline_rate,shadow_gap_s_per_batch,shadow_gap_frac,shadow_worse_batches_frac,app_opens,priced_out_rate,served_rate,retried_rate,surged_trip_frac,mean_multiplier_paid,revenue_per_hour,surge_revenue_per_hour,eta_error_mean_s,eta_abs_error_mean_s,eta_late_2min_frac,moves_per_driver_hour,chase_moves_per_hour,reposition_km_per_hour,moves_dispatched_frac,move_planned_mean_s,driver_reposition_frac,drivers_online_mean,earnings_per_online_hour,reserve_logons,reserve_logoffs
immediate_greedy,0,300,2915,1817,0.6233276157804459,0.376672384219554,0.0174957118353344,0.3591766723842196,0.0,432.9629081525752,404.6622039769391,715.7769052607589,281.2942880068669,726.8,11.805521967898317,421.15738618467697,0.0131699454398598,0.2302325898781772,0.7565974646819629,3231,6.224698235840297,0.0546567626159296,0.2642800001467548,0.0490745933819405,,,,2915,0.0,0.6233276157804459,0.0,0.0,1.0,18200.097342465888,0.0,2.799937252637489e-15,2.7479272450116813e-13,0.0,0.0,0.0,0.0,,,0.0,300.0,60.66699114155296,0.0,0.0
immediate_greedy,1,300,2915,1843,0.6322469982847342,0.3677530017152658,0.0144082332761578,0.353344768439108,0.0,412.9018912196011,389.3812164797391,705.6376066017324,271.72385179980813,737.2,9.625318647539329,403.2765725720618,0.0155114766248342,0.223601711755285,0.7608868116198808,3262,5.796137339055794,0.0527182096929042,0.2189240001052892,0.039785553047404,,,,2915,0.0,0.6322469982847342,0.0,0.0,1.0,18320.43271781003,0.0,7.84083716143301e-15,2.762721624390503e-13,0.0,0.0,0.0,0.0,,,0.0,300.0,61.06810905936677,0.0,0.0
immediate_greedy,2,300,2915,1824,0.6257289879931389,0.3742710120068611,0.0106346483704974,0.3636363636363636,0.0,420.73456779804377,394.34731239396615,702.1092202360834,271.42266051976424,729.6,7.841936121386036,412.89263167665774,0.0187769447090624,0.2272149544120132,0.7540081008789243,3207,4.723729342064234,0.0387215777964708,0.1134980000642827,0.0529966703662597,,,,2915,0.0,0.6257289879931389,0.0,0.0,1.0,17968.16305663336,0.0,-8.959694584694244e-17,2.8003720200431096e-13,0.0,0.0,0.0,0.0,,,0.0,300.0,59.89387685544453,0.0,0.0
immediate_greedy,3,300,2915,1830,0.62778730703259,0.3722126929674099,0.0120068610634648,0.3602058319039451,0.0,423.8981343274468,401.9288705989388,708.903334840057,276.07643386978486,732.0,12.25297702932784,411.645157298119,0.0156775671190416,0.2238549273700512,0.760467505510907,3226,5.941723496590204,0.0498029138287428,0.161749999733729,0.0538739239100249,,,,2915,0.0,0.62778730703259,0.0,0.0,1.0,18208.37365876361,0.0,-4.437980038108167e-15,2.7720873562618773e-13,0.0,0.0,0.0,0.0,,,0.0,300.0,60.69457886254536,0.0,0.0
immediate_greedy,4,300,2915,1852,0.6353344768439108,0.3646655231560892,0.0147512864493996,0.3499142367066895,0.0,412.9578705033168,381.4948112224074,700.4007985624894,272.4145260250064,740.8,12.538161902458938,400.4197086008579,0.0149521037292484,0.2214146603325819,0.7636332359381696,3230,6.008359133126935,0.0501433126932671,0.1527550000537303,0.0497623707017053,,,,2915,0.0,0.6353344768439108,0.0,0.0,1.0,18325.64183414008,0.0,2.282791186702265e-15,2.747521432828729e-13,0.0,0.0,0.0,0.0,,,0.0,300.0,61.08547278046692,0.0,0.0
immediate_greedy,5,300,2915,1837,0.630188679245283,0.3698113207547169,0.0140651801029159,0.355746140651801,0.0,432.5744322898143,407.98682085527616,715.5645883953922,283.3841714587437,734.8,12.398384473514032,420.1760478163003,0.0141064905544645,0.2302759644437033,0.7556175450018321,3199,6.22663332291341,0.0551575492340084,0.1941319996058154,0.0549542048293089,,,,2915,0.0,0.630188679245283,0.0,0.0,1.0,18246.199092859595,0.0,2.8816240508507056e-16,2.726925320765103e-13,0.0,0.0,0.0,0.0,,,0.0,300.0,60.82066364286531,0.0,0.0
immediate_greedy,0,350,2915,2180,0.7478559176672385,0.2521440823327616,0.0072041166380789,0.2449399656946826,0.0,347.2218739264589,321.73026781843373,605.9636964734547,263.7197110094812,872.0,3.6288786567545896,343.5929952697043,0.0305303833519795,0.197095644219136,0.7723739724288844,3359,3.108663292646621,0.0321149151525861,0.0905520000196702,0.0523400720022154,,,,2915,0.0,0.7478559176672385,0.0,0.0,1.0,21859.77730378227,0.0,-7.446846401504077e-15,2.685452268305607e-13,0.0,0.0,0.0,0.0,,,0.0,350.0,62.45650658223506,0.0,0.0
immediate_greedy,1,350,2915,2185,0.7495711835334476,0.2504288164665523,0.0106346483704974,0.2397941680960549,0.0,341.54299800370273,311.26527165462176,596.9065256376546,261.92321559529086,874.0,3.9611853890306143,337.5818126146722,0.0360457047506152,0.1922816848124544,0.7716726104369303,3420,3.634502923976608,0.0384746491279561,0.1438339999049275,0.0506117908787541,,,,2915,0.0,0.7495711835334476,0.0,0.0,1.0,21835.01217654144,0.0,-9.183399019617952e-15,2.657267236151068e-13,0.0,0.0,0.0,0.0,,,0.0,350.0,62.38574907583268,0.0,0.0
immediate_greedy,2,350,2915,2187,0.7502572898799313,0.2497427101200686,0.0054888507718696,0.2442538593481989,0.0,352.50867551505763,323.6495689939402,608.0696261305332,268.3318521596617,874.8,3.295698672602989,349.2129768424547,0.034401513229726,0.1994055481460213,0.7661929386242526,3176,2.961272040302267,0.0315175062970211,0.0920499999210733,0.0477512493059411,,,,2915,0.0,0.7502572898799313,0.0,0.0,1.0,21580.22539144223,0.0,-4.892088360177279e-15,2.720197689006228e-13,0.0,0.0,0.0,0.0,,,0.0,350.0,61.65778683269208,0.0,0.0
immediate_greedy,3,350,2915,2192,0.7519725557461406,0.2480274442538593,0.0085763293310463,0.239451114922813,0.0,343.947409523912,318.884732375418,596.0636411035315,263.0487680927335,876.8,3.8653237112209777,340.08208581269105,0.0338408667800343,0.1957212613684794,0.7704378718514862,3359,3.1830902054182797,0.0323237868491046,0.1071199999751116,0.051054384017758,,,,2915,0.0,0.7519725557461406,0.0,0.0,1.0,21608.51676063712,0.0,-1.1220140793757376e-14,2.615697601743416e-13,0.0,0.0,0.0,0.0,,,0.0,350.0,61.73861931610605,0.0,0.0
immediate_greedy,4,350,2915,2225,0.7632933104631218,0.2367066895368782,0.0089193825042881,0.22778730703259,0.0,329.46186089814813,305.09027001631785,562.0455154167025,256.18869847635466,890.0,3.3669759417682803,326.0948849563799,0.0368519583214822,0.1922430235606332,0.7709050181178845,3422,3.1604324956165986,0.0340138223246697,0.1199949999681848,0.0537098560354374,,,,2915,0.0,0.7632933104631218,0.0,0.0,1.0,21800.73840680221,0.0,4.361455017367896e-15,2.708708663111169e-13,0.0,0.0,0.0,0.0,,,0.0,350.0,62.28782401943489,0.0,0.0
immediate_greedy,5,350,2915,2206,0.7567753001715266,0.2432246998284734,0.0089193825042881,0.2343053173241852,0.0,338.5036745000704,309.8483559981128,586.9262135695631,261.36716950195444,882.4,3.1776253602342925,335.32604913983613,0.0370154708071549,0.1947846558504293,0.7681998733424157,3292,3.3578371810449577,0.0344297083824791,0.1477540000314548,0.052893935198006,,,,2915,0.0,0.7567753001715266,0.0,0.0,1.0,21824.06232756893,0.0,-1.3590216893820434e-14,2.6780371010335777e-13,0.0,0.0,0.0,0.0,,,0.0,350.0,62.35446379305408,0.0,0.0
immediate_greedy,0,400,2915,2501,0.8579759862778731,0.1420240137221269,0.0041166380789022,0.1379073756432247,0.0,272.5445912916006,247.3503563021832,486.52985971271846,235.85806271587083,1000.4,0.9947854552048048,271.5498058363959,0.0755296772099224,0.1598604370560344,0.764609885734043,3481,2.0807239299052,0.0281819879297288,0.0765799999498994,0.0464017782717421,,,,2915,0.0,0.8579759862778731,0.0,0.0,1.0,24923.973461204143,0.0,-4.5499167985597776e-15,2.7202195358732586e-13,0.0,0.0,0.0,0.0,,,0.0,400.0,62.30993365301036,0.0,0.0
immediate_greedy,1,400,2915,2501,0.8579759862778731,0.1420240137221269,0.0061749571183533,0.1358490566037735,0.0,273.14734492871213,249.95435499754603,474.4641364620047,237.78870865640624,1000.4,1.653431014647909,271.49391391406425,0.0758170611269937,0.16046330365001,0.7637196352229962,3650,2.532876712328767,0.0319167397256397,0.0985510000737121,0.0459226273309212,,,,2915,0.0,0.8579759862778731,0.0,0.0,1.0,24848.725348280885,0.0,8.16797427153254e-16,2.6536256865081377e-13,0.0,0.0,0.0,0.0,,,0.0,400.0,62.12181337070221,0.0,0.0
immediate_greedy,2,400,2915,2513,0.8620926243567753,0.1379073756432247,0.004459691252144,0.1334476843910806,0.0,276.08034667951324,254.43351796477415,476.2369799544569,239.6114873857729,1005.2,0.7855397752522395,275.294806904261,0.0702692522083363,0.1626099787183001,0.7671207690733635,3295,1.804855842185129,0.0249368437121554,0.0603179998597624,0.0461239233120311,,,,2915,0.0,0.8620926243567753,0.0,0.0,1.0,24999.069597712176,0.0,-1.6821314646720162e-14,2.666761890236114e-13,0.0,0.0,0.0,0.0,,,0.0,400.0,62.49767399428044,0.0,0.0
immediate_greedy,3,400,2915,2511,0.8614065180102916,0.1385934819897084,0.0058319039451114,0.1327615780445969,0.0,274.63857491451444,247.1820876986567,481.3316965629383,239.49538450835675,1004.4,1.721201357045442,272.91737355746903,0.071136979764974,0.1612735409665052,0.7675894792685207,3474,2.405008635578584,0.0290805987341819,0.0930270000662858,0.0506644518272425,,,,2915,0.0,0.8614065180102916,0.0,0.0,1.0,24902.705347236923,0.0,-9.0306982211724e-15,2.665288672096776e-13,0.0,0.0,0.0,0.0,,,0.0,400.0,62.2567633680923,0.0,0.0
immediate_greedy,4,400,2915,2507,0.8600343053173242,0.1399656946826758,0.0061749571183533,0.1337907375643224,0.0,268.5946857761807,247.4542437996697,469.59301215739856,233.5018949597589,1002.8,1.4281256751664912,267.1665601010142,0.0805381710220835,0.1579235123089808,0.7615383166689356,3517,2.1725902758032416,0.0275044071610197,0.0659680001081142,0.0561674008810572,,,,2915,0.0,0.8600343053173242,0.0,0.0,1.0,24811.217808895693,0.0,-8.410238334767161e-15,2.728925537433243e-13,0.0,0.0,0.0,0.0,,,0.0,400.0,62.028044522239234,0.0,0.0
immediate_greedy,5,400,2915,2518,0.8638078902229845,0.1361921097770154,0.0058319039451114,0.1303602058319039,0.0,271.96506955808843,244.81594567414345,483.2239583225678,237.88607598026812,1007.2,1.4096498495571583,270.5554197085313,0.0737357213858155,0.1600847499126149,0.7661795287015694,3586,2.316229782487451,0.0298071388738093,0.0888149999354937,0.0488210818307905,,,,2915,0.0,0.8638078902229845,0.0,0.0,1.0,25043.97608223724,0.0,-1.134614421655444e-14,2.667559933424811e-13,0.0,0.0,0.0,0.0,,,0.0,400.0,62.6099402055931,0.0,0.0
immediate_greedy,0,450,2915,2678,0.918696397941681,0.081303602058319,0.0030874785591766,0.0782161234991423,0.0,225.81615591216843,201.0156310757443,415.4898997257042,208.7404066207548,1071.2,0.6890997154451878,225.1270561967233,0.1417443478195182,0.1301248016218309,0.7281308505586508,3454,1.775911986103069,0.0252222350887139,0.0682999998389277,0.0495159059474412,,,,2915,0.0,0.918696397941681,0.0,0.0,1.0,26630.85746370468,0.0,-4.4588015961346095e-15,2.727317998028394e-13,0.0,0.0,0.0,0.0,,,0.0,450.0,59.179683252677066,0.0,0.0
immediate_greedy,1,450,2915,2667,0.9149228130360206,0.0850771869639794,0.0030874785591766,0.0819897084048027,0.0,221.1579409914405,193.40440239217605,413.4798212312239,204.0241054363777,1066.8,1.0304970059821903,220.12744398545823,0.1493709029754473,0.1273772813770591,0.7232518156474935,3563,1.9879315183833848,0.0268200673579175,0.0792000000728876,0.0588718510405257,,,,2915,0.0,0.9149228130360206,0.0,0.0,1.0,26548.43797814576,0.0,-5.9664809026424605e-15,2.693055544013431e-13,0.0,0.0,0.0,0.0,,,0.0,450.0,58.99652884032391,0.0,0.0
immediate_greedy,2,450,2915,2685,0.921097770154374,0.078902229845626,0.0027444253859348,0.0761578044596912,0.0,222.0388928760613,195.92843777135067,418.1030894783103,205.6865521206384,1074.0,0.4772769260197372,221.5616159500416,0.1448086342673188,0.1287920969926523,0.7263992687400289,3375,1.645333333333333,0.0245927999981008,0.0563560000227879,0.0463245492371705,,,,2915,0.0,0.921097770154374,0.0,0.0,1.0,26577.32509829395,0.0,-5.851722996087604e-16,2.6689447258916615e-13,0.0,0.0,0.0,0.0,,,0.0,450.0,59.06072244065322,0.0,0.0
immediate_greedy,3,450,2915,2691,0.9231560891938252,0.0768439108061749,0.0037735849056603,0.0730703259005145,0.0,221.2772561471012,197.97529323914569,408.2156718848182,206.3204150597548,1076.4,0.9337062614972268,220.3435498856039,0.142203078569999,0.128184332572612,0.729612588857389,3691,1.9761582227038743,0.0263341641839242,0.0804100001005281,0.0474209650582362,,,,2915,0.0,0.9231560891938252,0.0,0.0,1.0,26710.280898961075,0.0,-4.092353855764345e-15,2.67677700476618e-13,0.0,0.0,0.0,0.0,,,0.0,450.0,59.35617977546906,0.0,0.0
immediate_greedy,4,450,2915,2676,0.9180102915951972,0.0819897084048027,0.0041166380789022,0.0778730703259005,0.0,218.3815341075895,192.40786070642756,396.7650824802472,201.8530761828038,1070.4,0.7636129572784124,217.61792115031105,0.150282079538272,0.1257088416280289,0.724009078833699,3448,1.7804524361948957,0.024789675173136,0.0729649999948377,0.0490168928274716,,,,2915,0.0,0.9180102915951972,0.0,0.0,1.0,26559.375041504485,0.0,4.6134828228070776e-15,2.6669382530311043e-13,0.0,0.0,0.0,0.0,,,0.0,450.0,59.02083342556552,0.0,0.0
immediate_greedy,5,450,2915,2685,0.921097770154374,0.078902229845626,0.0041166380789022,0.0747855917667238,0.0,215.4128801600316,190.26487030804947,391.2386562812213,199.93912573826063,1074.0,0.9087091438541424,214.5041710161774,0.1468561173398343,0.1248159047086394,0.7283279779515262,3554,1.8728193584693305,0.0263289532910297,0.0689000003148976,0.0492801771871539,,,,2915,0.0,0.921097770154374,0.0,0.0,1.0,26676.476925359853,0.0,-3.4013760151085804e-15,2.654047476308349e-13,0.0,0.0,0.0,0.0,,,0.0,450.0,59.281059834133,0.0,0.0
immediate_greedy,0,500,2915,2759,0.946483704974271,0.0535162950257289,0.0017152658662092,0.0518010291595197,0.0,194.5160530885289,163.03801472030318,379.2906134911893,184.95426232828868,1103.6,0.62715062533269,193.8889024631962,0.2187994912754734,0.1058320934806683,0.6753684152438582,3467,1.6106143640034611,0.0255033746759633,0.061401999746522,0.0494475138121546,,,,2915,0.0,0.946483704974271,0.0,0.0,1.0,27463.26901896989,0.0,-8.248566744464048e-15,2.627466123533696e-13,0.0,0.0,0.0,0.0,,,0.0,500.0,54.926538037939785,0.0,0.0
immediate_greedy,1,500,2915,2740,0.9399656946826758,0.0600343053173241,0.0030874785591766,0.0569468267581475,0.0,187.69350937013488,157.8429990025329,366.2187375743836,177.87943779594815,1096.0,0.958659379805068,186.73484999032976,0.2300581010854378,0.1010398146794968,0.6689020842350654,3657,1.8665572873940388,0.0294202351615578,0.0819199998841213,0.0534288074910493,,,,2915,0.0,0.9399656946826758,0.0,0.0,1.0,27258.74908546266,0.0,-1.0248412013590934e-14,2.701054303174616e-13,0.0,0.0,0.0,0.0,,,0.0,500.0,54.51749817092532,0.0,0.0
immediate_greedy,2,500,2915,2750,0.9433962264150944,0.0566037735849056,0.0013722126929674,0.0552315608919382,0.0,190.5596725884008,164.50429165134346,366.1215944926372,180.46214266892724,1100.0,0.3054029690743286,190.25426961932644,0.2241469568761444,0.1037636004455167,0.6720894426783388,3380,1.4440828402366863,0.023197041415704,0.0510999998368788,0.0546553144740455,,,,2915,0.0,0.9433962264150944,0.0,0.0,1.0,27319.74267257589,0.0,-9.699554291066968e-15,2.654090280884703e-13,0.0,0.0,0.0,0.0,,,0.0,500.0,54.63948534515179,0.0,0.0
immediate_greedy,3,500,2915,2741,0.9403087478559176,0.0596912521440823,0.0037735849056603,0.0559176672384219,0.0,189.3471227648552,160.74140513698148,368.8379170317076,179.35584792663545,1096.4,1.062061831389759,188.28506093346545,0.2273633752378073,0.1024494395387461,0.6701871852234464,3796,1.7910958904109588,0.0271377502633916,0.0689099998680831,0.0508427742470295,,,,2915,0.0,0.9403087478559176,0.0,0.0,1.0,27223.2781410135,0.0,-4.070520725382332e-15,2.666933114009453e-13,0.0,0.0,0.0,0.0,,,0.0,500.0,54.446556282027,0.0,0.0
immediate_greedy,4,500,2915,2747,0.9423670668953688,0.0576329331046312,0.0030874785591766,0.0545454545454545,0.0,184.6981680189555,157.3512242709785,356.18518982709577,174.98100979116495,1098.8,0.6532833886190604,184.04488463033644,0.2281932970192622,0.0999278621423696,0.671878840838368,3479,1.614544409313021,0.0256260132169746,0.0604660001681622,0.0489762036524626,,,,2915,0.0,0.9423670668953688,0.0,0.0,1.0,27370.914242394727,0.0,-7.866215061115525e-15,2.674671550857783e-13,0.0,0.0,0.0,0.0,,,0.0,500.0,54.74182848478946,0.0,0.0
immediate_greedy,5,500,2915,2756,0.9454545454545454,0.0545454545454545,0.0037735849056603,0.0507718696397941,0.0,181.2881816342527,150.46767012523603,354.3867377302413,172.67576401156964,1102.4,0.6398083701044494,180.64837326414823,0.2305855610849019,0.0987550332115235,0.6706594057035745,3668,1.7069247546346784,0.0266710468954239,0.0613330001488066,0.0479490022172949,,,,2915,0.0,0.9454545454545454,0.0,0.0,1.0,27362.47311436872,0.0,-1.8079554947165052e-14,2.668806959010799e-13,0.0,0.0,0.0,0.0,,,0.0,500.0,54.72494622873743,0.0,0.0
batched_greedy@10s,0,300,2915,1911,0.6555746140651801,0.3444253859348199,0.0792452830188679,0.2651801029159519,0.0,411.396094393473,383.38499533352297,667.6790746428405,297.8313006629313,764.4,39.92569335426478,371.4704010392082,0.0121909720020096,0.2015228940220113,0.7862861339759789,1075,16.570232558139534,0.0344533953567977,0.0815519998923264,0.0457788347205707,,,,2915,0.0,0.6555746140651801,0.0,0.0,1.0,18914.06308154814,0.0,-1.1306962111179826e-14,2.735942759049474e-13,0.0,0.0,0.0,0.0,,,0.0,300.00000000000006,63.0468769384938,0.0,0.0
batched_greedy@10s,1,300,2915,1889,0.6480274442538594,0.3519725557461406,0.0624356775300171,0.2895368782161235,0.0,409.9160946343033,383.29731683992486,681.754838943806,290.5036374607629,755.6,32.96982530439386,376.9462693299095,0.0134144859975179,0.2029646940735506,0.7836208199289315,1076,14.842936802973975,0.0350458178440407,0.1025999999910709,0.0446664707610931,,,,2915,0.0,0.6480274442538594,0.0,0.0,1.0,18864.50329702261,0.0,-1.3917459620499581e-14,2.642737508154215e-13,0.0,0.0,0.0,0.0,,,0.0,300.0,62.88167765674203,0.0,0.0
batched_greedy@10s,2,300,2915,1922,0.6593481989708405,0.3406518010291595,0.0922813036020583,0.2483704974271012,0.0,416.3777700348618,392.1242580598287,671.3771053502417,307.54373687077083,768.8,49.23413111342352,367.1436389214384,0.0123991830628621,0.1960068802111553,0.7915939367259825,1082,19.437153419593347,0.0336224584156661,0.0868660000696764,0.0559190957763236,,,,2915,0.0,0.6593481989708405,0.0,0.0,1.0,18927.60160390999,0.0,-2.055472222073963e-15,2.790488386089692e-13,0.0,0.0,0.0,0.0,,,0.0,300.0,63.09200534636663,0.0,0.0
batched_greedy@10s,3,300,2915,1940,0.6655231560891939,0.3344768439108062,0.0778730703259005,0.2566037735849056,0.0,410.2169980707413,383.8288448459921,666.119504263997,303.1435880982625,776.0,47.61134020618557,362.6056578645557,0.0121042026385845,0.1944797818238765,0.7934160155375389,1074,18.66945996275605,0.0375678770938345,0.0911889998496917,0.0530191458026509,,,,2915,0.0,0.6655231560891939,0.0,0.0,1.0,19085.99781964288,0.0,2.737787087529252e-15,2.687994157154723e-13,0.0,0.0,0.0,0.0,,,0.0,300.0,63.61999273214293,0.0,0.0
batched_greedy@10s,4,300,2915,1938,0.6648370497427101,0.3351629502572898,0.0449399656946826,0.2902229845626072,0.0,399.3691519732735,376.75857548124304,654.7360845640708,285.62272285734366,775.2,31.087719298245613,368.2814326750278,0.0142036632271244,0.2038316411926579,0.7819646955802176,1075,13.210232558139534,0.0374337674293201,0.0916079997932683,0.0493827160493827,,,,2915,0.0,0.6648370497427101,0.0,0.0,1.0,18857.93051257649,0.0,-3.987178664288488e-15,2.65630425578881e-13,0.0,0.0,0.0,0.0,,,0.0,300.0,62.85976837525498,0.0,0.0
batched_greedy@10s,5,300,2915,1917,0.6576329331046312,0.3423670668953688,0.0785591766723842,0.2638078902229845,0.0,409.7746277475906,384.14505313553946,669.458011129972,299.855443073052,766.8,41.990088680229526,367.7845390673611,0.0159246544124835,0.1988956462335503,0.7851796993539661,1077,17.710306406685238,0.0392805942387172,0.1062680002360139,0.04540059347181,,,,2915,0.0,0.6576329331046312,0.0,0.0,1.0,18982.947960263256,0.0,-1.2407625497949584e-14,2.783626224671435e-13,0.0,0.0,0.0,0.0,,,0.0,300.0,63.27649320087752,0.0,0.0
batched_greedy@10s,0,350,2915,2207,0.7571183533447684,0.2428816466552315,0.0140651801029159,0.2288164665523156,0.0,344.2594890706398,319.24860814220574,587.253120534777,267.56001237778213,882.8,10.528772088808337,333.73071698183145,0.0333297340885559,0.1920794441010324,0.7745908218104117,1074,6.243947858472998,0.0402662011146609,0.1095640000039565,0.052118171683389,,,,2915,0.0,0.7571183533447684,0.0,0.0,1.0,21969.90705900197,0.0,-1.3921100088022988e-14,2.7295529779434894e-13,0.0,0.0,0.0,0.0,,,0.0,349.99999999999994,62.77116302571992,0.0,0.0
batched_greedy@10s,1,350,2915,2196,0.753344768439108,0.2466552315608919,0.01852487135506,0.2281303602058319,0.0,340.37427149698857,309.48447478130925,587.4518839488528,264.93432084306943,878.4,12.86976320582878,327.5045082911598,0.0378476157238839,0.1850153610511862,0.7771370232249298,1073,7.129543336439888,0.0398041938493179,0.0886680002804496,0.046426561620709,,,,2915,0.0,0.753344768439108,0.0,0.0,1.0,21937.685549718368,0.0,-7.046377244087241e-15,2.685461648642855e-13,0.0,0.0,0.0,0.0,,,0.0,350.0,62.67910157062392,0.0,0.0
batched_greedy@10s,2,350,2915,2200,0.7547169811320755,0.2452830188679245,0.0123499142367066,0.2329331046312178,0.0,344.5614286594772,320.43581897722834,587.2168503968921,266.317831685304,880.0,10.333636363636364,334.2277922958408,0.0351208652011498,0.1895185329399099,0.7753606018589402,1058,5.936672967863895,0.0391070888497002,0.0965869999299685,0.0450854102492299,,,,2915,0.0,0.7547169811320755,0.0,0.0,1.0,21764.747032382544,0.0,-1.1291170019169592e-14,2.6554273931238146e-13,0.0,0.0,0.0,0.0,,,0.0,350.0,62.18499152109298,0.0,0.0
batched_greedy@10s,3,350,2915,2205,0.7564322469982847,0.2435677530017152,0.0144082332761578,0.2291595197255574,0.0,355.6833777882626,325.19704439116776,600.5427229073952,277.5794137207937,882.0,10.816326530612244,344.8670512576504,0.028807573320222,0.1956000374465914,0.7755923892331865,1073,6.6300093196644925,0.0399580615043642,0.0971960000606486,0.055,,,,2915,0.0,0.7564322469982847,0.0,0.0,1.0,21869.312916116574,0.0,-4.189140845751157e-15,2.6987089811536e-13,0.0,0.0,0.0,0.0,,,0.0,350.0,62.483751188904506,0.0,0.0
batched_greedy@10s,4,350,2915,2225,0.7632933104631218,0.2367066895368782,0.01852487135506,0.2181818181818181,0.0,341.70827285121595,318.968613180492,576.0195992747401,269.63048027869405,890.0,11.810337078651685,329.89793577256427,0.0333151936041546,0.1895434825668505,0.7771413238289948,1067,7.0,0.0371187441401472,0.0934639999195493,0.0506860823298795,,,,2915,0.0,0.7632933104631218,0.0,0.0,1.0,22043.996948443808,0.0,-2.687288593897188e-15,2.70007836314087e-13,0.0,0.0,0.0,0.0,,,0.0,350.0,62.982848424125166,0.0,0.0
batched_greedy@10s,5,350,2915,2197,0.7536878216123499,0.2463121783876501,0.0164665523156089,0.2298456260720411,0.0,346.43668444347355,315.7544225327447,586.0510956604721,269.8654347678073,878.8,11.659535730541648,334.7771487129318,0.0345573419125493,0.1896233526967396,0.775819305390711,1061,6.929311969839774,0.0370980207348202,0.0976999998783869,0.0529542920847268,,,,2915,0.0,0.7536878216123499,0.0,0.0,1.0,21917.408440297568,0.0,1.6042798506222085e-14,2.703601768698793e-13,0.0,0.0,0.0,0.0,,,0.0,350.0,62.621166972278765,0.0,0.0
batched_greedy@10s,0,400,2915,2500,0.8576329331046312,0.1423670668953688,0.0065180102915951,0.1358490566037735,0.0,273.76553964659786,248.40765161743207,480.124362315656,237.95672077325528,1000.0,6.356,267.40953964659786,0.075048818693083,0.1580898000020233,0.7668613813048936,1061,4.568331762488219,0.0450381715460671,0.107060000209458,0.0507346825616856,,,,2915,0.0,0.8576329331046312,0.0,0.0,1.0,24970.371293931297,0.0,-4.847322543355404e-15,2.6290933874406617e-13,0.0,0.0,0.0,0.0,,,0.0,400.0,62.42592823482824,0.0,0.0
batched_greedy@10s,1,400,2915,2507,0.8600343053173242,0.1399656946826758,0.0058319039451114,0.1341337907375643,0.0,274.6113383414281,250.6758904857943,483.8779713315719,239.2768572117941,1002.8,7.471878739529318,267.1394596018988,0.0761683638181681,0.1567405374871643,0.7670910986946674,1065,4.785915492957747,0.0481889201878637,0.1036800000838411,0.0459226273309212,,,,2915,0.0,0.8600343053173242,0.0,0.0,1.0,24968.534792914303,0.0,-3.588141617360538e-15,2.630155987521716e-13,0.0,0.0,0.0,0.0,,,0.0,400.0,62.421336982285766,0.0,0.0
batched_greedy@10s,2,400,2915,2523,0.8655231560891938,0.1344768439108061,0.004459691252144,0.1300171526586621,0.0,274.231681222544,251.21898853268797,472.68622599844,239.9056318883481,1009.2,5.737217598097503,268.4944636244465,0.0754614929380189,0.1590617939003013,0.7654767131616798,1055,4.144075829383886,0.04521109004078,0.1068380000833713,0.0477115117891816,,,,2915,0.0,0.8655231560891938,0.0,0.0,1.0,24854.01092085065,0.0,3.1915281621091304e-15,2.7469461065247913e-13,0.0,0.0,0.0,0.0,,,0.0,400.0,62.13502730212663,0.0,0.0
batched_greedy@10s,3,400,2915,2508,0.8603773584905661,0.1396226415094339,0.0078902229845626,0.1317324185248713,0.0,280.116569050043,254.27714350854603,489.2857119183663,245.3985560734145,1003.2,6.718102073365231,273.3984669766777,0.0718566107250084,0.1607893584452876,0.7673540308297039,1061,4.8501413760603205,0.0458229971685878,0.1061400000253343,0.045720657931419,,,,2915,0.0,0.8603773584905661,0.0,0.0,1.0,24904.904715772776,0.0,-1.9027841503384266e-15,2.620278617509497e-13,0.0,0.0,0.0,0.0,,,0.0,400.0,62.26226178943194,0.0,0.0
batched_greedy@10s,4,400,2915,2521,0.8648370497427101,0.1351629502572899,0.0075471698113207,0.1276157804459691,0.0,267.7384752298853,246.0517874542852,464.8904039776498,235.0900900819865,1008.4,6.584688615628719,261.15378661425655,0.0782367939713052,0.1553663446519705,0.7663968613767242,1065,4.602816901408451,0.0429980281655267,0.1061960001061375,0.0544048605357636,,,,2915,0.0,0.8648370497427101,0.0,0.0,1.0,25026.434852654824,0.0,6.415600564355129e-16,2.679497947511587e-13,0.0,0.0,0.0,0.0,,,0.0,400.0,62.56608713163706,0.0,0.0
batched_greedy@10s,5,400,2915,2529,0.8675814751286449,0.132418524871355,0.0072041166380789,0.1252144082332761,0.0,275.1419065212125,245.4194923219984,483.21917626573145,242.1583724181941,1011.6,6.5587188612099645,268.5831876600025,0.0725173155303897,0.1586485539433722,0.768834130526238,1061,4.635249764373233,0.0421000000084339,0.10498000010557,0.0538674033149171,,,,2915,0.0,0.8675814751286449,0.0,0.0,1.0,25170.97095503388,0.0,7.886139349294706e-16,2.69479970169336e-13,0.0,0.0,0.0,0.0,,,0.0,400.0,62.92742738758471,0.0,0.0
batched_greedy@10s,0,450,2915,2688,0.9221269296740996,0.0778730703259005,0.004459691252144,0.0734133790737564,0.0,226.07081512866733,200.05922941337667,417.0603904081864,210.27084112038065,1075.2,5.680059523809524,220.39075560485784,0.1429230194571919,0.1278068924436514,0.7292700880991566,1057,4.090823084200568,0.0496956480512506,0.1170079999792506,0.0493211415904682,,,,2915,0.0,0.9221269296740996,0.0,0.0,1.0,26767.84486683796,0.0,-4.168953542171311e-15,2.728422646544207e-13,0.0,0.0,0.0,0.0,,,0.0,450.0,59.48409970408435,0.0,0.0
batched_greedy@10s,1,450,2915,2693,0.9238421955403088,0.0761578044596912,0.0034305317324185,0.0727272727272727,0.0,225.62301168532807,199.5623013744671,410.9105687583617,210.5492461115033,1077.2,5.83215744522837,219.7908542400997,0.1457020297030785,0.1270610651317978,0.7272369051651237,1054,4.156546489563567,0.0532759962089521,0.1109410001345168,0.0523993381136238,,,,2915,0.0,0.9238421955403088,0.0,0.0,1.0,26779.58358299971,0.0,2.552070037742135e-15,2.6956231528400473e-13,0.0,0.0,0.0,0.0,,,0.0,450.0,59.51018573999935,0.0,0.0
batched_greedy@10s,2,450,2915,2695,0.9245283018867924,0.0754716981132075,0.0041166380789022,0.0713550600343053,0.0,225.47038991650763,202.39018491257772,411.9012118805504,210.3105748271849,1078.0,5.430055658627087,220.04033425788052,0.1431638209312666,0.1274008782751722,0.7294353007935612,1051,3.988582302568982,0.05261674595767,0.1162500002465094,0.0455808782657031,,,,2915,0.0,0.9245283018867924,0.0,0.0,1.0,26666.08392480619,0.0,-4.233595539691209e-15,2.702692326793467e-13,0.0,0.0,0.0,0.0,,,0.0,450.0,59.257964277347085,0.0,0.0
batched_greedy@10s,3,450,2915,2698,0.925557461406518,0.0744425385934819,0.0037735849056603,0.0706689536878216,0.0,225.30197533903663,198.7153526762686,410.7915580477914,210.8832503275565,1079.2,5.955893254262417,219.34608208477425,0.1393776103887477,0.1275958737243838,0.7330265158868684,1058,4.234404536862003,0.0551537807203784,0.1200460000882232,0.042908888269713,,,,2915,0.0,0.925557461406518,0.0,0.0,1.0,26803.0067185839,0.0,-6.6353314408731375e-15,2.6721397518709736e-13,0.0,0.0,0.0,0.0,,,0.0,450.0,59.56223715240866,0.0,0.0
batched_greedy@10s,4,450,2915,2673,0.9169811320754716,0.0830188679245283,0.004459691252144,0.0785591766723842,0.0,221.8789038424085,196.10976611052772,404.5561260041415,205.2798063049251,1069.2,5.894874672652451,215.98402916975604,0.1508062473440057,0.1246682999575914,0.724525452698403,1056,4.073863636363637,0.0508323863607184,0.1197600000068633,0.0527041942604856,,,,2915,0.0,0.9169811320754716,0.0,0.0,1.0,26495.65503563885,0.0,-1.0073664478132696e-14,2.727485278409089e-13,0.0,0.0,0.0,0.0,,,0.0,450.0,58.87923341253078,0.0,0.0
batched_greedy@10s,5,450,2915,2706,0.9283018867924528,0.0716981132075471,0.0051457975986277,0.0665523156089193,0.0,216.72519761119915,192.14894032474425,390.99771410991184,203.18913601877583,1082.4,5.805617147080562,210.91958046411855,0.1454385526678267,0.1234232272076521,0.7311382201245211,1056,4.122159090909091,0.0525178030268548,0.116124999931344,0.0522099447513812,,,,2915,0.0,0.9283018867924528,0.0,0.0,1.0,26893.57794506749,0.0,-2.807805724805884e-15,2.73395332815968e-13,0.0,0.0,0.0,0.0,,,0.0,450.0,59.76350654459442,0.0,0.0
batched_greedy@10s,0,500,2915,2751,0.943739279588336,0.0562607204116638,0.0020583190394511,0.0542024013722126,0.0,195.27634775843904,163.72247887019876,372.5030169136489,185.5064234588617,1100.4,5.498364231188659,189.77798352725037,0.2204185526446495,0.1033561841425203,0.6762252632128302,1050,3.879047619047619,0.0568232380958631,0.1300650000530367,0.0433815350389321,,,,2915,0.0,0.943739279588336,0.0,0.0,1.0,27440.608712889305,0.0,-8.595733277388634e-15,2.6518534530931713e-13,0.0,0.0,0.0,0.0,,,0.0,500.0,54.881217425778615,0.0,0.0
batched_greedy@10s,1,500,2915,2740,0.9399656946826758,0.0600343053173241,0.0041166380789022,0.0559176672384219,0.0,191.6368255952092,162.7696009913916,371.2741780022335,182.0636236313018,1096.0,5.920437956204379,185.7163876390048,0.2289597686232118,0.1004935402965118,0.6705466910802763,1058,4.131379962192817,0.0564418714547532,0.1243940000904334,0.0534729878721058,,,,2915,0.0,0.9399656946826758,0.0,0.0,1.0,27300.8434266216,0.0,-5.917407683075104e-15,2.692564743754197e-13,0.0,0.0,0.0,0.0,,,0.0,500.0,54.6016868532432,0.0,0.0
batched_greedy@10s,2,500,2915,2765,0.948542024013722,0.0514579759862778,0.0017152658662092,0.0497427101200686,0.0,194.56214890228765,168.26069600847222,369.2125059601036,185.38827376562347,1106.0,5.160940325497288,189.4012085767904,0.2206877280855702,0.1036595585522779,0.6756527133621518,1043,3.707574304889741,0.0589278044047912,0.1216620002105625,0.0494475138121546,,,,2915,0.0,0.948542024013722,0.0,0.0,1.0,27526.98903249352,0.0,-1.0552780269073604e-14,2.6673941335797e-13,0.0,0.0,0.0,0.0,,,0.0,500.0,55.05397806498704,0.0,0.0
batched_greedy@10s,3,500,2915,2741,0.9403087478559176,0.0596912521440823,0.0058319039451114,0.0538593481989708,0.0,193.73036956916332,166.20776122316963,376.024288568804,184.29163853533663,1096.4,6.1499452754469175,187.5804242937164,0.2272238119685038,0.1018473143964077,0.6709288736350884,1059,4.239848914069877,0.0566552408003794,0.1190840001436299,0.0530240265120132,,,,2915,0.0,0.9403087478559176,0.0,0.0,1.0,27226.96840257221,0.0,-9.644885320092751e-15,2.68538039508699e-13,0.0,0.0,0.0,0.0,,,0.0,500.0,54.453936805144416,0.0,0.0
batched_greedy@10s,4,500,2915,2740,0.9399656946826758,0.0600343053173241,0.0051457975986277,0.0548885077186964,0.0,192.0786253816111,164.16865716384245,369.3524701130194,182.4599635941473,1096.0,5.666788321167883,186.4118370604432,0.2279679964716842,0.1006920383736802,0.6713399651546356,1050,4.096190476190476,0.0537505714336952,0.1287200000024313,0.0556014313239746,,,,2915,0.0,0.9399656946826758,0.0,0.0,1.0,27237.17249734142,0.0,-9.310638229579086e-15,2.7035924188776273e-13,0.0,0.0,0.0,0.0,,,0.0,500.0,54.474344994682845,0.0,0.0
batched_greedy@10s,5,500,2915,2751,0.943739279588336,0.0562607204116638,0.004459691252144,0.0518010291595197,0.0,182.12916213214945,151.38839553795788,352.4601308864567,173.6687529041134,1100.4,5.612868047982552,176.51629408416687,0.2336514417098263,0.0961317690276783,0.6702167892624952,1050,4.060952380952381,0.0574355238049541,0.1329850000820442,0.0532266960838389,,,,2915,0.0,0.943739279588336,0.0,0.0,1.0,27312.2179744678,0.0,-9.481813129394083e-15,2.6890320012286013e-13,0.0,0.0,0.0,0.0,,,0.0,500.0,54.62443594893559,0.0,0.0
optimal@10s,0,300,2915,1913,0.6562607204116638,0.3437392795883361,0.0768439108061749,0.2668953687821612,0.0,413.5764421808327,388.436023589843,658.3259452882935,300.0493816577052,765.2,41.23000522739153,372.3464369534412,0.0091154364193951,0.2015005276269839,0.7893840359536208,1068,16.969101123595507,0.0856505617960632,0.1709550000350643,0.0501919102450546,6.83303992462921,0.0004972460667537,0.0842696629213483,2915,0.0,0.6562607204116638,0.0,0.0,1.0,18985.640003988938,0.0,1.4597140363498137e-14,2.773382383363051e-13,0.0,0.0,0.0,0.0,,,0.0,300.0,63.28546667996313,0.0,0.0
optimal@10s,1,300,2915,1899,0.6514579759862779,0.3485420240137221,0.0703259005145797,0.2782161234991424,0.0,412.6463985466623,387.196782270179,673.0257642409723,295.51147468769744,759.6,35.57082675092154,377.0755717957408,0.0152461355350574,0.2044336960404194,0.7803201684245231,1087,15.596136154553818,0.0802467341160172,0.1532119999410503,0.0491755005889281,8.66923816471144,0.0006909777706707,0.1021159153633854,2915,0.0,0.6514579759862779,0.0,0.0,1.0,18787.84314814851,0.0,-7.277544081376487e-16,2.727881696785571e-13,0.0,0.0,0.0,0.0,,,0.0,300.0,62.62614382716169,0.0,0.0
optimal@10s,2,300,2915,1927,0.6610634648370497,0.3389365351629502,0.078902229845626,0.2600343053173242,0.0,425.8590816095809,395.41404393008816,688.3461572271061,311.51448277901744,770.8,45.70939283860924,380.1496887709717,0.0122532254132919,0.205626736677161,0.782120037909547,1089,18.124885215794308,0.0820655647459216,0.1469080000424582,0.0544437904649794,8.760444986236465,0.0005917853539699,0.0964187327823691,2915,0.0,0.6610634648370497,0.0,0.0,1.0,18833.41704113769,0.0,9.336243938477288e-15,2.76259900615559e-13,0.0,0.0,0.0,0.0,,,0.0,300.0,62.77805680379231,0.0,0.0
optimal@10s,3,300,2915,1909,0.6548885077186964,0.3451114922813036,0.0878216123499142,0.2572898799313893,0.0,422.44599973189486,402.6304030866295,681.4553125378267,309.7102677345339,763.6,48.88318491356731,373.5628148183275,0.0127193350100761,0.1987530503673137,0.78852761462261,1076,19.573420074349443,0.0832846654313071,0.1839750000272033,0.0517857142857142,8.780286164590967,0.0005450783749916,0.095724907063197,2915,0.0,0.6548885077186964,0.0,0.0,1.0,18959.983587740484,0.0,-1.9689738460822054e-15,2.71007475816808e-13,0.0,0.0,0.0,0.0,,,0.0,300.0,63.19994529246828,0.0,0.0
optimal@10s,4,300,2915,1923,0.6596912521440823,0.3403087478559177,0.0758147512864494,0.2644939965694682,0.0,412.4523659784591,392.9792142981692,664.4391501629317,300.0307424946847,769.2,40.886115444617786,371.5662505338413,0.0125493895527098,0.2032298744399356,0.7842207360073546,1068,16.739700374531836,0.0794290262205806,0.1531220000606478,0.0534822215692036,9.884863475804586,0.0007311090921745,0.1048689138576779,2915,0.0,0.6596912521440823,0.0,0.0,1.0,18868.574444352893,0.0,1.9757004722357024e-14,2.683102483474762e-13,0.0,0.0,0.0,0.0,,,0.0,300.0,62.89524814784298,0.0,0.0
optimal@10s,5,300,2915,1904,0.6531732418524872,0.3468267581475128,0.0857632933104631,0.2610634648370497,0.0,412.686077309707,385.40719033152527,671.5521732584997,300.2063429560004,761.6,42.14023109243698,370.54584621727,0.015826581418307,0.2005820733592678,0.783591345222425,1072,17.769589552238806,0.0772493470079288,0.1568829999405351,0.0436864153201675,6.7332859702146175,0.0004652512105179,0.083955223880597,2915,0.0,0.6531732418524872,0.0,0.0,1.0,18862.26857443197,0.0,-5.804880385897247e-15,2.7631491865817873e-13,0.0,0.0,0.0,0.0,,,0.0,300.0,62.87422858143992,0.0,0.0
optimal@10s,0,350,2915,2208,0.7574614065180103,0.2425385934819897,0.0113207547169811,0.2312178387650085,0.0,355.0213458904919,328.5307343116565,606.5215303904104,275.3749808527184,883.2,9.866847826086955,345.1544980644049,0.0294075724538109,0.1986211076086811,0.7719713199375079,1073,5.994408201304753,0.0837776328066438,0.1610320003055675,0.0512106874478152,8.99895588498632,0.0024748567738016,0.1034482758620689,2915,0.0,0.7574614065180103,0.0,0.0,1.0,21966.80035546294,0.0,-8.86971655542924e-15,2.7434495898869565e-13,0.0,0.0,0.0,0.0,,,0.0,350.0,62.76228672989412,0.0,0.0
optimal@10s,1,350,2915,2194,0.7526586620926243,0.2473413379073756,0.0150943396226415,0.2322469982847341,0.0,339.81243002817894,310.335576469372,577.2825911185357,263.5221596877071,877.6,11.793527803099362,328.0189022250796,0.0391820627956655,0.1861832352523935,0.774634701951941,1073,6.707362534948742,0.0856511649638785,0.1679720000538508,0.0481657798935872,9.949507785472726,0.0023400649758122,0.1109040074557315,2915,0.0,0.7526586620926243,0.0,0.0,1.0,21874.078882094916,0.0,-7.008270192273732e-15,2.653718428027273e-13,0.0,0.0,0.0,0.0,,,0.0,349.99999999999994,62.4973682345569,0.0,0.0
optimal@10s,2,350,2915,2200,0.7547169811320755,0.2452830188679245,0.0140651801029159,0.2312178387650085,0.0,351.80636327960514,329.0583740791319,591.721280871076,272.29568438460245,880.0,9.617727272727272,342.18863600687786,0.0299134873910115,0.1935892408779433,0.776497271731045,1062,5.9030131826742,0.0886401129922127,0.1450359999762443,0.0427326398650548,8.210712541001849,0.0023148026508732,0.096045197740113,2915,0.0,0.7547169811320755,0.0,0.0,1.0,21837.21050516568,0.0,-8.65408754758722e-15,2.740805562304806e-13,0.0,0.0,0.0,0.0,,,0.0,350.0,62.39203001475908,0.0,0.0
optimal@10s,3,350,2915,2174,0.7457975986277873,0.2542024013722126,0.0140651801029159,0.2401372212692967,0.0,355.16410096393315,328.4986850494786,610.9951843274237,273.6163214074245,869.6,11.071757129714811,344.0923438342183,0.033157138044249,0.1947509720466729,0.7720918899090781,1070,6.726168224299065,0.0833216822459086,0.1503440000124099,0.0518250208971858,8.238887225446684,0.0019169987613439,0.102803738317757,2915,0.0,0.7457975986277873,0.0,0.0,1.0,21607.6274363748,0.0,-1.4186341971328034e-14,2.6886721409016097e-13,0.0,0.0,0.0,0.0,,,0.0,350.0,61.73607838964228,0.0,0.0
optimal@10s,4,350,2915,2227,0.7639794168096055,0.2360205831903945,0.0171526586620926,0.2188679245283019,0.0,341.92611127691384,317.35530252488206,575.7961291951525,270.1245469196453,890.8,10.636731028289178,331.28938024862464,0.0342542977888577,0.190591385674793,0.7751543165363491,1065,6.796244131455399,0.0813398122072655,0.175568000104249,0.0511601901034386,8.483493170076613,0.0019714879731691,0.0938967136150234,2915,0.0,0.7639794168096055,0.0,0.0,1.0,21959.5477785053,0.0,5.398465688846383e-15,2.730915329228301e-13,0.0,0.0,0.0,0.0,,,0.0,350.0,62.74156508144371,0.0,0.0
optimal@10s,5,350,2915,2217,0.760548885077187,0.239451114922813,0.0137221269296741,0.2257289879931389,0.0,343.18173799142835,317.1642669070425,591.4281370736086,268.6192439705942,886.8,9.612088407758232,333.56964958367007,0.0333228923348056,0.191037421667003,0.7756396859981913,1065,6.191549295774648,0.0846215023331,0.1550799999313312,0.0538888888888888,7.438652713704736,0.0019755830888504,0.0892018779342723,2915,0.0,0.760548885077187,0.0,0.0,1.0,22061.485260191075,0.0,1.0999070145632358e-15,2.673963891986096e-13,0.0,0.0,0.0,0.0,,,0.0,350.0,63.03281502911736,0.0,0.0
optimal@10s,0,400,2915,2499,0.8572898799313894,0.1427101200686106,0.006861063464837,0.1358490566037735,0.0,277.4152191601919,249.3529872474055,483.5881848490561,240.87782364417012,999.6,6.477390956382553,270.9378282038093,0.0721127717551295,0.1598537497794005,0.76803347846547,1057,4.6007568590350045,0.0809976348256445,0.1497439999729977,0.0496946141032759,6.610730180823596,0.0032263171139132,0.0785241248817407,2915,0.0,0.8572898799313894,0.0,0.0,1.0,24902.507633797784,0.0,1.5375189450271076e-15,2.7027706470120764e-13,0.0,0.0,0.0,0.0,,,0.0,400.0,62.25626908449447,0.0,0.0
optimal@10s,1,400,2915,2509,0.8607204116638079,0.1392795883361921,0.0058319039451114,0.1334476843910806,0.0,276.03762086704666,248.4965581194847,478.4174612340068,240.82841239454964,1003.6,7.127540852929454,268.9100800141172,0.0733812772077284,0.1570041189688465,0.769614603823425,1063,4.7525870178739416,0.0851970837187009,0.1506659998722164,0.0445930880713489,4.33177602981531,0.001964272361115,0.0611476952022577,2915,0.0,0.8607204116638079,0.0,0.0,1.0,25053.36719967217,0.0,-2.3979755340967116e-15,2.683913053717508e-13,0.0,0.0,0.0,0.0,,,0.0,400.0,62.63341799918043,0.0,0.0
optimal@10s,2,400,2915,2521,0.8648370497427101,0.1351629502572899,0.004459691252144,0.1307032590051458,0.0,278.45853861753136,257.5572897181528,486.4119737015476,243.3449758095666,1008.4,5.792939309797699,272.66559930773366,0.071696676303363,0.1613521786944273,0.7669511450022095,1052,4.1606463878327,0.0844625475312098,0.1682680000430992,0.0426659230340211,4.167366160751299,0.0025097394289807,0.061787072243346,2915,0.0,0.8648370497427101,0.0,0.0,1.0,24970.903615147028,0.0,-1.788758219952985e-14,2.661167156882077e-13,0.0,0.0,0.0,0.0,,,0.0,400.0,62.42725903786757,0.0,0.0
optimal@10s,3,400,2915,2518,0.8638078902229845,0.1361921097770154,0.0075471698113207,0.1286449399656946,0.0,276.71223908473644,252.52293785946316,480.056063763684,243.30817465282345,1007.2,6.608419380460683,270.10381970427574,0.0708451171391638,0.1593945817458591,0.7697603011149771,1062,4.795668549905838,0.0865934086647311,0.1441529999192428,0.0459738088604068,3.2102308760994216,0.0014335761872233,0.0536723163841807,2915,0.0,0.8638078902229845,0.0,0.0,1.0,25013.390029113863,0.0,-4.778809066758259e-15,2.656725779270288e-13,0.0,0.0,0.0,0.0,,,0.0,400.0,62.533475072784654,0.0,0.0
optimal@10s,4,400,2915,2526,0.8665523156089194,0.1334476843910806,0.006861063464837,0.1265866209262435,0.0,271.82302305008875,251.05622719866776,468.4862793526757,238.64830803618332,1010.4,6.102533650039589,265.7204894000492,0.0751107862448802,0.1578352209012331,0.7670539928538868,1057,4.38883632923368,0.0844999053912505,0.1633359999505047,0.0517575422086908,4.91234598199552,0.002691486962975,0.0633869441816461,2915,0.0,0.8665523156089194,0.0,0.0,1.0,25020.424274513563,0.0,-1.3051933071761144e-15,2.691581452308346e-13,0.0,0.0,0.0,0.0,,,0.0,400.0,62.551060686283904,0.0,0.0
optimal@10s,5,400,2915,2520,0.8644939965694682,0.1355060034305317,0.0072041166380789,0.1283018867924528,0.0,275.78844846039374,247.476349119813,483.54817551609057,242.10056755358497,1008.0,6.286507936507936,269.5019405238858,0.0726124092353427,0.1585542462912088,0.7688333444734484,1062,4.611111111111111,0.0842858757080694,0.1583559999335193,0.0575123830489818,4.246534535398823,0.0020824885856948,0.0574387947269303,2915,0.0,0.8644939965694682,0.0,0.0,1.0,25079.39108278876,0.0,1.6373146225067189e-15,2.6694466742902653e-13,0.0,0.0,0.0,0.0,,,0.0,400.0,62.69847770697189,0.0,0.0
optimal@10s,0,450,2915,2679,0.9190394511149228,0.0809605488850771,0.0048027444253859,0.0761578044596912,0.0,227.2990230428373,200.5267327333877,416.2462588426043,210.96517137997324,1071.6,5.851810377006346,221.44721266583093,0.141955400485387,0.1275689757670338,0.7304756237475791,1059,4.165250236071766,0.0850880075461674,0.1524840000001859,0.0503736507057846,2.313170019245388,0.0015911146088661,0.0434372049102927,2915,0.0,0.9190394511149228,0.0,0.0,1.0,26700.41707045677,0.0,-7.726058190627741e-15,2.6894997365185985e-13,0.0,0.0,0.0,0.0,,,0.0,450.0,59.3342601565706,0.0,0.0
optimal@10s,1,450,2915,2684,0.920754716981132,0.0792452830188679,0.0034305317324185,0.0758147512864494,0.0,221.50402571233803,193.38017783648024,414.0530504793881,206.0700126786824,1073.6,5.766393442622951,215.73763226971508,0.1481700259525993,0.1249423274125628,0.7268876466348377,1059,4.117091595845137,0.0886789423941332,0.1689140000871704,0.0484630296316809,2.926759116597158,0.0020866131072911,0.0443814919735599,2915,0.0,0.920754716981132,0.0,0.0,1.0,26687.226260061645,0.0,-9.78551566652474e-15,2.629838721356129e-13,0.0,0.0,0.0,0.0,,,0.0,450.0,59.30494724458143,0.0,0.0
optimal@10s,2,450,2915,2697,0.9252144082332762,0.0747855917667238,0.0037735849056603,0.0710120068610634,0.0,228.74355711170116,203.5545156735543,411.87661660913136,213.3582289400717,1078.8,5.345939933259177,223.39761717844195,0.1387769044964565,0.1296084772533583,0.7316146182501851,1052,3.92680608365019,0.0873927756717383,0.1565229999278017,0.0460983060261038,1.944355116009659,0.0015789286537905,0.0399239543726235,2915,0.0,0.9252144082332762,0.0,0.0,1.0,26748.59276480406,0.0,-1.8013852264589114e-14,2.641535488676995e-13,0.0,0.0,0.0,0.0,,,0.0,450.0,59.44131725512013,0.0,0.0
optimal@10s,3,450,2915,2694,0.9241852487135506,0.0758147512864494,0.004459691252144,0.0713550600343053,0.0,225.2950590033636,201.44006883597007,411.6665032575894,210.62688926872343,1077.6,5.927988121752041,219.3670708816116,0.139719668436367,0.1276001969244959,0.7326801346391371,1058,4.241020793950851,0.0870724007561803,0.1535900001272241,0.0487669714602382,1.5047691028980352,0.0009885451266124,0.0349716446124763,2915,0.0,0.9241852487135506,0.0,0.0,1.0,26843.18226208056,0.0,-5.8875613285095904e-15,2.673674199632702e-13,0.0,0.0,0.0,0.0,,,0.0,450.0,59.6515161379568,0.0,0.0
optimal@10s,4,450,2915,2678,0.918696397941681,0.081303602058319,0.004459691252144,0.0768439108061749,0.0,221.70040735547624,196.82562681597483,394.6263955963629,205.47759881986337,1071.2,5.911501120238984,215.78890623523725,0.1482687584253205,0.1243616709036262,0.7273695706710532,1055,4.080568720379147,0.0905097630303743,0.1522680000562104,0.0466537073035268,1.8188046359469023,0.0013322467883944,0.0312796208530805,2915,0.0,0.918696397941681,0.0,0.0,1.0,26624.917789335304,0.0,-1.3416535329398494e-14,2.693147339857482e-13,0.0,0.0,0.0,0.0,,,0.0,450.0,59.16648397630068,0.0,0.0
optimal@10s,5,450,2915,2695,0.9245283018867924,0.0754716981132075,0.0051457975986277,0.0703259005145797,0.0,217.45445084767144,192.72462538145373,399.2506573378266,203.07742428586667,1078.0,5.824489795918368,211.62996105175307,0.1483374405915088,0.1223216431219933,0.7293409162864978,1055,4.144075829383886,0.0877682464517627,0.1653720000194883,0.050110741971207,2.949145473460163,0.0021185177532525,0.0549763033175355,2915,0.0,0.9245283018867924,0.0,0.0,1.0,26826.405884331318,0.0,-7.354743489142058e-15,2.726610526722868e-13,0.0,0.0,0.0,0.0,,,0.0,450.0,59.61423529851403,0.0,0.0
optimal@10s,0,500,2915,2769,0.9499142367066896,0.0500857632933104,0.0020583190394511,0.0480274442538593,0.0,196.88456964442332,165.8982353885881,374.52998659935207,188.17371013534284,1107.6,5.7670639219935,191.11750572242985,0.215835493205954,0.1047531787658917,0.6794113280281542,1048,3.949427480916031,0.0909177480881948,0.1634599997987606,0.0502484815019326,1.8148849829423608,0.0016241313359794,0.0381679389312977,2915,0.0,0.9499142367066896,0.0,0.0,1.0,27612.906156527948,0.0,-6.2236640944173086e-15,2.638261985587325e-13,0.0,0.0,0.0,0.0,,,0.0,500.0,55.2258123130559,0.0,0.0
optimal@10s,1,500,2915,2749,0.9430531732418524,0.0569468267581475,0.0041166380789022,0.0528301886792452,0.0,192.7830894918367,165.44099708235626,366.0964666931927,183.72702359088532,1099.6,5.812659148781375,186.9704303430553,0.2252490853515621,0.1015863841457418,0.673164530502696,1056,4.111742424242424,0.0877819128843074,0.1593400000274414,0.0505944152612662,1.5430161301018583,0.0012109266904418,0.0369318181818181,2915,0.0,0.9430531732418524,0.0,0.0,1.0,27445.634933760728,0.0,-1.6303841184033364e-14,2.6880498554575145e-13,0.0,0.0,0.0,0.0,,,0.0,500.0,54.89126986752145,0.0,0.0
optimal@10s,2,500,2915,2765,0.948542024013722,0.0514579759862778,0.0013722126929674,0.0500857632933104,0.0,194.64740728409544,168.37222390519128,369.345540672509,185.4040086851563,1106.0,5.2010849909584085,189.44632229313703,0.2214622496583709,0.1033498752441479,0.6751878750974812,1047,3.6867239732569246,0.0896875835687343,0.1652200002354219,0.0520517763701459,1.2363562463865267,0.0014378469537988,0.0276981852913085,2915,0.0,0.948542024013722,0.0,0.0,1.0,27467.69217829728,0.0,-6.256116781945621e-15,2.653645838330816e-13,0.0,0.0,0.0,0.0,,,0.0,500.0,54.93538435659456,0.0,0.0
optimal@10s,3,500,2915,2754,0.9447684391080616,0.0552315608919382,0.0054888507718696,0.0497427101200686,0.0,192.69797301073885,167.38514171147244,370.50921915921725,183.9938507585825,1101.6,5.792302106027596,186.90567090471123,0.2250317136433147,0.1018436698052397,0.6731246165514456,1058,4.107750472589792,0.0929206049152273,0.1824489999125953,0.0488075429839156,1.3406752308242902,0.0010464614213915,0.0321361058601134,2915,0.0,0.9447684391080616,0.0,0.0,1.0,27348.86177029597,0.0,-8.147440601628272e-15,2.702458607093309e-13,0.0,0.0,0.0,0.0,,,0.0,500.0,54.69772354059195,0.0,0.0
optimal@10s,4,500,2915,2753,0.94442538593482,0.0555746140651801,0.0041166380789022,0.0514579759862778,0.0,193.03745066418384,165.0506842233599,369.64543609689366,183.94055595688724,1101.2,5.482019614965492,187.5554310492184,0.2242575388349727,0.1019330416957184,0.6738094194693087,1052,3.96958174904943,0.099213878318468,0.1817450001362885,0.0516431924882629,2.147046414593321,0.0018918570078331,0.0323193916349809,2915,0.0,0.94442538593482,0.0,0.0,1.0,27435.28961021743,0.0,-1.3102970700218266e-14,2.6636641796477094e-13,0.0,0.0,0.0,0.0,,,0.0,500.0,54.87057922043486,0.0,0.0
optimal@10s,5,500,2915,2754,0.9447684391080616,0.0552315608919382,0.0048027444253859,0.0504288164665523,0.0,182.4562106787019,154.1165821147929,350.4946435676512,174.27439088221868,1101.6,5.441176470588236,177.01503420811366,0.2330911120815813,0.0965199996309652,0.6703888882874535,1051,4.043767840152236,0.0981481446331523,0.1948500000708009,0.0535024820739106,1.5498180846040988,0.0013316294279871,0.0342530922930542,2915,0.0,0.9447684391080616,0.0,0.0,1.0,27385.32542173203,0.0,-9.018042505760622e-15,2.6562710717347924e-13,0.0,0.0,0.0,0.0,,,0.0,500.0,54.77065084346406,0.0,0.0
batched_greedy@10s+aware,0,300,2915,2043,0.7008576329331047,0.2991423670668953,0.2078902229845626,0.0912521440823327,0.0,396.6232667559004,380.63552849352845,591.0326558543217,341.5040542874901,817.2,85.2834067547724,311.339860001128,0.0126359144324249,0.1631109665048251,0.8242531190627499,1121,34.58340767172168,0.0336317573517048,0.0711200001205725,0.0591379886401603,,,,2915,0.0,0.7008576329331047,0.0,0.0,1.0,20120.28828217774,0.0,8.324444630650024e-15,2.7603176719385213e-13,0.0,0.0,0.0,0.0,,,0.0,300.0,67.06762760725913,0.0,0.0
batched_greedy@10s+aware,1,300,2915,2032,0.6970840480274443,0.3029159519725557,0.2051457975986277,0.0977701543739279,0.0,387.64248551119096,378.1749796444715,576.6258550355107,331.24286006886183,812.8,77.77608267716535,309.8664028340256,0.0155679401048834,0.1596872913950422,0.8247447685000742,1097,33.23792160437557,0.0326130355435217,0.0772639998649537,0.0537453812562982,,,,2915,0.0,0.6970840480274443,0.0,0.0,1.0,20090.158144234225,0.0,-1.1923970122745776e-15,2.7114968188506623e-13,0.0,0.0,0.0,0.0,,,0.0,300.0,66.96719381411408,0.0,0.0
batched_greedy@10s+aware,2,300,2915,2031,0.6967409948542024,0.3032590051457976,0.2246998284734133,0.0785591766723842,0.0,396.1257025139424,382.926169542713,588.09099164705,342.3898856778651,812.4,83.9177744953225,312.20792801861984,0.0157989569018265,0.1615778338400212,0.8226232092581522,1091,35.62328139321723,0.0347885426322032,0.0839200000427807,0.0461114934618031,,,,2915,0.0,0.6967409948542024,0.0,0.0,1.0,19934.10934070185,0.0,3.1871217738919317e-15,2.7560731748126513e-13,0.0,0.0,0.0,0.0,,,0.0,300.0,66.44703113567284,0.0,0.0
batched_greedy@10s+aware,3,300,2915,2015,0.6912521440823327,0.3087478559176672,0.2332761578044597,0.0754716981132075,0.0,393.6174341446717,382.697103520773,584.6912059870953,340.08422315238494,806.0,85.69280397022332,307.9246301744484,0.0114947031255155,0.1562433653111123,0.8322619315633721,1093,36.33211344922233,0.0323777676164852,0.0814239999999699,0.0498442367601246,,,,2915,0.0,0.6912521440823327,0.0,0.0,1.0,20183.858126672265,0.0,4.6652508159335606e-15,2.739062905354916e-13,0.0,0.0,0.0,0.0,,,0.0,300.0,67.27952708890754,0.0,0.0
batched_greedy@10s+aware,4,300,2915,2043,0.7008576329331047,0.2991423670668953,0.2133790737564322,0.0857632933104631,0.0,388.14824562639336,371.8315209727402,571.6635393435546,335.675271977529,817.2,82.21292217327459,305.9353234531188,0.0132494540867288,0.1578859077852879,0.8288646381279832,1097,34.5278030993619,0.0335133090148961,0.0863040000149339,0.0521150592216582,,,,2915,0.0,0.7008576329331047,0.0,0.0,1.0,20166.45477268826,0.0,1.0833776905984884e-14,2.702670849397045e-13,0.0,0.0,0.0,0.0,,,0.0,300.0,67.22151590896087,0.0,0.0
batched_greedy@10s+aware,5,300,2915,2042,0.7005145797598628,0.2994854202401372,0.2202401372212692,0.0792452830188679,0.0,392.282771672851,379.1548657921253,584.6367304063642,340.647334583221,816.8,85.17384916748286,307.1089225053681,0.0171510770130437,0.1601370868417195,0.8227118361452367,1106,35.5126582278481,0.0357541591398712,0.087675000213494,0.0536502546689303,,,,2915,0.0,0.7005145797598628,0.0,0.0,1.0,20142.51689062015,0.0,-1.651089755720703e-15,2.70206318958604e-13,0.0,0.0,0.0,0.0,,,0.0,300.0,67.14172296873383,0.0,0.0
batched_greedy@10s+aware,0,350,2915,2299,0.7886792452830189,0.2113207547169811,0.1018867924528302,0.1094339622641509,0.0,356.02828140430773,345.8504782250693,547.8745745045181,313.48758870589813,919.6,48.51370160939539,307.5145797949124,0.0312367100185291,0.1653777270119664,0.8033855629695045,1111,21.11791179117912,0.0387746174614914,0.0950000000102592,0.0577965081276339,,,,2915,0.0,0.7886792452830189,0.0,0.0,1.0,22974.19755441212,0.0,-3.318596183220564e-15,2.706328709053903e-13,0.0,0.0,0.0,0.0,,,0.0,350.0,65.64056444117747,0.0,0.0
batched_greedy@10s+aware,1,350,2915,2307,0.7914236706689537,0.2085763293310463,0.1049742710120068,0.1036020583190394,0.0,352.4609074802251,344.73777402642645,541.4049821201738,311.1673987091822,922.8,44.42956220199393,308.0313452782312,0.031657914734871,0.1673483078602983,0.8009937774048307,1088,20.612132352941178,0.0373123161824316,0.0984780003000195,0.0548983924780103,,,,2915,0.0,0.7914236706689537,0.0,0.0,1.0,22822.89433775205,0.0,-9.689499118774492e-15,2.726857895676473e-13,0.0,0.0,0.0,0.0,,,0.0,350.0,65.20826953643444,0.0,0.0
batched_greedy@10s+aware,2,350,2915,2328,0.7986277873070325,0.2013722126929674,0.109090909090909,0.0922813036020583,0.0,368.5030129427008,356.8767502677888,562.2817974749653,326.9522687554566,931.2,55.61984536082474,312.8831675818761,0.0248151551282722,0.1673294215949709,0.8078554232767569,1088,22.763786764705884,0.0381353860289584,0.0890529998150659,0.0461491442542787,,,,2915,0.0,0.7986277873070325,0.0,0.0,1.0,23023.244520247004,0.0,-8.054648967658524e-15,2.737390306791929e-13,0.0,0.0,0.0,0.0,,,0.0,350.0,65.78069862927715,0.0,0.0
batched_greedy@10s+aware,3,350,2915,2311,0.7927958833619211,0.2072041166380789,0.0994854202401372,0.1077186963979416,0.0,353.42788868029027,342.742464318555,541.5539167948573,312.10172571830213,924.4,44.31328429251406,309.1146043877762,0.0290918735787049,0.1685482642312069,0.8023598621900883,1091,20.286892758936755,0.0377858845066323,0.0789700000495937,0.0486846084064106,,,,2915,0.0,0.7927958833619211,0.0,0.0,1.0,22730.91086863795,0.0,4.727983954630438e-15,2.694797123560431e-13,0.0,0.0,0.0,0.0,,,0.0,350.0,64.94545962467986,0.0,0.0
batched_greedy@10s+aware,4,350,2915,2324,0.7972555746140652,0.2027444253859348,0.0967409948542024,0.1060034305317324,0.0,357.06368458352387,348.5000310115015,554.7791212177955,315.0334606199352,929.6,49.85327022375216,307.21041435977173,0.0298391071746457,0.1669207901079225,0.8032401027174317,1116,20.764336917562723,0.0391758064543085,0.0930800002606697,0.0521712907117008,,,,2915,0.0,0.7972555746140652,0.0,0.0,1.0,23044.77442867699,0.0,-1.070094481566416e-17,2.7701841585590255e-13,0.0,0.0,0.0,0.0,,,0.0,350.0,65.84221265336282,0.0,0.0
batched_greedy@10s+aware,5,350,2915,2314,0.7938250428816467,0.2061749571183533,0.1012006861063464,0.1049742710120068,0.0,351.90780783393745,341.5058316690436,542.3194890491394,311.47939622085795,925.6,44.51987899740709,307.3879288365304,0.0324028624920438,0.1677107514042585,0.7998863861036977,1101,20.30063578564941,0.0417136239729313,0.0979999999799474,0.056507363991584,,,,2915,0.0,0.7938250428816467,0.0,0.0,1.0,22951.06832693628,0.0,1.4291842462201453e-15,2.677291788823251e-13,0.0,0.0,0.0,0.0,,,0.0,350.0,65.57448093410365,0.0,0.0
batched_greedy@10s+aware,0,400,2915,2541,0.8716981132075472,0.1283018867924528,0.0411663807890223,0.0871355060034305,0.0,297.44304452066933,277.2570378317155,500.8686294173804,272.73289938069223,1016.4,21.97323888232979,275.46980563833955,0.0702157165441733,0.155911131059344,0.7738731523964826,1104,11.007246376811594,0.0510899456460463,0.1206520000278033,0.0563620836891545,,,,2915,0.0,0.8716981132075472,0.0,0.0,1.0,25335.397680608818,0.0,3.4674261800178053e-16,2.686807879684119e-13,0.0,0.0,0.0,0.0,,,0.0,400.0,63.338494201522046,0.0,0.0
batched_greedy@10s+aware,1,400,2915,2534,0.8692967409948542,0.1307032590051458,0.0435677530017152,0.0871355060034305,0.0,286.01896185565386,271.6106061758396,486.1894687480433,262.03703617300727,1013.6,19.126282557221785,266.8926792984321,0.0785652319134682,0.1510190178152597,0.7704157502712721,1078,10.772727272727272,0.046909740258461,0.1062039998623732,0.0506183491515674,,,,2915,0.0,0.8692967409948542,0.0,0.0,1.0,25084.14768555009,0.0,-2.8194582510133413e-15,2.718358731132401e-13,0.0,0.0,0.0,0.0,,,0.0,400.0,62.71036921387524,0.0,0.0
batched_greedy@10s+aware,2,400,2915,2566,0.8802744425385934,0.1197255574614065,0.0346483704974271,0.0850771869639794,0.0,292.5157116816947,277.5971326676413,491.57634195464425,269.0996912609736,1026.4,19.516367887763057,272.99934379393164,0.067603938782081,0.1565901764581891,0.7758058847597297,1088,9.848345588235292,0.0445968749950091,0.1083649997599422,0.0438144329896907,,,,2915,0.0,0.8802744425385934,0.0,0.0,1.0,25343.081113972632,0.0,-1.6122895865016305e-15,2.6559303816593216e-13,0.0,0.0,0.0,0.0,,,0.0,400.0,63.357702784931575,0.0,0.0
batched_greedy@10s+aware,3,400,2915,2552,0.8754716981132076,0.1245283018867924,0.041852487135506,0.0826758147512864,0.0,291.51830888336445,273.56717597077113,497.3835077720471,269.6358292150702,1020.8,20.732366771159874,270.78594211220457,0.065691210786231,0.1551588988753012,0.7791498903384677,1083,10.933518005540169,0.0445320406306513,0.1032059999852212,0.0481651376146789,,,,2915,0.0,0.8754716981132076,0.0,0.0,1.0,25305.79177673139,0.0,4.540777367487279e-15,2.650666172099964e-13,0.0,0.0,0.0,0.0,,,0.0,400.0,63.26447944182847,0.0,0.0
batched_greedy@10s+aware,4,400,2915,2571,0.8819897084048027,0.1180102915951972,0.0325900514579759,0.0854202401372212,0.0,284.1515774779376,267.5453503713052,484.6301261504032,262.56075146498966,1028.4,17.795799299883313,266.3557781780542,0.0714727147920289,0.1548294116810362,0.7736978735269349,1120,9.478571428571428,0.0444926785600533,0.1076050001393013,0.0556969182923381,,,,2915,0.0,0.8819897084048027,0.0,0.0,1.0,25389.312374814024,0.0,-7.727601349775224e-15,2.6188688626397924e-13,0.0,0.0,0.0,0.0,,,0.0,400.0,63.47328093703506,0.0,0.0
batched_greedy@10s+aware,5,400,2915,2561,0.8785591766723843,0.1214408233276157,0.0339622641509433,0.0874785591766723,0.0,286.05797540228,271.59891612080355,489.6582663922673,264.2359016307572,1024.4,17.258102303787584,268.7998730984924,0.0727486480500857,0.1542538663964665,0.7729974855534477,1119,9.647899910634496,0.044063628236186,0.1032000000122934,0.0493017953833,,,,2915,0.0,0.8785591766723843,0.0,0.0,1.0,25434.388635448835,0.0,-1.0954489517320581e-14,2.704312542914318e-13,0.0,0.0,0.0,0.0,,,0.0,400.0,63.58597158862209,0.0,0.0
batched_greedy@10s+aware,0,450,2915,2710,0.9296740994854202,0.0703259005145797,0.0195540308747855,0.0507718696397941,0.0,232.18634598363653,211.9366149559287,433.5116672627767,222.10377807994425,1084.0,11.510332103321034,220.67601388031548,0.1418044520003743,0.1256163039621831,0.7325792440374426,1099,6.719745222929936,0.052537215650441,0.1232179999624349,0.0560825892857142,,,,2915,0.0,0.9296740994854202,0.0,0.0,1.0,26936.39381063768,0.0,-7.218825783142052e-15,2.684986304631478e-13,0.0,0.0,0.0,0.0,,,0.0,450.0,59.85865291252818,0.0,0.0
batched_greedy@10s+aware,1,450,2915,2692,0.9234991423670668,0.0765008576329331,0.0264150943396226,0.0500857632933104,0.0,223.24036549495491,196.0384084291136,422.0569896947495,214.5982699489768,1076.8,11.057206537890044,212.18315895706488,0.1509994874546012,0.1208252843427437,0.728175228202655,1082,7.394639556377079,0.065526155268292,0.1246660000424527,0.0519187358916478,,,,2915,0.0,0.9234991423670668,0.0,0.0,1.0,26702.906388450025,0.0,1.9211972280512e-15,2.693269084721358e-13,0.0,0.0,0.0,0.0,,,0.0,450.0,59.33979197433339,0.0,0.0
batched_greedy@10s+aware,2,450,2915,2712,0.930360205831904,0.069639794168096,0.0188679245283018,0.0507718696397941,0.0,226.42197557593187,205.1697562146128,423.54188020891496,217.1258985259425,1084.8,11.0641592920354,215.35781628389643,0.1469044344246073,0.1223998074431198,0.7306957581322728,1075,6.683720930232558,0.0515435348863193,0.1126640001166379,0.0541748115051661,,,,2915,0.0,0.930360205831904,0.0,0.0,1.0,26855.512045747648,0.0,-1.2226535745820344e-14,2.6825248020923106e-13,0.0,0.0,0.0,0.0,,,0.0,450.0,59.67891565721699,0.0,0.0
batched_greedy@10s+aware,3,450,2915,2710,0.9296740994854202,0.0703259005145797,0.0212692967409948,0.0490566037735849,0.0,227.91507063400428,203.54072965657315,425.010896478788,218.89836676692735,1084.0,12.501845018450185,215.4132256155541,0.1441012396355435,0.1233942577538996,0.7325045026105568,1077,7.184772516248839,0.0517811513405897,0.1185240000268095,0.0449152542372881,,,,2915,0.0,0.9296740994854202,0.0,0.0,1.0,26861.21725263265,0.0,-1.0832499309198723e-14,2.657711689101056e-13,0.0,0.0,0.0,0.0,,,0.0,450.0,59.69159389473924,0.0,0.0
batched_greedy@10s+aware,4,450,2915,2690,0.9228130360205832,0.0771869639794168,0.0202401372212692,0.0569468267581475,0.0,223.4496182801913,205.33340995365097,411.4260580348292,213.44660877587512,1076.0,10.636802973977694,212.81281530621365,0.1552112720462262,0.1208145986699558,0.7239741292838179,1080,6.842592592592593,0.0477411111146634,0.1120199999013494,0.0531914893617021,,,,2915,0.0,0.9228130360205832,0.0,0.0,1.0,26565.58662755407,0.0,-1.4950783279717982e-14,2.695258308153572e-13,0.0,0.0,0.0,0.0,,,0.0,450.0,59.03463695012015,0.0,0.0
batched_greedy@10s+aware,5,450,2915,2707,0.9286449399656946,0.0713550600343053,0.0216123499142367,0.0497427101200686,0.0,220.80324983490652,196.80933904990707,414.9000750462818,213.07372674845084,1082.8,11.25415589213151,209.54909394277504,0.1537142394876363,0.1189959591102917,0.727289801402072,1099,7.13739763421292,0.0461133757912884,0.1126359997488179,0.0487461256692025,,,,2915,0.0,0.9286449399656946,0.0,0.0,1.0,26804.36945379436,0.0,-1.9007575958942668e-14,2.6486763363385714e-13,0.0,0.0,0.0,0.0,,,0.0,450.0,59.56526545287635,0.0,0.0
batched_greedy@10s+aware,0,500,2915,2775,0.9519725557461408,0.0480274442538593,0.0164665523156089,0.0315608919382504,0.0,193.51421220993032,166.90487802295138,366.7327128975563,189.31010764235828,1110.0,8.765405405405405,184.7488068045249,0.2241361736527837,0.1004839936591026,0.6753798326881136,1088,5.700367647058823,0.0532617647007281,0.1133000000663742,0.0490058807056846,,,,2915,0.0,0.9519725557461408,0.0,0.0,1.0,27534.572411441484,0.0,-1.0199808965406701e-14,2.649729084795753e-13,0.0,0.0,0.0,0.0,,,0.0,500.0,55.06914482288297,0.0,0.0
batched_greedy@10s+aware,1,500,2915,2742,0.9406518010291596,0.0593481989708404,0.0198970840480274,0.039451114922813,0.0,195.6622278765862,166.59135966375607,386.894292409617,190.39215210445656,1096.8,9.434719183078045,186.22750869350816,0.2317357825254536,0.0989228707249862,0.66934134674956,1077,6.312906220984216,0.0512100278605955,0.1206520000596356,0.0584144645340751,,,,2915,0.0,0.9406518010291596,0.0,0.0,1.0,27251.40435365868,0.0,-1.139602230557615e-14,2.700813881641008e-13,0.0,0.0,0.0,0.0,,,0.0,500.0,54.50280870731736,0.0,0.0
batched_greedy@10s+aware,2,500,2915,2771,0.9506003430531732,0.0493996569468267,0.0144082332761578,0.0349914236706689,0.0,196.7482255222385,170.48775538948848,380.691948215097,191.9575222342736,1108.4,8.746300974377482,188.00192454786105,0.2233019316244829,0.1006262438719904,0.6760718245035267,1078,5.703153988868275,0.0513572356225966,0.1087039999038098,0.0518394648829431,,,,2915,0.0,0.9506003430531732,0.0,0.0,1.0,27559.03906566341,0.0,-3.110066837369295e-15,2.6796673064457543e-13,0.0,0.0,0.0,0.0,,,0.0,500.0,55.118078131326826,0.0,0.0
batched_greedy@10s+aware,3,500,2915,2767,0.9492281303602058,0.0507718696397941,0.0154373927958833,0.0353344768439108,0.0,197.8804747860867,171.00186772190773,390.06070931578,192.9155271314448,1106.8,10.18106252258764,187.69941226349903,0.2225527321759862,0.1013344454445827,0.676112822379431,1097,5.999088422971741,0.0527598906022434,0.1216400000521388,0.0489784494822278,,,,2915,0.0,0.9492281303602058,0.0,0.0,1.0,27504.560481800785,0.0,-8.411213339292404e-15,2.652080859864971e-13,0.0,0.0,0.0,0.0,,,0.0,500.0,55.00912096360157,0.0,0.0
batched_greedy@10s+aware,4,500,2915,2755,0.9451114922813036,0.0548885077186964,0.0133790737564322,0.0415094339622641,0.0,192.05276075648464,167.14431222585154,376.2891575774963,185.405840132771,1102.0,8.664609800362976,183.3881509561216,0.2319790217683841,0.0981249294677282,0.6698960487638875,1074,5.472067039106145,0.0548270949636408,0.1161319997936516,0.0512820512820512,,,,2915,0.0,0.9451114922813036,0.0,0.0,1.0,27324.26687066144,0.0,-1.2980622827878707e-14,2.705349555991133e-13,0.0,0.0,0.0,0.0,,,0.0,500.0,54.64853374132288,0.0,0.0
batched_greedy@10s+aware,5,500,2915,2756,0.9454545454545454,0.0545454545454545,0.0174957118353344,0.03704974271012,0.0,186.9090986304464,155.2438406817878,373.7349629925375,182.82219055588268,1102.4,8.630261248185777,178.27883738226063,0.23716411081972,0.0955658387863354,0.6672700503939444,1089,6.034894398530763,0.0527160697925226,0.112736000046425,0.0512318029115341,,,,2915,0.0,0.9454545454545454,0.0,0.0,1.0,27316.71786790697,0.0,-3.3991516261926967e-15,2.652097216245395e-13,0.0,0.0,0.0,0.0,,,0.0,500.0,54.63343573581393,0.0,0.0
optimal@10s+aware,0,300,2915,2025,0.6946826758147513,0.3053173241852487,0.2205831903945111,0.0847341337907375,0.0,395.1631595261203,382.9405010826226,590.9362286383148,340.41396072036594,810.0,81.56,313.6031595261203,0.017021502373109,0.1633428807893588,0.8196356168375322,1124,34.218861209964416,0.0934717971527089,0.1853539998046471,0.0508706043018094,3.73883075028699,0.0001268687692682,0.0329181494661921,2915,0.0,0.6946826758147513,0.0,0.0,1.0,19913.835384677437,0.0,-2.2842633134806184e-15,2.6471138038754433e-13,0.0,0.0,0.0,0.0,,,0.0,300.0,66.3794512822581,0.0,0.0
optimal@10s+aware,1,300,2915,2026,0.6950257289879931,0.3049742710120068,0.2140651801029159,0.0909090909090909,0.0,390.1541228108759,380.08089767876754,576.5379179177901,333.3036983404692,810.4,77.11352418558737,313.04059862528857,0.0129988507377119,0.1629276048670585,0.8240735443952295,1096,33.33576642335766,0.0947212591251236,0.1953250000724437,0.0519524617996604,4.647393355433394,0.0001623017390226,0.0364963503649635,2915,0.0,0.6950257289879931,0.0,0.0,1.0,20066.55458996642,0.0,-3.913947152558103e-15,2.756386760825731e-13,0.0,0.0,0.0,0.0,,,0.0,300.0,66.88851529988807,0.0,0.0
optimal@10s+aware,2,300,2915,2057,0.7056603773584905,0.2943396226415094,0.2222984562607204,0.072041166380789,0.0,393.19290034035214,381.6980511522652,576.3743560599271,343.5729614012695,822.8,81.12396694214875,312.0689333982034,0.014278008463022,0.163437129050254,0.8222848624867238,1092,35.103479853479854,0.0918499084260781,0.176189000017075,0.0537963908750425,6.7449832808481816,0.0002233276129263,0.0457875457875457,2915,0.0,0.7056603773584905,0.0,0.0,1.0,19944.53637791113,0.0,-1.2535535187522624e-14,2.681305725712506e-13,0.0,0.0,0.0,0.0,,,0.0,300.0,66.48178792637043,0.0,0.0
optimal@10s+aware,3,300,2915,2021,0.6933104631217839,0.3066895368782161,0.2267581475128645,0.0799313893653516,0.0,392.5952861705783,381.6969995042464,586.4580949153178,338.83625620361966,808.4,84.22612568035626,308.36916049022204,0.0128370978669176,0.1567506317975224,0.8304122703355599,1100,35.49363636363636,0.0976246363651708,0.1982089998909941,0.0508416351769151,3.088465685887131,0.0001009689876881,0.0327272727272727,2915,0.0,0.6933104631217839,0.0,0.0,1.0,20155.084873344767,0.0,-4.878169450109545e-15,2.748176088807119e-13,0.0,0.0,0.0,0.0,,,0.0,300.0,67.18361624448255,0.0,0.0
optimal@10s+aware,4,300,2915,2056,0.7053173241852487,0.2946826758147512,0.2065180102915952,0.088164665523156,0.0,393.8821053854976,377.4388684094124,583.6879851042231,339.1991786891442,822.4,85.98735408560312,307.89475129989444,0.0111398791879571,0.1599067912671921,0.8289533295448507,1120,34.263392857142854,0.0930842857152518,0.1687429997537037,0.0504880511612251,4.429835175483655,0.0001502650094476,0.0375,2915,0.0,0.7053173241852487,0.0,0.0,1.0,20152.275572520357,0.0,9.654188386896107e-15,2.741067208922396e-13,0.0,0.0,0.0,0.0,,,0.0,300.0,67.17425190840119,0.0,0.0
optimal@10s+aware,5,300,2915,2036,0.6984562607204117,0.3015437392795883,0.2178387650085763,0.083704974271012,0.0,395.3690653993074,383.1223672623223,587.6029403368823,341.3439862931453,814.4,86.43222003929273,308.9368453600147,0.0177755288862842,0.1594617030927001,0.8227627680210157,1123,34.97506678539626,0.0877000890454938,0.1983920001111982,0.0528813559322033,4.1709402082795,0.0001384927096667,0.0311665182546749,2915,0.0,0.6984562607204117,0.0,0.0,1.0,20219.946272022204,0.0,-1.2424028189125524e-15,2.650645474776578e-13,0.0,0.0,0.0,0.0,,,0.0,300.0,67.39982090674069,0.0,0.0
optimal@10s+aware,0,350,2915,2321,0.7962264150943397,0.2037735849056604,0.0987993138936535,0.1049742710120068,0.0,354.9213974670191,338.6393187280519,548.0914335646557,313.2887864993108,928.4,50.1882809133994,304.73311655361977,0.0305240011409425,0.1653310320083478,0.8041449668507096,1103,21.19310970081596,0.0890466908405023,0.1614260001042567,0.0519480519480519,6.765511910778105,0.0003862285631473,0.0480507706255666,2915,0.0,0.7962264150943397,0.0,0.0,1.0,23069.38965812658,0.0,-4.1083513631626644e-15,2.724461472165882e-13,0.0,0.0,0.0,0.0,,,0.0,350.0,65.91254188036166,0.0,0.0
optimal@10s+aware,1,350,2915,2300,0.7890222984562607,0.2109777015437393,0.102229845626072,0.1087478559176672,0.0,355.72288660480626,351.7237459564294,539.3916386757,312.21426481510474,920.0,45.21260869565217,310.51027790915407,0.0298802045419807,0.1675463020264429,0.8025734934315764,1087,20.58877644894204,0.0945805887708551,0.1814380000087114,0.051896813353566,6.467569712161705,0.0003809579431431,0.0496780128794848,2915,0.0,0.7890222984562607,0.0,0.0,1.0,22882.97077296025,0.0,-9.139742103244591e-15,2.7368715989169965e-13,0.0,0.0,0.0,0.0,,,0.0,350.0,65.37991649417215,0.0,0.0
optimal@10s+aware,2,350,2915,2314,0.7938250428816467,0.2061749571183533,0.1070325900514579,0.0991423670668953,0.0,365.6527043101468,359.53386423366624,548.2042103294733,323.3736386263866,925.6,53.87208297320657,311.78062133694016,0.0301713368718617,0.167322272600166,0.8025063905279721,1093,22.33943275388838,0.0895128087902099,0.194031999726576,0.0558743581999396,7.908756467387454,0.0004261672332521,0.061299176578225,2915,0.0,0.7938250428816467,0.0,0.0,1.0,22788.09957385112,0.0,-9.234906127046246e-16,2.701943153994055e-13,0.0,0.0,0.0,0.0,,,0.0,350.0,65.10885592528892,0.0,0.0
optimal@10s+aware,3,350,2915,2308,0.7917667238421955,0.2082332761578044,0.1025728987993138,0.1056603773584905,0.0,358.83597361322137,353.796649489479,548.2505926991331,316.69957564402466,923.2,47.17504332755632,311.6609302856651,0.028102769682391,0.1680613269357444,0.8038359033818645,1124,20.439501779359432,0.0857500000077402,0.1735409998764225,0.0511191772534785,6.664206984485686,0.0003940349783528,0.0631672597864768,2915,0.0,0.7917667238421955,0.0,0.0,1.0,22797.618211987883,0.0,1.692464770295126e-15,2.635373144436218e-13,0.0,0.0,0.0,0.0,,,0.0,350.0,65.1360520342511,0.0,0.0
optimal@10s+aware,4,350,2915,2311,0.7927958833619211,0.2072041166380789,0.099828473413379,0.1073756432246998,0.0,359.5435664660509,351.7136986345704,544.9359475551773,316.0507187901775,924.4,48.85850281263522,310.6850636534157,0.0292436079600023,0.1674500989784797,0.803306293061518,1110,20.71531531531532,0.0913809909905483,0.1805460000196035,0.0551370894847845,7.612438125878035,0.0004447612022135,0.0675675675675675,2915,0.0,0.7927958833619211,0.0,0.0,1.0,23044.15216573477,0.0,3.897070175577356e-15,2.670776720604456e-13,0.0,0.0,0.0,0.0,,,0.0,350.0,65.8404347592422,0.0,0.0
optimal@10s+aware,5,350,2915,2314,0.7938250428816467,0.2061749571183533,0.1111492281303602,0.0950257289879931,0.0,355.3031818978303,347.19359256690404,544.5164020775035,315.7491297013503,925.6,48.22515125324114,307.0780306445892,0.0328404592260196,0.1660702107623197,0.8010893300116606,1105,21.40180995475113,0.0922037104026137,0.1710959999763872,0.0489296636085626,4.4267559756633785,0.0002497694974904,0.0461538461538461,2915,0.0,0.7938250428816467,0.0,0.0,1.0,23052.24608973269,0.0,1.5197676978403829e-15,2.757296935669532e-13,0.0,0.0,0.0,0.0,,,0.0,350.0,65.8635602563791,0.0,0.0
optimal@10s+aware,0,400,2915,2549,0.874442538593482,0.125557461406518,0.0387650085763293,0.0867924528301886,0.0,298.2218164662142,288.57410001379685,491.6093165367024,273.2963178959067,1019.6,21.32444095723813,276.8973755089761,0.0652461309886717,0.1566287921275641,0.7781250768837641,1091,10.707607699358388,0.0939575618727003,0.1918499998282638,0.0527366020524515,8.614635780166001,0.0011007778021497,0.0595783684692942,2915,0.0,0.874442538593482,0.0,0.0,1.0,25426.044497391795,0.0,-7.722169532127962e-15,2.687302453271896e-13,0.0,0.0,0.0,0.0,,,0.0,400.0,63.565111243479485,0.0,0.0
optimal@10s+aware,1,400,2915,2552,0.8754716981132076,0.1245283018867924,0.0404802744425385,0.0840480274442538,0.0,285.51522214067586,272.64590183145856,480.31793204034255,263.21345612995924,1020.8,17.646551724137932,267.86867041653795,0.0707014559756593,0.153458672694753,0.7758398713295875,1078,10.362708719851575,0.094792022264638,0.1688510000258248,0.0463843272832036,9.094831167438866,0.001215930307676,0.0677179962894248,2915,0.0,0.8754716981132076,0.0,0.0,1.0,25349.07487910803,0.0,-1.2912694250671648e-14,2.699122708688855e-13,0.0,0.0,0.0,0.0,,,0.0,400.0,63.37268719777007,0.0,0.0
optimal@10s+aware,2,400,2915,2570,0.8816466552315609,0.1183533447684391,0.0315608919382504,0.0867924528301886,0.0,297.38890796447225,287.56819644969664,494.4510976125515,273.14602727446385,1028.0,20.42373540856031,276.9651725559119,0.0619451649057745,0.158213443144796,0.7798413919494295,1088,9.875,0.090808455888106,0.1758170000039171,0.0488358886996025,5.797749857693013,0.0008204188079639,0.0533088235294117,2915,0.0,0.8816466552315609,0.0,0.0,1.0,25487.41038830048,0.0,-2.584357285026279e-15,2.6720623120112973e-13,0.0,0.0,0.0,0.0,,,0.0,400.0,63.7185259707512,0.0,0.0
optimal@10s+aware,3,400,2915,2552,0.8754716981132076,0.1245283018867924,0.039451114922813,0.0850771869639794,0.0,294.0172216172669,277.2699617876765,496.063177512214,270.73439974975645,1020.8,20.237460815047022,273.77976080221987,0.0675658783276348,0.1568812152678982,0.7755529064044668,1098,10.3816029143898,0.0920895264055024,0.1712539998425199,0.0461582568807339,7.234320241123101,0.0009577728134983,0.0555555555555555,2915,0.0,0.8754716981132076,0.0,0.0,1.0,25340.205173631974,0.0,8.667048270294757e-15,2.656011948168379e-13,0.0,0.0,0.0,0.0,,,0.0,400.0,63.35051293407993,0.0,0.0
optimal@10s+aware,4,400,2915,2571,0.8819897084048027,0.1180102915951972,0.0329331046312178,0.0850771869639794,0.0,287.3846462450737,273.09538107634216,484.78089100447687,265.22667804196675,1028.4,18.340723453908986,269.04392279116473,0.0709441998040154,0.1550407198627217,0.7740150803332628,1098,9.73224043715847,0.0903377960075687,0.1550019998694551,0.0516751845542305,8.288519594243818,0.0011967250153859,0.0646630236794171,2915,0.0,0.8819897084048027,0.0,0.0,1.0,25363.268686715717,0.0,5.602329611931906e-15,2.6625419531954093e-13,0.0,0.0,0.0,0.0,,,0.0,400.0,63.40817171678928,0.0,0.0
optimal@10s+aware,5,400,2915,2562,0.878902229845626,0.1210977701543739,0.0319039451114922,0.0891938250428816,0.0,288.9145377808961,275.73729682710655,486.0464337083511,265.6769700069328,1024.8,17.966432474629197,270.9481053062669,0.0740952912049326,0.1543608073852001,0.7715439014098672,1097,9.759343664539651,0.0877041932549347,0.1622159998260029,0.0535410764872521,7.21938486472405,0.0010381433760505,0.0656335460346399,2915,0.0,0.878902229845626,0.0,0.0,1.0,25473.26628017177,0.0,-5.757732741447904e-15,2.6683192042412923e-13,0.0,0.0,0.0,0.0,,,0.0,400.0,63.68316570042944,0.0,0.0
optimal@10s+aware,0,450,2915,2710,0.9296740994854202,0.0703259005145797,0.0222984562607204,0.0480274442538593,0.0,229.045429335075,205.20825575396384,423.5359552267476,219.6212271421597,1084.0,11.874538745387454,217.1708905896876,0.1458454998560467,0.1228313627464645,0.7313231373974888,1085,7.010138248847927,0.0892708755772164,0.1624839998839892,0.0564719038300251,4.3332234877765705,0.001037206472233,0.040552995391705,2915,0.0,0.9296740994854202,0.0,0.0,1.0,26803.2740639785,0.0,-8.536672803663898e-15,2.7092096503879493e-13,0.0,0.0,0.0,0.0,,,0.0,450.0,59.56283125328556,0.0,0.0
optimal@10s+aware,1,450,2915,2693,0.9238421955403088,0.0761578044596912,0.025385934819897,0.0507718696397941,0.0,223.4060175138321,197.89656844290312,416.3905554491493,214.75670001130783,1077.2,11.161901225399182,212.2441162884329,0.150807636170158,0.120284295899356,0.7289080679304859,1079,7.428174235403151,0.0902320667103951,0.1505300000189891,0.0507900677200902,5.863484197049002,0.0012889809122777,0.0509731232622798,2915,0.0,0.9238421955403088,0.0,0.0,1.0,26700.14183812534,0.0,-7.031879720173179e-15,2.673957931752003e-13,0.0,0.0,0.0,0.0,,,0.0,450.0,59.33364852916742,0.0,0.0
optimal@10s+aware,2,450,2915,2715,0.9313893653516296,0.0686106346483705,0.0147512864493996,0.0538593481989708,0.0,229.12089904648013,209.89699311004188,424.9431706813148,218.464031573791,1086.0,11.176427255985269,217.94447179049484,0.143333211643259,0.1250496732477089,0.731617115109032,1073,6.350419384902144,0.088495992540519,0.1730799999495501,0.0497623707017053,6.619044897836185,0.0018572084379083,0.0456663560111835,2915,0.0,0.9313893653516296,0.0,0.0,1.0,26855.83900795345,0.0,-1.0992475601754551e-14,2.709124105732098e-13,0.0,0.0,0.0,0.0,,,0.0,450.0,59.679642239896566,0.0,0.0
optimal@10s+aware,3,450,2915,2712,0.930360205831904,0.069639794168096,0.0195540308747855,0.0500857632933104,0.0,231.31828750411,210.86704787916392,425.1400614467397,221.3611102612765,1084.8,12.172197640117997,219.146089863992,0.1429140454588565,0.1252048674842407,0.7318810870569028,1091,6.7882676443629695,0.0935250229173193,0.1559799999085949,0.0443127293254304,5.734667449122616,0.0014245742911257,0.0513290559120073,2915,0.0,0.930360205831904,0.0,0.0,1.0,26881.930179524585,0.0,-7.496461661849508e-16,2.661145640131388e-13,0.0,0.0,0.0,0.0,,,0.0,450.0,59.73762262116574,0.0,0.0
optimal@10s+aware,4,450,2915,2708,0.9289879931389364,0.0710120068610634,0.0188679245283018,0.0521440823327615,0.0,219.9121948485428,197.84973755550004,407.6665146266173,210.7205708831301,1083.2,10.674298375184636,209.23789647335815,0.1525372416153676,0.1199827241222977,0.7274800342623345,1094,6.563985374771481,0.0816521023736916,0.160821000231408,0.0472706809229037,5.482869381238609,0.0014507063915388,0.046617915904936,2915,0.0,0.9289879931389364,0.0,0.0,1.0,26806.955735765107,0.0,-8.384889697058235e-15,2.7036603712444044e-13,0.0,0.0,0.0,0.0,,,0.0,450.0,59.57101274614468,0.0,0.0
optimal@10s+aware,5,450,2915,2713,0.9307032590051458,0.0692967409948542,0.0205831903945111,0.048713550600343,0.0,221.74049322780783,196.6847742339014,409.1219100875861,213.7159794786756,1085.2,10.83560633984519,210.90488688796268,0.1499418618885702,0.1207007279334874,0.7293574101779422,1100,6.901818181818181,0.0864771818090627,0.1678339998716182,0.0521739130434782,4.289065206991794,0.0010495927272918,0.0454545454545454,2915,0.0,0.9307032590051458,0.0,0.0,1.0,26884.62907282299,0.0,-1.6449142903734905e-15,2.714766610308149e-13,0.0,0.0,0.0,0.0,,,0.0,450.0,59.74362016182887,0.0,0.0
optimal@10s+aware,0,500,2915,2780,0.95368782161235,0.04631217838765,0.016123499142367,0.030188679245283,0.0,196.7766900862013,167.69759928071358,385.18748192324,192.53285678070495,1112.0,8.819424460431655,187.9572656257697,0.223139460967941,0.1020161245999738,0.6748444144320852,1085,5.67741935483871,0.0873281106041884,0.1600119997965521,0.0505869200670765,2.9754130940827266,0.0010469020896525,0.0359447004608294,2915,0.0,0.95368782161235,0.0,0.0,1.0,27539.51028783864,0.0,-8.280187087542498e-15,2.722244492176071e-13,0.0,0.0,0.0,0.0,,,0.0,500.0,55.07902057567728,0.0,0.0
optimal@10s+aware,1,500,2915,2736,0.9385934819897084,0.0614065180102915,0.0202401372212692,0.0411663807890223,0.0,196.5972630525333,168.75434638154456,382.0296185809239,190.8069648741452,1094.4,9.539108187134502,187.0581548653988,0.2311338789166584,0.0994827289181683,0.6693833921651732,1076,6.298327137546468,0.0847774163640276,0.1571250001006774,0.0542202347680268,3.6011462927568685,0.0010622237697527,0.0436802973977695,2915,0.0,0.9385934819897084,0.0,0.0,1.0,27255.99215845006,0.0,-2.0985812178338562e-14,2.673767640041996e-13,0.0,0.0,0.0,0.0,,,0.0,500.0,54.51198431690012,0.0,0.0
optimal@10s+aware,2,500,2915,2767,0.9492281303602058,0.0507718696397941,0.0130360205831903,0.0377358490566037,0.0,193.34248576959507,167.4565209383427,373.6993325136682,188.0185106388433,1106.8,7.63787495482472,185.7046108147704,0.2244233437771252,0.1000964957004391,0.6754801605224355,1071,5.334267040149393,0.103336321193719,0.2216599998519085,0.0523094045631608,2.529224900916313,0.0010162930578783,0.0308123249299719,2915,0.0,0.9492281303602058,0.0,0.0,1.0,27484.613480261636,0.0,-4.174791661228706e-15,2.6035729007810963e-13,0.0,0.0,0.0,0.0,,,0.0,500.0,54.96922696052327,0.0,0.0
optimal@10s+aware,3,500,2915,2759,0.946483704974271,0.0535162950257289,0.0168096054888507,0.0367066895368782,0.0,197.47167608162755,170.8981496785682,387.0070453491888,192.0927587230981,1103.6,10.221457049655672,187.25021903197188,0.2260208265541289,0.1008568476688185,0.6731223257770524,1074,6.157355679702048,0.1054818435752719,0.2024629998732049,0.047699214365881,5.152113795633526,0.0015765284516503,0.0409683426443202,2915,0.0,0.946483704974271,0.0,0.0,1.0,27384.04932637889,0.0,-1.1168706811553514e-14,2.681873892549107e-13,0.0,0.0,0.0,0.0,,,0.0,500.0,54.76809865275777,0.0,0.0
optimal@10s+aware,4,500,2915,2759,0.946483704974271,0.0535162950257289,0.0123499142367066,0.0411663807890223,0.0,190.01129663116745,164.68182347915354,370.41167046840224,183.76169301068413,1103.6,8.782167451975353,181.22912917919209,0.2323266360119246,0.0973134184064788,0.6703599455815965,1074,5.513035381750465,0.1097519553082642,0.2380599996695308,0.0517673253548566,2.573606893945476,0.0009736075194724,0.0335195530726257,2915,0.0,0.946483704974271,0.0,0.0,1.0,27306.85137352313,0.0,-2.9011467627174807e-15,2.6906365661932666e-13,0.0,0.0,0.0,0.0,,,0.0,500.0,54.61370274704626,0.0,0.0
optimal@10s+aware,5,500,2915,2762,0.9475128644939964,0.0524871355060034,0.0157804459691252,0.0367066895368782,0.0,186.9625381176954,158.86056947528277,366.6354089306098,182.80171630431028,1104.8,9.110789283128168,177.85174883456722,0.2365275028354748,0.0954417593097067,0.6680307378548184,1090,6.070642201834862,0.1149477981612984,0.2130319999560014,0.0506293706293706,2.4264725294059706,0.0007638032021304,0.0339449541284403,2915,0.0,0.9475128644939964,0.0,0.0,1.0,27365.9574053272,0.0,-1.3175557676018604e-14,2.65740764336082e-13,0.0,0.0,0.0,0.0,,,0.0,500.0,54.7319148106544,0.0,0.0
batched_greedy@30s+aware,0,300,2915,2045,0.7015437392795884,0.2984562607204116,0.2260720411663808,0.0723842195540308,0.0,376.12544577818096,358.5254210579733,568.3261988068108,332.32196800511366,818.0,87.89779951100245,288.22764626717856,0.0179557671269528,0.1540890737364956,0.8279551591365515,375,39.16,0.0678527999916696,0.1716460000079677,0.0491916064671482,,,,2915,0.0,0.7015437392795884,0.0,0.0,1.0,20170.8745708041,0.0,-3.6395770939300975e-15,2.768493394327477e-13,0.0,0.0,0.0,0.0,,,0.0,300.0,67.236248569347,0.0,0.0
batched_greedy@30s+aware,1,300,2915,2043,0.7008576329331047,0.2991423670668953,0.2315608919382504,0.0675814751286449,0.0,381.0455647644796,362.804274764002,575.5096533589231,334.43896794681353,817.2,89.88154674498287,291.1640180194967,0.0160937007142434,0.1550840957451347,0.8288222035406217,367,40.294277929155314,0.0670179836335631,0.196281999869825,0.0456605088881143,,,,2915,0.0,0.7008576329331047,0.0,0.0,1.0,20248.89956249306,0.0,2.330218467739927e-16,2.71769554160695e-13,0.0,0.0,0.0,0.0,,,0.0,300.0,67.49633187497686,0.0,0.0
batched_greedy@30s+aware,2,300,2915,2034,0.697770154373928,0.302229845626072,0.2332761578044597,0.0689536878216123,0.0,378.06924901185766,361.464311413416,573.7744501770659,330.4810379975216,813.6,84.52900688298918,293.5402421288685,0.0164878696678599,0.1569355374747774,0.8265765928573625,364,38.994505494505496,0.0643148351742978,0.1861610001060399,0.0458492532129211,,,,2915,0.0,0.697770154373928,0.0,0.0,1.0,19883.996568737915,0.0,3.116047789075759e-15,2.742541253640804e-13,0.0,0.0,0.0,0.0,,,0.0,300.0,66.27998856245972,0.0,0.0
batched_greedy@30s+aware,3,300,2915,2039,0.6994854202401373,0.3005145797598628,0.2336192109777015,0.0668953687821612,0.0,376.89467026228937,362.2729925665076,574.6273390968568,332.11700149540053,815.6,89.09367336929867,287.8009968929907,0.0195742930342545,0.1511742869827577,0.8292514199829878,375,39.224,0.0662317333287016,0.1806240000223624,0.0482136663198057,,,,2915,0.0,0.6994854202401373,0.0,0.0,1.0,20184.66487482401,0.0,3.500442266164888e-15,2.7415136261084223e-13,0.0,0.0,0.0,0.0,,,0.0,300.0,67.28221624941338,0.0,0.0
batched_greedy@30s+aware,4,300,2915,2065,0.7084048027444254,0.2915951972555746,0.2198970840480274,0.0716981132075471,0.0,373.4085562128959,360.8507391629428,569.376437604714,326.61991077262377,826.0,86.46440677966102,286.9441494332349,0.0170026463992975,0.1544770668718166,0.8285202867288858,371,37.897574123989216,0.0698614555116943,0.1924300001974188,0.0495557074504442,,,,2915,0.0,0.7084048027444254,0.0,0.0,1.0,20210.77999873296,0.0,9.66888662220766e-15,2.686367673911019e-13,0.0,0.0,0.0,0.0,,,0.0,300.0,67.3692666624432,0.0,0.0
batched_greedy@30s+aware,5,300,2915,2031,0.6967409948542024,0.3032590051457976,0.2401372212692967,0.0631217838765008,0.0,377.376021745528,361.7881188167176,568.1499742704036,333.5258381780073,812.4,91.14967996061054,286.2263417849175,0.0183280676812406,0.1508741605216134,0.8307977717971459,369,40.672086720867206,0.0668056910549523,0.1557879999563738,0.0527961097603334,,,,2915,0.0,0.6967409948542024,0.0,0.0,1.0,20385.635942659766,0.0,-1.5758935269479918e-14,2.692173307414038e-13,0.0,0.0,0.0,0.0,,,0.0,300.0,67.95211980886589,0.0,0.0
batched_greedy@30s+aware,0,350,2915,2337,0.8017152658662092,0.1982847341337907,0.1234991423670669,0.0747855917667238,0.0,345.8593369787921,329.1568848726138,539.6016785346254,314.11756889268435,934.8,61.24860932819855,284.6107276505936,0.0362926729097574,0.1577918383460673,0.8059154887441753,365,28.73972602739726,0.0730517808135542,0.1827560000310769,0.0580110497237569,,,,2915,0.0,0.8017152658662092,0.0,0.0,1.0,23161.01202109004,0.0,-3.623403103731705e-15,2.772173210331642e-13,0.0,0.0,0.0,0.0,,,0.0,350.0,66.17432006025727,0.0,0.0
batched_greedy@30s+aware,1,350,2915,2323,0.7969125214408234,0.2030874785591766,0.1276157804459691,0.0754716981132075,0.0,341.0390702327394,326.1406519475495,528.8922948374938,308.79087360481475,929.2,55.5781317262161,285.4609385065233,0.0366926641288309,0.157249332748851,0.806058003122318,365,27.5972602739726,0.072190684937122,0.173287999969034,0.0545736434108527,,,,2915,0.0,0.7969125214408234,0.0,0.0,1.0,22966.18774641872,0.0,-7.314185608636847e-15,2.7005594393432283e-13,0.0,0.0,0.0,0.0,,,0.0,350.0,65.61767927548205,0.0,0.0
batched_greedy@30s+aware,2,350,2915,2328,0.7986277873070325,0.2013722126929674,0.1259005145797598,0.0754716981132075,0.0,341.83483993895186,330.2371247823096,537.7176127571015,309.2046766368608,931.2,57.82388316151203,284.01095677743984,0.0357831779104577,0.1567612756286638,0.8074555464608786,367,27.220708446866485,0.0717098092568833,0.1890779997665958,0.0536209553158705,,,,2915,0.0,0.7986277873070325,0.0,0.0,1.0,22954.800198984554,0.0,3.4809879301305598e-15,2.686373460450735e-13,0.0,0.0,0.0,0.0,,,0.0,350.0,65.58514342567015,0.0,0.0
batched_greedy@30s+aware,3,350,2915,2342,0.8034305317324185,0.1965694682675814,0.1186963979416809,0.0778730703259005,0.0,346.5153584765257,331.130688526785,546.6359155812191,314.2805061670914,936.8,56.85695986336464,289.65839861316107,0.0313498408098118,0.1624516324740191,0.806198526716169,370,26.981081081081083,0.0730221621582844,0.190181000020857,0.0483672211953173,,,,2915,0.0,0.8034305317324185,0.0,0.0,1.0,22987.15493073874,0.0,6.063657025015074e-15,2.6921931805985525e-13,0.0,0.0,0.0,0.0,,,0.0,350.0,65.67758551639639,0.0,0.0
batched_greedy@30s+aware,4,350,2915,2350,0.8061749571183533,0.1938250428816466,0.1111492281303602,0.0826758147512864,0.0,338.26891407465166,322.8122618759435,536.53994313323,306.2532239036412,940.0,55.46468085106383,282.80423322358786,0.03025993832339,0.1576967404800222,0.8120433211965878,372,26.137096774193548,0.0670325268807788,0.1908160000357384,0.0478674440012273,,,,2915,0.0,0.8061749571183533,0.0,0.0,1.0,23154.666011831134,0.0,7.717703544798535e-15,2.6941512850440786e-13,0.0,0.0,0.0,0.0,,,0.0,350.0,66.15618860523182,0.0,0.0
batched_greedy@30s+aware,5,350,2915,2344,0.8041166380789022,0.1958833619210977,0.1272727272727272,0.0686106346483705,0.0,348.99528013435526,333.507648529288,546.8010130883083,318.1931562100784,937.6,64.26194539249147,284.73333474186376,0.034554242420322,0.1555748270615121,0.8098709305181658,364,29.54945054945055,0.0706230769345403,0.1869160001160708,0.0511627906976744,,,,2915,0.0,0.8041166380789022,0.0,0.0,1.0,23267.80976034057,0.0,-5.720300986775998e-15,2.709063538533422e-13,0.0,0.0,0.0,0.0,,,0.0,350.0,66.47945645811592,0.0,0.0
batched_greedy@30s+aware,0,400,2915,2569,0.881303602058319,0.1186963979416809,0.0500857632933104,0.0686106346483705,0.0,290.8207182601177,271.1980875584777,499.5364850806844,272.9616522016106,1027.6,35.59867652783184,255.22204173228587,0.0774485421068516,0.1452617614597835,0.7772896964333649,364,18.725274725274726,0.0797370879019461,0.2108200000293436,0.0543415756181713,,,,2915,0.0,0.881303602058319,0.0,0.0,1.0,25429.110656412784,0.0,-6.56816411734643e-15,2.662025264811928e-13,0.0,0.0,0.0,0.0,,,0.0,400.0,63.57277664103196,0.0,0.0
batched_greedy@30s+aware,1,400,2915,2557,0.8771869639794168,0.1228130360205831,0.0521440823327615,0.0706689536878216,0.0,281.2880464645754,266.2810323170834,479.0884099008716,263.47871109714043,1022.8,31.224090731325774,250.06395573324963,0.0820149011747023,0.1449099100780287,0.7730751887472689,360,18.11111111111111,0.0806077777762463,0.1863740001363112,0.0512894813097652,,,,2915,0.0,0.8771869639794168,0.0,0.0,1.0,25161.50122290668,0.0,-1.872920625351222e-15,2.670176251488303e-13,0.0,0.0,0.0,0.0,,,0.0,400.0,62.90375305726671,0.0,0.0
batched_greedy@30s+aware,2,400,2915,2590,0.888507718696398,0.111492281303602,0.0401372212692967,0.0713550600343053,0.0,285.1869307794748,269.2338129324112,481.8479148707905,266.8971959726202,1036.0,31.883783783783784,253.30314699569095,0.0732189781345965,0.1471624291172401,0.7796185927481633,364,16.810439560439562,0.0814975274521942,0.2014919999464837,0.051625784369652,,,,2915,0.0,0.888507718696398,0.0,0.0,1.0,25444.23450083032,0.0,7.294036674525741e-15,2.6951585536483377e-13,0.0,0.0,0.0,0.0,,,0.0,400.0,63.610586252075805,0.0,0.0
batched_greedy@30s+aware,3,400,2915,2567,0.8806174957118353,0.1193825042881646,0.0507718696397941,0.0686106346483705,0.0,296.43070405850887,277.91077355298694,500.9075794651209,277.2524886758672,1026.8,34.17491234904558,262.25579170946327,0.0694138786438872,0.1504608921161598,0.7801252292399529,364,18.01098901098901,0.0737000000036949,0.1677009999639267,0.0477016478751084,,,,2915,0.0,0.8806174957118353,0.0,0.0,1.0,25451.45640110229,0.0,-3.0306017834645103e-15,2.638616503580416e-13,0.0,0.0,0.0,0.0,,,0.0,400.0,63.62864100275572,0.0,0.0
batched_greedy@30s+aware,4,400,2915,2565,0.8799313893653516,0.1200686106346483,0.0459691252144082,0.0740994854202401,0.0,287.8702568303092,268.1205602001878,486.7688469394943,268.0153071487937,1026.0,34.44132553606238,253.42893129424672,0.0804584878002647,0.1457891392842932,0.773752372915442,372,17.5,0.0802556451468282,0.1955349999434475,0.0617178612059158,,,,2915,0.0,0.8799313893653516,0.0,0.0,1.0,25293.96621821132,0.0,7.796925331925037e-15,2.6796013967382523e-13,0.0,0.0,0.0,0.0,,,0.0,400.0,63.2349155455283,0.0,0.0
batched_greedy@30s+aware,5,400,2915,2582,0.8857632933104631,0.1142367066895368,0.0439108061749571,0.0703259005145797,0.0,287.4242797712131,267.08825979043013,494.4002320051033,269.10950653791656,1032.8,33.39000774593338,254.0342720252797,0.0758182718008616,0.1465703411651279,0.7776113870340104,372,17.427419354838708,0.0770739247317216,0.1997610001126304,0.0532798625035806,,,,2915,0.0,0.8857632933104631,0.0,0.0,1.0,25612.73178510015,0.0,-2.829821754323424e-15,2.691990704711672e-13,0.0,0.0,0.0,0.0,,,0.0,400.0,64.03182946275038,0.0,0.0
batched_greedy@30s+aware,0,450,2915,2718,0.932418524871355,0.0675814751286449,0.0236706689536878,0.0439108061749571,0.0,240.4628858381151,215.9539627103613,438.9239080511316,231.80032002643017,1087.2,24.112950699043413,216.3499351390717,0.1438586928817994,0.1236247125398511,0.7325165945783493,367,13.80108991825613,0.0933732970135595,0.2187480001066432,0.0544179523141655,,,,2915,0.0,0.932418524871355,0.0,0.0,1.0,26902.13957089475,0.0,2.2380919781185278e-15,2.673459524237245e-13,0.0,0.0,0.0,0.0,,,0.0,450.0,59.78253237976611,0.0,0.0
batched_greedy@30s+aware,1,450,2915,2695,0.9245283018867924,0.0754716981132075,0.030188679245283,0.0452830188679245,0.0,235.4996535537772,210.63254241181312,438.8101312998456,227.20629266310024,1078.0,23.634879406307977,211.86477414746923,0.1520978209501329,0.1195153127138471,0.7283868663360199,369,14.157181571815718,0.0934761517556287,0.20745599980728,0.050482132728304,,,,2915,0.0,0.9245283018867924,0.0,0.0,1.0,26764.770996053925,0.0,3.905018959193612e-15,2.680153357545493e-13,0.0,0.0,0.0,0.0,,,0.0,450.0,59.47726888011983,0.0,0.0
batched_greedy@30s+aware,2,450,2915,2715,0.9313893653516296,0.0686106346483705,0.0240137221269296,0.0445969125214408,0.0,235.9105539808195,214.6806361770496,430.4437573163963,227.72399152223568,1086.0,23.681399631675877,212.2291543491436,0.1442975789935363,0.121052746446927,0.7346496745595366,362,13.806629834254144,0.0953104972534509,0.213777999956619,0.0493374682830561,,,,2915,0.0,0.9313893653516296,0.0,0.0,1.0,26996.51774775543,0.0,-8.626616916203428e-16,2.6884326563597106e-13,0.0,0.0,0.0,0.0,,,0.0,450.0,59.99226166167873,0.0,0.0
batched_greedy@30s+aware,3,450,2915,2703,0.9272727272727272,0.0727272727272727,0.0243567753001715,0.0483704974271012,0.0,236.78966195023125,212.00917097812,439.10500014053474,227.7653194217437,1081.2,24.749537550869405,212.04012439936184,0.1485669807342259,0.120710898021314,0.73072212124446,362,14.099447513812157,0.0976135359172413,0.1903700000639218,0.0477266308952273,,,,2915,0.0,0.9272727272727272,0.0,0.0,1.0,26827.261613788247,0.0,-4.261482029260424e-15,2.642917331526543e-13,0.0,0.0,0.0,0.0,,,0.0,450.0,59.61613691952944,0.0,0.0
batched_greedy@30s+aware,4,450,2915,2691,0.9231560891938252,0.0768439108061749,0.0271012006861063,0.0497427101200686,0.0,227.1357784591849,204.3417610044553,405.1152318731674,218.9650541793813,1076.4,22.439241917502788,204.6965365416821,0.1590143060390361,0.1164227508629639,0.7245629430979998,366,13.778688524590164,0.0985322404330326,0.2326550001953365,0.0540997464074387,,,,2915,0.0,0.9231560891938252,0.0,0.0,1.0,26690.206443598483,0.0,-7.890628569219953e-15,2.6542606421530456e-13,0.0,0.0,0.0,0.0,,,0.0,450.0,59.31156987466329,0.0,0.0
batched_greedy@30s+aware,5,450,2915,2713,0.9307032590051458,0.0692967409948542,0.0229845626072041,0.04631217838765,0.0,229.3651467162236,206.050889825372,423.2644783078755,221.3199259967066,1085.2,23.51234795429414,205.85279876192945,0.1567609796783935,0.1165126369195943,0.726726383402012,361,14.030470914127424,0.1000074792241031,0.2375999999458138,0.0501974055273547,,,,2915,0.0,0.9307032590051458,0.0,0.0,1.0,26833.38743009131,0.0,-9.161201919527627e-15,2.658624436627952e-13,0.0,0.0,0.0,0.0,,,0.0,450.0,59.62974984464735,0.0,0.0
batched_greedy@30s+aware,0,500,2915,2771,0.9506003430531732,0.0493996569468267,0.0157804459691252,0.0336192109777015,0.0,205.26825772578675,178.23959869698956,388.3154206213767,200.04945970711256,1108.4,20.224828581739445,185.0434291440473,0.2265672699670543,0.0999139165458352,0.6735188134871104,364,12.217032967032967,0.1135021978115928,0.2180589999261428,0.0503074343208496,,,,2915,0.0,0.9506003430531732,0.0,0.0,1.0,27507.696719301748,0.0,-3.595023152420283e-15,2.7007867853609623e-13,0.0,0.0,0.0,0.0,,,0.0,500.0,55.015393438603496,0.0,0.0
batched_greedy@30s+aware,1,500,2915,2749,0.9430531732418524,0.0569468267581475,0.0226415094339622,0.0343053173241852,0.0,204.2152295184759,173.46421205160823,402.6201001549008,200.4416271441025,1099.6,21.90542015278283,182.30980936569304,0.2298823107674491,0.0969646126442914,0.6731530765882594,365,13.32876712328767,0.1150704109595733,0.2133439999670373,0.0524691358024691,,,,2915,0.0,0.9430531732418524,0.0,0.0,1.0,27399.361564049184,0.0,-6.883786616999225e-15,2.6882178630159884e-13,0.0,0.0,0.0,0.0,,,0.0,500.0,54.798723128098366,0.0,0.0
batched_greedy@30s+aware,2,500,2915,2768,0.9495711835334476,0.0504288164665523,0.0192109777015437,0.0312178387650085,0.0,208.072801264556,183.51622473270984,387.76840160829954,203.9146277369678,1107.2,20.803829479768787,187.2689717847872,0.2248570089037105,0.0999502458022862,0.6751927452940032,360,12.819444444444445,0.1101013889031795,0.2089059997751975,0.049929873772791,,,,2915,0.0,0.9495711835334476,0.0,0.0,1.0,27502.44012392297,0.0,1.0004842169887973e-15,2.6900126313995773e-13,0.0,0.0,0.0,0.0,,,0.0,500.0,55.004880247845946,0.0,0.0
batched_greedy@30s+aware,3,500,2915,2751,0.943739279588336,0.0562607204116638,0.0178387650085763,0.0384219554030874,0.0,206.17367060216856,179.2117165371692,390.911243047678,200.42455879966417,1100.4,21.523446019629223,184.65022458253932,0.228018174909575,0.0983360785588718,0.6736457465315532,360,12.844444444444443,0.1071399999899666,0.2141230001461735,0.0469364811691961,,,,2915,0.0,0.943739279588336,0.0,0.0,1.0,27357.10417098784,0.0,-8.021371442184521e-15,2.672442016460775e-13,0.0,0.0,0.0,0.0,,,0.0,500.0,54.71420834197567,0.0,0.0
batched_greedy@30s+aware,4,500,2915,2755,0.9451114922813036,0.0548885077186964,0.0181818181818181,0.0367066895368782,0.0,200.9338223331412,173.1897671175011,387.5349725629656,195.64183692926605,1102.0,20.93248638838476,180.0013359447564,0.2338175586487098,0.0963826678690898,0.6697997734822004,361,12.717451523545709,0.1090462604053422,0.2362600000196832,0.0502103786816269,,,,2915,0.0,0.9451114922813036,0.0,0.0,1.0,27361.67858839336,0.0,-5.3993510610300175e-15,2.654844281497404e-13,0.0,0.0,0.0,0.0,,,0.0,500.0,54.72335717678672,0.0,0.0
batched_greedy@30s+aware,5,500,2915,2759,0.946483704974271,0.0535162950257289,0.0205831903945111,0.0329331046312178,0.0,196.591855054984,168.72794039219298,376.6973248035609,192.66921320313693,1103.6,20.365712214570497,176.22614284041356,0.2375172924172569,0.0940924973277788,0.6683902102549643,360,12.944444444444445,0.1127272222321254,0.2408209998702666,0.0553536483086385,,,,2915,0.0,0.946483704974271,0.0,0.0,1.0,27376.9207232986,0.0,4.6390341127541335e-15,2.6871034896596645e-13,0.0,0.0,0.0,0.0,,,0.0,500.0,54.7538414465972,0.0,0.0
optimal@30s+aware,0,300,2915,2049,0.7029159519725557,0.2970840480274442,0.2226415094339622,0.0744425385934819,0.0,380.3243834800024,365.34367384085726,569.2817088607229,336.1429430318991,819.6,90.83016105417276,289.49422242582966,0.0176273745969429,0.1541316925388574,0.8282409328641996,369,40.55826558265583,0.1372829268245854,0.2546159999110386,0.0431480842250604,39.60453907972201,0.0012295795002365,0.2791327913279133,2915,0.0,0.7029159519725557,0.0,0.0,1.0,20141.34998738267,0.0,1.0420599907072236e-14,2.753535158140312e-13,0.0,0.0,0.0,0.0,,,0.0,300.0,67.13783329127557,0.0,0.0
optimal@30s+aware,1,300,2915,2052,0.7039451114922813,0.2960548885077187,0.2243567753001715,0.0716981132075471,0.0,375.953966961815,363.3713703022668,555.7127242342775,331.53666279382657,820.8,83.16130604288499,292.79266091893004,0.0145100079533636,0.1572217508032777,0.8282682412433586,367,38.98637602179837,0.1316457765646023,0.2673259999028231,0.0518543956043956,51.055434261937705,0.0016590654327849,0.3160762942779291,2915,0.0,0.7039451114922813,0.0,0.0,1.0,20127.61354868694,0.0,3.051490184642243e-16,2.7693896558705293e-13,0.0,0.0,0.0,0.0,,,0.0,300.0,67.09204516228979,0.0,0.0
optimal@30s+aware,2,300,2915,2054,0.704631217838765,0.2953687821612349,0.2428816466552315,0.0524871355060034,0.0,385.847181915466,367.8881532715432,578.1307446295664,341.37761164244336,821.6,93.66942551119766,292.1777564042683,0.0152538996030039,0.1546588865277757,0.8300872138692202,365,41.391780821917806,0.1288638356190983,0.2171280001311971,0.048652432621631,38.47992036484392,0.0011681016965133,0.2767123287671232,2915,0.0,0.704631217838765,0.0,0.0,1.0,20151.434279325207,0.0,5.263343585486818e-15,2.7607906224038074e-13,0.0,0.0,0.0,0.0,,,0.0,300.0,67.1714475977507,0.0,0.0
optimal@30s+aware,3,300,2915,2055,0.7049742710120068,0.2950257289879931,0.2291595197255574,0.0658662092624356,0.0,384.2843061300501,371.321872933564,572.5509360110444,336.2801841986519,822.0,90.21216545012166,294.07214067992845,0.0166296618529305,0.1571372965670424,0.8262330415800271,373,38.911528150134046,0.1221662198379308,0.210627999913413,0.0506372717878057,44.96290272454469,0.0014600785971776,0.2788203753351206,2915,0.0,0.7049742710120068,0.0,0.0,1.0,20085.64576754962,0.0,3.748069710773473e-15,2.772465144729337e-13,0.0,0.0,0.0,0.0,,,0.0,300.0,66.95215255849874,0.0,0.0
optimal@30s+aware,4,300,2915,2048,0.7025728987993138,0.2974271012006861,0.2291595197255574,0.0682675814751286,0.0,382.0426741302337,369.2151186188949,563.2324724424648,335.5515017672602,819.2,89.65234375,292.39033038023365,0.0143400167974895,0.1552706155183421,0.8303893676841684,374,39.25133689839572,0.1419029411622699,0.314428999740812,0.0447295423023578,41.10176802704983,0.0013212002591458,0.3074866310160428,2915,0.0,0.7025728987993138,0.0,0.0,1.0,20222.923221794143,0.0,-6.539907504432563e-15,2.6838600786227573e-13,0.0,0.0,0.0,0.0,,,0.0,300.0,67.40974407264714,0.0,0.0
optimal@30s+aware,5,300,2915,2032,0.6970840480274443,0.3029159519725557,0.2319039451114923,0.0710120068610634,0.0,377.7394093741733,359.13618810284265,567.7187563489734,332.51784818253213,812.8,88.37204724409449,289.3673621300788,0.0183243969459656,0.1533941524055656,0.8282814506484687,376,39.087765957446805,0.1381438829821007,0.2612499997667328,0.0516884906960716,37.17823250859065,0.0012023037420838,0.2553191489361702,2915,0.0,0.6970840480274443,0.0,0.0,1.0,20135.582035209063,0.0,1.980567940622641e-14,2.79251687390756e-13,0.0,0.0,0.0,0.0,,,0.0,300.0,67.11860678403022,0.0,0.0
optimal@30s+aware,0,350,2915,2327,0.7982847341337908,0.2017152658662092,0.1121783876500857,0.0895368782161235,0.0,353.9530583488653,344.49229027175534,540.5131798437582,317.4303642949681,930.8,62.800601633003865,291.1524567158614,0.0319470343912141,0.1600897832845704,0.8079631823242154,368,28.27445652173913,0.1569733695715592,0.2511330001925671,0.0548446069469835,58.059790013476665,0.00281899535837,0.3478260869565217,2915,0.0,0.7982847341337908,0.0,0.0,1.0,23048.36102224833,0.0,6.261142585629933e-15,2.718917580217211e-13,0.0,0.0,0.0,0.0,,,0.0,350.0,65.85246006356665,0.0,0.0
optimal@30s+aware,1,350,2915,2311,0.7927958833619211,0.2072041166380789,0.1159519725557461,0.0912521440823327,0.0,346.7552820663311,339.3515711811524,532.0974899469347,310.8374106487225,924.4,54.31285157940285,292.4424304869283,0.0364311164017914,0.1600824259468312,0.8034864576513773,365,27.03013698630137,0.1250789041104363,0.2310079998642324,0.0505237215033887,57.96218467512988,0.0029749585978077,0.3534246575342465,2915,0.0,0.7927958833619211,0.0,0.0,1.0,22889.14887162551,0.0,-4.919378525383644e-16,2.7032907380456644e-13,0.0,0.0,0.0,0.0,,,0.0,350.0,65.39756820464432,0.0,0.0
optimal@30s+aware,2,350,2915,2339,0.8024013722126929,0.197598627787307,0.1234991423670669,0.0740994854202401,0.0,357.33742405705334,346.66678370630143,550.1532527071719,322.83796859742324,935.6,63.61222744762719,293.7251966094262,0.030391025915526,0.160969201969774,0.8086397721147,364,28.70604395604396,0.1238837912039373,0.2498589998549505,0.0532307692307692,54.18744256027118,0.0025860804762472,0.3516483516483517,2915,0.0,0.8024013722126929,0.0,0.0,1.0,22998.77683033652,0.0,-7.064416981659312e-15,2.743123290627156e-13,0.0,0.0,0.0,0.0,,,0.0,350.0,65.71079094381862,0.0,0.0
optimal@30s+aware,3,350,2915,2346,0.8048027444253859,0.195197255574614,0.1145797598627787,0.0806174957118353,0.0,351.9523623191323,337.69365370748983,544.4269345735879,317.96851844588844,938.4,60.35933503836317,291.59302728076915,0.0314524565443496,0.1611229165988922,0.8074246268567582,365,27.78904109589041,0.134515890402152,0.237367999907292,0.0513761467889908,58.52142321793662,0.0029065583462415,0.3863013698630137,2915,0.0,0.8048027444253859,0.0,0.0,1.0,23047.012491764875,0.0,-2.9200853159194653e-15,2.731951257052636e-13,0.0,0.0,0.0,0.0,,,0.0,350.0,65.84860711932822,0.0,0.0
optimal@30s+aware,4,350,2915,2347,0.8051457975986278,0.1948542024013722,0.109090909090909,0.0857632933104631,0.0,349.70428802285994,336.8939600805361,544.2398287405729,314.5202734490295,938.8,58.41585002130379,291.28843800155613,0.0277909278213826,0.1624157126931207,0.8097933594854966,374,26.406417112299465,0.1556596256508257,0.2402370001072993,0.0524230417555623,65.80241963237482,0.0034681031866557,0.3823529411764705,2915,0.0,0.8051457975986278,0.0,0.0,1.0,23178.53389672325,0.0,6.872313635174383e-16,2.6844710235442625e-13,0.0,0.0,0.0,0.0,,,0.0,350.0,66.22438256206642,0.0,0.0
optimal@30s+aware,5,350,2915,2334,0.8006861063464837,0.1993138936535163,0.1221269296740994,0.0771869639794168,0.0,347.11162770477875,340.0945855605846,524.0024090078331,314.9288972795808,933.6,59.54541559554413,287.5662121092346,0.0334176080216738,0.1585561804472954,0.8080262115310307,368,28.01358695652174,0.1333421195731123,0.241474000004018,0.0488257107540173,60.35920194382822,0.0029714314354441,0.3885869565217391,2915,0.0,0.8006861063464837,0.0,0.0,1.0,23184.501511905582,0.0,-3.253800161802023e-15,2.693218398939663e-13,0.0,0.0,0.0,0.0,,,0.0,350.0,66.24143289115882,0.0,0.0
optimal@30s+aware,0,400,2915,2574,0.8830188679245283,0.1169811320754717,0.0442538593481989,0.0727272727272727,0.0,301.5230405404054,288.0001329674228,494.8976566544122,281.38771161863,1029.6,33.535353535353536,267.9876870050519,0.0652786937135449,0.15307065718958,0.781650649096875,362,17.96961325966851,0.1330149171039744,0.3533869999637301,0.0551586167476421,71.63948752469906,0.0067835874618113,0.425414364640884,2915,0.0,0.8830188679245283,0.0,0.0,1.0,25533.34478426679,0.0,4.353937567900614e-15,2.693513201480491e-13,0.0,0.0,0.0,0.0,,,0.0,400.0,63.83336196066697,0.0,0.0
optimal@30s+aware,1,400,2915,2571,0.8819897084048027,0.1180102915951972,0.0456260720411663,0.0723842195540308,0.0,286.9969323340557,273.4927768474299,479.0462770337758,267.63859981510257,1028.4,30.216258265266436,256.78067406878927,0.078003019764719,0.1483190357937922,0.7736779444414887,365,17.101369863013698,0.1752882191695254,0.2053479998357944,0.0507350821562409,63.251019485204,0.0064912133562669,0.410958904109589,2915,0.0,0.8819897084048027,0.0,0.0,1.0,25287.01460483532,0.0,-2.096943993613287e-15,2.689263307051421e-13,0.0,0.0,0.0,0.0,,,0.0,400.0,63.21753651208829,0.0,0.0
optimal@30s+aware,2,400,2915,2586,0.8871355060034305,0.1128644939965694,0.0466552315608919,0.0662092624356775,0.0,292.7435069826841,280.20147900987604,475.0284961167795,274.81700553562507,1034.4,30.96210363495746,261.7814033477266,0.0666131236946383,0.1508220618030942,0.7825648145022674,361,17.116343490304708,0.1266096952939005,0.2239800001007095,0.0478110599078341,69.81320276951368,0.0071920490581476,0.4238227146814404,2915,0.0,0.8871355060034305,0.0,0.0,1.0,25435.13810114484,0.0,-1.8965666023140337e-15,2.644195767215364e-13,0.0,0.0,0.0,0.0,,,0.0,400.0,63.587845252862095,0.0,0.0
optimal@30s+aware,3,400,2915,2568,0.8809605488850771,0.1190394511149228,0.0480274442538593,0.0710120068610634,0.0,297.3942389897877,282.8623466743284,499.2331288110617,276.8121967125434,1027.2,33.29828660436137,264.0959523854264,0.0673615617886666,0.1514921906559927,0.7811462475553407,368,17.26358695652174,0.1261953804341532,0.1951800000824732,0.047041847041847,64.2946217588392,0.0064043890301979,0.3614130434782608,2915,0.0,0.8809605488850771,0.0,0.0,1.0,25558.57422694636,0.0,-5.378529051696514e-15,2.71467514442122e-13,0.0,0.0,0.0,0.0,,,0.0,400.0,63.8964355673659,0.0,0.0
optimal@30s+aware,4,400,2915,2580,0.8850771869639794,0.1149228130360205,0.0428816466552315,0.072041166380789,0.0,293.67477557024813,277.7523375997398,490.2154212144917,273.4855819254205,1032.0,35.207364341085274,258.46741122916285,0.0736849031946199,0.1495562794705994,0.7767588173347806,371,17.493261455525605,0.1215800539113225,0.2096599999731552,0.0572812767170133,66.5654089711519,0.0065689478945365,0.398921832884097,2915,0.0,0.8850771869639794,0.0,0.0,1.0,25534.321826540563,0.0,2.972299409182512e-15,2.647591018085787e-13,0.0,0.0,0.0,0.0,,,0.0,400.0,63.835804566351406,0.0,0.0
optimal@30s+aware,5,400,2915,2585,0.8867924528301887,0.1132075471698113,0.04631217838765,0.0668953687821612,0.0,295.1312211569265,282.2226030373354,490.8677710007578,277.73144248267124,1034.0,33.56982591876209,261.5613952381644,0.0707151526653684,0.1501837121515354,0.7791011351830962,367,17.997275204359674,0.1221247956363748,0.2155200000925104,0.0517241379310344,64.9930519578193,0.0061321879035314,0.4087193460490463,2915,0.0,0.8867924528301887,0.0,0.0,1.0,25680.346819640312,0.0,-2.075846479451165e-14,2.698919961364009e-13,0.0,0.0,0.0,0.0,,,0.0,400.0,64.20086704910078,0.0,0.0
optimal@30s+aware,0,450,2915,2724,0.9344768439108062,0.0655231560891938,0.0212692967409948,0.0442538593481989,0.0,243.1032342951791,221.75784522545587,434.6350644545972,234.24992550492013,1089.6,22.826725403817917,220.2765088913612,0.1397521884415973,0.1261938389033251,0.7340539726550774,363,13.479338842975206,0.1359630853963588,0.2436139998462749,0.0495216657287563,51.63865550922231,0.0089132154577148,0.3471074380165289,2915,0.0,0.9344768439108062,0.0,0.0,1.0,26974.349560239403,0.0,-2.617583095944422e-15,2.688963426209015e-13,0.0,0.0,0.0,0.0,,,0.0,450.0,59.94299902275423,0.0,0.0
optimal@30s+aware,1,450,2915,2704,0.9276157804459692,0.0723842195540308,0.02778730703259,0.0445969125214408,0.0,229.69550416690277,208.18282606242747,412.94494693206514,222.56183637082373,1081.6,22.620562130177515,207.0749420367252,0.1491556359588916,0.1184322189763076,0.7324121450648007,365,14.054794520547944,0.1246684931536274,0.2440559998831305,0.0509049773755656,32.13221323325008,0.0051465812405706,0.3041095890410959,2915,0.0,0.9276157804459692,0.0,0.0,1.0,26850.27021637014,0.0,-2.763732700945582e-15,2.6448994211086324e-13,0.0,0.0,0.0,0.0,,,0.0,450.0,59.667267147489206,0.0,0.0
optimal@30s+aware,2,450,2915,2726,0.93516295025729,0.0648370497427101,0.0202401372212692,0.0445969125214408,0.0,236.56180868135965,215.23075261192864,424.5113237782157,228.2894400863202,1090.4,22.96111518708731,213.60069349427235,0.141002023665564,0.1233063988291715,0.7356915775052644,361,13.443213296398891,0.1255905817025019,0.2193200000874638,0.0507856341189674,50.320052359345496,0.0089468939157237,0.3518005540166205,2915,0.0,0.93516295025729,0.0,0.0,1.0,27050.87218255917,0.0,-2.447866642409039e-15,2.69775886638461e-13,0.0,0.0,0.0,0.0,,,0.0,450.0,60.11304929457594,0.0,0.0
optimal@30s+aware,3,450,2915,2723,0.9341337907375644,0.0658662092624356,0.0219554030874785,0.0439108061749571,0.0,236.66615203044677,217.1797906185475,424.6002785253226,228.73958740305383,1089.2,23.542783694454645,213.1233683359921,0.1435424265642574,0.122492949358712,0.7339646240770306,361,13.759002770083102,0.126980609437803,0.2366000000620255,0.0422335600907029,41.09789271930416,0.0068508575178087,0.3185595567867036,2915,0.0,0.9341337907375644,0.0,0.0,1.0,26922.51957771088,0.0,-1.2159204968630651e-14,2.65278638408106e-13,0.0,0.0,0.0,0.0,,,0.0,450.0,59.82782128380195,0.0,0.0
optimal@30s+aware,4,450,2915,2714,0.9310463121783876,0.0689536878216123,0.0250428816466552,0.0439108061749571,0.0,230.680841385366,210.18135545092355,409.9068533294151,223.5081321866988,1085.6,22.580324244657334,208.10051714070863,0.1486094013382649,0.1189670926422544,0.7324235060194807,366,13.74863387978142,0.1238666666665411,0.2578450001010429,0.0563814866760168,40.58359550846089,0.0068526214657805,0.2923497267759563,2915,0.0,0.9310463121783876,0.0,0.0,1.0,26902.22979501525,0.0,1.6025828007632697e-15,2.706355568700037e-13,0.0,0.0,0.0,0.0,,,0.0,450.0,59.78273287781166,0.0,0.0
optimal@30s+aware,5,450,2915,2724,0.9344768439108062,0.0655231560891938,0.0222984562607204,0.0432246998284734,0.0,227.09241738431217,209.139123531192,405.1286296583163,219.5204361842319,1089.6,21.12481644640235,205.96760093790985,0.1536778356958134,0.1184905717925897,0.7278315925115968,367,13.092643051771118,0.1224686648426518,0.1981300000352347,0.0514912774338773,46.06130918381848,0.0086567439529574,0.3405994550408719,2915,0.0,0.9344768439108062,0.0,0.0,1.0,26949.65081449256,0.0,2.472976954557856e-15,2.710452192270078e-13,0.0,0.0,0.0,0.0,,,0.0,450.0,59.888112921094574,0.0,0.0
optimal@30s+aware,0,500,2915,2788,0.9564322469982848,0.0435677530017152,0.0164665523156089,0.0271012006861063,0.0,205.29531876651177,181.9206430613692,377.2753465168453,201.2031343198992,1115.2,20.622309899569583,184.67300886694224,0.2224787223655088,0.1002819021363579,0.6772393754981332,363,12.338842975206612,0.1258176308691279,0.2033880000271892,0.0508664058133035,39.00921143152208,0.0091961375225988,0.3112947658402203,2915,0.0,0.9564322469982848,0.0,0.0,1.0,27651.30866147995,0.0,-3.7065839000039306e-15,2.69770814964678e-13,0.0,0.0,0.0,0.0,,,0.0,500.0,55.302617322959904,0.0,0.0
optimal@30s+aware,1,500,2915,2746,0.942024013722127,0.057975986277873,0.0205831903945111,0.0373927958833619,0.0,201.00730490426653,174.13269156288834,384.075686388167,196.7759640691229,1098.4,20.56518572469046,180.44211917957608,0.2318343066418436,0.0964928091383786,0.6716728842197777,365,12.882191780821918,0.1263567123478174,0.2218520002134028,0.0491849353569421,26.349602368627608,0.005472794898877,0.2821917808219178,2915,0.0,0.942024013722127,0.0,0.0,1.0,27363.227792365306,0.0,-3.650393898301389e-15,2.671346998910604e-13,0.0,0.0,0.0,0.0,,,0.0,500.0,54.7264555847306,0.0,0.0
optimal@30s+aware,2,500,2915,2783,0.9547169811320756,0.0452830188679245,0.0147512864493996,0.0305317324185248,0.0,208.8272348620134,186.62297722862968,387.95032804145177,204.14473137591764,1113.2,19.92669780812073,188.9005370538927,0.2183515089951373,0.102075916230266,0.6795725747745966,361,12.182825484764544,0.1254880886396205,0.2053600001090671,0.0560799555802332,33.999741102625634,0.0083400552336656,0.3047091412742382,2915,0.0,0.9547169811320756,0.0,0.0,1.0,27671.32527579692,0.0,-8.925187813630508e-15,2.70971970058839e-13,0.0,0.0,0.0,0.0,,,0.0,500.0,55.34265055159384,0.0,0.0
optimal@30s+aware,3,500,2915,2751,0.943739279588336,0.0562607204116638,0.0178387650085763,0.0384219554030874,0.0,202.6845421685589,178.26069600847222,376.7788275811745,197.59156580944887,1100.4,19.889131225009088,182.7954109435498,0.2288882925541965,0.0979141779458353,0.673197529499968,368,12.279891304347826,0.1183510869519404,0.2255820002483232,0.0498739142616979,24.977001101707767,0.0057630702880006,0.2554347826086957,2915,0.0,0.943739279588336,0.0,0.0,1.0,27320.58664246945,0.0,4.961014030211605e-15,2.689091729693757e-13,0.0,0.0,0.0,0.0,,,0.0,500.0,54.64117328493891,0.0,0.0
optimal@30s+aware,4,500,2915,2764,0.9481989708404804,0.0518010291595197,0.0157804459691252,0.0360205831903945,0.0,200.61385095834652,175.98754679322337,370.9112240562979,194.9066234221313,1105.6,20.077062228654125,180.5367887296925,0.230535283040986,0.0971769888115973,0.6722877281474166,361,12.24376731301939,0.1203329639954322,0.2230600003713331,0.0503637381085618,28.20677144766093,0.0068537826619551,0.2631578947368421,2915,0.0,0.9481989708404804,0.0,0.0,1.0,27451.19016203418,0.0,5.821360438237145e-15,2.672472309377725e-13,0.0,0.0,0.0,0.0,,,0.0,500.0,54.90238032406836,0.0,0.0
optimal@30s+aware,5,500,2915,2773,0.9512864493996568,0.048713550600343,0.0157804459691252,0.0329331046312178,0.0,201.4918324909179,175.2502397493172,381.5342857353553,197.51149693959704,1109.2,20.10854670032456,181.38328579059333,0.2276229801020746,0.0984064742465524,0.6739705456513729,367,12.479564032697548,0.1049111716725766,0.2114460000029793,0.0535564853556485,29.131600535322978,0.0065774090561887,0.2806539509536784,2915,0.0,0.9512864493996568,0.0,0.0,1.0,27556.206601554943,0.0,-7.754505456238687e-15,2.634227331597987e-13,0.0,0.0,0.0,0.0,,,0.0,500.0,55.112413203109895,0.0,0.0
