arm,seed,drivers.num_drivers,requests,completed,completion_rate,cancel_rate,cancel_no_match_rate,cancel_eta_rate,cancel_late_rate,wait_mean_s,wait_p50_s,wait_p90_s,wait_all_mean_s,completed_per_hour,time_to_match_mean_s,pickup_mean_s,driver_idle_frac,driver_enroute_frac,driver_ontrip_frac,batches,batch_riders_mean,solve_ms_mean,solve_ms_p99,decline_rate,shadow_gap_s_per_batch,shadow_gap_frac,shadow_worse_batches_frac,app_opens,priced_out_rate,served_rate,retried_rate,surged_trip_frac,mean_multiplier_paid,revenue_per_hour,surge_revenue_per_hour,eta_error_mean_s,eta_abs_error_mean_s,eta_late_2min_frac,moves_per_driver_hour,chase_moves_per_hour,reposition_km_per_hour,moves_dispatched_frac,move_planned_mean_s,driver_reposition_frac,drivers_online_mean,earnings_per_online_hour,reserve_logons,reserve_logoffs
immediate_greedy,0,300,2318,2025,0.8735979292493529,0.1264020707506471,0.0,0.1264020707506471,0.0,258.6509933196017,233.637041644477,469.6092524175572,226.074231249073,810.0,0.4250685196763903,258.22592479992534,0.1179055241356932,0.1667536538767909,0.7153408219875158,2618,1.3689839572192513,0.0288814744058916,0.0604490003934188,0.0540915395284327,,,,2318,0.0,0.8735979292493529,0.0,0.0,1.0,18275.35520813983,0.0,-4.58563228541472e-16,2.654918808803129e-13,0.0,0.0,0.0,0.0,,,0.0,300.0,60.91785069379944,0.0,0.0
immediate_greedy,1,300,2318,2038,0.8792062122519413,0.1207937877480586,0.0,0.1207937877480586,0.0,254.85667779392745,229.0391584362378,474.8442128011261,224.232143215266,815.2,0.1720408521802752,254.68463694174707,0.1160596107008794,0.1641549663509915,0.7197854229481291,2546,1.2529457973291438,0.0281381382530928,0.0607099997523619,0.0441022051102555,,,,2318,0.0,0.8792062122519413,0.0,0.0,1.0,18326.212470328075,0.0,-4.183982786227209e-15,2.6749968503491013e-13,0.0,0.0,0.0,0.0,,,0.0,300.0,61.08737490109358,0.0,0.0
immediate_greedy,2,300,2318,2002,0.8636755823986195,0.1363244176013805,0.0,0.1363244176013805,0.0,262.0132091038855,244.12513036674773,470.67936323132784,226.4189823305718,800.8,0.4522046842268842,261.5610044196587,0.1219870640340759,0.1655365904052158,0.7124763455607082,2516,1.2364864864864864,0.0282194356033135,0.0593950001530174,0.0556515727618389,,,,2318,0.0,0.8636755823986195,0.0,0.0,1.0,18157.45615705133,0.0,-3.065369026432575e-15,2.54214897550868e-13,0.0,0.0,0.0,0.0,,,0.0,300.0,60.524853856837765,0.0,0.0
immediate_greedy,3,300,2318,2003,0.864106988783434,0.135893011216566,0.0,0.135893011216566,0.0,264.9182843609442,235.54096623722216,480.3038019781721,229.3735331776485,801.2,0.5131424712998945,264.40514188964426,0.123159461112511,0.1674920017900749,0.7093485370974141,2577,1.4415987582460226,0.0269196740381421,0.0613720000910688,0.048133937914196,,,,2318,0.0,0.864106988783434,0.0,0.0,1.0,18037.228765038533,0.0,2.241730404789807e-15,2.600187774639675e-13,0.0,0.0,0.0,0.0,,,0.0,300.0,60.12409588346178,0.0,0.0
immediate_greedy,4,300,2318,2012,0.8679896462467644,0.1320103537532355,0.0,0.1320103537532355,0.0,267.4556733751505,239.46235884868904,479.1059323513679,232.48255302177336,804.8,0.419804006854733,267.03586936829583,0.1143365330879754,0.1705706733734756,0.7150927935385489,2544,1.3372641509433962,0.0274250786270935,0.0579280002511951,0.042441248684672,,,,2318,0.0,0.8679896462467644,0.0,0.0,1.0,18180.24296342439,0.0,8.053862414621737e-15,2.5848265432190873e-13,0.0,0.0,0.0,0.0,,,0.0,300.0,60.6008098780813,0.0,0.0
immediate_greedy,5,300,2318,1997,0.8615185504745471,0.1384814495254529,0.0,0.1384814495254529,0.0,263.17648262737384,237.50889265595333,494.294471843128,227.27931579378648,798.8,0.7471516427233557,262.4293309846505,0.1204008119982389,0.1658339984228035,0.7137651895789575,2610,1.414176245210728,0.0281267432976889,0.0604909996582136,0.0417397404419501,,,,2318,0.0,0.8615185504745471,0.0,0.0,1.0,18048.820283996454,0.0,2.9342799819587267e-15,2.6203109119982814e-13,0.0,0.0,0.0,0.0,,,0.0,300.0,60.162734279988186,0.0,0.0
immediate_greedy,0,350,2318,2164,0.9335634167385676,0.0664365832614322,0.0,0.0664365832614322,0.0,212.8289034523044,188.14968579073297,390.9505465059348,198.7419571873374,865.6,0.252688438932676,212.57621501337167,0.2122246173897069,0.1282212512928676,0.6595541313174254,2577,1.294140473418704,0.0323045789672409,0.0658480000492999,0.0563818747838118,,,,2318,0.0,0.9335634167385676,0.0,0.0,1.0,19594.347083318244,0.0,3.917589194102447e-16,2.5642724747859373e-13,0.0,0.0,0.0,0.0,,,0.0,350.0,55.9838488094807,0.0,0.0
immediate_greedy,1,350,2318,2161,0.9322691975841244,0.0677308024158757,0.0,0.0677308024158757,0.0,210.2266496076469,183.50294120781015,399.5972592281187,196.00490007827057,864.4,0.1412173477468798,210.08543225989996,0.2136651595787067,0.1257014804521316,0.6606333599691617,2519,1.1782453354505755,0.0287083763394923,0.0591460003306565,0.0447552447552447,,,,2318,0.0,0.9322691975841244,0.0,0.0,1.0,19514.53304717321,0.0,2.6026792423651285e-15,2.612417968720888e-13,0.0,0.0,0.0,0.0,,,0.0,350.0,55.75580870620917,0.0,0.0
immediate_greedy,2,350,2318,2156,0.9301121656600516,0.0698878343399482,0.0,0.0698878343399482,0.0,212.3827987589653,187.10661134105885,407.5360864971542,197.5722661979584,862.4,0.2215804803216214,212.16121827864373,0.21542615607288,0.127081495523105,0.657492348404015,2508,1.1698564593301437,0.038030263153865,0.076866999697813,0.061168384879725,,,,2318,0.0,0.9301121656600516,0.0,0.0,1.0,19507.62666518584,0.0,-3.180098938253765e-15,2.6328702153943233e-13,0.0,0.0,0.0,0.0,,,0.0,350.0,55.73607618624525,0.0,0.0
immediate_greedy,3,350,2318,2144,0.9249352890422778,0.0750647109577221,0.0,0.0750647109577221,0.0,204.27502232824784,176.81365682918158,385.0377281101075,189.01728610527917,857.6,0.1809046297671979,204.09411769848063,0.2253903363874073,0.1224491380938332,0.6521605255187594,2546,1.2270227808326788,0.0396219167357687,0.0735650002297916,0.0520833333333333,,,,2318,0.0,0.9249352890422778,0.0,0.0,1.0,19339.392367232824,0.0,2.9572115900323428e-15,2.5228720439451734e-13,0.0,0.0,0.0,0.0,,,0.0,350.0,55.25540676352235,0.0,0.0
immediate_greedy,4,350,2318,2159,0.9314063848144952,0.0685936151855047,0.0,0.0685936151855047,0.0,207.3354472242588,181.96875917763464,389.38826250264646,193.1492085741477,863.6,0.138909853226065,207.19653737103263,0.2189951147404404,0.1243213013299502,0.6566835839296093,2490,1.1602409638554216,0.0385202811230556,0.0728660003551341,0.0427470217238962,,,,2318,0.0,0.9314063848144952,0.0,0.0,1.0,19450.412582599773,0.0,8.115581183248829e-15,2.621407799800115e-13,0.0,0.0,0.0,0.0,,,0.0,350.0,55.572607378856496,0.0,0.0
immediate_greedy,5,350,2318,2153,0.9288179465056084,0.0711820534943917,0.0,0.0711820534943917,0.0,206.80755043953056,178.5152446712582,399.1549438169285,192.1074200344852,861.2,0.1643019637241348,206.64324847580644,0.2183833395621613,0.124084313603123,0.6575323468347157,2502,1.1678657074340528,0.038106514783359,0.0685980002981522,0.0480836236933797,,,,2318,0.0,0.9288179465056084,0.0,0.0,1.0,19415.732197130867,0.0,-2.9392806504242423e-16,2.527214129765643e-13,0.0,0.0,0.0,0.0,,,0.0,350.0,55.47352056323105,0.0,0.0
immediate_greedy,0,400,2318,2209,0.95297670405522,0.0470232959447799,0.0,0.0470232959447799,0.0,185.08625218544475,157.80180067350466,365.480103543873,176.40316836681313,883.6,0.1529095815549747,184.93334260388977,0.3108424395129776,0.1007163931916037,0.5884411672954186,2522,1.1871530531324346,0.0396816811977241,0.0730790000397973,0.05206525511975,,,,2318,0.0,0.95297670405522,0.0,0.0,1.0,19965.94637221645,0.0,6.332241707495371e-15,2.5502581787711906e-13,0.0,0.0,0.0,0.0,,,0.0,400.0,49.914865930541126,0.0,0.0
immediate_greedy,1,400,2318,2227,0.9607420189818808,0.039257981018119,0.0,0.039257981018119,0.0,180.46257090528653,150.75492738972298,364.7617647391864,173.39456456679247,890.8,0.1660910421518419,180.29647986313464,0.305386309397192,0.0982637799107591,0.5963499106920489,2517,1.1787842669845054,0.0407501390566371,0.0731359999554115,0.0480836236933797,,,,2318,0.0,0.9607420189818808,0.0,0.0,1.0,20125.54420717332,0.0,-8.4869496053967965e-16,2.522470582458534e-13,0.0,0.0,0.0,0.0,,,0.0,400.0,50.313860517933286,0.0,0.0
immediate_greedy,2,400,2318,2218,0.9568593615185504,0.0431406384814495,0.0,0.0431406384814495,0.0,185.54480935136084,159.40384737663885,363.3655118017502,177.55904642518246,887.2,0.1432451669218713,185.40156418443897,0.3068401316564471,0.10096357257897,0.5921962957645829,2484,1.1642512077294689,0.0402048711780136,0.069750999664393,0.0494084899095337,,,,2318,0.0,0.9568593615185504,0.0,0.0,1.0,20013.4420602914,0.0,2.006210046301906e-15,2.518746657991167e-13,0.0,0.0,0.0,0.0,,,0.0,400.0,50.03360515072848,0.0,0.0
immediate_greedy,3,400,2318,2206,0.9516824849007766,0.0483175150992234,0.0,0.0483175150992234,0.0,181.9603922567929,157.3028289053825,357.7887342735412,173.21749162944312,882.4,0.1413298040842785,181.8190624527086,0.3121649224628055,0.0992537784619385,0.5885812990752558,2521,1.1856406188020627,0.0394374454677407,0.0736399999368588,0.0527228581338883,,,,2318,0.0,0.9516824849007766,0.0,0.0,1.0,19838.304241003883,0.0,-5.0476395502178015e-15,2.518005950820383e-13,0.0,0.0,0.0,0.0,,,0.0,400.0,49.595760602509706,0.0,0.0
immediate_greedy,4,400,2318,2222,0.9585849870578084,0.0414150129421915,0.0,0.0414150129421915,0.0,178.0539206804869,153.33913082042818,344.3875050518764,170.69500133725057,888.8,0.1417133268332375,177.91220735365366,0.3092324106675342,0.0978563679365583,0.5929112213959074,2488,1.1659967845659165,0.0399105707471945,0.0742259993694461,0.0480836236933797,,,,2318,0.0,0.9585849870578084,0.0,0.0,1.0,20033.970781600165,0.0,-3.774158703334196e-15,2.535301701551659e-13,0.0,0.0,0.0,0.0,,,0.0,400.0,50.08492695400041,0.0,0.0
immediate_greedy,5,400,2318,2227,0.9607420189818808,0.039257981018119,0.0,0.039257981018119,0.0,176.98376807892936,151.90371452422687,346.5341217067013,170.0468090855895,890.8,0.1701723594878057,176.81359571944157,0.306691025585833,0.0973862014436586,0.5959227729705083,2502,1.1718625099920064,0.0391663069626356,0.0706989999252982,0.0444211262679258,,,,2318,0.0,0.9607420189818808,0.0,0.0,1.0,20147.04343742331,0.0,-6.022274431869939e-15,2.62706236548026e-13,0.0,0.0,0.0,0.0,,,0.0,400.0,50.367608593558266,0.0,0.0
immediate_greedy,0,450,2318,2238,0.9654874892148404,0.0345125107851596,0.0,0.0345125107851596,0.0,163.39801336188546,138.15014145328996,329.6537629376819,157.80256261027492,895.2,0.1455022734157564,163.2525110884697,0.3897242964870693,0.0802752026039198,0.5300005009090109,2541,1.2097599370326644,0.0418643841005406,0.0784800002293195,0.05206525511975,,,,2318,0.0,0.9654874892148404,0.0,0.0,1.0,20182.838287312607,0.0,-4.955225982294801e-15,2.5832062137254216e-13,0.0,0.0,0.0,0.0,,,0.0,450.0,44.85075174958357,0.0,0.0
immediate_greedy,1,450,2318,2251,0.9710957722174288,0.0289042277825711,0.0,0.0289042277825711,0.0,165.26858628238932,137.66130229322243,337.8044954588968,160.4945076155076,900.4,0.1888200310883621,165.07976625130095,0.3825812162934802,0.0816356352112041,0.5357831484953156,2527,1.18401266323704,0.0406939849594443,0.0739740002973121,0.0553250345781466,,,,2318,0.0,0.9710957722174288,0.0,0.0,1.0,20344.91224537509,0.0,-4.553542004686493e-15,2.547357655284097e-13,0.0,0.0,0.0,0.0,,,0.0,450.0,45.21091610083353,0.0,0.0
immediate_greedy,2,450,2318,2255,0.9728213977566867,0.0271786022433132,0.0,0.0271786022433132,0.0,161.38532483962518,137.08097266057666,324.1154825055712,157.0102893916729,902.0,0.1213567684200215,161.26396807120517,0.386520785932578,0.0797325457315861,0.533746668335836,2491,1.1553592934564432,0.04106788436675,0.0739500000236146,0.0507296733842946,,,,2318,0.0,0.9728213977566867,0.0,0.0,1.0,20325.895900892217,0.0,-2.843746425824791e-15,2.531985953742645e-13,0.0,0.0,0.0,0.0,,,0.0,450.0,45.16865755753826,0.0,0.0
immediate_greedy,3,450,2318,2231,0.9624676445211388,0.037532355478861,0.0,0.037532355478861,0.0,163.53633205503672,137.99764215537152,333.92712239970024,157.40801101999656,892.4,0.1192095690682198,163.4171224859685,0.3895231522326075,0.0809977960185257,0.5294790517488668,2474,1.1608730800323364,0.0412679466466224,0.0730890002705564,0.0487465181058495,,,,2318,0.0,0.9624676445211388,0.0,0.0,1.0,20084.684786674625,0.0,-9.92602085987594e-15,2.561982699299949e-13,0.0,0.0,0.0,0.0,,,0.0,450.00000000000006,44.63263285927693,0.0,0.0
immediate_greedy,4,450,2318,2247,0.9693701466781708,0.0306298533218291,0.0,0.0306298533218291,0.0,159.86628720649168,133.9808643256838,322.41174626172506,154.9758777649273,898.8,0.1268488363424588,159.73943837014923,0.385841554248986,0.0795551143944216,0.5346033313565923,2494,1.1539695268644747,0.0397952686539403,0.076934999851801,0.0507296733842946,,,,2318,0.0,0.9693701466781708,0.0,0.0,1.0,20297.25100428868,0.0,-1.3392441979114282e-14,2.5150252251175215e-13,0.0,0.0,0.0,0.0,,,0.0,450.0,45.10500223175261,0.0,0.0
immediate_greedy,5,450,2318,2247,0.9693701466781708,0.0306298533218291,0.0,0.0306298533218291,0.0,153.02770879941795,127.6015321841528,306.59317444982463,148.34604859410632,898.8,0.1399746122244363,152.88773418719347,0.3897217837076399,0.0771050338625223,0.5331731824298377,2507,1.1543677702433186,0.0410213003622109,0.0735520001398982,0.0454227812718378,,,,2318,0.0,0.9693701466781708,0.0,0.0,1.0,20271.026121621624,0.0,-9.015238241928381e-15,2.5994916055041455e-13,0.0,0.0,0.0,0.0,,,0.0,450.0,45.04672471471471,0.0,0.0
immediate_greedy,0,500,2318,2270,0.9792924935289042,0.0207075064710957,0.0,0.0207075064710957,0.0,148.5488460815053,122.69429249485756,303.2612020632969,145.4806367562438,908.0,0.1397756464265818,148.40907043507872,0.4487811779424431,0.0672706909917059,0.483948131065851,2483,1.1606927104309304,0.0430489730128665,0.077635999823542,0.0520471894517696,,,,2318,0.0,0.9792924935289042,0.0,0.0,1.0,20494.65426376203,0.0,-3.770649969449386e-15,2.564840165999234e-13,0.0,0.0,0.0,0.0,,,0.0,500.0,40.98930852752406,0.0,0.0
immediate_greedy,1,500,2318,2270,0.9792924935289042,0.0207075064710957,0.0,0.0207075064710957,0.0,142.51211008127643,117.52121253545964,296.26376029310524,139.56539607032113,908.0,0.1085148896400653,142.40359519163636,0.449346372629665,0.0651278632114903,0.4855257641588446,2528,1.1689082278481011,0.0429668908211595,0.074646000202847,0.0513888888888888,,,,2318,0.0,0.9792924935289042,0.0,0.0,1.0,20489.734415162373,0.0,-6.0822614688275106e-15,2.5787145302118184e-13,0.0,0.0,0.0,0.0,,,0.0,500.0,40.97946883032474,0.0,0.0
immediate_greedy,2,500,2318,2277,0.9823123382226056,0.0176876617773943,0.0,0.0176876617773943,0.0,147.56039867462073,122.62364233180232,298.9641559114509,144.95524279349203,910.8,0.1215172213643464,147.4388814532564,0.4465872326321113,0.0674336417738627,0.485979125594026,2496,1.1526442307692308,0.0424745592999314,0.0758399996357185,0.0503997219325686,,,,2318,0.0,0.9823123382226056,0.0,0.0,1.0,20550.90580724653,0.0,-2.429325954278604e-15,2.506952826173431e-13,0.0,0.0,0.0,0.0,,,0.0,500.0,41.10181161449306,0.0,0.0
immediate_greedy,3,500,2318,2259,0.9745470232959448,0.0254529767040552,0.0,0.0254529767040552,0.0,150.4923066799502,121.6200988911114,313.59480670993054,146.67231031345943,903.6,0.1574167901879597,150.33488988976222,0.4484424221368046,0.0682535721315324,0.4833040057316628,2507,1.1643398484244116,0.0422465097769857,0.0747640002191474,0.0640630352860568,,,,2318,0.0,0.9745470232959448,0.0,0.0,1.0,20385.080640730062,0.0,-1.0614498803295389e-14,2.580985938964795e-13,0.0,0.0,0.0,0.0,,,0.0,500.0,40.770161281460126,0.0,0.0
immediate_greedy,4,500,2318,2254,0.9723899913718724,0.0276100086281276,0.0,0.0276100086281276,0.0,143.6327645978423,117.92175027034727,292.82106583008226,139.67410364443435,901.6,0.0948196036654361,143.53794499417688,0.45215866869948,0.0650981845912968,0.4827431467092232,2474,1.1455133387227163,0.0416749797798684,0.076296999650367,0.0359915314043754,,,,2318,0.0,0.9723899913718724,0.0,0.0,1.0,20363.80209886145,0.0,-6.777778575000889e-15,2.5815354980384697e-13,0.0,0.0,0.0,0.0,,,0.0,500.0,40.7276041977229,0.0,0.0
immediate_greedy,5,500,2318,2258,0.9741156169111302,0.0258843830888697,0.0,0.0258843830888697,0.0,141.36979671788637,118.06381207973914,290.4764275934341,137.71311518075385,903.2,0.1739618295674322,141.19583488831893,0.4515915578702728,0.0646068876733499,0.4838015544563773,2505,1.1572854291417165,0.0413877445066963,0.0755319999734638,0.0477518299058905,,,,2318,0.0,0.9741156169111302,0.0,0.0,1.0,20378.922678544383,0.0,-1.1183112304511458e-14,2.595367577971437e-13,0.0,0.0,0.0,0.0,,,0.0,500.0,40.75784535708877,0.0,0.0
batched_greedy@10s,0,300,2318,2032,0.8766177739430544,0.1233822260569456,0.0,0.1233822260569456,0.0,262.33827869253247,232.60745786987357,469.36365992168817,230.8741942636868,812.8,5.15748031496063,257.1807983775718,0.1170090872636663,0.1653898102364021,0.7176011024999315,1011,3.120672601384768,0.0757816023528512,0.162920000275335,0.0481507327285415,,,,2318,0.0,0.8766177739430544,0.0,0.0,1.0,18245.072717874667,0.0,6.338980084498556e-15,2.6790708759050645e-13,0.0,0.0,0.0,0.0,,,0.0,300.0,60.81690905958223,0.0,0.0
batched_greedy@10s,1,300,2318,2048,0.8835202761000863,0.1164797238999137,0.0,0.1164797238999137,0.0,263.62935165992826,237.81195996593533,477.8708881373938,233.7898672129133,819.2,5.40673828125,258.22261337867826,0.1167471906753142,0.1667383959633777,0.7165144133613081,1012,3.0563241106719365,0.0722714426738884,0.1564709996728197,0.0514067384508509,,,,2318,0.0,0.8835202761000863,0.0,0.0,1.0,18321.8793091037,0.0,-1.2218958483911637e-15,2.6804058105012185e-13,0.0,0.0,0.0,0.0,,,0.0,300.0,61.07293103034567,0.0,0.0
batched_greedy@10s,2,300,2318,2016,0.8697152717860225,0.1302847282139775,0.0,0.1302847282139775,0.0,263.1078306434917,238.45881910776237,474.82234719960434,229.67747479606527,806.4,5.16765873015873,257.940171913333,0.1226295724127837,0.1632881861142862,0.71408224147293,1005,2.952238805970149,0.0752936318281511,0.1515479993395275,0.0576060710589858,,,,2318,0.0,0.8697152717860225,0.0,0.0,1.0,18203.397413407445,0.0,-5.6484799201266404e-15,2.7234695979908946e-13,0.0,0.0,0.0,0.0,,,0.0,300.0,60.677991378024814,0.0,0.0
batched_greedy@10s,3,300,2318,1996,0.8610871440897325,0.1389128559102674,0.0,0.1389128559102674,0.0,264.1239355274115,240.5534373805945,483.0280592724389,228.4112921970291,798.4,5.164829659318637,258.9591058680928,0.1287758132194323,0.16373516930755,0.7074890174730175,1009,3.131813676907829,0.0702103072400843,0.1450759998624562,0.0491631799163179,,,,2318,0.0,0.8610871440897325,0.0,0.0,1.0,18007.639599920505,0.0,7.462523140070616e-15,2.6131379402790017e-13,0.0,0.0,0.0,0.0,,,0.0,300.0,60.025465333068354,0.0,0.0
batched_greedy@10s,4,300,2318,2034,0.8774805867126834,0.1225194132873166,0.0,0.1225194132873166,0.0,256.9628993480558,230.7631202510256,454.5487993823843,226.22240607158997,813.6,5.355948869223205,251.60695047883263,0.1190793549182095,0.1610747573437502,0.7198458877380401,1005,3.0199004975124377,0.0717911442775199,0.1504919998842525,0.0504347826086956,,,,2318,0.0,0.8774805867126834,0.0,0.0,1.0,18348.80973240026,0.0,8.637469631700261e-15,2.576536165673597e-13,0.0,0.0,0.0,0.0,,,0.0,300.0,61.16269910800087,0.0,0.0
batched_greedy@10s,5,300,2318,1998,0.8619499568593615,0.1380500431406384,0.0017256255392579,0.1363244176013805,0.0,264.8107219643292,237.39479155227852,495.4196300748129,229.86643395949568,799.2,6.382882882882883,258.42783908144634,0.1210641283664947,0.1627967149266045,0.7161391567069008,1006,3.4065606361829026,0.0728713717856753,0.1505949998772848,0.0431427569273938,,,,2318,0.0,0.8619499568593615,0.0,0.0,1.0,18132.06047636364,0.0,-2.7149898389982555e-15,2.622729083184111e-13,0.0,0.0,0.0,0.0,,,0.0,300.0,60.4402015878788,0.0,0.0
batched_greedy@10s,0,350,2318,2152,0.9283865401207938,0.0716134598792062,0.0,0.0716134598792062,0.0,211.40104294515663,186.63506406667784,388.8602745083432,196.6911321906717,860.8,5.032527881040892,206.3685150641157,0.2202579760153287,0.1231383901356303,0.656603633849041,1004,3.010956175298805,0.0871459163315386,0.1778590002231796,0.053763440860215,,,,2318,0.0,0.9283865401207938,0.0,0.0,1.0,19474.61081943269,0.0,-8.764158337514944e-16,2.6103014834309083e-13,0.0,0.0,0.0,0.0,,,0.0,350.0,55.64174519837913,0.0,0.0
batched_greedy@10s,1,350,2318,2165,0.9339948231233822,0.0660051768766177,0.0,0.0660051768766177,0.0,218.67634935589808,189.65819865654703,418.8946944351328,204.57950662446908,866.0,5.05958429561201,213.61676506028607,0.2130570913253844,0.1278175879131861,0.6591253207614294,1004,2.912350597609562,0.0818683267074034,0.162558999254543,0.0497391304347826,,,,2318,0.0,0.9339948231233822,0.0,0.0,1.0,19482.561811986667,0.0,8.640765803664613e-15,2.5696273438553293e-13,0.0,0.0,0.0,0.0,,,0.0,350.0,55.66446231996191,0.0,0.0
batched_greedy@10s,2,350,2318,2163,0.9331320103537531,0.0668679896462467,0.0,0.0668679896462467,0.0,210.0420337553917,183.3513021587305,403.212200546164,196.37097455259376,865.2,4.9875173370319,205.05451641835984,0.2194837848825516,0.1228286730710126,0.6576875420464358,999,2.894894894894895,0.0803452452477234,0.1615400001173838,0.0523759972251127,,,,2318,0.0,0.9331320103537531,0.0,0.0,1.0,19479.36372507084,0.0,-8.704189575401482e-15,2.5550117320571413e-13,0.0,0.0,0.0,0.0,,,0.0,350.0,55.65532492877383,0.0,0.0
batched_greedy@10s,3,350,2318,2157,0.9305435720448664,0.0694564279551337,0.0,0.0694564279551337,0.0,207.06026570137587,177.41453974968863,392.26225805453726,193.07117908449857,862.8,4.884098284654613,202.17616741672128,0.2256752449175408,0.1224763423708187,0.6518484127116404,997,2.909729187562688,0.0846087261713456,0.161459999399085,0.0471039776692254,,,,2318,0.0,0.9305435720448664,0.0,0.0,1.0,19350.74035137862,0.0,1.3853853931762037e-15,2.5646553340310384e-13,0.0,0.0,0.0,0.0,,,0.0,350.0,55.28782957536749,0.0,0.0
batched_greedy@10s,4,350,2318,2165,0.9339948231233822,0.0660051768766177,0.0,0.0660051768766177,0.0,213.77932808947483,189.0144513288633,399.3561143457111,200.0190877108339,866.0,4.939030023094689,208.8402980663801,0.2161922867749565,0.1252686735774071,0.6585390396476364,1009,2.848364717542121,0.0848783944594325,0.1666160004242555,0.0450891296749388,,,,2318,0.0,0.9339948231233822,0.0,0.0,1.0,19479.1285398361,0.0,-4.279461055474299e-15,2.596481920923953e-13,0.0,0.0,0.0,0.0,,,0.0,350.0,55.65465297096028,0.0,0.0
batched_greedy@10s,5,350,2318,2161,0.9322691975841244,0.0677308024158757,0.0,0.0677308024158757,0.0,210.95775594175487,184.17256126136817,394.21672651875633,197.05595797676116,864.4,4.941693660342434,206.01606228141245,0.218126806446665,0.1234532990938662,0.6584198944594688,1002,2.8982035928143715,0.0810890219744653,0.1842130000022735,0.0497391304347826,,,,2318,0.0,0.9322691975841244,0.0,0.0,1.0,19497.62249325734,0.0,-1.6734004793193245e-15,2.599997444961823e-13,0.0,0.0,0.0,0.0,,,0.0,350.0,55.707492837878114,0.0,0.0
batched_greedy@10s,0,400,2318,2213,0.954702329594478,0.045297670405522,0.0,0.045297670405522,0.0,186.9282176083682,160.81481686621464,365.7910783187805,178.71490317830842,885.2,4.869408043380028,182.05880956498817,0.3122751428590953,0.0989304427856735,0.5887944143552309,1003,2.8943170488534395,0.0865814556376153,0.1702419998036931,0.0464385474860335,,,,2318,0.0,0.954702329594478,0.0,0.0,1.0,19965.335805072093,0.0,2.2061982707146805e-15,2.592028113459605e-13,0.0,0.0,0.0,0.0,,,0.0,400.0,49.91333951268024,0.0,0.0
batched_greedy@10s,1,400,2318,2226,0.9603106125970664,0.0396893874029335,0.0,0.0396893874029335,0.0,186.4588649743271,158.782876967658,362.4707508520778,179.2650705059759,890.4,4.948787061994609,181.5100779123325,0.307534374830543,0.0993649848185904,0.5931006403508666,1003,2.890329012961117,0.0876778663925582,0.1681639992966666,0.0474198047419804,,,,2318,0.0,0.9603106125970664,0.0,0.0,1.0,20037.82913704326,0.0,-7.450165073064123e-15,2.5831588041597465e-13,0.0,0.0,0.0,0.0,,,0.0,400.0,50.094572842608144,0.0,0.0
batched_greedy@10s,2,400,2318,2224,0.9594477998274374,0.0405522001725625,0.0,0.0405522001725625,0.0,189.0593120815824,164.41142052325506,364.1835899111358,181.60867561235517,889.6,4.983812949640288,184.07549913194208,0.3095159636262125,0.0999747374396059,0.5905092989341815,997,2.893681043129388,0.0902548645655401,0.1778880005076643,0.0507296733842946,,,,2318,0.0,0.9594477998274374,0.0,0.0,1.0,20008.808296685555,0.0,-2.267969984477073e-15,2.522107223308176e-13,0.0,0.0,0.0,0.0,,,0.0,400.0,50.02202074171389,0.0,0.0
batched_greedy@10s,3,400,2318,2210,0.9534081104400344,0.0465918895599654,0.0,0.0465918895599654,0.0,186.9799779575925,160.60531835959728,356.7893813485941,178.6853974487832,884.0,5.026244343891403,181.9537336137011,0.3081235568597801,0.0992406023573332,0.5926358407828867,1003,2.952143569292124,0.0900368893278625,0.1763539998682973,0.0504172461752433,,,,2318,0.0,0.9534081104400344,0.0,0.0,1.0,19998.86890787223,0.0,7.627885251542252e-15,2.596965377786266e-13,0.0,0.0,0.0,0.0,,,0.0,400.0,49.99717226968058,0.0,0.0
batched_greedy@10s,4,400,2318,2218,0.9568593615185504,0.0431406384814495,0.0,0.0431406384814495,0.0,182.91677151499465,159.1464886699698,346.51685753001817,175.26893840390773,887.2,4.833633904418395,178.08313761057624,0.3108724085754612,0.0977608961010785,0.5913666953234602,998,2.8607214428857715,0.0898438877726049,0.16842999990331,0.0414035087719298,,,,2318,0.0,0.9568593615185504,0.0,0.0,1.0,19974.320891123207,0.0,3.886281137596805e-16,2.54626697444468e-13,0.0,0.0,0.0,0.0,,,0.0,400.0,49.93580222780802,0.0,0.0
batched_greedy@10s,5,400,2318,2208,0.9525452976704056,0.0474547023295944,0.0,0.0474547023295944,0.0,179.6519973565036,155.19445734393253,342.9443677649686,171.40966788747193,883.2,4.927083333333333,174.72491402317027,0.3153867351963394,0.0955197458639074,0.589093518939753,1001,2.901098901098901,0.0877622377566757,0.1771999995980877,0.0500695410292072,,,,2318,0.0,0.9525452976704056,0.0,0.0,1.0,19929.814117155147,0.0,5.039748811511749e-16,2.599881360923122e-13,0.0,0.0,0.0,0.0,,,0.0,400.0,49.824535292887866,0.0,0.0
batched_greedy@10s,0,450,2318,2241,0.966781708369284,0.0332182916307161,0.0,0.0332182916307161,0.0,165.93612596906385,141.3689205328501,326.1017444927111,160.60779046448323,896.4,5.010709504685408,160.92541646437846,0.3892839202601331,0.0798589709989324,0.5308571087409344,1002,2.931137724550898,0.0906249501096459,0.1787779999631311,0.0543628808864265,,,,2318,0.0,0.966781708369284,0.0,0.0,1.0,20204.52314565762,0.0,-3.0699821682272065e-15,2.5980744651693123e-13,0.0,0.0,0.0,0.0,,,0.0,450.0,44.8989403236836,0.0,0.0
batched_greedy@10s,1,450,2318,2254,0.9723899913718724,0.0276100086281276,0.0,0.0276100086281276,0.0,167.80931292253638,140.92704603280572,332.9374231687646,163.33787373917042,901.6,5.022182786157941,162.78713013637844,0.3839002384735085,0.0809249941177826,0.5351747674087087,1001,2.917082917082917,0.0922825175138796,0.1817000002120039,0.054344063689858,,,,2318,0.0,0.9723899913718724,0.0,0.0,1.0,20355.200569906603,0.0,-8.336819354745142e-15,2.550947720829409e-13,0.0,0.0,0.0,0.0,,,0.0,450.0,45.2337790442369,0.0,0.0
batched_greedy@10s,2,450,2318,2248,0.9698015530629852,0.0301984469370146,0.0,0.0301984469370146,0.0,162.26690447166956,137.85389782576908,317.29482505157694,157.56471149797807,899.2,4.9137010676156585,157.3532034040539,0.3892838164984044,0.077683519140004,0.5330326643615915,1001,2.873126873126873,0.0887159840321937,0.1834999993661767,0.0500695410292072,,,,2318,0.0,0.9698015530629852,0.0,0.0,1.0,20296.73371670765,0.0,3.653068357894733e-15,2.5354688692589883e-13,0.0,0.0,0.0,0.0,,,0.0,450.0,45.10385270379479,0.0,0.0
batched_greedy@10s,3,450,2318,2238,0.9654874892148404,0.0345125107851596,0.0,0.0345125107851596,0.0,165.67949804785644,139.64390395371993,329.01405847951094,160.159066708845,895.2,4.87354781054513,160.80595023731132,0.3882562386329687,0.0803288651320197,0.5314148962350116,999,2.86986986986987,0.0908617617656833,0.1790560005611041,0.0470875479595395,,,,2318,0.0,0.9654874892148404,0.0,0.0,1.0,20138.68005209184,0.0,6.27042852156478e-16,2.574530798062042e-13,0.0,0.0,0.0,0.0,,,0.0,450.0,44.75262233798187,0.0,0.0
batched_greedy@10s,4,450,2318,2246,0.9689387402933564,0.0310612597066436,0.0,0.0310612597066436,0.0,161.4900824249015,137.8472478662327,316.8372257912706,156.6508736524283,898.4,4.882012466607302,156.6080699582942,0.387556597056075,0.078125350276818,0.534318052667107,997,2.872617853560682,0.0924979939807447,0.1775759991869562,0.0457561997904296,,,,2318,0.0,0.9689387402933564,0.0,0.0,1.0,20273.906148801874,0.0,9.781430637258502e-16,2.563966650549157e-13,0.0,0.0,0.0,0.0,,,0.0,450.0,45.05312477511528,0.0,0.0
batched_greedy@10s,5,450,2318,2250,0.9706643658326144,0.0293356341673856,0.0,0.0293356341673856,0.0,162.98057214413802,139.55993929440842,322.96049195596964,158.35560281462924,900.0,4.983555555555555,157.99701658858248,0.3873063474319611,0.0796244250004043,0.5330692275676345,1000,2.886,0.0894375999732801,0.1827099996444303,0.0503997219325686,,,,2318,0.0,0.9706643658326144,0.0,0.0,1.0,20259.90480721897,0.0,-3.112029152892622e-15,2.6146576262122934e-13,0.0,0.0,0.0,0.0,,,0.0,450.0,45.02201068270882,0.0,0.0
batched_greedy@10s,0,500,2318,2266,0.9775668679896462,0.0224331320103537,0.0,0.0224331320103537,0.0,154.6944829253518,126.45492755081092,314.9157424474124,151.3540544904431,906.4,4.957634598411297,149.73684832694047,0.4480919459414503,0.0676426699643196,0.4842653840942301,1001,2.883116883116883,0.0947931069001517,0.195499999790627,0.0533610533610533,,,,2318,0.0,0.9775668679896462,0.0,0.0,1.0,20492.067328618254,0.0,-9.821701165421774e-15,2.586923516432758e-13,0.0,0.0,0.0,0.0,,,0.0,500.0,40.98413465723651,0.0,0.0
batched_greedy@10s,1,500,2318,2273,0.9805867126833476,0.0194132873166522,0.0,0.0194132873166522,0.0,145.94818531547136,119.56001951461803,301.33790252413326,143.22529129511062,909.2,4.931368235811703,141.01681707965966,0.4502496285465139,0.0646589516203507,0.4850914198331355,1000,2.898,0.0929224999936195,0.1817060002122161,0.0494084899095337,,,,2318,0.0,0.9805867126833476,0.0,0.0,1.0,20495.190395323163,0.0,-6.191068579731097e-15,2.585622970557288e-13,0.0,0.0,0.0,0.0,,,0.0,500.0,40.99038079064633,0.0,0.0
batched_greedy@10s,2,500,2318,2268,0.9784296807592752,0.0215703192407247,0.0,0.0215703192407247,0.0,149.49993632553495,125.03063267345853,299.42079029836447,146.40847954543284,907.2,4.923280423280423,144.57665590225454,0.4506944331441216,0.0656277882241775,0.4836777786317009,996,2.8855421686746987,0.0946660642417175,0.1861599993389971,0.0494084899095337,,,,2318,0.0,0.9784296807592752,0.0,0.0,1.0,20436.000354506294,0.0,8.239342972346025e-15,2.5013442228722725e-13,0.0,0.0,0.0,0.0,,,0.0,500.0,40.87200070901259,0.0,0.0
batched_greedy@10s,3,500,2318,2256,0.9732528041415012,0.0267471958584987,0.0,0.0267471958584987,0.0,152.72211710015986,126.34048280597403,307.43350094923085,148.7977118973083,902.4,4.93927304964539,147.78284405051446,0.4501844712236384,0.0672935085622172,0.4825220202141445,1000,2.887,0.0938629999991462,0.1768149992858525,0.0533610533610533,,,,2318,0.0,0.9732528041415012,0.0,0.0,1.0,20337.944195521275,0.0,-9.430202875477436e-15,2.5741032630874684e-13,0.0,0.0,0.0,0.0,,,0.0,500.0,40.67588839104255,0.0,0.0
batched_greedy@10s,4,500,2318,2254,0.9723899913718724,0.0276100086281276,0.0,0.0276100086281276,0.0,149.19240326878997,124.78943707181908,303.5511531060892,145.23842837267148,901.6,4.854480922803904,144.33792234598604,0.4511678264709775,0.0654028321560462,0.4834293413729763,1001,2.848151848151848,0.0955971028968481,0.1884000002974062,0.0417397404419501,,,,2318,0.0,0.9723899913718724,0.0,0.0,1.0,20412.0800777441,0.0,-4.944285146933151e-15,2.6216532641918284e-13,0.0,0.0,0.0,0.0,,,0.0,500.0,40.8241601554882,0.0,0.0
batched_greedy@10s,5,500,2318,2260,0.9749784296807592,0.0250215703192407,0.0,0.0250215703192407,0.0,144.6514410136751,119.88942555185348,291.001770537296,141.15843688132256,904.0,4.90353982300885,139.74790119066623,0.450577975209348,0.0642554171088738,0.4851666076817781,1000,2.868,0.0949275999773817,0.1856199998928786,0.0444211262679258,,,,2318,0.0,0.9749784296807592,0.0,0.0,1.0,20431.855846753064,0.0,-2.329159480820909e-15,2.586806383650215e-13,0.0,0.0,0.0,0.0,,,0.0,500.0,40.863711693506126,0.0,0.0
optimal@10s,0,300,2318,2019,0.8710094909404659,0.128990509059534,0.0004314063848144,0.1285591026747196,0.0,269.3573674068753,239.32282940077857,485.99469379739935,235.7044095752605,807.6,5.232788509162952,264.12457889771235,0.1146981182611537,0.1677222030924027,0.7175796786464436,1010,3.1742574257425744,0.1395453465400098,0.2072149997366066,0.0481675392670157,3.878880104198065,0.0035144154045557,0.0653465346534653,2318,0.0,0.8710094909404659,0.0,0.0,1.0,18259.345151453024,0.0,1.4451265565309047e-14,2.532859179121803e-13,0.0,0.0,0.0,0.0,,,0.0,300.0,60.86448383817675,0.0,0.0
optimal@10s,1,300,2318,2051,0.8848144952545298,0.1151855047454702,0.0,0.1151855047454702,0.0,266.2624663395485,244.49820082646875,480.6222825795776,236.4720959717058,820.4,5.400780107264749,260.8616862322838,0.1096369870490736,0.1679140009835126,0.7224490119674136,1011,3.0633036597428287,0.1457196834842268,0.210749999860127,0.0444366689993002,5.7125421674626295,0.0057256156079522,0.0613254203758654,2318,0.0,0.8848144952545298,0.0,0.0,1.0,18429.417493192246,0.0,1.0211886593933935e-14,2.59719868992862e-13,0.0,0.0,0.0,0.0,,,0.0,300.0,61.43139164397415,0.0,0.0
optimal@10s,2,300,2318,2009,0.866695427092321,0.133304572907679,0.0,0.133304572907679,0.0,265.67129757777093,242.3193347822489,474.0979489666945,231.13659915174367,803.6,5.123942259830762,260.5473553179402,0.1208339969844746,0.1648863001721438,0.7142797028433816,1004,2.950199203187251,0.1425302788913497,0.196878999540786,0.0549982704946385,5.866990306101094,0.0068115463096027,0.0677290836653386,2318,0.0,0.866695427092321,0.0,0.0,1.0,18172.687913445592,0.0,5.66639263578721e-15,2.655352847065945e-13,0.0,0.0,0.0,0.0,,,0.0,300.0,60.57562637815197,0.0,0.0
optimal@10s,3,300,2318,2014,0.8688524590163934,0.1311475409836065,0.0,0.1311475409836065,0.0,258.1632562685504,230.76058298210452,471.9636455267453,225.14184561037985,805.6,5.216981132075472,252.94627513647487,0.126124201910827,0.1616017352513239,0.712274062837849,1011,3.0880316518298714,0.1380068249444524,0.2035499997873556,0.0550935550935551,5.291844084807796,0.0053313854921851,0.0633036597428288,2318,0.0,0.8688524590163934,0.0,0.0,1.0,18141.92923400592,0.0,1.350348719524222e-14,2.64302317205322e-13,0.0,0.0,0.0,0.0,,,0.0,300.0,60.4730974466864,0.0,0.0
optimal@10s,4,300,2318,2025,0.8735979292493529,0.1264020707506471,0.0,0.1264020707506471,0.0,255.52614522808807,229.78891335273877,455.0693783391024,224.0372925310088,810.0,5.065185185185185,250.46096004290288,0.1226352273530343,0.160126111475147,0.7172386611718186,1003,2.9780658025922238,0.142514855426256,0.2114439997603768,0.0491118077324973,3.373746705750016,0.0038829395154482,0.0528414755732801,2318,0.0,0.8735979292493529,0.0,0.0,1.0,18257.715613827622,0.0,-1.946755513994571e-15,2.688625728089032e-13,0.0,0.0,0.0,0.0,,,0.0,300.0,60.85905204609209,0.0,0.0
optimal@10s,5,300,2318,2004,0.8645383951682485,0.1354616048317515,0.0,0.1354616048317515,0.0,267.643370121994,240.1571568341153,490.4548562946859,232.5717488026212,801.6,5.264970059880239,262.3784000621137,0.1132883176829742,0.1659719949031705,0.7207396874138553,1003,3.1006979062811566,0.1437628115936903,0.1911899998049193,0.0407303370786516,3.592999365222976,0.0034559497735432,0.0707876370887338,2318,0.0,0.8645383951682485,0.0,0.0,1.0,18243.09562410038,0.0,2.4839301163719318e-15,2.706406844031099e-13,0.0,0.0,0.0,0.0,,,0.0,300.0,60.81031874700128,0.0,0.0
optimal@10s,0,350,2318,2158,0.9309749784296808,0.0690250215703192,0.0,0.0690250215703192,0.0,211.0081281191289,186.7019955782639,393.0478689507159,196.8591632791546,863.2,5.018999073215941,205.98912904591296,0.2191318186214894,0.1233571330233768,0.6575110483551337,1005,3.0039800995024875,0.1451638806225782,0.2046640007029055,0.0586611456176673,1.873989907614448,0.0025851063609058,0.0437810945273631,2318,0.0,0.9309749784296808,0.0,0.0,1.0,19515.499289230105,0.0,6.1096221275433314e-15,2.5957755150377244e-13,0.0,0.0,0.0,0.0,,,0.0,350.0,55.7585693978003,0.0,0.0
optimal@10s,1,350,2318,2167,0.9348576358930112,0.0651423641069887,0.0,0.0651423641069887,0.0,212.6634704340192,188.62985925560133,402.2506654430723,199.17158776122497,866.8,5.000922934933088,207.6625474990861,0.2125476660168469,0.1250886945649335,0.6623636394182195,1002,2.9121756487025947,0.1488834331205012,0.2020730000276671,0.0510593956234803,1.4214802686350696,0.0021975143866065,0.0369261477045908,2318,0.0,0.9348576358930112,0.0,0.0,1.0,19542.696631076666,0.0,5.705122064151312e-15,2.5464714682897066e-13,0.0,0.0,0.0,0.0,,,0.0,350.0,55.83627608879047,0.0,0.0
optimal@10s,2,350,2318,2168,0.9352890422778256,0.0647109577221742,0.0,0.0647109577221742,0.0,215.5169201356648,189.57216953098717,407.163895930992,201.9808813003112,867.2,5.029520295202952,210.48739984046188,0.2141030049580087,0.1263718664379404,0.6595251286040509,1008,2.888888888888889,0.1504247023750135,0.2060250003250983,0.0569554711770797,2.1135957153159266,0.0033599969162417,0.0426587301587301,2318,0.0,0.9352890422778256,0.0,0.0,1.0,19527.39588941363,0.0,-6.054402571742759e-15,2.5644205905975083e-13,0.0,0.0,0.0,0.0,,,0.0,350.0,55.79255968403894,0.0,0.0
optimal@10s,3,350,2318,2161,0.9322691975841244,0.0677308024158757,0.0,0.0677308024158757,0.0,209.87794878272675,179.7420823919274,392.4656803453977,196.04842421029875,864.4,4.928736695974086,204.94921208675265,0.221494323821984,0.1242102737977405,0.6542954023802754,998,2.918837675350701,0.1502683366669805,0.2006210003946762,0.0497564370215727,2.022864537267104,0.0030839688571564,0.0480961923847695,2318,0.0,0.9322691975841244,0.0,0.0,1.0,19441.811168340544,0.0,-2.4074526114731528e-15,2.597169741339641e-13,0.0,0.0,0.0,0.0,,,0.0,350.0,55.54803190954441,0.0,0.0
optimal@10s,4,350,2318,2170,0.9361518550474548,0.0638481449525453,0.0,0.0638481449525453,0.0,212.67616802315,186.44164265454128,394.9556038590843,199.5695792106279,868.0,4.880184331797235,207.79598369135277,0.2129793280310442,0.1248452187578135,0.6621754532111422,1003,2.8833499501495514,0.1446290129503195,0.1983880000443605,0.0434173669467787,1.98011136716638,0.0031181652231611,0.0378863409770687,2318,0.0,0.9361518550474548,0.0,0.0,1.0,19599.87186775738,0.0,-4.850395558827804e-15,2.577242055201047e-13,0.0,0.0,0.0,0.0,,,0.0,350.0,55.99963390787824,0.0,0.0
optimal@10s,5,350,2318,2159,0.9314063848144952,0.0685936151855047,0.0,0.0685936151855047,0.0,207.3315750244731,179.60789722565187,391.3742737091587,193.50468959354504,863.6,4.92820750347383,202.40336752099927,0.2191267750219968,0.1220181090168005,0.6588551159612026,994,2.919517102615694,0.1480493963807339,0.2021349999722587,0.0490776192133658,1.650438814601115,0.0025987708717109,0.0402414486921529,2318,0.0,0.9314063848144952,0.0,0.0,1.0,19477.48425392955,0.0,-1.901211934527156e-15,2.582667752656456e-13,0.0,0.0,0.0,0.0,,,0.0,350.0,55.64995501122728,0.0,0.0
optimal@10s,0,400,2318,2214,0.9551337359792924,0.0448662640207075,0.0,0.0448662640207075,0.0,187.6867763339025,162.84060081002417,361.179255266114,179.53301242591027,885.6,4.885275519421861,182.8015008144806,0.3112911373283555,0.0994419529067716,0.589266909764873,1005,2.8955223880597014,0.1490536318307922,0.2072439996118192,0.0487634970393591,1.1166068770682862,0.0019974969140696,0.0368159203980099,2318,0.0,0.9551337359792924,0.0,0.0,1.0,19982.660949118617,0.0,-6.962211596158841e-15,2.5722112385449165e-13,0.0,0.0,0.0,0.0,,,0.0,400.0,49.95665237279655,0.0,0.0
optimal@10s,1,400,2318,2216,0.9559965487489216,0.0440034512510785,0.0,0.0440034512510785,0.0,187.1328200752114,159.26401126541168,369.7424127798463,179.1386235058967,886.4,4.949458483754513,182.1833615914569,0.3074228146059939,0.0987132341948144,0.5938639511991917,1005,2.8875621890547265,0.1503810945376163,0.2123759993628482,0.0484151863462208,1.7471816174229409,0.0031569505838235,0.0368159203980099,2318,0.0,0.9559965487489216,0.0,0.0,1.0,20031.64242235209,0.0,1.3745522970945756e-15,2.549899721776129e-13,0.0,0.0,0.0,0.0,,,0.0,400.0,50.079106055880224,0.0,0.0
optimal@10s,2,400,2318,2219,0.957290767903365,0.042709232096635,0.0,0.042709232096635,0.0,186.562647079984,161.22555785537088,357.55321372855144,178.81903100538588,887.6,5.054078413699865,181.50856866628413,0.3122350409918403,0.0983557828662065,0.5894091761419531,999,2.9029029029029028,0.1487554554741918,0.2112140001736406,0.0556515727618389,1.489434873947248,0.0028068742638306,0.033033033033033,2318,0.0,0.957290767903365,0.0,0.0,1.0,19931.49184067068,0.0,6.35553899829132e-15,2.536778058157616e-13,0.0,0.0,0.0,0.0,,,0.0,400.0,49.82872960167671,0.0,0.0
optimal@10s,3,400,2318,2214,0.9551337359792924,0.0448662640207075,0.0,0.0448662640207075,0.0,186.54261808838623,160.65324058295732,357.6701856487365,178.5407059739807,885.6,4.9561878952122855,181.586430193174,0.3074956680253681,0.0992972705562973,0.5932070614183345,998,2.94188376753507,0.1510009017999139,0.2039210000839375,0.0447708989157047,1.573888487106318,0.0026282926842702,0.034068136272545,2318,0.0,0.9551337359792924,0.0,0.0,1.0,20045.54978725247,0.0,-1.5264312949227535e-16,2.653408958978252e-13,0.0,0.0,0.0,0.0,,,0.0,400.0,50.11387446813117,0.0,0.0
optimal@10s,4,400,2318,2225,0.959879206212252,0.040120793787748,0.0,0.040120793787748,0.0,183.65766676518805,160.81360966941065,349.9616827494,176.50229014346135,890.0,4.827415730337079,178.83025103485096,0.3090884635011056,0.0980979344988764,0.592813602000018,997,2.858575727181545,0.1544030090211409,0.2102160000140428,0.0414035087719298,1.4996207953919647,0.002948746011244,0.033099297893681,2318,0.0,0.959879206212252,0.0,0.0,1.0,20027.73119679623,0.0,-2.5102516819255e-15,2.581387787670516e-13,0.0,0.0,0.0,0.0,,,0.0,400.0,50.069327991990576,0.0,0.0
optimal@10s,5,400,2318,2217,0.956427955133736,0.043572044866264,0.0,0.043572044866264,0.0,180.11257247285653,156.47869106289,346.3850938266896,172.5265630596734,886.8,4.99233198015336,175.12024049270318,0.310557424189693,0.0961964225535737,0.5932461532567331,1001,2.914085914085914,0.1506576423647917,0.1978000000235624,0.0546712802768166,1.271105961850434,0.0023600142864102,0.0289710289710289,2318,0.0,0.956427955133736,0.0,0.0,1.0,20058.61525525419,0.0,-4.734197297202906e-15,2.6194137321775973e-13,0.0,0.0,0.0,0.0,,,0.0,400.0,50.14653813813548,0.0,0.0
optimal@10s,0,450,2318,2245,0.9685073339085418,0.0314926660914581,0.0,0.0314926660914581,0.0,169.04714364025554,144.04526226296457,333.5485716861704,163.884312973414,898.0,5.0476614699331845,163.99948217032235,0.3872080262623628,0.0811911776765766,0.5316007960610605,1003,2.9322033898305087,0.1504733798606298,0.2027939999061345,0.05567081604426,1.3276793497454007,0.0025914720958786,0.0299102691924227,2318,0.0,0.9685073339085418,0.0,0.0,1.0,20232.635741335223,0.0,-8.286368374440589e-15,2.597468886847563e-13,0.0,0.0,0.0,0.0,,,0.0,450.0,44.96141275852272,0.0,0.0
optimal@10s,1,450,2318,2251,0.9710957722174288,0.0289042277825711,0.0,0.0289042277825711,0.0,166.54988197287088,139.16217721727935,330.2366210476948,161.88040738607953,900.4,5.082185695246557,161.46769627762433,0.3835832736857361,0.0804360772015491,0.5359806491127148,1004,2.9173306772908365,0.1492683266965775,0.2029969996056024,0.0572808833678398,1.2531125479797536,0.0025662057093445,0.0298804780876494,2318,0.0,0.9710957722174288,0.0,0.0,1.0,20352.65091713976,0.0,-2.5868048509791303e-15,2.5397365241528183e-13,0.0,0.0,0.0,0.0,,,0.0,450.0,45.22811314919945,0.0,0.0
optimal@10s,2,450,2318,2251,0.9710957722174288,0.0289042277825711,0.0,0.0289042277825711,0.0,166.2386298106545,140.37166098430998,328.62189587205285,161.5941137634958,900.4,4.905819635717459,161.33281017493704,0.3879565295215904,0.0792120013658735,0.5328314691125361,998,2.87374749498998,0.154517234503197,0.2064180000252235,0.0474198047419804,1.7136768366474004,0.0037855371134424,0.0280561122244488,2318,0.0,0.9710957722174288,0.0,0.0,1.0,20302.571400541045,0.0,-6.456358721258618e-15,2.5663660939198383e-13,0.0,0.0,0.0,0.0,,,0.0,450.0,45.116825334535655,0.0,0.0
optimal@10s,3,450,2318,2239,0.9659188955996548,0.0340811044003451,0.0,0.0340811044003451,0.0,167.05459813702498,142.92238381560492,329.6867648382178,161.57387628507288,895.6,4.864671728450201,162.1899264085748,0.3886926123513563,0.0807199443532908,0.5305874432953529,999,2.871871871871872,0.1576829830049212,0.2177019998089235,0.0477518299058905,1.493272903623043,0.003183526410831,0.026026026026026,2318,0.0,0.9659188955996548,0.0,0.0,1.0,20162.714501005707,0.0,-7.823031091963453e-15,2.580660116152009e-13,0.0,0.0,0.0,0.0,,,0.0,450.0,44.80603222445713,0.0,0.0
optimal@10s,4,450,2318,2240,0.9663503019844694,0.0336496980155306,0.0,0.0336496980155306,0.0,162.11825210110737,136.81975682052757,321.36633174675177,156.85111505887858,896.0,4.852232142857143,157.26601995825024,0.3877883057070508,0.0782402826643036,0.5339714116286456,997,2.865596790371113,0.1520800401134439,0.2063400001861736,0.0434173669467787,1.6581485096759854,0.003728125451847,0.0300902708124373,2318,0.0,0.9663503019844694,0.0,0.0,1.0,20255.60718303937,0.0,-7.659547599355881e-15,2.575437878833092e-13,0.0,0.0,0.0,0.0,,,0.0,450.0,45.01246040675415,0.0,0.0
optimal@10s,5,450,2318,2248,0.9698015530629852,0.0301984469370146,0.0,0.0301984469370146,0.0,159.26818163875794,136.64542065491196,314.1026101688418,154.61771886278163,899.2,4.98932384341637,154.27885779534157,0.3894400447396947,0.0774910522114722,0.5330689030488331,1004,2.8754980079681274,0.1580619521934,0.2162969999244524,0.0507296733842946,1.1131806484368707,0.0024644936939607,0.0278884462151394,2318,0.0,0.9698015530629852,0.0,0.0,1.0,20260.43461050583,0.0,-7.866631426931408e-15,2.612878774553815e-13,0.0,0.0,0.0,0.0,,,0.0,450.0,45.023188023346286,0.0,0.0
optimal@10s,0,500,2318,2270,0.9792924935289042,0.0207075064710957,0.0,0.0207075064710957,0.0,152.2952063338543,125.08551236199264,307.24797359026724,149.25371802323096,908.0,4.953744493392071,147.34146184046224,0.4480764053625874,0.0667931896155349,0.4851304050218775,1000,2.883,0.156948300035765,0.2281179997407889,0.0523759972251127,0.9642741281490816,0.0023335094485935,0.026,2318,0.0,0.9792924935289042,0.0,0.0,1.0,20532.172981695465,0.0,-1.602105623887717e-14,2.555209103531869e-13,0.0,0.0,0.0,0.0,,,0.0,500.0,41.06434596339093,0.0,0.0
optimal@10s,1,500,2318,2281,0.9840379637618636,0.0159620362381363,0.0,0.0159620362381363,0.0,146.02931376298434,120.47755583677736,296.9042441918691,143.7846698418323,912.4,4.982463831652784,141.04684993133156,0.4477490439749511,0.0652098305289665,0.4870411254960823,1003,2.8993020937188434,0.1537074775800409,0.2147939994210901,0.0527045769764216,1.216944534839194,0.0029072202094167,0.0289132602193419,2318,0.0,0.9840379637618636,0.0,0.0,1.0,20578.42943198597,0.0,-1.3137720245805448e-14,2.584902918630024e-13,0.0,0.0,0.0,0.0,,,0.0,500.0,41.15685886397194,0.0,0.0
optimal@10s,2,500,2318,2265,0.9771354616048318,0.0228645383951682,0.0,0.0228645383951682,0.0,150.32211017669616,124.62170769586736,301.3114115888215,147.02786003029198,906.0,4.9289183222958055,145.39319185440036,0.4505583415509162,0.0658938645785494,0.4835477938705344,998,2.881763527054108,0.1573179358542428,0.221974999840313,0.0500695410292072,1.030862550236704,0.0025256554809407,0.0290581162324649,2318,0.0,0.9771354616048318,0.0,0.0,1.0,20395.152444550145,0.0,-5.262408120254164e-15,2.5139919579493493e-13,0.0,0.0,0.0,0.0,,,0.0,500.0,40.79030488910029,0.0,0.0
optimal@10s,3,500,2318,2256,0.9732528041415012,0.0267471958584987,0.0,0.0267471958584987,0.0,153.3332112901596,126.02999990659964,305.9598822059384,149.37304774400346,902.4,4.945921985815603,148.387289304344,0.4494708120447374,0.0673708117376426,0.48315837621762,1000,2.885,0.1563780000087717,0.2121300006729143,0.0527045769764216,1.2695746802928818,0.0030097619974989,0.023,2318,0.0,0.9732528041415012,0.0,0.0,1.0,20361.320190523613,0.0,-2.7499673145413895e-15,2.601071446487052e-13,0.0,0.0,0.0,0.0,,,0.0,500.0,40.72264038104722,0.0,0.0
optimal@10s,4,500,2318,2252,0.9715271786022434,0.0284728213977566,0.0,0.0284728213977566,0.0,147.24526455635672,124.22721473664684,291.4530359167696,143.2240447717495,900.8,4.799289520426288,142.44597503593045,0.4532483066165779,0.063999267600038,0.482752425783384,998,2.844689378757515,0.1575655310489765,0.2160119994641718,0.0376893272278971,0.9996046659530076,0.0025042380969418,0.0240480961923847,2318,0.0,0.9715271786022434,0.0,0.0,1.0,20368.565943536785,0.0,-1.0597601343939704e-14,2.5659304955118653e-13,0.0,0.0,0.0,0.0,,,0.0,500.0,40.73713188707357,0.0,0.0
optimal@10s,5,500,2318,2259,0.9745470232959448,0.0254529767040552,0.0,0.0254529767040552,0.0,146.45000470029763,122.7398746945455,300.1805833292827,142.85830915356877,903.6,4.940239043824701,141.50976565647295,0.4503683808172871,0.0645176851757596,0.4851139340069532,1002,2.8722554890219563,0.1577416167786717,0.2189090004685568,0.0477518299058905,0.9176667882184764,0.0022330515752164,0.0259481037924151,2318,0.0,0.9745470232959448,0.0,0.0,1.0,20434.36439947925,0.0,-4.2251382659152154e-16,2.574489242124371e-13,0.0,0.0,0.0,0.0,,,0.0,500.0,40.8687287989585,0.0,0.0
batched_greedy@10s+aware,0,300,2318,2063,0.8899913718723037,0.1100086281276963,0.0284728213977566,0.0815358067299396,0.0,279.6312961585906,266.84475473663133,487.7976062938564,258.90107310196123,825.2,22.164808531265148,257.4664876273254,0.112810147743399,0.1581282573127685,0.7290615949438324,1061,8.697455230914231,0.0593185673803935,0.1284000001760437,0.0487979906709723,,,,2318,0.0,0.8899913718723037,0.0,0.0,1.0,18665.818402583547,0.0,6.8464650117698705e-15,2.678464979298824e-13,0.0,0.0,0.0,0.0,,,0.0,300.0,62.219394675278494,0.0,0.0
batched_greedy@10s+aware,1,300,2318,2066,0.8912855910267472,0.1087144089732528,0.0306298533218291,0.0780845556514236,0.0,282.96996198281107,268.7722980254693,486.60264943936136,262.3196776971045,826.4,24.10696999031946,258.8629919924916,0.1073785446457972,0.1587923885671816,0.7338290667870211,1061,8.845428840716306,0.061556267671147,0.1295400003073157,0.0521242413423777,,,,2318,0.0,0.8912855910267472,0.0,0.0,1.0,18678.90740111753,0.0,1.904682714657021e-15,2.676647760056354e-13,0.0,0.0,0.0,0.0,,,0.0,300.0,62.26302467039176,0.0,0.0
batched_greedy@10s+aware,2,300,2318,2050,0.8843830888697153,0.1156169111302847,0.0353753235547886,0.0802415875754961,0.0,291.9240369554041,278.1144736401775,509.88553790850347,269.779773077465,820.0,29.39951219512195,262.5245247602822,0.1141602049722242,0.1581978984599314,0.7276418965678444,1066,9.870544090056285,0.0595978423966161,0.1352349998796853,0.0529516994633273,,,,2318,0.0,0.8843830888697153,0.0,0.0,1.0,18573.94983934536,0.0,9.834951281557485e-16,2.65570546583526e-13,0.0,0.0,0.0,0.0,,,0.0,300.0,61.9131661311512,0.0,0.0
batched_greedy@10s+aware,3,300,2318,2054,0.8861087144089732,0.1138912855910267,0.0267471958584987,0.087144089732528,0.0,280.9501078785175,264.4310276090305,492.00976537547456,258.3117748908712,821.6,22.26533592989289,258.6847719486246,0.1146241205492713,0.1593931933520931,0.7259826860986355,1076,8.447026022304833,0.060591449843596,0.1349499998468672,0.0531763026409707,,,,2318,0.0,0.8861087144089732,0.0,0.0,1.0,18500.923960164862,0.0,-5.9273153301068476e-15,2.636772116239204e-13,0.0,0.0,0.0,0.0,,,0.0,300.0,61.66974653388289,0.0,0.0
batched_greedy@10s+aware,4,300,2318,2048,0.8835202761000863,0.1164797238999137,0.0297670405522001,0.0867126833477135,0.0,272.3906278601335,255.25067510139115,478.043045633547,249.6424956645372,819.2,21.607421875,250.78320598513352,0.1193182029635161,0.1534045575348767,0.7272772395016072,1060,8.092452830188678,0.0581623585010263,0.1292320002994533,0.0500536288880943,,,,2318,0.0,0.8835202761000863,0.0,0.0,1.0,18447.74256733393,0.0,1.4309300272463688e-14,2.595046573461435e-13,0.0,0.0,0.0,0.0,,,0.0,300.0,61.49247522444645,0.0,0.0
batched_greedy@10s+aware,5,300,2318,2042,0.8809318377911993,0.1190681622088006,0.037532355478861,0.0815358067299396,0.0,289.1484959768522,273.8347151910148,502.89051739989753,266.32582714824866,816.8,26.60675808031342,262.5417378965388,0.1137969020660568,0.1579600378427711,0.7282430600911719,1064,9.781954887218046,0.0562111842044005,0.1208659997610082,0.0521958243340532,,,,2318,0.0,0.8809318377911993,0.0,0.0,1.0,18567.06022264405,0.0,-1.1713559711916856e-14,2.640179945382889e-13,0.0,0.0,0.0,0.0,,,0.0,300.0,61.89020074214683,0.0,0.0
batched_greedy@10s+aware,0,350,2318,2171,0.9365832614322692,0.0634167385677308,0.0081967213114754,0.0552200172562553,0.0,217.4161551958589,194.7323959408459,414.6383448091237,207.06968195393296,868.4,10.10317825886688,207.312976936992,0.2206704507305515,0.121105984181067,0.6582235650883814,1061,4.770970782280867,0.0697970782362615,0.1410199998645112,0.0542337298810356,,,,2318,0.0,0.9365832614322692,0.0,0.0,1.0,19534.59285905838,0.0,-2.0138453574269308e-15,2.587878220228284e-13,0.0,0.0,0.0,0.0,,,0.0,350.0,55.81312245445251,0.0,0.0
batched_greedy@10s+aware,1,350,2318,2163,0.9331320103537531,0.0668679896462467,0.0081967213114754,0.0586712683347713,0.0,225.18484347707545,199.8384243523651,427.3876163479652,213.47076145838352,865.2,12.458159963014332,212.7266835140611,0.2150428429346545,0.1222988383829031,0.6626583186824423,1049,5.144899904671116,0.0690741658811933,0.1409840000633266,0.0498245614035087,,,,2318,0.0,0.9331320103537531,0.0,0.0,1.0,19573.36826120305,0.0,1.3355320856004032e-14,2.562255128877997e-13,0.0,0.0,0.0,0.0,,,0.0,350.0,55.923909317723,0.0,0.0
batched_greedy@10s+aware,2,350,2318,2165,0.9339948231233822,0.0660051768766177,0.0077653149266609,0.0582398619499568,0.0,231.49172441247927,205.5927070884836,437.3300451235476,219.0501074205661,866.0,12.578752886836028,218.9129715256433,0.2128950757227035,0.1267353120931639,0.6603696121841325,1032,5.025193798449612,0.0694908914470421,0.1493629999458788,0.0615916955017301,,,,2318,0.0,0.9339948231233822,0.0,0.0,1.0,19599.45673121117,0.0,-7.572079991508112e-15,2.649731601698584e-13,0.0,0.0,0.0,0.0,,,0.0,350.0,55.99844780346048,0.0,0.0
batched_greedy@10s+aware,3,350,2318,2158,0.9309749784296808,0.0690250215703192,0.0107851596203623,0.0582398619499568,0.0,227.10904735194384,204.98242268380773,431.0062456789194,215.07044016209383,863.2,11.746524559777573,215.36252279216623,0.2167363476855941,0.1253509181985843,0.6579127341158214,1045,5.29377990430622,0.0684857416276457,0.1429800000551038,0.0516877637130801,,,,2318,0.0,0.9309749784296808,0.0,0.0,1.0,19498.901031642057,0.0,1.3002265313232855e-14,2.511489111622345e-13,0.0,0.0,0.0,0.0,,,0.0,350.0,55.7111458046916,0.0,0.0
batched_greedy@10s+aware,4,350,2318,2163,0.9331320103537531,0.0668679896462467,0.0103537532355478,0.0565142364106988,0.0,230.7910242053918,208.6432737236673,437.7648663768612,218.6783079104278,865.2,11.357374017568192,219.4336501878236,0.2140888256122917,0.1267472227472978,0.6591639516404105,1040,4.881730769230769,0.0678827884931147,0.1462880004419275,0.053184044786564,,,,2318,0.0,0.9331320103537531,0.0,0.0,1.0,19548.73192382114,0.0,5.704996243228705e-15,2.616592923736488e-13,0.0,0.0,0.0,0.0,,,0.0,350.0,55.853519782346105,0.0,0.0
batched_greedy@10s+aware,5,350,2318,2169,0.9357204486626404,0.0642795513373598,0.0060396893874029,0.0582398619499568,0.0,218.50471116663093,194.23137034272983,418.6642949927588,207.1887767586545,867.6,10.085753803596129,208.4189573630348,0.2150171869081387,0.1220205045606555,0.6629623085312057,1040,4.786538461538462,0.0692681730662605,0.1483099998222313,0.0481039325842696,,,,2318,0.0,0.9357204486626404,0.0,0.0,1.0,19588.00087930092,0.0,-7.000803297557949e-15,2.515811441146025e-13,0.0,0.0,0.0,0.0,,,0.0,350.0,55.96571679800263,0.0,0.0
batched_greedy@10s+aware,0,400,2318,2206,0.9516824849007766,0.0483175150992234,0.0021570319240724,0.0461604831751509,0.0,192.6971276722166,165.01228710772216,382.0998567306633,184.75890772953792,882.4,6.798730734360834,185.89839693785572,0.3139098533394207,0.0992282161014369,0.5868619305591424,1035,3.665700483091788,0.0759380676315148,0.1549500003784486,0.0522648083623693,,,,2318,0.0,0.9516824849007766,0.0,0.0,1.0,19895.59937526744,0.0,3.736509439722127e-15,2.490054098242105e-13,0.0,0.0,0.0,0.0,,,0.0,400.0,49.73899843816859,0.0,0.0
batched_greedy@10s+aware,1,400,2318,2244,0.9680759275237274,0.0319240724762726,0.0012942191544434,0.0306298533218291,0.0,196.3100403314222,168.12218577092244,387.8069825518614,191.19171305621583,897.6,7.6541889483065955,188.6558513831156,0.3010828548288021,0.1011516646710259,0.597765480500172,1036,3.7258687258687258,0.0685797297471067,0.1459000001432286,0.0445301542776998,,,,2318,0.0,0.9680759275237274,0.0,0.0,1.0,20227.08917634859,0.0,-6.67519119796908e-16,2.575157358100116e-13,0.0,0.0,0.0,0.0,,,0.0,400.0,50.56772294087147,0.0,0.0
batched_greedy@10s+aware,2,400,2318,2219,0.957290767903365,0.042709232096635,0.0034512510785159,0.039257981018119,0.0,195.791295780572,171.4457583436306,388.7434902114392,188.9034568875604,887.6,7.427219468228932,188.36407631234303,0.3113643659265647,0.1005541055614287,0.5880815285120066,1024,3.7021484375,0.0745758788855965,0.1546020001751457,0.0545328238971865,,,,2318,0.0,0.957290767903365,0.0,0.0,1.0,19954.01079682791,0.0,-1.6480732956806065e-15,2.563931741795496e-13,0.0,0.0,0.0,0.0,,,0.0,400.00000000000006,49.88502699206977,0.0,0.0
batched_greedy@10s+aware,3,400,2318,2210,0.9534081104400344,0.0465918895599654,0.0056082830025884,0.040983606557377,0.0,195.9563762833602,167.98981702673927,382.0038858755438,188.79493765300828,884.0,8.129864253393665,187.82651202996652,0.3092873011805362,0.1002302825653644,0.5904824162540994,1039,4.0384985563041385,0.0727628489011827,0.1454579998608095,0.0546657381615598,,,,2318,0.0,0.9534081104400344,0.0,0.0,1.0,19921.411143782338,0.0,-6.008667671012024e-15,2.503168110196306e-13,0.0,0.0,0.0,0.0,,,0.0,400.0,49.80352785945585,0.0,0.0
batched_greedy@10s+aware,4,400,2318,2222,0.9585849870578084,0.0414150129421915,0.0017256255392579,0.0396893874029335,0.0,189.1148888873511,165.5720344785293,364.1846093552709,182.55327760953688,888.8,7.17011701170117,181.9447718756499,0.3113047390470989,0.0980204147183075,0.5906748462345935,1024,3.58203125,0.0755014648561314,0.1528869999856396,0.0475026196297589,,,,2318,0.0,0.9585849870578084,0.0,0.0,1.0,20000.12458707149,0.0,1.9606278796710682e-16,2.562324789789205e-13,0.0,0.0,0.0,0.0,,,0.0,400.0,50.00031146767873,0.0,0.0
batched_greedy@10s+aware,5,400,2318,2216,0.9559965487489216,0.0440034512510785,0.0012942191544434,0.042709232096635,0.0,187.33744585339744,159.40088925564055,374.9615275299684,180.1600416500104,886.4,6.728339350180505,180.6091065032169,0.3081981554696357,0.0973336220927666,0.5944682224375977,1025,3.7590243902439022,0.0777622439095355,0.1594959995054523,0.0525583014270797,,,,2318,0.0,0.9559965487489216,0.0,0.0,1.0,20071.96523295048,0.0,-4.814490162337711e-15,2.557569579305004e-13,0.0,0.0,0.0,0.0,,,0.0,400.0,50.17991308237621,0.0,0.0
batched_greedy@10s+aware,0,450,2318,2256,0.9732528041415012,0.0267471958584987,0.0017256255392579,0.0250215703192407,0.0,173.50663878190466,145.0451843802757,350.5001972630748,169.51513404612595,902.4,6.44636524822695,167.0602735336777,0.3865965873101779,0.0817054861405232,0.5316979265492989,1029,3.3430515063168125,0.0795835762681967,0.1622159999533323,0.0561136127467959,,,,2318,0.0,0.9732528041415012,0.0,0.0,1.0,20300.20621481468,0.0,-4.3306571882541573e-16,2.594902228474329e-13,0.0,0.0,0.0,0.0,,,0.0,450.0,45.11156936625484,0.0,0.0
batched_greedy@10s+aware,1,450,2318,2257,0.9736842105263158,0.0263157894736842,0.0017256255392579,0.0245901639344262,0.0,172.67114354804107,145.45863221017498,344.2621737256615,169.22989317985335,902.8,6.511298183429331,166.15984536461175,0.3820364533829684,0.0814703603093056,0.536493186307726,1035,3.464734299516908,0.0784128502372355,0.1596000001882203,0.0525217391304347,,,,2318,0.0,0.9736842105263158,0.0,0.0,1.0,20414.7033851878,0.0,-4.739181527890389e-15,2.604515333281739e-13,0.0,0.0,0.0,0.0,,,0.0,450.0,45.36600752263956,0.0,0.0
batched_greedy@10s+aware,2,450,2318,2252,0.9715271786022434,0.0284728213977566,0.0012942191544434,0.0271786022433132,0.0,165.78795174669693,141.73687173924577,330.8576434475601,161.51959899484726,900.8,5.716696269982238,160.0712554767147,0.3870678485134864,0.0788488095545538,0.5340833419319597,1015,3.122167487684729,0.0790709359333345,0.1524859998062311,0.0481507327285415,,,,2318,0.0,0.9715271786022434,0.0,0.0,1.0,20324.18730515832,0.0,-1.0704679692495914e-14,2.5648991515653663e-13,0.0,0.0,0.0,0.0,,,0.0,450.0,45.16486067812959,0.0,0.0
batched_greedy@10s+aware,3,450,2318,2238,0.9654874892148404,0.0345125107851596,0.0017256255392579,0.0327868852459016,0.0,166.21840345641158,139.76995884263056,332.6683267860275,161.23427154412138,895.2,5.977211796246649,160.24119166016493,0.3892110290218165,0.0794730378269669,0.5313159331512166,1016,3.2627952755905514,0.0775913385664388,0.1611950002825324,0.0511660285415941,,,,2318,0.0,0.9654874892148404,0.0,0.0,1.0,20155.210663045196,0.0,2.3510138330221368e-15,2.535257278663684e-13,0.0,0.0,0.0,0.0,,,0.0,450.0,44.78935702898932,0.0,0.0
batched_greedy@10s+aware,4,450,2318,2250,0.9706643658326144,0.0293356341673856,0.0008628127696289,0.0284728213977566,0.0,163.85434536963294,137.37367045199971,326.2537777437443,159.64449579188886,900.0,6.277777777777778,157.57656759185514,0.3883148541738966,0.0780069148468523,0.5336782309792509,1014,3.230769230769231,0.0773309664777012,0.1585700004488899,0.0477851412626438,,,,2318,0.0,0.9706643658326144,0.0,0.0,1.0,20267.39739031289,0.0,-7.822680774754392e-15,2.560555224641172e-13,0.0,0.0,0.0,0.0,,,0.0,450.0,45.038660867361976,0.0,0.0
batched_greedy@10s+aware,5,450,2318,2252,0.9715271786022434,0.0284728213977566,0.0012942191544434,0.0271786022433132,0.0,163.95595060973207,138.3149271221978,327.3099070971804,159.94199755572572,900.8,6.158969804618117,157.79698080511398,0.3852966879679776,0.0789619773274142,0.535741334704608,1017,3.4355948869223205,0.079788692223965,0.1621359999262495,0.0475026196297589,,,,2318,0.0,0.9715271786022434,0.0,0.0,1.0,20334.46509177636,0.0,6.753380172039357e-15,2.599505868110486e-13,0.0,0.0,0.0,0.0,,,0.0,450.0,45.187700203947465,0.0,0.0
batched_greedy@10s+aware,0,500,2318,2271,0.9797238999137188,0.0202761000862812,0.0004314063848144,0.0198446937014667,0.0,154.43540490946535,128.32362947234833,312.78366866610304,151.65040921699656,908.4,5.515191545574637,148.92021336389072,0.4489321181779068,0.0670138777533645,0.4840540040687286,1013,3.123395853899309,0.0840360316080768,0.1652879999528522,0.0527777777777777,,,,2318,0.0,0.9797238999137188,0.0,0.0,1.0,20511.61813919382,0.0,-1.5028440354296283e-14,2.622291053022036e-13,0.0,0.0,0.0,0.0,,,0.0,500.0,41.02323627838764,0.0,0.0
batched_greedy@10s+aware,1,500,2318,2281,0.9840379637618636,0.0159620362381363,0.0012942191544434,0.0146678170836928,0.0,149.1575952286416,121.56156954269682,306.2779336444419,147.66372725414058,912.4,5.999561595791319,143.1580336328503,0.4483824866181783,0.0651861403173026,0.486431373064519,1030,3.3359223300970875,0.0878798058357522,0.1673749994461105,0.0521739130434782,,,,2318,0.0,0.9840379637618636,0.0,0.0,1.0,20587.57646563127,0.0,-6.7818516159215616e-15,2.5904671753672074e-13,0.0,0.0,0.0,0.0,,,0.0,500.0,41.17515293126254,0.0,0.0
batched_greedy@10s+aware,2,500,2318,2270,0.9792924935289042,0.0207075064710957,0.0017256255392579,0.0189818809318377,0.0,150.81967294705905,124.60884798372172,307.56687130371705,148.20825536480848,908.0,5.240088105726873,145.57958484133218,0.4499118906382318,0.0660221445904022,0.4840659647713659,1000,3.033,0.0834650000142573,0.1711099995463882,0.0488145048814504,,,,2318,0.0,0.9792924935289042,0.0,0.0,1.0,20463.60484810557,0.0,-6.040395790013451e-15,2.55615010313512e-13,0.0,0.0,0.0,0.0,,,0.0,500.0,40.92720969621113,0.0,0.0
batched_greedy@10s+aware,3,500,2318,2251,0.9710957722174288,0.0289042277825711,0.0025884383088869,0.0263157894736842,0.0,156.59114501108195,128.16437410406888,318.7919701943456,152.94567141431327,900.4,6.189693469569081,150.40145154151287,0.45097529731105,0.0671930545351813,0.4818316481537685,1027,3.287244401168452,0.084708373912381,0.1760979996106471,0.0528328119568995,,,,2318,0.0,0.9710957722174288,0.0,0.0,1.0,20339.483319755494,0.0,-7.0841205452225885e-15,2.5594966197807977e-13,0.0,0.0,0.0,0.0,,,0.0,500.0,40.678966639511,0.0,0.0
batched_greedy@10s+aware,4,500,2318,2258,0.9741156169111302,0.0258843830888697,0.0008628127696289,0.0250215703192407,0.0,150.00867489256396,124.22721473664684,305.29427732813963,146.71932149182427,903.2,5.882639503985828,144.12603538857812,0.4511155743796107,0.0649409201145065,0.4839435055058827,1013,3.142152023692004,0.0852371174965156,0.1648439995915396,0.0444522226111305,,,,2318,0.0,0.9741156169111302,0.0,0.0,1.0,20406.786837460877,0.0,-8.451265472306041e-15,2.54166729981356e-13,0.0,0.0,0.0,0.0,,,0.0,500.0,40.81357367492175,0.0,0.0
batched_greedy@10s+aware,5,500,2318,2262,0.9758412424503884,0.0241587575496117,0.0012942191544434,0.0228645383951682,0.0,147.9475878946938,122.5364808716431,298.9926252972666,145.0947390794285,904.8,5.936781609195402,142.0108062854984,0.4490030586096356,0.0645705709926976,0.4864263703976668,1015,3.204926108374384,0.0855474876794158,0.1678020005238067,0.0491289198606271,,,,2318,0.0,0.9758412424503884,0.0,0.0,1.0,20497.792990882423,0.0,-8.20627581999347e-15,2.577628159055592e-13,0.0,0.0,0.0,0.0,,,0.0,500.0,40.99558598176485,0.0,0.0
optimal@10s+aware,0,300,2318,2067,0.8917169974115617,0.1082830025884383,0.0276100086281276,0.0806729939603106,0.0,280.6709174460628,270.0009914328739,490.1224425628243,259.42260516823865,826.8,23.925012094823416,256.74590535123934,0.1146191708672381,0.158507583543267,0.7268732455894948,1064,8.826127819548873,0.1414328007586688,0.2019370002653886,0.054862842892768,5.996779013562424,0.0009364992377245,0.0573308270676691,2318,0.0,0.8917169974115617,0.0,0.0,1.0,18630.836696713588,0.0,-2.0966940488276543e-15,2.662633861177216e-13,0.0,0.0,0.0,0.0,,,0.0,300.0,62.1027889890453,0.0,0.0
optimal@10s+aware,1,300,2318,2068,0.8921484037963762,0.1078515962036238,0.0297670405522001,0.0780845556514236,0.0,279.2070523782366,263.71103765372254,491.9462668750268,258.6614976404908,827.2,21.07495164410058,258.132100734136,0.1105083317501661,0.1595256989466303,0.7299659693032036,1061,8.132893496701225,0.1398112158445736,0.1997799996388495,0.0500536288880943,5.969354333740702,0.0010312745809215,0.0499528746465598,2318,0.0,0.8921484037963762,0.0,0.0,1.0,18592.65283493572,0.0,-1.1574665575879292e-16,2.625286620374894e-13,0.0,0.0,0.0,0.0,,,0.0,300.0,61.97550944978573,0.0,0.0
optimal@10s+aware,2,300,2318,2056,0.8869715271786023,0.1130284728213977,0.0345125107851596,0.0785159620362381,0.0,297.69766105647795,285.391445172379,506.0759430474909,275.29133582825483,822.4,27.939688715953302,269.75797234052465,0.1100822989203736,0.1628596723401802,0.727058028739446,1072,9.472014925373134,0.1337411380613482,0.1981439999235588,0.0566239316239316,8.006112476683127,0.0011392444989633,0.0522388059701492,2318,0.0,0.8869715271786023,0.0,0.0,1.0,18594.752150165183,0.0,-1.9033628974702103e-15,2.6621592954289993e-13,0.0,0.0,0.0,0.0,,,0.0,300.0,61.982507167217285,0.0,0.0
optimal@10s+aware,3,300,2318,2056,0.8869715271786023,0.1130284728213977,0.0293356341673856,0.083692838654012,0.0,283.24619912982865,267.48942972657915,494.462576000964,261.510933073698,822.4,21.255836575875488,261.9903625539532,0.1115812837145066,0.1608511260302123,0.727567590255281,1073,8.45945945945946,0.1372747437206115,0.195499999790627,0.0536097212294496,5.920071689450985,0.0009680833493013,0.0512581547064305,2318,0.0,0.8869715271786023,0.0,0.0,1.0,18566.156563160544,0.0,2.0578005361097016e-15,2.565818288488618e-13,0.0,0.0,0.0,0.0,,,0.0,300.0,61.88718854386848,0.0,0.0
optimal@10s+aware,4,300,2318,2060,0.8886971527178602,0.1113028472821397,0.0310612597066436,0.0802415875754961,0.0,278.84733302110914,261.53706720024456,490.2316816668509,257.5135765268424,824.0,23.54368932038835,255.3036437007208,0.1175893310466105,0.1560093634312269,0.7264013055221625,1077,8.50974930362117,0.1390683379988666,0.202263999999559,0.0571936056838365,5.598782723641255,0.0009133461919389,0.0501392757660167,2318,0.0,0.8886971527178602,0.0,0.0,1.0,18536.405809451036,0.0,-5.557582441715832e-15,2.6537305255092666e-13,0.0,0.0,0.0,0.0,,,0.0,300.0,61.78801936483678,0.0,0.0
optimal@10s+aware,5,300,2318,2046,0.8826574633304572,0.1173425366695427,0.037532355478861,0.0798101811906816,0.0,288.5641156265931,277.157220368832,499.6001730520893,267.8186770246006,818.4,27.65689149560117,260.9072241309919,0.1132445205598264,0.1566742199896703,0.7300812594505033,1074,10.20949720670391,0.1382702979291589,0.1985970002442627,0.0511711711711711,5.332777132196051,0.0006933927263674,0.0465549348230912,2318,0.0,0.8826574633304572,0.0,0.0,1.0,18580.61673549912,0.0,5.237691457913911e-15,2.6054123559375897e-13,0.0,0.0,0.0,0.0,,,0.0,300.0,61.93538911833039,0.0,0.0
optimal@10s+aware,0,350,2318,2181,0.940897325280414,0.0591026747195858,0.0090595340811044,0.0500431406384814,0.0,221.50779219822135,198.0723216647848,421.72629282620073,211.564354128862,872.4,10.011462631820264,211.4963295664011,0.2122632384468828,0.1245037226946875,0.6632330388584297,1055,4.723222748815166,0.1423378199144703,0.2048460005062224,0.0472663139329806,3.349263215393267,0.0013408984596233,0.0417061611374407,2318,0.0,0.940897325280414,0.0,0.0,1.0,19686.11719962245,0.0,-1.7382804147134272e-15,2.5112786678221335e-13,0.0,0.0,0.0,0.0,,,0.0,350.0,56.24604914177844,0.0,0.0
optimal@10s+aware,1,350,2318,2180,0.9404659188955996,0.0595340811044003,0.0081967213114754,0.0513373597929249,0.0,229.0112256072293,207.64719856642927,440.0020668519904,218.44690467343955,872.0,12.227981651376147,216.7832439558532,0.2082604386842202,0.1256262271862425,0.6661133341295371,1036,5.11969111969112,0.1483012548397151,0.2084549997107388,0.0461430081014441,4.429374216758342,0.0015575307841852,0.0424710424710424,2318,0.0,0.9404659188955996,0.0,0.0,1.0,19691.10590023283,0.0,7.783783811179308e-16,2.5725456423609297e-13,0.0,0.0,0.0,0.0,,,0.0,350.0,56.2603025720938,0.0,0.0
optimal@10s+aware,2,350,2318,2173,0.9374460742018982,0.0625539257981018,0.0051768766177739,0.0573770491803278,0.0,230.1570392747175,209.41453018022685,436.3662207048437,218.22791528618657,869.2,11.875287620800735,218.2817516539168,0.2113146292866288,0.127676046540325,0.6610093241730461,1033,4.802516940948693,0.1464200387466334,0.2011159999892697,0.0559221952066689,4.852266194426851,0.0019171080841736,0.0464666021297192,2318,0.0,0.9374460742018982,0.0,0.0,1.0,19588.48484592912,0.0,-6.697919817591327e-15,2.587717839772975e-13,0.0,0.0,0.0,0.0,,,0.0,350.0,55.96709955979748,0.0,0.0
optimal@10s+aware,3,350,2318,2168,0.9352890422778256,0.0647109577221742,0.0090595340811044,0.0556514236410698,0.0,221.22775726241505,199.95455492991368,424.4825768983763,209.926301897945,867.2,12.40359778597786,208.8241594764372,0.2181691271310774,0.1226148745083361,0.6592159983605865,1046,5.303059273422562,0.143573040158035,0.2049000000170053,0.0482734319943622,3.9010091570929815,0.0012992677597458,0.0430210325047801,2318,0.0,0.9352890422778256,0.0,0.0,1.0,19513.275631270502,0.0,4.761054199513379e-15,2.555432290538365e-13,0.0,0.0,0.0,0.0,,,0.0,350.0,55.7522160893443,0.0,0.0
optimal@10s+aware,4,350,2318,2163,0.9331320103537531,0.0668679896462467,0.0073339085418464,0.0595340811044003,0.0,224.28241846333535,203.92611468467655,421.7218910918822,211.6037899861652,865.2,9.135460009246415,215.14695845408897,0.2143316571395495,0.1249349409217778,0.6607334019386727,1039,4.205004812319538,0.1484502405907275,0.2034479998474125,0.0460618846694796,4.732361669466593,0.0023457646366847,0.0452358036573628,2318,0.0,0.9331320103537531,0.0,0.0,1.0,19589.11268773286,0.0,-5.907844204084861e-15,2.5699584239097e-13,0.0,0.0,0.0,0.0,,,0.0,350.0,55.968893393522464,0.0,0.0
optimal@10s+aware,5,350,2318,2178,0.9396031061259706,0.0603968938740293,0.0043140638481449,0.0560828300258843,0.0,221.95625002968967,196.9474722065081,421.1915668937667,210.84810036269985,871.2,10.01010101010101,211.94614901958863,0.2101286649735106,0.124663269625092,0.6652080654013973,1050,4.628571428571429,0.147467047619492,0.2106039997215703,0.0480364656381486,4.265013164282481,0.0017717837552019,0.04,2318,0.0,0.9396031061259706,0.0,0.0,1.0,19662.24267472948,0.0,-5.1767589296984575e-15,2.56962699256736e-13,0.0,0.0,0.0,0.0,,,0.0,350.0,56.1778362135128,0.0,0.0
optimal@10s+aware,0,400,2318,2228,0.9611734253666956,0.0388265746333045,0.0012942191544434,0.037532355478861,0.0,193.16786760476583,165.18720084337838,382.597120418029,186.53760559217616,891.2,7.143626570915619,186.02424103385025,0.3089070322675639,0.1003013054788325,0.5907916622536036,1036,3.638996138996139,0.1484972973233981,0.2053500000329223,0.0499127399650959,2.6245253923658374,0.001910159090005,0.0328185328185328,2318,0.0,0.9611734253666956,0.0,0.0,1.0,20063.51049473585,0.0,-7.177581888106263e-16,2.59074828217291e-13,0.0,0.0,0.0,0.0,,,0.0,400.0,50.15877623683962,0.0,0.0
optimal@10s+aware,1,400,2318,2237,0.965056082830026,0.0349439171699741,0.0012942191544434,0.0336496980155306,0.0,195.57694222369227,167.94011970116662,389.3509935785878,189.9930114526932,894.8,7.673670093875726,187.9032721298165,0.3008328441630622,0.10138589073475,0.5977812651021877,1042,3.72552783109405,0.1476809020904914,0.2043769999181676,0.0505226480836236,3.802304244959442,0.0025992340104721,0.0412667946257197,2318,0.0,0.965056082830026,0.0,0.0,1.0,20211.013640384772,0.0,7.037930562183469e-15,2.5700675383139425e-13,0.0,0.0,0.0,0.0,,,0.0,400.0,50.52753410096194,0.0,0.0
optimal@10s+aware,2,400,2318,2221,0.958153580672994,0.041846419327006,0.0025884383088869,0.039257981018119,0.0,193.9339991670153,169.7708365168373,378.8707187431046,186.9750125254105,888.4,7.39756866276452,186.5364305042508,0.3111261418456187,0.0995394313337559,0.5893344268206252,1027,3.616358325219085,0.1505351509431624,0.2226839997638308,0.0525217391304347,3.995754438790756,0.0030082184016343,0.0408958130477117,2318,0.0,0.958153580672994,0.0,0.0,1.0,19945.8423856926,0.0,-7.531721007038343e-15,2.547960341888857e-13,0.0,0.0,0.0,0.0,,,0.0,400.0,49.8646059642315,0.0,0.0
optimal@10s+aware,3,400,2318,2211,0.953839516824849,0.0461604831751509,0.0047454702329594,0.0414150129421915,0.0,194.7736142684785,171.16493500177876,374.8091795347264,187.5826476994756,884.4,7.579828132066938,187.1937861364116,0.3112859376388082,0.1003474260019735,0.5883666363592182,1042,3.874280230326296,0.1513061420198923,0.2144309995856018,0.0542986425339366,3.446720390889006,0.0021570044495902,0.0412667946257197,2318,0.0,0.953839516824849,0.0,0.0,1.0,19873.358654391264,0.0,-1.1013653429632896e-14,2.595834999789152e-13,0.0,0.0,0.0,0.0,,,0.0,400.0,49.68339663597816,0.0,0.0
optimal@10s+aware,4,400,2318,2220,0.9577221742881796,0.0422778257118205,0.0021570319240724,0.040120793787748,0.0,186.33418122171847,162.0093558698245,360.8421477303678,179.79850224017832,888.0,6.738738738738738,179.5954424829797,0.3133122495842447,0.0973097357412067,0.5893780146745485,1030,3.4825242718446603,0.1531366990322955,0.2048420002483908,0.0461861441567529,3.5008607012908435,0.0029056337306216,0.0349514563106796,2318,0.0,0.9577221742881796,0.0,0.0,1.0,19950.73552751352,0.0,1.895580789432069e-15,2.548115872456889e-13,0.0,0.0,0.0,0.0,,,0.0,400.0,49.87683881878379,0.0,0.0
optimal@10s+aware,5,400,2318,2222,0.9585849870578084,0.0414150129421915,0.0017256255392579,0.0396893874029335,0.0,186.03848239449223,161.9502288159783,362.5693996073146,179.31059908759318,888.8,7.24977497749775,178.7887074169945,0.309216714256645,0.0970179330078156,0.5937653527355392,1028,3.8443579766536966,0.1489291828915836,0.2410369997051022,0.0535652173913043,4.134047564564407,0.0027269171922522,0.0496108949416342,2318,0.0,0.9585849870578084,0.0,0.0,1.0,20071.318020985305,0.0,-6.4023693837260875e-15,2.5624352125112764e-13,0.0,0.0,0.0,0.0,,,0.0,400.0,50.17829505246326,0.0,0.0
optimal@10s+aware,0,450,2318,2252,0.9715271786022434,0.0284728213977566,0.0017256255392579,0.0267471958584987,0.0,170.2828148089263,143.8466497769623,338.60375418574745,166.16869022254429,900.8,5.963143872113677,164.31967093681263,0.3882567462638616,0.080593502211287,0.5311497515248514,1027,3.2599805258033108,0.1494696202529491,0.2066140001443273,0.0521739130434782,3.368883892048795,0.0036602245539431,0.0350535540408958,2318,0.0,0.9715271786022434,0.0,0.0,1.0,20281.310330296816,0.0,-1.8260506586197066e-16,2.6327864301546123e-13,0.0,0.0,0.0,0.0,,,0.0,450.0,45.0695785117707,0.0,0.0
optimal@10s+aware,1,450,2318,2257,0.9736842105263158,0.0263157894736842,0.0017256255392579,0.0245901639344262,0.0,170.85979885254233,143.06209996732105,340.637519312108,167.44576570049458,902.8,6.386353566681436,164.4734452858609,0.3830860604695755,0.0807099905384993,0.5362039489919251,1034,3.437137330754352,0.1523398452467855,0.2123110003867621,0.0580912863070539,3.978158876534841,0.0036833850215415,0.0357833655705996,2318,0.0,0.9736842105263158,0.0,0.0,1.0,20397.701334391808,0.0,6.949592774436957e-16,2.508515720749242e-13,0.0,0.0,0.0,0.0,,,0.0,450.0,45.32822518753735,0.0,0.0
optimal@10s+aware,2,450,2318,2264,0.9767040552200172,0.0232959447799827,0.0008628127696289,0.0224331320103537,0.0,169.84086785815182,144.2994243025314,338.1692980652904,166.27830825935573,905.6,5.78356890459364,164.0572989535582,0.3832486247841455,0.080516322316054,0.5362350528998003,1007,3.156901688182721,0.1537463753511573,0.2085819995772908,0.0494601184256356,3.9466912503082088,0.0050417144776897,0.0357497517378351,2318,0.0,0.9767040552200172,0.0,0.0,1.0,20448.34583729449,0.0,-5.602899377277911e-15,2.582516062012608e-13,0.0,0.0,0.0,0.0,,,0.0,450.0,45.4407685273211,0.0,0.0
optimal@10s+aware,3,450,2318,2242,0.9672131147540984,0.0327868852459016,0.0017256255392579,0.0310612597066436,0.0,167.10053310576546,144.55954597716072,325.8073531680485,162.33323759712854,896.8,5.918822479928635,161.1817106258368,0.3892256785481924,0.0798687451571359,0.5309055762946716,1024,3.21875,0.1484155273336895,0.1989389999471313,0.0481843575418994,4.529789203485668,0.0051683992368036,0.0419921875,2318,0.0,0.9672131147540984,0.0,0.0,1.0,20215.02438985877,0.0,5.2332011258870004e-15,2.590561326758447e-13,0.0,0.0,0.0,0.0,,,0.0,450.0,44.92227642190839,0.0,0.0
optimal@10s+aware,4,450,2318,2254,0.9723899913718724,0.0276100086281276,0.0004314063848144,0.0271786022433132,0.0,163.78705758174598,135.81800283578582,327.19463919227604,159.8122780258299,901.6,6.715173025732032,157.07188455601394,0.3860424456401826,0.077673535424011,0.5362840189358064,1014,3.3195266272189348,0.1520919132306255,0.2193719997649168,0.0497564370215727,2.656281995724803,0.0028888799369565,0.0384615384615384,2318,0.0,0.9723899913718724,0.0,0.0,1.0,20352.56736382674,0.0,-8.880010992525365e-15,2.5836042365936723e-13,0.0,0.0,0.0,0.0,,,0.0,450.0,45.22792747517053,0.0,0.0
optimal@10s+aware,5,450,2318,2251,0.9710957722174288,0.0289042277825711,0.0008628127696289,0.0280414150129421,0.0,164.25132882377594,138.40133899165448,331.6275045854727,160.11445339923063,900.4,6.600177698800533,157.6511511249754,0.3856978171155512,0.0786049735273957,0.535697209357053,1020,3.4686274509803923,0.1529537254849428,0.2083099997526005,0.0540727902946273,2.7062089300440166,0.0025355690168929,0.0352941176470588,2318,0.0,0.9710957722174288,0.0,0.0,1.0,20309.62588558893,0.0,9.767101979854275e-16,2.588523699153638e-13,0.0,0.0,0.0,0.0,,,0.0,450.0,45.1325019679754,0.0,0.0
optimal@10s+aware,0,500,2318,2277,0.9823123382226056,0.0176876617773943,0.0004314063848144,0.0172562553925798,0.0,153.15805357394052,127.6559534798489,307.1369616029406,150.80445729226264,910.8,5.21475625823452,147.94329731570602,0.4473452923553146,0.0671727466339958,0.4854819610106895,1011,3.0672601384767555,0.1560584569818209,0.2198400005909206,0.0488145048814504,2.278889667609692,0.0035054347795387,0.0336300692383778,2318,0.0,0.9823123382226056,0.0,0.0,1.0,20566.388186269625,0.0,-1.0621669941872752e-14,2.6227924336351984e-13,0.0,0.0,0.0,0.0,,,0.0,500.0,41.13277637253925,0.0,0.0
optimal@10s+aware,1,500,2318,2283,0.9849007765314928,0.0150992234685073,0.0008628127696289,0.0142364106988783,0.0,149.38250936794424,121.69610300143133,309.31161943822246,147.76515195947235,913.2,5.855015330705212,143.52749403723902,0.4475560602162003,0.0655808700494169,0.4868630697343827,1030,3.2495145631067963,0.1501416504793578,0.2138160002868975,0.0560941828254847,2.6166950575285,0.0031613140569778,0.033009708737864,2318,0.0,0.9849007765314928,0.0,0.0,1.0,20614.685241049563,0.0,-9.543152271241382e-15,2.574305201771839e-13,0.0,0.0,0.0,0.0,,,0.0,500.0,41.22937048209913,0.0,0.0
optimal@10s+aware,2,500,2318,2273,0.9805867126833476,0.0194132873166522,0.0012942191544434,0.0181190681622088,0.0,151.0321223102153,126.755536433599,305.7698377209979,148.54442499897058,909.2,5.500219973603167,145.53190233661212,0.4482922366498805,0.0660049468944086,0.4857028164557109,1011,3.045499505440158,0.1564384767557659,0.2098300002217001,0.053088133240805,2.3898694078373337,0.003898459245099,0.0356083086053412,2318,0.0,0.9805867126833476,0.0,0.0,1.0,20527.36222462028,0.0,-1.0171264524766505e-14,2.576393417423404e-13,0.0,0.0,0.0,0.0,,,0.0,500.0,41.05472444924056,0.0,0.0
optimal@10s+aware,3,500,2318,2254,0.9723899913718724,0.0276100086281276,0.0021570319240724,0.0254529767040552,0.0,155.42777135267934,128.33592138071572,313.5681923116053,151.92865213336998,901.6,6.291481810115351,149.136289542564,0.4501690982094553,0.0666418706150247,0.4831890311755198,1021,3.3124387855044075,0.1575403525975848,0.2234399998997104,0.0534722222222222,3.4015654392174,0.0037835655462864,0.0313418217433888,2318,0.0,0.9723899913718724,0.0,0.0,1.0,20363.190551964544,0.0,-2.2612297521957268e-15,2.5584523162168045e-13,0.0,0.0,0.0,0.0,,,0.0,500.0,40.72638110392909,0.0,0.0
optimal@10s+aware,4,500,2318,2265,0.9771354616048318,0.0228645383951682,0.0008628127696289,0.0220017256255392,0.0,151.52063139710873,127.43349251620384,305.6538817227232,148.60724865168254,906.0,5.76953642384106,145.75109497326767,0.4495481389646283,0.0654884223790336,0.484963438656338,1011,3.1177052423343223,0.1594888229513449,0.2134699995622213,0.0404217926186291,2.4381227737279625,0.0034214256479939,0.0336300692383778,2318,0.0,0.9771354616048318,0.0,0.0,1.0,20470.925685370068,0.0,-1.0720293919192881e-14,2.542325437735412e-13,0.0,0.0,0.0,0.0,,,0.0,500.0,40.94185137074013,0.0,0.0
optimal@10s+aware,5,500,2318,2265,0.9771354616048318,0.0228645383951682,0.0012942191544434,0.0215703192407247,0.0,149.3454829882593,124.62170769586736,299.21318842454167,146.5809664955674,906.0,5.939955849889625,143.4055271383697,0.4478185421930492,0.065427710617269,0.4867537471896817,1016,3.187992125984252,0.1563881889629685,0.2095849998568155,0.0504523312456506,2.032364427128725,0.0026651871652709,0.030511811023622,2318,0.0,0.9771354616048318,0.0,0.0,1.0,20519.125349496386,0.0,-1.1348538003370392e-14,2.5844134289095574e-13,0.0,0.0,0.0,0.0,,,0.0,500.0,41.038250698992776,0.0,0.0
batched_greedy@30s+aware,0,300,2318,2063,0.8899913718723037,0.1100086281276963,0.040983606557377,0.0690250215703192,0.0,276.89405250090425,257.1701147575304,485.3395546265568,259.19440122769805,825.2,35.6495395055744,241.2445129953298,0.119820711719337,0.1489454586641344,0.7312338296165285,363,14.330578512396697,0.1050314049906506,0.2515160005168581,0.0514306410720753,,,,2318,0.0,0.8899913718723037,0.0,0.0,1.0,18661.966971066857,0.0,1.1069510149355196e-14,2.6161891632980365e-13,0.0,0.0,0.0,0.0,,,0.0,300.0,62.20655657022285,0.0,0.0
batched_greedy@30s+aware,1,300,2318,2067,0.8917169974115617,0.1082830025884383,0.040120793787748,0.0681622088006902,0.0,275.34051373346546,252.6818517035817,484.3826236011617,257.97236162154286,826.8,34.2322206095791,241.1082931238864,0.115559582285587,0.1500459102594955,0.7343945074549174,360,13.95,0.1063708333049362,0.2331830004823133,0.0501805054151624,,,,2318,0.0,0.8917169974115617,0.0,0.0,1.0,18729.24950261796,0.0,2.3643936886308367e-15,2.608578299881484e-13,0.0,0.0,0.0,0.0,,,0.0,300.0,62.43083167539319,0.0,0.0
batched_greedy@30s+aware,2,300,2318,2060,0.8886971527178602,0.1113028472821397,0.0547886108714409,0.0565142364106988,0.0,286.06352326547074,270.06569961505056,496.2639813579109,271.5558023713354,824.0,37.67621359223301,248.3873096732378,0.1167106966551334,0.1513982268705163,0.7318910764743503,364,15.184065934065934,0.1061074175930236,0.2334840007188177,0.0538377591851582,,,,2318,0.0,0.8886971527178602,0.0,0.0,1.0,18671.101643375623,0.0,4.269723733150651e-15,2.649957922998405e-13,0.0,0.0,0.0,0.0,,,0.0,300.0,62.237005477918736,0.0,0.0
batched_greedy@30s+aware,3,300,2318,2051,0.8848144952545298,0.1151855047454702,0.0483175150992234,0.0668679896462467,0.0,283.3789302679403,263.3732062472145,501.4170911639831,265.70644082484915,820.4,41.09215017064847,242.28678009729188,0.1200956171696273,0.1489844329361103,0.7309199498942623,362,15.75414364640884,0.1092113260087823,0.241048999741906,0.0561797752808988,,,,2318,0.0,0.8848144952545298,0.0,0.0,1.0,18593.168041957128,0.0,6.2642344857007124e-15,2.557367070697017e-13,0.0,0.0,0.0,0.0,,,0.0,300.0,61.97722680652377,0.0,0.0
batched_greedy@30s+aware,4,300,2318,2058,0.8878343399482312,0.1121656600517687,0.0422778257118205,0.0698878343399482,0.0,275.8895841690449,253.58970254855603,492.11933486848295,258.1242621457441,823.2,34.03061224489796,241.858971924147,0.1244018738115958,0.1490469031704551,0.726551223017949,360,14.072222222222225,0.1077925000269412,0.2181310000742089,0.045090909090909,,,,2318,0.0,0.8878343399482312,0.0,0.0,1.0,18463.93327878737,0.0,-8.073446888887387e-15,2.581289031998356e-13,0.0,0.0,0.0,0.0,,,0.0,300.0,61.54644426262458,0.0,0.0
batched_greedy@30s+aware,5,300,2318,2048,0.8835202761000863,0.1164797238999137,0.0487489214840379,0.0677308024158757,0.0,279.24401919966334,257.55285162432847,489.89559800709054,262.00153424978726,819.2,38.9990234375,240.2449957621633,0.1262797084125126,0.1453598682810249,0.7283604233064624,363,15.449035812672175,0.1083782369175471,0.2315320000343489,0.0510204081632653,,,,2318,0.0,0.8835202761000863,0.0,0.0,1.0,18590.49953381893,0.0,3.1799649718999845e-15,2.6264732576331e-13,0.0,0.0,0.0,0.0,,,0.0,300.0,61.96833177939644,0.0,0.0
batched_greedy@30s+aware,0,350,2318,2172,0.9370146678170836,0.0629853321829163,0.0168248490077653,0.0461604831751509,0.0,230.2322740365548,203.85598252097495,430.9701932745177,221.4793998892918,868.8,23.57412523020258,206.65814880635224,0.2175250009061581,0.120353066743509,0.6621219323503328,366,10.551912568306012,0.1266502732093111,0.2521900001283941,0.0496102055279943,,,,2318,0.0,0.9370146678170836,0.0,0.0,1.0,19648.888820255837,0.0,-5.137490596640204e-15,2.573850688545681e-13,0.0,0.0,0.0,0.0,,,0.0,350.0,56.13968234358809,0.0,0.0
batched_greedy@30s+aware,1,350,2318,2169,0.9357204486626404,0.0642795513373598,0.0146678170836928,0.0496117342536669,0.0,228.9008882502741,203.20836946632696,429.0872617401336,219.90222627649715,867.6,23.351775011526048,205.5491132387481,0.2208885635071297,0.1195003285005914,0.6596111079922788,360,10.547222222222222,0.1299147221895206,0.2804110001125093,0.0494175785386516,,,,2318,0.0,0.9357204486626404,0.0,0.0,1.0,19529.557895319347,0.0,-6.873862167955811e-15,2.541297944070016e-13,0.0,0.0,0.0,0.0,,,0.0,350.0,55.79873684376956,0.0,0.0
batched_greedy@30s+aware,2,350,2318,2178,0.9396031061259706,0.0603968938740293,0.0133735979292493,0.0470232959447799,0.0,234.20838042346287,209.490097403886,433.300759314101,224.768201980978,871.2,23.589072543618,210.6193078798449,0.2155745507765616,0.12264822165564,0.6617772275677984,362,10.232044198895029,0.1217267955622416,0.2489059999606978,0.0486429326753612,,,,2318,0.0,0.9396031061259706,0.0,0.0,1.0,19661.134599732548,0.0,-8.081485689810484e-15,2.5683424370016777e-13,0.0,0.0,0.0,0.0,,,0.0,350.0,56.17467028495013,0.0,0.0
batched_greedy@30s+aware,3,350,2318,2159,0.9314063848144952,0.0685936151855047,0.0211389128559102,0.0474547023295944,0.0,230.70670138450689,200.64498885437752,439.2057453585098,221.4310550985176,863.6,27.100046317739693,203.6066550667672,0.2265342022756395,0.1181792926468647,0.6552865050774956,360,11.63888888888889,0.1273772222222962,0.2473709994410456,0.0504619758351101,,,,2318,0.0,0.9314063848144952,0.0,0.0,1.0,19461.968404986324,0.0,1.756404707230053e-15,2.551850964597291e-13,0.0,0.0,0.0,0.0,,,0.0,350.0,55.60562401424664,0.0,0.0
batched_greedy@30s+aware,4,350,2318,2167,0.9348576358930112,0.0651423641069887,0.0107851596203623,0.0543572044866264,0.0,227.8271354902579,205.3098731370192,419.0990858036057,217.6031740195803,866.8,22.25565297646516,205.57148251379277,0.2176653959712334,0.1195854921438651,0.6627491118849014,361,9.997229916897506,0.1260346260554938,0.2538400003686547,0.0465280225590412,,,,2318,0.0,0.9348576358930112,0.0,0.0,1.0,19636.187761153,0.0,4.498478193548096e-15,2.548356849337524e-13,0.0,0.0,0.0,0.0,,,0.0,350.0,56.10339360329427,0.0,0.0
batched_greedy@30s+aware,5,350,2318,2175,0.9383088869715271,0.0616911130284728,0.0125107851596203,0.0491803278688524,0.0,235.7262338822508,207.4020206192836,450.1994223434172,226.0059862843781,870.0,24.486896551724136,211.23933733052664,0.2114506864836124,0.1224321607892728,0.6661171527271147,360,10.78888888888889,0.1219927777507716,0.2540169999792853,0.0490472829922371,,,,2318,0.0,0.9383088869715271,0.0,0.0,1.0,19718.26073863979,0.0,3.690126110170198e-15,2.5513772448516384e-13,0.0,0.0,0.0,0.0,,,0.0,350.0,56.33788782468511,0.0,0.0
batched_greedy@30s+aware,0,400,2318,2218,0.9568593615185504,0.0431406384814495,0.0043140638481449,0.0388265746333045,0.0,202.40516646028365,176.03330953098248,392.62838215311,195.9833181093723,887.2,20.160504959422905,182.2446615008608,0.3123691309039291,0.0973381829533427,0.5902926861427281,360,9.338888888888889,0.1456413888667561,0.2925159998721947,0.0480364656381486,,,,2318,0.0,0.9568593615185504,0.0,0.0,1.0,20013.530272208,0.0,-1.7501279455813334e-15,2.5365242418246154e-13,0.0,0.0,0.0,0.0,,,0.0,400.0,50.03382568052,0.0,0.0
batched_greedy@30s+aware,1,400,2318,2233,0.963330457290768,0.036669542709232,0.0060396893874029,0.0306298533218291,0.0,196.39015347023408,169.14597380089072,380.300643520328,191.4103332173216,893.2,18.32601880877743,178.06413466145668,0.306468681940937,0.0963338083066217,0.5971975097524412,360,8.875,0.1445538888876601,0.2915560006931633,0.0460456942003514,,,,2318,0.0,0.963330457290768,0.0,0.0,1.0,20193.22594331136,0.0,-7.18060233356308e-15,2.574221872635033e-13,0.0,0.0,0.0,0.0,,,0.0,400.0,50.4830648582784,0.0,0.0
batched_greedy@30s+aware,2,400,2318,2231,0.9624676445211388,0.037532355478861,0.0051768766177739,0.0323554788610871,0.0,211.22660011892725,184.54864167269125,398.6488202097353,205.4968223178413,892.4,21.702823845809053,189.52377627311824,0.3053660607484548,0.1004931630205421,0.5941407762310031,361,9.473684210526317,0.1459423823074848,0.2848200003427335,0.0536211699164345,,,,2318,0.0,0.9624676445211388,0.0,0.0,1.0,20107.869887344918,0.0,-6.025360996038277e-15,2.5392587081764694e-13,0.0,0.0,0.0,0.0,,,0.0,400.0,50.26967471836229,0.0,0.0
batched_greedy@30s+aware,3,400,2318,2203,0.9503882657463332,0.0496117342536669,0.0051768766177739,0.044434857635893,0.0,203.3331880268251,176.23200216530768,395.83026353016334,195.6921074715233,881.2,19.99182932364957,183.34135870317556,0.3152297452502023,0.0980003718300201,0.5867698829197775,360,9.266666666666667,0.1478530555762821,0.2762690001054579,0.0526866713189113,,,,2318,0.0,0.9503882657463332,0.0,0.0,1.0,19814.88166595363,0.0,-3.2656582839632386e-15,2.6015241809274597e-13,0.0,0.0,0.0,0.0,,,0.0,400.0,49.53720416488408,0.0,0.0
batched_greedy@30s+aware,4,400,2318,2230,0.9620362381363244,0.0379637618636755,0.0047454702329594,0.0332182916307161,0.0,198.9093911990696,175.0421778044622,377.42944738012113,193.37007403786032,892.0,19.85560538116592,179.05378581790364,0.3100460608659897,0.096411403712409,0.5935425354216013,362,9.00828729281768,0.142530939211304,0.2848029999586284,0.0479523976198809,,,,2318,0.0,0.9620362381363244,0.0,0.0,1.0,20094.32365607132,0.0,1.1148033169240585e-15,2.5515733024208473e-13,0.0,0.0,0.0,0.0,,,0.0,400.0,50.235809140178304,0.0,0.0
batched_greedy@30s+aware,5,400,2318,2232,0.9628990509059534,0.0371009490940465,0.0021570319240724,0.0349439171699741,0.0,194.69497131580096,170.02080606909203,376.04757314745535,189.00232873741987,892.8,18.545250896057347,176.14972041974363,0.3084312952480704,0.0966021614090355,0.5949665433428941,361,8.939058171745152,0.1488867035838069,0.2846600000339086,0.0489681706890521,,,,2318,0.0,0.9628990509059534,0.0,0.0,1.0,20124.682681105514,0.0,-1.846840084287968e-15,2.6258450809980375e-13,0.0,0.0,0.0,0.0,,,0.0,400.0,50.31170670276378,0.0,0.0
batched_greedy@30s+aware,0,450,2318,2251,0.9710957722174288,0.0289042277825711,0.0034512510785159,0.0254529767040552,0.0,182.43550642473923,153.9150782189481,356.40872115877573,178.47611863413715,900.4,18.24389160373168,164.19161482100756,0.3860861261002696,0.0803606184493457,0.5335532554503847,361,8.650969529085872,0.1596443213514694,0.315860000227985,0.0515859184384803,,,,2318,0.0,0.9710957722174288,0.0,0.0,1.0,20336.70442867754,0.0,7.547346429153263e-15,2.579288281056745e-13,0.0,0.0,0.0,0.0,,,0.0,450.0,45.19267650817231,0.0,0.0
batched_greedy@30s+aware,1,450,2318,2267,0.9779982743744609,0.0220017256255392,0.0017256255392579,0.0202761000862812,0.0,176.64385457371662,148.6112732388865,349.5290242596191,174.0505206867328,906.8,18.03705337450375,158.60680119921287,0.3835299420161985,0.0785320997016701,0.5379379582821312,360,8.669444444444444,0.163537499990222,0.307244999848991,0.0577654790729851,,,,2318,0.0,0.9779982743744609,0.0,0.0,1.0,20487.8566127866,0.0,-5.984724062694866e-15,2.5607570761703945e-13,0.0,0.0,0.0,0.0,,,0.0,450.0,45.52857025063688,0.0,0.0
batched_greedy@30s+aware,2,450,2318,2258,0.9741156169111302,0.0258843830888697,0.0030198446937014,0.0228645383951682,0.0,179.34230151703574,151.87908528718367,354.24743461871464,175.84953237520875,903.2,17.70106288751107,161.64123862952465,0.3850527322865307,0.0798778711149988,0.5350693965984705,360,8.469444444444445,0.1620424999853437,0.3273280001121753,0.0508710801393728,,,,2318,0.0,0.9741156169111302,0.0,0.0,1.0,20370.18040365699,0.0,4.799428249765757e-15,2.578433480898313e-13,0.0,0.0,0.0,0.0,,,0.0,450.0,45.2670675636822,0.0,0.0
batched_greedy@30s+aware,3,450,2318,2244,0.9680759275237274,0.0319240724762726,0.0025884383088869,0.0293356341673856,0.0,178.4122576894987,154.15873713764177,343.39426507264864,173.74641177437965,897.6,18.643939393939394,159.76831829555928,0.3870014582025231,0.078921849963742,0.5340766918337347,360,8.661111111111111,0.1593119444578405,0.3065639998203551,0.0587422252937111,,,,2318,0.0,0.9680759275237274,0.0,0.0,1.0,20286.67181821532,0.0,-5.544386498734115e-15,2.5580211349802773e-13,0.0,0.0,0.0,0.0,,,0.0,450.0,45.08149292936738,0.0,0.0
batched_greedy@30s+aware,4,450,2318,2256,0.9732528041415012,0.0267471958584987,0.0017256255392579,0.0250215703192407,0.0,176.12587315757517,151.02820527367612,345.3688733424474,172.5440225472036,902.4,18.35239361702128,157.7734795405539,0.3861736259322259,0.0774882541977184,0.5363381198700556,361,8.534626038781163,0.166565650965759,0.3218200004994281,0.0508002783576896,,,,2318,0.0,0.9732528041415012,0.0,0.0,1.0,20380.840644583008,0.0,-9.375085420354203e-15,2.551402745498857e-13,0.0,0.0,0.0,0.0,,,0.0,450.0,45.29075698796224,0.0,0.0
batched_greedy@30s+aware,5,450,2318,2256,0.9732528041415012,0.0267471958584987,0.0017256255392579,0.0250215703192407,0.0,176.3309170681773,150.57242228546602,349.2164689680494,172.89333574662805,902.4,18.4281914893617,157.90272557881562,0.3844652447842971,0.0785455821832801,0.5369891730324227,360,8.8,0.159218055553841,0.3058540002621159,0.047535826634044,,,,2318,0.0,0.9732528041415012,0.0,0.0,1.0,20398.786656702163,0.0,-9.058012417355096e-15,2.563924742334666e-13,0.0,0.0,0.0,0.0,,,0.0,450.00000000000006,45.33063701489368,0.0,0.0
batched_greedy@30s+aware,0,500,2318,2267,0.9779982743744609,0.0220017256255392,0.0017256255392579,0.0202761000862812,0.0,164.48535064234625,137.35523560665024,326.11212035672906,161.75404519099558,906.8,17.262461402734893,147.22288923961136,0.4499858984982201,0.0662101643040947,0.4838039371976851,361,8.382271468144044,0.1683019390889423,0.3429200005484744,0.0554592720970537,,,,2318,0.0,0.9779982743744609,0.0,0.0,1.0,20509.747737977737,0.0,-6.432143451886549e-15,2.5609294619245493e-13,0.0,0.0,0.0,0.0,,,0.0,500.0,41.01949547595547,0.0,0.0
batched_greedy@30s+aware,1,500,2318,2278,0.9827437446074202,0.0172562553925798,0.0008628127696289,0.0163934426229508,0.0,158.77113002423874,134.64394930181606,317.2228253168548,156.93053170620786,911.2,17.564091308165057,141.2070387160737,0.4496667151718497,0.0643440620476152,0.485989222780535,360,8.505555555555556,0.1751997222022004,0.3249259998210623,0.0524852276677094,,,,2318,0.0,0.9827437446074202,0.0,0.0,1.0,20549.433750881013,0.0,5.839441699670227e-15,2.59418279463563e-13,0.0,0.0,0.0,0.0,,,0.0,500.0,41.09886750176203,0.0,0.0
batched_greedy@30s+aware,2,500,2318,2267,0.9779982743744609,0.0220017256255392,0.0017256255392579,0.0202761000862812,0.0,164.04286443130843,138.13377812154204,322.9020481084996,161.28009146314847,906.8,16.92501102779003,147.11785340351838,0.450694938740558,0.0663993519586096,0.4829057093008324,360,8.216666666666667,0.1699538888942697,0.3206199997657677,0.0511304347826086,,,,2318,0.0,0.9779982743744609,0.0,0.0,1.0,20429.089653483687,0.0,-7.138337365212299e-16,2.5499575004584253e-13,0.0,0.0,0.0,0.0,,,0.0,500.0,40.85817930696738,0.0,0.0
batched_greedy@30s+aware,3,500,2318,2252,0.9715271786022434,0.0284728213977566,0.0025884383088869,0.0258843830888697,0.0,163.29629352422097,135.12213712466428,325.0901181367543,160.1680939481317,900.8,17.904529307282417,145.39176421693855,0.452203513348233,0.0657283263758078,0.4820681602759592,361,8.581717451523545,0.175345429350958,0.3357600004164845,0.0528328119568995,,,,2318,0.0,0.9715271786022434,0.0,0.0,1.0,20315.45405432705,0.0,5.004877507102394e-16,2.5420360507705095e-13,0.0,0.0,0.0,0.0,,,0.0,500.0,40.6309081086541,0.0,0.0
batched_greedy@30s+aware,4,500,2318,2256,0.9732528041415012,0.0267471958584987,0.0021570319240724,0.0245901639344262,0.0,161.39750103630175,135.58511947827105,319.8317205118374,158.07165518839142,902.4,17.36436170212766,144.03313933417408,0.4516810121104558,0.0646720652218466,0.4836469226676976,360,8.3,0.1731233333177644,0.3370989998438753,0.0431578947368421,,,,2318,0.0,0.9732528041415012,0.0,0.0,1.0,20408.85658689281,0.0,-4.09148680263012e-15,2.603577322214618e-13,0.0,0.0,0.0,0.0,,,0.0,500.0,40.81771317378562,0.0,0.0
batched_greedy@30s+aware,5,500,2318,2267,0.9779982743744609,0.0220017256255392,0.0030198446937014,0.0189818809318377,0.0,160.38952717109711,135.6693880488583,317.2130904441116,158.12272287779845,906.8,17.50992501102779,142.87960216006934,0.4482534255775885,0.0647246950566666,0.4870218793657448,361,8.445983379501385,0.166855955683489,0.3119800003332783,0.0482011875654907,,,,2318,0.0,0.9779982743744609,0.0,0.0,1.0,20527.98727614141,0.0,-5.039981567412825e-15,2.599444455207145e-13,0.0,0.0,0.0,0.0,,,0.0,500.0,41.055974552282834,0.0,0.0
optimal@30s+aware,0,300,2318,2059,0.8882657463330458,0.1117342536669542,0.044434857635893,0.0672993960310612,0.0,284.57398595597846,270.96118616297554,485.5575278171255,267.0483659282464,823.6,34.84021369596892,249.73377226000952,0.1137745990232377,0.1543418443633565,0.7318835566134059,362,14.5,0.1786002762705042,0.2499580002677248,0.0525933986216902,58.17579988299097,0.0068671992083778,0.3535911602209944,2318,0.0,0.8882657463330458,0.0,0.0,1.0,18732.3495937826,0.0,-4.2098966911429686e-15,2.624977025987894e-13,0.0,0.0,0.0,0.0,,,0.0,300.0,62.44116531260867,0.0,0.0
optimal@30s+aware,1,300,2318,2074,0.8947368421052632,0.1052631578947368,0.0431406384814495,0.0621225194132873,0.0,289.09562636853843,278.53630902733016,486.1908477510716,272.04925998284165,829.6,35.66441658630665,253.43120978223172,0.108439533973158,0.1563690153671886,0.7351914506596533,362,14.34806629834254,0.1761306629737317,0.2476090008167374,0.0492575153929735,53.87155561127801,0.0064456001089638,0.3508287292817679,2318,0.0,0.8947368421052632,0.0,0.0,1.0,18747.366347009003,0.0,-8.46852856777723e-16,2.653201776999429e-13,0.0,0.0,0.0,0.0,,,0.0,300.0,62.49122115669668,0.0,0.0
optimal@30s+aware,2,300,2318,2066,0.8912855910267472,0.1087144089732528,0.040120793787748,0.0685936151855047,0.0,289.8937786772191,273.82289175220376,496.4332871755646,271.9636202775556,826.4,35.9486931268151,253.9450855504041,0.114761566632256,0.1554033419483833,0.7298350914193606,361,14.24376731301939,0.1767747922546891,0.2390800005741766,0.0504504504504504,56.87931160573295,0.0069142060646567,0.3434903047091412,2318,0.0,0.8912855910267472,0.0,0.0,1.0,18628.714017515555,0.0,5.5947502197373815e-15,2.619077376186973e-13,0.0,0.0,0.0,0.0,,,0.0,300.0,62.09571339171851,0.0,0.0
optimal@30s+aware,3,300,2318,2068,0.8921484037963762,0.1078515962036238,0.0396893874029335,0.0681622088006902,0.0,283.4924749454137,266.49096815240773,485.17318893892576,265.52261773336005,827.2,35.967117988394584,247.52535695701908,0.1123104257530315,0.1542896469524847,0.7333999272944838,361,14.398891966759004,0.176683656499338,0.2539999999498832,0.0571325907294286,48.61452593725476,0.0058524746789739,0.3130193905817174,2318,0.0,0.8921484037963762,0.0,0.0,1.0,18646.582133991014,0.0,1.3143580356906642e-14,2.595804508372808e-13,0.0,0.0,0.0,0.0,,,0.0,300.0,62.15527377997006,0.0,0.0
optimal@30s+aware,4,300,2318,2063,0.8899913718723037,0.1100086281276963,0.040120793787748,0.0698878343399482,0.0,286.14021556115944,272.0389686510043,485.3511329527362,266.46647484855816,825.2,36.33301017935046,249.807205381809,0.1114665280815121,0.1529872925736715,0.7355461793448163,364,14.043956043956044,0.1802192307647831,0.2334880003763828,0.0470673425054308,48.84156963080534,0.0060375868251621,0.3104395604395604,2318,0.0,0.8899913718723037,0.0,0.0,1.0,18667.20266473869,0.0,2.1375694880325358e-15,2.605161199061188e-13,0.0,0.0,0.0,0.0,,,0.0,300.0,62.22400888246231,0.0,0.0
optimal@30s+aware,5,300,2318,2065,0.8908541846419327,0.1091458153580673,0.039257981018119,0.0698878343399482,0.0,285.3351994806857,270.61918507779365,484.3188366585736,266.78809299893027,826.0,34.66101694915254,250.67418253153315,0.114518342452135,0.1549288664038729,0.730552791143992,361,14.174515235457063,0.174940443206364,0.251919999391248,0.0468069666182873,45.23840414851058,0.0055472900778087,0.3240997229916897,2318,0.0,0.8908541846419327,0.0,0.0,1.0,18618.961187759,0.0,-3.694435126399141e-15,2.647354490589518e-13,0.0,0.0,0.0,0.0,,,0.0,300.0,62.06320395919666,0.0,0.0
optimal@30s+aware,0,350,2318,2189,0.94434857635893,0.0556514236410698,0.0116479723899913,0.0440034512510785,0.0,230.51087093901685,207.9180859078515,427.6294515396703,222.5251311307344,875.6,22.383280036546367,208.12759090247047,0.2110526382120789,0.1234410084231305,0.6655063533647906,361,10.31578947368421,0.183888642689622,0.2528200004235258,0.0507399577167019,41.87299462622261,0.0102093181528413,0.2520775623268698,2318,0.0,0.94434857635893,0.0,0.0,1.0,19757.120236588788,0.0,-7.194082901093226e-15,2.609006863655853e-13,0.0,0.0,0.0,0.0,,,0.0,350.0,56.44891496168225,0.0,0.0
optimal@30s+aware,1,350,2318,2183,0.9417601380500432,0.0582398619499568,0.0133735979292493,0.0448662640207075,0.0,235.05212280128143,217.66076498493203,424.23628096020417,226.7253018272078,873.2,23.304168575355018,211.74795422592643,0.2103618827565688,0.1231612994493101,0.666476817794121,363,10.410468319559229,0.17426308540937,0.2600380003059399,0.056352817640882,38.563058670383256,0.0091607216222075,0.2809917355371901,2318,0.0,0.9417601380500432,0.0,0.0,1.0,19735.052872362136,0.0,-8.805904547310885e-15,2.59608286412903e-13,0.0,0.0,0.0,0.0,,,0.0,350.0,56.38586534960611,0.0,0.0
optimal@30s+aware,2,350,2318,2185,0.9426229508196722,0.0573770491803278,0.0116479723899913,0.0457290767903365,0.0,241.94780804890547,224.80079004039544,440.5487217336064,232.1511628672457,874.0,24.755148741418765,217.19265930748676,0.2088241055921626,0.1269897105176631,0.6641861838901743,363,10.325068870523417,0.175440495870896,0.247109999472741,0.0492437565951459,50.533709620634006,0.0120220972065184,0.3278236914600551,2318,0.0,0.9426229508196722,0.0,0.0,1.0,19732.82417309396,0.0,-3.231587385178945e-17,2.6136977149082494e-13,0.0,0.0,0.0,0.0,,,0.0,350.0,56.37949763741131,0.0,0.0
optimal@30s+aware,3,350,2318,2181,0.940897325280414,0.0591026747195858,0.0112165660051768,0.0478861087144089,0.0,230.81184091182777,208.984308810961,428.2632562301742,221.1790892579374,872.4,24.28702430077946,206.52481661104832,0.2189672591942253,0.1210540871935156,0.6599786536122589,360,10.619444444444444,0.1722511110907968,0.2516839999316292,0.0490472829922371,45.167652444906125,0.0103464736892906,0.2722222222222222,2318,0.0,0.940897325280414,0.0,0.0,1.0,19610.906392438126,0.0,-5.140317332721151e-15,2.569480620937008e-13,0.0,0.0,0.0,0.0,,,0.0,350.0,56.03116112125179,0.0,0.0
optimal@30s+aware,4,350,2318,2173,0.9374460742018982,0.0625539257981018,0.0094909404659188,0.0530629853321829,0.0,234.80612925780815,221.33669055589053,425.0302917344237,223.8941956076124,869.2,22.225954901058444,212.5801743567497,0.2116908891898695,0.1237918353873542,0.6645172754227763,362,9.798342541436464,0.17583922653409,0.235717000277873,0.0431095406360424,40.306054235576106,0.0109050374249201,0.281767955801105,2318,0.0,0.9374460742018982,0.0,0.0,1.0,19717.46019118328,0.0,-7.485754103818659e-15,2.634536246162552e-13,0.0,0.0,0.0,0.0,,,0.0,350.0,56.33560054623795,0.0,0.0
optimal@30s+aware,5,350,2318,2176,0.9387402933563416,0.0612597066436583,0.0107851596203623,0.0504745470232959,0.0,230.5765345418972,208.78775507892212,430.23888828810414,220.6768781959132,870.4,21.99448529411765,208.58204924777957,0.2131661316840822,0.1229614503884359,0.6638724179274819,361,10.12742382271468,0.1755116343631414,0.2361599999858299,0.0489781536293164,38.86697470971493,0.0098111425985987,0.2880886426592798,2318,0.0,0.9387402933563416,0.0,0.0,1.0,19646.352104149177,0.0,-1.4347183571902298e-16,2.5747602579418543e-13,0.0,0.0,0.0,0.0,,,0.0,350.0,56.13243458328336,0.0,0.0
optimal@30s+aware,0,400,2318,2228,0.9611734253666956,0.0388265746333045,0.0017256255392579,0.0371009490940465,0.0,201.37107384026368,178.569867558871,383.70431666130696,194.9696482599629,891.2,18.1745960502693,183.1964777899944,0.3070114733698921,0.0994701962905756,0.5935183303395324,360,8.76388888888889,0.1885844444056298,0.2536659997531388,0.0425756509500351,37.15030458234741,0.0153053985510111,0.2833333333333333,2318,0.0,0.9611734253666956,0.0,0.0,1.0,20115.504967438425,0.0,-5.67449538385163e-15,2.5542962917342294e-13,0.0,0.0,0.0,0.0,,,0.0,400.0,50.28876241859606,0.0,0.0
optimal@30s+aware,1,400,2318,2244,0.9680759275237274,0.0319240724762726,0.0025884383088869,0.0293356341673856,0.0,198.9197495860097,175.8410572705252,380.1714828259085,194.211069298441,897.6,18.83778966131907,180.08195992469066,0.3019108602356085,0.0982827300025331,0.5998064097618583,360,8.886111111111111,0.1869594444845764,0.2499079999233804,0.0502442428471737,30.2511035182892,0.0124469329543949,0.2583333333333333,2318,0.0,0.9680759275237274,0.0,0.0,1.0,20298.781916536875,0.0,6.432960719869045e-15,2.575210791293814e-13,0.0,0.0,0.0,0.0,,,0.0,400.0,50.74695479134218,0.0,0.0
optimal@30s+aware,2,400,2318,2239,0.9659188955996548,0.0340811044003451,0.0025884383088869,0.0314926660914581,0.0,205.0599084139672,183.7523929769677,388.5388242578645,199.59595532398487,895.6,19.812416257257706,185.24749215670957,0.3034606211475704,0.0997969948511718,0.5967423840012577,360,8.98611111111111,0.1858305555288097,0.252557999410783,0.0564599930723934,42.13405022361403,0.0167976699700022,0.2694444444444444,2318,0.0,0.9659188955996548,0.0,0.0,1.0,20180.152627822605,0.0,-1.9247171471125537e-15,2.555093747617094e-13,0.0,0.0,0.0,0.0,,,0.0,400.0,50.45038156955651,0.0,0.0
optimal@30s+aware,3,400,2318,2226,0.9603106125970664,0.0396893874029335,0.0051768766177739,0.0345125107851596,0.0,205.68531724003705,183.0546334216988,386.6512491576013,199.647882399357,890.4,19.5696316262354,186.1156856138016,0.3067579393044871,0.1002491866896792,0.5929928740058337,360,9.155555555555557,0.1838422222059913,0.2634450000368816,0.053347280334728,32.3714950369778,0.0118174101812427,0.2555555555555555,2318,0.0,0.9603106125970664,0.0,0.0,1.0,20050.70711495633,0.0,1.3414446752164517e-15,2.592798692129178e-13,0.0,0.0,0.0,0.0,,,0.0,400.0,50.126767787390826,0.0,0.0
optimal@30s+aware,4,400,2318,2225,0.959879206212252,0.040120793787748,0.0025884383088869,0.037532355478861,0.0,198.73819323266045,176.21209594494758,369.7456889554162,192.2813564461271,890.0,18.76494382022472,179.9732494124357,0.3118362484836134,0.0969577024802042,0.5912060490361822,361,8.700831024930748,0.1884914127532936,0.2523999995901249,0.0485335195530726,35.83289225183324,0.0156489348034779,0.2770083102493075,2318,0.0,0.959879206212252,0.0,0.0,1.0,20018.300879789364,0.0,1.362605409279271e-15,2.5596403897805105e-13,0.0,0.0,0.0,0.0,,,0.0,400.0,50.04575219947341,0.0,0.0
optimal@30s+aware,5,400,2318,2236,0.9646246764452114,0.0353753235547886,0.0021570319240724,0.0332182916307161,0.0,200.965174750488,176.0182079230433,386.2539040031429,195.1676145008599,894.4,18.77638640429338,182.1887883461946,0.3041832016250116,0.0995185110880868,0.5962982872869015,360,8.975,0.1844352778056822,0.2536839997264906,0.0535838552540013,34.01534034125542,0.0133854927953776,0.2861111111111111,2318,0.0,0.9646246764452114,0.0,0.0,1.0,20200.93420708168,0.0,-3.401820665748808e-15,2.59938413469242e-13,0.0,0.0,0.0,0.0,,,0.0,400.0,50.5023355177042,0.0,0.0
optimal@30s+aware,0,450,2318,2250,0.9706643658326144,0.0293356341673856,0.0017256255392579,0.0276100086281276,0.0,180.8953219345816,157.87060989385577,353.009590993441,176.53680163958407,900.0,17.43911111111111,163.45621082347049,0.3866937917771668,0.0803076659129751,0.532998542309858,361,8.404432132963988,0.1884376730871373,0.263400000585534,0.0488656195462478,24.94987104433076,0.0135799110562825,0.2132963988919667,2318,0.0,0.9706643658326144,0.0,0.0,1.0,20328.130180278276,0.0,1.3764791775530385e-15,2.536321769892109e-13,0.0,0.0,0.0,0.0,,,0.0,450.0,45.17362262284061,0.0,0.0
optimal@30s+aware,1,450,2318,2270,0.9792924935289042,0.0207075064710957,0.0017256255392579,0.0189818809318377,0.0,176.05469648319246,151.3530664169566,343.9355672493723,173.6219368637092,908.0,17.434361233480175,158.6203352497123,0.3829630578036786,0.0793292647616243,0.5377076774346969,360,8.533333333333333,0.1883155555611261,0.2542950001952706,0.0535093815149409,23.32590667078404,0.0126208932726644,0.2388888888888889,2318,0.0,0.9792924935289042,0.0,0.0,1.0,20457.675727305163,0.0,-6.528307018809072e-16,2.6114577949927015e-13,0.0,0.0,0.0,0.0,,,0.0,450.0,45.4615016162337,0.0,0.0
optimal@30s+aware,2,450,2318,2262,0.9758412424503884,0.0241587575496117,0.0017256255392579,0.0224331320103537,0.0,177.46474246234837,150.60522662613448,344.5757154117079,174.04444677165992,904.8,17.04862953138815,160.4161129309602,0.3848266462072183,0.0794062201980804,0.5357671335947012,360,8.286111111111111,0.1889941666478181,0.2474330000495684,0.0508179603202227,21.80506638718605,0.0132102059705057,0.2222222222222222,2318,0.0,0.9758412424503884,0.0,0.0,1.0,20406.169666635556,0.0,-7.44526750890536e-15,2.579469205282545e-13,0.0,0.0,0.0,0.0,,,0.0,450.0,45.34704370363456,0.0,0.0
optimal@30s+aware,3,450,2318,2248,0.9698015530629852,0.0301984469370146,0.0021570319240724,0.0280414150129421,0.0,177.22880904680522,151.3139232685794,341.3907961312439,172.9532387868504,899.2,18.54581850533808,158.68299054146715,0.3876927566604511,0.07899951479956,0.533307728539989,360,8.66388888888889,0.189803611119209,0.2526559995931166,0.0570934256055363,23.195719582046515,0.0117313993663253,0.2472222222222222,2318,0.0,0.9698015530629852,0.0,0.0,1.0,20227.38291793171,0.0,-2.8624789371563202e-15,2.5930858883625775e-13,0.0,0.0,0.0,0.0,,,0.0,450.0,44.949739817626025,0.0,0.0
optimal@30s+aware,4,450,2318,2256,0.9732528041415012,0.0267471958584987,0.0017256255392579,0.0250215703192407,0.0,175.71126136393607,152.32575021371372,340.0801514555592,171.8853083242184,902.4,17.79078014184397,157.9204812220921,0.3853728777376176,0.077934506131968,0.5366926161304144,360,8.38888888888889,0.1848905555561941,0.2605639998728293,0.0514603616133518,23.206529559220176,0.0135866162930575,0.2222222222222222,2318,0.0,0.9732528041415012,0.0,0.0,1.0,20386.295574219905,0.0,-2.9964210781638534e-15,2.580748853390899e-13,0.0,0.0,0.0,0.0,,,0.0,450.0,45.302879053822,0.0,0.0
optimal@30s+aware,5,450,2318,2260,0.9749784296807592,0.0250215703192407,0.0012942191544434,0.0237273511647972,0.0,174.387470607719,152.9786310777872,336.53638158477435,170.94546007663442,904.0,17.821681415929202,156.5657891917898,0.383960339628561,0.0779087072510429,0.5381309531203959,361,8.504155124653739,0.1888631579045206,0.2516999995350488,0.0445145460918331,22.92068196146905,0.012217813898938,0.2160664819944598,2318,0.0,0.9749784296807592,0.0,0.0,1.0,20433.70719371674,0.0,-5.713276459598687e-15,2.618226677745358e-13,0.0,0.0,0.0,0.0,,,0.0,450.0,45.40823820825942,0.0,0.0
optimal@30s+aware,0,500,2318,2276,0.9818809318377912,0.0181190681622088,0.0017256255392579,0.0163934426229508,0.0,166.09839469706705,138.3634684693659,331.1816196820328,163.75260354447204,910.4,17.448154657293497,148.65024003977356,0.4463926041609826,0.0672479457410947,0.4863594500979226,360,8.41388888888889,0.1886861111238936,0.2617699998336322,0.055131761442441,19.375349093394032,0.0119811180949256,0.175,2318,0.0,0.9818809318377912,0.0,0.0,1.0,20604.36581447382,0.0,7.785219452116652e-17,2.5510876363925015e-13,0.0,0.0,0.0,0.0,,,0.0,500.0,41.20873162894763,0.0,0.0
optimal@30s+aware,1,500,2318,2282,0.984469370146678,0.0155306298533218,0.0004314063848144,0.0150992234685073,0.0,158.90432305435462,134.6087888915099,316.86073464831566,157.38667463601598,912.8,17.115687992988608,141.78863506136602,0.4488953909727306,0.0647677130925969,0.4863368959346724,361,8.409972299168976,0.2006831025186798,0.2766400004475144,0.0508179603202227,17.484769055694308,0.0109144714503539,0.1800554016620498,2318,0.0,0.984469370146678,0.0,0.0,1.0,20566.023157951266,0.0,1.4101097346948088e-15,2.591527148685236e-13,0.0,0.0,0.0,0.0,,,0.0,500.0,41.13204631590253,0.0,0.0
optimal@30s+aware,2,500,2318,2275,0.9814495254529768,0.0185504745470232,0.0017256255392579,0.0168248490077653,0.0,164.77910032016771,140.0833821486267,326.8592049574106,162.51950040752166,910.0,17.13978021978022,147.6393201003875,0.448762882538207,0.0668979351155771,0.4843391823462157,361,8.240997229916898,0.1922509694865421,0.2506000004359521,0.0557286258220837,21.8725607897156,0.014923801500277,0.2132963988919667,2318,0.0,0.9814495254529768,0.0,0.0,1.0,20507.891054053038,0.0,-1.090214609675868e-15,2.549460520595448e-13,0.0,0.0,0.0,0.0,,,0.0,500.0,41.01578210810607,0.0,0.0
optimal@30s+aware,3,500,2318,2264,0.9767040552200172,0.0232959447799827,0.0021570319240724,0.0211389128559102,0.0,166.0343406124901,140.0830198280505,326.3466220075618,163.25554830737167,905.6,17.843639575971732,148.19070103651836,0.4485872632378962,0.0669097186003452,0.4845030181617584,360,8.525,0.1918980555627867,0.2592660001846525,0.0498431509236667,21.169390114941613,0.011993326385712,0.2055555555555555,2318,0.0,0.9767040552200172,0.0,0.0,1.0,20454.90111691056,0.0,-7.300402920582876e-15,2.5542112594590025e-13,0.0,0.0,0.0,0.0,,,0.0,500.0,40.909802233821125,0.0,0.0
optimal@30s+aware,4,500,2318,2262,0.9758412424503884,0.0241587575496117,0.0021570319240724,0.0220017256255392,0.0,160.35672857317022,137.4858648483596,311.9800668023637,157.46301996695314,904.8,17.297966401414676,143.05876217175555,0.450752199259985,0.064381999801322,0.4848658009386929,360,8.294444444444444,0.1978919444278896,0.2644690002944116,0.0444989488437281,15.971207444593423,0.0104087841088512,0.2111111111111111,2318,0.0,0.9758412424503884,0.0,0.0,1.0,20444.731554666498,0.0,7.662600291975218e-16,2.584891726934207e-13,0.0,0.0,0.0,0.0,,,0.0,500.0,40.889463109333,0.0,0.0
optimal@30s+aware,5,500,2318,2269,0.9788610871440896,0.0211389128559102,0.0008628127696289,0.0202761000862812,0.0,159.13370082911288,136.3646564925848,312.37332885770627,156.59769010536948,907.6,16.95107977082415,142.18262105828873,0.4468449523514909,0.0652225202672399,0.4879325273812691,360,8.261111111111111,0.1956374999988636,0.2677230001609135,0.0491118077324973,17.625365856992794,0.0119580298319671,0.1888888888888888,2318,0.0,0.9788610871440896,0.0,0.0,1.0,20538.083230863285,0.0,-7.615914656671705e-15,2.606665189754655e-13,0.0,0.0,0.0,0.0,,,0.0,500.0,41.07616646172657,0.0,0.0
