arm,seed,drivers.num_drivers,requests,completed,completion_rate,cancel_rate,cancel_no_match_rate,cancel_eta_rate,cancel_late_rate,wait_mean_s,wait_p50_s,wait_p90_s,wait_all_mean_s,completed_per_hour,time_to_match_mean_s,pickup_mean_s,driver_idle_frac,driver_enroute_frac,driver_ontrip_frac,batches,batch_riders_mean,solve_ms_mean,solve_ms_p99,decline_rate,shadow_gap_s_per_batch,shadow_gap_frac,shadow_worse_batches_frac,app_opens,priced_out_rate,served_rate,retried_rate,surged_trip_frac,mean_multiplier_paid,revenue_per_hour,surge_revenue_per_hour,eta_error_mean_s,eta_abs_error_mean_s,eta_late_2min_frac,moves_per_driver_hour,chase_moves_per_hour,reposition_km_per_hour,moves_dispatched_frac,move_planned_mean_s,driver_reposition_frac,drivers_online_mean,earnings_per_online_hour,reserve_logons,reserve_logoffs
immediate_greedy,0,300,3009,1751,0.5819209039548022,0.4180790960451977,0.0086407444333665,0.4094383516118312,0.0,457.595346966163,438.2266531059722,747.4300276391095,278.4949705192353,700.4,16.470577053808825,441.12476991235417,0.0149418994158202,0.2320573903812519,0.7530007102029278,3194,7.315591734502192,0.0580282404459803,0.189790999761499,0.0549217299018307,,,,3009,0.0,0.5819209039548022,0.0,0.0,1.0,17912.49934072765,0.0,-5.7216747996672826e-15,2.8296725328397093e-13,0.0,0.0,0.0,0.0,,,0.0,300.0,59.70833113575883,0.0,0.0
immediate_greedy,1,300,3009,1726,0.573612495845796,0.426387504154204,0.0122964440013293,0.4140910601528747,0.0,458.1244749877388,431.6091217519279,761.7544652834313,274.3489807668843,690.4,15.268282955465786,442.856192032273,0.0118955893508016,0.2301091836839598,0.7579952269652385,3253,6.9262219489701815,0.0551764525063899,0.1970759996947891,0.0533333333333333,,,,3009,0.0,0.573612495845796,0.0,0.0,1.0,18029.881007276534,0.0,3.1863272159809824e-15,2.769716990842384e-13,0.0,0.0,0.0,0.0,,,0.0,300.0,60.09960335758844,0.0,0.0
immediate_greedy,2,300,3009,1711,0.5686274509803921,0.4313725490196078,0.0069790628115653,0.4243934862080425,0.0,470.9960385491444,450.8600868122012,768.141898124979,283.0172535473033,684.4,22.116972246114248,448.8790663030302,0.0115315873250125,0.2341750204424968,0.7542933922324906,3204,9.230024968789014,0.0646920411959462,0.2110789998914695,0.0465614128980465,,,,3009,0.0,0.5686274509803921,0.0,0.0,1.0,17870.19819806157,0.0,1.3355379533632275e-14,2.7113579905188163e-13,0.0,0.0,0.0,0.0,,,0.0,300.0,59.567327326871904,0.0,0.0
immediate_greedy,3,300,3009,1694,0.5629777334662679,0.4370222665337321,0.0146227982718511,0.422399468261881,0.0,487.7079780588255,474.5576715571149,781.3304395947622,295.29769353559607,677.6,30.98697885646139,456.7209992023641,0.0118756795056532,0.2295967409836495,0.7585275795106973,3217,11.525645010879702,0.0809022381111568,0.2618200001415972,0.0470936490850376,,,,3009,0.0,0.5629777334662679,0.0,0.0,1.0,18005.53938701282,0.0,1.547391363672361e-14,2.716709187402831e-13,0.0,0.0,0.0,0.0,,,0.0,300.0,60.01846462337607,0.0,0.0
immediate_greedy,4,300,3009,1768,0.5875706214689266,0.4124293785310734,0.005317381189764,0.4071119973413094,0.0,445.6968226967063,416.8761256253795,745.9168248593777,273.08572298801323,707.2,16.695188721400456,429.0016339753057,0.0130204937203604,0.2279549269745488,0.7590245793050907,3272,7.079156479217604,0.0569339547616185,0.1767999998673985,0.0482537989869368,,,,3009,0.0,0.5875706214689266,0.0,0.0,1.0,18194.14679326314,0.0,-2.7429039431915637e-15,2.766273886678243e-13,0.0,0.0,0.0,0.0,,,0.0,300.0,60.64715597754379,0.0,0.0
immediate_greedy,5,300,3009,1709,0.5679627783316716,0.4320372216683283,0.0103024260551678,0.4217347956131605,0.0,474.29606647830593,450.5192917203658,770.5431878786142,287.3355517378724,683.6,26.490660368346497,447.80540610995945,0.0151259106251092,0.2324981057868878,0.752375983588003,3247,10.64459501077918,0.0786514628920273,0.2948619998187496,0.0430454667742803,,,,3009,0.0,0.5679627783316716,0.0,0.0,1.0,17921.66237456149,0.0,-1.0780791771948155e-14,2.833897215456068e-13,0.0,0.0,0.0,0.0,,,0.0,300.0,59.738874581871634,0.0,0.0
immediate_greedy,0,350,3009,2077,0.6902625456962446,0.3097374543037554,0.0023263542705217,0.3074111000332336,0.0,389.470298995149,356.2571403477523,667.1230224483231,273.2391380436333,830.8,5.834362057884872,383.63593693726415,0.0229141258487168,0.2089453280545529,0.7681405460967302,3258,3.5699815837937385,0.0345032842211979,0.1101010001912071,0.0478596118053709,,,,3009,0.0,0.6902625456962446,0.0,0.0,1.0,21449.409891904463,0.0,-6.979705424335794e-15,2.748786059412999e-13,0.0,0.0,0.0,0.0,,,0.0,350.0,61.28402826258419,0.0,0.0
immediate_greedy,1,350,3009,2098,0.6972416085078099,0.3027583914921901,0.0029910269192422,0.2997673645729478,0.0,374.8358887960149,348.48172709876417,623.9710910938165,264.1558072341187,839.2,3.1212464139260745,371.7146423820888,0.0217321973621706,0.2035926510086471,0.7746751516291823,3295,2.6094081942336875,0.0301802124531066,0.0802360003854118,0.049402390438247,,,,3009,0.0,0.6972416085078099,0.0,0.0,1.0,21557.0687457336,0.0,-1.0832559296132891e-14,2.7311359402191673e-13,0.0,0.0,0.0,0.0,,,0.0,350.0,61.591624987810285,0.0,0.0
immediate_greedy,2,350,3009,2051,0.6816218012628781,0.318378198737122,0.0029910269192422,0.3153871718178797,0.0,400.2759323335048,370.3851955914779,673.7754126683412,277.41227671507056,820.4,6.377195065394866,393.89873726811,0.0250627017257403,0.211710236176558,0.7632270620977015,3305,3.8136157337367615,0.0386102571922873,0.1341280000451661,0.0478978179882916,,,,3009,0.0,0.6816218012628781,0.0,0.0,1.0,21225.77250507594,0.0,2.1686969896919684e-15,2.735693463842026e-13,0.0,0.0,0.0,0.0,,,0.0,350.0,60.645064300216966,0.0,0.0
immediate_greedy,3,350,3009,2082,0.6919242273180458,0.3080757726819541,0.0049850448654037,0.3030907278165503,0.0,383.82749873185753,349.7017490752776,662.8339932014545,270.46052477977736,832.8,4.515584746769097,379.3119139850884,0.024123498001856,0.2066665147610051,0.7692099872371387,3263,3.5212994177137604,0.0359859944829903,0.1113759999043395,0.0515135422198619,,,,3009,0.0,0.6919242273180458,0.0,0.0,1.0,21595.171102148142,0.0,5.6515791086394125e-15,2.798453111892049e-13,0.0,0.0,0.0,0.0,,,0.0,350.0,61.700488863280405,0.0,0.0
immediate_greedy,4,350,3009,2077,0.6902625456962446,0.3097374543037554,0.0023263542705217,0.3074111000332336,0.0,384.62990715549927,357.8167492739485,651.1156390529674,268.7049259181442,830.8,4.17122932062611,380.45867783487313,0.0268085114350874,0.206685991010661,0.7665054975542515,3264,2.951593137254902,0.0322304227918333,0.081237000240435,0.0519067796610169,,,,3009,0.0,0.6902625456962446,0.0,0.0,1.0,21464.112909432926,0.0,4.3617813581806815e-16,2.73641057387322e-13,0.0,0.0,0.0,0.0,,,0.0,350.0,61.32603688409407,0.0,0.0
immediate_greedy,5,350,3009,2036,0.6766367563974742,0.3233632436025258,0.0016616816218012,0.3217015619807244,0.0,387.8834226298112,355.4166961618876,675.9760600355057,265.8650293170696,814.4,5.1652410660032,382.718181563808,0.0307077750355009,0.2042647636984429,0.7650274612660559,3299,3.202788723855714,0.0333685056039066,0.109303999624899,0.0491237387148167,,,,3009,0.0,0.6766367563974742,0.0,0.0,1.0,21379.103038438123,0.0,5.91450049817991e-15,2.733818410680324e-13,0.0,0.0,0.0,0.0,,,0.0,350.0,61.08315153839464,0.0,0.0
immediate_greedy,0,400,3009,2365,0.7859754071119973,0.2140245928880026,0.0006646726487205,0.2133599202392821,0.0,324.99365186536033,296.43758389973846,568.0758630179257,256.8077236685152,946.0,1.2454444150362054,323.7482074503242,0.0497806573384802,0.179699488497908,0.7705198541636117,3256,1.877149877149877,0.027492045455131,0.0754800003278432,0.0528262017960908,,,,3009,0.0,0.7859754071119973,0.0,0.0,1.0,24696.35989625607,0.0,-8.927225883590561e-15,2.746672046488373e-13,0.0,0.0,0.0,0.0,,,0.0,400.0,61.74089974064018,0.0,0.0
immediate_greedy,1,400,3009,2404,0.7989365237620472,0.2010634762379528,0.0019940179461615,0.1990694582917913,0.0,321.0715182049359,296.28786618482104,552.2935915083194,258.04707822673083,961.6,1.47260340145485,319.598914803481,0.041439548235553,0.1780487829545081,0.7805116688099387,3218,1.9648850217526412,0.026929428213096,0.083982999813088,0.048605577689243,,,,3009,0.0,0.7989365237620472,0.0,0.0,1.0,24828.372861154807,0.0,-1.030419971939954e-14,2.698148600458245e-13,0.0,0.0,0.0,0.0,,,0.0,400.0,62.07093215288702,0.0,0.0
immediate_greedy,2,400,3009,2355,0.7826520438683948,0.2173479561316051,0.0009970089730807,0.2163509471585244,0.0,343.9369784678788,314.1240389021609,595.1878514673359,270.93664587586755,942.0,3.1324834561312103,340.8044950117476,0.0396977924806217,0.1856693522241614,0.7746328552952169,3270,2.437003058103976,0.0313199694147061,0.0923549999788519,0.0495889684433837,,,,3009,0.0,0.7826520438683948,0.0,0.0,1.0,24555.96848302464,0.0,6.927791673660977e-15,2.7387839578206997e-13,0.0,0.0,0.0,0.0,,,0.0,400.0,61.38992120756159,0.0,0.0
immediate_greedy,3,400,3009,2390,0.7942838152210037,0.2057161847789963,0.0009970089730807,0.2047191758059156,0.0,317.29770571121605,290.0921015462384,553.033772967475,253.8072197435964,956.0,2.4076574854996817,314.89004822571644,0.0469867109078465,0.1762835805371461,0.7767297085550073,3309,2.2883046237534,0.0301723179226136,0.0857679998625826,0.0538542766631467,,,,3009,0.0,0.7942838152210037,0.0,0.0,1.0,24774.565647871616,0.0,-3.902782327904065e-15,2.717759072183828e-13,0.0,0.0,0.0,0.0,,,0.0,400.0,61.93641411967904,0.0,0.0
immediate_greedy,4,400,3009,2403,0.7986041874376869,0.201395812562313,0.0016616816218012,0.1997341309405118,0.0,311.5298134125208,284.50934302809856,543.0503546383427,249.82442500803336,961.2,1.3501876766577758,310.179625735863,0.0466331804372113,0.1754551067993953,0.7779117127633933,3316,1.8597708082026536,0.0283279855255198,0.0681899997289291,0.0541325587536308,,,,3009,0.0,0.7986041874376869,0.0,0.0,1.0,24728.533430348183,0.0,-1.4198380299194982e-14,2.661762242623555e-13,0.0,0.0,0.0,0.0,,,0.0,400.0,61.821333575870455,0.0,0.0
immediate_greedy,5,400,3009,2406,0.7996011964107677,0.2003988035892323,0.0016616816218012,0.198737121967431,0.0,312.2347001932777,285.9357312782068,545.0093833617666,250.8075975481172,962.4,1.260046709481755,310.974653483796,0.0502423693511442,0.1745424271890479,0.7752152034598078,3236,1.7679233621755253,0.0264330037084501,0.0703000000612519,0.0447880565182617,,,,3009,0.0,0.7996011964107677,0.0,0.0,1.0,24760.275188452877,0.0,-6.467533629736573e-15,2.7425591122956453e-13,0.0,0.0,0.0,0.0,,,0.0,400.0,61.90068797113218,0.0,0.0
immediate_greedy,0,450,3009,2644,0.8786972416085078,0.1213027583914922,0.0003323363243602,0.1209704220671319,0.0,260.9203021564475,236.0567234528337,470.7709960530159,229.7000828897702,1057.6,0.2922047418186339,260.6280974146289,0.0907595626966243,0.1472734890285956,0.76196694827478,3219,1.3883193538365952,0.0243534327393065,0.0558919998547936,0.0492976411343758,,,,3009,0.0,0.8786972416085078,0.0,0.0,1.0,27344.873784441246,0.0,-3.594787940172453e-15,2.610817092859719e-13,0.0,0.0,0.0,0.0,,,0.0,450.0,60.766386187647214,0.0,0.0
immediate_greedy,1,450,3009,2682,0.8913260219341974,0.1086739780658025,0.0009970089730807,0.1076769690927218,0.0,250.53511355100864,224.8727871837664,445.843459402708,224.0423000950269,1072.8,0.6567734949128682,249.87834005609577,0.0845824390920774,0.1428684945511816,0.7725490663567408,3253,1.6006762988011067,0.0256859821650578,0.0804400000379246,0.0414438502673796,,,,3009,0.0,0.8913260219341974,0.0,0.0,1.0,27759.635477785127,0.0,-2.8655510311950722e-15,2.6347604187889523e-13,0.0,0.0,0.0,0.0,,,0.0,450.0,61.6880788395225,0.0,0.0
immediate_greedy,2,450,3009,2643,0.8783649052841476,0.1216350947158524,0.0003323363243602,0.1213027583914922,0.0,268.9651974382728,242.56975652315305,476.75332549347,236.61783126267127,1057.2,0.9697313348352476,267.9954661034376,0.0891920080343013,0.1504716512279371,0.7603363407377615,3314,1.5730235365117682,0.0262587809338715,0.0661740001987709,0.0585301837270341,,,,3009,0.0,0.8783649052841476,0.0,0.0,1.0,27229.582143325835,0.0,4.943453894437644e-15,2.683490122423564e-13,0.0,0.0,0.0,0.0,,,0.0,450.0,60.51018254072408,0.0,0.0
immediate_greedy,3,450,3009,2646,0.8793619142572283,0.1206380857427716,0.0003323363243602,0.1203057494184114,0.0,252.3952964744282,231.3911032584988,453.1026246328372,222.31690187008772,1058.4,0.2355833649898642,252.15971310943831,0.0933387551240237,0.1426682879462941,0.7639929569296822,3241,1.3344646713977169,0.0250614625086791,0.0499199999467235,0.0465178096757044,,,,3009,0.0,0.8793619142572283,0.0,0.0,1.0,27404.00534562477,0.0,6.382565593873028e-15,2.6238337948975266e-13,0.0,0.0,0.0,0.0,,,0.0,450.0,60.89778965694393,0.0,0.0
immediate_greedy,4,450,3009,2664,0.8853439680957128,0.1146560319042871,0.001329345297441,0.1133266866068461,0.0,249.11520978224203,224.47661074698863,447.72976011582216,220.96100287060432,1065.6,0.6136321848095697,248.5015775974324,0.0909171260956556,0.1410177454441431,0.7680651284602011,3309,1.4750679963735267,0.0258560290061218,0.0543919999290665,0.054353562005277,,,,3009,0.0,0.8853439680957128,0.0,0.0,1.0,27432.29096567609,0.0,1.667918389322373e-15,2.6655913045749997e-13,0.0,0.0,0.0,0.0,,,0.0,450.0,60.960646590391306,0.0,0.0
immediate_greedy,5,450,3009,2679,0.8903290129611167,0.1096709870388833,0.001329345297441,0.1083416417414423,0.0,255.6413370105681,231.0725369257002,458.22166325087215,228.0210835535863,1071.6,0.3334089422709829,255.3079280682972,0.0917761960345248,0.144193902089643,0.7640299018758321,3234,1.3617810760667903,0.0245743042659717,0.0498350000452774,0.047568429444592,,,,3009,0.0,0.8903290129611167,0.0,0.0,1.0,27538.34654297638,0.0,-2.9632470008509588e-15,2.714523889978459e-13,0.0,0.0,0.0,0.0,,,0.0,450.0,61.196325651058615,0.0,0.0
immediate_greedy,0,500,3009,2784,0.9252243270189432,0.0747756729810568,0.0,0.0747756729810568,0.0,228.20406768822104,196.8395359626272,430.70379648869465,211.28931598212117,1113.6,0.2349868077850461,227.96908088043597,0.152054480721798,0.1230835989443238,0.7248619203338781,3226,1.287042777433354,0.0262826720397597,0.0463499998204497,0.0540469285525968,,,,3009,0.0,0.9252243270189432,0.0,0.0,1.0,28934.967060649105,0.0,-6.662534508768855e-15,2.641802007037954e-13,0.0,0.0,0.0,0.0,,,0.0,500.0,57.86993412129821,0.0,0.0
immediate_greedy,1,500,3009,2830,0.9405117979395148,0.0594882020604852,0.0,0.0594882020604852,0.0,204.6381731583044,178.45320222970486,388.44024314632776,192.6641082410164,1132.0,0.3852881852209733,204.2528849730834,0.1519907045947506,0.1133585676522953,0.734650727752954,3229,1.362650975534221,0.023037318053946,0.0549319999481666,0.0472650026553372,,,,3009,0.0,0.9405117979395148,0.0,0.0,1.0,29193.27985832717,0.0,-6.898290340992492e-16,2.624319293481869e-13,0.0,0.0,0.0,0.0,,,0.0,500.0,58.38655971665435,0.0,0.0
immediate_greedy,2,500,3009,2805,0.9322033898305084,0.0677966101694915,0.0,0.0677966101694915,0.0,214.44412873157776,191.35659427558767,393.7140193818808,200.01538427742705,1122.0,0.6170122370138156,213.827116494564,0.1508689928100162,0.1170476238348915,0.7320833833550923,3251,1.3869578591202707,0.0231161796294796,0.0543999999536026,0.0462519936204146,,,,3009,0.0,0.9322033898305084,0.0,0.0,1.0,29072.270089407324,0.0,1.7975401321909593e-14,2.642107566598644e-13,0.0,0.0,0.0,0.0,,,0.0,500.0,58.14454017881464,0.0,0.0
immediate_greedy,3,500,3009,2777,0.9228979727484214,0.0771020272515786,0.0006646726487205,0.0764373546028581,0.0,218.7844708653937,190.83664638561092,410.2123290130341,202.30155996336896,1110.8,0.2629038464115905,218.52156701898207,0.1610495655146211,0.1180052534999362,0.7209451809854427,3302,1.371290127195639,0.0244295881278581,0.048098000183927,0.0578034682080924,,,,3009,0.0,0.9228979727484214,0.0,0.0,1.0,28653.611081466184,0.0,-4.0522940502702873e-16,2.669342360882188e-13,0.0,0.0,0.0,0.0,,,0.0,500.0,57.30722216293237,0.0,0.0
immediate_greedy,4,500,3009,2798,0.9298770355599868,0.0701229644400133,0.0009970089730807,0.0691259554669325,0.0,204.84329286413453,179.2045663506019,378.3701908083372,190.7657725025593,1119.2,0.1607194612789186,204.6825734028556,0.1600769428897371,0.1120003950175688,0.727922662092694,3242,1.3355953115360888,0.0235497223967352,0.0516180002477995,0.0473026840287005,,,,3009,0.0,0.9298770355599868,0.0,0.0,1.0,28927.3639282334,0.0,8.619584277532952e-15,2.652415655074589e-13,0.0,0.0,0.0,0.0,,,0.0,500.0,57.8547278564668,0.0,0.0
immediate_greedy,5,500,3009,2816,0.9358590893984712,0.0641409106015287,0.0006646726487205,0.0634762379528082,0.0,213.54174384295573,187.1160573191069,396.6300529299442,200.00941827692316,1126.4,0.2971363123314721,213.24460753062425,0.1532303736643575,0.1171428057426858,0.7296268205929566,3246,1.3022181146025875,0.0223284966089898,0.0474099998427846,0.0467836257309941,,,,3009,0.0,0.9358590893984712,0.0,0.0,1.0,29084.68821690689,0.0,-5.44908184231151e-15,2.675301583800825e-13,0.0,0.0,0.0,0.0,,,0.0,500.0,58.16937643381378,0.0,0.0
batched_greedy@10s,0,300,3009,1883,0.6257892987703556,0.3742107012296444,0.1781322698570953,0.196078431372549,0.0,421.3606917616248,385.6503043959001,668.0539677713797,321.9093819287887,753.2,81.09028146574614,340.27041029587866,0.0149208237759232,0.1676842232822439,0.8173949529418328,1067,32.41893158388004,0.0420923149028806,0.1084060000448516,0.0489554100405363,,,,3009,0.0,0.6257892987703556,0.0,0.0,1.0,19581.053139055493,0.0,-3.920626141554669e-15,2.686968485675489e-13,0.0,0.0,0.0,0.0,,,0.0,300.0,65.27017713018498,0.0,0.0
batched_greedy@10s,1,300,3009,1862,0.6188102359587903,0.3811897640412097,0.1927550681289465,0.1884346959122632,0.0,418.8473518296439,383.5749360729387,675.2894824698558,320.15167757770627,744.8,82.79484425349087,336.05250757615295,0.0137830221397114,0.164978631218751,0.8212383466415375,1076,33.347583643122675,0.0414916356919083,0.1051749999305684,0.0502210991787744,,,,3009,0.0,0.6188102359587903,0.0,0.0,1.0,19388.440778834465,0.0,6.830673990389792e-16,2.748106074960452e-13,0.0,0.0,0.0,0.0,,,0.0,300.0,64.62813592944822,0.0,0.0
batched_greedy@10s,2,300,3009,1843,0.6124958457959455,0.3875041542040545,0.2126952475905616,0.1748089066134928,0.0,424.3593284342374,391.4372621419416,675.1908332846524,326.58682369039394,737.2,89.9511665762344,334.408161858003,0.0142872829454926,0.1630718306242805,0.8226408864302269,1089,35.705234159779614,0.038062534437368,0.108347999776015,0.0548780487804878,,,,3009,0.0,0.6124958457959455,0.0,0.0,1.0,19399.81412000137,0.0,2.1000142602741543e-14,2.8032703667852764e-13,0.0,0.0,0.0,0.0,,,0.0,300.0,64.66604706667125,0.0,0.0
batched_greedy@10s,3,300,3009,1895,0.6297773346626786,0.3702226653373213,0.2097042206713193,0.1605184446660019,0.0,426.2375192498533,385.7460485893503,684.9909169833157,334.8727965303041,758.0,93.3065963060686,332.93092294378465,0.0095509669261748,0.162753347302187,0.827695685771638,1093,36.21408966148216,0.0418542543347032,0.1130040001953601,0.047157622739018,,,,3009,0.0,0.6297773346626786,0.0,0.0,1.0,19753.81906970849,0.0,6.168035885621978e-15,2.7395453246881373e-13,0.0,0.0,0.0,0.0,,,0.0,300.00000000000006,65.84606356569496,0.0,0.0
batched_greedy@10s,4,300,3009,1894,0.6294449983383184,0.3705550016616816,0.1741442339647723,0.1964107676969092,0.0,424.7057820884456,396.38918014359456,678.4097558503506,324.8037922144143,757.6,80.15681098204857,344.548971106397,0.0112513267093306,0.1732588289375152,0.8154898443531542,1081,32.02127659574468,0.0390269195128417,0.0971399999798451,0.0505583126550868,,,,3009,0.0,0.6294449983383184,0.0,0.0,1.0,19634.533914073,0.0,-1.7288997876190192e-14,2.7746618800520005e-13,0.0,0.0,0.0,0.0,,,0.0,300.0,65.44844638024331,0.0,0.0
batched_greedy@10s,5,300,3009,1862,0.6188102359587903,0.3811897640412097,0.1821203057494184,0.1990694582917913,0.0,424.7204221187581,387.4559180449951,691.0890872193816,323.3875360650851,744.8,82.17615467239527,342.5442674463628,0.0175785984200168,0.1702272855345425,0.8121941160454406,1081,33.370027752081405,0.0370644773407534,0.0995399999737856,0.047066206463759,,,,3009,0.0,0.6188102359587903,0.0,0.0,1.0,19068.9206365119,0.0,-9.299638276301632e-15,2.7385660274878404e-13,0.0,0.0,0.0,0.0,,,0.0,300.0,63.563068788373,0.0,0.0
batched_greedy@10s,0,350,3009,2137,0.7102027251578598,0.2897972748421402,0.038218677301429,0.2515785975407112,0.0,386.0338191095043,358.110247724333,645.293623175389,290.782777509401,854.8,29.714553111839027,356.3192659976653,0.0229595352438601,0.1917423116227107,0.7852981531334291,1068,12.689138576779026,0.0374765917630805,0.0905659997670227,0.0547087642896026,,,,3009,0.0,0.7102027251578598,0.0,0.0,1.0,21978.545246665588,0.0,-6.467867368915933e-15,2.684676169825069e-13,0.0,0.0,0.0,0.0,,,0.0,350.0,62.79584356190168,0.0,0.0
batched_greedy@10s,1,350,3009,2109,0.7008973080757727,0.2991026919242273,0.0372216683283482,0.261881023595879,0.0,388.8770892308016,356.27689558240854,670.4993523496232,289.69693335368294,843.6,28.42247510668563,360.454614124116,0.0203615213160734,0.1898877967181752,0.7897506819657513,1070,12.51214953271028,0.0366118691613124,0.0954469999942373,0.0463648834019204,,,,3009,0.0,0.7008973080757727,0.0,0.0,1.0,21981.407637304656,0.0,-5.535427761279491e-15,2.6884053173405863e-13,0.0,0.0,0.0,0.0,,,0.0,350.0,62.804021820870446,0.0,0.0
batched_greedy@10s,2,350,3009,2112,0.7018943170488534,0.2981056829511465,0.0508474576271186,0.2472582253240279,0.0,403.2506635368725,373.6154865481949,661.995372384194,302.96457440011466,844.8,38.431344696969695,364.81931883990273,0.0169048170151832,0.1911963162695861,0.7918988667152306,1070,15.397196261682245,0.0356208411193339,0.0947369997129497,0.0508708874758086,,,,3009,0.0,0.7018943170488534,0.0,0.0,1.0,21925.25786816988,0.0,-3.886831933749246e-16,2.711617756933509e-13,0.0,0.0,0.0,0.0,,,0.0,350.0,62.64359390905679,0.0,0.0
batched_greedy@10s,3,350,3009,2113,0.7022266533732137,0.2977733466267863,0.0352276503821867,0.2625456962445995,0.0,391.5454711462384,366.18711668094784,646.3429175408928,292.2008815172136,845.2,29.65877898722196,361.8866921590165,0.0195481218563079,0.1905841411626608,0.7898677369810313,1072,12.830223880597014,0.0374600746214134,0.0964580001209469,0.0543330616680249,,,,3009,0.0,0.7022266533732137,0.0,0.0,1.0,22063.81759582804,0.0,-3.957921438663691e-15,2.786349791059248e-13,0.0,0.0,0.0,0.0,,,0.0,350.0,63.039478845222966,0.0,0.0
batched_greedy@10s,4,350,3009,2123,0.7055500166168163,0.2944499833831838,0.0468594217347956,0.2475905616483881,0.0,388.1714580847578,357.6846801461443,653.1098224801168,292.16921033817937,849.2,34.783796514366465,353.3876615703913,0.0234987782691852,0.186591398156088,0.7899098235747267,1072,14.12126865671642,0.0368222947816205,0.094118999886632,0.0579551667577911,,,,3009,0.0,0.7055500166168163,0.0,0.0,1.0,21947.14689388392,0.0,6.531437347319056e-15,2.687260577874804e-13,0.0,0.0,0.0,0.0,,,0.0,350.0,62.70613398252547,0.0,0.0
batched_greedy@10s,5,350,3009,2090,0.6945829179129279,0.3054170820870721,0.0345629777334662,0.2708541043536058,0.0,387.7712657229936,356.75660035674764,650.3676965579532,286.18043396887737,836.0,24.698086124401915,363.0731795985917,0.0279853125064566,0.1888096082446349,0.7832050792489084,1081,11.564292321924144,0.0317028677115569,0.0777799999923445,0.0465498357064622,,,,3009,0.0,0.6945829179129279,0.0,0.0,1.0,21824.830409218623,0.0,2.570192862366678e-15,2.765609113330748e-13,0.0,0.0,0.0,0.0,,,0.0,350.0,62.35665831205322,0.0,0.0
batched_greedy@10s,0,400,3009,2375,0.7892987703555999,0.2107012296444001,0.001329345297441,0.2093718843469591,0.0,324.3441950324601,298.7948687094158,552.5879903263469,259.01361107635233,950.0,7.267368421052631,317.0768266114075,0.0490064532908381,0.1742053724832488,0.7767881742259131,1057,4.628192999053926,0.0375104068161396,0.0967719998698158,0.0541039852203747,,,,3009,0.0,0.7892987703555999,0.0,0.0,1.0,24840.49383372858,0.0,4.271857721361908e-15,2.716101963223513e-13,0.0,0.0,0.0,0.0,,,0.0,400.0,62.10123458432145,0.0,0.0
batched_greedy@10s,1,400,3009,2419,0.803921568627451,0.196078431372549,0.0016616816218012,0.1944167497507477,0.0,317.15580061001435,287.49361861489524,545.6567075440682,257.84721462329617,967.6,6.563455973542786,310.5923446364716,0.0418484034020774,0.1747135345829262,0.7834380620149963,1057,4.449385052034058,0.0410790917811951,0.1071880000017701,0.0490976645435244,,,,3009,0.0,0.803921568627451,0.0,0.0,1.0,24949.465957925448,0.0,-7.771102212878525e-15,2.664832664854802e-13,0.0,0.0,0.0,0.0,,,0.0,400.0,62.37366489481362,0.0,0.0
batched_greedy@10s,2,400,3009,2398,0.7969425058158857,0.2030574941841143,0.0033233632436025,0.1997341309405118,0.0,339.4869708724199,310.38168517049326,578.756805643416,273.9027726585576,959.2,9.231025854879066,330.25594501754085,0.0382702435989267,0.1812015110639595,0.7805282453371137,1063,5.1928504233301975,0.0399607714036977,0.1066880003236289,0.0468958166799893,,,,3009,0.0,0.7969425058158857,0.0,0.0,1.0,24954.57960259918,0.0,-2.125998385770942e-15,2.683276638598635e-13,0.0,0.0,0.0,0.0,,,0.0,400.0,62.38644900649795,0.0,0.0
batched_greedy@10s,3,400,3009,2432,0.8082419408441343,0.1917580591558657,0.0019940179461615,0.1897640412097042,0.0,315.519218549618,291.2699168120296,541.0819176545276,257.7686148009155,972.8,7.470805921052632,308.04841262856536,0.044816689211706,0.1736026735894847,0.7815806371988092,1059,4.6543909348441925,0.0401040604361135,0.0958680001440371,0.0468458876763375,,,,3009,0.0,0.8082419408441343,0.0,0.0,1.0,24954.619555469297,0.0,3.381980368270152e-15,2.707390233055849e-13,0.0,0.0,0.0,0.0,,,0.0,400.0,62.38654888867324,0.0,0.0
batched_greedy@10s,4,400,3009,2397,0.7966101694915254,0.2033898305084746,0.0036556995679627,0.1997341309405118,0.0,319.50604828533784,292.73611707480995,552.1292474174614,257.9775004858572,958.8,9.081351689612015,310.42469659572583,0.0447540571139219,0.172217607587903,0.7830283352981751,1063,5.196613358419567,0.0400134524969549,0.1027459997294497,0.0486831604150039,,,,3009,0.0,0.7966101694915254,0.0,0.0,1.0,24873.3463863577,0.0,-6.564905759879868e-15,2.673134508443384e-13,0.0,0.0,0.0,0.0,,,0.0,400.0,62.183365965894254,0.0,0.0
batched_greedy@10s,5,400,3009,2398,0.7969425058158857,0.2030574941841143,0.001329345297441,0.2017281488866733,0.0,320.12895189638215,292.1685186485733,546.0054330552098,257.45240917193405,959.2,6.487072560467056,313.6418793359151,0.0496183383161197,0.1740656732062616,0.7763159884776186,1061,4.258246936852027,0.0399293119619275,0.1143399999818944,0.047568429444592,,,,3009,0.0,0.7969425058158857,0.0,0.0,1.0,24851.7342080834,0.0,8.330932089120097e-15,2.6811682334050813e-13,0.0,0.0,0.0,0.0,,,0.0,400.0,62.1293355202085,0.0,0.0
batched_greedy@10s,0,450,3009,2629,0.8737121967431041,0.1262878032568959,0.001329345297441,0.1249584579594549,0.0,275.60146280650906,245.5832745549924,493.95701227918,242.18828750633983,1051.6,5.546215290985166,270.0552475155239,0.0867177170613208,0.1498541376041172,0.7634281453345619,1053,3.919278252611586,0.0491388414021921,0.1219280002260348,0.0452850293020777,,,,3009,0.0,0.8737121967431041,0.0,0.0,1.0,27534.74340623481,0.0,3.698491156206589e-15,2.711062429872952e-13,0.0,0.0,0.0,0.0,,,0.0,450.0,61.1883186805218,0.0,0.0
batched_greedy@10s,1,450,3009,2673,0.8883349950149552,0.1116650049850448,0.0009970089730807,0.1106679960119641,0.0,259.1299328191013,234.5766859703517,460.9472296730266,231.57995976728608,1069.2,5.740366629255518,253.3895661898458,0.0820279466973939,0.1430891367134582,0.7748829165891479,1046,4.019120458891013,0.0452155831822739,0.1132600000119054,0.0518381380587146,,,,3009,0.0,0.8883349950149552,0.0,0.0,1.0,27762.44360202579,0.0,-1.7893156715619805e-15,2.629875367233963e-13,0.0,0.0,0.0,0.0,,,0.0,450.0,61.69431911561286,0.0,0.0
batched_greedy@10s,2,450,3009,2638,0.8767032236623463,0.1232967763376537,0.0009970089730807,0.1222997673645729,0.0,277.3161187124242,249.5191993725816,494.8102357021496,244.56046854371965,1055.2,5.847990902198635,271.46812781022555,0.0846075846845088,0.1505015025494148,0.7648909127660763,1055,4.030331753554503,0.0458258767829005,0.1137300000937102,0.0520888418826018,,,,3009,0.0,0.8767032236623463,0.0,0.0,1.0,27353.6130226878,0.0,1.653803031678171e-15,2.7280612273448873e-13,0.0,0.0,0.0,0.0,,,0.0,450.0,60.78580671708399,0.0,0.0
batched_greedy@10s,3,450,3009,2653,0.8816882685277501,0.1183117314722499,0.0003323363243602,0.1179793951478896,0.0,259.5341275942581,231.9326780958654,465.7828629743289,229.87268962609096,1061.2,5.587636637768564,253.94649095648955,0.0906321806948722,0.1434396512686028,0.7659281680365249,1055,3.849289099526066,0.0522814218112255,0.1141299999562761,0.0498013245033112,,,,3009,0.0,0.8816882685277501,0.0,0.0,1.0,27451.60735005173,0.0,7.811149222933782e-15,2.6970761344847905e-13,0.0,0.0,0.0,0.0,,,0.0,450.0,61.00357188900384,0.0,0.0
batched_greedy@10s,4,450,3009,2672,0.8880026586905949,0.1119973413094051,0.0009970089730807,0.1110003323363243,0.0,253.6440558121404,227.7547059085564,443.0716047769137,226.42509525054143,1068.8,5.421032934131737,248.22302287800863,0.0853553347127728,0.1413546768850227,0.7732899884022044,1057,3.866603595080416,0.0559038789082032,0.1152760000695707,0.0528401585204755,,,,3009,0.0,0.8880026586905949,0.0,0.0,1.0,27604.966281909707,0.0,-1.632435038775377e-14,2.637869131377923e-13,0.0,0.0,0.0,0.0,,,0.0,450.0,61.3443695153549,0.0,0.0
batched_greedy@10s,5,450,3009,2685,0.8923230309072782,0.1076769690927218,0.0016616816218012,0.1060152874709205,0.0,259.0230680037535,231.9076240074255,463.0228106022845,232.10073884816424,1074.0,5.347486033519553,253.675581970234,0.0908632512487199,0.1440325456281446,0.7651042031231354,1050,3.777142857142857,0.0499026666711004,0.1123689998848931,0.0470744680851063,,,,3009,0.0,0.8923230309072782,0.0,0.0,1.0,27599.46768483267,0.0,-6.9668252131487286e-15,2.688011617553306e-13,0.0,0.0,0.0,0.0,,,0.0,450.0,61.33215041073927,0.0,0.0
batched_greedy@10s,0,500,3009,2788,0.9265536723163842,0.0734463276836158,0.0,0.0734463276836158,0.0,233.80978208148585,203.8306942410518,436.9108243734182,217.1079004463884,1115.2,5.209469153515064,228.6003129279708,0.1482147724455229,0.1236989824320608,0.7280862451224163,1050,3.665714285714286,0.051038190477335,0.1142530000197439,0.0500397140587768,,,,3009,0.0,0.9265536723163842,0.0,0.0,1.0,29076.184529515063,0.0,-4.584806948249382e-15,2.6468298300756684e-13,0.0,0.0,0.0,0.0,,,0.0,500.0,58.15236905903013,0.0,0.0
batched_greedy@10s,1,500,3009,2816,0.9358590893984712,0.0641409106015287,0.0,0.0641409106015287,0.0,210.7864255985465,182.9368773636404,399.7195276619891,197.6671899253928,1126.4,5.480823863636363,205.3056017349101,0.1541956172008061,0.1133396123380808,0.732464770461113,1048,3.732824427480916,0.0560228053462696,0.1241589999062853,0.0490326000530082,,,,3009,0.0,0.9358590893984712,0.0,0.0,1.0,29153.08196324453,0.0,-3.1348030232242704e-15,2.5960389141407613e-13,0.0,0.0,0.0,0.0,,,0.0,500.0,58.30616392648907,0.0,0.0
batched_greedy@10s,2,500,3009,2802,0.9312063808574276,0.0687936191425722,0.0006646726487205,0.0681289464938517,0.0,221.81815341496943,195.4720694058551,409.2852399594558,207.29862791035453,1120.8,5.598857958600999,216.21929545636849,0.1509509191183871,0.1178014728245698,0.731247608057043,1053,3.8300094966761633,0.0591542260224556,0.121892000297521,0.0493107104984093,,,,3009,0.0,0.9312063808574276,0.0,0.0,1.0,29029.601723926196,0.0,-9.850158598208918e-16,2.665221521155569e-13,0.0,0.0,0.0,0.0,,,0.0,500.0,58.05920344785239,0.0,0.0
batched_greedy@10s,3,500,3009,2785,0.9255566633433034,0.0744433366566965,0.0006646726487205,0.073778664007976,0.0,224.0264985239149,193.46561191530964,427.6997861163984,208.0948371119888,1114.0,5.327468581687612,218.6990299422273,0.1570735337757539,0.1186523414651536,0.7242741247590924,1051,3.779257849666984,0.0560452902064155,0.1260500000626052,0.0553213909378292,,,,3009,0.0,0.9255566633433034,0.0,0.0,1.0,28813.619061092184,0.0,6.341466350638111e-15,2.643207815000754e-13,0.0,0.0,0.0,0.0,,,0.0,500.0,57.627238122184366,0.0,0.0
batched_greedy@10s,4,500,3009,2790,0.9272183449651048,0.0727816550348953,0.0009970089730807,0.0717846460618145,0.0,214.92596548964477,187.3718602836484,394.73915223747366,199.98259827017247,1116.0,5.031182795698925,209.8947826939458,0.1611365574395822,0.1138528928661874,0.7250105496942304,1053,3.700854700854701,0.0561586894524736,0.1196280002113781,0.0455271565495207,,,,3009,0.0,0.9272183449651048,0.0,0.0,1.0,28796.290553331837,0.0,-1.5638625400633925e-15,2.703842725183699e-13,0.0,0.0,0.0,0.0,,,0.0,500.0,57.59258110666367,0.0,0.0
batched_greedy@10s,5,500,3009,2815,0.935526753074111,0.064473246925889,0.0006646726487205,0.0638085742771684,0.0,219.1244689342413,190.7053977492305,400.5992203431026,205.54888668491463,1126.0,5.214920071047957,213.90954886319335,0.1529644127527979,0.117013379602367,0.730022207644835,1048,3.700381679389313,0.0591089694569378,0.1269130000036966,0.0462765957446808,,,,3009,0.0,0.935526753074111,0.0,0.0,1.0,29115.29986968173,0.0,3.5031776177372968e-15,2.6763324140249186e-13,0.0,0.0,0.0,0.0,,,0.0,500.0,58.23059973936346,0.0,0.0
optimal@10s,0,300,3009,1895,0.6297773346626786,0.3702226653373213,0.200066467264872,0.1701561980724493,0.0,418.0813064386227,386.6087952563698,667.5388219820506,326.59336095128026,758.0,88.68812664907652,329.39317978954614,0.0163236168125326,0.1625176657270719,0.8211587174603954,1072,35.355410447761194,0.1036138992552125,0.2018740001676633,0.0478621569878749,4.171790996392038,0.0001377538199946,0.0559701492537313,3009,0.0,0.6297773346626786,0.0,0.0,1.0,19568.0545961003,0.0,-1.472454524184651e-14,2.7202725560242485e-13,0.0,0.0,0.0,0.0,,,0.0,300.0,65.22684865366766,0.0,0.0
optimal@10s,1,300,3009,1870,0.6214689265536724,0.3785310734463277,0.1950814223994682,0.1834496510468594,0.0,417.2451252302328,388.3854103177068,664.0094953100635,319.73766470812905,748.0,82.02245989304812,335.22266533718465,0.0112678188868101,0.1672974147293898,0.8214347663838001,1092,32.62362637362637,0.1042452380946691,0.1975119999860902,0.0485252140818268,5.706492406588392,0.0002048461821002,0.076007326007326,3009,0.0,0.6214689265536724,0.0,0.0,1.0,19306.11809061715,0.0,-8.271933346255283e-15,2.720846720832807e-13,0.0,0.0,0.0,0.0,,,0.0,300.0,64.35372696872383,0.0,0.0
optimal@10s,2,300,3009,1855,0.6164838816882685,0.3835161183117315,0.1874376869391824,0.196078431372549,0.0,428.3079461765422,391.5498102379606,683.6183653574752,325.9969388014979,742.0,83.7822102425876,344.52573593395465,0.0105412903367275,0.1717743014328792,0.8176844082303931,1077,33.57381615598886,0.1057668523685923,0.2010359998712374,0.051789077212806,5.671668033811907,0.0001975877844714,0.0733519034354689,3009,0.0,0.6164838816882685,0.0,0.0,1.0,19352.412743056877,0.0,4.1636655189823656e-15,2.7594721955198584e-13,0.0,0.0,0.0,0.0,,,0.0,300.0,64.50804247685625,0.0,0.0
optimal@10s,3,300,3009,1907,0.6337653705550017,0.3662346294449983,0.2067131937520771,0.1595214356929212,0.0,419.67785938930126,386.8307089355967,664.3558357998947,332.8852460211744,762.8,89.49449396958573,330.18336541971547,0.0103338176839112,0.1639607310005037,0.825705451315585,1103,35.92203082502267,0.0958085222029475,0.181575999904453,0.0513149454778704,5.427523470863953,0.0001760396548604,0.0679963735267452,3009,0.0,0.6337653705550017,0.0,0.0,1.0,19661.85671027416,0.0,8.69641712251743e-15,2.7900073441906816e-13,0.0,0.0,0.0,0.0,,,0.0,300.0,65.53952236758055,0.0,0.0
optimal@10s,4,300,3009,1884,0.6261216350947159,0.3738783649052841,0.1585244267198405,0.2153539381854436,0.0,421.919902326002,384.0657292548026,684.4966227171758,316.17521014642466,753.6,73.06581740976645,348.85408491623554,0.012316130022297,0.1772039732351745,0.8104798967425284,1091,29.04674610449129,0.0960842346447454,0.1753500001086638,0.0483772198407838,5.973084429160321,0.0002423529463,0.0779101741521539,3009,0.0,0.6261216350947159,0.0,0.0,1.0,19308.248875001,0.0,-1.5568579687992004e-14,2.6895023127666805e-13,0.0,0.0,0.0,0.0,,,0.0,300.0,64.36082958333665,0.0,0.0
optimal@10s,5,300,3009,1852,0.6154868727151878,0.3845131272848122,0.1601861083416417,0.2243270189431704,0.0,420.11337860486407,386.3567092956655,669.4658357967063,312.4521107065936,740.8,72.3574514038877,347.7559272009764,0.017667583008717,0.1761536210805646,0.8061787959107184,1077,29.78272980501393,0.1054953574757603,0.2198519999728887,0.0507645259938837,7.024095272003908,0.0002777649226494,0.085422469823584,3009,0.0,0.6154868727151878,0.0,0.0,1.0,18918.010680956293,0.0,-2.5705379749420472e-15,2.7354360677226583e-13,0.0,0.0,0.0,0.0,,,0.0,300.0,63.06003560318765,0.0,0.0
optimal@10s,0,350,3009,2127,0.7068793619142573,0.2931206380857428,0.0259222333000997,0.267198404785643,0.0,381.7448984529725,350.7191020549499,641.4392870384014,281.8007068512732,850.8,22.377527033380343,359.36737141959213,0.0234000242346615,0.1939576725660685,0.7826423031992699,1070,9.88317757009346,0.0921523364544657,0.1596480000853261,0.0492957746478873,11.370435762958572,0.0015839306562284,0.1355140186915887,3009,0.0,0.7068793619142573,0.0,0.0,1.0,21976.744942823418,0.0,-1.6239425830812353e-14,2.782015332724463e-13,0.0,0.0,0.0,0.0,,,0.0,350.0,62.79069983663834,0.0,0.0
optimal@10s,1,350,3009,2112,0.7018943170488534,0.2981056829511465,0.0432037221668328,0.2549019607843137,0.0,394.4781887842905,367.9584660053879,650.9503786273868,294.7758329204327,844.8,29.571022727272727,364.9071660570178,0.0193473379727292,0.19171865006931,0.7889340119579608,1070,12.954205607476636,0.0907630841028778,0.1770569997916024,0.0460689655172413,9.977475280925075,0.0010020948526964,0.1177570093457943,3009,0.0,0.7018943170488534,0.0,0.0,1.0,21947.51225422533,0.0,-1.0926865473043728e-14,2.6806124660062164e-13,0.0,0.0,0.0,0.0,,,0.0,350.0,62.70717786921524,0.0,0.0
optimal@10s,2,350,3009,2113,0.7022266533732137,0.2977733466267863,0.0511797939514789,0.2465935526753074,0.0,411.21429856513134,383.687174022567,674.2283406875224,309.5534523706509,845.2,40.87363937529579,370.3406591898356,0.0180530081687762,0.1927648391953133,0.7891821526359104,1073,16.079217148182664,0.0928988816440535,0.1670400001057713,0.0498338870431893,12.070951556567696,0.000942450461358,0.124883504193849,3009,0.0,0.7022266533732137,0.0,0.0,1.0,21895.35773234032,0.0,-1.8158687993869104e-16,2.7861480278593164e-13,0.0,0.0,0.0,0.0,,,0.0,350.0,62.55816494954378,0.0,0.0
optimal@10s,3,350,3009,2107,0.7002326354270522,0.2997673645729478,0.0442007311399135,0.2555666334330342,0.0,395.9592624231147,372.8607331465082,644.817718759098,296.8983189684621,842.8,29.27622211675368,366.683040306361,0.0225627624843365,0.1935338753615264,0.7839033621541369,1070,13.413084112149532,0.0902354205646869,0.1784510000970839,0.0562841530054644,12.898848227592568,0.0012423906730258,0.1308411214953271,3009,0.0,0.7002326354270522,0.0,0.0,1.0,21895.89125755037,0.0,8.381841337122587e-15,2.704328350139622e-13,0.0,0.0,0.0,0.0,,,0.0,350.0,62.55968930728677,0.0,0.0
optimal@10s,4,350,3009,2120,0.7045530076437354,0.2954469923562645,0.0219341974077766,0.2735127949484878,0.0,379.0284511391509,348.8330807484749,640.3942982071759,278.8411091185307,848.0,22.16981132075472,356.85863981839617,0.0254948972431866,0.1914712495736266,0.7830338531831867,1082,9.73475046210721,0.0871931608092981,0.1788130001750688,0.0524757804090419,13.22456539506235,0.0018760764760778,0.1210720887245841,3009,0.0,0.7045530076437354,0.0,0.0,1.0,21786.12388006384,0.0,5.548601410617198e-15,2.7245794718887825e-13,0.0,0.0,0.0,0.0,,,0.0,350.0,62.24606822875384,0.0,0.0
optimal@10s,5,350,3009,2094,0.6959122632103689,0.3040877367896311,0.0518444666001994,0.2522432701894317,0.0,394.9761375361568,361.1752347028837,653.3585173965977,295.92627814455454,837.6,34.911174785100286,360.0649627510565,0.0270522270937439,0.1862651092500832,0.7866826636561728,1069,14.854069223573433,0.0836754911156587,0.1572600001054523,0.0418994413407821,11.066649393161722,0.0009471857679203,0.1188026192703461,3009,0.0,0.6959122632103689,0.0,0.0,1.0,21836.61004818413,0.0,1.7729636076153408e-15,2.6782269493524865e-13,0.0,0.0,0.0,0.0,,,0.0,350.0,62.390314423383245,0.0,0.0
optimal@10s,0,400,3009,2396,0.7962778331671652,0.2037221668328348,0.0023263542705217,0.201395812562313,0.0,327.88480555852203,301.84660190203977,561.8111705353849,263.7213228906163,958.4,7.658597662771285,320.22620789575075,0.0464893012960426,0.179282587064376,0.7742281116395813,1059,4.612842304060434,0.0824635505297603,0.1575779999257066,0.0528960592435863,8.88055288206724,0.0040757297567193,0.1114258734655335,3009,0.0,0.7962778331671652,0.0,0.0,1.0,24730.33810636578,0.0,-1.508346406410605e-15,2.6788180280949693e-13,0.0,0.0,0.0,0.0,,,0.0,400.0,61.825845265914445,0.0,0.0
optimal@10s,1,400,3009,2409,0.8005982053838484,0.1994017946161515,0.0029910269192422,0.1964107676969092,0.0,328.0765877149984,299.6275402505371,556.8342921728944,265.6285075875401,963.6,7.848899958489,320.2276877565094,0.0390240734880935,0.1783254925828404,0.782650433929066,1058,4.7561436672967865,0.0754921550097882,0.1437150002539056,0.0440705128205128,10.015824289715422,0.0043558177955341,0.1209829867674858,3009,0.0,0.8005982053838484,0.0,0.0,1.0,24868.57793314977,0.0,-5.99197828018532e-15,2.7211663115146305e-13,0.0,0.0,0.0,0.0,,,0.0,400.0,62.17144483287442,0.0,0.0
optimal@10s,2,400,3009,2384,0.7922897972748422,0.2077102027251578,0.0033233632436025,0.2043868394815553,0.0,335.6606679123038,306.6100677495119,578.1137312330728,269.1993886710761,953.6,8.241610738255034,327.4190571740488,0.0417486432657791,0.1804043844100147,0.7778469723242062,1059,4.948064211520302,0.0770596789410125,0.1334419999966485,0.0486702127659574,9.902765899869316,0.0039433595599214,0.1284230406043437,3009,0.0,0.7922897972748422,0.0,0.0,1.0,24740.855718062543,0.0,-1.3739941324891201e-15,2.6912700256262484e-13,0.0,0.0,0.0,0.0,,,0.0,400.0,61.85213929515636,0.0,0.0
optimal@10s,3,400,3009,2403,0.7986041874376869,0.201395812562313,0.0023263542705217,0.1990694582917913,0.0,329.36988080600133,302.88762549307285,566.5760621952312,266.68223863446684,961.2,8.930919683728673,320.4389611222727,0.04015201773006,0.1776828086335067,0.7821651736364332,1069,5.16931711880262,0.0815940130915585,0.1360320000640058,0.0526594337126223,10.01034291853043,0.0037124501040485,0.1206735266604303,3009,0.0,0.7986041874376869,0.0,0.0,1.0,25044.935699705755,0.0,5.884967456706365e-15,2.6962406044361546e-13,0.0,0.0,0.0,0.0,,,0.0,400.0,62.61233924926438,0.0,0.0
optimal@10s,4,400,3009,2416,0.8029245596543703,0.1970754403456297,0.0023263542705217,0.194749086075108,0.0,319.5881879647972,298.95829220637825,541.6539852899136,259.3753813671417,966.4,7.483857615894039,312.1043303489031,0.0427576454814127,0.1751389435166632,0.7821034110019239,1062,4.66195856873823,0.0803952919100452,0.1463080000212365,0.0521577971935398,10.783227888849469,0.0048976492132231,0.1129943502824858,3009,0.0,0.8029245596543703,0.0,0.0,1.0,24981.471104048254,0.0,-3.5516108082462376e-15,2.704433439518445e-13,0.0,0.0,0.0,0.0,,,0.0,400.0,62.45367776012064,0.0,0.0
optimal@10s,5,400,3009,2406,0.7996011964107677,0.2003988035892323,0.0033233632436025,0.1970754403456297,0.0,320.20822295748627,291.8387085136819,550.2719470392985,258.9472479686009,962.4,6.736907730673317,313.471315226813,0.0513403849405008,0.1750113761716993,0.7736482388877998,1062,4.467984934086629,0.0841148775879722,0.158867999884933,0.0473908413205537,9.410139226361268,0.0046054816636505,0.1073446327683615,3009,0.0,0.7996011964107677,0.0,0.0,1.0,24807.50469385968,0.0,9.825335336134054e-15,2.6432426027211975e-13,0.0,0.0,0.0,0.0,,,0.0,400.0,62.0187617346492,0.0,0.0
optimal@10s,0,450,3009,2640,0.8773678963110668,0.1226321036889332,0.0006646726487205,0.1219674310402127,0.0,270.5149082014601,244.5643028823256,471.5802939134803,238.67969895610992,1056.0,5.462878787878788,265.0520294135813,0.0861885294482978,0.1483361230923276,0.7654753474593744,1054,3.887096774193549,0.0837445920307241,0.1629509998520007,0.0565640620889239,6.0115279017781145,0.0047734539596072,0.079696394686907,3009,0.0,0.8773678963110668,0.0,0.0,1.0,27464.70209833451,0.0,-7.822025855313602e-18,2.649445477824012e-13,0.0,0.0,0.0,0.0,,,0.0,450.0,61.03267132963224,0.0,0.0
optimal@10s,1,450,3009,2682,0.8913260219341974,0.1086739780658025,0.0009970089730807,0.1076769690927218,0.0,259.32242973667195,234.5154437048313,463.3390388023415,232.4614639641277,1072.8,5.779269202087994,253.543160534584,0.0827306780834244,0.1441279034467009,0.7731414184698745,1052,3.991444866920152,0.0831171102636255,0.1416479996305498,0.0520888418826018,4.897005141088949,0.0037674666990376,0.0684410646387832,3009,0.0,0.8913260219341974,0.0,0.0,1.0,27762.15210660036,0.0,5.937416438032642e-15,2.6604785157590905e-13,0.0,0.0,0.0,0.0,,,0.0,450.0,61.6936713480008,0.0,0.0
optimal@10s,2,450,3009,2666,0.8860086407444334,0.1139913592555666,0.0003323363243602,0.1136590229312063,0.0,268.6285213034164,242.4777020897218,471.8630234801967,239.14687715937995,1066.4,5.885596399099775,262.7429249043166,0.0847060033038185,0.147832705317852,0.7674612913783294,1052,3.9819391634980983,0.0770300380264405,0.1369450000674987,0.0523117569352708,5.083265265159192,0.0038152644851563,0.0779467680608365,3009,0.0,0.8860086407444334,0.0,0.0,1.0,27534.646968123143,0.0,-3.1229499273326984e-15,2.685756926517817e-13,0.0,0.0,0.0,0.0,,,0.0,450.0,61.18810437360698,0.0,0.0
optimal@10s,3,450,3009,2651,0.8810235958790296,0.1189764041209704,0.0003323363243602,0.1186440677966101,0.0,259.5868825538724,232.2051879463179,466.3388823166224,229.70545305006857,1060.4,5.502829121086383,254.08405343278596,0.0921078939512321,0.1436605248142415,0.7642315812345264,1054,3.817836812144213,0.0815592030303067,0.1343049998376955,0.0482886707349429,5.209258294748209,0.004411440503585,0.0825426944971537,3009,0.0,0.8810235958790296,0.0,0.0,1.0,27325.82586782811,0.0,8.904901628521173e-15,2.714847501003947e-13,0.0,0.0,0.0,0.0,,,0.0,450.0,60.72405748406246,0.0,0.0
optimal@10s,4,450,3009,2668,0.8866733133931539,0.1133266866068461,0.0009970089730807,0.1123296776337653,0.0,256.2716090778808,231.10659211492907,450.2988879158067,228.46256148176337,1067.2,5.4610194902548725,250.81058958762588,0.0841489502789745,0.1423999101535433,0.7734511395674822,1057,3.8883632923368014,0.0810033112544104,0.1455999997597248,0.0490716180371352,4.750826352908772,0.0038568255937129,0.0766319772942289,3009,0.0,0.8866733133931539,0.0,0.0,1.0,27633.611330119056,0.0,-7.254649987522511e-15,2.647583135570699e-13,0.0,0.0,0.0,0.0,,,0.0,450.0,61.40802517804234,0.0,0.0
optimal@10s,5,450,3009,2686,0.8926553672316384,0.1073446327683615,0.001329345297441,0.1060152874709205,0.0,255.97699604622335,231.00781551681803,450.61898490483145,229.46725009698707,1074.4,5.252792256142963,250.7242037900804,0.0946874563386572,0.1419381178522449,0.7633744258090978,1052,3.7461977186311786,0.0816514258463808,0.1360919997341625,0.0432461292044847,4.628325324214248,0.0042250866695069,0.0741444866920152,3009,0.0,0.8926553672316384,0.0,0.0,1.0,27550.877954030875,0.0,-1.1676272590480686e-14,2.660749092717068e-13,0.0,0.0,0.0,0.0,,,0.0,450.0,61.22417323117972,0.0,0.0
optimal@10s,0,500,3009,2798,0.9298770355599868,0.0701229644400133,0.0,0.0701229644400133,0.0,229.62734494150808,199.1624066360905,423.0600606704396,213.97750453517432,1119.2,5.321300929235168,224.3060440122729,0.1466918194190238,0.1220846139100831,0.731223566670893,1056,3.674242424242424,0.0869125000072086,0.1399049999463386,0.056782334384858,3.145451175176497,0.003544575204954,0.0634469696969697,3009,0.0,0.9298770355599868,0.0,0.0,1.0,29134.695400430144,0.0,-7.081143708885112e-15,2.6365201817484694e-13,0.0,0.0,0.0,0.0,,,0.0,500.0,58.26939080086029,0.0,0.0
optimal@10s,1,500,3009,2828,0.9398471252907944,0.0601528747092057,0.0,0.0601528747092057,0.0,212.0279321741334,186.02126009654512,388.7678476720495,199.69624200347263,1131.2,5.378005657708628,206.6499265164248,0.1495174481373813,0.1146946816356479,0.7357878702269708,1047,3.722063037249284,0.086462464187398,0.1453479999872797,0.0495364238410596,2.5787072549470125,0.0030159579024573,0.0477554918815663,3009,0.0,0.9398471252907944,0.0,0.0,1.0,29177.920162118487,0.0,-2.4242748308575906e-15,2.577642641215498e-13,0.0,0.0,0.0,0.0,,,0.0,500.0,58.35584032423698,0.0,0.0
optimal@10s,2,500,3009,2805,0.9322033898305084,0.0677966101694915,0.0006646726487205,0.067131937520771,0.0,222.71822482502265,195.1754912798733,409.8425290122976,208.3299189590232,1122.0,5.491978609625669,217.2262462153969,0.1475568663398843,0.1183229746261584,0.7341201590339571,1055,3.787677725118483,0.0865460663534021,0.1439340000433732,0.049058605144524,2.382620753467141,0.0024395827898529,0.0559241706161137,3009,0.0,0.9322033898305084,0.0,0.0,1.0,29106.53339345824,0.0,-5.2087468820203424e-17,2.6592900984863536e-13,0.0,0.0,0.0,0.0,,,0.0,500.0,58.213066786916485,0.0,0.0
optimal@10s,3,500,3009,2780,0.9238949817215022,0.0761050182784978,0.0006646726487205,0.0754403456297773,0.0,226.45412263858807,199.08151684712948,422.3523456344471,210.06448235830712,1112.0,5.312589928057554,221.14153271053053,0.1606001379611147,0.1190204048696468,0.7203794571692385,1051,3.801141769743102,0.0835649857292998,0.1580499997544393,0.0555701869897287,3.605952074153192,0.0036603040296492,0.0656517602283539,3009,0.0,0.9238949817215022,0.0,0.0,1.0,28684.613895288105,0.0,9.813892304726114e-15,2.6254282520991553e-13,0.0,0.0,0.0,0.0,,,0.0,500.0,57.36922779057621,0.0,0.0
optimal@10s,4,500,3009,2792,0.9278830176138252,0.0721169823861748,0.0009970089730807,0.071119973413094,0.0,212.40886603979317,187.56891481383585,388.5437317983307,197.7998499375017,1116.8,4.973853868194842,207.4350121715983,0.159637078335592,0.113052190050605,0.727310731613803,1047,3.711556829035339,0.0848394460356027,0.1739799999268142,0.0434898612593383,3.550101137039693,0.0040347554481332,0.0592168099331423,3009,0.0,0.9278830176138252,0.0,0.0,1.0,28881.416800373176,0.0,-3.227440600668919e-15,2.676090803905393e-13,0.0,0.0,0.0,0.0,,,0.0,500.0,57.76283360074636,0.0,0.0
optimal@10s,5,500,3009,2825,0.9388501163177136,0.0611498836822864,0.0006646726487205,0.0604852110335659,0.0,219.44951178379011,191.93867100976055,403.9919788187602,206.53642099509003,1130.0,5.178053097345133,214.27145868644504,0.1499138141576998,0.1177084142001481,0.7323777716421521,1048,3.6822519083969465,0.082086832062209,0.1334419998602243,0.0439882697947214,3.0785273259206734,0.0035600265060623,0.049618320610687,3009,0.0,0.9388501163177136,0.0,0.0,1.0,29191.363872514485,0.0,1.6317330967234159e-16,2.6893067910253925e-13,0.0,0.0,0.0,0.0,,,0.0,500.0,58.38272774502897,0.0,0.0
batched_greedy@10s+aware,0,300,3009,1953,0.6490528414755733,0.3509471585244267,0.2834828846792954,0.0674642738451312,0.0,398.08774884280007,374.8288828991481,604.4455761093426,341.52072074865947,781.2,105.49667178699436,292.59107705580567,0.0132554261229,0.1382713801729035,0.8484731937041963,1101,45.40871934604905,0.0315448683018534,0.0818000003164343,0.0565308988764044,,,,3009,0.0,0.6490528414755733,0.0,0.0,1.0,20425.68324332701,0.0,-1.8541236134753768e-15,2.774195506075435e-13,0.0,0.0,0.0,0.0,,,0.0,300.0,68.08561081109004,0.0,0.0
batched_greedy@10s+aware,1,300,3009,1957,0.6503821867730143,0.3496178132269857,0.2775008308408109,0.0721169823861748,0.0,391.657589923888,369.7208216498407,592.0770510509808,335.8068217146292,782.8,100.26520183955031,291.3923880843376,0.0120453366417894,0.1380958766129772,0.8498587867452334,1111,42.893789378937896,0.0292309630930332,0.0788700000612152,0.0546847788227098,,,,3009,0.0,0.6503821867730143,0.0,0.0,1.0,20283.9123078918,0.0,5.083085488319573e-16,2.75917141856684e-13,0.0,0.0,0.0,0.0,,,0.0,300.0,67.61304102630599,0.0,0.0
batched_greedy@10s+aware,2,300,3009,1916,0.636756397474244,0.363243602525756,0.3004320372216683,0.0628115653040877,0.0,398.3716766719384,377.7657221350605,599.5585950771929,340.4479393032179,766.4,107.04853862212944,291.3231380498089,0.0163506543049983,0.1347188586593772,0.8489304870356243,1117,45.12444046553268,0.029724798578669,0.0696999999126999,0.0510975170924793,,,,3009,0.0,0.636756397474244,0.0,0.0,1.0,20232.41360257153,0.0,4.034814699932093e-15,2.748420836777273e-13,0.0,0.0,0.0,0.0,,,0.0,300.0,67.44137867523844,0.0,0.0
batched_greedy@10s+aware,3,300,3009,1974,0.6560319042871385,0.3439680957128614,0.2765038218677301,0.0674642738451312,0.0,394.7834929457548,375.8028224133864,594.987961017907,339.8933281342728,789.6,102.2082066869301,292.57528625882475,0.0134112881888426,0.1386931447986061,0.8478955670125512,1097,44.38195077484048,0.0314342752852765,0.0879599999279889,0.0466595970307529,,,,3009,0.0,0.6560319042871385,0.0,0.0,1.0,20333.291470935117,0.0,2.9839915296105527e-15,2.812259037598828e-13,0.0,0.0,0.0,0.0,,,0.0,300.0,67.77763823645039,0.0,0.0
batched_greedy@10s+aware,4,300,3009,1957,0.6503821867730143,0.3496178132269857,0.28946493851778,0.0601528747092057,0.0,394.2418037939062,373.8930141782439,585.9292079235639,338.56700542346937,782.8,102.74297393970365,291.49882985420254,0.016356055553613,0.138412783721861,0.845231160724526,1110,44.01891891891892,0.0302850450315508,0.0733460000174091,0.0582215949188426,,,,3009,0.0,0.6503821867730143,0.0,0.0,1.0,20331.11301388609,0.0,1.5757565013790673e-15,2.7835702289107737e-13,0.0,0.0,0.0,0.0,,,0.0,300.0,67.77037671295363,0.0,0.0
batched_greedy@10s+aware,5,300,3009,1947,0.6470588235294118,0.3529411764705882,0.2901296111665005,0.0628115653040877,0.0,395.67293831385024,380.3643976252879,590.2625831832495,342.5831583904414,778.8,103.4637904468413,292.20914786700894,0.0174863012101791,0.1375193510939238,0.8449943476958971,1111,44.84878487848785,0.0318439243892171,0.0849499998366811,0.048685145700071,,,,3009,0.0,0.6470588235294118,0.0,0.0,1.0,20161.884076303395,0.0,2.3310691960285768e-15,2.779081536032426e-13,0.0,0.0,0.0,0.0,,,0.0,300.0,67.20628025434465,0.0,0.0
batched_greedy@10s+aware,0,350,3009,2230,0.7411100033233633,0.2588899966766367,0.1827849783981389,0.0761050182784978,0.0,381.062343968143,362.6753475634487,579.8160981191005,333.3772507558847,892.0,82.43004484304933,298.6322991250937,0.0245017820243362,0.1466439520645321,0.8288542659111315,1097,33.518687329079306,0.0318203281788281,0.0780600000325648,0.0538678358910115,,,,3009,0.0,0.7411100033233633,0.0,0.0,1.0,23197.263586671867,0.0,-1.5227679605558244e-14,2.628566024533955e-13,0.0,0.0,0.0,0.0,,,0.0,350.0,66.27789596191961,0.0,0.0
batched_greedy@10s+aware,1,350,3009,2231,0.7414423396477235,0.2585576603522765,0.1665004985044865,0.0920571618477899,0.0,381.298793501979,364.6750510354532,580.3022476558708,331.8543759534217,892.4,75.0676826535186,306.2311108484604,0.0186291637589275,0.1524293095680642,0.8289415266730082,1103,31.17225747960109,0.0323872166857309,0.0899659999959112,0.0515591231861685,,,,3009,0.0,0.7414423396477235,0.0,0.0,1.0,23253.67516587515,0.0,-7.578379380283095e-15,2.7008426871042537e-13,0.0,0.0,0.0,0.0,,,0.0,350.0,66.43907190250043,0.0,0.0
batched_greedy@10s+aware,2,350,3009,2226,0.7397806580259222,0.2602193419740777,0.1837819873712196,0.0764373546028581,0.0,382.6374600134749,363.3007226957179,576.4436022031659,336.2312804368814,890.4,81.31536388140162,301.3220961320733,0.0199096072468209,0.1463166347186289,0.8337737580345501,1097,33.89243391066545,0.0308884229708799,0.0795480000851966,0.0501893939393939,,,,3009,0.0,0.7397806580259222,0.0,0.0,1.0,23159.413817774737,0.0,3.666030242679582e-15,2.673520783813604e-13,0.0,0.0,0.0,0.0,,,0.0,350.0,66.16975376507068,0.0,0.0
batched_greedy@10s+aware,3,350,3009,2230,0.7411100033233633,0.2588899966766367,0.169823861748089,0.0890661349285476,0.0,375.9713407773846,358.4396114630192,570.0177466221506,328.4938193703204,892.0,77.4170403587444,298.5543004186402,0.0219985445571049,0.1476631925456851,0.8303382628972098,1123,31.4853072128228,0.0327965271526692,0.0874339999609219,0.0513219284603421,,,,3009,0.0,0.7411100033233633,0.0,0.0,1.0,23134.652709102596,0.0,-1.800254016611913e-16,2.685835609721705e-13,0.0,0.0,0.0,0.0,,,0.0,350.0,66.09900774029312,0.0,0.0
batched_greedy@10s+aware,4,350,3009,2236,0.7431040212695248,0.2568959787304752,0.1655034895314057,0.0913924891990694,0.0,377.6479879339522,362.624093694749,566.8072998005205,327.0052994092478,894.4,74.7030411449016,302.94494678905056,0.0209498873401635,0.1510640761156363,0.8279860365442002,1111,30.44914491449145,0.0335194419457981,0.0757600000724778,0.0484472049689441,,,,3009,0.0,0.7431040212695248,0.0,0.0,1.0,23148.4918389371,0.0,5.160650281191425e-15,2.7713708886900654e-13,0.0,0.0,0.0,0.0,,,0.0,350.0,66.13854811124887,0.0,0.0
batched_greedy@10s+aware,5,350,3009,2231,0.7414423396477235,0.2585576603522765,0.1738118976404121,0.0847457627118644,0.0,380.55763717979113,365.8558325202685,570.4004696732864,334.62709260988646,892.4,80.20394441954281,300.35369276024835,0.0274729531497806,0.1464175763075753,0.826109470542644,1094,33.353747714808044,0.0340756855534002,0.0688450002917304,0.0489706799750467,,,,3009,0.0,0.7414423396477235,0.0,0.0,1.0,23076.064745396987,0.0,-1.0167672272138593e-15,2.6840505016524597e-13,0.0,0.0,0.0,0.0,,,0.0,350.0,65.9316135582771,0.0,0.0
batched_greedy@10s+aware,0,400,3009,2482,0.8248587570621468,0.1751412429378531,0.0787637088733798,0.0963775340644732,0.0,341.85894822578217,330.68064627726744,536.0330888668203,305.5881795927328,992.8,43.8638195004029,297.99512872537923,0.0395441975550929,0.1567094774592506,0.8037463249856565,1092,18.82234432234432,0.0343718864538765,0.0851899999679516,0.0500142085819835,,,,3009,0.0,0.8248587570621468,0.0,0.0,1.0,25873.700931326,0.0,-1.670791716994313e-15,2.736208609495919e-13,0.0,0.0,0.0,0.0,,,0.0,400.0,64.68425232831501,0.0,0.0
batched_greedy@10s+aware,1,400,3009,2486,0.826188102359588,0.1738118976404121,0.0761050182784978,0.0977068793619142,0.0,338.66118128857755,328.63439097794867,526.7625005759528,303.05735077327546,994.4,39.962590506838296,298.69859078173926,0.0345331473612445,0.1559417149080338,0.8095251377307217,1077,18.12627669452182,0.0317412256292651,0.0953200000731158,0.043093607305936,,,,3009,0.0,0.826188102359588,0.0,0.0,1.0,25818.016459489227,0.0,3.140421685102213e-15,2.661769973111447e-13,0.0,0.0,0.0,0.0,,,0.0,400.0,64.54504114872307,0.0,0.0
batched_greedy@10s+aware,2,400,3009,2463,0.8185443668993021,0.1814556331006979,0.0874044533067464,0.0940511797939514,0.0,353.919984926602,341.3208272265929,549.4910960709487,314.4636322332298,985.2,49.665854648802274,304.2541302777997,0.0388598801016108,0.1543003453469318,0.8068397745514573,1090,20.47889908256881,0.0310479816549776,0.0888760000952968,0.0561093705497009,,,,3009,0.0,0.8185443668993021,0.0,0.0,1.0,25702.226780491103,0.0,2.397324455609595e-15,2.779482783689743e-13,0.0,0.0,0.0,0.0,,,0.0,400.0,64.25556695122775,0.0,0.0
batched_greedy@10s+aware,3,400,3009,2498,0.8301761382519109,0.169823861748089,0.069790628115653,0.100033233632436,0.0,345.71518589516364,332.8749283228367,542.5878241104501,308.4256626602776,999.2,46.028823058446754,299.68636283671685,0.034580162598385,0.1560213539866251,0.8093984834149898,1079,19.12882298424467,0.0325999999918475,0.0739820001581393,0.0496754163138583,,,,3009,0.0,0.8301761382519109,0.0,0.0,1.0,25798.343963919564,0.0,6.6851603871904544e-15,2.770953113790627e-13,0.0,0.0,0.0,0.0,,,0.0,400.0,64.49585990979891,0.0,0.0
batched_greedy@10s+aware,4,400,3009,2479,0.8238617480890661,0.1761382519109338,0.0714523097374543,0.1046859421734795,0.0,339.2893571816319,329.83305917349026,529.2085460355283,300.5665961756755,991.6,40.25453812020976,299.03481906142207,0.0383430170779864,0.1571268474904716,0.8045301354315418,1083,17.552169898430286,0.0328357340694984,0.0933439998425456,0.057535784451305,,,,3009,0.0,0.8238617480890661,0.0,0.0,1.0,25716.337190774204,0.0,1.0964112948633815e-14,2.728230442421993e-13,0.0,0.0,0.0,0.0,,,0.0,400.00000000000006,64.29084297693551,0.0,0.0
batched_greedy@10s+aware,5,400,3009,2498,0.8301761382519109,0.169823861748089,0.0807577268195413,0.0890661349285476,0.0,340.02652377879014,327.981932623803,535.2417401857591,307.1093389393174,999.2,43.36869495596477,296.65782882282537,0.0433615425079461,0.1541035643978809,0.8025348930941729,1103,18.99184043517679,0.0376717135228897,0.0917860000663495,0.0463386727688787,,,,3009,0.0,0.8301761382519109,0.0,0.0,1.0,25766.44838127944,0.0,8.511295040344915e-15,2.741697981535652e-13,0.0,0.0,0.0,0.0,,,0.0,400.0,64.4161209531986,0.0,0.0
batched_greedy@10s+aware,0,450,3009,2695,0.8956463941508807,0.1043536058491193,0.0202725157859754,0.0840810900631439,0.0,286.02523312378486,268.10886367843705,494.1384188449361,263.60743277643303,1078.0,18.883858998144717,267.14137412564014,0.0767297310722657,0.1447528147804279,0.7785174541473062,1073,9.140726933830384,0.0390609506138315,0.0946559999283636,0.0499055840302131,,,,3009,0.0,0.8956463941508807,0.0,0.0,1.0,28038.35202966614,0.0,3.542414763915296e-15,2.713596817873923e-13,0.0,0.0,0.0,0.0,,,0.0,450.0,62.30744895481365,0.0,0.0
batched_greedy@10s+aware,1,450,3009,2705,0.8989697573944833,0.1010302426055167,0.0176138251910933,0.0834164174144233,0.0,276.94834697504234,259.2175612474475,479.7674171339726,255.82580119302347,1082.0,16.40887245841035,260.539474516632,0.0775952122342576,0.1429581209128534,0.779446666852889,1073,8.401677539608574,0.0399564771582366,0.0953959999969811,0.0482349770951226,,,,3009,0.0,0.8989697573944833,0.0,0.0,1.0,28053.11567129126,0.0,1.0929027245737029e-15,2.705862644237365e-13,0.0,0.0,0.0,0.0,,,0.0,450.0,62.34025704731391,0.0,0.0
batched_greedy@10s+aware,2,450,3009,2680,0.8906613492854769,0.1093386507145231,0.0285809238949817,0.0807577268195413,0.0,290.24121948816384,272.50271350000526,496.39310338740734,268.4113388278128,1072.0,22.231716417910448,268.0095030702534,0.0759408787602941,0.1423145712940021,0.7817445499457037,1074,10.61266294227188,0.0380822160131812,0.0951620002115305,0.0515044727568446,,,,3009,0.0,0.8906613492854769,0.0,0.0,1.0,28066.02580393808,0.0,-6.720991922208411e-15,2.6455255896399285e-13,0.0,0.0,0.0,0.0,,,0.0,450.0,62.36894623097351,0.0,0.0
batched_greedy@10s+aware,3,450,3009,2687,0.8929877035559987,0.1070122964440013,0.0186108341641741,0.0884014622798271,0.0,281.9642981284859,261.7483697923008,488.286960556506,258.96375201977213,1074.8,17.364719017491627,264.5995791109942,0.0811923536410883,0.1434178657305056,0.775389780628406,1075,8.712558139534885,0.038131720934765,0.0920080001105816,0.0526598602901665,,,,3009,0.0,0.8929877035559987,0.0,0.0,1.0,27817.99120622169,0.0,3.3666160047062805e-15,2.6625090091142345e-13,0.0,0.0,0.0,0.0,,,0.0,450.0,61.8177582360482,0.0,0.0
batched_greedy@10s+aware,4,450,3009,2704,0.898637421070123,0.101362578929877,0.0212695247590561,0.0800930541708208,0.0,278.0349713795482,260.7005579336567,484.71476837657866,256.99832801569465,1081.6,17.680473372781066,260.3544980067672,0.0766544704241353,0.1421963989281064,0.7811491306477583,1073,8.808014911463188,0.0408817334540484,0.0986680001369676,0.0540758676351896,,,,3009,0.0,0.898637421070123,0.0,0.0,1.0,27959.99298159686,0.0,2.00168612783009e-15,2.635905957672468e-13,0.0,0.0,0.0,0.0,,,0.0,450.0,62.13331773688192,0.0,0.0
batched_greedy@10s+aware,5,450,3009,2717,0.9029577932868064,0.0970422067131937,0.0172814888667331,0.0797607178464606,0.0,275.69429208058926,254.83724237818117,483.4723715277685,255.7729360774896,1086.8,19.108575634891423,256.5857164456978,0.0831227272006217,0.1403470561768348,0.7765302166225435,1075,9.146976744186048,0.0400684651186714,0.0997819999702187,0.0477861771058315,,,,3009,0.0,0.9029577932868064,0.0,0.0,1.0,28008.43520739267,0.0,-2.867865026142509e-15,2.6862575469138e-13,0.0,0.0,0.0,0.0,,,0.0,450.0,62.24096712753927,0.0,0.0
batched_greedy@10s+aware,0,500,3009,2816,0.9358590893984712,0.0641409106015287,0.0109670987038883,0.0531738118976404,0.0,237.6191185777386,211.8453843796815,439.7121696798594,226.51982878424397,1126.4,11.426846590909092,226.1922719868295,0.1517507369982366,0.1197823586504587,0.7284669043513046,1066,6.364915572232645,0.0456817073180803,0.1031200000625173,0.0550385535761765,,,,3009,0.0,0.9358590893984712,0.0,0.0,1.0,29039.32057698948,0.0,1.5345206166356656e-15,2.698943499246376e-13,0.0,0.0,0.0,0.0,,,0.0,500.0,58.07864115397895,0.0,0.0
batched_greedy@10s+aware,1,500,3009,2837,0.9428381522100364,0.0571618477899634,0.0059820538384845,0.0511797939514789,0.0,217.6742929552452,191.06442219740893,410.3913134609619,207.6189374583223,1134.8,9.050052872752907,208.62424008249232,0.1465885449139081,0.1134203453130113,0.7399911097730806,1068,5.393258426966292,0.0427214419388609,0.1038619997825661,0.0460016047071409,,,,3009,0.0,0.9428381522100364,0.0,0.0,1.0,29503.820331659717,0.0,-5.910127672576301e-15,2.6247566373143e-13,0.0,0.0,0.0,0.0,,,0.0,500.0,59.00764066331943,0.0,0.0
batched_greedy@10s+aware,2,500,3009,2819,0.936856098371552,0.0631439016284479,0.0103024260551678,0.0528414755732801,0.0,226.72121486692103,200.24188640922785,425.3967571279709,216.31663021836653,1127.6,10.13160695282015,216.5896079141009,0.1514723875337447,0.1157770421989319,0.7327505702673233,1068,6.046816479400749,0.043357022459855,0.1133649998155305,0.0510285866951643,,,,3009,0.0,0.936856098371552,0.0,0.0,1.0,29155.631861345668,0.0,4.4087550999871774e-15,2.653567720686129e-13,0.0,0.0,0.0,0.0,,,0.0,500.0,58.311263722691336,0.0,0.0
batched_greedy@10s+aware,3,500,3009,2811,0.93419740777667,0.06580259222333,0.0059820538384845,0.0598205383848454,0.0,226.25193715800077,200.2818286521765,432.1985695821495,214.31944084089213,1124.4,10.010672358591249,216.2412647994095,0.1552048227427341,0.115409121388969,0.7293860558682967,1065,5.690140845070423,0.0463246948466705,0.1041079999049543,0.0530644733351021,,,,3009,0.0,0.93419740777667,0.0,0.0,1.0,28941.159839241194,0.0,1.4185261527014273e-15,2.6568620421233506e-13,0.0,0.0,0.0,0.0,,,0.0,500.0,57.88231967848239,0.0,0.0
batched_greedy@10s+aware,4,500,3009,2821,0.9375207710202724,0.0624792289797274,0.0059820538384845,0.0564971751412429,0.0,224.61168725277628,198.15836931373087,418.7264668802845,212.81786663023536,1128.4,10.671393123006029,213.94029412977025,0.1510320654740431,0.1141732044807683,0.7347947300451886,1068,5.737827715355805,0.0453352059979098,0.1120600000740522,0.0485462790077353,,,,3009,0.0,0.9375207710202724,0.0,0.0,1.0,29140.116544771583,0.0,1.6938673867375662e-16,2.6838415691663143e-13,0.0,0.0,0.0,0.0,,,0.0,500.0,58.28023308954317,0.0,0.0
batched_greedy@10s+aware,5,500,3009,2833,0.9415088069125956,0.0584911930874044,0.0073113991359255,0.0511797939514789,0.0,231.0276233511568,204.99700974361804,425.94033793444567,220.75089389740148,1133.2,11.422167313801625,219.6054560373552,0.1522583735107797,0.1166032538234521,0.7311383726657681,1072,6.2434701492537314,0.0455491604446339,0.097561000116002,0.0499065919402188,,,,3009,0.0,0.9415088069125956,0.0,0.0,1.0,29248.29540178252,0.0,1.9826474854160224e-15,2.6879044152614937e-13,0.0,0.0,0.0,0.0,,,0.0,500.0,58.49659080356504,0.0,0.0
optimal@10s+aware,0,300,3009,1978,0.6573612495845796,0.3426387504154204,0.2828182120305749,0.0598205383848454,0.0,399.4945661038919,379.7010978285241,600.7333430718738,343.6620756425642,791.2,107.0783619817998,292.41620412209204,0.0116175489413153,0.1393256730779345,0.8490567779807502,1106,44.798372513562384,0.0915051537004066,0.1597549998905379,0.0467256637168141,3.3992094264730586,8.729635039241335e-05,0.038878842676311,3009,0.0,0.6573612495845796,0.0,0.0,1.0,20417.477066611817,0.0,2.6119989218380325e-15,2.824672301475328e-13,0.0,0.0,0.0,0.0,,,0.0,300.0,68.05825688870605,0.0,0.0
optimal@10s+aware,1,300,3009,1950,0.6480558325024925,0.3519441674975074,0.2788301761382519,0.0731139913592555,0.0,395.93922892747855,376.3655493102415,594.5053993450697,338.5925914962493,780.0,102.6702564102564,293.2689725172221,0.0111665087222399,0.1383484827026468,0.8504850085751131,1108,43.85198555956679,0.0788891696729577,0.1620719997117703,0.0603747397640527,4.153544875994239,0.0001090898084878,0.0370036101083032,3009,0.0,0.6480558325024925,0.0,0.0,1.0,20306.51370353544,0.0,7.138221637713007e-15,2.738723208331533e-13,0.0,0.0,0.0,0.0,,,0.0,300.0,67.6883790117848,0.0,0.0
optimal@10s+aware,2,300,3009,1928,0.640744433366567,0.359255566633433,0.2994350282485876,0.0598205383848454,0.0,404.4512376114295,387.1382144485269,603.5366110320645,345.1357379961932,771.2,110.71732365145228,293.7339139599772,0.0168306704053828,0.1368953835885472,0.8462739460060699,1100,46.32454545454546,0.0824229999980988,0.1686270000527656,0.0472753518585348,3.3247149031822025,8.242853299857723e-05,0.0363636363636363,3009,0.0,0.640744433366567,0.0,0.0,1.0,20324.42152430888,0.0,1.991214938439741e-14,2.7382061578962494e-13,0.0,0.0,0.0,0.0,,,0.0,300.0,67.74807174769626,0.0,0.0
optimal@10s+aware,3,300,3009,1969,0.6543702226653373,0.3456297773346626,0.2824858757062147,0.0631439016284479,0.0,402.3830403952147,380.82587928578687,604.0217963020436,347.51303582532915,787.6,106.56119857795836,295.8218418172564,0.0114628160092726,0.1402990333376864,0.848238150653041,1110,45.57297297297297,0.0908004504536448,0.1701019998154153,0.0563976031018681,4.5128352108725895,0.0001138365213577,0.0378378378378378,3009,0.0,0.6543702226653373,0.0,0.0,1.0,20490.136475394665,0.0,5.409362929935958e-15,2.807130973694385e-13,0.0,0.0,0.0,0.0,,,0.0,300.0,68.30045491798221,0.0,0.0
optimal@10s+aware,4,300,3009,1958,0.6507145230973745,0.3492854769026254,0.2878032568959787,0.0614822200066467,0.0,394.7079759359968,373.3110758800867,596.4220133850034,337.81808432314216,783.2,104.27936670071502,290.4286092352818,0.018276401885147,0.138929330594111,0.8427942675207419,1109,44.07213706041479,0.086956627587164,0.1741879999462983,0.0588028169014084,3.887338968872661,0.0001015408198539,0.0333633904418394,3009,0.0,0.6507145230973745,0.0,0.0,1.0,20265.88024758431,0.0,3.991813122247754e-17,2.7297832590440255e-13,0.0,0.0,0.0,0.0,,,0.0,300.0,67.55293415861438,0.0,0.0
optimal@10s+aware,5,300,3009,1934,0.6427384513127284,0.3572615486872715,0.293452974410103,0.0638085742771684,0.0,396.312763779061,377.4496659704328,604.4200210979916,341.25282204177194,773.6,107.48552223371252,288.8272415453485,0.0192714175822176,0.1351485414147828,0.8455800410029994,1099,45.82165605095541,0.0871642402085652,0.1642199997422721,0.0495014245014245,2.875305429637492,7.215102778752778e-05,0.0318471337579617,3009,0.0,0.6427384513127284,0.0,0.0,1.0,20226.365088472918,0.0,6.1309110149931076e-15,2.69143778848302e-13,0.0,0.0,0.0,0.0,,,0.0,300.0,67.42121696157638,0.0,0.0
optimal@10s+aware,0,350,3009,2231,0.7414423396477235,0.2585576603522765,0.1811232967763376,0.0774343635759388,0.0,381.34522960683273,365.3023969211454,579.3654912130651,334.55160149066376,892.4,81.9359031824294,299.40932642440333,0.0241135124844705,0.1459553981303168,0.8299310893852127,1123,32.81389136242208,0.0888300979472591,0.1733620001868984,0.0564214463840399,6.209262074057393,0.0002215449186782,0.0489759572573463,3009,0.0,0.7414423396477235,0.0,0.0,1.0,23322.7461910548,0.0,1.827712740853104e-15,2.77596164094254e-13,0.0,0.0,0.0,0.0,,,0.0,350.0,66.63641768872799,0.0,0.0
optimal@10s+aware,1,350,3009,2242,0.7450980392156863,0.2549019607843137,0.1542040545031572,0.1006979062811565,0.0,376.776744622357,363.9212491831004,559.5719431272023,326.36109239032737,896.8,68.6757359500446,308.1010086723124,0.0171945564538035,0.1547512939515925,0.8280541495946039,1105,28.85339366515837,0.0911673303183952,0.1774799999111566,0.0465686274509803,7.408834625729742,0.0003030233183107,0.0552036199095022,3009,0.0,0.7450980392156863,0.0,0.0,1.0,23116.28851021252,0.0,-6.679165100867133e-15,2.706670253176783e-13,0.0,0.0,0.0,0.0,,,0.0,350.0,66.04653860060719,0.0,0.0
optimal@10s+aware,2,350,3009,2197,0.730142904619475,0.2698570953805251,0.1821203057494184,0.0877367896311066,0.0,385.7506991241206,369.5826171468725,577.7045635297202,334.8958582434123,878.8,79.69959035047792,306.0511087736427,0.0212629024607801,0.1484778120915883,0.8302592854476315,1118,32.7093023255814,0.0884038461554285,0.167375000260108,0.0494799873936337,5.981266194107141,0.0002138136260246,0.0536672629695885,3009,0.0,0.730142904619475,0.0,0.0,1.0,23074.78749541012,0.0,7.347988601032989e-15,2.6890662861861305e-13,0.0,0.0,0.0,0.0,,,0.0,350.0,65.92796427260033,0.0,0.0
optimal@10s+aware,3,350,3009,2256,0.7497507477567298,0.2502492522432702,0.164506480558325,0.0857427716849451,0.0,381.30450139431406,367.0258247845745,578.9930617688806,334.0004087684254,902.4,77.10106382978724,304.20343756452684,0.0185178009536736,0.152241430707351,0.8292407683389752,1090,32.12018348623853,0.0932216513862231,0.1705770000035044,0.0502169869807811,8.15424874766432,0.0002978846315354,0.0541284403669724,3009,0.0,0.7497507477567298,0.0,0.0,1.0,23224.31538006984,0.0,4.425144254179702e-16,2.749589366277688e-13,0.0,0.0,0.0,0.0,,,0.0,350.0,66.35518680019953,0.0,0.0
optimal@10s+aware,4,350,3009,2230,0.7411100033233633,0.2588899966766367,0.1621801262878032,0.0967098703888335,0.0,384.16204917803617,363.5045186728749,578.0649039623262,333.35764513215133,892.0,77.27488789237668,306.8871612856595,0.0222757356114669,0.1522045970815366,0.8255196673069963,1103,31.76337262012693,0.0859437896673104,0.1807919997372664,0.0515273063869176,7.249028459391323,0.0002677848791591,0.0607434270172257,3009,0.0,0.7411100033233633,0.0,0.0,1.0,23156.66920570435,0.0,-5.231888664206657e-15,2.749003814817866e-13,0.0,0.0,0.0,0.0,,,0.0,350.0,66.16191201629815,0.0,0.0
optimal@10s+aware,5,350,3009,2220,0.7377866400797607,0.2622133599202393,0.1754735792622133,0.0867397806580259,0.0,373.8144768159997,359.2674756917568,561.6905665422447,327.2771457550663,888.0,75.71531531531531,298.0991615006844,0.0248335521905107,0.1464997313048536,0.8286667165046355,1104,31.80253623188406,0.0895024456586112,0.1831560001119216,0.0475594493116395,5.782347391536092,0.0002134384310922,0.0416666666666666,3009,0.0,0.7377866400797607,0.0,0.0,1.0,23115.276463316037,0.0,4.8097661989346425e-15,2.777301911972753e-13,0.0,0.0,0.0,0.0,,,0.0,350.0,66.04364703804582,0.0,0.0
optimal@10s+aware,0,400,3009,2486,0.826188102359588,0.1738118976404121,0.0787637088733798,0.0950481887670322,0.0,346.3811517958231,340.18249058336323,531.3484888521721,309.1994758111167,994.4,42.574818986323415,303.8063328094997,0.0385633020799616,0.1581567273505688,0.8032799705694694,1090,18.402752293577983,0.0901672476988547,0.1618550000830509,0.0580281690140845,8.587746832197002,0.0005774382268333,0.0688073394495412,3009,0.0,0.826188102359588,0.0,0.0,1.0,25879.883989615908,0.0,-1.493040070767025e-15,2.7311414951360534e-13,0.0,0.0,0.0,0.0,,,0.0,400.0,64.69970997403976,0.0,0.0
optimal@10s+aware,1,400,3009,2484,0.8255234297108675,0.1744765702891326,0.0664672648720505,0.108009305417082,0.0,346.33817415174667,334.5671606471901,534.9335382481405,306.62075708434355,993.6,39.43719806763285,306.90097608411384,0.0328164494974306,0.1612357968169081,0.8059477536856612,1100,16.939090909090908,0.0933567272667542,0.1581060001308287,0.0475922275415375,10.642182648701157,0.0007844688071031,0.0836363636363636,3009,0.0,0.8255234297108675,0.0,0.0,1.0,25794.51682329271,0.0,2.073846551634753e-15,2.700319838908584e-13,0.0,0.0,0.0,0.0,,,0.0,400.0,64.48629205823177,0.0,0.0
optimal@10s+aware,2,400,3009,2463,0.8185443668993021,0.1814556331006979,0.0814223994682618,0.100033233632436,0.0,359.5288874646667,352.6064721939965,544.5808299864782,318.4008530272206,985.2,46.27446203816484,313.2544254265019,0.0342872065502058,0.1599728152556035,0.8057399781941906,1088,19.61488970588235,0.0898286764744264,0.1796690002720423,0.0555555555555555,9.405193183831573,0.0005878006049511,0.0762867647058823,3009,0.0,0.8185443668993021,0.0,0.0,1.0,25613.821352737454,0.0,-5.107656977926339e-15,2.700394155590421e-13,0.0,0.0,0.0,0.0,,,0.0,400.0,64.03455338184364,0.0,0.0
optimal@10s+aware,3,400,3009,2501,0.8311731472249917,0.1688268527750083,0.0714523097374543,0.097374543037554,0.0,349.03372125485777,342.5944791147649,537.2335052990165,312.64294224173545,1000.4,45.19392243102759,303.83979882383017,0.0319472346134422,0.1591626652161107,0.808890100170447,1081,19.20351526364477,0.0941074930611567,0.1645600001211279,0.053475935828877,8.669490881389528,0.0005566359962324,0.0804810360777058,3009,0.0,0.8311731472249917,0.0,0.0,1.0,25750.22549868511,0.0,-1.1525810738093758e-14,2.699988706555279e-13,0.0,0.0,0.0,0.0,,,0.0,400.0,64.37556374671279,0.0,0.0
optimal@10s+aware,4,400,3009,2492,0.8281821203057494,0.1718178796942505,0.0621468926553672,0.1096709870388833,0.0,334.73426250292385,323.9726382742301,521.9578669941092,295.65281226769685,996.8,38.68900481540931,296.0452576875145,0.0380794459580188,0.1571933891582561,0.8047271648837251,1078,16.583487940630796,0.0867603896119543,0.1495519999843964,0.0547027630477253,7.74935934131481,0.000588061962284,0.0658627087198515,3009,0.0,0.8281821203057494,0.0,0.0,1.0,25697.58635679541,0.0,-1.1361698099197667e-14,2.718731250472608e-13,0.0,0.0,0.0,0.0,,,0.0,400.0,64.24396589198852,0.0,0.0
optimal@10s+aware,5,400,3009,2476,0.8228647391159853,0.1771352608840146,0.0744433366566965,0.102691924227318,0.0,345.2289011716993,335.9102491387075,531.7821961615145,308.2258949323158,990.4,41.13691437802908,304.09198679367023,0.0409615218802065,0.1580339026480328,0.8010045754717606,1104,18.213768115942027,0.0898012681256719,0.1516940000692557,0.0533596837944664,9.040119019019295,0.0006140213517064,0.0733695652173913,3009,0.0,0.8228647391159853,0.0,0.0,1.0,25769.433004767896,0.0,1.8507543370762627e-14,2.6706405889482337e-13,0.0,0.0,0.0,0.0,,,0.0,400.0,64.42358251191973,0.0,0.0
optimal@10s+aware,0,450,3009,2705,0.8989697573944833,0.1010302426055167,0.0212695247590561,0.0797607178464606,0.0,293.9146510849683,280.906722834674,493.6611568131704,271.3269823320544,1082.0,20.021811460258785,273.8928396247095,0.0719793280306342,0.1487701036186212,0.7792505683507445,1073,9.36067101584343,0.0936173345790252,0.1463080000030457,0.0509708737864077,8.134978728999402,0.0012562177754655,0.0857409133271202,3009,0.0,0.8989697573944833,0.0,0.0,1.0,28080.986321878016,0.0,-4.949583564940707e-15,2.7011188521047895e-13,0.0,0.0,0.0,0.0,,,0.0,450.0,62.40219182639559,0.0,0.0
optimal@10s+aware,1,450,3009,2692,0.8946493851777999,0.1053506148222,0.0159521435692921,0.0893984712529079,0.0,275.2827781124953,256.65627497676087,475.7490533926786,252.5488016380735,1076.8,16.706909361069837,258.5758687514256,0.0788887149409776,0.1408907626610278,0.7802205223979944,1072,8.300373134328359,0.0931610074743859,0.1750309999761155,0.0479138627187079,9.524370493165604,0.0017511174936201,0.0848880597014925,3009,0.0,0.8946493851777999,0.0,0.0,1.0,28031.04920047668,0.0,3.3333085342609087e-15,2.6270450236507013e-13,0.0,0.0,0.0,0.0,,,0.0,450.0,62.29122044550374,0.0,0.0
optimal@10s+aware,2,450,3009,2683,0.8916583582585577,0.1083416417414423,0.0312396144898637,0.0771020272515786,0.0,286.98019194299843,271.4155996473746,490.8726000935756,265.8002049962967,1073.2,18.65821841222512,268.32197353077333,0.0805531708759352,0.1445339845638782,0.7749128445601866,1074,9.726256983240225,0.0894797951545694,0.1497449998805677,0.0518739815317762,7.159227709945583,0.0010545540577311,0.0679702048417132,3009,0.0,0.8916583582585577,0.0,0.0,1.0,27850.18864125457,0.0,7.358010337187731e-15,2.64275618409774e-13,0.0,0.0,0.0,0.0,,,0.0,450.0,61.88930809167682,0.0,0.0
optimal@10s+aware,3,450,3009,2686,0.8926553672316384,0.1073446327683615,0.0189431704885343,0.0884014622798271,0.0,277.5182481944675,258.2340615318203,483.01704837523175,255.42557205474583,1074.4,17.300074460163813,260.2181737343037,0.0805236891583968,0.1415041421861396,0.7779721686554635,1074,8.840782122905027,0.0873396647956228,0.1534999997920749,0.0524193548387096,9.030978720186322,0.0015158158669552,0.0716945996275605,3009,0.0,0.8926553672316384,0.0,0.0,1.0,27865.549515774088,0.0,-1.1987101970420416e-14,2.638541325529033e-13,0.0,0.0,0.0,0.0,,,0.0,450.0,61.92344336838686,0.0,0.0
optimal@10s+aware,4,450,3009,2707,0.8996344300432038,0.1003655699567962,0.0202725157859754,0.0800930541708208,0.0,278.6650475971889,265.20410374207586,478.4224344515816,258.3816215840097,1082.8,17.490579977835242,261.17446761935366,0.0719186028125447,0.1434196583847341,0.784661738802721,1074,8.90316573556797,0.0857418063348413,0.1426080001238006,0.0504587155963302,7.271953172970246,0.0012099489264182,0.0679702048417132,3009,0.0,0.8996344300432038,0.0,0.0,1.0,28056.643233457755,0.0,9.657094727385956e-15,2.642601484679632e-13,0.0,0.0,0.0,0.0,,,0.0,450.0,62.348096074350565,0.0,0.0
optimal@10s+aware,5,450,3009,2720,0.903954802259887,0.096045197740113,0.0149551345962113,0.0810900631439016,0.0,270.48422811097134,249.53565075247616,469.7489129155146,250.56982686389324,1088.0,16.01360294117647,254.47062516979489,0.081293977506198,0.1407290183635532,0.7779770041302487,1073,8.199440820130475,0.0889401677533493,0.1612679997924713,0.0370673207958571,6.719080852883317,0.0012535461801791,0.0633737185461323,3009,0.0,0.903954802259887,0.0,0.0,1.0,28065.219489540505,0.0,1.3571823403675111e-14,2.670938633662993e-13,0.0,0.0,0.0,0.0,,,0.0,450.0,62.36715442120112,0.0,0.0
optimal@10s+aware,0,500,3009,2800,0.9305417082087072,0.0694582917912927,0.007976071784646,0.0614822200066467,0.0,237.47951253759268,213.39182693547536,438.4098920227791,224.5267739912868,1120.0,9.948214285714286,227.5312982518784,0.1504692844924871,0.1202165411122903,0.7293141743952225,1067,5.765698219306467,0.09068294283421,0.1468859999386038,0.0536520584329349,9.045495901523855,0.0030392565197133,0.0702905342080599,3009,0.0,0.9305417082087072,0.0,0.0,1.0,29082.249056052788,0.0,3.3092576298291277e-15,2.675778646274044e-13,0.0,0.0,0.0,0.0,,,0.0,500.0,58.164498112105576,0.0,0.0
optimal@10s+aware,1,500,3009,2834,0.9418411432369558,0.0581588567630442,0.0089730807577268,0.0491857760053173,0.0,218.48858287510157,195.4847497953342,405.46664899171975,209.1736171428039,1133.6,9.136556104446012,209.35202677065547,0.1462896464117478,0.1139857613321962,0.7397245922560559,1067,5.655107778819119,0.0928800374912811,0.1649480000742181,0.0529677934522225,6.919831461335072,0.0025017450141058,0.0627928772258669,3009,0.0,0.9418411432369558,0.0,0.0,1.0,29504.799170625083,0.0,7.275604097861119e-16,2.6559214327540604e-13,0.0,0.0,0.0,0.0,,,0.0,500.0,59.00959834125016,0.0,0.0
optimal@10s+aware,2,500,3009,2827,0.939514788966434,0.0604852110335659,0.010634762379528,0.0498504486540378,0.0,224.7708313386056,197.6601379243384,416.4687948502877,214.7711032811648,1130.8,10.14821365405023,214.6226176845553,0.1484428790774235,0.1153999073255481,0.7361572135970285,1069,5.964452759588401,0.0925250701580191,0.1776719999179475,0.0449166218396987,4.596046059968146,0.0014790903632953,0.0561272217025257,3009,0.0,0.939514788966434,0.0,0.0,1.0,29269.897970845468,0.0,3.4367823604880333e-15,2.654710943860184e-13,0.0,0.0,0.0,0.0,,,0.0,500.0,58.53979594169094,0.0,0.0
optimal@10s+aware,3,500,3009,2821,0.9375207710202724,0.0624792289797274,0.0049850448654037,0.0574941841143236,0.0,231.33624874534905,207.36650137373,432.5789783681767,219.6836152184912,1128.4,10.320099255583129,221.01614948976592,0.1502184153652358,0.1177498446389444,0.7320317399958197,1063,5.742238946378175,0.1029482596514717,0.158495999694423,0.0545262043409211,7.46528588816824,0.002570986338276,0.0592662276575729,3009,0.0,0.9375207710202724,0.0,0.0,1.0,29076.42624902947,0.0,3.486911023813856e-15,2.659922776346527e-13,0.0,0.0,0.0,0.0,,,0.0,500.0,58.15285249805894,0.0,0.0
optimal@10s+aware,4,500,3009,2829,0.9401794616151544,0.0598205383848454,0.006646726487205,0.0531738118976404,0.0,228.3784078612881,203.35807504491092,414.6767482141568,216.8669928215627,1131.6,10.741958289148108,217.63644957214004,0.1473301150752995,0.1160144741766133,0.736655410748087,1072,5.718283582089552,0.0994974813354745,0.1693030001842998,0.0498400852878464,6.838928550770515,0.0023675763617089,0.064365671641791,3009,0.0,0.9401794616151544,0.0,0.0,1.0,29286.03579106312,0.0,5.434088433149388e-15,2.601526079905707e-13,0.0,0.0,0.0,0.0,,,0.0,500.0,58.57207158212624,0.0,0.0
optimal@10s+aware,5,500,3009,2836,0.9425058158856764,0.0574941841143236,0.0046527085410435,0.0528414755732801,0.0,229.78099370751465,206.5246831323905,416.6778400260714,218.4945804740896,1134.4,11.162200282087449,218.6187934254272,0.1488193832883549,0.1173149751499011,0.7338656415617439,1066,5.845215759849906,0.0996409005642945,0.1722900002278037,0.0490405117270788,6.788224879438172,0.0022707161536319,0.0600375234521576,3009,0.0,0.9425058158856764,0.0,0.0,1.0,29330.2975418985,0.0,7.962287779427356e-15,2.694619327857919e-13,0.0,0.0,0.0,0.0,,,0.0,500.0,58.660595083797,0.0,0.0
batched_greedy@30s+aware,0,300,3009,1975,0.6563642406114988,0.3436357593885011,0.2997673645729478,0.0438683948155533,0.0,386.7150609462451,366.69553999638447,588.7483760311343,340.8864015289509,790.0,111.99037974683544,274.7246811994097,0.0169995180956237,0.1343820483173529,0.8486184335870234,371,50.16711590296496,0.0637681940629112,0.1595700000962098,0.0491507047343693,,,,3009,0.0,0.6563642406114988,0.0,0.0,1.0,20409.799125538208,0.0,7.256979827190341e-15,2.742690462928064e-13,0.0,0.0,0.0,0.0,,,0.0,300.0,68.03266375179402,0.0,0.0
batched_greedy@30s+aware,1,300,3009,1963,0.6523762047191758,0.3476237952808242,0.2911266201395812,0.0564971751412429,0.0,380.0806488600769,357.3410636785311,577.8213374641549,333.7560417245367,785.2,105.65002547121752,274.4306233888593,0.0124568788682914,0.1343834030292487,0.8531597181024597,371,48.25067385444744,0.0609708894912569,0.1927599998452933,0.0596119929453262,,,,3009,0.0,0.6523762047191758,0.0,0.0,1.0,20406.24379739057,0.0,1.824317569144628e-15,2.7744105761864573e-13,0.0,0.0,0.0,0.0,,,0.0,300.0,68.02081265796856,0.0,0.0
batched_greedy@30s+aware,2,300,3009,1931,0.6417414423396477,0.3582585576603522,0.3160518444666002,0.042206713193752,0.0,380.41643980190565,361.7609168444451,571.2497231718689,333.28320051147693,772.4,108.19161056447436,272.2248292374313,0.018486484032037,0.1304489081338678,0.8510646078340951,367,49.82833787465941,0.0569297002750828,0.1529159999518014,0.0549651887138145,,,,3009,0.0,0.6417414423396477,0.0,0.0,1.0,20292.588510692414,0.0,6.800935325575377e-15,2.747815209732641e-13,0.0,0.0,0.0,0.0,,,0.0,300.0,67.64196170230807,0.0,0.0
batched_greedy@30s+aware,3,300,3009,1952,0.648720505151213,0.3512794948487869,0.3007643735460286,0.0505151213027583,0.0,384.5601557931518,357.51938329767336,590.5716878194626,336.26425887888706,780.8,112.1121926229508,272.447963170201,0.0167635035426005,0.1322285313519809,0.8510079651054184,371,49.91644204851752,0.0668339622669529,0.1819100002194318,0.0490730643402399,,,,3009,0.0,0.648720505151213,0.0,0.0,1.0,20403.23475563001,0.0,-3.3561496023094897e-15,2.7572115810903973e-13,0.0,0.0,0.0,0.0,,,0.0,300.0,68.0107825187667,0.0,0.0
batched_greedy@30s+aware,4,300,3009,1960,0.651379195746095,0.3486208042539049,0.2944499833831838,0.0541708208707211,0.0,379.9595249377739,355.4410824662932,567.3422879750626,331.13333578357015,784.0,109.63469387755102,270.32483106022283,0.014143561982676,0.1309020623754273,0.8549543756418967,366,49.23497267759563,0.0652732240423028,0.1523449999695004,0.0516129032258064,,,,3009,0.0,0.651379195746095,0.0,0.0,1.0,20303.61833566601,0.0,-9.69745825590953e-16,2.852339679641457e-13,0.0,0.0,0.0,0.0,,,0.0,300.0,67.67872778555338,0.0,0.0
batched_greedy@30s+aware,5,300,3009,1960,0.651379195746095,0.3486208042539049,0.2967763376537055,0.0518444666001994,0.0,385.2059062700488,360.2917406495672,586.4317589266833,337.46540933943584,784.0,111.33010204081631,273.8758042292325,0.0162370096412855,0.1334486950037657,0.8503142953549487,371,49.307277628032345,0.0674884096984024,0.1604399999905582,0.0490687679083094,,,,3009,0.0,0.651379195746095,0.0,0.0,1.0,20370.094589569584,0.0,-8.881784197001252e-16,2.8060275191856653e-13,0.0,0.0,0.0,0.0,,,0.0,300.0,67.90031529856529,0.0,0.0
batched_greedy@30s+aware,0,350,3009,2250,0.7477567298105683,0.2522432701894317,0.1827849783981389,0.0694582917912927,0.0,364.88974452419393,345.3561978260932,568.1615311342465,325.0248493003003,900.0,85.20533333333333,279.6844111908606,0.025795960913623,0.1423419760383184,0.8318620630480585,365,37.90684931506849,0.0678460273999531,0.1653799996893212,0.0566687539135879,,,,3009,0.0,0.7477567298105683,0.0,0.0,1.0,23261.992423146294,0.0,1.919649624445204e-15,2.735088205301711e-13,0.0,0.0,0.0,0.0,,,0.0,350.0,66.4628354947037,0.0,0.0
batched_greedy@30s+aware,1,350,3009,2260,0.7510800930541708,0.2489199069458292,0.1768029245596543,0.0721169823861748,0.0,363.4768393175034,348.1678701957708,555.871999026598,324.1493317881911,904.0,77.98761061946902,285.4892286980344,0.0191913784317555,0.1475877511702773,0.8332208703979671,369,35.71815718157182,0.0684531165451662,0.187548000121751,0.0497030321975617,,,,3009,0.0,0.7510800930541708,0.0,0.0,1.0,23334.956425135715,0.0,1.2582265612884606e-14,2.747599591307375e-13,0.0,0.0,0.0,0.0,,,0.0,350.0,66.67130407181634,0.0,0.0
batched_greedy@30s+aware,2,350,3009,2204,0.7324692588899967,0.2675307411100033,0.2116982386174808,0.0558325024925224,0.0,365.60165661561865,347.66274089915623,556.3159552316077,328.86038035883263,881.6,84.08892921960073,281.5127273960179,0.0228625575792093,0.1388342281129013,0.8383032143078893,369,39.44715447154472,0.0713360433346827,0.1794959999278943,0.0470127326150832,,,,3009,0.0,0.7324692588899967,0.0,0.0,1.0,23291.145147912925,0.0,-2.272834068561119e-16,2.7580116049414105e-13,0.0,0.0,0.0,0.0,,,0.0,350.0,66.54612899403692,0.0,0.0
batched_greedy@30s+aware,3,350,3009,2249,0.747424393486208,0.2525756065137919,0.1857760053173812,0.0667996011964107,0.0,367.6125955307008,351.82618329746674,561.4875529188199,327.91848675313486,899.6,85.8568252556692,281.75577027503164,0.0230977756668051,0.1426281643367938,0.834274059996401,361,39.00554016620499,0.0709310249345395,0.1780600001438869,0.0510139416983523,,,,3009,0.0,0.747424393486208,0.0,0.0,1.0,23326.34881078158,0.0,-2.544479127669145e-15,2.766168303257703e-13,0.0,0.0,0.0,0.0,,,0.0,350.0,66.64671088794736,0.0,0.0
batched_greedy@30s+aware,4,350,3009,2258,0.7504154204054503,0.2495845795945497,0.1748089066134928,0.0747756729810568,0.0,361.40057314788055,346.24147928228103,558.3447656223624,319.55089007343554,903.2,81.47519929140833,279.9253738564722,0.0216148783934829,0.1436871727532319,0.8346979488532851,368,36.02989130434783,0.0671817934872983,0.1760899998635067,0.0536494073611977,,,,3009,0.0,0.7504154204054503,0.0,0.0,1.0,23314.33623598185,0.0,-4.486913743808383e-15,2.7413756728684976e-13,0.0,0.0,0.0,0.0,,,0.0,350.0,66.61238924566243,0.0,0.0
batched_greedy@30s+aware,5,350,3009,2255,0.7494184114323695,0.2505815885676304,0.1787969425058158,0.0717846460618145,0.0,364.3795907293509,348.24780076579646,546.0695765575081,324.0040242352308,902.0,82.14767184035476,282.2319188889962,0.0285152816645531,0.1440628036498601,0.8274219146855867,365,36.96438356164384,0.0699219178050168,0.186907999941468,0.0459697732997481,,,,3009,0.0,0.7494184114323695,0.0,0.0,1.0,23151.095478947427,0.0,-4.1317036020639976e-15,2.769044909602917e-13,0.0,0.0,0.0,0.0,,,0.0,350.0,66.14598708270692,0.0,0.0
batched_greedy@30s+aware,0,400,3009,2487,0.8265204386839482,0.1734795613160518,0.0950481887670322,0.0784313725490196,0.0,329.68300066374974,309.4564923760013,531.0482549290962,299.9746996223941,994.8,56.00080418174508,273.68219648200466,0.0435203973991206,0.1439813294180721,0.8124982731828073,366,26.193989071038253,0.0710677595746302,0.1875050001672207,0.0505196304849884,,,,3009,0.0,0.8265204386839482,0.0,0.0,1.0,26112.018077347584,0.0,5.6878953140164735e-15,2.786875854512769e-13,0.0,0.0,0.0,0.0,,,0.0,400.0,65.28004519336896,0.0,0.0
batched_greedy@30s+aware,1,400,3009,2503,0.8318378198737122,0.1681621801262878,0.0860751080093054,0.0820870721169823,0.0,334.9826394282556,318.6382959871862,529.8533582693104,305.87652515758447,1001.2,54.147023571713945,280.83561585654166,0.0403670493738717,0.1500076861567814,0.8096252644693469,365,25.96712328767123,0.0784402739766734,0.2864360001694878,0.0508862206975414,,,,3009,0.0,0.8318378198737122,0.0,0.0,1.0,25928.10431037163,0.0,-5.817692844979446e-15,2.6694427731013563e-13,0.0,0.0,0.0,0.0,,,0.0,400.0,64.82026077592907,0.0,0.0
batched_greedy@30s+aware,2,400,3009,2481,0.8245264207377866,0.1754735792622133,0.1016949152542373,0.073778664007976,0.0,335.67913982655244,318.28396411862377,539.7678505790182,306.80907174264536,992.4,58.44619105199517,277.23294877455726,0.0429171116895672,0.1441339221842292,0.8129489661262035,362,27.74585635359116,0.073944475145294,0.1895449999756237,0.0536231884057971,,,,3009,0.0,0.8245264207377866,0.0,0.0,1.0,25910.738268627832,0.0,1.89091431392828e-15,2.694055288317817e-13,0.0,0.0,0.0,0.0,,,0.0,400.0,64.77684567156957,0.0,0.0
batched_greedy@30s+aware,3,400,3009,2527,0.8398138916583583,0.1601861083416417,0.0877367896311066,0.072449318710535,0.0,330.31949160030246,311.91237177562834,529.8824208509195,302.70007742749664,1010.8,56.14562722595964,274.1738643743428,0.0401861645310679,0.146774135852315,0.8130396996166169,360,26.355555555555554,0.0753344444433423,0.1947050002445394,0.0496698248636233,,,,3009,0.0,0.8398138916583583,0.0,0.0,1.0,25938.99568079872,0.0,-2.518672954321764e-15,2.716335708445609e-13,0.0,0.0,0.0,0.0,,,0.0,400.00000000000006,64.8474892019968,0.0,0.0
batched_greedy@30s+aware,4,400,3009,2492,0.8281821203057494,0.1718178796942505,0.0820870721169823,0.0897308075772682,0.0,328.6921707139065,313.72803093431594,527.1434168162184,297.33030869885545,996.8,52.340288924558585,276.3518817893479,0.0426784242253523,0.1464399097579399,0.8108816660167077,360,25.29722222222222,0.0740066666720748,0.1962759999696573,0.0508426163953156,,,,3009,0.0,0.8281821203057494,0.0,0.0,1.0,25866.789397725977,0.0,2.498447320263996e-15,2.7283971408186217e-13,0.0,0.0,0.0,0.0,,,0.0,400.0,64.66697349431495,0.0,0.0
batched_greedy@30s+aware,5,400,3009,2497,0.8298438019275507,0.1701561980724493,0.0977068793619142,0.072449318710535,0.0,336.19778499447244,317.491231551513,531.6415705546119,308.438226774047,998.8,56.10973167801362,280.0880533164588,0.0469577752700999,0.1464924711757408,0.8065497535541593,368,26.63586956521739,0.0732285326087687,0.18245199998546,0.0429071803852889,,,,3009,0.0,0.8298438019275507,0.0,0.0,1.0,25837.864227570422,0.0,-1.2613058375076669e-15,2.721724416617151e-13,0.0,0.0,0.0,0.0,,,0.0,400.0,64.59466056892607,0.0,0.0
batched_greedy@30s+aware,0,450,3009,2681,0.8909936856098372,0.1090063143901628,0.03954802259887,0.0694582917912927,0.0,284.7157902865685,264.33081219825726,498.3410482869108,265.972064950611,1072.4,35.85900783289817,248.85678245367032,0.0877765946489123,0.1333598005952119,0.7788636047558758,361,18.36288088642659,0.08741052631756,0.2124400002685433,0.0538398469527193,,,,3009,0.0,0.8909936856098372,0.0,0.0,1.0,27924.858693402017,0.0,-8.021847929587377e-15,2.699127340465179e-13,0.0,0.0,0.0,0.0,,,0.0,450.0,62.05524154089337,0.0,0.0
batched_greedy@30s+aware,1,450,3009,2701,0.8976404120970423,0.1023595879029578,0.0345629777334662,0.0677966101694915,0.0,281.5129677985951,258.33179110932633,488.1478323370966,264.5849794384844,1080.4,34.89152165864495,246.62144613995017,0.0817584867950873,0.1327703964693193,0.7854711167355932,361,18.166204986149584,0.082152077557817,0.2015200000641925,0.0520577814118288,,,,3009,0.0,0.8976404120970423,0.0,0.0,1.0,28201.09341344474,0.0,-3.965728153122366e-16,2.699700679390169e-13,0.0,0.0,0.0,0.0,,,0.0,450.0,62.66909647432165,0.0,0.0
batched_greedy@30s+aware,2,450,3009,2686,0.8926553672316384,0.1073446327683615,0.0392156862745098,0.0681289464938517,0.0,289.9999887110736,271.2734031925411,502.5309529380406,271.86502059385987,1074.4,38.59717051377513,251.4028181972985,0.0854097980475906,0.1333680925488942,0.7812221094035151,360,19.33888888888889,0.0856569444535024,0.2045159997987871,0.0483516483516483,,,,3009,0.0,0.8926553672316384,0.0,0.0,1.0,27964.5199339718,0.0,2.639735042615823e-15,2.682169866368659e-13,0.0,0.0,0.0,0.0,,,0.0,450.0,62.14337763104844,0.0,0.0
batched_greedy@30s+aware,3,450,3009,2710,0.9006314390162845,0.0993685609837155,0.0279162512462612,0.0714523097374543,0.0,281.42755543383214,263.37240668526374,486.33370867117776,263.46359456190515,1084.0,30.955350553505536,250.4722048803266,0.0815931049799535,0.1365758577067804,0.781831037313266,361,16.65927977839335,0.0836916897342965,0.190620000103081,0.0440131219245489,,,,3009,0.0,0.9006314390162845,0.0,0.0,1.0,28124.93452319633,0.0,-3.8319491081674765e-15,2.654571929226249e-13,0.0,0.0,0.0,0.0,,,0.0,450.0,62.49985449599185,0.0,0.0
batched_greedy@30s+aware,4,450,3009,2705,0.8989697573944833,0.1010302426055167,0.0282485875706214,0.0727816550348953,0.0,277.8517738304705,259.1229757699721,480.1841850682434,259.20208081982247,1082.0,30.71792975970425,247.13384407076623,0.0802345544569779,0.134693809074097,0.785071636468925,360,16.369444444444444,0.0854499999857378,0.2121170000327769,0.0468920392584514,,,,3009,0.0,0.8989697573944833,0.0,0.0,1.0,28057.1385337329,0.0,-6.4930603510425055e-15,2.586884495893395e-13,0.0,0.0,0.0,0.0,,,0.0,450.0,62.34919674162867,0.0,0.0
batched_greedy@30s+aware,5,450,3009,2719,0.9036224659355268,0.0963775340644732,0.0325689597873047,0.0638085742771684,0.0,282.38038129494174,258.9447521095444,494.3282202462841,266.7310687406324,1087.6,32.128356013240165,250.2520252817016,0.0822741562153494,0.1361179366137981,0.7816079071708524,361,17.534626038781163,0.0821930747774269,0.1911199998176016,0.0421371522996419,,,,3009,0.0,0.9036224659355268,0.0,0.0,1.0,28185.32756929052,0.0,3.960380713661022e-15,2.6698401570540094e-13,0.0,0.0,0.0,0.0,,,0.0,450.0,62.63406126509004,0.0,0.0
batched_greedy@30s+aware,0,500,3009,2809,0.9335327351279494,0.0664672648720505,0.0179461615154536,0.0485211033565968,0.0,238.1573402991528,213.3577872920414,440.78498955088656,228.189335277267,1123.6,23.68529725881097,214.4720430403418,0.1578834477063969,0.1133251375099765,0.7287914147836265,360,13.90277777777778,0.0980427777815546,0.2121990000159716,0.0538873994638069,,,,3009,0.0,0.9335327351279494,0.0,0.0,1.0,29058.05358134962,0.0,4.712973810907874e-15,2.704594983160151e-13,0.0,0.0,0.0,0.0,,,0.0,500.0,58.11610716269925,0.0,0.0
batched_greedy@30s+aware,1,500,3009,2833,0.9415088069125956,0.0584911930874044,0.0109670987038883,0.0475240943835161,0.0,229.83454459208727,200.5707726682831,429.3732290731914,220.73848451842545,1133.2,23.32721496646664,206.50732962562063,0.1499015455367555,0.1106052794082306,0.7394931750550138,360,13.47222222222222,0.1012058333205661,0.2156659998627222,0.043361163479666,,,,3009,0.0,0.9415088069125956,0.0,0.0,1.0,29422.821245605068,0.0,-2.122630423783868e-15,2.637954176391489e-13,0.0,0.0,0.0,0.0,,,0.0,500.0,58.845642491210135,0.0,0.0
batched_greedy@30s+aware,2,500,3009,2819,0.936856098371552,0.0631439016284479,0.0112994350282485,0.0518444666001994,0.0,232.8026331489044,206.12424228977036,425.7393432394799,222.5985699047222,1127.6,22.553387726144024,210.2492454227604,0.1522459274142789,0.1114867162918968,0.7362673562938242,362,13.160220994475138,0.1038237569019099,0.2168450000317533,0.0459677419354838,,,,3009,0.0,0.936856098371552,0.0,0.0,1.0,29284.620609170688,0.0,9.440400847632086e-15,2.6701214256066843e-13,0.0,0.0,0.0,0.0,,,0.0,500.0,58.569241218341375,0.0,0.0
batched_greedy@30s+aware,3,500,3009,2804,0.9318710535061482,0.0681289464938517,0.0142904619474908,0.0538384845463609,0.0,235.3559516664256,207.0241409300991,443.30700916831495,224.6917306003413,1121.6,23.52353780313837,211.8324138632872,0.1551306741621823,0.1123080671431093,0.7325612586947083,360,13.716666666666669,0.1035855555667492,0.2064000000245869,0.0496377783740273,,,,3009,0.0,0.9318710535061482,0.0,0.0,1.0,29049.50085354469,0.0,1.6677418678898465e-14,2.6705314136955697e-13,0.0,0.0,0.0,0.0,,,0.0,500.0,58.09900170708939,0.0,0.0
batched_greedy@30s+aware,4,500,3009,2820,0.9371884346959124,0.0628115653040877,0.0099700897308075,0.0528414755732801,0.0,232.36357461985293,206.3981622058891,425.1652333948002,221.6246635333216,1128.0,23.708156028368798,208.6554185914841,0.1513380009045891,0.110125413787002,0.7385365853084088,360,13.3,0.1032311111000833,0.2115290001711402,0.0464055793991416,,,,3009,0.0,0.9371884346959124,0.0,0.0,1.0,29293.48317192628,0.0,4.405144491892128e-15,2.653992077327517e-13,0.0,0.0,0.0,0.0,,,0.0,500.0,58.58696634385255,0.0,0.0
batched_greedy@30s+aware,5,500,3009,2834,0.9418411432369558,0.0581588567630442,0.0086407444333665,0.0495181123296776,0.0,236.1971019294533,210.379840766946,430.4870839415311,226.5016750431661,1133.6,23.87861679604799,212.31848513340532,0.1573977350477687,0.1128646666924203,0.7297375982598109,361,13.573407202216066,0.1050617728591094,0.2157800000532006,0.0494652406417112,,,,3009,0.0,0.9418411432369558,0.0,0.0,1.0,29170.723324658087,0.0,-4.3899644368205735e-15,2.689345648865923e-13,0.0,0.0,0.0,0.0,,,0.0,500.0,58.341446649316175,0.0,0.0
optimal@30s+aware,0,300,3009,1976,0.6566965769358591,0.3433034230641409,0.2901296111665005,0.0531738118976404,0.0,389.4415075819987,366.9894473535703,593.5067175164684,341.4822007783368,790.4,112.37246963562752,277.0690379463712,0.0151762789085265,0.1370461711435595,0.8477775499479138,366,50.59562841530055,0.1278737704772742,0.2082299999756292,0.0444763271162123,32.58131449937708,0.0007901064107239,0.2841530054644808,3009,0.0,0.6566965769358591,0.0,0.0,1.0,20366.331889191264,0.0,-8.991008567440083e-15,2.732870160490563e-13,0.0,0.0,0.0,0.0,,,0.0,300.0,67.88777296397087,0.0,0.0
optimal@30s+aware,1,300,3009,1956,0.650049850448654,0.3499501495513459,0.3007643735460286,0.0491857760053173,0.0,386.06623502301375,360.9427343903726,582.4026106756746,335.72117309584365,782.4,109.87883435582822,276.1874006671855,0.0100015520530837,0.1334954557616444,0.8565029921852718,371,48.57412398921833,0.126288140156758,0.2072900001166999,0.0517055655296229,31.79877126946728,0.0008062208417169,0.2560646900269542,3009,0.0,0.650049850448654,0.0,0.0,1.0,20365.923904646897,0.0,8.754642091931706e-16,2.832181206213508e-13,0.0,0.0,0.0,0.0,,,0.0,300.0,67.88641301548967,0.0,0.0
optimal@30s+aware,2,300,3009,1943,0.6457294782319708,0.3542705217680292,0.3037554004652708,0.0505151213027583,0.0,388.2370773995491,371.502249909332,576.5806121826575,336.668971007642,777.2,109.30108080288214,278.93599659666694,0.0155955069668031,0.1342534519845617,0.8501510410486351,370,48.7,0.1287386486502647,0.213649000093028,0.0482233502538071,33.871986349873985,0.0008550870464085,0.254054054054054,3009,0.0,0.6457294782319708,0.0,0.0,1.0,20271.693667701613,0.0,1.468259950631396e-15,2.77486502923873e-13,0.0,0.0,0.0,0.0,,,0.0,300.0,67.57231222567205,0.0,0.0
optimal@30s+aware,3,300,3009,1957,0.6503821867730143,0.3496178132269857,0.2937853107344633,0.0558325024925224,0.0,387.2553786985952,365.9411300897318,588.0028834091448,336.5705997402555,782.8,109.591211037302,277.6641676612932,0.0159150852355686,0.1361803566284501,0.8479045581359811,363,49.900826446281,0.1307556473885615,0.1963379999142489,0.0547210300429184,39.29407754690463,0.0009692063079757,0.3223140495867768,3009,0.0,0.6503821867730143,0.0,0.0,1.0,20347.50850542046,0.0,-8.350783302239298e-16,2.7142224197487e-13,0.0,0.0,0.0,0.0,,,0.0,300.0,67.82502835140154,0.0,0.0
optimal@30s+aware,4,300,3009,1939,0.6444001329345297,0.3555998670654702,0.3010967098703888,0.0545031571950814,0.0,386.6662035445978,366.1014289095001,583.6337650283258,336.47386190401016,775.6,107.10881897885508,279.5573845657427,0.015028680450672,0.1358379616649557,0.8491333578843722,368,49.29347826086956,0.1140660326123689,0.1943489998529908,0.051985559566787,32.3426650540472,0.000805644673902,0.2554347826086957,3009,0.0,0.6444001329345297,0.0,0.0,1.0,20358.112813098465,0.0,-6.874565096884724e-15,2.725347310157307e-13,0.0,0.0,0.0,0.0,,,0.0,300.0,67.86037604366156,0.0,0.0
optimal@30s+aware,5,300,3009,1958,0.6507145230973745,0.3492854769026254,0.2941176470588235,0.0551678298438019,0.0,380.5049486490017,364.2452729842605,565.4688650081583,333.6087669099716,783.2,106.0270684371808,274.4778802118209,0.0160018983137997,0.1334603216478204,0.8505377800383799,370,48.48108108108108,0.1291616216214016,0.2668349999930797,0.0462365591397849,32.92408606432639,0.0008370684503567,0.2432432432432432,3009,0.0,0.6507145230973745,0.0,0.0,1.0,20183.63391630204,0.0,-3.1825637347375277e-15,2.8484489764053897e-13,0.0,0.0,0.0,0.0,,,0.0,300.0,67.27877972100681,0.0,0.0
optimal@30s+aware,0,350,3009,2237,0.743436357593885,0.256563642406115,0.1910933865071452,0.0654702558989697,0.0,371.98363166740415,355.61902204170565,570.2784821885667,331.1083375122764,894.8,88.96647295485025,283.0171587125539,0.0223516714695032,0.1437570499637688,0.8338912785667278,367,39.06267029972752,0.1244528610407093,0.2067179999357902,0.0573589662779703,49.85947703119605,0.0016430837639642,0.3487738419618528,3009,0.0,0.743436357593885,0.0,0.0,1.0,23279.86589072423,0.0,-3.151306266052702e-15,2.7749322236053473e-13,0.0,0.0,0.0,0.0,,,0.0,350.0,66.51390254492638,0.0,0.0
optimal@30s+aware,1,350,3009,2239,0.7441010302426055,0.2558989697573944,0.1791292788301761,0.0767696909272183,0.0,364.6537560539389,349.32884467823897,551.4540770438034,322.87108572309967,895.6,75.65297007592676,289.0007859780121,0.0193178248729123,0.1473807676787945,0.8333014074482932,371,34.935309973045825,0.1173522911084965,0.2023000001372565,0.0473948524795982,56.37684867618649,0.002111655849122,0.3504043126684636,3009,0.0,0.7441010302426055,0.0,0.0,1.0,23194.395304428457,0.0,-2.5007042241132602e-15,2.779526398136853e-13,0.0,0.0,0.0,0.0,,,0.0,350.0,66.26970086979559,0.0,0.0
optimal@30s+aware,2,350,3009,2237,0.743436357593885,0.256563642406115,0.1914257228315055,0.0651379195746095,0.0,364.5256322063039,352.41949172541626,554.8731304693491,325.79003904767217,894.8,78.72910147518999,285.7965307311139,0.0227370954239521,0.1445053398013198,0.8327575647747281,369,36.94579945799458,0.1156910569173288,0.1997359999586477,0.0548335974643423,50.8328490704061,0.0017834098357787,0.3658536585365853,3009,0.0,0.743436357593885,0.0,0.0,1.0,23171.03776103314,0.0,-6.574981953613801e-16,2.75301164669357e-13,0.0,0.0,0.0,0.0,,,0.0,350.0,66.20296503152326,0.0,0.0
optimal@30s+aware,3,350,3009,2242,0.7450980392156863,0.2549019607843137,0.1930874044533067,0.0618145563310069,0.0,370.1861672841064,350.9374017737009,562.8819982905188,329.9112131043868,896.8,85.93621766280107,284.2499496213053,0.0220696385004762,0.1432491300127963,0.8346812314867275,374,37.66042780748664,0.1230334224494393,0.2289329998302488,0.0525477707006369,47.11668515534328,0.0016121038476109,0.3663101604278075,3009,0.0,0.7450980392156863,0.0,0.0,1.0,23301.96961309567,0.0,3.725437046770731e-15,2.691996689989588e-13,0.0,0.0,0.0,0.0,,,0.0,350.0,66.5770560374162,0.0,0.0
optimal@30s+aware,4,350,3009,2240,0.7444333665669658,0.2555666334330342,0.1811232967763376,0.0744433366566965,0.0,369.44859110225394,351.04606798655755,561.1182859624971,326.1347564718519,896.0,85.82276785714286,283.6258232451111,0.0199458702821044,0.1428826333627974,0.8371714963550982,365,37.81643835616438,0.1205175342414032,0.2083439997477398,0.0497951465490072,50.05010845010764,0.0017126884184931,0.3534246575342465,3009,0.0,0.7444333665669658,0.0,0.0,1.0,23394.40531175536,0.0,-3.578090205077647e-15,2.757762272511043e-13,0.0,0.0,0.0,0.0,,,0.0,349.99999999999994,66.84115803358675,0.0,0.0
optimal@30s+aware,5,350,3009,2229,0.7407776669990029,0.259222333000997,0.1980724493187105,0.0611498836822864,0.0,369.6905664882507,348.34050756122633,559.4215891047504,331.36696832750306,891.6,82.31673396141768,287.37383252683304,0.025705551703032,0.1447172899397387,0.8295771583572292,368,38.04619565217392,0.1176611413054319,0.1972330001035516,0.0443302280758111,45.289170838548905,0.0015345795735822,0.3152173913043478,3009,0.0,0.7407776669990029,0.0,0.0,1.0,23138.77492680325,0.0,-9.854835655461416e-15,2.724305004706037e-13,0.0,0.0,0.0,0.0,,,0.0,350.0,66.11078550515214,0.0,0.0
optimal@30s+aware,0,400,3009,2483,0.8251910933865071,0.1748089066134928,0.0937188434695912,0.0810900631439016,0.0,342.4701752317996,328.87279885399585,528.2885363169183,310.7593642665108,993.2,57.73097060008055,284.7392046317191,0.0405974125183713,0.1493841047129921,0.8100184827686365,360,27.136111111111116,0.1215577777833863,0.1949319998948341,0.0507058484586574,59.72221351741018,0.0031296649605196,0.4055555555555555,3009,0.0,0.8251910933865071,0.0,0.0,1.0,25863.388113160232,0.0,-5.6964322729458304e-15,2.771993043660229e-13,0.0,0.0,0.0,0.0,,,0.0,400.0,64.65847028290058,0.0,0.0
optimal@30s+aware,1,400,3009,2513,0.8351611831173147,0.1648388168826852,0.0887337986041874,0.0761050182784978,0.0,332.2720080474218,319.5938065196151,523.6885924443803,303.2846486080136,1005.2,52.47473139673697,279.79727665068486,0.0364106249935039,0.1489127360378377,0.8146766389686583,360,25.5,0.1210416666620201,0.2100889999064753,0.049067431850789,66.61540913989317,0.0038150314960892,0.4027777777777778,3009,0.0,0.8351611831173147,0.0,0.0,1.0,25954.02359091028,0.0,-7.245387028990277e-16,2.757749813979688e-13,0.0,0.0,0.0,0.0,,,0.0,400.0,64.88505897727569,0.0,0.0
optimal@30s+aware,2,400,3009,2481,0.8245264207377866,0.1754735792622133,0.0950481887670322,0.0804253904951811,0.0,344.0918366071489,334.489764716358,526.015531107154,311.37881315635724,992.4,56.46835953244659,287.6234770747023,0.0393522165834454,0.150099749361903,0.8105480340546515,360,26.788888888888888,0.1204480555770715,0.2008230000956246,0.0483357452966714,72.90630049898971,0.0038831604097182,0.4666666666666667,3009,0.0,0.8245264207377866,0.0,0.0,1.0,25913.83830552521,0.0,5.229369716150576e-15,2.7136499863437285e-13,0.0,0.0,0.0,0.0,,,0.0,400.0,64.78459576381302,0.0,0.0
optimal@30s+aware,3,400,3009,2528,0.8401462279827185,0.1598537720172815,0.0800930541708208,0.0797607178464606,0.0,336.07739019315744,323.5697010024628,522.157889268748,305.8719875355784,1011.2,51.55854430379747,284.51884588936,0.0339002165697545,0.1525257588507337,0.8135740245795118,371,24.056603773584907,0.1166819406976333,0.2237200001673047,0.0487874465049928,62.8733102454424,0.0038379011913391,0.4393530997304582,3009,0.0,0.8401462279827185,0.0,0.0,1.0,26047.97858183834,0.0,8.576824201629531e-15,2.708930126629374e-13,0.0,0.0,0.0,0.0,,,0.0,400.0,65.11994645459585,0.0,0.0
optimal@30s+aware,4,400,3009,2518,0.8368228647391159,0.163177135260884,0.0830840810900631,0.0800930541708208,0.0,340.50707616109025,326.52163716088126,531.8517023180298,308.9246983860675,1007.2,57.628276409849086,282.8787997512412,0.0359666823209311,0.1502204138297494,0.8138129038493195,360,26.31388888888889,0.1127480555497742,0.2332820000310678,0.0535612535612535,75.9524713059953,0.0041584774047484,0.4416666666666666,3009,0.0,0.8368228647391159,0.0,0.0,1.0,26049.3669799317,0.0,1.4035899792179262e-14,2.7442949510235663e-13,0.0,0.0,0.0,0.0,,,0.0,400.0,65.12341744982925,0.0,0.0
optimal@30s+aware,5,400,3009,2504,0.8321701561980724,0.1678298438019275,0.0870721169823861,0.0807577268195413,0.0,343.9753279360696,330.2540105040134,527.0494005748898,311.7675777190526,1001.6,58.63338658146965,285.3419413545999,0.0425311001999868,0.1489424668057566,0.8085264329942565,360,26.73611111111111,0.1164677777801949,0.1782299999376847,0.043013856812933,67.41036834251214,0.0036048793818598,0.4138888888888888,3009,0.0,0.8321701561980724,0.0,0.0,1.0,25917.476571174604,0.0,6.2009325611811456e-15,2.6853847509174577e-13,0.0,0.0,0.0,0.0,,,0.0,400.0,64.79369142793651,0.0,0.0
optimal@30s+aware,0,450,3009,2712,0.901296111665005,0.098703888334995,0.0358923230309072,0.0628115653040877,0.0,292.0739164672183,277.07893534871664,491.3384928300805,274.41342234171015,1084.8,34.42551622418879,257.64840024302947,0.0764562976577005,0.1398253550789303,0.7837183472633691,360,17.833333333333332,0.1112911111173768,0.2009380001891262,0.0495212038303693,70.19612787721222,0.0069941383740443,0.4083333333333333,3009,0.0,0.901296111665005,0.0,0.0,1.0,28151.197598273982,0.0,-3.999914133114852e-15,2.718521900544132e-13,0.0,0.0,0.0,0.0,,,0.0,450.0,62.55821688505329,0.0,0.0
optimal@30s+aware,1,450,3009,2711,0.9009637753406448,0.0990362246593552,0.0255898969757394,0.0734463276836158,0.0,282.5442971599279,265.2009058805397,478.6910959728884,263.9255080593929,1084.4,29.99409811877536,252.55019904115252,0.0798035961297103,0.1378139149768156,0.7823824888934741,360,16.325,0.1114136111116042,0.1824909999368175,0.0462333423986945,72.33249451995269,0.008444811882742,0.4722222222222222,3009,0.0,0.9009637753406448,0.0,0.0,1.0,28122.92842096876,0.0,-4.841571629040373e-15,2.652419863320033e-13,0.0,0.0,0.0,0.0,,,0.0,450.00000000000006,62.49539649104168,0.0,0.0
optimal@30s+aware,2,450,3009,2704,0.898637421070123,0.101362578929877,0.0338983050847457,0.0674642738451312,0.0,286.06823269103256,269.956577928986,476.79910530780455,267.77122932488373,1081.6,31.38387573964497,254.6843569513876,0.0791006953853649,0.1382605735729989,0.7826387310416361,360,16.961111111111112,0.1175155555491376,0.1680829999986601,0.0468236582694414,76.36763631587615,0.0083268294217322,0.425,3009,0.0,0.898637421070123,0.0,0.0,1.0,28030.406087916694,0.0,-5.129361761108416e-15,2.735904862292847e-13,0.0,0.0,0.0,0.0,,,0.0,450.0,62.28979130648154,0.0,0.0
optimal@30s+aware,3,450,3009,2720,0.903954802259887,0.096045197740113,0.0302426055167829,0.06580259222333,0.0,287.25324803180376,271.82204585771706,480.5455334885468,269.5289837610674,1088.0,33.58786764705882,253.6653803847449,0.0790323314455836,0.1373274581967372,0.7836402103576791,362,17.259668508287294,0.1111823204288529,0.1751390000799799,0.0513726556129383,68.85465845217404,0.0072870965457023,0.4558011049723757,3009,0.0,0.903954802259887,0.0,0.0,1.0,28168.23578542396,0.0,-7.222735481599999e-15,2.6899618153856697e-13,0.0,0.0,0.0,0.0,,,0.0,450.0,62.59607952316435,0.0,0.0
optimal@30s+aware,4,450,3009,2711,0.9009637753406448,0.0990362246593552,0.0255898969757394,0.0734463276836158,0.0,279.0490664140688,260.85612083868546,470.8844457600826,260.3683720404678,1084.4,31.01770564367392,248.03136077039488,0.0768401458902304,0.1359688731319493,0.7871909809778201,360,16.40277777777778,0.1125388888719195,0.2005920000601693,0.0504201680672268,65.22687247490659,0.0076133553637558,0.4361111111111111,3009,0.0,0.9009637753406448,0.0,0.0,1.0,28221.426487374392,0.0,7.024832783183359e-15,2.67852464254604e-13,0.0,0.0,0.0,0.0,,,0.0,450.0,62.7142810830542,0.0,0.0
optimal@30s+aware,5,450,3009,2744,0.9119308740445332,0.0880691259554669,0.0269192422731804,0.0611498836822864,0.0,278.34070300908,257.0304772516158,473.7765217093682,262.9690945937152,1097.6,29.86771137026239,248.4729916388176,0.0774361099735062,0.1379749825245831,0.7845889075019106,360,16.322222222222223,0.1211327777721433,0.2229120000220069,0.0450696531002458,68.51555786150386,0.0080495089381804,0.4305555555555556,3009,0.0,0.9119308740445332,0.0,0.0,1.0,28342.292409423368,0.0,1.3359899516444122e-15,2.683514246578188e-13,0.0,0.0,0.0,0.0,,,0.0,450.0,62.98287202094081,0.0,0.0
optimal@30s+aware,0,500,3009,2824,0.9385177799933532,0.0614822200066467,0.0129611166500498,0.0485211033565968,0.0,245.58602158023243,221.2544637737783,440.7893034978943,235.2428081890024,1129.6,23.91395184135977,221.67206973887264,0.1461627547025622,0.1178699026052009,0.7359673426922368,360,13.627777777777778,0.1192052777835467,0.2100320000909052,0.0508565310492505,56.45120384667139,0.0100449161072475,0.3722222222222222,3009,0.0,0.9385177799933532,0.0,0.0,1.0,29315.339237580505,0.0,1.0408733994325653e-15,2.642090197867408e-13,0.0,0.0,0.0,0.0,,,0.0,500.0,58.63067847516101,0.0,0.0
optimal@30s+aware,1,500,3009,2846,0.9458291791292788,0.0541708208707211,0.0089730807577268,0.0451977401129943,0.0,229.95905054589883,201.50716520399783,418.3776719784644,220.79737168051636,1138.4,22.055516514406182,207.90353403149263,0.1445781837731755,0.1126836057936548,0.7427382104331696,360,12.866666666666667,0.1134913888929784,0.2159659998187635,0.045332618025751,59.48399895130796,0.0126461298946378,0.4027777777777778,3009,0.0,0.9458291791292788,0.0,0.0,1.0,29509.721503338824,0.0,-5.355285201002863e-16,2.6257999444646843e-13,0.0,0.0,0.0,0.0,,,0.0,500.0,59.01944300667765,0.0,0.0
optimal@30s+aware,2,500,3009,2841,0.9441674975074776,0.0558325024925224,0.0096377534064473,0.0461947490860751,0.0,231.54310422103688,207.58017901686253,416.9589337253374,222.77019094414072,1136.4,21.07145371348117,210.4716505075557,0.1489524854137749,0.1137456640380817,0.7373018505481433,361,12.76731301939058,0.1152645429298051,0.2051400001619185,0.0512546716497597,61.06228811569891,0.0131338061163066,0.407202216066482,3009,0.0,0.9441674975074776,0.0,0.0,1.0,29325.70366572524,0.0,-2.4249052841971213e-15,2.6018953896659457e-13,0.0,0.0,0.0,0.0,,,0.0,500.0,58.65140733145047,0.0,0.0
optimal@30s+aware,3,500,3009,2831,0.940844134263875,0.0591558657361249,0.0073113991359255,0.0518444666001994,0.0,237.15375605685705,210.30756634952013,432.16195939594127,226.9300193399747,1132.4,22.68562345460968,214.46813260224735,0.1477313399283373,0.1150986389978973,0.7371700210737653,360,13.09722222222222,0.1083591666618607,0.2002230001016874,0.0485981308411214,58.866105078751325,0.0117261595141156,0.3916666666666666,3009,0.0,0.940844134263875,0.0,0.0,1.0,29330.304667966662,0.0,4.2302203186247404e-15,2.683953769622219e-13,0.0,0.0,0.0,0.0,,,0.0,500.0,58.66060933593332,0.0,0.0
optimal@30s+aware,4,500,3009,2839,0.943502824858757,0.0564971751412429,0.009305417082087,0.0471917580591558,0.0,233.60904206875583,209.72696416730923,421.843804061498,223.42021613636692,1135.6,22.177527298344486,211.43151477041133,0.1452641362053173,0.114001874612764,0.7407339891819186,360,12.761111111111113,0.1004974999962845,0.1885310000534448,0.0471596998928188,56.43515361708095,0.0121125783452806,0.375,3009,0.0,0.943502824858757,0.0,0.0,1.0,29398.50127130756,0.0,6.045807664918957e-16,2.6186543833902243e-13,0.0,0.0,0.0,0.0,,,0.0,500.0,58.79700254261511,0.0,0.0
optimal@30s+aware,5,500,3009,2860,0.9504818876703224,0.0495181123296776,0.006646726487205,0.0428713858424725,0.0,234.40069129916944,215.21317415052613,418.45841468142686,226.12108773387897,1144.0,21.73111888111888,212.66957241805056,0.1461522202177929,0.1152671953867682,0.7385805843954388,360,12.872222222222222,0.1017027777707982,0.2098729998715499,0.0536663124335813,53.15227172343492,0.0113015715837265,0.4055555555555555,3009,0.0,0.9504818876703224,0.0,0.0,1.0,29533.06715216937,0.0,1.2033885931251695e-16,2.637577801854897e-13,0.0,0.0,0.0,0.0,,,0.0,500.0,59.06613430433874,0.0,0.0
