arm,seed,drivers.num_drivers,requests,completed,completion_rate,cancel_rate,cancel_no_match_rate,cancel_eta_rate,cancel_late_rate,wait_mean_s,wait_p50_s,wait_p90_s,wait_all_mean_s,completed_per_hour,time_to_match_mean_s,pickup_mean_s,driver_idle_frac,driver_enroute_frac,driver_ontrip_frac,batches,batch_riders_mean,solve_ms_mean,solve_ms_p99,decline_rate,shadow_gap_s_per_batch,shadow_gap_frac,shadow_worse_batches_frac,app_opens,priced_out_rate,served_rate,retried_rate,surged_trip_frac,mean_multiplier_paid,revenue_per_hour,surge_revenue_per_hour,eta_error_mean_s,eta_abs_error_mean_s,eta_late_2min_frac,moves_per_driver_hour,chase_moves_per_hour,reposition_km_per_hour,moves_dispatched_frac,move_planned_mean_s,driver_reposition_frac,drivers_online_mean,earnings_per_online_hour,reserve_logons,reserve_logoffs
immediate_greedy,0,300,2418,1884,0.7791563275434243,0.2208436724565756,0.0330851943755169,0.1877584780810587,0.0,279.94298295366553,234.5332096678203,555.4983363193794,232.2487533465296,753.6,6.645822397377866,273.2971605562876,0.1514610418821468,0.1660215265498838,0.6825174315679693,3349,5.905643475664378,0.0754142729289627,0.2037999993626726,0.0476021314387211,,,,2418,0.0,0.7791563275434243,0.0,0.0,1.0,17150.951544123272,0.0,-9.89724933290044e-15,2.643217091298444e-13,0.0,0.0,0.0,0.0,,,0.0,300.0,57.16983848041091,0.0,0.0
immediate_greedy,1,300,2418,1896,0.7841191066997518,0.2158808933002481,0.0421836228287841,0.173697270471464,0.0,279.5013633600794,237.81145853222347,544.9512022882561,234.71602580148007,758.4,6.529006094618565,272.97235726546086,0.1460824024420283,0.1669392235920778,0.6869783739658938,3324,6.108303249097473,0.0693564380289965,0.2211329994133847,0.0613540197461213,,,,2418,0.0,0.7841191066997518,0.0,0.0,1.0,17158.27167426986,0.0,-1.0485283527504167e-14,2.721831199244639e-13,0.0,0.0,0.0,0.0,,,0.0,300.0,57.19423891423287,0.0,0.0
immediate_greedy,2,300,2418,1893,0.78287841191067,0.21712158808933,0.0281224152191894,0.1889991728701406,0.0,281.9418179599502,243.5150861975685,540.9843106745567,232.72986460527545,757.2,6.285470933834346,275.65634702611584,0.1595522182046464,0.1675281909039696,0.6729195908913839,3201,5.302717900656045,0.0666893158369785,0.1980000015464611,0.0553997194950911,,,,2418,0.0,0.78287841191067,0.0,0.0,1.0,17088.889557458046,0.0,2.4050726779624103e-15,2.701047696829411e-13,0.0,0.0,0.0,0.0,,,0.0,300.0,56.96296519152683,0.0,0.0
immediate_greedy,3,300,2418,1893,0.78287841191067,0.21712158808933,0.032258064516129,0.184863523573201,0.0,288.5669449547229,243.8990303294845,569.8130047762992,240.23223929289824,757.2,7.584898265955422,280.98204668876747,0.141807932783646,0.1718142309318281,0.6863778362845258,3327,6.05019537120529,0.0758432221271249,0.2251700001943389,0.0530035335689045,,,,2418,0.0,0.78287841191067,0.0,0.0,1.0,17331.5839305224,0.0,1.0684415728162311e-14,2.6896463573689184e-13,0.0,0.0,0.0,0.0,,,0.0,300.0,57.77194643507467,0.0,0.0
immediate_greedy,4,300,2418,1900,0.7857733664185277,0.2142266335814723,0.0384615384615384,0.1757650951199338,0.0,279.4861937087367,239.38592197747332,541.316292398135,234.36733434706585,760.0,6.320792969697916,273.1654007390388,0.1391829577342748,0.1682959260983971,0.6925211161673279,3316,5.655910735826296,0.0681397768495962,0.1835000002756714,0.048076923076923,,,,2418,0.0,0.7857733664185277,0.0,0.0,1.0,17295.22700284425,0.0,-4.545136197233852e-15,2.6521708805734983e-13,0.0,0.0,0.0,0.0,,,0.0,300.0,57.650756676147495,0.0,0.0
immediate_greedy,5,300,2418,1894,0.7832919768403639,0.216708023159636,0.0351530190239867,0.1815550041356493,0.0,279.5442405086698,238.1530356677968,540.3485977176845,234.43816661718864,757.6,7.954313272447635,271.5899272362222,0.1517791834366441,0.1636625060328228,0.6845583105305331,3316,6.322979493365501,0.0761093184645653,0.2028850005444837,0.053319209039548,,,,2418,0.0,0.7832919768403639,0.0,0.0,1.0,17202.720376507998,0.0,5.534467639546399e-15,2.6688589153990213e-13,0.0,0.0,0.0,0.0,,,0.0,300.0,57.34240125502665,0.0,0.0
immediate_greedy,0,350,2418,1975,0.8167907361455748,0.1832092638544251,0.0272952853598014,0.1559139784946236,0.0,247.8450785990405,201.44114259100024,491.1500403116516,213.85450636308784,790.0,5.465848823757905,242.3792297752826,0.2552757174462449,0.134511837239874,0.6102124453138811,3487,5.091195870375681,0.0696408087175599,0.1904139999169274,0.0483245149911816,,,,2418,0.0,0.8167907361455748,0.0,0.0,1.0,17895.80959324001,0.0,-8.340332643928365e-15,2.621129192736094e-13,0.0,0.0,0.0,0.0,,,0.0,350.0,51.13088455211431,0.0,0.0
immediate_greedy,1,350,2418,1951,0.8068651778329198,0.1931348221670802,0.0397022332506203,0.1534325889164599,0.0,249.13141157413287,202.353042691655,504.3865443015002,215.1050100500459,780.4,6.1354071633924345,242.99600441074048,0.2567095729574422,0.1336309347847927,0.609659492257765,3517,5.754336081887972,0.0808632356876921,0.2294040011474863,0.060542062653995,,,,2418,0.0,0.8068651778329198,0.0,0.0,1.0,17703.60431952836,0.0,7.530168754618028e-15,2.703890986616048e-13,0.0,0.0,0.0,0.0,,,0.0,350.0,50.58172662722389,0.0,0.0
immediate_greedy,2,350,2418,1954,0.8081058726220016,0.1918941273779983,0.0289495450785773,0.162944582299421,0.0,259.82804769547187,212.4235600281177,535.6157537707637,222.83342228742592,781.6,5.690564133139348,254.13748356233245,0.2569082598894701,0.1386170512851396,0.6044746888253902,3446,5.258850841555427,0.082740162497298,0.2237100008642301,0.0579811386657352,,,,2418,0.0,0.8081058726220016,0.0,0.0,1.0,17683.49347734877,0.0,-9.605417791762051e-15,2.645389877811855e-13,0.0,0.0,0.0,0.0,,,0.0,350.0,50.52426707813934,0.0,0.0
immediate_greedy,3,350,2418,1956,0.8089330024813896,0.1910669975186104,0.0347394540942928,0.1563275434243176,0.0,255.6594548952347,201.88227651174884,532.0759529275822,220.37293978761824,782.4,6.009137331720148,249.65031756351456,0.2551932035429499,0.1372447794854252,0.6075620169716248,3468,5.750576701268743,0.0902195790038786,0.199132000470854,0.0537482319660537,,,,2418,0.0,0.8089330024813896,0.0,0.0,1.0,17912.573300025764,0.0,9.380589919925888e-15,2.6446170861043913e-13,0.0,0.0,0.0,0.0,,,0.0,350.0,51.17878085721647,0.0,0.0
immediate_greedy,4,350,2418,1943,0.803556658395368,0.1964433416046319,0.0355665839536807,0.1608767576509512,0.0,248.11664669719613,204.5419520740561,507.4394176087637,213.90789764365311,777.2,6.1391902930552735,241.97745640414084,0.2531191314708193,0.1322151879176787,0.614665680611502,3511,5.60524067217317,0.0885932212860727,0.2259200000480633,0.0451957295373665,,,,2418,0.0,0.803556658395368,0.0,0.0,1.0,17791.92694129538,0.0,-3.341525603709684e-15,2.591908502887326e-13,0.0,0.0,0.0,0.0,,,0.0,350.0,50.83407697512966,0.0,0.0
immediate_greedy,5,350,2418,1957,0.8093465674110836,0.1906534325889164,0.0314309346567411,0.1592224979321753,0.0,251.36471219344665,201.02447512036,514.3637602270236,216.4847581278533,782.8,6.923189934380585,244.4415222590661,0.2548420700149798,0.1335876581705586,0.6115702718144616,3445,5.562844702467344,0.0843229608225713,0.2138560004095779,0.0460503010981225,,,,2418,0.0,0.8093465674110836,0.0,0.0,1.0,17819.855578095765,0.0,1.1401996135986842e-14,2.636964058795428e-13,0.0,0.0,0.0,0.0,,,0.0,350.0,50.91387308027362,0.0,0.0
immediate_greedy,0,400,2418,2001,0.8275434243176178,0.1724565756823821,0.0297766749379652,0.1426799007444168,0.0,231.48259880493967,183.8813224405385,484.3690846553227,203.53453650277547,800.4,4.892684125624177,226.58991467931548,0.3422269287311102,0.1117722882161621,0.5460007830527276,3558,5.063518830803822,0.0838048060689914,0.2143599998089481,0.0497354497354497,,,,2418,0.0,0.8275434243176178,0.0,0.0,1.0,18231.846873070863,0.0,-4.573830347726107e-15,2.5530824053799346e-13,0.0,0.0,0.0,0.0,,,0.0,400.0,45.57961718267717,0.0,0.0
immediate_greedy,1,400,2418,2010,0.8312655086848635,0.1687344913151365,0.0285359801488833,0.1401985111662531,0.0,235.37442198907948,185.78548265187123,486.4242202566351,207.33229893870453,804.0,4.999516848123079,230.37490514095643,0.3303806645322421,0.1150233991676853,0.5545959363000725,3468,4.888696655132641,0.080757035741386,0.1886299999569018,0.0555749737853897,,,,2418,0.0,0.8312655086848635,0.0,0.0,1.0,18317.45138159061,0.0,7.341833056376906e-16,2.6086219972412933e-13,0.0,0.0,0.0,0.0,,,0.0,400.0,45.79362845397653,0.0,0.0
immediate_greedy,2,400,2418,2004,0.8287841191066998,0.1712158808933002,0.0281224152191894,0.1430934656741108,0.0,248.5542096496708,200.0145866992018,510.2249757558072,217.23566931512477,801.6,4.879018369461189,243.6751912802096,0.3341896149285301,0.1200533759487554,0.5457570091227144,3379,4.866824504291211,0.0816128736289304,0.1939420013877677,0.0492784230904611,,,,2418,0.0,0.8287841191066998,0.0,0.0,1.0,18211.564493783862,0.0,5.2956087064805116e-15,2.628704528391465e-13,0.0,0.0,0.0,0.0,,,0.0,400.0,45.52891123445966,0.0,0.0
immediate_greedy,3,400,2418,2014,0.8329197684036393,0.1670802315963606,0.0264681555004135,0.140612076095947,0.0,242.08925394756167,196.64068442193505,509.2635661487488,213.70748731589384,805.6,4.160386727458694,237.92886722010297,0.3331057417384363,0.1181981470766583,0.5486961111849054,3652,4.89512595837897,0.0827504107332885,0.1928489996316784,0.0593161200279134,,,,2418,0.0,0.8329197684036393,0.0,0.0,1.0,18426.18714637316,0.0,1.2862049503358492e-14,2.570815677738622e-13,0.0,0.0,0.0,0.0,,,0.0,400.0,46.065467865932895,0.0,0.0
immediate_greedy,4,400,2418,1997,0.825889164598842,0.174110835401158,0.0248138957816377,0.1492969396195202,0.0,228.26698503546388,183.76035077703816,464.9767334276577,200.10644870748655,798.8,3.9969105652070698,224.2700744702568,0.3347719761790347,0.1119100534669605,0.5533179703540047,3486,4.584337349397591,0.0779071428578197,0.2030300013757369,0.0517844646606018,,,,2418,0.0,0.825889164598842,0.0,0.0,1.0,18408.8142973297,0.0,8.233551825086914e-15,2.612452067393324e-13,0.0,0.0,0.0,0.0,,,0.0,400.0,46.022035743324246,0.0,0.0
immediate_greedy,5,400,2418,2034,0.8411910669975186,0.1588089330024814,0.0244003308519437,0.1344086021505376,0.0,234.39679925741908,185.54713119911503,496.3907826534938,207.54800960362735,813.6,5.63848273056447,228.7583165268546,0.331175835508744,0.1147803814212892,0.5540437830699668,3477,4.812769628990509,0.0809823986021494,0.2224479999131289,0.0507880910683012,,,,2418,0.0,0.8411910669975186,0.0,0.0,1.0,18494.518945492244,0.0,-6.528155051384892e-17,2.608526308754832e-13,0.0,0.0,0.0,0.0,,,0.0,400.0,46.23629736373061,0.0,0.0
immediate_greedy,0,450,2418,2032,0.8403639371381307,0.1596360628618693,0.0260545905707196,0.1335814722911497,0.0,214.3721564676592,167.26161113120045,451.8206686132398,191.2188204162485,812.8,4.026563528969472,210.34559293868972,0.4102533444350547,0.0945367566719812,0.4952098988929641,3594,4.726766833611575,0.0816615470135582,0.2263999995193444,0.0448288033886339,,,,2418,0.0,0.8403639371381307,0.0,0.0,1.0,18543.518792238385,0.0,3.931019988963128e-15,2.6387487995185797e-13,0.0,0.0,0.0,0.0,,,0.0,450.0,41.20781953830752,0.0,0.0
immediate_greedy,1,450,2418,2075,0.8581472291149711,0.1418527708850289,0.0194375516956162,0.1224152191894127,0.0,218.5899708825312,173.81961815596242,462.6708947931589,195.701959514838,830.0,3.473998061239864,215.11597282129128,0.389443126915121,0.0993837122880206,0.5111731607968584,3386,3.836680448907265,0.0726552864907781,0.1973449999240984,0.0574195780006918,,,,2418,0.0,0.8581472291149711,0.0,0.0,1.0,18973.119464066964,0.0,-3.909055141162117e-15,2.603499210060791e-13,0.0,0.0,0.0,0.0,,,0.0,450.0,42.16248769792658,0.0,0.0
immediate_greedy,2,450,2418,2050,0.847808105872622,0.152191894127378,0.0223325062034739,0.129859387923904,0.0,233.13590817581783,185.31875834601303,496.8880130586395,207.0322902159868,820.0,4.055208548531467,229.0806996272864,0.3948916587611671,0.1038946254517264,0.5012137157871064,3439,4.310264611805757,0.0786192788729432,0.203724000348302,0.0513447432762836,,,,2418,0.0,0.847808105872622,0.0,0.0,1.0,18808.869701138785,0.0,8.940273995371748e-16,2.644841527360147e-13,0.0,0.0,0.0,0.0,,,0.0,450.0,41.79748822475285,0.0,0.0
immediate_greedy,3,450,2418,2037,0.8424317617866005,0.1575682382133995,0.0272952853598014,0.130272952853598,0.0,227.25891836769785,179.08603615298307,484.0286800172435,203.4475220971944,814.8,4.465252242951625,222.79366612474624,0.4061650939997226,0.0999990813604613,0.493835824639816,3624,4.895695364238411,0.0848817604757087,0.1911539989487209,0.0529638723254998,,,,2418,0.0,0.8424317617866005,0.0,0.0,1.0,18597.72582949829,0.0,-4.9822143901342556e-15,2.617281289421927e-13,0.0,0.0,0.0,0.0,,,0.0,450.0,41.328279621107306,0.0,0.0
immediate_greedy,4,450,2418,2058,0.8511166253101737,0.1488833746898263,0.021505376344086,0.1273779983457403,0.0,216.5533563998561,173.72299754733422,452.6650958512658,193.67472222612108,823.2,3.362885859398598,213.1904705404576,0.3919269386952617,0.0982440208306813,0.509829040474057,3500,3.9734285714285713,0.0729447714454311,0.1871099985874022,0.04796918767507,,,,2418,0.0,0.8511166253101737,0.0,0.0,1.0,19025.57787270113,0.0,-4.593453357666804e-15,2.56883597645878e-13,0.0,0.0,0.0,0.0,,,0.0,450.0,42.27906193933585,0.0,0.0
immediate_greedy,5,450,2418,2097,0.8672456575682382,0.1327543424317618,0.0136476426799007,0.119106699751861,0.0,214.91454401032308,168.2766206204492,460.5385123993929,192.99613361860105,838.8,3.541297458264945,211.3732465520581,0.391173457255819,0.0977654959599798,0.5110610467842012,3410,3.4281524926686218,0.0670003812185762,0.1661819995388213,0.0535776011061182,,,,2418,0.0,0.8672456575682382,0.0,0.0,1.0,19139.939731174694,0.0,-6.724870223552093e-15,2.584304836042819e-13,0.0,0.0,0.0,0.0,,,0.0,450.0,42.53319940261044,0.0,0.0
immediate_greedy,0,500,2418,2063,0.8531844499586435,0.1468155500413565,0.0239867659222497,0.1228287841191067,0.0,205.6609031572976,158.70156143570057,448.4289638513099,185.2729982496965,825.2,3.574394388865893,202.0865087684317,0.461570345759458,0.083417561778653,0.455012092461889,3550,4.381971830985916,0.0814374084797569,0.1878020002914126,0.0517482517482517,,,,2418,0.0,0.8531844499586435,0.0,0.0,1.0,19000.35756130417,0.0,1.03827110102245e-14,2.590474826622012e-13,0.0,0.0,0.0,0.0,,,0.0,500.0,38.000715122608334,0.0,0.0
immediate_greedy,1,500,2418,2099,0.8680727874276262,0.1319272125723738,0.0198511166253101,0.1120760959470636,0.0,203.5734825691077,159.31005274878862,440.1507374287923,184.3957602991992,839.6,2.9611430558061635,200.61233951330152,0.4474236330562452,0.0845532344724455,0.4680231324713093,3420,3.6222222222222222,0.0694720760304058,0.1619810001284349,0.0551508844953173,,,,2418,0.0,0.8680727874276262,0.0,0.0,1.0,19309.733205619053,0.0,7.988316482281474e-15,2.5987343133378853e-13,0.0,0.0,0.0,0.0,,,0.0,500.0,38.61946641123811,0.0,0.0
immediate_greedy,2,500,2418,2084,0.8618693134822167,0.1381306865177833,0.0190239867659222,0.119106699751861,0.0,215.41669564320293,166.65258289682288,465.40967797087455,193.7118950672867,833.6,4.038479757860243,211.37821588534268,0.4503644006421757,0.0883599605106611,0.4612756388471631,3526,3.857912648893931,0.0719274532325282,0.1981750006052607,0.0478519035976248,,,,2418,0.0,0.8618693134822167,0.0,0.0,1.0,19159.51278676674,0.0,1.5389054926939525e-14,2.642950903982472e-13,0.0,0.0,0.0,0.0,,,0.0,500.0,38.31902557353347,0.0,0.0
immediate_greedy,3,500,2418,2070,0.8560794044665012,0.1439205955334987,0.0235732009925558,0.1203473945409429,0.0,213.79687734655727,163.6352440076971,478.70187589798144,192.8194352122304,828.0,3.986431259584675,209.81044608697263,0.4592936536661094,0.0867722611702151,0.4539340851636754,3649,4.29624554672513,0.07878750339807,0.1845560000947443,0.0534217877094972,,,,2418,0.0,0.8560794044665012,0.0,0.0,1.0,18971.173187707907,0.0,-4.006457001908174e-15,2.570480597027735e-13,0.0,0.0,0.0,0.0,,,0.0,500.0,37.94234637541581,0.0,0.0
immediate_greedy,4,500,2418,2092,0.8651778329197684,0.1348221670802316,0.0231596360628618,0.1116625310173697,0.0,202.02714253317143,154.45110407171433,430.2580140591589,183.39538175750727,836.8,3.247761756478368,198.77938077669305,0.4505894351448237,0.0840153090757332,0.4653952557794429,3600,3.695555555555556,0.0713173889041879,0.1604069990207788,0.0430031723651744,,,,2418,0.0,0.8651778329197684,0.0,0.0,1.0,19339.804746336187,0.0,-8.075121196317581e-15,2.498528259154417e-13,0.0,0.0,0.0,0.0,,,0.0,500.0,38.67960949267238,0.0,0.0
immediate_greedy,5,500,2418,2119,0.8763440860215054,0.1236559139784946,0.0115798180314309,0.1120760959470636,0.0,202.3053538350336,154.48423666361668,429.93271873003073,182.78855463531016,847.6,2.4840384051270976,199.8213154299065,0.4473387208435451,0.0853702552443786,0.4672910239120762,3347,3.0125485509411414,0.0637303555345122,0.1815619990884442,0.0508650519031141,,,,2418,0.0,0.8763440860215054,0.0,0.0,1.0,19504.294005031097,0.0,-3.950277261191048e-15,2.504656856307399e-13,0.0,0.0,0.0,0.0,,,0.0,500.0,39.0085880100622,0.0,0.0
batched_greedy@10s,0,300,2418,1882,0.7783291976840364,0.2216708023159636,0.053763440860215,0.1679073614557485,0.0,274.5845261834279,231.32670854802177,538.7286721070604,233.99806705981223,752.8,10.81402763018066,263.7704985532473,0.1598839639633824,0.1591215636138688,0.6809944724227488,1097,8.407474931631723,0.0735824977243084,0.1514200013480149,0.0495300072306579,,,,2418,0.0,0.7783291976840364,0.0,0.0,1.0,17030.255775755835,0.0,1.3016863534627446e-14,2.6377577651929445e-13,0.0,0.0,0.0,0.0,,,0.0,300.0,56.767519252519456,0.0,0.0
batched_greedy@10s,1,300,2418,1916,0.7923904052936311,0.2076095947063689,0.0512820512820512,0.1563275434243176,0.0,271.8268986028963,234.39884279241664,524.7917499514426,234.70704574683543,766.4,10.5,261.3268986028963,0.1474979027483324,0.1615080393953026,0.6909940578563649,1079,8.06209453197405,0.0742968489107831,0.1595659995291498,0.0527827648114901,,,,2418,0.0,0.7923904052936311,0.0,0.0,1.0,17237.230041645747,0.0,2.98531786162255e-16,2.673379958603444e-13,0.0,0.0,0.0,0.0,,,0.0,300.0,57.45743347215249,0.0,0.0
batched_greedy@10s,2,300,2418,1890,0.7816377171215881,0.2183622828784119,0.0496277915632754,0.1687344913151365,0.0,281.5832288507292,244.69000645380947,546.9683764840873,238.7162493197613,756.0,12.183597883597884,269.3996309671313,0.1618462581035889,0.1625335867016161,0.675620155194795,1068,8.265917602996256,0.0719033707801497,0.1482330009457655,0.0524048815506102,,,,2418,0.0,0.7816377171215881,0.0,0.0,1.0,17063.070810261677,0.0,2.7726204636141474e-16,2.670014709033552e-13,0.0,0.0,0.0,0.0,,,0.0,300.0,56.87690270087226,0.0,0.0
batched_greedy@10s,3,300,2418,1888,0.7808105872622002,0.2191894127377998,0.0512820512820512,0.1679073614557485,0.0,286.30403038523554,245.7428597985945,553.6272180777274,242.9138399161629,755.2,12.453389830508474,273.8506405547271,0.1456099305927628,0.1666610089527094,0.6877290604545276,1079,8.538461538461538,0.0727210380006147,0.1480880004601203,0.0559139784946236,,,,2418,0.0,0.7808105872622002,0.0,0.0,1.0,17229.919576222754,0.0,3.2314076085382204e-15,2.705119555852245e-13,0.0,0.0,0.0,0.0,,,0.0,300.0,57.43306525407584,0.0,0.0
batched_greedy@10s,4,300,2418,1901,0.7861869313482217,0.2138130686517783,0.0570719602977667,0.1567411083540116,0.0,276.94444723886915,237.6367534390215,531.4378344369698,238.11027880487504,760.4,13.720147290899527,263.2242999479696,0.1462572931590312,0.1609434171332875,0.6927992897076813,1101,8.51589464123524,0.0727079927248655,0.1629999987926567,0.0495658465991316,,,,2418,0.0,0.7861869313482217,0.0,0.0,1.0,17277.492945397156,0.0,6.755949473363395e-16,2.6737581112860045e-13,0.0,0.0,0.0,0.0,,,0.0,300.0,57.59164315132386,0.0,0.0
batched_greedy@10s,5,300,2418,1893,0.78287841191067,0.21712158808933,0.0570719602977667,0.1600496277915633,0.0,276.4761420530321,236.10711480585903,530.8621774950207,237.33679464934417,757.2,13.664025356576865,262.81211669645523,0.1578588116744189,0.1571879348400048,0.6849532534855762,1084,8.855166051660516,0.0728012914554026,0.1537179995284536,0.0502712477396021,,,,2418,0.0,0.78287841191067,0.0,0.0,1.0,17083.488924700756,0.0,1.912891398371585e-15,2.642290917379308e-13,0.0,0.0,0.0,0.0,,,0.0,300.0,56.94496308233585,0.0,0.0
batched_greedy@10s,0,350,2418,1982,0.8196856906534326,0.1803143093465674,0.0372208436724565,0.1430934656741108,0.0,249.3871419899408,206.3438885244664,489.35298123535887,219.4291857136804,792.8,9.594853683148337,239.79228830679247,0.2527880230182386,0.1327104514545677,0.6145015255271935,1072,7.111007462686567,0.0789195895346092,0.1647010000851876,0.0514549325762952,,,,2418,0.0,0.8196856906534326,0.0,0.0,1.0,18001.451127184904,0.0,3.4733960298161807e-15,2.664835501048508e-13,0.0,0.0,0.0,0.0,,,0.0,350.0,51.43271750624258,0.0,0.0
batched_greedy@10s,1,350,2418,1961,0.8110008271298594,0.1889991728701406,0.054177005789909,0.1348221670802316,0.0,246.19913355426917,200.9062600614143,493.9947066784116,218.75810050439725,784.4,11.088730239673636,235.1104033145955,0.2602258038009891,0.1288875662323448,0.610886629966666,1074,8.15828677839851,0.0778978584658136,0.1601240003947168,0.0542579949694574,,,,2418,0.0,0.8110008271298594,0.0,0.0,1.0,17684.373596968617,0.0,1.1456188142730731e-14,2.668330738527753e-13,0.0,0.0,0.0,0.0,,,0.0,350.0,50.52678170562462,0.0,0.0
batched_greedy@10s,2,350,2418,1993,0.8242349048800661,0.1757650951199338,0.0334987593052109,0.1422663358147229,0.0,262.4235638980677,220.1795371876597,533.006396603324,229.525556970736,797.2,11.741093828399398,250.68247006966837,0.2464782608685722,0.1389783649652618,0.6145433741661659,1068,6.976591760299626,0.0788347378290657,0.1622250008404078,0.0509373894587902,,,,2418,0.0,0.8242349048800661,0.0,0.0,1.0,18084.164905796024,0.0,-6.952124108039115e-16,2.720740508619984e-13,0.0,0.0,0.0,0.0,,,0.0,350.0,51.66904258798864,0.0,0.0
batched_greedy@10s,3,350,2418,1960,0.8105872622001654,0.1894127377998345,0.0562448304383788,0.1331679073614557,0.0,258.54315693051217,212.1333358906263,516.5332188670433,228.64621291814515,784.0,10.421938775510204,248.121218155002,0.2537691384990563,0.1355028173161428,0.6107280441848009,1072,8.199626865671641,0.0785324626651426,0.166589999844291,0.0472040668119099,,,,2418,0.0,0.8105872622001654,0.0,0.0,1.0,17881.904697642283,0.0,1.8441937319661225e-14,2.675116364253436e-13,0.0,0.0,0.0,0.0,,,0.0,350.0,51.09115627897796,0.0,0.0
batched_greedy@10s,4,350,2418,1956,0.8089330024813896,0.1910669975186104,0.0483870967741935,0.1426799007444168,0.0,252.50223503888355,209.13224438774705,506.26579004677296,222.2264982185115,782.4,11.946830265848671,240.5554047730349,0.25385731127742,0.131320921322975,0.6148217673996049,1099,7.726114649681529,0.0768432211085917,0.1573079990703263,0.045028818443804,,,,2418,0.0,0.8089330024813896,0.0,0.0,1.0,17857.646108508867,0.0,-9.787671695621779e-15,2.608061460502163e-13,0.0,0.0,0.0,0.0,,,0.0,350.0,51.021846024311046,0.0,0.0
batched_greedy@10s,5,350,2418,1943,0.803556658395368,0.1964433416046319,0.0516956162117452,0.1447477253928867,0.0,250.08734507075891,206.84328791327425,502.2815999352836,221.83033344600835,777.2,11.079258878023674,239.00808619273528,0.2630168915006873,0.129552548782395,0.6074305597169177,1061,8.508953817153628,0.0806237511670852,0.1624799995624926,0.0472412549585286,,,,2418,0.0,0.803556658395368,0.0,0.0,1.0,17609.38790450081,0.0,3.077311951323337e-15,2.633387303609709e-13,0.0,0.0,0.0,0.0,,,0.0,350.0,50.31253687000231,0.0,0.0
batched_greedy@10s,0,400,2418,2017,0.8341604631927213,0.1658395368072787,0.0355665839536807,0.130272952853598,0.0,231.1610562765534,191.52509906788143,470.5827929408639,206.1412638170437,806.8,8.617253346554289,222.5438029299991,0.3359689844239559,0.1114157515578922,0.5526152640181518,1081,6.462534690101758,0.082574098067856,0.1692199992248788,0.0553401480437081,,,,2418,0.0,0.8341604631927213,0.0,0.0,1.0,18426.868835448047,0.0,-1.553321455375405e-15,2.581651083072584e-13,0.0,0.0,0.0,0.0,,,0.0,400.0,46.06717208862012,0.0,0.0
batched_greedy@10s,1,400,2418,2014,0.8329197684036393,0.1670802315963606,0.0413564929693962,0.1257237386269644,0.0,236.66115411305597,191.45064677880828,482.5915269248383,213.07839863112332,805.6,10.8987090367428,225.7624450763132,0.3323784611846918,0.1125055064272441,0.555116032388064,1078,7.256029684601113,0.0810482374727683,0.1748220003901224,0.0582215949188426,,,,2418,0.0,0.8329197684036393,0.0,0.0,1.0,18332.12587250988,0.0,8.672087653521903e-15,2.635814991184303e-13,0.0,0.0,0.0,0.0,,,0.0,400.0,45.83031468127471,0.0,0.0
batched_greedy@10s,2,400,2418,2012,0.8320926385442514,0.1679073614557485,0.0334987593052109,0.1344086021505376,0.0,249.05885722859531,204.5807334920155,517.0947361648015,221.36263532514943,804.8,9.711232604373755,239.3476246242216,0.3317300022794942,0.1184505336328079,0.5498194640876979,1063,6.805268109125118,0.0829905926735952,0.17093200047384,0.0559071729957805,,,,2418,0.0,0.8320926385442514,0.0,0.0,1.0,18338.06712139644,0.0,1.0420204571084225e-15,2.6394150836664613e-13,0.0,0.0,0.0,0.0,,,0.0,400.0,45.8451678034911,0.0,0.0
batched_greedy@10s,3,400,2418,2005,0.8291976840363937,0.1708023159636063,0.0417700578990901,0.1290322580645161,0.0,239.63558139618925,193.10696337221816,504.1094262241231,214.63021506707008,802.0,9.12219451371571,230.51338688247355,0.3348905930851612,0.1137751044503304,0.5513343024645083,1068,7.317415730337078,0.0827352996361952,0.1678979985081241,0.0544096728307254,,,,2418,0.0,0.8291976840363937,0.0,0.0,1.0,18499.62314223925,0.0,-1.997183244497763e-15,2.610502559477971e-13,0.0,0.0,0.0,0.0,,,0.0,400.0,46.24905785559813,0.0,0.0
batched_greedy@10s,4,400,2418,2011,0.8316790736145575,0.1683209263854425,0.0450785773366418,0.1232423490488006,0.0,235.79642689081103,190.289945126774,482.2146467967814,212.8394309393806,804.4,11.156141223272003,224.64028566753905,0.3329483619557433,0.111181594331712,0.5558700437125447,1093,7.400731930466605,0.0824006404018341,0.1657120003801536,0.0452423698384201,,,,2418,0.0,0.8316790736145575,0.0,0.0,1.0,18551.809343472472,0.0,-1.2582895662484618e-15,2.5959586985698744e-13,0.0,0.0,0.0,0.0,,,0.0,400.0,46.37952335868118,0.0,0.0
batched_greedy@10s,5,400,2418,2018,0.8345740281224152,0.1654259718775848,0.0446650124069478,0.1207609594706368,0.0,237.1390229854269,195.05810115128045,477.13288142010526,214.0575153405468,807.2,10.5203171456888,226.61870583973808,0.3318685379974626,0.1124460751479953,0.555685386854542,1053,7.45679012345679,0.0842147198384806,0.1665280007000547,0.0577399929153382,,,,2418,0.0,0.8345740281224152,0.0,0.0,1.0,18423.99067150509,0.0,2.027515915317929e-14,2.557238640643193e-13,0.0,0.0,0.0,0.0,,,0.0,400.0,46.05997667876272,0.0,0.0
batched_greedy@10s,0,450,2418,2048,0.8469809760132341,0.1530190239867659,0.0380479735318445,0.1149710504549214,0.0,217.32219606590013,169.3776748572302,453.1690299142282,198.08791609817013,819.2,10.90576171875,206.41643434715013,0.4091633610364198,0.0935365317412424,0.4973001072223377,1087,7.015639374425023,0.0832694572105377,0.1726720000442587,0.05040823571175,,,,2418,0.0,0.8469809760132341,0.0,0.0,1.0,18602.34513179407,0.0,8.924827023248927e-15,2.5807600414345933e-13,0.0,0.0,0.0,0.0,,,0.0,450.0,41.33854473732016,0.0,0.0
batched_greedy@10s,1,450,2418,2070,0.8560794044665012,0.1439205955334987,0.032258064516129,0.1116625310173697,0.0,220.7918776590298,174.60428548512027,465.4341635177464,201.36282773289835,828.0,8.383574879227053,212.4083027798028,0.3927267853368173,0.098312019046383,0.5089611956167996,1058,6.066162570888469,0.0874553874922251,0.176261999695271,0.0570528526426321,,,,2418,0.0,0.8560794044665012,0.0,0.0,1.0,18816.01150779626,0.0,-2.813637674967909e-15,2.553437869090301e-13,0.0,0.0,0.0,0.0,,,0.0,450.0,41.81335890621391,0.0,0.0
batched_greedy@10s,2,450,2418,2039,0.8432588916459884,0.1567411083540116,0.0401157981803143,0.1166253101736972,0.0,228.95466174439116,182.912834507556,477.8913641019004,207.8097059795641,815.6,9.4776851397744,219.4769766046167,0.4025838724548312,0.0987050667197408,0.4987110608254279,1062,6.923728813559322,0.0852435027954993,0.1750479994552737,0.0525195173882186,,,,2418,0.0,0.8432588916459884,0.0,0.0,1.0,18649.98945549374,0.0,6.526303665108939e-15,2.545153886567215e-13,0.0,0.0,0.0,0.0,,,0.0,450.0,41.4444210122083,0.0,0.0
batched_greedy@10s,3,450,2418,2037,0.8424317617866005,0.1575682382133995,0.0359801488833746,0.1215880893300248,0.0,230.87626840552292,183.73904229425625,503.4052558055846,208.4841886405248,814.8,8.50220913107511,222.37405927444783,0.4033659176507146,0.1005495919951111,0.4960844903541741,1075,6.543255813953488,0.0821862325781609,0.1757780005573295,0.0543593363925167,,,,2418,0.0,0.8424317617866005,0.0,0.0,1.0,18673.959615310632,0.0,-3.947968336364646e-15,2.6034768079453895e-13,0.0,0.0,0.0,0.0,,,0.0,450.0,41.497688034023625,0.0,0.0
batched_greedy@10s,4,450,2418,2043,0.8449131513647643,0.1550868486352357,0.0372208436724565,0.1178660049627791,0.0,216.36295404941887,175.8510483735772,440.1388963608872,197.0493187616744,817.2,8.813509544787077,207.5494445046318,0.4000148992684891,0.0946326955593568,0.505352405172154,1088,6.416360294117647,0.0848221507446985,0.1741909996235335,0.0441910192444761,,,,2418,0.0,0.8449131513647643,0.0,0.0,1.0,18842.585920155216,0.0,-1.3305286605444118e-15,2.542096625114941e-13,0.0,0.0,0.0,0.0,,,0.0,450.0,41.87241315590048,0.0,0.0
batched_greedy@10s,5,450,2418,2088,0.8635235732009926,0.1364764267990074,0.0277088502894954,0.1087675765095119,0.0,221.3701139028261,171.9946731002451,473.04766349379565,200.9524748295793,835.2,9.528735632183908,211.8413782706421,0.390291936214498,0.0969132507477757,0.5127948130377262,1049,5.805529075309819,0.0846502383235849,0.1680999994277954,0.0458715596330275,,,,2418,0.0,0.8635235732009926,0.0,0.0,1.0,19285.317606029137,0.0,1.2957281054830228e-14,2.5818385318140244e-13,0.0,0.0,0.0,0.0,,,0.0,450.0,42.856261346731415,0.0,0.0
batched_greedy@10s,0,500,2418,2075,0.8581472291149711,0.1418527708850289,0.032671629445823,0.1091811414392059,0.0,206.0847588114928,162.06007239992596,435.7895146364478,188.95985383961937,830.0,8.36867469879518,197.7160841126976,0.4593806334854512,0.0823738585934545,0.4582455079210943,1061,6.193213949104618,0.089534024472989,0.1939399997354485,0.0544815465729349,,,,2418,0.0,0.8581472291149711,0.0,0.0,1.0,19026.18013678475,0.0,6.5842913450781565e-15,2.579593299342597e-13,0.0,0.0,0.0,0.0,,,0.0,500.0,38.05236027356951,0.0,0.0
batched_greedy@10s,1,500,2418,2092,0.8651778329197684,0.1348221670802316,0.0272952853598014,0.1075268817204301,0.0,202.7244328983986,160.08408785928668,425.7209268351628,186.4000554552265,836.8,7.7203632887189295,195.00406960967965,0.4520757556083327,0.082458494542374,0.4654657498492932,1044,5.727969348659004,0.0880539271789509,0.1797679996889199,0.0568142209829208,,,,2418,0.0,0.8651778329197684,0.0,0.0,1.0,19103.613920702308,0.0,6.966384129851581e-15,2.5876199419851884e-13,0.0,0.0,0.0,0.0,,,0.0,500.0,38.20722784140462,0.0,0.0
batched_greedy@10s,2,500,2418,2103,0.869727047146402,0.130272952853598,0.0244003308519437,0.1058726220016542,0.0,219.85726171534347,172.12869149362814,475.7441954010762,201.1285154514874,841.2,7.909177365668093,211.94808434967536,0.4466484332952873,0.0891736083328441,0.4641779583718685,1055,5.482464454976303,0.0881520379320894,0.1713379995999275,0.0553814002089864,,,,2418,0.0,0.869727047146402,0.0,0.0,1.0,19261.97482136008,0.0,-1.219925518451646e-15,2.5566804973643225e-13,0.0,0.0,0.0,0.0,,,0.0,500.0,38.52394964272016,0.0,0.0
batched_greedy@10s,3,500,2418,2062,0.8527708850289496,0.1472291149710504,0.0401157981803143,0.1071133167907361,0.0,216.16587637182937,167.08000923762577,467.8650749128236,199.68613681697695,824.8,8.522308438409311,207.6435679334201,0.4612326806294382,0.0851887837641689,0.4535785356063928,1067,6.839737582005624,0.090428491127603,0.1922339994780486,0.0548478414720452,,,,2418,0.0,0.8527708850289496,0.0,0.0,1.0,18930.70182415743,0.0,4.882396890058643e-16,2.578347062742521e-13,0.0,0.0,0.0,0.0,,,0.0,500.0,37.861403648314855,0.0,0.0
batched_greedy@10s,4,500,2418,2095,0.8664185277088503,0.1335814722911497,0.0268817204301075,0.1066997518610421,0.0,204.2672028873809,159.35596004653598,428.5725004635492,187.7466190044364,838.0,7.665393794749403,196.6018090926315,0.4518874419107979,0.0832741116686805,0.4648384464205216,1087,5.482980680772769,0.0882977000842238,0.1733460007380931,0.0481715893108298,,,,2418,0.0,0.8664185277088503,0.0,0.0,1.0,19263.16923527968,0.0,-3.3877965402499764e-15,2.569129210618602e-13,0.0,0.0,0.0,0.0,,,0.0,500.0,38.52633847055936,0.0,0.0
batched_greedy@10s,5,500,2418,2115,0.8746898263027295,0.1253101736972704,0.0227460711331679,0.1025641025641025,0.0,207.6460749444057,160.37078125015796,444.2303421541443,190.30310007358804,846.0,7.93758865248227,199.7084862919235,0.4477506107196622,0.0847336081662739,0.4675157811140638,1055,5.222748815165877,0.0843970615886288,0.1718600010644877,0.0503496503496503,,,,2418,0.0,0.8746898263027295,0.0,0.0,1.0,19467.53500671217,0.0,-1.1779387552051306e-16,2.568555297533207e-13,0.0,0.0,0.0,0.0,,,0.0,500.0,38.93507001342434,0.0,0.0
optimal@10s,0,300,2418,1895,0.7837055417700579,0.2162944582299421,0.0516956162117452,0.1645988420181968,0.0,278.5179259096559,236.10711480585903,528.7572889341258,237.79348467359375,758.0,11.110290237467018,267.4076356721889,0.1530642179030892,0.1628071042207762,0.6841286778761345,1061,8.58435438265787,0.1419913289255273,0.2069199992547515,0.0470332850940665,2.8855563609195114,0.0004662229743169,0.0527803958529689,2418,0.0,0.7837055417700579,0.0,0.0,1.0,17170.92220332291,0.0,7.42367176233788e-15,2.6910493768853024e-13,0.0,0.0,0.0,0.0,,,0.0,300.0,57.23640734440969,0.0,0.0
optimal@10s,1,300,2418,1917,0.792803970223325,0.2071960297766749,0.0500413564929694,0.1571546732837055,0.0,281.88787696523883,243.6568729359451,543.776588320864,242.27818897159744,766.8,11.430881585811164,270.45699537942767,0.1374915655259822,0.1665018811184415,0.6960065533555762,1077,8.129062209842154,0.1367829154873328,0.1986360001319553,0.0486311239193083,3.854693596092052,0.0006656995349471,0.0547818012999071,2418,0.0,0.792803970223325,0.0,0.0,1.0,17389.176621248593,0.0,-5.392081611095492e-15,2.6709012327501833e-13,0.0,0.0,0.0,0.0,,,0.0,300.0,57.96392207082864,0.0,0.0
optimal@10s,2,300,2418,1897,0.7845326716294458,0.2154673283705541,0.0479735318444995,0.1674937965260546,0.0,287.4111600347805,253.04517071445665,543.7839857221312,244.558976514401,758.8,11.801792303637322,275.60936773114315,0.1488867901731302,0.1673625085582898,0.68375070126858,1072,8.278917910447761,0.1360113805710727,0.1972929997464234,0.0540250447227191,4.002504224265119,0.000674925896779,0.0606343283582089,2418,0.0,0.7845326716294458,0.0,0.0,1.0,17202.916920797492,0.0,6.835743240707344e-16,2.6841809978935323e-13,0.0,0.0,0.0,0.0,,,0.0,300.0,57.34305640265831,0.0,0.0
optimal@10s,3,300,2418,1883,0.7787427626137303,0.2212572373862696,0.0512820512820512,0.1699751861042183,0.0,290.0107669971017,248.05435666566245,553.192477416945,245.18982047568875,753.2,12.61125862984599,277.3995083672557,0.146310532294712,0.1673094011468923,0.6863800665583957,1081,8.53654024051804,0.1323348751191101,0.198820000514388,0.0497835497835497,4.78111923470348,0.0007719601968788,0.062904717853839,2418,0.0,0.7787427626137303,0.0,0.0,1.0,17172.609129261495,0.0,5.4017096454624705e-15,2.6888740835594973e-13,0.0,0.0,0.0,0.0,,,0.0,300.0,57.24203043087165,0.0,0.0
optimal@10s,4,300,2418,1896,0.7841191066997518,0.2158808933002481,0.0483870967741935,0.1674937965260546,0.0,278.51358903065795,239.3085979725929,540.2996879111242,236.40811280849263,758.4,10.388713080168776,268.1248759504891,0.1361775442519399,0.1638287468795571,0.699993708868503,1097,7.452142206016409,0.1276400182613987,0.1966479999828151,0.0423146473779385,5.240195574412636,0.0010032417083672,0.0674567000911577,2418,0.0,0.7841191066997518,0.0,0.0,1.0,17301.922332320108,0.0,6.027058833260449e-15,2.653376815030093e-13,0.0,0.0,0.0,0.0,,,0.0,300.0,57.67307444106702,0.0,0.0
optimal@10s,5,300,2418,1898,0.7849462365591398,0.2150537634408602,0.0574855252274607,0.1575682382133995,0.0,277.19664470604937,236.0018857434443,539.957461895351,239.20107223771203,759.2,11.928872497365647,265.2677722086837,0.1487989706638492,0.1606175539371368,0.690583475399014,1082,8.735674676524955,0.1336620147607771,0.1915140002347471,0.0454545454545454,3.5263360451158867,0.0005559581362868,0.0480591497227356,2418,0.0,0.7849462365591398,0.0,0.0,1.0,17263.474432280782,0.0,8.963676306299209e-15,2.636013407319173e-13,0.0,0.0,0.0,0.0,,,0.0,300.0,57.54491477426927,0.0,0.0
optimal@10s,0,350,2418,1971,0.815136476426799,0.184863523573201,0.0359801488833746,0.1488833746898263,0.0,250.64285407961376,208.6511225524464,490.9656312365314,218.89504905588083,788.4,8.826991374936581,241.8158627046772,0.25416635124,0.1331031355287782,0.6127305132312217,1091,6.746104491292392,0.1349926672710861,0.1982899995709885,0.0446269189575151,2.837834706700162,0.0006329022561062,0.0531622364802933,2418,0.0,0.815136476426799,0.0,0.0,1.0,17953.329025520034,0.0,-4.1743484479412016e-15,2.689506546329033e-13,0.0,0.0,0.0,0.0,,,0.0,350.0,51.2952257872001,0.0,0.0
optimal@10s,1,350,2418,1955,0.8085194375516956,0.1914805624483044,0.0525227460711331,0.1389578163771712,0.0,251.5214798496307,209.52485858368075,504.358501087843,222.198826587634,782.0,10.075703324808185,241.4457765248225,0.2549097916472096,0.1319472466827655,0.6131429616700248,1074,7.910614525139665,0.1398531657451379,0.2050430004601366,0.0582350839585566,2.7188329468536345,0.0004947140028144,0.0502793296089385,2418,0.0,0.8085194375516956,0.0,0.0,1.0,17708.40360828056,0.0,1.5275305885205786e-14,2.654772111151856e-13,0.0,0.0,0.0,0.0,,,0.0,350.0,50.5954388808016,0.0,0.0
optimal@10s,2,350,2418,1978,0.8180314309346567,0.1819685690653432,0.0372208436724565,0.1447477253928867,0.0,258.7238420811524,214.0568068276948,528.0018509226094,226.4500210995031,791.2,10.76036400404449,247.96347807710788,0.2504373570649352,0.1366313969048842,0.6129312460301806,1067,7.14058106841612,0.1341133083735723,0.2007339999181567,0.0554574355351465,3.139758099253801,0.0006532436102047,0.0459231490159325,2418,0.0,0.8180314309346567,0.0,0.0,1.0,18006.300474973476,0.0,5.552686722958417e-15,2.680637421957022e-13,0.0,0.0,0.0,0.0,,,0.0,350.0,51.446572785638494,0.0,0.0
optimal@10s,3,350,2418,1971,0.815136476426799,0.184863523573201,0.0554177005789909,0.1294458229942101,0.0,261.32238572258944,218.1943883739077,523.4179981984726,231.8528404558431,788.4,11.410451547437848,249.91193417515163,0.2468582799983501,0.1372414776048368,0.615900242396813,1071,8.34547152194211,0.1403230625312298,0.202250000074855,0.0457848837209302,2.9941906252654946,0.0005055652307393,0.0494864612511671,2418,0.0,0.815136476426799,0.0,0.0,1.0,18055.201723166625,0.0,1.4965198030563757e-15,2.6736153175260265e-13,0.0,0.0,0.0,0.0,,,0.0,350.0,51.58629063761893,0.0,0.0
optimal@10s,4,350,2418,1961,0.8110008271298594,0.1889991728701406,0.0488006617038875,0.1401985111662531,0.0,252.71780860400585,210.40357711996512,512.0910280411754,223.26294058065483,784.4,11.61805201427843,241.09975658972743,0.2499852174492749,0.132289837950029,0.6177249446006962,1094,7.781535648994516,0.138670475301993,0.202206999019836,0.0488155061019382,2.254644030381266,0.0004150754192853,0.0493601462522851,2418,0.0,0.8110008271298594,0.0,0.0,1.0,17954.63727479484,0.0,-2.0121023098000037e-15,2.589135206872136e-13,0.0,0.0,0.0,0.0,,,0.0,350.0,51.29896364227097,0.0,0.0
optimal@10s,5,350,2418,1948,0.8056244830438379,0.1943755169561621,0.0467328370554177,0.1476426799007444,0.0,249.8402357883256,206.77824061897263,501.16943727175584,219.50125237313287,779.2,10.956878850102669,238.88335693822293,0.2617068072218448,0.1294266479109811,0.6088665448671741,1075,7.792558139534884,0.1382489302087315,0.2079959995535318,0.0480631276901004,1.7650194399035086,0.0003270391581847,0.0372093023255813,2418,0.0,0.8056244830438379,0.0,0.0,1.0,17800.979679015996,0.0,9.501411749553855e-15,2.6697193395069414e-13,0.0,0.0,0.0,0.0,,,0.0,350.0,50.8599419400457,0.0,0.0
optimal@10s,0,400,2418,2016,0.8337468982630273,0.1662531017369727,0.0359801488833746,0.130272952853598,0.0,231.7060750440669,186.4683130591584,470.2171826720569,206.3732330003756,806.4,9.251488095238097,222.4545869488288,0.3360574114766907,0.1112438231198902,0.552698765403419,1085,6.528110599078341,0.1404572350752523,0.2041759998246562,0.0516814159292035,2.1881408574040133,0.0005209536549948,0.0368663594470046,2418,0.0,0.8337468982630273,0.0,0.0,1.0,18357.903478398257,0.0,-3.479800222222936e-15,2.623582568126554e-13,0.0,0.0,0.0,0.0,,,0.0,400.0,45.89475869599565,0.0,0.0
optimal@10s,1,400,2418,2018,0.8345740281224152,0.1654259718775848,0.0351530190239867,0.130272952853598,0.0,237.5818778258025,193.01457223108173,483.275186058325,211.99549187246205,807.2,10.72794846382557,226.85392936197687,0.3319871958142894,0.1135078728948388,0.5545049312908716,1046,6.937858508604206,0.1462532505200625,0.2094700010275118,0.0545966889749911,2.9085080566588672,0.0006449341842644,0.0497131931166348,2418,0.0,0.8345740281224152,0.0,0.0,1.0,18300.442736453224,0.0,-6.110517883997368e-15,2.582457978328435e-13,0.0,0.0,0.0,0.0,,,0.0,400.0,45.751106841133065,0.0,0.0
optimal@10s,2,400,2418,2010,0.8312655086848635,0.1687344913151365,0.0376344086021505,0.1311000827129859,0.0,246.4252238122706,202.62636008535628,506.9828575054594,219.3035627067849,804.0,8.762189054726369,237.6630347575442,0.3320535690009906,0.1182019104224401,0.5497445205765693,1060,6.717924528301887,0.1405099056665796,0.1992000005157024,0.0493958777540867,2.526726376079039,0.000576890752607,0.0556603773584905,2418,0.0,0.8312655086848635,0.0,0.0,1.0,18319.50645483193,0.0,4.7676622185843286e-15,2.632342105484827e-13,0.0,0.0,0.0,0.0,,,0.0,400.0,45.79876613707983,0.0,0.0
optimal@10s,3,400,2418,2011,0.8316790736145575,0.1683209263854425,0.0388751033912324,0.1294458229942101,0.0,240.15548788194377,195.4409917200437,501.0418376815896,214.6392020569799,804.4,9.575335653903531,230.58015222804025,0.3340510979936593,0.1140105137515308,0.5519383882548099,1062,7.220338983050848,0.1450526365629136,0.2051699996263781,0.0592801693719124,1.9918769975128512,0.000414417002745,0.03954802259887,2418,0.0,0.8316790736145575,0.0,0.0,1.0,18464.50827280768,0.0,1.05682632102409e-14,2.559382619093263e-13,0.0,0.0,0.0,0.0,,,0.0,400.0,46.16127068201919,0.0,0.0
optimal@10s,4,400,2418,2018,0.8345740281224152,0.1654259718775848,0.0409429280397022,0.1244830438378825,0.0,235.98360624743637,193.0673333046068,472.2745898334172,212.6156017677872,807.2,8.894449950445987,227.08915629699035,0.3293540608250738,0.1135442603700899,0.5571016788048363,1096,6.741788321167883,0.1382697992400349,0.2005750005082517,0.0474660956459671,1.5981165787619382,0.0003604107665971,0.0364963503649635,2418,0.0,0.8345740281224152,0.0,0.0,1.0,18513.801470428625,0.0,-1.0776535483824364e-15,2.551723836084797e-13,0.0,0.0,0.0,0.0,,,0.0,400.0,46.28450367607156,0.0,0.0
optimal@10s,5,400,2418,2032,0.8403639371381307,0.1596360628618693,0.0405293631100082,0.119106699751861,0.0,239.44062683632893,193.97260154171957,482.802530180062,216.83007057277203,812.8,11.409448818897635,228.03117801743133,0.3307585058546142,0.1131815112826427,0.556059982862743,1053,7.524216524216524,0.1446879392039192,0.2260880008543608,0.056203605514316,2.114614302603066,0.000419240522269,0.0446343779677113,2418,0.0,0.8403639371381307,0.0,0.0,1.0,18484.10073599185,0.0,4.7558195352102426e-15,2.626470781895856e-13,0.0,0.0,0.0,0.0,,,0.0,400.0,46.21025183997963,0.0,0.0
optimal@10s,0,450,2418,2047,0.8465674110835402,0.1534325889164599,0.0343258891645988,0.119106699751861,0.0,217.0895713129668,172.30223412598934,453.5429843348031,197.70354150019767,818.8,9.2457254518808,207.843845861086,0.4110691139972116,0.0941225168899531,0.4948083691128352,1082,6.715341959334566,0.1415108133259748,0.2102140007445996,0.0522598870056497,1.7826127029152623,0.0004132752055883,0.0406654343807763,2418,0.0,0.8465674110835402,0.0,0.0,1.0,18549.389903146137,0.0,1.1303990366017348e-14,2.585634035490035e-13,0.0,0.0,0.0,0.0,,,0.0,450.0,41.22086645143586,0.0,0.0
optimal@10s,1,450,2418,2084,0.8618693134822167,0.1381306865177833,0.0297766749379652,0.108354011579818,0.0,223.08602373907345,177.2180482282065,468.1747775254463,203.89271504139597,833.6,8.268714011516314,214.8173097275571,0.3860925099955481,0.1001473973869622,0.5137600926174896,1051,5.9276879162702185,0.1462785917979942,0.2147999994122074,0.0595611285266457,2.6137835187478937,0.0007390001673683,0.0352045670789724,2418,0.0,0.8618693134822167,0.0,0.0,1.0,19031.673097497045,0.0,2.1298808313106408e-15,2.5901332688800544e-13,0.0,0.0,0.0,0.0,,,0.0,450.0,42.29260688332676,0.0,0.0
optimal@10s,2,450,2418,2036,0.8420181968569065,0.1579818031430934,0.0372208436724565,0.1207609594706368,0.0,230.7299094911087,186.3254919103374,486.6094377727791,208.12305166845024,814.4,9.393909626719058,221.33599986438963,0.4009517490581551,0.0995843822367253,0.4994638687051195,1076,6.616171003717472,0.138159944262986,0.2048249998551909,0.0503724725079815,1.9790325637570116,0.0004647729622985,0.0390334572490706,2418,0.0,0.8420181968569065,0.0,0.0,1.0,18711.49038575797,0.0,7.040646171291833e-15,2.583467166455497e-13,0.0,0.0,0.0,0.0,,,0.0,450.0,41.58108974612883,0.0,0.0
optimal@10s,3,450,2418,2035,0.8416046319272126,0.1583953680727874,0.042597187758478,0.1157981803143093,0.0,231.63150577616892,184.54711480585505,489.9017615831186,211.03361809556156,814.0,9.78132678132678,221.8501789948422,0.4069942610294353,0.0993677843201355,0.4936379546504292,1074,7.253258845437617,0.1457446926921656,0.2037539993943937,0.0529871977240398,1.790521231660024,0.0003705005974037,0.0325884543761638,2418,0.0,0.8416046319272126,0.0,0.0,1.0,18587.458538665047,0.0,4.813403293200409e-15,2.629634429944936e-13,0.0,0.0,0.0,0.0,,,0.0,450.0,41.30546341925566,0.0,0.0
optimal@10s,4,450,2418,2056,0.8502894954507858,0.1497105045492142,0.0339123242349048,0.1157981803143093,0.0,220.83485774299768,174.39282949697463,453.50927319743823,201.54552770142584,822.4,8.984922178988327,211.84993556400931,0.3946946422972522,0.0965862756955951,0.5087190820071525,1092,6.332417582417582,0.141248809547802,0.2286539998203806,0.0464374335342077,1.9514412909165888,0.0004873807420609,0.0421245421245421,2418,0.0,0.8502894954507858,0.0,0.0,1.0,18972.82192539841,0.0,4.33397373328867e-15,2.590264794700111e-13,0.0,0.0,0.0,0.0,,,0.0,450.0,42.16182650088536,0.0,0.0
optimal@10s,5,450,2418,2087,0.8631100082712986,0.1368899917287014,0.0268817204301075,0.1100082712985938,0.0,220.90705139785803,174.24296115409925,456.7445566704583,201.8433811472729,834.8,9.40776233828462,211.49928905957344,0.3913173055669088,0.0968256546777636,0.5118570397553276,1064,6.011278195488722,0.1433488721397594,0.2041370003098563,0.0545073375262054,1.7048997195398152,0.0004694094720438,0.0328947368421052,2418,0.0,0.8631100082712986,0.0,0.0,1.0,19191.18665267465,0.0,4.626869084321879e-15,2.552506467915967e-13,0.0,0.0,0.0,0.0,,,0.0,450.0,42.64708145038811,0.0,0.0
optimal@10s,0,500,2418,2070,0.8560794044665012,0.1439205955334987,0.0343258891645988,0.1095947063688999,0.0,206.8716374201341,161.41893706640303,440.25447742048647,189.8557287770433,828.0,8.430434782608696,198.44120263752544,0.4610160896192848,0.0822662837280943,0.4567176266526208,1074,6.269087523277467,0.1486108008007088,0.2178619990081642,0.053225237927388,1.453268966340714,0.0003753504960956,0.031657355679702,2418,0.0,0.8560794044665012,0.0,0.0,1.0,18944.230733627875,0.0,6.871261477141416e-15,2.5708935785393113e-13,0.0,0.0,0.0,0.0,,,0.0,500.0,37.88846146725575,0.0,0.0
optimal@10s,1,500,2418,2099,0.8680727874276262,0.1319272125723738,0.0289495450785773,0.1029776674937965,0.0,204.54024575109125,160.62262302086492,431.8733850151836,189.1817838980585,839.6,7.832301095759885,196.70794465533135,0.4501621831380452,0.0829939602310547,0.4668438566309001,1044,5.896551724137931,0.1466267241639066,0.2117840004939352,0.0611535788742182,1.4803293475843124,0.0004298247003255,0.0258620689655172,2418,0.0,0.8680727874276262,0.0,0.0,1.0,19243.16333204116,0.0,6.219153084107952e-15,2.5993394086881334e-13,0.0,0.0,0.0,0.0,,,0.0,500.0,38.48632666408231,0.0,0.0
optimal@10s,2,500,2418,2112,0.8734491315136477,0.1265508684863523,0.0248138957816377,0.1017369727047146,0.0,220.2263058124704,173.89940405336756,476.2700467568321,202.36047989382868,844.8,8.541666666666666,211.6846391458037,0.444661758734666,0.0894503844041297,0.4658878568612042,1053,5.648622981956315,0.1507864197166543,0.218779999850085,0.0534217877094972,2.246056379499304,0.0006856505526819,0.0379867046533713,2418,0.0,0.8734491315136477,0.0,0.0,1.0,19420.55917722672,0.0,-4.403253855809736e-15,2.569234808068016e-13,0.0,0.0,0.0,0.0,,,0.0,500.0,38.84111835445344,0.0,0.0
optimal@10s,3,500,2418,2068,0.8552522746071133,0.1447477253928867,0.0417700578990901,0.1029776674937965,0.0,216.34189694908488,167.29615913113366,467.8108589255583,200.10140693067032,827.2,9.520309477756289,206.82158747132857,0.4600360578456905,0.0850632783287661,0.4549006638255432,1068,6.964419475655431,0.1456531835266217,0.2241299998422618,0.0519018841094916,1.2187327004997717,0.0002696332556542,0.0280898876404494,2418,0.0,0.8552522746071133,0.0,0.0,1.0,18973.040507898146,0.0,1.7641164694962597e-15,2.5596052249567414e-13,0.0,0.0,0.0,0.0,,,0.0,500.0,37.94608101579628,0.0,0.0
optimal@10s,4,500,2418,2094,0.8660049627791563,0.1339950372208436,0.0281224152191894,0.1058726220016542,0.0,203.67751864952157,159.37287915991374,425.4039247651183,187.24862098877128,837.6,7.113658070678128,196.56386057884345,0.4532106057027057,0.0830914944947519,0.4636978998025423,1089,5.38475665748393,0.1454883378966228,0.2053039992460979,0.0445229681978798,1.4469942092824544,0.0004685838642556,0.0367309458218549,2418,0.0,0.8660049627791563,0.0,0.0,1.0,19214.22285153228,0.0,1.3619584076681481e-15,2.52218070264395e-13,0.0,0.0,0.0,0.0,,,0.0,500.0,38.42844570306456,0.0,0.0
optimal@10s,5,500,2418,2116,0.8751033912324235,0.1248966087675765,0.0177832919768403,0.1071133167907361,0.0,207.41963179573145,160.13773773131788,441.964682044847,188.659021684477,846.4,7.454158790170132,199.9654730055613,0.4460842130261973,0.084929296879436,0.4689864900943667,1045,4.828708133971292,0.1451733971085498,0.2063240002462407,0.0524487669329628,1.542313082272532,0.0006192423002741,0.0373205741626794,2418,0.0,0.8751033912324235,0.0,0.0,1.0,19536.900073054472,0.0,1.8743670761677266e-15,2.568844108235e-13,0.0,0.0,0.0,0.0,,,0.0,500.0,39.073800146108944,0.0,0.0
batched_greedy@10s+aware,0,300,2418,1894,0.7832919768403639,0.216708023159636,0.1501240694789082,0.0665839536807278,0.0,267.4235149497709,235.0868422606336,505.4415201181736,257.0541571853156,757.6,29.61404435058078,237.8094705991901,0.1808569430871417,0.1372845596226937,0.6818584972901645,1116,17.47043010752688,0.0666252688112297,0.144849999378493,0.0520254169976171,,,,2418,0.0,0.7832919768403639,0.0,0.0,1.0,17062.069682745183,0.0,2.3695699866656455e-15,2.5963743650647826e-13,0.0,0.0,0.0,0.0,,,0.0,300.0,56.8735656091506,0.0,0.0
batched_greedy@10s+aware,1,300,2418,1924,0.7956989247311828,0.2043010752688172,0.1401985111662531,0.0641025641025641,0.0,278.50380574230985,249.636587205272,518.5471608554047,266.1905864317919,769.6,31.24532224532225,247.2584834969876,0.1598967801349956,0.1457987224194389,0.6943044974455654,1083,17.36472760849492,0.067744875318395,0.1419980009450228,0.0579992214869599,,,,2418,0.0,0.7956989247311828,0.0,0.0,1.0,17346.21068601327,0.0,4.1126723186634174e-15,2.685894934505535e-13,0.0,0.0,0.0,0.0,,,0.0,300.0,57.820702286710905,0.0,0.0
batched_greedy@10s+aware,2,300,2418,1893,0.78287841191067,0.21712158808933,0.1480562448304384,0.0690653432588916,0.0,276.5467354518011,247.92505109361764,512.3555503014986,263.0389322734283,757.2,30.06867406233492,246.4780613894662,0.1771225471662039,0.1433589514843313,0.6795185013494648,1076,17.675650557620816,0.0665950743702311,0.1351250011794036,0.0532964863797868,,,,2418,0.0,0.78287841191067,0.0,0.0,1.0,16964.475403701734,0.0,-2.640606521961069e-15,2.639320938828488e-13,0.0,0.0,0.0,0.0,,,0.0,300.0,56.54825134567245,0.0,0.0
batched_greedy@10s+aware,3,300,2418,1864,0.770885028949545,0.2291149710504549,0.1501240694789082,0.0789909015715467,0.0,271.68491729640976,236.5958210026556,509.5574660886161,259.77097363797594,745.6,25.7956008583691,245.88931643804068,0.1738162755701626,0.1421986111963923,0.683985113233445,1100,17.64,0.0642265454404299,0.1411090011970373,0.0493630573248407,,,,2418,0.0,0.770885028949545,0.0,0.0,1.0,16908.048154042823,0.0,5.6378364065943565e-15,2.608804922207604e-13,0.0,0.0,0.0,0.0,,,0.0,300.0,56.36016051347607,0.0,0.0
batched_greedy@10s+aware,4,300,2418,1888,0.7808105872622002,0.2191894127377998,0.1484698097601323,0.0707196029776675,0.0,273.035028084196,243.13633784012225,507.05749742066337,261.08606355679467,755.2,30.805084745762716,242.2299433384333,0.1651050211599785,0.1410092881128317,0.6938856907271898,1113,17.665768194070083,0.0652014375836092,0.1369399992836406,0.0454726765057838,,,,2418,0.0,0.7808105872622002,0.0,0.0,1.0,17160.894612623444,0.0,-2.685704765925856e-15,2.61706381612795e-13,0.0,0.0,0.0,0.0,,,0.0,300.0,57.20298204207814,0.0,0.0
batched_greedy@10s+aware,5,300,2418,1920,0.794044665012407,0.205955334987593,0.1385442514474772,0.0674110835401158,0.0,278.4922783196381,247.16301965323737,522.3282896402726,266.0288597863282,768.0,32.73125,245.7610283196381,0.1571067434338178,0.1434780144117195,0.6994152421544627,1092,17.57967032967033,0.0631863553107472,0.1274699991336089,0.0415019762845849,,,,2418,0.0,0.794044665012407,0.0,0.0,1.0,17410.20439298678,0.0,3.259429763128689e-15,2.6866379491489553e-13,0.0,0.0,0.0,0.0,,,0.0,300.0,58.03401464328927,0.0,0.0
batched_greedy@10s+aware,0,350,2418,1950,0.8064516129032258,0.1935483870967742,0.1315136476426799,0.0620347394540942,0.0,251.51740406645897,209.1143446822657,493.0972002493023,243.940909223902,780.0,26.201538461538465,225.3158656049205,0.2739066515684427,0.1175709640189301,0.6085223844126271,1116,15.52777777777778,0.0754018817139848,0.1438250006685847,0.0510323334631866,,,,2418,0.0,0.8064516129032258,0.0,0.0,1.0,17626.695303915843,0.0,-1.0291482765704784e-15,2.628668792608434e-13,0.0,0.0,0.0,0.0,,,0.0,350.0,50.36198658261669,0.0,0.0
batched_greedy@10s+aware,1,350,2418,1963,0.8118279569892473,0.1881720430107527,0.1253101736972704,0.0628618693134822,0.0,252.34258893335425,214.6061875500518,498.4350888440508,244.59152114059285,785.2,25.356087620988284,226.986501312366,0.2669972294908533,0.1187085783622565,0.6142941921468901,1102,14.994555353901996,0.073061433764012,0.1468890016803925,0.0560891279293123,,,,2418,0.0,0.8118279569892473,0.0,0.0,1.0,17800.62855580487,0.0,5.182473570680201e-15,2.6277321859172844e-13,0.0,0.0,0.0,0.0,,,0.0,350.0,50.85893873087105,0.0,0.0
batched_greedy@10s+aware,2,350,2418,1966,0.8130686517783292,0.1869313482216708,0.1286186931348221,0.0583126550868486,0.0,260.67332051321034,222.0159308270613,506.0930954234104,250.4391044516572,786.4,29.07680569684639,231.596514816364,0.2732111451594122,0.1214310637076371,0.6053577911329507,1071,15.912231559290383,0.0764029879085145,0.1519800001915427,0.0577589526376588,,,,2418,0.0,0.8130686517783292,0.0,0.0,1.0,17672.556657882196,0.0,3.417634661765741e-16,2.6430920298577174e-13,0.0,0.0,0.0,0.0,,,0.0,350.0,50.49301902252056,0.0,0.0
batched_greedy@10s+aware,3,350,2418,1941,0.8027295285359801,0.1972704714640198,0.1269644334160463,0.0703060380479735,0.0,248.08859737020867,208.2007485005697,486.1860773176195,241.607524068868,776.4,22.13807315816589,225.9505242120428,0.2749618156991107,0.1183202954464281,0.6067178888544612,1099,15.353048225659691,0.0761592356942594,0.153505999223853,0.044513861772745,,,,2418,0.0,0.8027295285359801,0.0,0.0,1.0,17577.724404028395,0.0,9.307341090520632e-15,2.642653398188444e-13,0.0,0.0,0.0,0.0,,,0.0,350.0,50.22206972579541,0.0,0.0
batched_greedy@10s+aware,4,350,2418,1968,0.8138957816377171,0.1861042183622828,0.1224152191894127,0.0636889991728701,0.0,251.3085964403753,216.0805960704972,488.5998386351735,244.3743388763853,787.2,25.223069105691057,226.08552733468423,0.262033604709935,0.118404133875552,0.619562261414513,1109,14.982867448151488,0.0731022542581646,0.1467680008499883,0.0438494373302289,,,,2418,0.0,0.8138957816377171,0.0,0.0,1.0,17964.207913923245,0.0,8.17232460565542e-15,2.600927603372461e-13,0.0,0.0,0.0,0.0,,,0.0,350.0,51.32630832549499,0.0,0.0
batched_greedy@10s+aware,5,350,2418,1965,0.8126550868486352,0.1873449131513647,0.1236559139784946,0.0636889991728701,0.0,249.24023062907787,214.66303894547676,489.9647104514437,241.48056220797207,786.0,24.106870229007637,225.13336040007025,0.2622608029111102,0.1189356011462756,0.6188035959426142,1090,14.794495412844038,0.0746511009235683,0.1489330006188538,0.0471953578336557,,,,2418,0.0,0.8126550868486352,0.0,0.0,1.0,17956.512679927688,0.0,-3.4295438979515008e-15,2.6606910059403e-13,0.0,0.0,0.0,0.0,,,0.0,350.0,51.30432194265054,0.0,0.0
batched_greedy@10s+aware,0,400,2418,2007,0.8300248138957816,0.1699751861042183,0.1174524400330851,0.0525227460711331,0.0,233.17875557573825,191.77270598530413,462.9003169173244,230.17503867113925,802.8,22.383657199800695,210.7950983759376,0.3511450695395888,0.1001271893497338,0.5487277411106773,1115,13.954260089686098,0.0790209865138548,0.1629579989821649,0.0492118415993848,,,,2418,0.0,0.8300248138957816,0.0,0.0,1.0,18292.21443304914,0.0,-4.254361354154038e-15,2.61464990167103e-13,0.0,0.0,0.0,0.0,,,0.0,400.0,45.73053608262285,0.0,0.0
batched_greedy@10s+aware,1,400,2418,2005,0.8291976840363937,0.1708023159636063,0.1120760959470636,0.0587262200165425,0.0,233.8420833013424,187.07216639553732,472.91281150450976,229.85758155344948,802.0,22.84089775561097,211.00118554573143,0.3443781905619637,0.1008624440829865,0.5547593653550498,1092,13.784798534798536,0.077410256419284,0.155404999859456,0.0520516717325227,,,,2418,0.0,0.8291976840363937,0.0,0.0,1.0,18301.71560017137,0.0,1.0330999009993252e-14,2.569429291111589e-13,0.0,0.0,0.0,0.0,,,0.0,400.0,45.75428900042843,0.0,0.0
batched_greedy@10s+aware,2,400,2418,2005,0.8291976840363937,0.1708023159636063,0.1174524400330851,0.053349875930521,0.0,245.7549684455483,205.1740433575619,500.4816489934273,240.81564233738084,802.0,24.9930174563591,220.7619509891892,0.3535863528989507,0.1047899411079923,0.5416237059930569,1095,14.446575342465753,0.077154977154691,0.1609239992467337,0.0450693374422188,,,,2418,0.0,0.8291976840363937,0.0,0.0,1.0,17970.700737154133,0.0,-2.937190529586873e-15,2.6628984415139457e-13,0.0,0.0,0.0,0.0,,,0.0,400.0,44.92675184288533,0.0,0.0
batched_greedy@10s+aware,3,400,2418,1987,0.8217535153019024,0.1782464846980976,0.1211745244003308,0.0570719602977667,0.0,234.1421441589056,188.54701671220937,482.4403216340463,233.59113063577985,794.8,22.53497735279316,211.60716680611247,0.3551915501652139,0.1006064852035984,0.5442019646311876,1099,15.173794358507736,0.083300090950694,0.1716140006101341,0.0515979976896418,,,,2418,0.0,0.8217535153019024,0.0,0.0,1.0,18039.47076567764,0.0,1.0707086953340184e-14,2.6059275522563994e-13,0.0,0.0,0.0,0.0,,,0.0,400.0,45.09867691419409,0.0,0.0
batched_greedy@10s+aware,4,400,2418,2010,0.8312655086848635,0.1687344913151365,0.1141439205955335,0.0545905707196029,0.0,235.33962140323487,196.6042654197672,473.7907888395487,231.46821355368803,804.0,22.223383084577115,213.11623831865776,0.3426472181330178,0.1016511117966414,0.5557016700703407,1114,13.601436265709156,0.0760086175635134,0.156582999989041,0.0424055512721665,,,,2418,0.0,0.8312655086848635,0.0,0.0,1.0,18393.35440640902,0.0,4.413716490136667e-15,2.554584515179041e-13,0.0,0.0,0.0,0.0,,,0.0,400.0,45.98338601602255,0.0,0.0
batched_greedy@10s+aware,5,400,2418,2020,0.8354011579818031,0.1645988420181968,0.1025641025641025,0.0620347394540942,0.0,231.43952922794864,194.6060126260495,470.8100390180309,225.85846126446384,808.0,21.04356435643564,210.39596487151297,0.3411425498673312,0.1018705783598722,0.5569868717727965,1076,13.00650557620818,0.0815927509643272,0.1651249995120451,0.0562640660165041,,,,2418,0.0,0.8354011579818031,0.0,0.0,1.0,18412.54705551205,0.0,8.023285006672295e-15,2.599568525237608e-13,0.0,0.0,0.0,0.0,,,0.0,400.0,46.03136763878012,0.0,0.0
batched_greedy@10s+aware,0,450,2418,2037,0.8424317617866005,0.1575682382133995,0.1058726220016542,0.0516956162117452,0.0,216.98521362578808,173.0544829452224,451.2109172813186,215.7199443662024,814.8,19.511536573392245,197.47367705239583,0.4170766822680015,0.0863762093342143,0.4965471083977842,1110,12.654954954954954,0.0837471171253783,0.1650999984121881,0.0489935434865172,,,,2418,0.0,0.8424317617866005,0.0,0.0,1.0,18542.42123570376,0.0,1.184652114582354e-14,2.5944598566840253e-13,0.0,0.0,0.0,0.0,,,0.0,450.0,41.20538052378613,0.0,0.0
batched_greedy@10s+aware,1,450,2418,2064,0.8535980148883374,0.1464019851116625,0.0951199338296112,0.0512820512820512,0.0,218.3954297376517,174.48909219037796,451.7911870669572,217.30502837030932,825.6,20.109011627906977,198.2864181097448,0.4039154790811153,0.0881570951751194,0.5079274257437653,1074,12.412476722532588,0.0852662011155805,0.1681269996333867,0.0610207100591716,,,,2418,0.0,0.8535980148883374,0.0,0.0,1.0,18823.420941614877,0.0,3.450943234876528e-15,2.5756335049250137e-13,0.0,0.0,0.0,0.0,,,0.0,450.0,41.82982431469972,0.0,0.0
batched_greedy@10s+aware,2,450,2418,2042,0.8444995864350703,0.1555004135649297,0.1017369727047146,0.053763440860215,0.0,232.47531980542183,189.51305485700323,480.0002482795712,228.20405876511128,816.8,21.71988246816846,210.7554373372534,0.4126910715489887,0.0916548858487839,0.4956540426022274,1068,13.068352059925092,0.0853663857920996,0.1664610003354026,0.0468986384266263,,,,2418,0.0,0.8444995864350703,0.0,0.0,1.0,18505.04878546774,0.0,6.758550624148088e-15,2.655625202818517e-13,0.0,0.0,0.0,0.0,,,0.0,450.0,41.12233063437276,0.0,0.0
batched_greedy@10s+aware,3,450,2418,2031,0.8399503722084367,0.1600496277915633,0.1038047973531844,0.0562448304383788,0.0,226.11602157237493,182.22118779864832,474.8058528466272,225.43366810666552,812.4,21.10930576070901,205.0067158116659,0.4154408363263917,0.0885992105456588,0.4959599531279494,1093,13.697163769441904,0.0830314730065638,0.1794720005273116,0.0528301886792452,,,,2418,0.0,0.8399503722084367,0.0,0.0,1.0,18523.508248144117,0.0,2.517380144265766e-15,2.645247662251103e-13,0.0,0.0,0.0,0.0,,,0.0,450.0,41.16335166254248,0.0,0.0
batched_greedy@10s+aware,4,450,2418,2051,0.8482216708023159,0.151778329197684,0.0938792390405293,0.0578990901571546,0.0,217.09899344889752,174.06526772136385,457.6782607412724,215.40030474665085,820.4,19.390053632374453,197.70893981652304,0.4089588921717439,0.0869636384675459,0.5040774693607102,1104,12.13677536231884,0.084023822494047,0.1701250008409261,0.0476369092273068,,,,2418,0.0,0.8482216708023159,0.0,0.0,1.0,18829.75380631753,0.0,7.0047440408870666e-15,2.625303409303822e-13,0.0,0.0,0.0,0.0,,,0.0,450.0,41.84389734737229,0.0,0.0
batched_greedy@10s+aware,5,450,2418,2079,0.8598014888337469,0.1401985111662531,0.0856079404466501,0.0545905707196029,0.0,212.0765828464598,171.05875408901102,449.54022417630057,209.7042848298192,831.6,18.35545935545936,193.7211234910004,0.4048529552715836,0.0863400213392738,0.5088070233891424,1075,11.46046511627907,0.0832302325562882,0.162301999189367,0.050148588410104,,,,2418,0.0,0.8598014888337469,0.0,0.0,1.0,19031.348100919346,0.0,3.1823189265734645e-15,2.601397265522944e-13,0.0,0.0,0.0,0.0,,,0.0,450.0,42.29188466870965,0.0,0.0
batched_greedy@10s+aware,0,500,2418,2075,0.8581472291149711,0.1418527708850289,0.0942928039702233,0.0475599669148056,0.0,207.1942230875141,163.85030268198716,442.8850723802096,207.29204112055783,830.0,17.502650602409638,189.69157248510447,0.4652191547274509,0.0766810428653583,0.4580998024071907,1110,11.564864864864864,0.0878425225629791,0.1811930007170305,0.0534379671150971,,,,2418,0.0,0.8581472291149711,0.0,0.0,1.0,19000.946292717617,0.0,3.757850790916783e-15,2.594074887961635e-13,0.0,0.0,0.0,0.0,,,0.0,500.0,38.00189258543524,0.0,0.0
batched_greedy@10s+aware,1,500,2418,2087,0.8631100082712986,0.1368899917287014,0.0847808105872622,0.0521091811414392,0.0,206.22386747782124,162.46673223632845,441.7036663900549,206.2154674695643,834.8,17.99233349305223,188.23153398476904,0.460701764253511,0.0763984987400198,0.4628997370064691,1071,11.439775910364146,0.0905926236911203,0.1679999997577396,0.064210142283838,,,,2418,0.0,0.8631100082712986,0.0,0.0,1.0,19050.0764263013,0.0,9.370558952643606e-15,2.576379188784716e-13,0.0,0.0,0.0,0.0,,,0.0,500.0,38.1001528526026,0.0,0.0
batched_greedy@10s+aware,2,500,2418,2085,0.8622828784119106,0.1377171215880893,0.0872622001654259,0.0504549214226633,0.0,218.6153544092126,175.36220628291085,464.73200042335,215.586136255454,834.0,19.219184652278177,199.39616975693448,0.4583528492138717,0.0805152009368792,0.461131949849249,1063,11.499529633113829,0.0892607713912349,0.1709799997115623,0.0494056463595839,,,,2418,0.0,0.8622828784119106,0.0,0.0,1.0,19142.601202248778,0.0,8.994883175624937e-15,2.6121071732468543e-13,0.0,0.0,0.0,0.0,,,0.0,500.0,38.285202404497554,0.0,0.0
batched_greedy@10s+aware,3,500,2418,2052,0.8486352357320099,0.1513647642679901,0.1025641025641025,0.0488006617038875,0.0,208.4420254497007,164.38827861510845,444.6398772139472,210.9383803791081,820.8,18.260721247563357,190.1813042021373,0.4733130556455838,0.0758896603617493,0.4507972839926668,1099,12.747042766151049,0.0909453138891238,0.1854020001701428,0.0548872180451127,,,,2418,0.0,0.8486352357320099,0.0,0.0,1.0,18716.096351647928,0.0,6.349913014722557e-15,2.616332535070208e-13,0.0,0.0,0.0,0.0,,,0.0,500.0,37.432192703295854,0.0,0.0
batched_greedy@10s+aware,4,500,2418,2097,0.8672456575682382,0.1327543424317618,0.0781637717121588,0.0545905707196029,0.0,208.20390524372505,160.85843617491855,444.27193802279714,206.88067821095385,838.8,18.420123986647592,189.7837812570774,0.4553849998120623,0.0776727557269552,0.4669422444609823,1104,10.940217391304348,0.0867470108605103,0.1771129996450327,0.0522058823529411,,,,2418,0.0,0.8672456575682382,0.0,0.0,1.0,19400.192095564453,0.0,-8.133376344063664e-15,2.530219979913297e-13,0.0,0.0,0.0,0.0,,,0.0,500.0,38.800384191128906,0.0,0.0
batched_greedy@10s+aware,5,500,2418,2107,0.8713813068651778,0.1286186931348221,0.0827129859387924,0.0459057071960297,0.0,204.93006215667032,158.84172348092716,444.65083230904366,204.0954726928757,842.8,18.64451827242525,186.2855438842451,0.4571729408257079,0.0759970590166339,0.4668300001576581,1085,11.004608294930875,0.0883653456143217,0.1741919996129584,0.0503517215845982,,,,2418,0.0,0.8713813068651778,0.0,0.0,1.0,19414.84050077465,0.0,-1.066277794319633e-15,2.514988691912472e-13,0.0,0.0,0.0,0.0,,,0.0,500.0,38.82968100154931,0.0,0.0
optimal@10s+aware,0,300,2418,1914,0.7915632754342432,0.2084367245657568,0.141025641025641,0.0674110835401158,0.0,273.87568050811444,243.9861012188478,508.3124961047076,261.40649217525896,765.6,28.717345872518287,245.15833463559616,0.1647566352879467,0.1441752932478067,0.6910680714642465,1116,16.746415770609318,0.1362750000049756,0.2039200006947793,0.0485781990521327,3.0742367930733208,0.0002238394178052,0.0385304659498207,2418,0.0,0.7915632754342432,0.0,0.0,1.0,17391.735426916664,0.0,1.780069183892205e-15,2.6527021610322713e-13,0.0,0.0,0.0,0.0,,,0.0,300.0,57.97245142305555,0.0,0.0
optimal@10s+aware,1,300,2418,1915,0.7919768403639371,0.2080231596360628,0.1476426799007444,0.0603804797353184,0.0,282.4244997843104,253.04517071445665,517.7690897301796,271.3469444850319,766.0,32.463707571801564,249.96079221250884,0.1637782521022684,0.1455514503386979,0.6906702975590336,1088,18.149816176470587,0.1354353860412683,0.1988260003236064,0.050592885375494,3.721330400251711,0.0002486608085761,0.0395220588235294,2418,0.0,0.7919768403639371,0.0,0.0,1.0,17219.901434514562,0.0,-7.161083446563934e-16,2.674590459173012e-13,0.0,0.0,0.0,0.0,,,0.0,300.0,57.39967144838188,0.0,0.0
optimal@10s+aware,2,300,2418,1904,0.7874276261373035,0.2125723738626964,0.1497105045492142,0.0628618693134822,0.0,279.0363212840555,252.97103396985176,507.1701942332701,266.15837690280404,761.6,29.735819327731093,249.3005019563244,0.1671199633299525,0.1459595016646618,0.6869205350053857,1073,17.667287977632807,0.1375171482089817,0.2051720001327339,0.0515055467511885,3.5400220203982435,0.0002438223196146,0.0428704566635601,2418,0.0,0.7874276261373035,0.0,0.0,1.0,17136.36082003812,0.0,3.1576048965074305e-15,2.658018529833984e-13,0.0,0.0,0.0,0.0,,,0.0,300.0,57.12120273346039,0.0,0.0
optimal@10s+aware,3,300,2418,1883,0.7787427626137303,0.2212572373862696,0.140612076095947,0.0806451612903225,0.0,278.95695136961484,249.6989019149787,514.4600444100861,264.3971032002696,753.2,28.929368029739777,250.02758333987512,0.1662190607119418,0.1452000850968963,0.6885808541911618,1100,17.53727272727273,0.140108181798992,0.2032019993202993,0.0428741564112743,4.996002422871424,0.0003453385511713,0.0436363636363636,2418,0.0,0.7787427626137303,0.0,0.0,1.0,17116.3280566352,0.0,1.853712793107537e-16,2.638408757418384e-13,0.0,0.0,0.0,0.0,,,0.0,300.0,57.05442685545067,0.0,0.0
optimal@10s+aware,4,300,2418,1905,0.7878411910669976,0.2121588089330024,0.1422663358147229,0.0698924731182795,0.0,271.8103209966906,241.20081265778936,496.3443878560652,259.9050105605666,762.0,27.561154855643046,244.2491661410476,0.1596744573610729,0.1439010547949176,0.6964244878440095,1113,16.69811320754717,0.1335753818063338,0.1958559992635854,0.0417827298050139,2.99696112200212,0.0002188855442183,0.0395327942497753,2418,0.0,0.7878411910669976,0.0,0.0,1.0,17338.82383823244,0.0,1.0117307982935809e-15,2.664078348417276e-13,0.0,0.0,0.0,0.0,,,0.0,300.0,57.7960794607748,0.0,0.0
optimal@10s+aware,5,300,2418,1925,0.7961124896608768,0.2038875103391232,0.1356492969396195,0.0682382133995037,0.0,281.7043065694117,254.61495980547895,517.7342015486652,266.62925832679264,770.0,31.791168831168832,249.91313773824285,0.1528020601541855,0.1471490260211683,0.7000489138246462,1089,16.920110192837466,0.1357120293716728,0.1984360007918439,0.0440251572327044,3.320340645122416,0.0002396124723935,0.0376492194674012,2418,0.0,0.7961124896608768,0.0,0.0,1.0,17524.891350926075,0.0,-6.175723713083728e-15,2.681666721294384e-13,0.0,0.0,0.0,0.0,,,0.0,300.0,58.41630450308691,0.0,0.0
optimal@10s+aware,0,350,2418,1967,0.8134822167080231,0.1865177832919768,0.1215880893300248,0.064929693961952,0.0,254.8125379391969,219.72709417799524,490.005365180598,245.85604577278067,786.8,26.473309608540927,228.33922833065597,0.2704837396292006,0.1199810068921094,0.60953525347869,1116,15.07706093189964,0.1387751792557094,0.2113799990183905,0.0505596294866846,3.2139167206797725,0.0002646897994305,0.0295698924731182,2418,0.0,0.8134822167080231,0.0,0.0,1.0,17760.03426862193,0.0,6.976061258341172e-15,2.607544186785962e-13,0.0,0.0,0.0,0.0,,,0.0,350.0,50.74295505320552,0.0,0.0
optimal@10s+aware,1,350,2418,1954,0.8081058726220016,0.1918941273779983,0.1290322580645161,0.0628618693134822,0.0,252.46218121027755,215.1471479409272,489.851157917494,245.7145246821268,781.6,24.794779938587517,227.66740127169004,0.267699617204683,0.119172187650245,0.6131281951450719,1102,15.3021778584392,0.1361708711354899,0.1971990009042201,0.0577367205542725,2.606525845235033,0.0002114840464175,0.0317604355716878,2418,0.0,0.8081058726220016,0.0,0.0,1.0,17777.28547801725,0.0,-5.205207355780954e-15,2.6055786665071293e-13,0.0,0.0,0.0,0.0,,,0.0,350.0,50.792244222906426,0.0,0.0
optimal@10s+aware,2,350,2418,1969,0.814309346567411,0.1856906534325889,0.1273779983457403,0.0583126550868486,0.0,259.8051639717088,219.83945205232703,511.6037752786253,250.38126938582027,787.6,28.29761300152361,231.5075509701852,0.273064654243417,0.1217488254915348,0.6051865202650482,1076,15.779739776951672,0.1411871747368287,0.2067000000351981,0.0525908739365815,3.450202865742269,0.0002710987101444,0.0306691449814126,2418,0.0,0.814309346567411,0.0,0.0,1.0,17632.638206959044,0.0,4.0721334097729204e-15,2.647387416223332e-13,0.0,0.0,0.0,0.0,,,0.0,350.0,50.37896630559727,0.0,0.0
optimal@10s+aware,3,350,2418,1956,0.8089330024813896,0.1910669975186104,0.1220016542597187,0.0690653432588916,0.0,247.06898172576064,208.94631502745824,483.8587982236468,241.08364946880383,782.4,20.099693251533743,226.9692884742269,0.2686482999167143,0.1209276729668949,0.6104240271163907,1099,14.751592356687896,0.1383381255747853,0.2024319986958289,0.0416991426344505,1.8087987290220275,0.00015266280976,0.0282074613284804,2418,0.0,0.8089330024813896,0.0,0.0,1.0,17690.990811388678,0.0,1.0855211299259302e-14,2.612615872337333e-13,0.0,0.0,0.0,0.0,,,0.0,350.0,50.54568803253908,0.0,0.0
optimal@10s+aware,4,350,2418,1969,0.814309346567411,0.1856906534325889,0.1170388751033912,0.0686517783291976,0.0,248.80043598757425,213.12006653481055,482.5342260759299,240.96060301417867,787.6,24.13864906043677,224.66178692713743,0.2636985736629794,0.1191231991287167,0.6171782272083038,1109,14.4761045987376,0.1359684400404025,0.1999840000644328,0.0443672839506172,3.3333631772813708,0.0002876014786297,0.0405770964833183,2418,0.0,0.814309346567411,0.0,0.0,1.0,17873.836856499332,0.0,4.695752843615187e-15,2.565153100934641e-13,0.0,0.0,0.0,0.0,,,0.0,350.0,51.068105304283804,0.0,0.0
optimal@10s+aware,5,350,2418,1980,0.8188585607940446,0.1811414392059553,0.1133167907361455,0.0678246484698097,0.0,252.4654570294124,214.19366246652064,498.64358238327947,243.77960216013875,792.0,25.86414141414141,226.60131561527092,0.257483536011249,0.1199893118360515,0.6225271521526994,1088,14.762867647058824,0.1366161764722432,0.2046909992714062,0.0482019892884468,4.266231703169312,0.000361377436244,0.0358455882352941,2418,0.0,0.8188585607940446,0.0,0.0,1.0,18011.881854815023,0.0,8.296169587446448e-15,2.624681616828529e-13,0.0,0.0,0.0,0.0,,,0.0,350.0,51.462519585185774,0.0,0.0
optimal@10s+aware,0,400,2418,2014,0.8329197684036393,0.1670802315963606,0.1178660049627791,0.0492142266335814,0.0,234.4269573016857,194.84442517245637,467.20404730363975,231.87070061139207,805.6,22.01588877855015,212.41106852313555,0.3472910565127559,0.1018177624077655,0.5508911810794785,1115,13.900448430493274,0.1324765919192199,0.2017199994224936,0.0506912442396313,2.638641546086589,0.0002395686345301,0.0295964125560538,2418,0.0,0.8329197684036393,0.0,0.0,1.0,18384.51286417997,0.0,-1.770623810871898e-16,2.6422712633116164e-13,0.0,0.0,0.0,0.0,,,0.0,400.0,45.961282160449926,0.0,0.0
optimal@10s+aware,1,400,2418,2017,0.8341604631927213,0.1658395368072787,0.1100082712985938,0.0558312655086848,0.0,237.0077515474761,193.15495029251903,475.5194214508127,232.4816142797316,806.8,23.71690629647992,213.29084525099617,0.3391958262510784,0.1028087550782366,0.5579954186706849,1079,13.8758109360519,0.1455481927782291,0.2073439995365333,0.053030303030303,2.3136668685222213,0.000211598548157,0.0278035217794253,2418,0.0,0.8341604631927213,0.0,0.0,1.0,18403.95458402756,0.0,2.8919741057910626e-15,2.580387289287488e-13,0.0,0.0,0.0,0.0,,,0.0,400.0,46.0098864600689,0.0,0.0
optimal@10s+aware,2,400,2418,2012,0.8320926385442514,0.1679073614557485,0.1120760959470636,0.0558312655086848,0.0,246.18285030539136,205.7870393376957,488.0668883529981,240.02145957515975,804.8,24.21272365805169,221.97012664733967,0.3502587335003304,0.1059506060983123,0.5437906604013572,1074,14.191806331471136,0.1481016759488581,0.213362000631605,0.0521110688474705,3.347556434784348,0.0002978855376525,0.0391061452513966,2418,0.0,0.8320926385442514,0.0,0.0,1.0,18101.102783731563,0.0,-1.0587731266052512e-14,2.6294870853269706e-13,0.0,0.0,0.0,0.0,,,0.0,400.0,45.252756959328906,0.0,0.0
optimal@10s+aware,3,400,2418,2001,0.8275434243176178,0.1724565756823821,0.1153846153846153,0.0570719602977667,0.0,235.37986266229495,193.82451318764103,484.5540738654436,233.40377256632328,800.4,22.55272363818091,212.82713902411408,0.349250608036894,0.1015474872016297,0.5492019047614762,1099,14.64877161055505,0.140197634211954,0.206509999006812,0.0549408622663105,1.7203233318545228,0.0001474297714862,0.0272975432211101,2418,0.0,0.8275434243176178,0.0,0.0,1.0,18241.0857971892,0.0,6.929877849859173e-15,2.61068306181396e-13,0.0,0.0,0.0,0.0,,,0.0,400.0,45.602714492973,0.0,0.0
optimal@10s+aware,4,400,2418,2006,0.8296112489660876,0.1703887510339123,0.1145574855252274,0.0558312655086848,0.0,233.25487531558468,195.74928774844105,460.9395760921698,230.000842291325,802.4,20.792123629112663,212.46275168647205,0.3429986241827162,0.1016570608032017,0.555344315014082,1109,13.536519386834987,0.140566456257828,0.2089999998133862,0.0453671664744329,2.369047059623932,0.0002216147755307,0.0333633904418394,2418,0.0,0.8296112489660876,0.0,0.0,1.0,18379.624797673558,0.0,-3.829660638682071e-15,2.563105372122807e-13,0.0,0.0,0.0,0.0,,,0.0,400.0,45.94906199418388,0.0,0.0
optimal@10s+aware,5,400,2418,2035,0.8416046319272126,0.1583953680727874,0.1025641025641025,0.0558312655086848,0.0,231.77744753785805,192.71254203234275,472.59702608997947,227.44974537634613,814.0,21.495331695331696,210.28211584252637,0.3399566635835965,0.1017386308135523,0.5583047056028512,1084,12.99538745387454,0.1437596863432667,0.2118340007655206,0.056617922759655,2.7160160565323066,0.0002683626820397,0.0378228782287822,2418,0.0,0.8416046319272126,0.0,0.0,1.0,18542.028941122197,0.0,1.1163333429916438e-14,2.607598003207511e-13,0.0,0.0,0.0,0.0,,,0.0,400.0,46.35507235280548,0.0,0.0
optimal@10s+aware,0,450,2418,2045,0.8457402812241522,0.1542597187758478,0.0996691480562448,0.0545905707196029,0.0,219.75922264898972,176.8270320927004,453.1056405068574,217.1507643931831,818.0,20.63765281173594,199.1215698372538,0.4124060546341551,0.0867139345097938,0.500880010856051,1108,12.548736462093864,0.1425675992923652,0.2117859994541504,0.0512241054613935,1.813925273054884,0.0001865812269205,0.0306859205776173,2418,0.0,0.8457402812241522,0.0,0.0,1.0,18661.199415805677,0.0,3.3283889092283176e-15,2.580219113619455e-13,0.0,0.0,0.0,0.0,,,0.0,450.0,41.46933203512372,0.0,0.0
optimal@10s+aware,1,450,2418,2067,0.8548387096774194,0.1451612903225806,0.0938792390405293,0.0512820512820512,0.0,218.08296480673303,174.6392368249317,451.37155618217184,216.75840027380468,826.8,19.80503144654088,198.27793336019212,0.4035019273481043,0.0885235701527526,0.5079745024991431,1078,12.175324675324676,0.1461368274536106,0.2181150006617827,0.0550185873605948,1.801290403769208,0.0001933140458132,0.0278293135435992,2418,0.0,0.8548387096774194,0.0,0.0,1.0,18869.51890002217,0.0,1.6261786305540028e-15,2.603301652085685e-13,0.0,0.0,0.0,0.0,,,0.0,450.0,41.932264222271485,0.0,0.0
optimal@10s+aware,2,450,2418,2040,0.8436724565756824,0.1563275434243176,0.1033912324234904,0.0529363110008271,0.0,232.74483156084665,192.0181411240992,481.852919091479,228.9632551500033,816.0,21.28382352941177,211.4610080314349,0.4092262545507726,0.0919847543791791,0.4987889910700482,1068,13.131086142322095,0.1476555242994974,0.2153319995341007,0.050566037735849,1.938695336388103,0.0001895265905713,0.0346441947565543,2418,0.0,0.8436724565756824,0.0,0.0,1.0,18585.322741236712,0.0,1.8936921747478897e-15,2.579159108506701e-13,0.0,0.0,0.0,0.0,,,0.0,450.0,41.30071720274825,0.0,0.0
optimal@10s+aware,3,450,2418,2035,0.8416046319272126,0.1583953680727874,0.1013234077750206,0.0570719602977667,0.0,226.38535552446984,185.2854758528183,468.9853735221005,223.72430382586725,814.0,19.861425061425063,206.5239304630448,0.4132279035083928,0.0898911774772122,0.4968809190143949,1093,12.96523330283623,0.1407609332620163,0.2187800011597571,0.0491307634164777,2.4587831470156303,0.0002430231570258,0.0329368709972552,2418,0.0,0.8416046319272126,0.0,0.0,1.0,18539.263599018537,0.0,7.692454372095679e-16,2.587822394265687e-13,0.0,0.0,0.0,0.0,,,0.0,450.0,41.19836355337453,0.0,0.0
optimal@10s+aware,4,450,2418,2058,0.8511166253101737,0.1488833746898263,0.0938792390405293,0.0550041356492969,0.0,215.49506913763864,174.19238671321637,445.0870939399188,214.48840561810516,823.2,17.420796890184647,198.074272247454,0.4048317973751324,0.0882874533583593,0.5068807492665083,1104,11.745471014492754,0.1456058876463931,0.2183789986884221,0.049063670411985,2.3060443927934,0.0002566924966103,0.0389492753623188,2418,0.0,0.8511166253101737,0.0,0.0,1.0,18892.006043758098,0.0,1.0243398829729093e-15,2.554287631207035e-13,0.0,0.0,0.0,0.0,,,0.0,450.0,41.98223565279577,0.0,0.0
optimal@10s+aware,5,450,2418,2087,0.8631100082712986,0.1368899917287014,0.086848635235732,0.0500413564929694,0.0,218.8553560416775,176.19037638351074,452.8041890442143,215.8407085568348,834.8,19.988500239578343,198.8668558020992,0.3996127713517288,0.0884871031738545,0.5119001254744168,1074,11.706703910614523,0.1465744879193217,0.2144070012218434,0.0533728687916975,2.596559707538665,0.000292308204772,0.0391061452513966,2418,0.0,0.8631100082712986,0.0,0.0,1.0,19137.27770747996,0.0,-6.6772972712481866e-15,2.558813513522079e-13,0.0,0.0,0.0,0.0,,,0.0,450.0,42.52728379439992,0.0,0.0
optimal@10s+aware,0,500,2418,2074,0.8577336641852771,0.1422663358147229,0.0922249793217535,0.0500413564929694,0.0,206.7145215044604,164.47528457898852,441.2659676712217,206.726872927362,829.6,17.48264223722276,189.2318792672376,0.4656292770016354,0.0763554800707064,0.4580152429276581,1110,11.546846846846847,0.1432881981895047,0.2030729986654478,0.0610432852386237,1.2041707355186286,0.000137404414688,0.0225225225225225,2418,0.0,0.8577336641852771,0.0,0.0,1.0,19005.275842834617,0.0,-2.3102702650324257e-15,2.60912367463989e-13,0.0,0.0,0.0,0.0,,,0.0,500.0,38.01055168566924,0.0,0.0
optimal@10s+aware,1,500,2418,2090,0.8643507030603805,0.1356492969396195,0.0885028949545078,0.0471464019851116,0.0,204.5346638954116,159.84648253949354,444.56429361824473,205.44947614819728,836.0,18.865550239234448,185.66911365617716,0.4604549763229813,0.0753704387405884,0.4641745849364302,1071,11.709617180205417,0.1526100840433797,0.2243199995064059,0.0616740088105726,2.294619101697057,0.0002600693093188,0.0326797385620915,2418,0.0,0.8643507030603805,0.0,0.0,1.0,19112.5541136655,0.0,-1.5122406251210028e-15,2.607438985617692e-13,0.0,0.0,0.0,0.0,,,0.0,500.0,38.225108227331006,0.0,0.0
optimal@10s+aware,2,500,2418,2098,0.8676592224979321,0.1323407775020678,0.0814722911497105,0.0508684863523573,0.0,218.5130130442664,173.8960649716687,467.8264239056314,215.828765620532,839.2,17.86177311725453,200.65123992701183,0.455062194104298,0.0819209507472769,0.463016855148425,1062,11.080979284369114,0.149303389833516,0.2190289998725348,0.0487985212569316,2.4017353474966514,0.0002892336741774,0.0338983050847457,2418,0.0,0.8676592224979321,0.0,0.0,1.0,19173.38340152322,0.0,8.94168755562259e-15,2.5860576258535164e-13,0.0,0.0,0.0,0.0,,,0.0,500.0,38.34676680304644,0.0,0.0
optimal@10s+aware,3,500,2418,2049,0.847394540942928,0.1526054590570719,0.1062861869313482,0.0463192721257237,0.0,211.859748845794,167.40966951827977,452.0463820524271,214.2324577355824,819.6,20.039043435822357,191.8207054099716,0.4733207425562152,0.0763519377632677,0.450327319680517,1099,13.21383075523203,0.1481818016541957,0.2184320004380424,0.0557859027516019,1.8262665571530403,0.0001775938620849,0.024567788898999,2418,0.0,0.847394540942928,0.0,0.0,1.0,18705.721804268836,0.0,-1.0874225439632598e-14,2.5994130117193857e-13,0.0,0.0,0.0,0.0,,,0.0,500.0,37.41144360853767,0.0,0.0
optimal@10s+aware,4,500,2418,2106,0.8709677419354839,0.1290322580645161,0.0769230769230769,0.0521091811414392,0.0,207.79315833960683,164.19085944941162,437.6754293159584,206.87263083380537,842.4,17.5318138651472,190.26134447445963,0.4538056457245308,0.0779345839260955,0.4682597703493735,1103,10.70534904805077,0.1433132366250073,0.2184480001596968,0.046545991872922,2.4395397267370345,0.000304881914055,0.0335448776065276,2418,0.0,0.8709677419354839,0.0,0.0,1.0,19405.809805666388,0.0,-8.586146460909236e-15,2.54339548261668e-13,0.0,0.0,0.0,0.0,,,0.0,500.0,38.81161961133277,0.0,0.0
optimal@10s+aware,5,500,2418,2120,0.8767576509511993,0.1232423490488006,0.0785773366418527,0.0446650124069478,0.0,204.34620667580057,162.0328088744252,443.1317233838592,204.27040594085685,848.0,16.23066037735849,188.11554629844207,0.4546484301737609,0.0776857061169765,0.4676658637092624,1073,10.584342963653308,0.1498260018303321,0.214368000451941,0.0553925165077036,1.6366979163941402,0.0002095374682363,0.0260950605778192,2418,0.0,0.8767576509511993,0.0,0.0,1.0,19485.08353066709,0.0,5.7071747747004505e-15,2.5605660149848653e-13,0.0,0.0,0.0,0.0,,,0.0,500.0,38.97016706133419,0.0,0.0
batched_greedy@30s+aware,0,300,2418,1887,0.7803970223325062,0.2196029776674938,0.162531017369727,0.0570719602977667,0.0,271.2653674200104,238.6983525598644,499.2909896172245,263.03099118094553,754.8,39.89613142554319,231.36923599446715,0.184105462304894,0.1346752749756502,0.6812192627194559,374,22.422459893048128,0.1224828876953315,0.2145240007303072,0.0522928399034593,,,,2418,0.0,0.7803970223325062,0.0,0.0,1.0,17050.252864126414,0.0,-6.267141313358329e-15,2.614176907683462e-13,0.0,0.0,0.0,0.0,,,0.0,300.0,56.83417621375471,0.0,0.0
batched_greedy@30s+aware,1,300,2418,1903,0.7870140612076096,0.2129859387923904,0.1546732837055417,0.0583126550868486,0.0,281.9166654363244,253.058477175824,514.1551445626037,270.91957981140104,761.2,43.6573830793484,238.25928235697603,0.1707513632057629,0.1396341315651881,0.689614505229049,369,22.66937669376694,0.1195807588048661,0.2252639995276694,0.0690866510538641,,,,2418,0.0,0.7870140612076096,0.0,0.0,1.0,17224.87340461719,0.0,-7.985671445648525e-16,2.6426505055009335e-13,0.0,0.0,0.0,0.0,,,0.0,300.0,57.4162446820573,0.0,0.0
batched_greedy@30s+aware,2,300,2418,1889,0.7812241521918941,0.2187758478081058,0.1637717121588089,0.0550041356492969,0.0,281.7029764708907,248.14999480245208,521.2976171979059,270.2022577235085,755.6,42.58020116463737,239.1227753062533,0.1829294747706873,0.1386992997543744,0.6783712254749381,363,23.00826446280992,0.1160746556185583,0.2319520003948127,0.0552220888355342,,,,2418,0.0,0.7812241521918941,0.0,0.0,1.0,16951.419666956383,0.0,-6.5595432150537036e-15,2.684748488461365e-13,0.0,0.0,0.0,0.0,,,0.0,300.0,56.50473222318794,0.0,0.0
batched_greedy@30s+aware,3,300,2418,1869,0.7729528535980149,0.2270471464019851,0.1633581472291149,0.0636889991728701,0.0,274.017365029054,244.5716463915196,503.5866790816677,265.72550912180634,747.6,38.42054574638844,235.5968192826655,0.184225658624367,0.1364134292514679,0.679360912124165,371,22.84366576819407,0.1200679245537788,0.2242199998363505,0.046944556859571,,,,2418,0.0,0.7729528535980149,0.0,0.0,1.0,16841.967927074595,0.0,9.507643468667952e-15,2.697843137878751e-13,0.0,0.0,0.0,0.0,,,0.0,300.0,56.13989309024865,0.0,0.0
batched_greedy@30s+aware,4,300,2418,1882,0.7783291976840364,0.2216708023159636,0.162944582299421,0.0587262200165425,0.0,269.1303232487775,240.16797331086423,484.446063007068,261.8104059225269,752.8,38.71625929861849,230.414063950159,0.1764573875447534,0.1337143457624188,0.6898282666928276,377,22.135278514588855,0.1209758620920164,0.2295400012371828,0.0441832184839886,,,,2418,0.0,0.7783291976840364,0.0,0.0,1.0,17064.26236654464,0.0,1.3686064915676745e-15,2.604439276122366e-13,0.0,0.0,0.0,0.0,,,0.0,300.0,56.88087455514881,0.0,0.0
batched_greedy@30s+aware,5,300,2418,1928,0.7973531844499586,0.2026468155500413,0.1418527708850289,0.0607940446650124,0.0,282.8912521457903,257.20026307315675,515.8966053757458,271.89542788147213,771.2,41.86618257261411,241.02506957317613,0.1517596523811002,0.1434324836755867,0.704807863943313,369,21.94037940379404,0.1156457995527063,0.2370199998404132,0.0551211884284597,,,,2418,0.0,0.7973531844499586,0.0,0.0,1.0,17522.024646835373,0.0,-3.70381457177853e-16,2.599174909418294e-13,0.0,0.0,0.0,0.0,,,0.0,300.0,58.40674882278458,0.0,0.0
batched_greedy@30s+aware,0,350,2418,1958,0.8097601323407775,0.1902398676592225,0.1319272125723738,0.0583126550868486,0.0,255.40427942891088,216.82119006492397,484.75136486038167,248.7005021598073,783.2,37.559754851889686,217.8445245770212,0.2769920314471459,0.1140200421845953,0.6089879263682587,374,20.21657754010695,0.130360962561449,0.2394290000665932,0.0514218932606155,,,,2418,0.0,0.8097601323407775,0.0,0.0,1.0,17704.86947747262,0.0,3.0004372610349737e-15,2.607132532787325e-13,0.0,0.0,0.0,0.0,,,0.0,350.0,50.58534136420749,0.0,0.0
batched_greedy@30s+aware,1,350,2418,1949,0.8060380479735318,0.1939619520264681,0.1401985111662531,0.053763440860215,0.0,260.1090700977817,225.46767538832955,497.4828167362044,253.3828678671923,779.6,37.49153412006157,222.6175359777201,0.2747979018634068,0.1169282449450813,0.6082738531915118,372,20.387096774193548,0.1351645160935067,0.2431029996114375,0.0594405594405594,,,,2418,0.0,0.8060380479735318,0.0,0.0,1.0,17536.639631074424,0.0,4.224429938748158e-15,2.608027242659732e-13,0.0,0.0,0.0,0.0,,,0.0,350.0,50.10468466021264,0.0,0.0
batched_greedy@30s+aware,2,350,2418,1949,0.8060380479735318,0.1939619520264681,0.1401985111662531,0.053763440860215,0.0,261.6759786810962,228.2925263980505,501.9049128776122,253.79875474347776,779.6,37.553617239610055,224.1223614414861,0.2831662007843095,0.1172425967097198,0.5995912025059708,365,20.64383561643836,0.1354926027563298,0.2477320001344197,0.0506279434850863,,,,2418,0.0,0.8060380479735318,0.0,0.0,1.0,17482.38198742224,0.0,3.4895978701147814e-15,2.654056212019306e-13,0.0,0.0,0.0,0.0,,,0.0,350.0,49.9496628212064,0.0,0.0
batched_greedy@30s+aware,3,350,2418,1935,0.8002481389578163,0.1997518610421836,0.141439205955335,0.0583126550868486,0.0,254.37265092508767,217.16623486385103,484.311625993369,249.7815695702739,774.0,34.38449612403101,219.98815480105677,0.2792188172596876,0.1157105137193888,0.6050706690209235,371,20.6900269541779,0.1348323449695632,0.2406200002951664,0.0545311887014515,,,,2418,0.0,0.8002481389578163,0.0,0.0,1.0,17630.223633158363,0.0,7.145131457499741e-15,2.61557528435241e-13,0.0,0.0,0.0,0.0,,,0.0,350.0,50.37206752330961,0.0,0.0
batched_greedy@30s+aware,4,350,2418,1945,0.804383788254756,0.195616211745244,0.1348221670802316,0.0607940446650124,0.0,253.31610113326545,217.35390549391013,485.2657763695154,248.32951408492676,778.0,34.69820051413882,218.61790061912663,0.2729785612585902,0.1151155505457245,0.6119058881956851,376,19.875,0.1349372339663727,0.235799999700248,0.0499414748341787,,,,2418,0.0,0.804383788254756,0.0,0.0,1.0,17683.85837960292,0.0,7.698383490238849e-15,2.584793276303392e-13,0.0,0.0,0.0,0.0,,,0.0,350.0,50.525309656008346,0.0,0.0
batched_greedy@30s+aware,5,350,2418,1966,0.8130686517783292,0.1869313482216708,0.1315136476426799,0.0554177005789909,0.0,253.86999623068604,219.8301069247857,489.9264947937325,248.88962897326127,786.4,35.24872838250254,218.62126784818355,0.2680846863227728,0.1167277580800496,0.6151875555971775,369,19.96747967479675,0.1281021680377425,0.2402880006411578,0.0501360279828993,,,,2418,0.0,0.8130686517783292,0.0,0.0,1.0,17827.66276722871,0.0,-5.466408381674219e-15,2.664941851459343e-13,0.0,0.0,0.0,0.0,,,0.0,350.0,50.936179334939176,0.0,0.0
batched_greedy@30s+aware,0,400,2418,2023,0.836641852770885,0.1633581472291149,0.1149710504549214,0.0483870967741935,0.0,239.95134726984256,194.78218364166605,474.70148677381655,237.54864155206613,809.2,32.86356895699456,207.08777831284803,0.3489177862789851,0.1004210461676046,0.5506611675534103,374,18.47593582887701,0.1457478609708801,0.2671460003875829,0.0483685220729366,,,,2418,0.0,0.836641852770885,0.0,0.0,1.0,18379.22922990351,0.0,3.2074085245275655e-15,2.606022170180191e-13,0.0,0.0,0.0,0.0,,,0.0,400.0,45.94807307475877,0.0,0.0
batched_greedy@30s+aware,1,400,2418,2012,0.8320926385442514,0.1679073614557485,0.119106699751861,0.0488006617038875,0.0,240.2980232362858,205.34666699735635,472.6314806988146,237.7038451904484,804.8,34.07753479125248,206.22048844503328,0.34895563985772,0.0990929939856366,0.5519513661566434,367,18.850136239782017,0.1491209809315151,0.2673400008643509,0.0516647531572904,,,,2418,0.0,0.8320926385442514,0.0,0.0,1.0,18188.20765573688,0.0,3.842519410675815e-15,2.553881559510847e-13,0.0,0.0,0.0,0.0,,,0.0,400.0,45.47051913934221,0.0,0.0
batched_greedy@30s+aware,2,400,2418,2008,0.8304383788254756,0.1695616211745244,0.1220016542597187,0.0475599669148056,0.0,251.3732732112577,214.94770918893164,497.2660411124809,246.55980891272935,803.2,35.82768924302789,215.5455839682298,0.3518502574787003,0.1027813955608608,0.5453683469604388,363,19.43250688705234,0.1417190082110743,0.2635500001269975,0.048206710374084,,,,2418,0.0,0.8304383788254756,0.0,0.0,1.0,18150.73445748925,0.0,-5.979944295386376e-15,2.668637776452327e-13,0.0,0.0,0.0,0.0,,,0.0,400.0,45.37683614372313,0.0,0.0
batched_greedy@30s+aware,3,400,2418,1987,0.8217535153019024,0.1782464846980976,0.1277915632754342,0.0504549214226633,0.0,237.72700748201095,195.54313582010852,479.6117685854626,237.76846284008064,794.8,33.288374433819826,204.43863304819115,0.3584704640755147,0.0972739788051463,0.5442555571193389,371,19.80053908355795,0.1454908355657181,0.262180001118395,0.053384912959381,,,,2418,0.0,0.8217535153019024,0.0,0.0,1.0,18104.73491741096,0.0,6.581996592895996e-16,2.571343574233149e-13,0.0,0.0,0.0,0.0,,,0.0,400.0,45.26183729352739,0.0,0.0
batched_greedy@30s+aware,4,400,2418,1994,0.8246484698097601,0.1753515301902398,0.1248966087675765,0.0504549214226633,0.0,237.56135931798076,199.4699083958942,470.2992369569413,236.80134518536784,797.6,32.79989969909729,204.76145961888344,0.351338829631446,0.0978746152357223,0.5507865551328316,375,18.94933333333333,0.1453586666320916,0.2559859998291356,0.048742746615087,,,,2418,0.0,0.8246484698097601,0.0,0.0,1.0,18179.414503659507,0.0,-1.1035416423305218e-15,2.5774345323800845e-13,0.0,0.0,0.0,0.0,,,0.0,400.0,45.44853625914877,0.0,0.0
batched_greedy@30s+aware,5,400,2418,2027,0.8382961124896608,0.1617038875103391,0.1054590570719603,0.0562448304383788,0.0,233.9466724543705,193.921787630582,476.1536133467421,231.1575888723617,810.8,30.99605328071041,202.9506191736601,0.3435403262010157,0.099285333890455,0.5571743399085293,369,17.739837398373982,0.13904525748599,0.2843239998765057,0.0532075471698113,,,,2418,0.0,0.8382961124896608,0.0,0.0,1.0,18457.95124579228,0.0,2.3497073387478645e-15,2.580841860454681e-13,0.0,0.0,0.0,0.0,,,0.0,400.0,46.1448781144807,0.0,0.0
batched_greedy@30s+aware,0,450,2418,2040,0.8436724565756824,0.1563275434243176,0.1104218362282878,0.0459057071960297,0.0,224.1378631877129,182.2947315100541,457.5894057562367,223.7036205116797,816.0,29.64558823529412,194.4922749524188,0.4162202694773517,0.0857088064564594,0.4980709240661888,374,17.398395721925134,0.1550173796602851,0.2718409995941327,0.0546075085324232,,,,2418,0.0,0.8436724565756824,0.0,0.0,1.0,18586.0923381321,0.0,1.922209668125516e-16,2.63493148868493e-13,0.0,0.0,0.0,0.0,,,0.0,450.0,41.30242741807134,0.0,0.0
batched_greedy@30s+aware,1,450,2418,2053,0.8490488006617039,0.1509511993382961,0.1009098428453267,0.0500413564929694,0.0,217.4197417490023,181.090496785238,437.03851866005823,217.3301932296968,821.2,28.106673161227476,189.31306858777484,0.412765355383116,0.0843999455569276,0.5028346990599564,367,16.741144414168936,0.1584008174519132,0.2949359999183798,0.0602902865649423,,,,2418,0.0,0.8490488006617039,0.0,0.0,1.0,18643.839981055607,0.0,6.128128258671346e-16,2.605029900728406e-13,0.0,0.0,0.0,0.0,,,0.0,450.0,41.4307555134569,0.0,0.0
batched_greedy@30s+aware,2,450,2418,2031,0.8399503722084367,0.1600496277915633,0.1116625310173697,0.0483870967741935,0.0,235.61557667370036,193.72776768209405,485.3734623838,232.6520036767906,812.4,32.02855736090596,203.5870193127944,0.4162136429545468,0.0890232531776866,0.4947631038677665,363,18.09366391184573,0.1530647383012713,0.3011460000561782,0.0429447852760736,,,,2418,0.0,0.8399503722084367,0.0,0.0,1.0,18382.10277061996,0.0,-5.604139068664256e-16,2.6063882164733804e-13,0.0,0.0,0.0,0.0,,,0.0,450.0,40.84911726804436,0.0,0.0
batched_greedy@30s+aware,3,450,2418,2009,0.8308519437551696,0.1691480562448304,0.1232423490488006,0.0459057071960297,0.0,224.3252380357243,183.8045524016325,464.9396501294757,226.57214604489752,803.6,32.25933300149328,192.06590503423104,0.4254938267526392,0.0826903549064712,0.4918158183408895,371,19.08625336927224,0.1538493261520212,0.2996600003825734,0.0464756003098373,,,,2418,0.0,0.8308519437551696,0.0,0.0,1.0,18355.05654254624,0.0,-4.4190081603347945e-15,2.619686448853248e-13,0.0,0.0,0.0,0.0,,,0.0,450.0,40.78901453899165,0.0,0.0
batched_greedy@30s+aware,4,450,2418,2027,0.8382961124896608,0.1617038875103391,0.107940446650124,0.053763440860215,0.0,221.32432597349623,182.3327661606845,444.1978478977935,220.1368358638384,810.8,28.509620128268377,192.81470584522788,0.4139184658523077,0.0840820176769401,0.5019995164707522,377,16.787798408488065,0.149643236072348,0.2720840006804794,0.0468036529680365,,,,2418,0.0,0.8382961124896608,0.0,0.0,1.0,18607.732896064445,0.0,-1.751600016157499e-15,2.548066455524455e-13,0.0,0.0,0.0,0.0,,,0.0,450.0,41.35051754680988,0.0,0.0
batched_greedy@30s+aware,5,450,2418,2084,0.8618693134822167,0.1381306865177833,0.0918114143920595,0.0463192721257237,0.0,222.5990611783223,180.72390171680945,460.8832653281192,222.0700467557716,833.6,30.404030710172744,192.1950304681495,0.4041812189897792,0.0862129471355771,0.5096058338746436,369,16.772357723577237,0.1547325203572775,0.3116199997748481,0.0450788880540946,,,,2418,0.0,0.8618693134822167,0.0,0.0,1.0,19043.621821708133,0.0,-5.070586731469405e-15,2.5501865494565935e-13,0.0,0.0,0.0,0.0,,,0.0,450.0,42.31915960379585,0.0,0.0
batched_greedy@30s+aware,0,500,2418,2063,0.8531844499586435,0.1468155500413565,0.1009098428453267,0.0459057071960297,0.0,209.64162190967895,168.55792710712876,434.45503907559646,209.3941009798953,825.2,27.6752302472128,181.96639166246615,0.4721514941377912,0.0734623112639136,0.4543861945982951,374,16.203208556149733,0.1641649732214148,0.3217479989871207,0.046590909090909,,,,2418,0.0,0.8531844499586435,0.0,0.0,1.0,18822.696128896387,0.0,2.014653860875781e-15,2.6115050231107673e-13,0.0,0.0,0.0,0.0,,,0.0,500.0,37.64539225779277,0.0,0.0
batched_greedy@30s+aware,1,500,2418,2082,0.8610421836228288,0.1389578163771712,0.097601323407775,0.0413564929693962,0.0,208.0036190857502,169.2367949549382,432.3391165909491,210.35618884458995,832.8,26.723823246878,181.2797958388722,0.4628628414380789,0.0741600462472885,0.4629771123146325,364,16.346153846153847,0.1662310440194263,0.3155079998032307,0.0607857672349888,,,,2418,0.0,0.8610421836228288,0.0,0.0,1.0,19064.61871928257,0.0,-6.762655330593773e-15,2.6201796629484445e-13,0.0,0.0,0.0,0.0,,,0.0,500.0,38.12923743856515,0.0,0.0
batched_greedy@30s+aware,2,500,2418,2079,0.8598014888337469,0.1401985111662531,0.097601323407775,0.042597187758478,0.0,222.4826439974897,181.7509334740007,460.64296630522057,220.9427733745319,831.6,30.046176046176047,192.4364679513137,0.4634654304504136,0.0782150272220967,0.4583195423274896,363,16.666666666666668,0.164788705289799,0.313320000313979,0.0555348490495713,,,,2418,0.0,0.8598014888337469,0.0,0.0,1.0,18921.38237684775,0.0,-1.9619814297608585e-15,2.630667849662316e-13,0.0,0.0,0.0,0.0,,,0.0,500.0,37.8427647536955,0.0,0.0
batched_greedy@30s+aware,3,500,2418,2053,0.8490488006617039,0.1509511993382961,0.1062861869313482,0.0446650124069478,0.0,214.7056539843386,172.9337960134435,444.9418475257261,218.71710411034007,821.2,30.20701412566975,184.49863985866887,0.4730371179277882,0.0740317899560891,0.4529310921161225,371,18.0,0.1665913747186064,0.3026000000318167,0.0525917517972001,,,,2418,0.0,0.8490488006617039,0.0,0.0,1.0,18720.287589817704,0.0,-2.8791170887015753e-16,2.599717269947151e-13,0.0,0.0,0.0,0.0,,,0.0,500.0,37.44057517963541,0.0,0.0
batched_greedy@30s+aware,4,500,2418,2086,0.8626964433416047,0.1373035566583953,0.0897435897435897,0.0475599669148056,0.0,215.8567760862476,171.46534866732145,451.69073546115214,215.99756260967703,834.4,28.851869606903165,187.00490647934444,0.4569447995562909,0.076228873574139,0.4668263268695699,375,16.088,0.1656405333196744,0.2981539999746019,0.0477968633308439,,,,2418,0.0,0.8626964433416047,0.0,0.0,1.0,19257.14862514644,0.0,-8.419812200177362e-15,2.5275105328166294e-13,0.0,0.0,0.0,0.0,,,0.0,500.0,38.51429725029288,0.0,0.0
batched_greedy@30s+aware,5,500,2418,2097,0.8672456575682382,0.1327543424317618,0.086848635235732,0.0459057071960297,0.0,209.68178530730452,165.43123925170084,444.9651533084757,210.6867585528879,838.8,29.19408679065332,180.4876985166512,0.4624801002670661,0.0740017034673451,0.4635181962655888,369,16.254742547425476,0.1654723577337736,0.3022439998312619,0.0544041450777202,,,,2418,0.0,0.8672456575682382,0.0,0.0,1.0,19229.067591748044,0.0,-3.747333604338035e-15,2.554368521925316e-13,0.0,0.0,0.0,0.0,,,0.0,500.0,38.45813518349609,0.0,0.0
optimal@30s+aware,0,300,2418,1920,0.794044665012407,0.205955334987593,0.1488833746898263,0.0570719602977667,0.0,282.5622397873332,252.28179786637796,507.5512176390755,271.6265200317152,768.0,42.03697916666667,240.5252606206665,0.1664693250354729,0.1419427119560766,0.6915879630084504,374,22.045454545454547,0.1737326203199476,0.2440020001995433,0.0485475527258257,31.884858401279057,0.0020213178218587,0.2860962566844919,2418,0.0,0.794044665012407,0.0,0.0,1.0,17336.413476063884,0.0,-1.5320152553973307e-14,2.6420995021444093e-13,0.0,0.0,0.0,0.0,,,0.0,300.0,57.78804492021295,0.0,0.0
optimal@30s+aware,1,300,2418,1919,0.793631100082713,0.206368899917287,0.1472291149710504,0.0591397849462365,0.0,282.92939307985057,257.74751404641574,508.57861654605387,270.3610643871108,767.6,39.67899947889526,243.25039360095536,0.1594988250495433,0.1446873078375094,0.6958138671129472,365,21.58904109589041,0.1731038356049557,0.2542679999169198,0.0576470588235294,29.5115581774347,0.0019375970471103,0.2712328767123287,2418,0.0,0.793631100082713,0.0,0.0,1.0,17242.33117240996,0.0,-4.8597568560976105e-17,2.680442863209336e-13,0.0,0.0,0.0,0.0,,,0.0,300.0,57.47443724136653,0.0,0.0
optimal@30s+aware,2,300,2418,1916,0.7923904052936311,0.2076095947063689,0.1497105045492142,0.0578990901571546,0.0,286.8777149806166,262.3227687924382,517.0960051159573,273.47854034008884,766.4,42.193110647181626,244.68460433343492,0.1647683379016603,0.1444366040953777,0.690795058002962,365,22.07123287671233,0.1767043835670473,0.2455160000681644,0.0581989775855289,37.9261808670519,0.002414925191739,0.3013698630136986,2418,0.0,0.7923904052936311,0.0,0.0,1.0,17267.672692254833,0.0,-1.0281731392979531e-14,2.67165552033555e-13,0.0,0.0,0.0,0.0,,,0.0,300.0,57.55890897418277,0.0,0.0
optimal@30s+aware,3,300,2418,1870,0.7733664185277088,0.2266335814722911,0.1645988420181968,0.0620347394540942,0.0,275.14753496064907,246.30849440945255,494.1149146969372,267.17938215197427,748.0,38.13689839572193,237.0106365649272,0.1784596319894849,0.1370972861684038,0.6844430818421111,371,22.90296495956873,0.1745035039707582,0.2400899995336658,0.0527587595650422,37.92964017395037,0.0022894589666988,0.261455525606469,2418,0.0,0.7733664185277088,0.0,0.0,1.0,16991.939973466604,0.0,1.0472431003191475e-14,2.587586710557265e-13,0.0,0.0,0.0,0.0,,,0.0,300.0,56.63979991155535,0.0,0.0
optimal@30s+aware,4,300,2418,1904,0.7874276261373035,0.2125723738626964,0.1526054590570719,0.0599669148056244,0.0,273.7379143436458,249.82603441429228,485.1221237101524,264.1763393652296,761.6,36.6890756302521,237.04883871339368,0.1664589536306067,0.1401755433428373,0.693365503026556,378,21.03439153439153,0.1653952380962514,0.2462240003842454,0.0445068163592622,32.37246175989778,0.0021675778756651,0.2671957671957672,2418,0.0,0.7874276261373035,0.0,0.0,1.0,17222.320580218613,0.0,5.303880584028584e-16,2.6703615975783457e-13,0.0,0.0,0.0,0.0,,,0.0,300.0,57.407735267395374,0.0,0.0
optimal@30s+aware,5,300,2418,1929,0.7977667493796526,0.2022332506203474,0.1443341604631927,0.0578990901571546,0.0,286.75381332406863,263.14030892045,513.6825362733297,274.3842481252029,771.6,41.86884396060135,244.8849693634673,0.1515096329857117,0.1457017613134679,0.7027886057008202,369,21.78590785907859,0.1725170731996511,0.2413760006311349,0.0530243519245875,36.10975106666584,0.0023381042408228,0.2981029810298103,2418,0.0,0.7977667493796526,0.0,0.0,1.0,17490.521755633185,0.0,4.298157360238813e-15,2.644778008717104e-13,0.0,0.0,0.0,0.0,,,0.0,300.0,58.30173918544394,0.0,0.0
optimal@30s+aware,0,350,2418,1957,0.8093465674110836,0.1906534325889164,0.1335814722911497,0.0570719602977667,0.0,258.4978887189434,226.54718026200132,487.58121248866746,251.92529856534412,782.8,35.53500255493102,222.9628861640124,0.2765158895420948,0.1172984733438828,0.6061856371140224,374,20.016042780748663,0.1753058824352412,0.2357089989345694,0.0496481626270523,24.689695452708257,0.0017977015226099,0.2433155080213903,2418,0.0,0.8093465674110836,0.0,0.0,1.0,17633.648702040944,0.0,9.408927392955108e-15,2.626287310035364e-13,0.0,0.0,0.0,0.0,,,0.0,350.0,50.38185343440269,0.0,0.0
optimal@30s+aware,1,350,2418,1958,0.8097601323407775,0.1902398676592225,0.1385442514474772,0.0516956162117452,0.0,256.4663567251061,225.03196808446728,487.4827058342355,250.79021915875464,783.2,36.61593462717058,219.85042209793545,0.2718723933411354,0.1154921354728775,0.6126354711859869,371,20.18598382749326,0.1700913746385239,0.2421199998934753,0.0608055770720371,30.764423743491744,0.0022371043623054,0.2506738544474393,2418,0.0,0.8097601323407775,0.0,0.0,1.0,17747.911893430424,0.0,5.369442264550757e-15,2.6284864649157135e-13,0.0,0.0,0.0,0.0,,,0.0,350.0,50.7083196955155,0.0,0.0
optimal@30s+aware,2,350,2418,1971,0.815136476426799,0.184863523573201,0.1282051282051282,0.0566583953680727,0.0,261.35401937008,227.8573575567607,485.9976689809828,252.4190802097079,788.4,35.32521562658549,226.0288037434945,0.270367054616349,0.1207453056448344,0.6088876397388167,363,19.694214876033055,0.1758707989681994,0.2421380004307138,0.0504266873545384,33.04777893084234,0.0024867035221307,0.2892561983471074,2418,0.0,0.815136476426799,0.0,0.0,1.0,17789.13565608994,0.0,1.300048067394653e-16,2.6473912976709033e-13,0.0,0.0,0.0,0.0,,,0.0,350.0,50.82610187454269,0.0,0.0
optimal@30s+aware,3,350,2418,1946,0.80479735318445,0.19520264681555,0.1356492969396195,0.0595533498759305,0.0,253.0792219410968,218.08276403695527,479.9883681409124,248.0686319433402,778.4,34.05549845837616,219.02372348272056,0.2781467509041336,0.1157137607287933,0.606139488367073,371,20.264150943396228,0.1754080862440485,0.2387000005910522,0.0497648902821316,27.12251067412214,0.0019510388305557,0.2479784366576819,2418,0.0,0.80479735318445,0.0,0.0,1.0,17620.290143019727,0.0,1.1714507404539192e-14,2.6349665854517263e-13,0.0,0.0,0.0,0.0,,,0.0,350.0,50.3436861229135,0.0,0.0
optimal@30s+aware,4,350,2418,1971,0.815136476426799,0.184863523573201,0.1344086021505376,0.0504549214226633,0.0,253.068563904672,222.0052295226269,479.4697543543243,248.86247859605004,788.4,34.96955859969559,218.09900530497637,0.265855321236507,0.1164406434435491,0.6177040353199438,375,19.618666666666662,0.1771266666425314,0.2570000001651351,0.0491803278688524,29.71467580801913,0.0022290244758167,0.2506666666666666,2418,0.0,0.815136476426799,0.0,0.0,1.0,17894.289792757998,0.0,1.2842762537520836e-16,2.65030007072984e-13,0.0,0.0,0.0,0.0,,,0.0,350.0,51.126542265022856,0.0,0.0
optimal@30s+aware,5,350,2418,1998,0.826302729528536,0.173697270471464,0.119106699751861,0.0545905707196029,0.0,261.7009320350417,230.6485243944785,499.6991658635987,253.79311807329785,799.2,36.38338338338338,225.31754865165837,0.2528352547541426,0.1223224630726428,0.6248422821732145,371,19.137466307277627,0.1769107816459402,0.2481900008206139,0.0513803680981595,34.797631795911826,0.0027145915589224,0.2533692722371967,2418,0.0,0.826302729528536,0.0,0.0,1.0,18148.049793855305,0.0,6.347941858517411e-16,2.640948298665296e-13,0.0,0.0,0.0,0.0,,,0.0,350.0,51.851570839586586,0.0,0.0
optimal@30s+aware,0,400,2418,2024,0.837055417700579,0.162944582299421,0.1166253101736972,0.0463192721257237,0.0,242.7429286057314,209.0194381181432,472.3562510349877,239.2237221151321,809.6,30.89130434782609,211.85162425790537,0.3428534616774595,0.1034399213557881,0.5537066169667524,374,17.93582887700535,0.1774882352631181,0.2519019996179849,0.0469772814786291,27.721222551364388,0.0023777009982251,0.267379679144385,2418,0.0,0.837055417700579,0.0,0.0,1.0,18343.370721794265,0.0,1.1733916429630188e-14,2.621866272618389e-13,0.0,0.0,0.0,0.0,,,0.0,400.0,45.85842680448567,0.0,0.0
optimal@30s+aware,1,400,2418,2026,0.8378825475599669,0.1621174524400331,0.1141439205955335,0.0479735318444995,0.0,241.03839848880415,203.7313548488692,470.8922523166343,237.60634689761372,810.4,33.820335636722604,207.2180628520816,0.3411329338400575,0.1007051542126555,0.5581619119472869,367,18.38692098092643,0.1820106267401243,0.2579720004723637,0.053951367781155,25.73747386727398,0.0021647168201405,0.2261580381471389,2418,0.0,0.8378825475599669,0.0,0.0,1.0,18453.132481814468,0.0,6.144695370052717e-15,2.5995636486898843e-13,0.0,0.0,0.0,0.0,,,0.0,400.0,46.13283120453617,0.0,0.0
optimal@30s+aware,2,400,2418,2015,0.8333333333333334,0.1666666666666666,0.1178660049627791,0.0488006617038875,0.0,250.087705871378,217.32532107155112,487.10815678681365,245.57412590866923,806.0,31.951861042183623,218.1358448291944,0.3470124404151732,0.1058686417536193,0.5471189178312074,371,18.19137466307277,0.1802388140036645,0.2478300000802847,0.0523900573613766,26.55025459776729,0.0022341422784125,0.2587601078167116,2418,0.0,0.8333333333333334,0.0,0.0,1.0,18146.28910549648,0.0,-3.088348435547855e-15,2.645848249619886e-13,0.0,0.0,0.0,0.0,,,0.0,400.0,45.36572276374119,0.0,0.0
optimal@30s+aware,3,400,2418,1986,0.8213399503722084,0.1786600496277915,0.1282051282051282,0.0504549214226633,0.0,236.41489768458803,199.86477484836087,471.3712525203309,236.4903251287708,794.4,32.021651560926486,204.39324612366156,0.3575324985329146,0.0978610808611541,0.5446064206059312,371,19.555256064690028,0.1812361185704866,0.2522599994335906,0.0508343034536282,20.78603571252563,0.0015891995477884,0.2318059299191374,2418,0.0,0.8213399503722084,0.0,0.0,1.0,18062.062624502974,0.0,-6.8149581312187106e-15,2.562043673332613e-13,0.0,0.0,0.0,0.0,,,0.0,400.0,45.15515656125745,0.0,0.0
optimal@30s+aware,4,400,2418,1985,0.8209263854425145,0.1790736145574855,0.1261373035566584,0.0529363110008271,0.0,237.94159617211696,203.66385339704948,464.1136027493849,236.2908125939817,794.0,30.76977329974811,207.17182287236884,0.3531094157945839,0.0988298166284292,0.5480607675769869,375,18.586666666666662,0.1812562666503557,0.2520979999462724,0.0484308407593955,23.24612859353566,0.0018935281885559,0.24,2418,0.0,0.8209263854425145,0.0,0.0,1.0,18190.685392447824,0.0,4.56617671185883e-16,2.603000378914351e-13,0.0,0.0,0.0,0.0,,,0.0,400.0,45.47671348111956,0.0,0.0
optimal@30s+aware,5,400,2418,2040,0.8436724565756824,0.1563275434243176,0.1029776674937965,0.053349875930521,0.0,240.047882388748,203.8947541871721,478.39457502102607,235.0769428746664,816.0,31.815196078431374,208.2326863103166,0.3368145508800462,0.1027658223005689,0.5604196268193848,369,17.411924119241192,0.1815804878684665,0.2527600002213148,0.0562851782363977,21.568773404799803,0.0019611230180292,0.2086720867208672,2418,0.0,0.8436724565756824,0.0,0.0,1.0,18546.9754658795,0.0,1.5136040569056302e-15,2.600784511500086e-13,0.0,0.0,0.0,0.0,,,0.0,400.0,46.367438664698746,0.0,0.0
optimal@30s+aware,0,450,2418,2038,0.8428453267162944,0.1571546732837055,0.1133167907361455,0.0438378825475599,0.0,226.26501819154848,184.97930274076495,458.8471787583017,226.80742497178804,815.2,30.63738959764475,195.6276285939037,0.4152674190150757,0.0859065044840596,0.4988260765008647,374,17.88235294117647,0.1854965240323158,0.2624459991966431,0.0511450381679389,15.654941911084416,0.0013696929663498,0.1524064171122994,2418,0.0,0.8428453267162944,0.0,0.0,1.0,18570.11066204469,0.0,-1.5464676753218325e-15,2.6178274464745854e-13,0.0,0.0,0.0,0.0,,,0.0,450.0,41.266912582321545,0.0,0.0
optimal@30s+aware,1,450,2418,2048,0.8469809760132341,0.1530190239867659,0.1009098428453267,0.0521091811414392,0.0,222.42863894691143,183.94016611753068,444.6885557953283,221.0921885101805,819.2,29.22705078125,193.20158816566143,0.4099823343186251,0.086015642380421,0.5040020233009539,371,16.743935309973047,0.1867590296528012,0.2570999995441526,0.0623839584106943,23.528188796192197,0.0022979666334633,0.2129380053908355,2418,0.0,0.8469809760132341,0.0,0.0,1.0,18662.37443761574,0.0,1.8975706422841303e-15,2.572796576477687e-13,0.0,0.0,0.0,0.0,,,0.0,450.0,41.471943194701645,0.0,0.0
optimal@30s+aware,2,450,2418,2036,0.8420181968569065,0.1579818031430934,0.1133167907361455,0.0446650124069478,0.0,235.01613663631343,196.227255697715,464.9418115768513,232.83214247776408,814.4,31.820726915520627,203.19540972079284,0.4148487548347672,0.089404256019373,0.4957469891458597,363,18.10192837465565,0.183582093522399,0.2608379998855525,0.0506666666666666,19.783506280320324,0.0017127632393116,0.2066115702479339,2418,0.0,0.8420181968569065,0.0,0.0,1.0,18435.06708821189,0.0,-5.2149945571243345e-15,2.579087347529275e-13,0.0,0.0,0.0,0.0,,,0.0,450.0,40.966815751581976,0.0,0.0
optimal@30s+aware,3,450,2418,2026,0.8378825475599669,0.1621174524400331,0.1149710504549214,0.0471464019851116,0.0,227.3382000513428,191.4996699212602,457.7472494126068,228.34444992883647,810.4,30.56268509378085,196.775514957562,0.4196102351573431,0.085600631957805,0.4947891328848518,371,18.358490566037737,0.1854606468816563,0.2610699999422652,0.0475825019186492,20.684972955465973,0.0017407837733721,0.2183288409703504,2418,0.0,0.8378825475599669,0.0,0.0,1.0,18537.059498032584,0.0,-4.1658022868708976e-15,2.587477232583698e-13,0.0,0.0,0.0,0.0,,,0.0,450.0,41.19346555118352,0.0,0.0
optimal@30s+aware,4,450,2418,2064,0.8535980148883374,0.1464019851116625,0.1009098428453267,0.0454921422663358,0.0,225.13506484038209,182.7359710574051,448.1466798436909,224.59585138335893,825.6,29.499031007751935,195.63603383263015,0.4030747617582819,0.0874219237313926,0.5095033145103255,375,16.69333333333333,0.1867834667209535,0.2656559993192785,0.0468631897203325,25.03889005224108,0.0024239213481157,0.24,2418,0.0,0.8535980148883374,0.0,0.0,1.0,19019.919961680764,0.0,5.440738299165956e-15,2.543712441372032e-13,0.0,0.0,0.0,0.0,,,0.0,450.0,42.26648880373503,0.0,0.0
optimal@30s+aware,5,450,2418,2073,0.8573200992555832,0.1426799007444168,0.0955334987593052,0.0471464019851116,0.0,222.4999017566687,182.4757648000796,451.71630994134665,222.09075708108705,829.2,29.14327062228654,193.35663113438213,0.4053069289256844,0.0863643616052449,0.5083287094690706,369,16.745257452574524,0.1755883469129833,0.2491920008469605,0.0455915599095704,12.39091494318878,0.0012068957377313,0.1761517615176151,2418,0.0,0.8573200992555832,0.0,0.0,1.0,19001.543257742327,0.0,5.744025076560409e-15,2.553838579213341e-13,0.0,0.0,0.0,0.0,,,0.0,450.0,42.22565168387184,0.0,0.0
optimal@30s+aware,0,500,2418,2054,0.8494623655913979,0.1505376344086021,0.1062861869313482,0.0442514474772539,0.0,214.63384330885023,171.96507412945903,443.8905858614741,214.516997550736,821.6,27.972249269717626,186.6615940391326,0.4707719395340264,0.0754784298319227,0.4537496306340509,374,16.574866310160427,0.1889703208655707,0.2759050000167915,0.0529500756429652,15.038591261462322,0.0014846966613466,0.195187165775401,2418,0.0,0.8494623655913979,0.0,0.0,1.0,18740.28651173859,0.0,3.4243948150974767e-15,2.608437105822018e-13,0.0,0.0,0.0,0.0,,,0.0,500.0,37.480573023477184,0.0,0.0
optimal@30s+aware,1,500,2418,2091,0.8647642679900744,0.1352357320099255,0.0909842845326716,0.0442514474772539,0.0,210.92899333964223,171.2664288164251,433.1856709493668,211.59870280822813,836.4,27.73457675753228,183.19441658210997,0.4597707300950229,0.0753754692596449,0.4648538006453322,364,16.126373626373628,0.1836538461567805,0.2677969996693719,0.0669593852908891,19.65146458693115,0.0020910444310318,0.195054945054945,2418,0.0,0.8647642679900744,0.0,0.0,1.0,19139.702370145584,0.0,-5.3139914489040726e-15,2.601273253869368e-13,0.0,0.0,0.0,0.0,,,0.0,500.0,38.27940474029116,0.0,0.0
optimal@30s+aware,2,500,2418,2108,0.8717948717948718,0.1282051282051282,0.0901571546732837,0.0380479735318445,0.0,223.68733176529665,184.8707177189151,455.77629145144834,223.33260586579905,843.2,29.110056925996204,194.5772748393004,0.4557509390903115,0.0803856441013385,0.4638634168083499,363,16.264462809917354,0.1896986225653986,0.2688120009406702,0.0498883097542814,17.77246118748082,0.0018373873171248,0.2231404958677686,2418,0.0,0.8717948717948718,0.0,0.0,1.0,19215.77360466859,0.0,5.955387985413387e-15,2.6309947263203814e-13,0.0,0.0,0.0,0.0,,,0.0,500.0,38.43154720933718,0.0,0.0
optimal@30s+aware,3,500,2418,2062,0.8527708850289496,0.1472291149710504,0.1033912324234904,0.0438378825475599,0.0,217.40449712164724,178.3261555165384,449.7626155477883,219.76796619482076,824.8,30.06304558680892,187.3414515348383,0.4699395488856343,0.0750591963059522,0.4550012548084135,371,17.571428571428573,0.1895299191373533,0.2623899999889545,0.0549491908167105,15.876152294232462,0.0014453628403078,0.1994609164420485,2418,0.0,0.8527708850289496,0.0,0.0,1.0,18917.61585029265,0.0,6.045385121479757e-16,2.613779437526484e-13,0.0,0.0,0.0,0.0,,,0.0,500.0,37.8352317005853,0.0,0.0
optimal@30s+aware,4,500,2418,2100,0.8684863523573201,0.1315136476426799,0.0856079404466501,0.0459057071960297,0.0,216.12292509235587,173.9116704355347,444.17378148368266,215.373379868294,840.0,29.18380952380952,186.93911556854636,0.457412417456367,0.0764923622273959,0.466095220316237,375,15.717333333333332,0.1830623999946207,0.2538200007984414,0.0426327599102468,15.57578517117669,0.0016708199808329,0.192,2418,0.0,0.8684863523573201,0.0,0.0,1.0,19307.18920636868,0.0,-4.518713445750542e-15,2.534383285245938e-13,0.0,0.0,0.0,0.0,,,0.0,500.0,38.61437841273736,0.0,0.0
optimal@30s+aware,5,500,2418,2113,0.8738626964433416,0.1261373035566584,0.0827129859387924,0.043424317617866,0.0,213.225330671784,166.46949036976366,442.04027275221614,213.15240839025637,845.2,29.053005205868438,184.17232546591555,0.4559733381557174,0.0762311284394056,0.4677955334048769,369,15.845528455284551,0.1907975609819446,0.2605879999464377,0.0514053254437869,15.105837914362336,0.0016292616916378,0.1707317073170731,2418,0.0,0.8738626964433416,0.0,0.0,1.0,19453.698765069297,0.0,5.843776848026972e-15,2.5616591458351097e-13,0.0,0.0,0.0,0.0,,,0.0,500.0,38.9073975301386,0.0,0.0
