arm,seed,drivers.num_drivers,requests,completed,completion_rate,cancel_rate,cancel_no_match_rate,cancel_eta_rate,cancel_late_rate,wait_mean_s,wait_p50_s,wait_p90_s,wait_all_mean_s,completed_per_hour,time_to_match_mean_s,pickup_mean_s,driver_idle_frac,driver_enroute_frac,driver_ontrip_frac,batches,batch_riders_mean,solve_ms_mean,solve_ms_p99,decline_rate,shadow_gap_s_per_batch,shadow_gap_frac,shadow_worse_batches_frac,app_opens,priced_out_rate,served_rate,retried_rate,surged_trip_frac,mean_multiplier_paid,revenue_per_hour,surge_revenue_per_hour,eta_error_mean_s,eta_abs_error_mean_s,eta_late_2min_frac,moves_per_driver_hour,chase_moves_per_hour,reposition_km_per_hour,moves_dispatched_frac,move_planned_mean_s,driver_reposition_frac,drivers_online_mean,earnings_per_online_hour,reserve_logons,reserve_logoffs
immediate_greedy,0,300,2422,1720,0.7101568951279934,0.2898431048720066,0.0565648224607762,0.2332782824112304,0.0,311.0954630099261,260.23963854678414,631.6361236097634,245.42486749234607,688.0,10.983533134139154,300.11192987578704,0.1167739508145842,0.1658183248860814,0.7174077242993343,3244,8.791615289765721,0.0582980579446754,0.1450270004534106,0.0463165572574762,,,,2422,0.0,0.7101568951279934,0.0,0.0,1.0,17136.094435902014,0.0,5.251613097878066e-16,2.7003877170537363e-13,0.0,0.0,0.0,0.0,,,0.0,300.0,57.12031478634005,0.0,0.0
immediate_greedy,1,300,2422,1719,0.7097440132122214,0.2902559867877787,0.0540875309661436,0.236168455821635,0.0,330.63587364610856,285.86320253514623,623.2309791267761,257.072822369473,687.6,12.189513154020757,318.44636049208776,0.0958401853923724,0.1755627021227213,0.7285971124849061,3227,8.23458320421444,0.0548704679287235,0.1745479994133347,0.0474465773270554,,,,2422,0.0,0.7097440132122214,0.0,0.0,1.0,17230.688645169303,0.0,-9.004238115249612e-15,2.719918531239792e-13,0.0,0.0,0.0,0.0,,,0.0,300.0,57.435628817231006,0.0,0.0
immediate_greedy,2,300,2422,1740,0.7184145334434352,0.2815854665565648,0.0578034682080924,0.2237819983484723,0.0,322.3883517032233,277.0795765401731,634.9460848365945,256.9463179899992,696.0,12.799696890023604,309.5886548131998,0.0935165327973666,0.1714279408185719,0.7350555263840615,3214,9.085874299937773,0.06205457374012,0.1609000009921146,0.0551351351351351,,,,2422,0.0,0.7184145334434352,0.0,0.0,1.0,17263.566601959108,0.0,6.048801306578439e-16,2.699587679836472e-13,0.0,0.0,0.0,0.0,,,0.0,300.0,57.545222006530366,0.0,0.0
immediate_greedy,3,300,2422,1706,0.7043765483071841,0.2956234516928158,0.0672997522708505,0.2283236994219653,0.0,308.80199917986937,257.92408137253096,610.5483962155602,247.3982459883484,682.4,13.46763792334881,295.33436125652054,0.1100712920716927,0.1631476601070461,0.7267810478212611,3272,10.35299511002445,0.0695226772339412,0.2295540000704931,0.0494324423288172,,,,2422,0.0,0.7043765483071841,0.0,0.0,1.0,17058.94652456739,0.0,1.0621176987281507e-14,2.7340537024664705e-13,0.0,0.0,0.0,0.0,,,0.0,300.0,56.8631550818913,0.0,0.0
immediate_greedy,4,300,2422,1722,0.7109826589595376,0.2890173410404624,0.0545004128819157,0.2345169281585466,0.0,333.3274627899005,289.81159018120184,651.8745124078671,260.7455033877225,688.8,12.459871876618717,320.86759091328173,0.0900272856191068,0.1762025129751937,0.7337702014056994,3204,8.625156054931336,0.061611360788345,0.1608819991997733,0.0549568965517241,,,,2422,0.0,0.7109826589595376,0.0,0.0,1.0,17205.24128721428,0.0,-1.7784199716179046e-15,2.7858061708540884e-13,0.0,0.0,0.0,0.0,,,0.0,300.0,57.35080429071428,0.0,0.0
immediate_greedy,5,300,2422,1731,0.7146985962014863,0.2853014037985136,0.0573905862923204,0.2279108175061932,0.0,314.8941740023333,275.2046535294594,589.3649124012909,248.1733494927649,692.4,10.215494770566757,304.6786792317666,0.098336890975027,0.1686714954086814,0.7329916136162915,3224,7.977047146401985,0.0495990694830189,0.123070000190637,0.0482408414943779,,,,2422,0.0,0.7146985962014863,0.0,0.0,1.0,17272.846914423542,0.0,1.2984542512380918e-14,2.790840284977547e-13,0.0,0.0,0.0,0.0,,,0.0,300.0,57.576156381411806,0.0,0.0
immediate_greedy,0,350,2422,1827,0.7543352601156069,0.245664739884393,0.0606936416184971,0.1849710982658959,0.0,272.58101654009243,214.83616729398275,561.6913438431565,228.80996466212312,730.8,11.45441452902975,261.12660201106274,0.2017595392416842,0.1326790722045886,0.6655613885537272,3548,8.594701240135288,0.0636776493851451,0.1384059997326402,0.0464011691633175,,,,2422,0.0,0.7543352601156069,0.0,0.0,1.0,18353.200576609604,0.0,7.428953760617112e-15,2.66494118629274e-13,0.0,0.0,0.0,0.0,,,0.0,350.0,52.437715933170296,0.0,0.0
immediate_greedy,1,350,2422,1866,0.7704376548307185,0.2295623451692816,0.0445912469033856,0.1849710982658959,0.0,278.8375474353177,235.7594710926373,562.1088563455096,233.12735173913515,746.4,8.358889138283653,270.47865829703403,0.1799964985074421,0.1411880977415771,0.6788154037509807,3497,6.725193022590792,0.0494915928006865,0.1275039995380211,0.0548433048433048,,,,2422,0.0,0.7704376548307185,0.0,0.0,1.0,18844.853993250355,0.0,2.3953686479854665e-15,2.714229936436277e-13,0.0,0.0,0.0,0.0,,,0.0,350.0,53.8424399807153,0.0,0.0
immediate_greedy,2,350,2422,1887,0.7791081750619323,0.2208918249380677,0.0425268373245251,0.1783649876135425,0.0,276.3385625451955,223.47499847826293,558.0491441839,234.5414665086274,754.8,10.301730442494534,266.036832102701,0.1723813172039746,0.1403602168296309,0.6872584659663944,3483,7.384438702268159,0.057889405688274,0.1516719991923309,0.0476020042949176,,,,2422,0.0,0.7791081750619323,0.0,0.0,1.0,18744.5531717558,0.0,-1.1126941092586624e-15,2.666295612725007e-13,0.0,0.0,0.0,0.0,,,0.0,350.0,53.55586620501656,0.0,0.0
immediate_greedy,3,350,2422,1806,0.7456647398843931,0.2543352601156069,0.0540875309661436,0.2002477291494632,0.0,266.5442330357422,209.45585306994465,553.2851910100221,222.42509625802376,722.4,11.73665897829994,254.80757405744225,0.2055262401589243,0.1300197362903283,0.6644540235507472,3525,8.697021276595745,0.0615250212843207,0.1885479994234623,0.0505050505050505,,,,2422,0.0,0.7456647398843931,0.0,0.0,1.0,18104.193997805003,0.0,-4.647445219361121e-17,2.6281892867261025e-13,0.0,0.0,0.0,0.0,,,0.0,350.0,51.72626856515716,0.0,0.0
immediate_greedy,4,350,2422,1887,0.7791081750619323,0.2208918249380677,0.037159372419488,0.1837324525185797,0.0,282.81882084611243,238.2512954991862,567.2929332641664,238.2955112793037,754.8,8.814091123631979,274.0047297224805,0.1672378872662019,0.1430068092954179,0.6897553034383802,3463,6.69448455096737,0.0492180768015802,0.1513759994122665,0.0429645542427497,,,,2422,0.0,0.7791081750619323,0.0,0.0,1.0,18926.61667860629,0.0,-1.8295439943690444e-15,2.6861913741456344e-13,0.0,0.0,0.0,0.0,,,0.0,350.0,54.07604765316081,0.0,0.0
immediate_greedy,5,350,2422,1871,0.7725020644095789,0.2274979355904211,0.0342691990090834,0.1932287365813377,0.0,271.93974880619936,225.44012577203105,539.7810455555291,224.17985670844425,748.4,6.298236274381852,265.6415125318175,0.1832466095318036,0.1400482689830935,0.6767051214851028,3485,5.457675753228121,0.0437776470784466,0.1259000000572996,0.0503189227498228,,,,2422,0.0,0.7725020644095789,0.0,0.0,1.0,18479.681059138973,0.0,6.7847621932464125e-15,2.716878922087139e-13,0.0,0.0,0.0,0.0,,,0.0,350.0,52.79908874039706,0.0,0.0
immediate_greedy,0,400,2422,1903,0.7857142857142857,0.2142857142857142,0.0491329479768786,0.1651527663088356,0.0,255.42082757409256,192.19609879800464,556.505496582183,220.75222021898716,761.2,10.319924858619434,245.10090271547315,0.2812686908079533,0.114496967897555,0.6042343412944917,3617,7.777439867293337,0.0588657174588063,0.1643560008960777,0.0541218637992831,,,,2422,0.0,0.7857142857142857,0.0,0.0,1.0,19166.064435927805,0.0,4.621281462249496e-15,2.646676012001151e-13,0.0,0.0,0.0,0.0,,,0.0,400.0,47.91516108981951,0.0,0.0
immediate_greedy,1,400,2422,1951,0.805532617671346,0.194467382328654,0.0363336085879438,0.1581337737407101,0.0,256.2558277442347,205.6222925102684,526.2075184367914,221.0790541982877,780.4,6.368931815619143,249.88689592861556,0.264214273542848,0.1204160363983045,0.6153696900588475,3564,5.667508417508418,0.0478663580362804,0.1179739997314754,0.050088809946714,,,,2422,0.0,0.805532617671346,0.0,0.0,1.0,19590.58057505971,0.0,5.697589447338246e-15,2.6841448364599774e-13,0.0,0.0,0.0,0.0,,,0.0,400.0,48.97645143764928,0.0,0.0
immediate_greedy,2,400,2422,1946,0.8034682080924855,0.1965317919075144,0.0383980181668042,0.1581337737407101,0.0,255.9377280147039,201.1695648269656,536.1644058890929,221.7226906910381,778.4,9.51856614685073,246.4191618678532,0.2556752283425035,0.1182357461162185,0.6260890255412779,3537,6.577042691546509,0.0508985015546666,0.1385280004615196,0.0474322396576319,,,,2422,0.0,0.8034682080924855,0.0,0.0,1.0,19667.96845962935,0.0,-5.7583263268996036e-15,2.5993938074294096e-13,0.0,0.0,0.0,0.0,,,0.0,400.0,49.169921149073375,0.0,0.0
immediate_greedy,3,400,2422,1881,0.7766308835672997,0.2233691164327002,0.0540875309661436,0.1692815854665565,0.0,248.31151658113416,189.95291602545512,536.3607335121196,215.3277981532222,752.4,10.257804406692022,238.05371217444213,0.2801975007256968,0.111363652742128,0.6084388465321751,3608,8.280764966740577,0.0615587028967924,0.1665929989940195,0.0511711711711711,,,,2422,0.0,0.7766308835672997,0.0,0.0,1.0,18975.6961923861,0.0,6.208985714963741e-15,2.6743732162372454e-13,0.0,0.0,0.0,0.0,,,0.0,400.0,47.43924048096525,0.0,0.0
immediate_greedy,4,400,2422,1947,0.8038810900082577,0.1961189099917423,0.0367464905037159,0.1593724194880264,0.0,253.2512307317461,204.67864104592627,528.114644300683,219.82703308181908,778.8,7.961467173991383,245.28976355775467,0.2568744178241132,0.1180265994394548,0.6250989827364319,3639,6.314097279472382,0.0466875515104905,0.1318100009666522,0.0463623395149786,,,,2422,0.0,0.8038810900082577,0.0,0.0,1.0,19616.154881455983,0.0,-3.3919109602877664e-15,2.6063383603365123e-13,0.0,0.0,0.0,0.0,,,0.0,400.0,49.04038720363997,0.0,0.0
immediate_greedy,5,400,2422,1931,0.7972749793559042,0.2027250206440957,0.0330305532617671,0.1696944673823286,0.0,249.85498318146364,199.83801693519035,512.6043944975045,213.31517271266387,772.4,5.497841902031323,244.35714127943228,0.2615057163401136,0.1180638565269834,0.6204304271329029,3621,5.338580502623585,0.0404852250761773,0.1179599996248728,0.0566104078762306,,,,2422,0.0,0.7972749793559042,0.0,0.0,1.0,19349.405729094706,0.0,7.616210441535227e-15,2.6697994755755013e-13,0.0,0.0,0.0,0.0,,,0.0,400.0,48.37351432273677,0.0,0.0
immediate_greedy,0,450,2422,1952,0.805945499587118,0.1940545004128819,0.041701073492981,0.1523534269199009,0.0,237.91692784638732,176.7225894841447,531.877048283984,209.105261550703,780.8,8.101105103330221,229.8158227430571,0.3531300543932596,0.0984676844109198,0.5484022611958205,3693,6.802870295152992,0.0527893040796069,0.1352159999078139,0.0533997864008543,,,,2422,0.0,0.805945499587118,0.0,0.0,1.0,19573.621017653164,0.0,7.716505030581159e-15,2.630714407698577e-13,0.0,0.0,0.0,0.0,,,0.0,450.0,43.49693559478481,0.0,0.0
immediate_greedy,1,450,2422,1999,0.8253509496284063,0.1746490503715937,0.028075970272502,0.1465730800990916,0.0,235.99141565096605,186.9228636990929,486.88176224542894,206.76612243765965,799.6,4.755751074773516,231.2356645761925,0.3289039438943535,0.1022417075653661,0.5688543485402804,3668,4.662213740458015,0.0385097873379771,0.1070320001053914,0.0530382859149982,,,,2422,0.0,0.8253509496284063,0.0,0.0,1.0,20252.750126611736,0.0,-2.4081676011879333e-15,2.680645989214597e-13,0.0,0.0,0.0,0.0,,,0.0,450.0,45.00611139247052,0.0,0.0
immediate_greedy,2,450,2422,1990,0.8216350123864574,0.1783649876135425,0.0396366639141205,0.1387283236994219,0.0,238.1099263241289,182.9024753206163,506.0778026213382,212.3549012539245,796.0,7.1149958980273045,230.99493042610163,0.3245201305671584,0.1019916579166397,0.5734882115162019,3674,6.413173652694611,0.0518575122630321,0.1446269994448812,0.0512091038406827,,,,2422,0.0,0.8216350123864574,0.0,0.0,1.0,20160.023939059825,0.0,1.3138792120166978e-14,2.6192872549852005e-13,0.0,0.0,0.0,0.0,,,0.0,450.0,44.80005319791073,0.0,0.0
immediate_greedy,3,450,2422,1942,0.8018166804293972,0.1981833195706028,0.0375722543352601,0.1606110652353427,0.0,229.8175998157323,173.34565381534412,480.4874012324679,200.8387847077857,776.8,6.357898452901177,223.4597013628311,0.3427754685606465,0.0965293109873715,0.560695220451982,3618,6.165284687672747,0.0492517965846857,0.1703320003616681,0.0470588235294117,,,,2422,0.0,0.8018166804293972,0.0,0.0,1.0,19668.204337384195,0.0,-1.150698714709328e-15,2.628752004951386e-13,0.0,0.0,0.0,0.0,,,0.0,450.0,43.70712074974266,0.0,0.0
immediate_greedy,4,450,2422,1992,0.8224607762180016,0.1775392237819983,0.028075970272502,0.1494632535094963,0.0,230.6718437867628,179.64874978432772,489.37278100243856,204.44975016326816,796.8,5.224062695284452,225.44778109147836,0.3299294746503964,0.0990546948247567,0.5710158305248468,3748,5.446104589114194,0.045587299900129,0.1345059991399466,0.0483757062146892,,,,2422,0.0,0.8224607762180016,0.0,0.0,1.0,20093.92057657674,0.0,1.731546632984657e-15,2.6646311217310163e-13,0.0,0.0,0.0,0.0,,,0.0,450.0,44.6531568368372,0.0,0.0
immediate_greedy,5,450,2422,1996,0.82411230388109,0.17588769611891,0.0301403798513625,0.1457473162675474,0.0,235.0297056777517,179.99720831701143,493.8981967644727,207.18259951754416,798.4,5.107933343120948,229.9217723346308,0.3286605700887787,0.1015189104021367,0.5698205195090845,3676,5.281556039173014,0.045035228534361,0.1232999998137529,0.047787610619469,,,,2422,0.0,0.82411230388109,0.0,0.0,1.0,20093.98423605325,0.0,2.3619494247336e-15,2.662790940761085e-13,0.0,0.0,0.0,0.0,,,0.0,450.0,44.65329830234055,0.0,0.0
immediate_greedy,0,500,2422,2016,0.8323699421965318,0.1676300578034682,0.0338563170933113,0.1337737407101569,0.0,228.38634013770263,170.5347693248541,501.299320126348,204.70181178008792,806.4,6.302319753572576,222.0840203841301,0.398034110912263,0.0888270233753011,0.5131388657124359,3745,5.825634178905207,0.0507341789169548,0.140411999382195,0.054673721340388,,,,2422,0.0,0.8323699421965318,0.0,0.0,1.0,20303.21810171278,0.0,2.2658242125584047e-15,2.5899344397512577e-13,0.0,0.0,0.0,0.0,,,0.0,500.0,40.60643620342557,0.0,0.0
immediate_greedy,1,500,2422,2023,0.8352601156069365,0.1647398843930635,0.028075970272502,0.1366639141205615,0.0,221.470552799326,170.82042699167778,467.67294815296,195.7430896981146,809.2,4.645233705771099,216.8253190935549,0.388277114682058,0.0875985282387503,0.5241243570791917,3598,4.586158977209561,0.0425688438290161,0.1222450009481686,0.0490299823633157,,,,2422,0.0,0.8352601156069365,0.0,0.0,1.0,20561.374618778715,0.0,3.4236358461797215e-15,2.651969927230965e-13,0.0,0.0,0.0,0.0,,,0.0,500.0,41.12274923755743,0.0,0.0
immediate_greedy,2,500,2422,2033,0.8393889347646573,0.1606110652353427,0.0322047894302229,0.1284062758051197,0.0,229.5291518072401,169.88740817541657,500.1339286597602,206.5834195934319,813.2,8.10785649305365,221.4212953141865,0.3829992635754278,0.0897897429597272,0.5272109934648449,3687,6.039327366422566,0.0528188500137722,0.1481119992604361,0.0512186506534793,,,,2422,0.0,0.8393889347646573,0.0,0.0,1.0,20579.7306362638,0.0,4.077407373861913e-15,2.605648112424832e-13,0.0,0.0,0.0,0.0,,,0.0,500.0,41.1594612725276,0.0,0.0
immediate_greedy,3,500,2422,1998,0.8249380677126342,0.1750619322873658,0.0322047894302229,0.1428571428571428,0.0,222.0595455234232,165.9012960241325,480.5383954630093,196.8727254578489,799.2,8.194315583052392,213.8652299403708,0.3929152089758818,0.085855695867822,0.5212290951562961,3657,6.011211375444353,0.0527534864725887,0.1491440006066113,0.0431065194157463,,,,2422,0.0,0.8249380677126342,0.0,0.0,1.0,20355.33920272442,0.0,-2.7981176490502693e-15,2.5829077504329904e-13,0.0,0.0,0.0,0.0,,,0.0,500.0,40.71067840544884,0.0,0.0
immediate_greedy,4,500,2422,2034,0.8398018166804294,0.1601981833195706,0.0189925681255161,0.1412056151940545,0.0,213.17358498730343,164.3585836539421,457.0099289246217,189.3138535015509,813.6,3.815282341368848,209.3583026459346,0.390868190187944,0.0855163023842939,0.5236155074277621,3699,4.144363341443634,0.0360454447148388,0.0951000001805368,0.0503320517301642,,,,2422,0.0,0.8398018166804294,0.0,0.0,1.0,20577.113128415243,0.0,7.720252930333438e-16,2.589114326627118e-13,0.0,0.0,0.0,0.0,,,0.0,500.0,41.15422625683049,0.0,0.0
immediate_greedy,5,500,2422,2052,0.847233691164327,0.152766308835673,0.0289017341040462,0.1238645747316267,0.0,218.67941098992583,163.126298810525,483.7347921423269,196.5248567655548,820.8,4.640349683289577,214.03906130663623,0.3803968119830362,0.0883556889701022,0.5312474990468615,3716,4.576426264800861,0.037100780398082,0.1091950007321428,0.0456960680127523,,,,2422,0.0,0.847233691164327,0.0,0.0,1.0,20791.52936110036,0.0,-3.436930185978969e-15,2.607545974680387e-13,0.0,0.0,0.0,0.0,,,0.0,500.0,41.58305872220072,0.0,0.0
batched_greedy@10s,0,300,2422,1729,0.7138728323699421,0.2861271676300578,0.0953757225433526,0.1907514450867052,0.0,318.122246588851,280.02073570387074,598.2102525047125,261.8846844724476,691.6,19.86408328513592,298.2581633037151,0.1062860571572422,0.1633773131198976,0.7303366297228602,1085,12.858986175115207,0.0358050691381242,0.0834640008542921,0.0429331306990881,,,,2422,0.0,0.7138728323699421,0.0,0.0,1.0,17413.823641751333,0.0,2.6121383829815718e-15,2.7540363152393885e-13,0.0,0.0,0.0,0.0,,,0.0,300.0,58.04607880583778,0.0,0.0
batched_greedy@10s,1,300,2422,1727,0.713047068538398,0.286952931461602,0.0895953757225433,0.1973575557390586,0.0,327.57413116294543,288.3662897414124,608.0886340504159,265.92523624112283,690.8,20.749855240301105,306.82427592264423,0.0956737148336209,0.1665209583324806,0.7378053268338984,1086,12.13720073664825,0.0290185082915675,0.075730000025942,0.0421686746987951,,,,2422,0.0,0.713047068538398,0.0,0.0,1.0,17385.267469019935,0.0,-7.638231551468593e-15,2.7210557039903843e-13,0.0,0.0,0.0,0.0,,,0.0,300.0,57.95089156339978,0.0,0.0
batched_greedy@10s,2,300,2422,1753,0.7237819983484723,0.2762180016515276,0.0875309661436829,0.1886870355078447,0.0,310.20464113173085,267.4486811974043,591.4470556724237,257.3009042847458,701.2,17.32972047917855,292.8749206525524,0.0993450680186501,0.1624300841360524,0.7382248478452974,1082,11.82162661737523,0.0310723660315115,0.0743850000981184,0.0502980625931445,,,,2422,0.0,0.7237819983484723,0.0,0.0,1.0,17310.700653566822,0.0,-1.4409466204376247e-14,2.696009100190947e-13,0.0,0.0,0.0,0.0,,,0.0,300.0,57.70233551188941,0.0,0.0
batched_greedy@10s,3,300,2422,1726,0.7126341866226259,0.287365813377374,0.0900082576383154,0.1973575557390586,0.0,300.7768268708629,261.6961266511953,574.4011458100176,247.99495196854505,690.4,18.732908458864426,282.04391841199845,0.1087068834385256,0.1557697681158407,0.7355233484456336,1078,12.256029684601112,0.0363695732558174,0.0795690011364058,0.0493827160493827,,,,2422,0.0,0.7126341866226259,0.0,0.0,1.0,17272.800243577523,0.0,1.5823572656882301e-15,2.6255449468983605e-13,0.0,0.0,0.0,0.0,,,0.0,300.0,57.57600081192508,0.0,0.0
batched_greedy@10s,4,300,2422,1736,0.7167630057803468,0.2832369942196532,0.083402146985962,0.1998348472336911,0.0,320.5103122341693,283.8190636021632,594.5575743301542,260.7472875052815,694.4,20.89516129032258,299.6151509438467,0.0934336327774131,0.1635004478686527,0.7430659193539342,1093,11.782250686184812,0.0308081427400962,0.0691320004261797,0.0451324132786273,,,,2422,0.0,0.7167630057803468,0.0,0.0,1.0,17224.08575618499,0.0,-8.110767561927468e-15,2.719437578350388e-13,0.0,0.0,0.0,0.0,,,0.0,300.0,57.41361918728331,0.0,0.0
batched_greedy@10s,5,300,2422,1729,0.7138728323699421,0.2861271676300578,0.0722543352601156,0.2138728323699422,0.0,316.96231775724976,284.0934520845158,589.5941637882019,255.3419689405674,691.6,18.72874493927125,298.23357281797854,0.1009702629391054,0.162239379386168,0.7367903576747266,1095,11.008219178082191,0.0363240182727599,0.0762239999312441,0.0520527859237536,,,,2422,0.0,0.7138728323699421,0.0,0.0,1.0,17256.018580532273,0.0,-1.2839289428562712e-14,2.669405086410241e-13,0.0,0.0,0.0,0.0,,,0.0,300.0,57.52006193510757,0.0,0.0
batched_greedy@10s,0,350,2422,1834,0.7572254335260116,0.2427745664739884,0.0895953757225433,0.1531791907514451,0.0,263.8194180835838,218.0459449558898,524.7471596225604,233.1450313647449,733.6,16.152126499454745,247.66729158412903,0.2086022245799192,0.1258112160557172,0.6655865593643634,1080,12.11111111111111,0.0403575925735855,0.0921519998519216,0.0451637184794881,,,,2422,0.0,0.7572254335260116,0.0,0.0,1.0,18434.769304900004,0.0,5.993509335991685e-15,2.737671957542641e-13,0.0,0.0,0.0,0.0,,,0.0,350.0,52.67076944257144,0.0,0.0
batched_greedy@10s,1,350,2422,1887,0.7791081750619323,0.2208918249380677,0.0565648224607762,0.1643270024772914,0.0,276.14730341735986,235.16412948160269,533.1948076576488,236.2865739868492,754.8,14.16163222045575,261.9856711969041,0.1852211173787887,0.1371745641257085,0.6776043184955027,1066,8.987804878048781,0.0389797373255971,0.0829100000373727,0.0499457111834962,,,,2422,0.0,0.7791081750619323,0.0,0.0,1.0,18754.15405404829,0.0,9.939173078748116e-15,2.736627388222458e-13,0.0,0.0,0.0,0.0,,,0.0,350.0,53.58329729728083,0.0,0.0
batched_greedy@10s,2,350,2422,1862,0.7687861271676301,0.2312138728323699,0.0681255161023947,0.1630883567299752,0.0,275.57928483874383,225.9233197418828,542.6849081371282,238.33451673124912,744.8,14.929108485499462,260.6501763532444,0.1782902224879619,0.1349052269146384,0.6868045505973995,1067,10.179943767572633,0.036157544537147,0.0818359998083906,0.049725776965265,,,,2422,0.0,0.7687861271676301,0.0,0.0,1.0,18711.08392253031,0.0,-2.961230735498592e-15,2.727814393986208e-13,0.0,0.0,0.0,0.0,,,0.0,350.0,53.46023977865803,0.0,0.0
batched_greedy@10s,3,350,2422,1830,0.7555739058629232,0.2444260941370768,0.0813377374071015,0.1630883567299752,0.0,262.9087306091805,217.8876873422778,504.6793706776487,228.86412484814144,732.0,14.907650273224045,248.0010803359565,0.1990179042271035,0.127415351135011,0.6735667446378854,1082,10.89833641404806,0.0347794824302681,0.0808280003911932,0.0450316337923334,,,,2422,0.0,0.7555739058629232,0.0,0.0,1.0,18340.63324677699,0.0,2.1029929467544497e-15,2.706240817354382e-13,0.0,0.0,0.0,0.0,,,0.0,350.0,52.40180927650569,0.0,0.0
batched_greedy@10s,4,350,2422,1861,0.768373245251858,0.231626754748142,0.0672997522708505,0.1643270024772914,0.0,274.0995049569442,230.3283013803621,545.3690198779041,236.5884997560158,744.4,14.557764642665234,259.54174031427897,0.1852350087499715,0.1328832936974115,0.6818816975526171,1079,9.970342910101946,0.0371253012218657,0.0857219997124048,0.0500730994152046,,,,2422,0.0,0.768373245251858,0.0,0.0,1.0,18542.61521477576,0.0,1.1665872757624941e-14,2.687918548554007e-13,0.0,0.0,0.0,0.0,,,0.0,350.0,52.97890061364502,0.0,0.0
batched_greedy@10s,5,350,2422,1887,0.7791081750619323,0.2208918249380677,0.0520231213872832,0.1688687035507844,0.0,279.99177947514977,228.0334758760614,556.4129467742481,239.731414125226,754.8,13.793852676205615,266.19792679894414,0.1739802131297019,0.1406534651974673,0.6853663216728307,1085,8.776036866359448,0.0375829493291788,0.0878799994825385,0.0561918396564065,,,,2422,0.0,0.7791081750619323,0.0,0.0,1.0,18826.48892475493,0.0,6.937628943916267e-15,2.632517062491949e-13,0.0,0.0,0.0,0.0,,,0.0,350.0,53.78996835644266,0.0,0.0
batched_greedy@10s,0,400,2422,1910,0.7886044591246903,0.2113955408753096,0.0689512799339388,0.1424442609413707,0.0,252.50828499661145,199.1027052986733,532.4334619540855,224.4179516902498,764.0,16.138219895287957,236.37006510132343,0.283065726450857,0.1099925427583919,0.606941730790751,1088,10.316176470588236,0.0397375919175481,0.0920690011480472,0.0502752293577981,,,,2422,0.0,0.7886044591246903,0.0,0.0,1.0,19227.452482667934,0.0,7.374903480227296e-15,2.631275069849563e-13,0.0,0.0,0.0,0.0,,,0.0,400.0,48.06863120666983,0.0,0.0
batched_greedy@10s,1,400,2422,1962,0.8100743187448389,0.189925681255161,0.0499587118084227,0.1399669694467382,0.0,261.0566697493212,213.4428440128786,532.2109203715197,228.8423040370753,784.8,12.345565749235474,248.71110400008573,0.2579477076947266,0.1198366532205363,0.6222156390847371,1056,7.921401515151516,0.0456205492806668,0.0941300006161328,0.042422044960116,,,,2422,0.0,0.8100743187448389,0.0,0.0,1.0,19717.582987280057,0.0,9.053127485409252e-15,2.712006630141076e-13,0.0,0.0,0.0,0.0,,,0.0,400.0,49.29395746820014,0.0,0.0
batched_greedy@10s,2,400,2422,1943,0.8022295623451693,0.1977704376548307,0.0470685383980181,0.1507018992568125,0.0,254.64196119535836,203.6751751734255,526.3083741933388,224.6908066181904,777.2,12.800823468862584,241.84113772649573,0.2535238774629744,0.1167218613175921,0.6297542612194335,1068,8.52247191011236,0.0403441947370008,0.0875649998124572,0.0535714285714285,,,,2422,0.0,0.8022295623451693,0.0,0.0,1.0,19594.82337867213,0.0,-1.7372733319970798e-15,2.6865477304337055e-13,0.0,0.0,0.0,0.0,,,0.0,400.0,48.98705844668033,0.0,0.0
batched_greedy@10s,3,400,2422,1894,0.781998348472337,0.2180016515276631,0.0611065235342692,0.1568951279933939,0.0,245.4744542503584,194.9941372672788,496.09495556534114,214.9360243230167,757.6,13.610876451953535,231.8635777984049,0.2798007456199843,0.1086591071917937,0.611540147188222,1079,9.098239110287302,0.0412702502571163,0.0944180004808004,0.0442089879430032,,,,2422,0.0,0.781998348472337,0.0,0.0,1.0,19053.529462962757,0.0,1.2161338462140021e-14,2.635570982388244e-13,0.0,0.0,0.0,0.0,,,0.0,400.0,47.633823657406886,0.0,0.0
batched_greedy@10s,4,400,2422,1931,0.7972749793559042,0.2027250206440957,0.0611065235342692,0.1416184971098266,0.0,254.6828955111156,206.2611104273801,513.2516231703553,227.0552045260588,772.4,13.55567063697566,241.1272248741399,0.261588085009688,0.1141644130181282,0.6242475019721837,1105,9.146606334841628,0.0444619909794874,0.0977399989642436,0.0514865844815083,,,,2422,0.0,0.7972749793559042,0.0,0.0,1.0,19436.60759102343,0.0,-1.5116511529489705e-15,2.6291530090043473e-13,0.0,0.0,0.0,0.0,,,0.0,400.0,48.59151897755857,0.0,0.0
batched_greedy@10s,5,400,2422,1948,0.8042939719240297,0.1957060280759702,0.0450041288191577,0.1507018992568125,0.0,255.52697975539348,202.02750713494424,516.3655169824518,223.78265092312444,779.2,12.453285420944558,243.07369433444887,0.2637890000321796,0.1175813937962529,0.6186296061715674,1084,7.886531365313653,0.0407743542714628,0.0914509993708634,0.0581973030518097,,,,2422,0.0,0.8042939719240297,0.0,0.0,1.0,19440.3078641038,0.0,-2.566735325308961e-15,2.682684099960829e-13,0.0,0.0,0.0,0.0,,,0.0,400.0,48.600769660259495,0.0,0.0
batched_greedy@10s,0,450,2422,1967,0.8121387283236994,0.1878612716763005,0.0611065235342692,0.1267547481420314,0.0,238.77841949508309,179.63767850048225,511.3914712783972,216.30752133283545,786.8,13.297915607524148,225.4805038875589,0.3507139572193194,0.0966612466558666,0.5526247961248139,1076,9.257434944237918,0.0418722118539575,0.1010500004667847,0.0550126673905175,,,,2422,0.0,0.8121387283236994,0.0,0.0,1.0,19701.546124371245,0.0,4.891980172359511e-15,2.6169520146326594e-13,0.0,0.0,0.0,0.0,,,0.0,450.0,43.78121360971388,0.0,0.0
batched_greedy@10s,1,450,2422,2007,0.828654004954583,0.171345995045417,0.0524360033030553,0.1189099917423616,0.0,243.1283059714497,199.33756562311737,487.10488994075496,219.26366758300847,802.8,13.137518684603886,229.99078728684583,0.3311082995020018,0.1012195242333869,0.5676721762646113,1079,7.987025023169601,0.0394272474489444,0.0988219994178507,0.0521207764198418,,,,2422,0.0,0.828654004954583,0.0,0.0,1.0,20212.72712016364,0.0,5.7682917845447336e-15,2.6461454961553643e-13,0.0,0.0,0.0,0.0,,,0.0,450.0,44.91717137814142,0.0,0.0
batched_greedy@10s,2,450,2422,1985,0.8195706028075971,0.1804293971924029,0.0474814203137902,0.1329479768786127,0.0,239.38997059762167,185.23669665651323,496.6422750511411,215.57265684271997,794.0,10.690176322418136,228.69979427520357,0.3272576744996053,0.1000389825361223,0.5727033429642723,1067,7.954076850984068,0.0420007497448523,0.0948020003124838,0.0478073328540618,,,,2422,0.0,0.8195706028075971,0.0,0.0,1.0,20155.880125114887,0.0,8.082199896747285e-15,2.618372353528355e-13,0.0,0.0,0.0,0.0,,,0.0,450.0,44.79084472247752,0.0,0.0
batched_greedy@10s,3,450,2422,1956,0.8075970272502064,0.1924029727497935,0.0491329479768786,0.1432700247729149,0.0,231.89219672969057,178.84803586296923,484.40718554778186,206.74222298302183,782.4,11.771472392638035,220.1207243370525,0.3411423361909094,0.0946416097544409,0.5642160540546496,1090,7.954128440366972,0.0461606422112533,0.0976199995784552,0.0499281609195402,,,,2422,0.0,0.8075970272502064,0.0,0.0,1.0,19817.8320856722,0.0,-7.729331830335139e-15,2.628190780208353e-13,0.0,0.0,0.0,0.0,,,0.0,450.0,44.03962685704933,0.0,0.0
batched_greedy@10s,4,450,2422,1994,0.8232865400495458,0.1767134599504541,0.0412881915772089,0.1354252683732452,0.0,236.44087396192148,187.5229056750868,486.3413547159359,211.10705030469688,797.6,11.75777331995988,224.6831006419616,0.3305733170667994,0.0980419050493909,0.5713847778838097,1083,7.404432132963989,0.0405199445875407,0.0896059997103294,0.0495897252943275,,,,2422,0.0,0.8232865400495458,0.0,0.0,1.0,20086.603034963548,0.0,6.3889604628729915e-15,2.6016300447963885e-13,0.0,0.0,0.0,0.0,,,0.0,450.0,44.63689563325232,0.0,0.0
batched_greedy@10s,5,450,2422,1991,0.8220478943022296,0.1779521056977704,0.046655656482246,0.1312964492155243,0.0,232.90675075037797,180.79163066917957,483.74618293236745,210.32500323721536,796.4,11.23154193872426,221.67520881165368,0.3367429037313672,0.0966461472124535,0.5666109490561793,1084,7.843173431734317,0.0429917896071453,0.096184999038087,0.0494978479196556,,,,2422,0.0,0.8220478943022296,0.0,0.0,1.0,19989.0596531813,0.0,7.92356860407515e-15,2.6493768951117223e-13,0.0,0.0,0.0,0.0,,,0.0,450.0,44.42013256262511,0.0,0.0
batched_greedy@10s,0,500,2422,2018,0.833195706028076,0.166804293971924,0.0425268373245251,0.1242774566473988,0.0,223.42501059261568,172.2675486477783,485.92625049997775,203.313630672696,807.2,9.797324083250745,213.6276865093649,0.4018179196008141,0.0858646586293015,0.5123174217698844,1059,7.432483474976393,0.0421006609565071,0.1061999992089113,0.0544096728307254,,,,2422,0.0,0.833195706028076,0.0,0.0,1.0,20225.561175323823,0.0,1.1931431506268928e-14,2.615403764060175e-13,0.0,0.0,0.0,0.0,,,0.0,500.0,40.45112235064765,0.0,0.0
batched_greedy@10s,1,500,2422,2035,0.8402146985962015,0.1597853014037985,0.0412881915772089,0.1184971098265895,0.0,227.89303592844996,177.90009837771322,480.5178572008677,206.71176265050164,814.0,10.72137592137592,217.171660007074,0.3893437951976712,0.0879147241186834,0.5227414806836452,1080,7.001851851851852,0.0422812963094016,0.0930629988397413,0.0526315789473684,,,,2422,0.0,0.8402146985962015,0.0,0.0,1.0,20552.47155216022,0.0,-2.773429861417418e-15,2.6524259174519336e-13,0.0,0.0,0.0,0.0,,,0.0,500.0,41.10494310432044,0.0,0.0
batched_greedy@10s,2,500,2422,2031,0.8385631709331132,0.1614368290668868,0.051197357555739,0.1102394715111478,0.0,225.04398894287075,172.48757070462034,475.6610226003122,207.77083126346795,812.4,11.8109305760709,213.23305836679987,0.3858270060687626,0.0859713531210544,0.528201640810183,1067,8.133083411433926,0.046076944705511,0.1046460006182313,0.0452079566003616,,,,2422,0.0,0.8385631709331132,0.0,0.0,1.0,20682.693122379085,0.0,1.3803718275644732e-14,2.640592487815993e-13,0.0,0.0,0.0,0.0,,,0.0,500.0,41.36538624475817,0.0,0.0
batched_greedy@10s,3,500,2422,2001,0.8261767134599505,0.1738232865400495,0.0425268373245251,0.1312964492155243,0.0,218.6987333823464,169.24551335360775,468.0050631104168,197.58238303037427,800.4,10.327336331834085,208.3713970505123,0.3954674524483253,0.0837134040191494,0.5208191435325251,1071,7.30718954248366,0.0440455648885885,0.1046499995936755,0.0455523672883787,,,,2422,0.0,0.8261767134599505,0.0,0.0,1.0,20285.426803038023,0.0,4.494378105284167e-15,2.597269392726835e-13,0.0,0.0,0.0,0.0,,,0.0,500.0,40.57085360607604,0.0,0.0
batched_greedy@10s,4,500,2422,2033,0.8393889347646573,0.1606110652353427,0.0383980181668042,0.1222130470685384,0.0,220.93655965305203,170.85894318336523,469.6335400026817,200.5345733043369,813.2,10.968519429414656,209.96804022363736,0.3903667277565679,0.0848942600904484,0.5247390121529836,1071,7.079365079365079,0.0442498599635864,0.1055700000506476,0.0474322396576319,,,,2422,0.0,0.8393889347646573,0.0,0.0,1.0,20554.73981931535,0.0,5.89876292316335e-15,2.586656909323817e-13,0.0,0.0,0.0,0.0,,,0.0,500.0,41.1094796386307,0.0,0.0
batched_greedy@10s,5,500,2422,2053,0.847646573080099,0.1523534269199009,0.0330305532617671,0.1193228736581337,0.0,216.0744670182857,165.2470006418257,462.3835748420162,196.19616206076685,821.2,10.278129566488069,205.79633745179763,0.3864475953368859,0.0844800045749474,0.5290724000881666,1045,6.6488038277511965,0.0442729186120863,0.0992239996412535,0.0451796513696193,,,,2422,0.0,0.847646573080099,0.0,0.0,1.0,20611.69667132094,0.0,-1.6061190370855894e-15,2.581296112075338e-13,0.0,0.0,0.0,0.0,,,0.0,500.0,41.22339334264188,0.0,0.0
optimal@10s,0,300,2422,1729,0.7138728323699421,0.2861271676300578,0.0982658959537572,0.1878612716763005,0.0,320.47261301267105,280.21214968757613,606.1320963854541,265.0373784142739,691.6,19.82648930017351,300.6461237124975,0.1099689734246707,0.164965151535974,0.7250658750393552,1102,12.978221415607983,0.0695655172337356,0.120598999728827,0.0448669201520912,4.576089131073306,0.0004412715340103,0.0544464609800363,2422,0.0,0.7138728323699421,0.0,0.0,1.0,17368.23475211353,0.0,-1.429099111397194e-15,2.7061034474879604e-13,0.0,0.0,0.0,0.0,,,0.0,300.0,57.89411584037844,0.0,0.0
optimal@10s,1,300,2422,1718,0.7093311312964492,0.2906688687035508,0.0862923203963666,0.2043765483071841,0.0,323.15935112641813,279.57675885080243,608.1251497858722,260.32186676656767,687.2,21.330616996507565,301.82873412991046,0.1013547734221039,0.1642280802980386,0.7344171462798574,1086,11.937384898710864,0.0684857274270376,0.1159150000603405,0.0441947565543071,4.127818433626645,0.0004390242856555,0.0478821362799263,2422,0.0,0.7093311312964492,0.0,0.0,1.0,17267.177797351847,0.0,-7.125072747559445e-15,2.7521743776728824e-13,0.0,0.0,0.0,0.0,,,0.0,300.0,57.55725932450616,0.0,0.0
optimal@10s,2,300,2422,1736,0.7167630057803468,0.2832369942196532,0.0937241948802642,0.1895127993393889,0.0,316.862222258905,277.533802575093,600.6424684558192,261.0637880969386,694.4,18.847926267281107,298.01429599162384,0.0971601255082683,0.1626407046238983,0.7401991698678333,1078,12.339517625231911,0.0628639146728149,0.1239289994737192,0.0487987987987987,3.850744009353624,0.0003949784530255,0.0565862708719851,2422,0.0,0.7167630057803468,0.0,0.0,1.0,17356.27600645623,0.0,-1.669427525046952e-15,2.665461297660086e-13,0.0,0.0,0.0,0.0,,,0.0,300.0,57.85425335485411,0.0,0.0
optimal@10s,3,300,2422,1719,0.7097440132122214,0.2902559867877787,0.087943848059455,0.2023121387283237,0.0,308.752181377933,268.6914118778104,581.7606912320357,251.81245185607636,687.6,19.787667248400236,288.9645141295328,0.1124266888646564,0.1590325011143117,0.7285408100210318,1085,12.11520737327189,0.0665679262269825,0.1221960000839317,0.0489353754202465,4.175566076935131,0.0004377355042328,0.0534562211981566,2422,0.0,0.7097440132122214,0.0,0.0,1.0,17038.780041086255,0.0,-2.765288482975608e-15,2.655462302119612e-13,0.0,0.0,0.0,0.0,,,0.0,300.0,56.79593347028752,0.0,0.0
optimal@10s,4,300,2422,1737,0.717175887696119,0.2828241123038811,0.0838150289017341,0.1990090834021469,0.0,325.6572494741442,287.5105162260643,614.7471398218971,263.5773672719586,694.8,22.00057570523892,303.6566737689053,0.091289597099603,0.1660897461148778,0.7426206567855191,1073,11.876980428704568,0.0662590866759629,0.1229680003598332,0.0518326545723806,2.9400993434100866,0.0003153608663742,0.0428704566635601,2422,0.0,0.717175887696119,0.0,0.0,1.0,17296.222221205968,0.0,-6.8022092787972166e-15,2.7694446237347305e-13,0.0,0.0,0.0,0.0,,,0.0,300.0,57.65407407068656,0.0,0.0
optimal@10s,5,300,2422,1743,0.7196531791907514,0.2803468208092485,0.0784475639966969,0.2018992568125516,0.0,319.27743432768614,279.898828076256,598.123343192815,259.6343787792857,697.2,18.501434308663224,300.77600001902294,0.0981419138553932,0.1650221532094569,0.7368359329351498,1095,11.168036529680366,0.0661649315090521,0.1151419996676849,0.0509413067552602,3.747464092362345,0.0004304967667721,0.0538812785388127,2422,0.0,0.7196531791907514,0.0,0.0,1.0,17272.46139513409,0.0,-2.0209498637582882e-15,2.744782153841842e-13,0.0,0.0,0.0,0.0,,,0.0,300.0,57.57487131711363,0.0,0.0
optimal@10s,0,350,2422,1847,0.7625928984310487,0.2374071015689512,0.0784475639966969,0.1589595375722543,0.0,270.51543344556825,223.81009540344348,549.358996800007,235.43164678783504,738.8,16.191120736329182,254.32431270923908,0.2061183703896242,0.1294837445575472,0.6643978850528285,1084,11.160516605166052,0.0696416051322796,0.1266510000095877,0.0482553823311061,2.8915900394257235,0.00033765502644,0.0313653136531365,2422,0.0,0.7625928984310487,0.0,0.0,1.0,18424.66521999076,0.0,5.7265147325386806e-15,2.6929382143573265e-13,0.0,0.0,0.0,0.0,,,0.0,350.0,52.64190062854503,0.0,0.0
optimal@10s,1,350,2422,1893,0.7815854665565648,0.2184145334434351,0.0594549958711808,0.1589595375722543,0.0,282.950830198982,246.07277718302885,539.5844247505339,243.76232556190996,757.2,14.748019017432648,268.2028111815493,0.1781398827839414,0.1409660359241126,0.6808940812919458,1085,9.26820276497696,0.0810518893910827,0.129647999201552,0.0455705432008749,2.9198196949605197,0.0004259142755701,0.0387096774193548,2422,0.0,0.7815854665565648,0.0,0.0,1.0,18897.74350550989,0.0,1.625394659506687e-14,2.68211349707928e-13,0.0,0.0,0.0,0.0,,,0.0,350.0,53.9935528728854,0.0,0.0
optimal@10s,2,350,2422,1865,0.7700247729149463,0.2299752270850536,0.064822460776218,0.1651527663088356,0.0,276.69128042326184,230.6878697416405,541.060106861816,237.51742816716947,746.0,14.574262734584453,262.1170176886774,0.176950375691458,0.1360593471422317,0.6869902771663101,1068,9.662921348314606,0.0707711610630212,0.1190630001656244,0.0495807510025519,2.469764798979515,0.0003440157609076,0.0346441947565543,2422,0.0,0.7700247729149463,0.0,0.0,1.0,18637.54928731723,0.0,7.744772949261816e-15,2.631258333053971e-13,0.0,0.0,0.0,0.0,,,0.0,350.0,53.25014082090637,0.0,0.0
optimal@10s,3,350,2422,1837,0.7584640792733278,0.2415359207266721,0.0767960363336085,0.1647398843930635,0.0,269.47417930953395,220.67889118988205,521.4802824798212,233.4853833845736,734.8,15.504627109417529,253.9695522001164,0.1998673008516017,0.1307606643942267,0.6693720347541715,1080,10.716666666666669,0.0761785184918321,0.1217310009633366,0.0490774907749077,2.070813150706201,0.0002538823925235,0.0481481481481481,2422,0.0,0.7584640792733278,0.0,0.0,1.0,18299.99736972235,0.0,-7.713421022692405e-15,2.6367754529125244e-13,0.0,0.0,0.0,0.0,,,0.0,350.0,52.28570677063529,0.0,0.0
optimal@10s,4,350,2422,1882,0.7770437654830719,0.2229562345169281,0.0545004128819157,0.1684558216350123,0.0,278.8673143890344,237.6469388187352,565.7783166088788,239.12221382151745,752.8,14.471307120085015,264.39600726894935,0.1752004696452575,0.1384000729274615,0.686399457427281,1087,9.049678012879484,0.0674996319608831,0.1263559993822127,0.0542579949694574,2.474653088243709,0.0003726149927112,0.0349586016559337,2422,0.0,0.7770437654830719,0.0,0.0,1.0,18835.500779296533,0.0,1.0627701340295946e-14,2.6498085813178353e-13,0.0,0.0,0.0,0.0,,,0.0,350.0,53.81571651227581,0.0,0.0
optimal@10s,5,350,2422,1886,0.7786952931461602,0.2213047068538398,0.0549132947976878,0.1663914120561519,0.0,275.4602801252126,231.8260911940565,540.0218076260148,236.17190806226785,754.4,11.872746553552492,263.5875335716601,0.1762640824791715,0.1392077041162049,0.6845282134046236,1099,8.34758871701547,0.0762254776857168,0.1299180006390087,0.0549766439094502,1.7677937349044095,0.0002935349955039,0.0327570518653321,2422,0.0,0.7786952931461602,0.0,0.0,1.0,18768.678962453618,0.0,-2.3643158834064044e-15,2.6331217164248213e-13,0.0,0.0,0.0,0.0,,,0.0,350.0,53.62479703558176,0.0,0.0
optimal@10s,0,400,2422,1930,0.7968620974401321,0.2031379025598678,0.0565648224607762,0.1465730800990916,0.0,255.7521474724142,205.17510170665128,527.1751415200417,225.62794808809184,772.0,14.19740932642487,241.55473814598932,0.2794791874788819,0.1131088760888505,0.6074119364322675,1083,9.28808864265928,0.0739576177356623,0.1350720001209993,0.0500725689404934,2.7797818991264216,0.0004087422311879,0.0369344413665743,2422,0.0,0.7968620974401321,0.0,0.0,1.0,19323.609735531856,0.0,1.146210357485545e-14,2.637323865340341e-13,0.0,0.0,0.0,0.0,,,0.0,400.0,48.30902433882964,0.0,0.0
optimal@10s,1,400,2422,1956,0.8075970272502064,0.1924029727497935,0.0561519405450041,0.1362510322047894,0.0,259.52191348537144,212.98227989849877,529.3394947349557,229.0891068548105,782.4,13.242842535787322,246.2790709495841,0.2641541301515352,0.1173982981500983,0.6184475716983664,1070,8.45233644859813,0.0679746728820076,0.1394719992822501,0.0488953277797899,1.8174127615197928,0.0003018265143958,0.0299065420560747,2422,0.0,0.8075970272502064,0.0,0.0,1.0,19567.769043155877,0.0,-1.5915467081027296e-16,2.682332883415379e-13,0.0,0.0,0.0,0.0,,,0.0,400.0,48.919422607889686,0.0,0.0
optimal@10s,2,400,2422,1941,0.8014037985136251,0.1985962014863748,0.0441783649876135,0.1544178364987613,0.0,256.98328659105647,205.65551999781337,518.2672323289407,224.8602145415952,776.4,11.267387944358578,245.71589864669787,0.2556582090100801,0.1178586195352844,0.6264831714546355,1068,7.905430711610487,0.0766397004244187,0.1506040004278468,0.0449317038102084,1.6221889298296028,0.0002932427275502,0.0327715355805243,2422,0.0,0.8014037985136251,0.0,0.0,1.0,19583.21605330119,0.0,-9.959175278497361e-15,2.6148023010658017e-13,0.0,0.0,0.0,0.0,,,0.0,400.0,48.95804013325297,0.0,0.0
optimal@10s,3,400,2422,1897,0.7832369942196532,0.2167630057803468,0.0553261767134599,0.1614368290668868,0.0,246.40659035721183,198.69451641521755,496.076105207597,215.1333297224545,758.8,11.58408012651555,234.82251023069628,0.2789281282838799,0.1100217171800442,0.6110501545360758,1089,8.484848484848484,0.070868044089578,0.1348679997317957,0.0464104423495286,2.48044661998571,0.0004078316971489,0.0404040404040404,2422,0.0,0.7832369942196532,0.0,0.0,1.0,19137.57815037667,0.0,7.658139336755456e-15,2.651044030231816e-13,0.0,0.0,0.0,0.0,,,0.0,400.0,47.84394537594168,0.0,0.0
optimal@10s,4,400,2422,1929,0.79644921552436,0.2035507844756399,0.0516102394715111,0.1519405450041288,0.0,252.64873638497977,206.2611104273801,506.1163698666933,221.495303889136,771.6,13.10160705028512,239.54712933469463,0.2619972612998384,0.1138896038028242,0.6241131348973373,1084,8.413284132841328,0.068740959379344,0.1350370000545813,0.0568263045032165,1.5085005305885335,0.0002519024848191,0.0304428044280442,2422,0.0,0.79644921552436,0.0,0.0,1.0,19424.95171820625,0.0,1.4694771521373509e-15,2.611306712594708e-13,0.0,0.0,0.0,0.0,,,0.0,400.0,48.56237929551562,0.0,0.0
optimal@10s,5,400,2422,1949,0.8047068538398018,0.1952931461601982,0.0388109000825763,0.1564822460776218,0.0,251.3592741067192,203.05788472615316,502.1535109177154,219.368257140354,779.6,10.775782452539763,240.58349165417945,0.2633341573964226,0.1170755792144294,0.619590263389148,1087,7.315547378104876,0.0774238270668819,0.1302139999097562,0.059880239520958,2.096199024543481,0.0004200999282006,0.0294388224471021,2422,0.0,0.8047068538398018,0.0,0.0,1.0,19439.631299048862,0.0,9.312429967456162e-16,2.689132196095406e-13,0.0,0.0,0.0,0.0,,,0.0,400.0,48.59907824762216,0.0,0.0
optimal@10s,0,450,2422,1964,0.8109000825763831,0.1890999174236168,0.0590421139554087,0.130057803468208,0.0,235.9548131028232,181.4667879297904,499.3498839246859,213.51212860372644,785.6,12.761201629327902,223.1936114734953,0.3495825821156367,0.0958215009803957,0.5545959169039675,1091,8.987167736021998,0.0863413382118989,0.1538999997137579,0.0532030401737242,2.1063391133188363,0.0003248395170656,0.0311640696608615,2422,0.0,0.8109000825763831,0.0,0.0,1.0,19739.858860956643,0.0,3.0037072625500167e-15,2.5908128324305617e-13,0.0,0.0,0.0,0.0,,,0.0,450.0,43.86635302434809,0.0,0.0
optimal@10s,1,450,2422,2011,0.8303055326176714,0.1696944673823286,0.0396366639141205,0.130057803468208,0.0,240.289229866803,195.43070230808732,490.2064286026725,214.2615414932397,804.4,10.944803580308305,229.3444262864947,0.3274373773086383,0.1022684237024303,0.5702941989889313,1080,6.908333333333333,0.0728975926449493,0.1269469996077532,0.0508715759516186,2.008705109882274,0.0004388861351551,0.0296296296296296,2422,0.0,0.8303055326176714,0.0,0.0,1.0,20245.6144085579,0.0,5.081520043689602e-15,2.678524842115792e-13,0.0,0.0,0.0,0.0,,,0.0,450.0,44.990254241239775,0.0,0.0
optimal@10s,2,450,2422,1997,0.8245251857968621,0.1754748142031379,0.0367464905037159,0.1387283236994219,0.0,239.55590449512115,187.7641049250251,493.9114325810119,213.8565892625932,798.8,10.467701552328492,229.08820294279263,0.3257804613684966,0.1014377054524195,0.5727818331790838,1067,7.248359887535146,0.0792448922122647,0.1387179992889284,0.0466856735566642,2.136452443040001,0.0004387594340399,0.0393626991565135,2422,0.0,0.8245251857968621,0.0,0.0,1.0,20192.220466970924,0.0,7.867294975501011e-15,2.628603394038997e-13,0.0,0.0,0.0,0.0,,,0.0,450.0,44.87160103771317,0.0,0.0
optimal@10s,3,450,2422,1970,0.8133773740710157,0.1866226259289843,0.0487200660611065,0.1379025598678777,0.0,234.09561979673265,182.1046943360984,477.1654242525665,210.56272592021892,788.0,11.074619289340102,223.0210005073925,0.3366927743264567,0.0970577398675295,0.5662494858060138,1073,8.127679403541473,0.0708174277802476,0.1267839990032371,0.0475161987041036,2.14635280025194,0.0003785699576195,0.0410065237651444,2422,0.0,0.8133773740710157,0.0,0.0,1.0,19845.838838894186,0.0,1.2248070578062668e-14,2.650128283769656e-13,0.0,0.0,0.0,0.0,,,0.0,450.0,44.10186408643152,0.0,0.0
optimal@10s,4,450,2422,1993,0.8228736581337738,0.1771263418662262,0.0450041288191577,0.1321222130470685,0.0,236.72000036309757,187.9357755440105,488.5406759957612,212.77075578227416,797.2,12.070747616658304,224.64925274643923,0.3283552414431964,0.098470970707964,0.5731737878488395,1082,7.8077634011090575,0.0756146025823421,0.1419570001053216,0.0524625267665952,1.8833115595442216,0.000349722246393,0.0268022181146025,2422,0.0,0.8228736581337738,0.0,0.0,1.0,20203.760231396056,0.0,3.493888013270939e-16,2.5949338012033535e-13,0.0,0.0,0.0,0.0,,,0.0,450.0,44.8972449586579,0.0,0.0
optimal@10s,5,450,2422,2005,0.8278282411230388,0.1721717588769611,0.0342691990090834,0.1379025598678777,0.0,234.25890921095663,183.2809824395672,487.1506620984399,209.62310651991365,802.0,9.343640897755613,224.915268313201,0.3295391949406776,0.100263255557493,0.5701975495018292,1083,6.8171745152354575,0.0757218836357661,0.1291000007768161,0.0486332978345757,2.867618976744742,0.0006388000919059,0.038781163434903,2422,0.0,0.8278282411230388,0.0,0.0,1.0,20102.754061588406,0.0,2.9825961595216678e-15,2.6079443398401805e-13,0.0,0.0,0.0,0.0,,,0.0,450.0,44.67278680352979,0.0,0.0
optimal@10s,0,500,2422,2024,0.8356729975227085,0.1643270024772914,0.0396366639141205,0.1246903385631709,0.0,225.1151794566848,175.13400121160612,487.81028222571103,203.432942710889,809.6,9.41304347826087,215.7021359784239,0.3993446115494153,0.0872581627242106,0.513397225726374,1058,6.952741020793951,0.0799178639160546,0.1307319999250468,0.0546099290780141,1.9748851080969696,0.000434638154798,0.0293005671077504,2422,0.0,0.8356729975227085,0.0,0.0,1.0,20305.57121378524,0.0,9.635243854424727e-15,2.59087876317811e-13,0.0,0.0,0.0,0.0,,,0.0,500.0,40.61114242757048,0.0,0.0
optimal@10s,1,500,2422,2042,0.8431048720066061,0.1568951279933939,0.0408753096614368,0.116019818331957,0.0,232.751492347038,184.5466639739675,478.7591765837462,210.43280245414084,816.8,11.376101860920668,221.3753904861173,0.3862924390197839,0.0897175692592971,0.523989991720919,1081,6.894542090656799,0.0765729879708929,0.1291799999307841,0.053622159090909,1.3722672537274834,0.0003030791993077,0.0231267345050878,2422,0.0,0.8431048720066061,0.0,0.0,1.0,20619.270149384218,0.0,9.025319397050734e-16,2.64859415279185e-13,0.0,0.0,0.0,0.0,,,0.0,500.0,41.238540298768434,0.0,0.0
optimal@10s,2,500,2422,2033,0.8393889347646573,0.1606110652353427,0.0483071841453344,0.1123038810900082,0.0,225.58138440540117,171.56335649752964,475.3789387881023,208.0256432964688,813.2,11.927201180521395,213.65418322487972,0.3834675149887535,0.086460292304566,0.5300721927066804,1068,8.067415730337078,0.0725541198461157,0.1381980003498028,0.047841726618705,1.916440968966821,0.0003443515058192,0.0290262172284644,2422,0.0,0.8393889347646573,0.0,0.0,1.0,20688.91461375954,0.0,3.3495641632271814e-15,2.623429156045981e-13,0.0,0.0,0.0,0.0,,,0.0,500.0,41.37782922751908,0.0,0.0
optimal@10s,3,500,2422,2007,0.828654004954583,0.171345995045417,0.0425268373245251,0.1288191577208918,0.0,216.6518594801573,168.6770127252057,469.6691093822279,196.67525125061223,802.8,8.52017937219731,208.13168010795997,0.3925025231191291,0.0841283967848372,0.5233690800960336,1069,7.043966323666979,0.0809293732310512,0.1414160001149866,0.0509985734664764,1.7616103262120402,0.0003802433346234,0.0364826941066417,2422,0.0,0.828654004954583,0.0,0.0,1.0,20408.748454547465,0.0,5.5713613427078846e-15,2.5924432284769335e-13,0.0,0.0,0.0,0.0,,,0.0,500.0,40.817496909094935,0.0,0.0
optimal@10s,4,500,2422,2028,0.8373245251857968,0.1626754748142031,0.0383980181668042,0.1242774566473988,0.0,219.76511324312528,168.8441204763349,470.411255332742,199.77138641976865,811.2,9.59171597633136,210.1733972667939,0.3895660135452182,0.0846051493293856,0.5258288371253961,1074,6.946927374301676,0.0824532588374959,0.1356620001570263,0.0450482659992849,1.3970535519092635,0.0003070815240435,0.0251396648044692,2422,0.0,0.8373245251857968,0.0,0.0,1.0,20554.38081895824,0.0,-2.9430764203081075e-16,2.613381787985497e-13,0.0,0.0,0.0,0.0,,,0.0,500.0,41.10876163791649,0.0,0.0
optimal@10s,5,500,2422,2048,0.8455821635012386,0.1544178364987613,0.0334434351775392,0.1209744013212221,0.0,216.5782404203296,165.45146263709444,461.7874889151284,196.3052168483065,819.2,10.373046875,206.2051935453296,0.3871226426296715,0.0845630861642653,0.5283142712060632,1077,6.493964716805943,0.0769401114410115,0.1286840000102529,0.0502654867256637,1.6731940493687394,0.0004054207436791,0.0306406685236768,2422,0.0,0.8455821635012386,0.0,0.0,1.0,20649.58488327544,0.0,1.2951879152511836e-15,2.596891885559005e-13,0.0,0.0,0.0,0.0,,,0.0,500.0,41.29916976655088,0.0,0.0
batched_greedy@10s+aware,0,300,2422,1734,0.7159372419488026,0.2840627580511973,0.2097440132122213,0.074318744838976,0.0,284.2049671306171,256.8307422652615,519.2556141470429,271.3829630419005,693.6,33.194925028835065,251.0100421017821,0.1389047382377769,0.1345730502081023,0.7265222115541208,1093,22.838060384263496,0.0282553522567072,0.0676879999082301,0.0539965986394557,,,,2422,0.0,0.7159372419488026,0.0,0.0,1.0,17234.293585019575,0.0,-4.8373454415501626e-15,2.6985155107514173e-13,0.0,0.0,0.0,0.0,,,0.0,300.0,57.447645283398586,0.0,0.0
batched_greedy@10s+aware,1,300,2422,1776,0.7332782824112304,0.2667217175887696,0.1994219653179191,0.0672997522708505,0.0,311.62365841138546,291.75616567583484,545.1486612392982,291.61867748940074,710.4,39.77815315315316,271.8455052582323,0.1071612452326753,0.1463037494305204,0.7465350053368043,1123,21.971504897595725,0.0281796082205978,0.064078000432346,0.0543705562526139,,,,2422,0.0,0.7332782824112304,0.0,0.0,1.0,17762.492648276886,0.0,2.377477594174772e-15,2.781018658602939e-13,0.0,0.0,0.0,0.0,,,0.0,300.0,59.20830882758962,0.0,0.0
batched_greedy@10s+aware,2,300,2422,1783,0.736168455821635,0.2638315441783649,0.1886870355078447,0.0751445086705202,0.0,312.58495014118745,289.9652244580593,548.0895807498731,291.52589149038005,713.2,40.03252944475603,272.5524206964314,0.1004254393340099,0.1466983730409645,0.7528761876250254,1113,21.553459119496857,0.0335201257911447,0.0678080012585267,0.0473618612380556,,,,2422,0.0,0.736168455821635,0.0,0.0,1.0,17831.273800655916,0.0,5.5950757207357305e-15,2.715654086598764e-13,0.0,0.0,0.0,0.0,,,0.0,300.0,59.43757933551972,0.0,0.0
batched_greedy@10s+aware,3,300,2422,1739,0.718001651527663,0.2819983484723369,0.2047894302229562,0.0772089182493806,0.0,296.51986515671734,271.57080710088485,530.4572728130181,278.418305571418,695.6,38.26854514088557,258.2513200158318,0.1229400414569968,0.1358024710711444,0.7412574874718587,1095,22.53150684931507,0.0319427397441263,0.0674000002618413,0.0517894736842105,,,,2422,0.0,0.718001651527663,0.0,0.0,1.0,17316.873075063435,0.0,2.2166154925236014e-16,2.659335916769986e-13,0.0,0.0,0.0,0.0,,,0.0,300.0,57.722910250211456,0.0,0.0
batched_greedy@10s+aware,4,300,2422,1754,0.7241948802642444,0.2758051197357555,0.1857968620974401,0.0900082576383154,0.0,314.5226425867437,296.7711749646196,541.4491799899536,288.3390470577631,701.6,42.10718358038768,272.415459006356,0.1051833630292968,0.1432474816736314,0.7515691552970717,1101,21.95004541326067,0.0283276112135714,0.0568999985262053,0.0459627329192546,,,,2422,0.0,0.7241948802642444,0.0,0.0,1.0,17482.114411652285,0.0,1.187444922575139e-15,2.6884208782892333e-13,0.0,0.0,0.0,0.0,,,0.0,300.0,58.27371470550762,0.0,0.0
batched_greedy@10s+aware,5,300,2422,1781,0.7353426919900908,0.2646573080099091,0.1862097440132122,0.0784475639966969,0.0,304.73680558326646,282.5690551141297,531.5295541457417,282.62255335966256,712.4,38.47501403705783,266.2617915462086,0.103285651970516,0.1431008633510095,0.7536134846784744,1104,20.92753623188406,0.0277251811726471,0.0622639996254293,0.0559210526315789,,,,2422,0.0,0.7353426919900908,0.0,0.0,1.0,17732.883063545134,0.0,-2.0516372928951803e-15,2.7308618901054945e-13,0.0,0.0,0.0,0.0,,,0.0,300.0,59.10961021181711,0.0,0.0
batched_greedy@10s+aware,0,350,2422,1842,0.7605284888521883,0.2394715111478117,0.1791907514450867,0.060280759702725,0.0,263.4516292598419,223.66919437498385,513.3031846904773,257.68435989713595,736.8,31.12975027144408,232.32187898839783,0.2244752756540753,0.1136425404753617,0.6618821838705629,1123,19.524487978628677,0.0370374888680883,0.0771340002029319,0.0426854537919602,,,,2422,0.0,0.7605284888521883,0.0,0.0,1.0,18219.512535575966,0.0,5.660088153990184e-15,2.707393966394103e-13,0.0,0.0,0.0,0.0,,,0.0,350.0,52.05575010164562,0.0,0.0
batched_greedy@10s+aware,1,350,2422,1884,0.7778695293146161,0.2221304706853839,0.1635012386457473,0.0586292320396366,0.0,281.5983007589697,249.5842429429704,529.1621247702165,269.61565222151256,753.6,35.217622080679405,246.38067867829025,0.191653505914857,0.1228822008803781,0.6854642932047648,1133,18.623124448367168,0.0313758164089804,0.0728519997937838,0.0493527508090614,,,,2422,0.0,0.7778695293146161,0.0,0.0,1.0,18923.482602785836,0.0,1.1411018391104846e-15,2.6743245504406483e-13,0.0,0.0,0.0,0.0,,,0.0,350.0,54.06709315081667,0.0,0.0
batched_greedy@10s+aware,2,350,2422,1892,0.7811725846407928,0.2188274153592072,0.1606110652353427,0.0582163501238645,0.0,268.5632364430309,231.41348964942424,510.0514275621828,261.2759577506585,756.8,31.433932346723044,237.1293040963079,0.1938666724376708,0.1204209183959509,0.6857124091663782,1093,18.612076852698998,0.0392652332844467,0.0817200009623774,0.0429323612798703,,,,2422,0.0,0.7811725846407928,0.0,0.0,1.0,18794.981486671877,0.0,-3.052291799624849e-15,2.667840109034144e-13,0.0,0.0,0.0,0.0,,,0.0,350.0,53.69994710477678,0.0,0.0
batched_greedy@10s+aware,3,350,2422,1854,0.7654830718414534,0.2345169281585466,0.1655656482246077,0.0689512799339388,0.0,263.3808995500756,227.15433555630443,504.5451099614337,253.152456886874,741.6,31.062028047464946,232.31887150261068,0.2087541201575455,0.1158874663020414,0.675358413540413,1107,18.233965672990063,0.0376467931448145,0.0784880010178312,0.0465964343598055,,,,2422,0.0,0.7654830718414534,0.0,0.0,1.0,18517.98095985507,0.0,4.979595784019931e-15,2.6842462089809376e-13,0.0,0.0,0.0,0.0,,,0.0,350.0,52.90851702815734,0.0,0.0
batched_greedy@10s+aware,4,350,2422,1865,0.7700247729149463,0.2299752270850536,0.1601981833195706,0.069777043765483,0.0,263.4645752821541,232.4164981852364,498.3308338006548,256.90102388800267,746.0,29.37479892761394,234.0897763545401,0.1981598243728717,0.1167736465973621,0.6850665290297661,1108,18.57039711191336,0.0360096570683206,0.0815439993311884,0.0474467229593888,,,,2422,0.0,0.7700247729149463,0.0,0.0,1.0,18630.87347987147,0.0,6.2434418671681716e-15,2.6047487074600785e-13,0.0,0.0,0.0,0.0,,,0.0,350.0,53.23106708534706,0.0,0.0
batched_greedy@10s+aware,5,350,2422,1877,0.7749793559042114,0.2250206440957886,0.1626754748142031,0.0623451692815854,0.0,271.6571402721398,239.92482718682595,518.6259899914545,261.7908675036806,750.8,31.71337240277038,239.94376786936945,0.2021429572345966,0.1202860915095031,0.6775709512559003,1111,18.394239423942395,0.0339885688749463,0.0765000002502347,0.0504032258064516,,,,2422,0.0,0.7749793559042114,0.0,0.0,1.0,18648.160711731754,0.0,6.522929949688986e-16,2.696071034689569e-13,0.0,0.0,0.0,0.0,,,0.0,350.0,53.280459176376446,0.0,0.0
batched_greedy@10s+aware,0,400,2422,1891,0.7807597027250206,0.2192402972749793,0.1548307184145334,0.0644095788604459,0.0,246.7728126867716,199.98631417623983,500.3267300636171,242.3947825094501,756.4,27.6351136964569,219.1376989903147,0.3029381784912405,0.0987620849495385,0.598299736559221,1105,17.53846153846154,0.035880090490948,0.0835959998948965,0.056858846918489,,,,2422,0.0,0.7807597027250206,0.0,0.0,1.0,18811.025410898797,0.0,-2.855697933250535e-15,2.6902553279860334e-13,0.0,0.0,0.0,0.0,,,0.0,400.0,47.02756352724698,0.0,0.0
batched_greedy@10s+aware,1,400,2422,1933,0.7981007431874484,0.2018992568125516,0.1473988439306358,0.0545004128819157,0.0,251.0554248464896,213.30281890536207,504.0965960266039,245.4700731902248,773.2,26.24831867563373,224.80710617085592,0.2772403159396659,0.1035963155647918,0.6191633684955422,1090,16.471559633027525,0.03836577981111,0.0827999994908168,0.0450019912385503,,,,2422,0.0,0.7981007431874484,0.0,0.0,1.0,19452.60178798931,0.0,-4.794693124454634e-16,2.6846077238001173e-13,0.0,0.0,0.0,0.0,,,0.0,400.0,48.63150446997328,0.0,0.0
batched_greedy@10s+aware,2,400,2422,1957,0.8080099091659785,0.1919900908340214,0.1333608587943848,0.0586292320396366,0.0,247.03578023534715,205.65258789100423,499.91792455645447,242.6412460233344,782.8,26.514052120592744,220.52172811475444,0.2709159714224914,0.102888357461798,0.6261956711157105,1084,16.118081180811807,0.0385317343160015,0.0791189994379238,0.049609375,,,,2422,0.0,0.8080099091659785,0.0,0.0,1.0,19652.35768712873,0.0,7.0657157522235046e-15,2.5950172573438264e-13,0.0,0.0,0.0,0.0,,,0.0,400.0,49.13089421782183,0.0,0.0
batched_greedy@10s+aware,3,400,2422,1912,0.7894302229562346,0.2105697770437654,0.1461601981833195,0.0644095788604459,0.0,246.98163825487455,207.6600127516308,489.55283126094287,241.7879264535582,764.8,28.769351464435147,218.21228679043944,0.2893838218120305,0.0985172087690827,0.6120989694188868,1087,17.159153633854647,0.0392413983127431,0.0844999997570994,0.0524241229798975,,,,2422,0.0,0.7894302229562346,0.0,0.0,1.0,19092.889691289467,0.0,9.004884239480611e-16,2.6795697227790337e-13,0.0,0.0,0.0,0.0,,,0.0,400.0,47.73222422822367,0.0,0.0
batched_greedy@10s+aware,4,400,2422,1943,0.8022295623451693,0.1977704376548307,0.1341866226259289,0.0635838150289017,0.0,248.0497213741293,209.22136875716387,495.2153866246397,242.37551557279787,777.2,27.161091096242924,220.8886302778864,0.2771646507611544,0.1010468483926238,0.6217885008462218,1101,15.96094459582198,0.0381730245165658,0.0810000001365551,0.0547360248447204,,,,2422,0.0,0.8022295623451693,0.0,0.0,1.0,19319.92117538428,0.0,-7.29490237302339e-15,2.606058561035457e-13,0.0,0.0,0.0,0.0,,,0.0,400.0,48.29980293846069,0.0,0.0
batched_greedy@10s+aware,5,400,2422,1950,0.8051197357555739,0.1948802642444261,0.1395540875309661,0.0553261767134599,0.0,251.45692079060356,203.74711807780363,503.3610363283249,246.73259310440025,780.0,28.13589743589744,223.32102335470609,0.2766248555816873,0.1033243858329118,0.6200507585854008,1108,16.526173285198556,0.040285559578229,0.0873739987582667,0.0559686888454011,,,,2422,0.0,0.8051197357555739,0.0,0.0,1.0,19396.51894142274,0.0,2.477106838738016e-15,2.7022600681319975e-13,0.0,0.0,0.0,0.0,,,0.0,400.0,48.491297353556845,0.0,0.0
batched_greedy@10s+aware,0,450,2422,1946,0.8034682080924855,0.1965317919075144,0.1412056151940545,0.0553261767134599,0.0,232.50737359653436,180.79071492486287,488.36105436786033,232.12538163004143,778.4,26.48920863309353,206.0181649634408,0.3645386730046576,0.0851464058242227,0.5503149211711196,1092,16.681318681318682,0.043743772903826,0.0906270005179976,0.0531286894923258,,,,2422,0.0,0.8034682080924855,0.0,0.0,1.0,19555.735794054075,0.0,-3.795753251508783e-15,2.628330349982846e-13,0.0,0.0,0.0,0.0,,,0.0,450.0,43.4571906534535,0.0,0.0
batched_greedy@10s+aware,1,450,2422,1991,0.8220478943022296,0.1779521056977704,0.125103220478943,0.0528488852188274,0.0,237.6064340583255,193.3675754617734,489.474537069952,233.7618044164176,796.4,26.07734806629834,211.52908599202715,0.3418900822378771,0.0899394374951109,0.5681704802670119,1104,14.819746376811594,0.0424259963642396,0.0965699989137647,0.0498839907192575,,,,2422,0.0,0.8220478943022296,0.0,0.0,1.0,20127.834727090674,0.0,2.116059434378475e-15,2.643164999333558e-13,0.0,0.0,0.0,0.0,,,0.0,450.0,44.72852161575705,0.0,0.0
batched_greedy@10s+aware,2,450,2422,2016,0.8323699421965318,0.1676300578034682,0.1184971098265895,0.0491329479768786,0.0,233.9119315674792,188.12466852659875,492.64918078456685,233.59197112043708,806.4,24.52529761904762,209.3866339484316,0.3373191502019493,0.0899073952282348,0.5727734545698159,1084,15.00461254612546,0.0422634686193503,0.0904340007218707,0.0452436194895591,,,,2422,0.0,0.8323699421965318,0.0,0.0,1.0,20187.59389173813,0.0,9.838910991048138e-15,2.607651748852567e-13,0.0,0.0,0.0,0.0,,,0.0,450.0,44.86131975941807,0.0,0.0
batched_greedy@10s+aware,3,450,2422,1953,0.8063583815028902,0.1936416184971098,0.1259289843104872,0.0677126341866226,0.0,227.20735328329732,176.65689501804945,470.0771034129118,224.881418764034,781.2,22.67383512544803,204.5335181578493,0.3552362485222783,0.0856444523375039,0.5591192991402177,1079,15.067655236329935,0.0453863762707175,0.0963979997686692,0.0428682774746687,,,,2422,0.0,0.8063583815028902,0.0,0.0,1.0,19602.384114839697,0.0,-3.2732535462322842e-15,2.611965374602047e-13,0.0,0.0,0.0,0.0,,,0.0,450.0,43.56085358853266,0.0,0.0
batched_greedy@10s+aware,4,450,2422,1993,0.8228736581337738,0.1771263418662262,0.116019818331957,0.0611065235342692,0.0,233.644098302381,189.18358278954477,481.7589606482639,230.4819335379388,797.2,23.14801806322128,210.4960802391597,0.3402834598789541,0.089530184499346,0.5701863556216998,1099,14.203821656050955,0.0438064604289,0.0930100005643907,0.0501723477594791,,,,2422,0.0,0.8228736581337738,0.0,0.0,1.0,19955.41449770773,0.0,2.8849086803455897e-15,2.620502911504555e-13,0.0,0.0,0.0,0.0,,,0.0,450.0,44.34536555046163,0.0,0.0
batched_greedy@10s+aware,5,450,2422,1998,0.8249380677126342,0.1750619322873658,0.1180842279108175,0.0569777043765483,0.0,236.75466658610227,192.96159030521332,487.7100976946186,232.92094337783377,799.2,23.16866866866867,213.5859979174336,0.3388261234838717,0.0907845878631012,0.5703892886530271,1105,14.270588235294118,0.0369446153335833,0.0806639996881131,0.0500577589526376,,,,2422,0.0,0.8249380677126342,0.0,0.0,1.0,20048.8200378751,0.0,1.254474224421298e-15,2.66004546829008e-13,0.0,0.0,0.0,0.0,,,0.0,450.0,44.55293341750021,0.0,0.0
batched_greedy@10s+aware,0,500,2422,1998,0.8249380677126342,0.1750619322873658,0.1234516928158546,0.0516102394715111,0.0,218.2837269551339,169.45331993660966,472.9105730861352,220.4848017595073,799.2,22.074574574574573,196.2091523805593,0.4121414627575192,0.0763339247178657,0.511524612524615,1095,14.7013698630137,0.0444796347321376,0.0979179997011669,0.0535851966075558,,,,2422,0.0,0.8249380677126342,0.0,0.0,1.0,20144.571388830456,0.0,1.096953692378886e-14,2.646267144907394e-13,0.0,0.0,0.0,0.0,,,0.0,500.0,40.28914277766091,0.0,0.0
batched_greedy@10s+aware,1,500,2422,2036,0.8406275805119736,0.1593724194880264,0.1073492981007431,0.0520231213872832,0.0,225.16728618030788,178.7694640853756,472.36911444892166,223.1693866757365,814.4,22.940569744597248,202.2267164357106,0.393794337073401,0.0799512511236157,0.5262544118029834,1099,13.400363967242948,0.0393444039827681,0.092309998908604,0.0461655856543304,,,,2422,0.0,0.8406275805119736,0.0,0.0,1.0,20572.29466678165,0.0,-8.462996729952078e-17,2.684314242179552e-13,0.0,0.0,0.0,0.0,,,0.0,500.0,41.1445893335633,0.0,0.0
batched_greedy@10s+aware,2,500,2422,2049,0.8459950454170108,0.1540049545829892,0.1061106523534269,0.0478943022295623,0.0,225.4386651709707,175.37881456526884,478.4852089754943,225.0011641982516,819.6,23.763787213274767,201.6748779576959,0.3931075653092767,0.0791556715561502,0.5277367631345731,1102,13.625226860254084,0.0446692377502993,0.0956979992952256,0.0486877139596804,,,,2422,0.0,0.8459950454170108,0.0,0.0,1.0,20725.69793689281,0.0,-2.6279071105085454e-15,2.648486061448157e-13,0.0,0.0,0.0,0.0,,,0.0,500.0,41.45139587378563,0.0,0.0
batched_greedy@10s+aware,3,500,2422,2004,0.8274153592072667,0.1725846407927332,0.1110652353426919,0.0615194054500412,0.0,217.52105432459447,171.45028677361188,465.873982233237,217.0888501007962,801.6,19.421656686626747,198.0993976379677,0.4017566712397321,0.0772069788583697,0.5210363499018982,1080,13.51851851851852,0.0480450000109326,0.0952840008176281,0.0538899430740037,,,,2422,0.0,0.8274153592072667,0.0,0.0,1.0,20296.73807278815,0.0,-3.314492171520652e-15,2.6317360355724775e-13,0.0,0.0,0.0,0.0,,,0.0,500.0,40.593476145576304,0.0,0.0
batched_greedy@10s+aware,4,500,2422,2016,0.8323699421965318,0.1676300578034682,0.1061106523534269,0.0615194054500412,0.0,214.91624030980063,169.34679741467244,458.34231033490505,213.0034369750113,806.4,20.08134920634921,194.83489110345147,0.4004854604786536,0.076931537963511,0.5225830015578353,1099,12.76251137397634,0.0457401273838219,0.0973099987822933,0.046077684691546,,,,2422,0.0,0.8323699421965318,0.0,0.0,1.0,20368.564449510035,0.0,2.952224003179831e-15,2.595366602407459e-13,0.0,0.0,0.0,0.0,,,0.0,500.0,40.73712889902007,0.0,0.0
batched_greedy@10s+aware,5,500,2422,2044,0.8439306358381503,0.1560693641618497,0.1023947151114781,0.0536746490503715,0.0,217.59386417183035,169.52993068302044,469.3445440434828,215.5914582625171,817.6,21.03326810176125,196.5605960700691,0.3923901844944028,0.07817060416873,0.5294392113368671,1104,12.53623188405797,0.0409311594318711,0.0908760008678655,0.0456100342075256,,,,2422,0.0,0.8439306358381503,0.0,0.0,1.0,20808.03589971474,0.0,4.084903756847335e-15,2.6314338835785043e-13,0.0,0.0,0.0,0.0,,,0.0,500.0,41.61607179942949,0.0,0.0
optimal@10s+aware,0,300,2422,1744,0.7200660611065235,0.2799339388934764,0.2072667217175887,0.0726672171758877,0.0,289.5221910326927,258.937103931921,530.482862837776,275.6527275726943,697.6,35.8125,253.70969103269277,0.1331122656163654,0.1366581137655214,0.7302296206181131,1093,23.127172918572736,0.0680199451216001,0.1197319984203204,0.0586497890295358,3.633867476716104,0.0001856273723457,0.031107044830741,2422,0.0,0.7200660611065235,0.0,0.0,1.0,17306.814404260127,0.0,-9.303974512328892e-15,2.703530569648793e-13,0.0,0.0,0.0,0.0,,,0.0,300.0,57.68938134753376,0.0,0.0
optimal@10s+aware,1,300,2422,1782,0.7357555739058629,0.264244426094137,0.2002477291494632,0.0639966969446738,0.0,317.89501020177136,293.783007867979,550.6344788885611,297.63692732224007,712.8,41.81144781144781,276.08356239032355,0.1043495069422432,0.1474823762918941,0.7481681167658626,1103,22.85766092475068,0.0689475068425973,0.1190919992222916,0.0575719649561952,2.67915881101834,0.0001382540730398,0.0308250226654578,2422,0.0,0.7357555739058629,0.0,0.0,1.0,17726.794934809783,0.0,-1.4872751988693454e-15,2.6945897813831583e-13,0.0,0.0,0.0,0.0,,,0.0,300.0,59.089316449365946,0.0,0.0
optimal@10s+aware,2,300,2422,1787,0.7378199834847233,0.2621800165152766,0.1849710982658959,0.0772089182493806,0.0,310.5858741450976,288.72471556192613,542.6144682606198,289.29425232774804,714.8,38.25629546726357,272.32957867783404,0.0972819927723917,0.1477081355142766,0.7550098717133317,1085,21.544700460829493,0.0637170507171977,0.1173999992897734,0.0499380932728023,3.472200912192565,0.0001910207992175,0.0350230414746543,2422,0.0,0.7378199834847233,0.0,0.0,1.0,17776.01698237475,0.0,1.0702375999665806e-14,2.713218569794068e-13,0.0,0.0,0.0,0.0,,,0.0,300.0,59.25338994124916,0.0,0.0
optimal@10s+aware,3,300,2422,1740,0.7184145334434352,0.2815854665565648,0.2089182493806771,0.0726672171758877,0.0,298.3302335259218,274.969685924209,528.0040404576544,280.4588726782623,696.0,40.44942528735632,257.8808082385655,0.1202091310034262,0.1358809078185094,0.7439099611780644,1111,22.68046804680468,0.0687159315735496,0.1218099996549428,0.0487908358082308,2.665170492239885,0.0001387271259966,0.0261026102610261,2422,0.0,0.7184145334434352,0.0,0.0,1.0,17383.446088595432,0.0,3.5307644419918195e-15,2.628461943628992e-13,0.0,0.0,0.0,0.0,,,0.0,300.0,57.94482029531811,0.0,0.0
optimal@10s+aware,4,300,2422,1760,0.726672171758877,0.273327828241123,0.185383980181668,0.087943848059455,0.0,309.3389722948518,294.6647455014663,534.1268990173812,286.27068897037174,704.0,35.82670454545455,273.5122677493973,0.1026725695141142,0.1463966640725516,0.7509307664133341,1108,21.01985559566787,0.0654916064817147,0.1155579999067413,0.0435503940273745,3.2141154617667955,0.0001811718442203,0.0333935018050541,2422,0.0,0.726672171758877,0.0,0.0,1.0,17451.642226157586,0.0,1.1120902178938443e-14,2.6784483721862466e-13,0.0,0.0,0.0,0.0,,,0.0,300.0,58.17214075385863,0.0,0.0
optimal@10s+aware,5,300,2422,1778,0.7341040462427746,0.2658959537572254,0.1841453344343517,0.0817506193228736,0.0,309.4811460094642,286.943800795608,530.8869379977154,285.02208790978256,711.2,38.354330708661415,271.12681530080283,0.1036534623194767,0.1457258346791212,0.750620703001402,1105,20.726696832579183,0.060941267001579,0.1213239993376193,0.0561936013125512,3.752568542944636,0.0002151180514475,0.0334841628959276,2422,0.0,0.7341040462427746,0.0,0.0,1.0,17699.924455356315,0.0,-1.362239904680676e-15,2.7409995283374386e-13,0.0,0.0,0.0,0.0,,,0.0,300.0,58.99974818452105,0.0,0.0
optimal@10s+aware,0,350,2422,1848,0.7630057803468208,0.2369942196531791,0.1767134599504541,0.060280759702725,0.0,263.6830025286882,224.7962225727597,513.4102024181033,258.020183676024,739.2,31.79437229437229,231.88863023431583,0.218789141775204,0.1146091455216643,0.6666017127031317,1130,19.4283185840708,0.0678883185656535,0.1281000004382804,0.0469135802469135,2.9594783852566864,0.0001828360931698,0.027433628318584,2422,0.0,0.7630057803468208,0.0,0.0,1.0,18339.201751804347,0.0,-3.556318299010323e-15,2.681311161556887e-13,0.0,0.0,0.0,0.0,,,0.0,350.0,52.39771929086956,0.0,0.0
optimal@10s+aware,1,350,2422,1901,0.7848885218827415,0.2151114781172584,0.1568951279933939,0.0582163501238645,0.0,278.0546715925091,244.1859190036048,527.1726395464157,265.45165511740595,760.4,34.65334034718569,243.40133124532343,0.1936884178767731,0.1229338926974659,0.683377689425761,1131,17.90185676392573,0.0663213086018108,0.1200000009703217,0.0486529955770004,1.8577385008254677,0.0001254770816767,0.0229885057471264,2422,0.0,0.7848885218827415,0.0,0.0,1.0,18922.62131405769,0.0,-9.13010972570752e-15,2.679591308324383e-13,0.0,0.0,0.0,0.0,,,0.0,350.0,54.06463232587913,0.0,0.0
optimal@10s+aware,2,350,2422,1863,0.7691990090834021,0.2308009909165978,0.1663914120561519,0.0644095788604459,0.0,265.5619748982467,227.74314806953956,508.8263709892118,257.7841048423342,745.2,31.894793344068702,233.6671815541781,0.2016477977446743,0.1168933024990437,0.6814588997562819,1085,19.191705069124424,0.0744061751147916,0.126515999727417,0.0474452554744525,2.574209912925188,0.0001618106081246,0.0276497695852534,2422,0.0,0.7691990090834021,0.0,0.0,1.0,18611.55348348048,0.0,5.386756824579557e-15,2.6958145860550325e-13,0.0,0.0,0.0,0.0,,,0.0,350.0,53.17586709565851,0.0,0.0
optimal@10s+aware,3,350,2422,1862,0.7687861271676301,0.2312138728323699,0.1610239471511148,0.0701899256812551,0.0,260.8437098967426,223.7270165051873,502.7334241062511,251.7850409059784,744.8,29.66809881847476,231.17561107826788,0.206228214542453,0.1162869955523545,0.6774847899051925,1107,17.968383017163504,0.0733022583322058,0.1269579993459047,0.0498392282958199,1.7013943990601426,0.0001147942503043,0.024390243902439,2422,0.0,0.7687861271676301,0.0,0.0,1.0,18533.15298488568,0.0,1.5452968896136013e-14,2.654460968969298e-13,0.0,0.0,0.0,0.0,,,0.0,350.0,52.95186567110194,0.0,0.0
optimal@10s+aware,4,350,2422,1874,0.7737407101568952,0.2262592898431048,0.1585466556564822,0.0677126341866226,0.0,263.9844980413108,230.6824490694944,498.41277764883074,257.12655231340995,749.6,30.35752401280683,233.626974028504,0.1963702364060479,0.1178867279211853,0.6857430356727667,1108,18.50812274368231,0.067987184179516,0.1200810002956133,0.0545816733067729,1.449174950992609,9.471565004663382e-05,0.01985559566787,2422,0.0,0.7737407101568952,0.0,0.0,1.0,18697.73788580833,0.0,1.5027940945491767e-14,2.6400037142745066e-13,0.0,0.0,0.0,0.0,,,0.0,350.0,53.42210824516665,0.0,0.0
optimal@10s+aware,5,350,2422,1883,0.7774566473988439,0.222543352601156,0.1618497109826589,0.0606936416184971,0.0,272.0995590141744,240.36769946100685,518.3067624438615,262.1274018055593,753.2,32.48220924057355,239.6173497736009,0.1998356393642676,0.1202914949815545,0.6798728656541779,1111,18.3951395139514,0.0778693969064394,0.130749999516411,0.0469065911847957,2.6689636717334144,0.000175232209302,0.0243024302430243,2422,0.0,0.7774566473988439,0.0,0.0,1.0,18718.637137424663,0.0,-8.021670894652246e-15,2.7022675122516833e-13,0.0,0.0,0.0,0.0,,,0.0,350.0,53.48182039264189,0.0,0.0
optimal@10s+aware,0,400,2422,1885,0.7782824112303881,0.2217175887696119,0.1560693641618497,0.0656482246077621,0.0,246.08195252220537,199.57118683091176,493.15078166107486,242.2292849911576,754.0,27.410079575596814,218.67187294660857,0.3035064083556205,0.0974762285952543,0.5990173630491252,1105,17.69683257918552,0.0787767420681688,0.1287360002606875,0.0512615138165798,1.1816030047079504,8.13433315525973e-05,0.0190045248868778,2422,0.0,0.7782824112303881,0.0,0.0,1.0,18838.843123719817,0.0,-7.0507702240809936e-15,2.720964037637929e-13,0.0,0.0,0.0,0.0,,,0.0,400.0,47.09710780929954,0.0,0.0
optimal@10s+aware,1,400,2422,1938,0.8001651527663088,0.1998348472336911,0.1445086705202312,0.0553261767134599,0.0,253.2478824645904,216.87990578451263,504.6810741096439,247.4100019499288,775.2,27.230134158926727,226.0177483056636,0.2747490532848904,0.1044853694685358,0.6207655772465738,1135,15.93215859030837,0.0779127753064695,0.1234979999571806,0.044497417560588,2.3965275772003185,0.0001846528232701,0.0176211453744493,2422,0.0,0.8001651527663088,0.0,0.0,1.0,19555.806443696358,0.0,-4.995201592116365e-15,2.6409536179313e-13,0.0,0.0,0.0,0.0,,,0.0,400.0,48.88951610924088,0.0,0.0
optimal@10s+aware,2,400,2422,1951,0.805532617671346,0.194467382328654,0.1387283236994219,0.055739058629232,0.0,247.83314731534645,207.7113489601452,500.4599426349223,242.73318877045756,780.4,27.46642747309072,220.36671984225572,0.2730688865061033,0.1024117148546946,0.6245193986392021,1084,16.279520295202953,0.0702749077686097,0.1270680007473857,0.0517241379310344,2.8346097903554406,0.0002149879074345,0.0212177121771217,2422,0.0,0.805532617671346,0.0,0.0,1.0,19558.734880463748,0.0,5.809351519114966e-15,2.6382814151925816e-13,0.0,0.0,0.0,0.0,,,0.0,400.0,48.89683720115936,0.0,0.0
optimal@10s+aware,3,400,2422,1908,0.7877786952931461,0.2122213047068538,0.1478117258464079,0.0644095788604459,0.0,246.1211208916918,207.25156390926716,496.82176161620606,240.44151509973355,763.2,28.57599580712788,217.5451250845639,0.2851133314459341,0.0985927337908759,0.6162939347631899,1087,17.05703771849126,0.0786685372262792,0.131363998843881,0.0513833992094861,3.22069465424379,0.0002315958002696,0.0266789328426862,2422,0.0,0.7877786952931461,0.0,0.0,1.0,19196.69246073918,0.0,7.0982120716967304e-15,2.623322011517488e-13,0.0,0.0,0.0,0.0,,,0.0,400.0,47.99173115184796,0.0,0.0
optimal@10s+aware,4,400,2422,1967,0.8121387283236994,0.1878612716763005,0.1234516928158546,0.0644095788604459,0.0,256.4561971896273,217.54096736289463,503.8209625124769,247.23758635075228,786.8,30.377224199288257,226.07897299033905,0.2649859321785897,0.104634552179518,0.6303795156418923,1101,15.6330608537693,0.0682974568669597,0.1252999991265824,0.0520030816640986,2.7221098661196046,0.0002155959497249,0.0236148955495004,2422,0.0,0.8121387283236994,0.0,0.0,1.0,19647.21164835318,0.0,6.666982392919344e-16,2.616665286978104e-13,0.0,0.0,0.0,0.0,,,0.0,400.0,49.118029120882944,0.0,0.0
optimal@10s+aware,5,400,2422,1942,0.8018166804293972,0.1981833195706028,0.1412056151940545,0.0569777043765483,0.0,250.84607556760693,207.4924241091176,501.6753587396645,245.61163227923103,776.8,28.69824922760041,222.14782634000653,0.2771748790660947,0.102396552069782,0.6204285688641232,1108,16.644404332129962,0.0697907039466372,0.130618000875984,0.0619400077911959,1.8839919231760391,0.0001390428466846,0.0234657039711191,2422,0.0,0.8018166804293972,0.0,0.0,1.0,19435.55946053128,0.0,1.6013509319346207e-14,2.681098277364763e-13,0.0,0.0,0.0,0.0,,,0.0,400.0,48.5888986513282,0.0,0.0
optimal@10s+aware,0,450,2422,1943,0.8022295623451693,0.1977704376548307,0.1395540875309661,0.0582163501238645,0.0,231.18422956833,180.6887512968824,491.47509332318367,230.2033985603488,777.2,25.600102933607825,205.58412663472217,0.3634291470362354,0.0849556097770527,0.5516152431867117,1102,16.243194192377494,0.0746406533335258,0.1333999989583389,0.0556426332288401,1.828844158152591,0.0001391724168554,0.0235934664246823,2422,0.0,0.8022295623451693,0.0,0.0,1.0,19604.11700885994,0.0,-8.029260906861916e-16,2.59536202216722e-13,0.0,0.0,0.0,0.0,,,0.0,450.0,43.56470446413319,0.0,0.0
optimal@10s+aware,1,450,2422,1995,0.8236994219653179,0.176300578034682,0.1184971098265895,0.0578034682080924,0.0,238.5497540489848,194.6864064555093,485.6500475122918,233.61678768390297,798.0,25.20751879699248,213.34223525199235,0.340794293414367,0.0910755293639608,0.5681301772216721,1089,14.58494031221304,0.0800426079110388,0.128883998695528,0.0462784419591207,1.295116091466348,0.0001113138470898,0.0165289256198347,2422,0.0,0.8236994219653179,0.0,0.0,1.0,20109.13973123281,0.0,-2.5182863313452418e-15,2.689455453106749e-13,0.0,0.0,0.0,0.0,,,0.0,450.0,44.68697718051737,0.0,0.0
optimal@10s+aware,2,450,2422,1998,0.8249380677126342,0.1750619322873658,0.1246903385631709,0.0503715937241948,0.0,233.22534787438568,186.50266706807795,485.6770226171824,233.1149034720722,799.2,24.135135135135137,209.0902127392505,0.3393768073108107,0.089465894049685,0.5711572986395042,1084,15.292435424354244,0.0787177121736599,0.1308230005088263,0.0421545667447306,2.001267138779589,0.0001632780732257,0.022140221402214,2422,0.0,0.8249380677126342,0.0,0.0,1.0,20060.03181402984,0.0,1.1841489861847815e-14,2.5786246678134663e-13,0.0,0.0,0.0,0.0,,,0.0,450.0,44.57784847562187,0.0,0.0
optimal@10s+aware,3,450,2422,1961,0.8096614368290669,0.1903385631709331,0.125103220478943,0.06523534269199,0.0,229.0561604063527,180.9118401564956,481.7894504476863,227.0221861129085,784.4,23.01529831718511,206.0408620891676,0.351409353128134,0.0863269328717539,0.562263714000112,1084,15.05350553505535,0.07681669743311,0.135990999533533,0.0402186645841468,2.3181731795615343,0.0001923165543178,0.0239852398523985,2422,0.0,0.8096614368290669,0.0,0.0,1.0,19712.247039355043,0.0,7.298824698351616e-16,2.635564156287465e-13,0.0,0.0,0.0,0.0,,,0.0,450.0,43.80499342078899,0.0,0.0
optimal@10s+aware,4,450,2422,1987,0.8203963666391412,0.1796036333608588,0.1218001651527663,0.0578034682080924,0.0,230.6826439476288,187.9357755440105,476.8102526034164,229.31470517937544,794.8,22.95420231504781,207.728441632581,0.3431408842599857,0.0882762030163734,0.5685829127236407,1099,14.555050045495904,0.0798536851813114,0.1355140003943233,0.0522674865488086,2.0816411102312657,0.0001796095090808,0.0172884440400363,2422,0.0,0.8203963666391412,0.0,0.0,1.0,19917.20403742346,0.0,-3.256356209116966e-16,2.665865068259212e-13,0.0,0.0,0.0,0.0,,,0.0,450.0,44.26045341649658,0.0,0.0
optimal@10s+aware,5,450,2422,1998,0.8249380677126342,0.1750619322873658,0.1197357555739058,0.0553261767134599,0.0,237.9872177080125,194.44170397603693,489.1118343641733,233.42605533167657,799.2,24.2987987987988,213.6884189092137,0.3397861801116448,0.0905645848498351,0.56964923503852,1105,14.359276018099548,0.0813936651417668,0.1294960001541767,0.0530565167243368,1.9690392334198323,0.0001721060114736,0.0199095022624434,2422,0.0,0.8249380677126342,0.0,0.0,1.0,20064.12047927833,0.0,-2.090197662377372e-15,2.6377654370611655e-13,0.0,0.0,0.0,0.0,,,0.0,450.0,44.58693439839629,0.0,0.0
optimal@10s+aware,0,500,2422,2000,0.8257638315441783,0.1742361684558216,0.1189099917423616,0.0553261767134599,0.0,219.18878373638492,170.3184771733709,471.5500707368552,219.8470119034746,800.0,22.924,196.2647837363849,0.4118331631562844,0.0761546646640287,0.5120121721796869,1095,14.515981735159816,0.0721016438389128,0.1322999997864826,0.0540851553509781,1.2708601289671044,0.0001104221050105,0.0164383561643835,2422,0.0,0.8257638315441783,0.0,0.0,1.0,20180.57245808743,0.0,4.2146286460820204e-15,2.622846384525701e-13,0.0,0.0,0.0,0.0,,,0.0,500.0,40.36114491617486,0.0,0.0
optimal@10s+aware,1,500,2422,2037,0.8410404624277457,0.1589595375722543,0.1028075970272502,0.0561519405450041,0.0,227.61125725575724,179.53953863565857,473.44969814975775,224.2245145821429,814.8,22.913598429062347,204.6976588266949,0.3926495422826895,0.0805811383442804,0.52676931937303,1098,13.172131147540984,0.0690741348318893,0.1368329994147643,0.0503025718608169,1.4237281525504024,0.0001380064757917,0.0182149362477231,2422,0.0,0.8410404624277457,0.0,0.0,1.0,20623.413778920112,0.0,5.129372081174411e-15,2.708713088007601e-13,0.0,0.0,0.0,0.0,,,0.0,500.0,41.24682755784022,0.0,0.0
optimal@10s+aware,2,500,2422,2044,0.8439306358381503,0.1560693641618497,0.1098265895953757,0.0462427745664739,0.0,224.0771523823758,174.97784873713044,476.53204970177967,223.7768190634538,817.6,23.52788649706458,200.54926588531123,0.3935198617975058,0.0788999058165267,0.5275802323859673,1102,13.651542649727768,0.0772454628092638,0.1309919988671026,0.0539104024297646,1.912885743770804,0.0001783014901166,0.0181488203266787,2422,0.0,0.8439306358381503,0.0,0.0,1.0,20663.06742082549,0.0,-3.205307295948128e-15,2.615292196765485e-13,0.0,0.0,0.0,0.0,,,0.0,500.0,41.32613484165098,0.0,0.0
optimal@10s+aware,3,500,2422,2011,0.8303055326176714,0.1696944673823286,0.1077621800165152,0.0619322873658133,0.0,217.5955314921213,171.99938567036224,465.3142389003679,217.172289940555,804.4,19.145698657384383,198.44983283473687,0.399148529198325,0.0779056954816146,0.5229457753200604,1080,13.351851851851851,0.0789115740510034,0.1349260003371455,0.0526515151515151,1.459931593980806,0.0001398210169553,0.0157407407407407,2422,0.0,0.8303055326176714,0.0,0.0,1.0,20338.50905598118,0.0,1.468298934009481e-15,2.659794038147874e-13,0.0,0.0,0.0,0.0,,,0.0,500.0,40.67701811196236,0.0,0.0
optimal@10s+aware,4,500,2422,2021,0.8344343517753923,0.1655656482246077,0.1048720066061106,0.0606936416184971,0.0,216.14489134169293,170.53477291945364,462.0808316678117,214.31518426797493,808.4,19.751608114794657,196.3932832268983,0.4002424616782558,0.0776067810042008,0.5221507573175433,1097,12.700091157702824,0.0718783956235064,0.1339360009296797,0.0481973434535104,1.702626069007959,0.0001724344391368,0.0191431175934366,2422,0.0,0.8344343517753923,0.0,0.0,1.0,20379.37872518897,0.0,3.319352599700666e-15,2.580525270624436e-13,0.0,0.0,0.0,0.0,,,0.0,500.0,40.75875745037794,0.0,0.0
optimal@10s+aware,5,500,2422,2053,0.847646573080099,0.1523534269199009,0.1007431874483897,0.0516102394715111,0.0,221.3095060766205,173.22370578690152,471.4885923328328,219.53518638278857,821.2,20.912810521188504,200.396695555432,0.3875751636788941,0.0798391744918999,0.532585661829206,1101,12.560399636693914,0.0722828337990733,0.1339999998890562,0.0444360045575389,2.548153553456208,0.0002612566877261,0.0208900999091734,2422,0.0,0.847646573080099,0.0,0.0,1.0,20900.46062529906,0.0,7.972190856806653e-15,2.626764963468657e-13,0.0,0.0,0.0,0.0,,,0.0,500.0,41.80092125059812,0.0,0.0
batched_greedy@30s+aware,0,300,2422,1743,0.7196531791907514,0.2803468208092485,0.2229562345169281,0.0573905862923204,0.0,290.03411023459296,261.26541359460134,522.8588143614631,280.6246505628907,697.2,47.4859437751004,242.5481664594925,0.1413861485091797,0.1300852759078108,0.7285285755830094,368,28.10326086956522,0.0602869565237478,0.1174000008177245,0.0457715780296425,,,,2422,0.0,0.7196531791907514,0.0,0.0,1.0,17255.3635958143,0.0,4.907147551183136e-15,2.704342773814647e-13,0.0,0.0,0.0,0.0,,,0.0,300.0,57.51787865271433,0.0,0.0
batched_greedy@30s+aware,1,300,2422,1784,0.7365813377374071,0.2634186622625929,0.2060280759702725,0.0573905862923204,0.0,305.7156486567849,278.648653440566,538.2931481488303,290.2402456650429,713.6,47.23262331838565,258.4830253383992,0.1133750568557105,0.1410421846128746,0.7455827585314149,368,26.502717391304348,0.0466255434542725,0.1105530003223975,0.0520084566596194,,,,2422,0.0,0.7365813377374071,0.0,0.0,1.0,17653.06005289065,0.0,3.8275312167346206e-15,2.686948819893481e-13,0.0,0.0,0.0,0.0,,,0.0,300.0,58.8435335096355,0.0,0.0
batched_greedy@30s+aware,2,300,2422,1789,0.7386457473162675,0.2613542526837324,0.2089182493806771,0.0524360033030553,0.0,300.90172592477387,280.7964164974637,532.4480414257013,287.7433283406122,715.6,47.66573504751258,253.2359908772613,0.1044341768218803,0.1378577516455341,0.7577080715325855,365,26.454794520547942,0.0565545205250127,0.1042439993761945,0.0528094634558512,,,,2422,0.0,0.7386457473162675,0.0,0.0,1.0,17807.570435025358,0.0,7.472812506051584e-15,2.686191124202288e-13,0.0,0.0,0.0,0.0,,,0.0,300.0,59.3585681167512,0.0,0.0
batched_greedy@30s+aware,3,300,2422,1771,0.7312138728323699,0.26878612716763,0.2060280759702725,0.0627580511973575,0.0,304.91060513270605,279.42913782477444,533.2518278575371,286.860612476918,708.4,52.41445511010728,252.4961500225988,0.1148760377368798,0.1356188006038462,0.7495051616592739,373,26.41018766756032,0.0689367292770034,0.1163000000815372,0.041025641025641,,,,2422,0.0,0.7312138728323699,0.0,0.0,1.0,17610.5585594506,0.0,1.479611965918283e-14,2.634299077889918e-13,0.0,0.0,0.0,0.0,,,0.0,300.0,58.70186186483534,0.0,0.0
batched_greedy@30s+aware,4,300,2422,1753,0.7237819983484723,0.2762180016515276,0.2089182493806771,0.0672997522708505,0.0,302.1584641780356,278.5515015469023,530.419277664834,285.7687356653652,701.2,48.02624073017684,254.1322234478588,0.1140880456685112,0.1362808437996086,0.7496311105318803,372,26.330645161290324,0.0501295698457945,0.1029899999412009,0.0426257459505541,,,,2422,0.0,0.7237819983484723,0.0,0.0,1.0,17462.30482964424,0.0,-1.4379066486645497e-15,2.724615234575585e-13,0.0,0.0,0.0,0.0,,,0.0,300.0,58.2076827654808,0.0,0.0
batched_greedy@30s+aware,5,300,2422,1775,0.7328654004954583,0.2671345995045417,0.1985962014863748,0.0685383980181668,0.0,304.2307575077078,282.61715992814607,529.538168106495,285.6171861355846,710.0,49.06760563380282,255.16315187390487,0.1096764070104538,0.1375620922435811,0.752761500745965,374,25.5427807486631,0.0507296790990774,0.1197350007532804,0.0478991596638655,,,,2422,0.0,0.7328654004954583,0.0,0.0,1.0,17748.939340243167,0.0,-6.122176318327342e-15,2.722854805475615e-13,0.0,0.0,0.0,0.0,,,0.0,300.0,59.163131134143896,0.0,0.0
batched_greedy@30s+aware,0,350,2422,1848,0.7630057803468208,0.2369942196531791,0.185383980181668,0.0516102394715111,0.0,268.01240545036,229.38456717856437,515.3351023470701,263.4027453538524,739.2,43.26136363636363,224.75104181399644,0.2266138067971442,0.1113088851917002,0.6620773080111555,381,23.866141732283463,0.0642160105496385,0.1274000009289011,0.0449812578092461,,,,2422,0.0,0.7630057803468208,0.0,0.0,1.0,18317.297251227672,0.0,2.672465423561984e-15,2.647187423570573e-13,0.0,0.0,0.0,0.0,,,0.0,350.0,52.33513500350764,0.0,0.0
batched_greedy@30s+aware,1,350,2422,1878,0.7753922378199835,0.2246077621800165,0.1705202312138728,0.0540875309661436,0.0,271.3511550209216,235.92784479654983,514.0509848321028,263.4906862003018,751.2,40.80298189563365,230.54817312528792,0.2015874988882567,0.1167610137551632,0.68165148735658,367,23.158038147138964,0.0650768392308623,0.1319280002644517,0.0508130081300813,,,,2422,0.0,0.7753922378199835,0.0,0.0,1.0,18729.810470617987,0.0,-2.608492052106518e-15,2.640588020398823e-13,0.0,0.0,0.0,0.0,,,0.0,350.0,53.51374420176568,0.0,0.0
batched_greedy@30s+aware,2,350,2422,1892,0.7811725846407928,0.2188274153592072,0.1684558216350123,0.0503715937241948,0.0,274.3861002403405,238.76769459708703,519.6732988226349,268.12516149108404,756.8,42.426532769556026,231.9595674707845,0.1924547476092882,0.1180200195396135,0.6895252328510983,366,23.461748633879782,0.0735385245982305,0.1370100008898589,0.0522055847834884,,,,2422,0.0,0.7811725846407928,0.0,0.0,1.0,18888.15138494961,0.0,3.562102457021433e-15,2.64845228200792e-13,0.0,0.0,0.0,0.0,,,0.0,350.0,53.96614681414176,0.0,0.0
batched_greedy@30s+aware,3,350,2422,1844,0.7613542526837325,0.2386457473162675,0.1754748142031379,0.0631709331131296,0.0,267.3856038997749,230.0336417237072,508.3028333163904,258.07553602165973,737.6,42.58405639913232,224.80154750064256,0.2128618080674631,0.1124231419574332,0.6747150499751036,367,23.346049046321525,0.0581547683594165,0.1286360014637466,0.0463494667760459,,,,2422,0.0,0.7613542526837325,0.0,0.0,1.0,18418.22609108996,0.0,6.581141994345261e-15,2.626192827918039e-13,0.0,0.0,0.0,0.0,,,0.0,350.0,52.62350311739987,0.0,0.0
batched_greedy@30s+aware,4,350,2422,1868,0.7712634186622626,0.2287365813377374,0.1680429397192403,0.0606936416184971,0.0,265.3555844038681,227.35858517518045,501.1077961276499,259.7754665189852,747.2,41.83565310492505,223.519931298943,0.2064281886982399,0.1130906285617907,0.6804811827399694,381,22.716535433070867,0.0693868766868795,0.1388200002111261,0.0528865563181267,,,,2422,0.0,0.7712634186622626,0.0,0.0,1.0,18549.914657204205,0.0,1.5954404107621896e-15,2.6522467305901244e-13,0.0,0.0,0.0,0.0,,,0.0,350.0,52.99975616344059,0.0,0.0
batched_greedy@30s+aware,5,350,2422,1865,0.7700247729149463,0.2299752270850536,0.1725846407927332,0.0573905862923204,0.0,274.7594676545445,237.43468954527637,520.7010142246543,266.6653180760959,746.0,42.53941018766756,232.2200574668769,0.2065980159774808,0.116773672525792,0.6766283114967272,374,23.24331550802139,0.0663949197533999,0.1418109997030113,0.05010183299389,,,,2422,0.0,0.7700247729149463,0.0,0.0,1.0,18550.86808226754,0.0,-4.147769408245705e-15,2.682825067255112e-13,0.0,0.0,0.0,0.0,,,0.0,350.0,53.00248023505012,0.0,0.0
batched_greedy@30s+aware,0,400,2422,1899,0.7840627580511974,0.2159372419488026,0.1606110652353427,0.0553261767134599,0.0,252.15247987499643,208.57747612802493,503.7486192258352,248.65516580560652,759.6,38.83464981569247,213.317830059304,0.3086901848370493,0.0962048568993433,0.5951049582636072,365,22.51780821917808,0.0650167123040611,0.1413120000506751,0.0560897435897435,,,,2422,0.0,0.7840627580511974,0.0,0.0,1.0,18821.020115619536,0.0,-1.051642536437984e-15,2.643542163593141e-13,0.0,0.0,0.0,0.0,,,0.0,400.00000000000006,47.05255028904884,0.0,0.0
batched_greedy@30s+aware,1,400,2422,1923,0.7939719240297275,0.2060280759702725,0.152766308835673,0.0532617671345995,0.0,252.3162891532861,215.4157543659749,492.1671918145,247.44920926986123,769.2,36.95319812792512,215.36309102536097,0.2869664304507182,0.0992363514649459,0.6137972180843358,367,21.17711171662125,0.0765310626896748,0.1414199992359498,0.0418006430868167,,,,2422,0.0,0.7939719240297275,0.0,0.0,1.0,19242.95569466914,0.0,-4.909922356017775e-15,2.6567827501171896e-13,0.0,0.0,0.0,0.0,,,0.0,400.0,48.10738923667285,0.0,0.0
batched_greedy@30s+aware,2,400,2422,1932,0.7976878612716763,0.2023121387283237,0.1568951279933939,0.0454170107349298,0.0,251.3572931796738,210.8167107433551,492.83982833921925,250.107862179167,772.8,37.02018633540373,214.3371068442701,0.2837003816168342,0.0990073187070118,0.617292299676154,366,21.68579234972677,0.0692554645378987,0.1482349991420051,0.0484969939879759,,,,2422,0.0,0.7976878612716763,0.0,0.0,1.0,19281.684958029356,0.0,-9.62423147847936e-16,2.6603449142268943e-13,0.0,0.0,0.0,0.0,,,0.0,400.0,48.20421239507338,0.0,0.0
batched_greedy@30s+aware,3,400,2422,1912,0.7894302229562346,0.2105697770437654,0.1515276630883567,0.0590421139554087,0.0,250.81961590076776,208.9281014508756,493.17380349914754,247.21873169455247,764.8,38.67887029288703,212.1407456078808,0.2907353280691485,0.0970069083569985,0.6122577635738531,372,21.456989247311828,0.0778887096623626,0.15751500004626,0.0448,,,,2422,0.0,0.7894302229562346,0.0,0.0,1.0,19118.524496470985,0.0,2.9207227059960968e-15,2.656032065600056e-13,0.0,0.0,0.0,0.0,,,0.0,400.0,47.79631124117746,0.0,0.0
batched_greedy@30s+aware,4,400,2422,1932,0.7976878612716763,0.2023121387283237,0.1449215524360033,0.0573905862923204,0.0,252.62540024627936,212.38067148178243,488.3809385527916,248.7407446496848,772.8,37.21894409937888,215.40645614690047,0.2785232611613413,0.098956413021817,0.6225203258168416,381,20.33858267716536,0.0610230971714255,0.142660000710748,0.0493485984998026,,,,2422,0.0,0.7976878612716763,0.0,0.0,1.0,19367.814132560663,0.0,-9.784903506266726e-15,2.623774213767709e-13,0.0,0.0,0.0,0.0,,,0.0,400.0,48.41953533140165,0.0,0.0
batched_greedy@30s+aware,5,400,2422,1927,0.7956234516928159,0.2043765483071841,0.152766308835673,0.0516102394715111,0.0,254.16887047964272,211.94434606236973,499.95548154944703,250.6623075297747,770.8,38.15568240788791,216.0131880717548,0.2895339761750422,0.0994964538173861,0.6109695700075717,371,21.48787061994609,0.0635269540768023,0.1460599996789824,0.0525059665871121,,,,2422,0.0,0.7956234516928159,0.0,0.0,1.0,19225.964834624127,0.0,-6.684844686103148e-15,2.6382102407084854e-13,0.0,0.0,0.0,0.0,,,0.0,400.0,48.06491208656032,0.0,0.0
batched_greedy@30s+aware,0,450,2422,1921,0.7931461601981833,0.2068538398018166,0.1589595375722543,0.0478943022295623,0.0,236.1920728665097,190.2825271336405,484.1672579934966,238.0075352284047,768.4,35.326392503904216,200.86568036260547,0.3717595310949117,0.0823199328012436,0.5459205361038446,374,21.36096256684492,0.0783724599095098,0.1652180010387382,0.0506634499396863,,,,2422,0.0,0.7931461601981833,0.0,0.0,1.0,19311.97025256069,0.0,-6.596377675097182e-15,2.6042306722802364e-13,0.0,0.0,0.0,0.0,,,0.0,450.0,42.91548945013488,0.0,0.0
batched_greedy@30s+aware,1,450,2422,1977,0.8162675474814203,0.1837324525185797,0.1341866226259289,0.0495458298926507,0.0,240.86874325700063,198.5429484628403,485.20940368726025,237.65353691361912,790.8,35.78199291856348,205.0867503384372,0.3488128165283523,0.087756445252337,0.5634307382193107,367,19.74659400544959,0.0795474114487764,0.1595800005452474,0.0503120124804992,,,,2422,0.0,0.8162675474814203,0.0,0.0,1.0,19863.388487723663,0.0,-1.0918484685473947e-14,2.6925261323626e-13,0.0,0.0,0.0,0.0,,,0.0,450.0,44.14086330605259,0.0,0.0
batched_greedy@30s+aware,2,450,2422,1976,0.8158546655656482,0.1841453344343517,0.1420313790255986,0.042113955408753,0.0,236.27301118370923,190.10090628309763,486.8885136585063,237.15450811420672,790.4,34.784412955465584,201.4885982282437,0.3488341410956587,0.0853396871517211,0.5658261717526202,366,20.3224043715847,0.0715505464968323,0.1640399995267217,0.0459042342698852,,,,2422,0.0,0.8158546655656482,0.0,0.0,1.0,19865.94507037043,0.0,-2.6663331911240604e-15,2.5906042942864705e-13,0.0,0.0,0.0,0.0,,,0.0,450.0,44.146544600823184,0.0,0.0
batched_greedy@30s+aware,3,450,2422,1972,0.8142031379025598,0.1857968620974401,0.1238645747316267,0.0619322873658133,0.0,239.3953584021088,191.85940235821,482.1148719810696,236.18037925087071,788.8,34.60496957403651,204.79038882807228,0.3516179575361718,0.087111552496442,0.5612704899673862,368,19.45380434782609,0.0741861413189326,0.1536840013432082,0.0468992248062015,,,,2422,0.0,0.8142031379025598,0.0,0.0,1.0,19729.10023859895,0.0,-1.0452310641978095e-14,2.642047049924094e-13,0.0,0.0,0.0,0.0,,,0.0,450.0,43.842444974664325,0.0,0.0
batched_greedy@30s+aware,4,450,2422,1992,0.8224607762180016,0.1775392237819983,0.1288191577208918,0.0487200660611065,0.0,241.3099323356901,195.02174392201323,479.6783436053778,240.0940948003435,796.8,35.16566265060241,206.14426968508764,0.3449747027773722,0.0872509311208909,0.5677743661017368,366,19.762295081967213,0.0757647540808026,0.1498699997682707,0.047100038925652,,,,2422,0.0,0.8224607762180016,0.0,0.0,1.0,19896.92362669987,0.0,-7.230048777433424e-15,2.6028108717855233e-13,0.0,0.0,0.0,0.0,,,0.0,450.0,44.21538583711082,0.0,0.0
batched_greedy@30s+aware,5,450,2422,1995,0.8236994219653179,0.176300578034682,0.1284062758051197,0.0478943022295623,0.0,240.7008172915718,193.3812339424121,493.4748816543275,238.5972977974021,798.0,34.49724310776942,206.2035741838024,0.3432795275209367,0.0877994553953073,0.568921017083756,374,19.11764705882353,0.0817462566865385,0.1668429992969322,0.0527131782945736,,,,2422,0.0,0.8236994219653179,0.0,0.0,1.0,20060.8189142859,0.0,-3.3065168536906417e-15,2.697217553732048e-13,0.0,0.0,0.0,0.0,,,0.0,450.0,44.579597587302,0.0,0.0
batched_greedy@30s+aware,0,500,2422,2010,0.8298926507018992,0.1701073492981007,0.1242774566473988,0.0458298926507019,0.0,227.87869400492636,181.26159113387075,474.9067682241633,229.78018964915236,804.0,33.12835820895523,194.75033579597115,0.4110135815154827,0.0763387219282489,0.5126476965562683,373,19.05898123324397,0.0942514744923848,0.1727039999968837,0.0525705450328565,,,,2422,0.0,0.8298926507018992,0.0,0.0,1.0,20156.433047949053,0.0,-7.628613053583563e-15,2.6111119899751296e-13,0.0,0.0,0.0,0.0,,,0.0,500.0,40.3128660958981,0.0,0.0
batched_greedy@30s+aware,1,500,2422,2040,0.8422791081750619,0.157720891824938,0.1081750619322873,0.0495458298926507,0.0,234.0630153354291,189.5348710354333,480.3327535006962,230.90098563527476,816.0,32.92303921568627,201.13997611974284,0.3953193840146404,0.0800038237129586,0.5246767922724009,368,17.839673913043477,0.0687546195293812,0.1479589995142305,0.0520121488230827,,,,2422,0.0,0.8422791081750619,0.0,0.0,1.0,20617.373100285076,0.0,-6.333278128513663e-15,2.632375798820401e-13,0.0,0.0,0.0,0.0,,,0.0,500.0,41.23474620057014,0.0,0.0
batched_greedy@30s+aware,2,500,2422,2018,0.833195706028076,0.166804293971924,0.1246903385631709,0.042113955408753,0.0,225.2587600493089,177.94012010402503,469.1450287085699,227.9966561644992,807.2,33.69326065411298,191.56549939519596,0.4029512022804588,0.0747410057410773,0.5223077919784639,367,19.29700272479564,0.082086648501228,0.1631140007521025,0.0513910355486862,,,,2422,0.0,0.833195706028076,0.0,0.0,1.0,20449.44236594884,0.0,-3.0628511509876967e-15,2.65506810458712e-13,0.0,0.0,0.0,0.0,,,0.0,500.0,40.89888473189768,0.0,0.0
batched_greedy@30s+aware,3,500,2422,2014,0.8315441783649876,0.1684558216350123,0.1135425268373245,0.0549132947976878,0.0,224.7079108427301,178.09791945378402,466.2383703987498,224.1218151256317,805.6,31.256703078450844,193.45120776427927,0.398462749322217,0.0764497607900819,0.525087489887701,371,17.92722371967655,0.0750590296409775,0.1527000003989087,0.0518885921404044,,,,2422,0.0,0.8315441783649876,0.0,0.0,1.0,20546.776725409225,0.0,-9.578126662098818e-15,2.6118222667931485e-13,0.0,0.0,0.0,0.0,,,0.0,500.0,41.093553450818455,0.0,0.0
batched_greedy@30s+aware,4,500,2422,2028,0.8373245251857968,0.1626754748142031,0.1127167630057803,0.0499587118084227,0.0,221.10100163192743,177.07795445902184,458.0345280957982,222.1309151731737,811.2,31.31952662721893,189.78147500470848,0.4062458845825411,0.0751920140208264,0.5185621013966324,373,17.847184986595174,0.0890554960322567,0.1918200006912225,0.046743295019157,,,,2422,0.0,0.8373245251857968,0.0,0.0,1.0,20199.49971481242,0.0,5.677246969710416e-15,2.618085454764382e-13,0.0,0.0,0.0,0.0,,,0.0,500.0,40.39899942962485,0.0,0.0
batched_greedy@30s+aware,5,500,2422,2058,0.8497109826589595,0.1502890173410404,0.1028075970272502,0.0474814203137902,0.0,223.4482501960215,177.8312728512567,466.1493520129755,220.58269602726745,823.2,30.804178814382897,192.6440713816386,0.392504966898022,0.0771508304508671,0.5303442026511108,370,16.705405405405404,0.078857027000521,0.1591719995667517,0.0430804422417079,,,,2422,0.0,0.8497109826589595,0.0,0.0,1.0,20841.47062847882,0.0,-1.7155912798794643e-14,2.653426555250482e-13,0.0,0.0,0.0,0.0,,,0.0,500.0,41.68294125695764,0.0,0.0
optimal@30s+aware,0,300,2422,1758,0.7258464079273328,0.2741535920726672,0.2142857142857142,0.0598678777869529,0.0,296.3410022870651,271.56951791699385,521.2019760717003,282.94695796042555,703.2,46.63424345847554,249.7067588285896,0.1294731266784096,0.1351499570244505,0.7353769162971397,365,27.336986301369866,0.0999501369957738,0.1573320003808476,0.0481927710843373,31.76597008798633,0.0015218036303551,0.2301369863013698,2422,0.0,0.7258464079273328,0.0,0.0,1.0,17499.6598416275,0.0,4.693502570542755e-15,2.704872099276063e-13,0.0,0.0,0.0,0.0,,,0.0,300.0,58.33219947209167,0.0,0.0
optimal@30s+aware,1,300,2422,1785,0.7369942196531792,0.2630057803468208,0.2080924855491329,0.0549132947976878,0.0,314.17914747034257,289.4328218631754,534.6505986621659,296.8229443249737,714.0,47.76190476190476,266.4172427084377,0.1060795139456119,0.1438986440957547,0.7500218419586333,367,26.705722070844686,0.0959782016924163,0.1476760002697119,0.0480646533390046,30.97849512961745,0.0015202560832513,0.2125340599455041,2422,0.0,0.7369942196531792,0.0,0.0,1.0,17810.850550828414,0.0,-1.0954698088581488e-14,2.763941581054264e-13,0.0,0.0,0.0,0.0,,,0.0,300.0,59.36950183609471,0.0,0.0
optimal@30s+aware,2,300,2422,1799,0.7427745664739884,0.2572254335260115,0.2010734929810074,0.0561519405450041,0.0,309.05752936517325,284.46287433630914,540.2304646373891,292.83361704067295,719.6,51.11839911061701,257.9391302545563,0.1015583585459126,0.1411907100537678,0.7572509314003195,365,26.59178082191781,0.1010810958751005,0.1564480007800739,0.0488010096760622,25.35682938465688,0.0012567593246995,0.1808219178082191,2422,0.0,0.7427745664739884,0.0,0.0,1.0,17796.34877436654,0.0,-2.4853197136022402e-15,2.651047191048009e-13,0.0,0.0,0.0,0.0,,,0.0,300.0,59.32116258122179,0.0,0.0
optimal@30s+aware,3,300,2422,1769,0.7303881090008257,0.2696118909991742,0.2060280759702725,0.0635838150289017,0.0,306.1859061650705,281.75233843376463,529.5359708497789,289.2946918336164,707.6,52.14923685698135,254.03666930808927,0.1075118082651695,0.1351302615624284,0.757357930172402,371,26.91644204851752,0.0955552560737924,0.1518499997473555,0.043885811674478,33.053439711999125,0.001607971342405,0.2264150943396226,2422,0.0,0.7303881090008257,0.0,0.0,1.0,17862.288636179233,0.0,7.773192930354628e-15,2.742709018256571e-13,0.0,0.0,0.0,0.0,,,0.0,300.0,59.54096212059744,0.0,0.0
optimal@30s+aware,4,300,2422,1773,0.7320396366639141,0.2679603633360858,0.1990090834021469,0.0689512799339388,0.0,304.8621947883537,285.4211486792683,522.9592100374946,286.56535224606904,709.2,45.5454032712916,259.3167915170622,0.1048683703623915,0.1406779116922144,0.754453717945394,373,25.184986595174266,0.0948879356660983,0.1439600007142871,0.0513999164229001,30.75413791106234,0.0016181300255176,0.2091152815013404,2422,0.0,0.7320396366639141,0.0,0.0,1.0,17586.32372362698,0.0,7.853340713840306e-15,2.675380754185829e-13,0.0,0.0,0.0,0.0,,,0.0,300.0,58.6210790787566,0.0,0.0
optimal@30s+aware,5,300,2422,1783,0.736168455821635,0.2638315441783649,0.2023121387283237,0.0615194054500412,0.0,311.2934701476722,285.7961897234227,540.0168659008721,292.5104611615183,713.2,48.89007291082445,262.4033972368478,0.1058420730945691,0.1429927182915465,0.7511652086138844,374,25.705882352941178,0.1010481282962591,0.1498540000648063,0.0520789584208315,26.78871610792593,0.0013741455935111,0.2299465240641711,2422,0.0,0.736168455821635,0.0,0.0,1.0,17668.336274593697,0.0,1.883954449414399e-15,2.734991768176307e-13,0.0,0.0,0.0,0.0,,,0.0,300.0,58.89445424864567,0.0,0.0
optimal@30s+aware,0,350,2422,1847,0.7625928984310487,0.2374071015689512,0.180842279108175,0.0565648224607762,0.0,268.92541260367483,231.8680322620908,507.8048423252027,262.0401885842932,738.8,40.17325392528424,228.75215867839063,0.2189863970446983,0.1147195794655144,0.6662940234897873,364,24.06043956043956,0.0966060439708059,0.1513529997282603,0.0447575631993369,23.77081674398579,0.0013521940616233,0.1923076923076923,2422,0.0,0.7625928984310487,0.0,0.0,1.0,18373.536746936912,0.0,3.4433143336560618e-15,2.579663006699199e-13,0.0,0.0,0.0,0.0,,,0.0,350.0,52.49581927696261,0.0,0.0
optimal@30s+aware,1,350,2422,1885,0.7782824112303881,0.2217175887696119,0.1701073492981007,0.0516102394715111,0.0,275.41812403224253,245.18444831008128,504.6272626643042,267.02186025204827,754.0,40.87692307692308,234.54120095531945,0.1957186669326919,0.1192037670575037,0.6850775660098044,369,23.013550135501355,0.0883203251501479,0.149519999831682,0.0496945010183299,17.330532619836205,0.0010422684026824,0.1734417344173441,2422,0.0,0.7782824112303881,0.0,0.0,1.0,18876.27014272952,0.0,4.873672935898273e-15,2.702265172605674e-13,0.0,0.0,0.0,0.0,,,0.0,350.0,53.93220040779863,0.0,0.0
optimal@30s+aware,2,350,2422,1893,0.7815854665565648,0.2184145334434351,0.1663914120561519,0.0520231213872832,0.0,276.5035390131592,241.29758572631,518.8181053920247,268.28252343949725,757.2,42.86423666138405,233.6393023517752,0.1879910678790421,0.1206913918027587,0.6913175403181993,366,23.19672131147541,0.0880915300771587,0.1458150004509663,0.0532472771278741,19.021446790241363,0.0011357209568978,0.1721311475409836,2422,0.0,0.7815854665565648,0.0,0.0,1.0,18938.50702044436,0.0,2.173526956820301e-15,2.662670225176283e-13,0.0,0.0,0.0,0.0,,,0.0,349.99999999999994,54.11002005841246,0.0,0.0
optimal@30s+aware,3,350,2422,1865,0.7700247729149463,0.2299752270850536,0.1639141205615194,0.0660611065235342,0.0,278.1973125991493,246.6319914847636,510.4824132806644,265.9676111422232,746.0,43.59142091152816,234.60589168762115,0.2031926168867064,0.1184713836023712,0.6783359995109224,373,22.694369973190348,0.0870302948565394,0.1408239993907045,0.0458046209971625,20.09710700897181,0.0012229863692803,0.1930294906166219,2422,0.0,0.7700247729149463,0.0,0.0,1.0,18630.713677345804,0.0,1.6087935273511947e-14,2.644045244887186e-13,0.0,0.0,0.0,0.0,,,0.0,350.0,53.2306105067023,0.0,0.0
optimal@30s+aware,4,350,2422,1880,0.7762180016515277,0.2237819983484723,0.162262592898431,0.0615194054500412,0.0,265.7770281790715,234.0495793073901,495.4787398223303,258.6948619260249,752.0,39.82021276595745,225.95681541311404,0.197270875102195,0.1149985904790799,0.6877305344187251,375,22.232,0.0877122667443472,0.1637680008570896,0.0460792239288601,17.702812099909423,0.0011094635969693,0.176,2422,0.0,0.7762180016515277,0.0,0.0,1.0,18721.309511741598,0.0,7.943291414695774e-15,2.664032115474322e-13,0.0,0.0,0.0,0.0,,,0.0,350.0,53.48945574783313,0.0,0.0
optimal@30s+aware,5,350,2422,1882,0.7770437654830719,0.2229562345169281,0.1643270024772914,0.0586292320396366,0.0,279.13653842361293,251.35583101437624,510.6038298364629,269.32137830203465,752.8,41.36609989373007,237.7704385298828,0.2005758940495231,0.1209490689185596,0.6784750370319172,374,22.58288770053476,0.0995922459757193,0.1741880005647544,0.057314629258517,23.683929728208614,0.0014540547048499,0.2085561497326203,2422,0.0,0.7770437654830719,0.0,0.0,1.0,18596.7107767412,0.0,7.495480207697789e-15,2.672560484406965e-13,0.0,0.0,0.0,0.0,,,0.0,350.0,53.133459362117705,0.0,0.0
optimal@30s+aware,0,400,2422,1904,0.7861271676300579,0.2138728323699422,0.1610239471511148,0.0528488852188274,0.0,251.4497031096981,208.93929715000831,494.791305429784,249.33605882841815,761.6,40.19065126050421,211.25905184919395,0.3053534542497569,0.094795429834063,0.5998511159161801,366,22.871584699453557,0.1053396174844397,0.1709149997623177,0.0488691437802907,17.379852670302693,0.0010686315502597,0.1448087431693989,2422,0.0,0.7861271676300579,0.0,0.0,1.0,18901.898862951573,0.0,9.175433522211982e-15,2.728020890418174e-13,0.0,0.0,0.0,0.0,,,0.0,400.0,47.254747157378944,0.0,0.0
optimal@30s+aware,1,400,2422,1938,0.8001651527663088,0.1998348472336911,0.152766308835673,0.0470685383980181,0.0,259.58711748180804,223.41807266938827,494.6648311735011,255.16769780732645,775.2,36.4437564499484,223.1433610318596,0.2762709689697112,0.1038831370424735,0.6198458939878152,370,21.05945945945946,0.1019470269179814,0.1998399991862243,0.0471622701838529,18.39913563334644,0.0012493977102507,0.1837837837837838,2422,0.0,0.8001651527663088,0.0,0.0,1.0,19421.800696664443,0.0,-1.4154713406423228e-14,2.6842167979208205e-13,0.0,0.0,0.0,0.0,,,0.0,400.0,48.55450174166111,0.0,0.0
optimal@30s+aware,2,400,2422,1957,0.8080099091659785,0.1919900908340214,0.1428571428571428,0.0491329479768786,0.0,256.91549084469807,219.4781345193487,501.3828761921627,252.2313259569348,782.8,38.54164537557486,218.37384546912324,0.2695852116480466,0.1025110835174728,0.6279037048344805,369,20.78319783197832,0.1048430893842293,0.1713679989916272,0.0519685039370078,21.517973544906,0.0014988946927804,0.1842818428184282,2422,0.0,0.8080099091659785,0.0,0.0,1.0,19647.075666886063,0.0,3.879256536733174e-15,2.6217170715650625e-13,0.0,0.0,0.0,0.0,,,0.0,400.0,49.117689167215154,0.0,0.0
optimal@30s+aware,3,400,2422,1935,0.7989265070189926,0.2010734929810074,0.1445086705202312,0.0565648224607762,0.0,258.0771678299268,222.62687408850343,490.1577757578235,252.53554956219395,774.0,38.067700258397934,220.00946757152883,0.2790809472373791,0.1017197955459043,0.6191992572167165,367,21.11989100817439,0.1015961853135361,0.1617939997231586,0.0467697185889813,22.38175273276108,0.001521746734912,0.1662125340599455,2422,0.0,0.7989265070189926,0.0,0.0,1.0,19390.0409681986,0.0,1.2966027906816092e-14,2.646881852370832e-13,0.0,0.0,0.0,0.0,,,0.0,400.0,48.475102420496505,0.0,0.0
optimal@30s+aware,4,400,2422,1943,0.8022295623451693,0.1977704376548307,0.1440957886044591,0.0536746490503715,0.0,251.8942818220277,218.72902081757547,478.5757697542216,247.7787514102125,777.2,35.822439526505406,216.0718422955223,0.2765874658880599,0.1003279238184127,0.6230846102935272,372,20.298387096774192,0.1062543010154894,0.1731110007494863,0.0478071908336625,17.163346301591442,0.0012301640569916,0.2043010752688172,2422,0.0,0.8022295623451693,0.0,0.0,1.0,19326.06547748804,0.0,1.5256281398606117e-15,2.653909573374216e-13,0.0,0.0,0.0,0.0,,,0.0,400.0,48.3151636937201,0.0,0.0
optimal@30s+aware,5,400,2422,1950,0.8051197357555739,0.1948802642444261,0.1420313790255986,0.0528488852188274,0.0,256.3552042801701,219.61945404837437,496.227472459564,252.4309086146818,780.0,36.43282051282051,219.9223837673496,0.2813547626240587,0.1028808973241215,0.6157643400518198,374,20.622994652406412,0.1056077539918316,0.1912159999301362,0.0582714118107156,25.684940682335867,0.0017986824358423,0.2272727272727272,2422,0.0,0.8051197357555739,0.0,0.0,1.0,19384.46233951576,0.0,-6.975844403547317e-15,2.678156272249675e-13,0.0,0.0,0.0,0.0,,,0.0,400.0,48.46115584878941,0.0,0.0
optimal@30s+aware,0,450,2422,1939,0.8005780346820809,0.1994219653179191,0.1502890173410404,0.0491329479768786,0.0,236.45019831265495,192.62433866275387,482.2815996874325,236.85523579344624,775.6,34.812274368231044,201.63792394442396,0.3654829150852469,0.0833122993564039,0.5512047855583491,377,20.50928381962865,0.0963824933513443,0.1758040009735851,0.0414320193081255,16.953400555229628,0.0011974008363568,0.1511936339522546,2422,0.0,0.8005780346820809,0.0,0.0,1.0,19571.370828173556,0.0,1.029260912360073e-15,2.6650253833443574e-13,0.0,0.0,0.0,0.0,,,0.0,450.0,43.491935173719,0.0,0.0
optimal@30s+aware,1,450,2422,1981,0.8179190751445087,0.1820809248554913,0.1321222130470685,0.0499587118084227,0.0,243.25438626674747,202.9444275655378,478.8202344796591,239.6162317024853,792.4,36.555275113579,206.69911115316847,0.3453799017368668,0.0879812268786827,0.5666388713844505,368,19.76358695652174,0.1030437500038834,0.2137080000829881,0.0487329434697855,19.02245274763531,0.0014303321847539,0.154891304347826,2422,0.0,0.8179190751445087,0.0,0.0,1.0,19987.12897029792,0.0,-3.236852145898564e-15,2.639582422175383e-13,0.0,0.0,0.0,0.0,,,0.0,450.0,44.4158421562176,0.0,0.0
optimal@30s+aware,2,450,2422,1997,0.8245251857968621,0.1754748142031379,0.1341866226259289,0.0412881915772089,0.0,241.98940538814293,200.65950426926884,492.8036447469962,242.13177041758811,798.8,35.61392088132198,206.37548450682092,0.3390845832681767,0.0883407154249989,0.5725747013068243,371,19.90026954177897,0.1075560646982784,0.1724099993225536,0.0421757981868348,21.92013195576457,0.0016267391083587,0.1805929919137466,2422,0.0,0.8245251857968621,0.0,0.0,1.0,20194.869616892876,0.0,1.1078880538172318e-15,2.668257869702725e-13,0.0,0.0,0.0,0.0,,,0.0,450.0,44.87748803753973,0.0,0.0
optimal@30s+aware,3,450,2422,1986,0.8199834847233691,0.1800165152766308,0.1213872832369942,0.0586292320396366,0.0,237.65085690483667,198.42386129430287,473.74297383033127,233.6853984455406,794.4,34.23867069486405,203.41218620997265,0.3463611045308132,0.0871908117042333,0.5664480837649535,372,18.704301075268816,0.1090680107740955,0.2159320000828302,0.0482625482625482,18.292803254195643,0.0014811125760227,0.1451612903225806,2422,0.0,0.8199834847233691,0.0,0.0,1.0,19902.96636830145,0.0,1.0071388726911793e-15,2.644642924705481e-13,0.0,0.0,0.0,0.0,,,0.0,450.0,44.228814151781,0.0,0.0
optimal@30s+aware,4,450,2422,1991,0.8220478943022296,0.1779521056977704,0.1263418662262593,0.0516102394715111,0.0,238.50296736732625,197.1426896810817,474.4080918477375,237.31972454370248,796.4,34.51130085384229,203.99166651348392,0.3437041689009633,0.0875257718739409,0.5687700592250956,370,19.35675675675676,0.107469459441278,0.1801679996242455,0.0495739736638264,19.31949872730501,0.0014994427984685,0.1891891891891892,2422,0.0,0.8220478943022296,0.0,0.0,1.0,19894.338558419164,0.0,2.4359107286652604e-15,2.6460780104237845e-13,0.0,0.0,0.0,0.0,,,0.0,450.0,44.20964124093148,0.0,0.0
optimal@30s+aware,5,450,2422,2002,0.8265895953757225,0.1734104046242774,0.1275805119735755,0.0458298926507019,0.0,242.5500402438976,198.1128885513608,487.8224696109677,239.95990861046985,800.8,35.365634365634364,207.18440587826325,0.3430231759265245,0.0887274709329623,0.5682493531405133,374,19.106951871657756,0.1100139037404725,0.1748890005364956,0.0523053080201472,22.36252486768488,0.0017540878449939,0.1791443850267379,2422,0.0,0.8265895953757225,0.0,0.0,1.0,20048.950179223448,0.0,5.14229573563644e-15,2.666642575530733e-13,0.0,0.0,0.0,0.0,,,0.0,450.0,44.55322262049656,0.0,0.0
optimal@30s+aware,0,500,2422,2019,0.8336085879438481,0.1663914120561519,0.1201486374896779,0.0462427745664739,0.0,228.35878237949,183.1052916765448,470.6218641558241,229.25804643167112,807.6,32.94551758296186,195.4132647965281,0.4085622569815686,0.0765305455314983,0.514907197486933,365,19.08219178082192,0.1129961644350359,0.2136280009290204,0.0516377649325626,16.268700347027654,0.0013047639908353,0.1397260273972602,2422,0.0,0.8336085879438481,0.0,0.0,1.0,20252.396101041904,0.0,-5.124072428265012e-15,2.642566150492241e-13,0.0,0.0,0.0,0.0,,,0.0,500.0,40.504792202083806,0.0,0.0
optimal@30s+aware,1,500,2422,2045,0.8443435177539224,0.1556564822460776,0.1102394715111478,0.0454170107349298,0.0,234.3649277813307,189.46519574071044,474.7199290539633,231.9731850688859,818.0,33.63960880195599,200.7253189793747,0.3924539753680464,0.0804004695819832,0.5271455550499704,368,18.04891304347826,0.1054638587941988,0.1763009999194761,0.0499428135722455,14.253698912505008,0.001230469034182,0.1603260869565217,2422,0.0,0.8443435177539224,0.0,0.0,1.0,20695.304462346063,0.0,-4.179867536036188e-15,2.611826538799737e-13,0.0,0.0,0.0,0.0,,,0.0,500.0,41.39060892469214,0.0,0.0
optimal@30s+aware,2,500,2422,2029,0.837737407101569,0.162262592898431,0.1213872832369942,0.0408753096614368,0.0,227.0849570615324,182.48757070462037,467.2609613955143,229.4918897238686,811.6,32.53376047313948,194.5511965883929,0.3957743333875402,0.0765833603990581,0.5276423062134016,366,18.942622950819672,0.1051303278686621,0.1829400010137762,0.0471953578336557,17.09266129651017,0.0013834041467296,0.1502732240437158,2422,0.0,0.837737407101569,0.0,0.0,1.0,20551.33185121831,0.0,6.080673449016481e-15,2.6349220160778463e-13,0.0,0.0,0.0,0.0,,,0.0,500.0,41.102663702436615,0.0,0.0
optimal@30s+aware,3,500,2422,2029,0.837737407101569,0.162262592898431,0.1102394715111478,0.0520231213872832,0.0,227.23890257807963,184.83114295011728,462.84561724457166,226.16365621587292,811.6,31.571710202069987,195.66719237600967,0.3946958893641997,0.0777000219999091,0.5276040886358911,366,17.959016393442624,0.0997893443266553,0.208809999821824,0.044461479494059,17.942236130688983,0.0015633518593435,0.1475409836065573,2422,0.0,0.837737407101569,0.0,0.0,1.0,20614.690084969152,0.0,-2.0845271732932467e-15,2.5875977336955e-13,0.0,0.0,0.0,0.0,,,0.0,500.0,41.22938016993831,0.0,0.0
optimal@30s+aware,4,500,2422,2027,0.8369116432700248,0.1630883567299752,0.1102394715111478,0.0528488852188274,0.0,225.4952349314572,186.41244453516447,460.8466757105125,224.98900489789443,810.8,31.01233349777997,194.48290143367723,0.4006529190221843,0.0771994358462385,0.5221476451315771,372,17.6747311827957,0.0887567204445467,0.1725770012490102,0.050628092881614,20.1374073135714,0.0017938344310252,0.1720430107526881,2422,0.0,0.8369116432700248,0.0,0.0,1.0,20348.36619698795,0.0,-2.0633607194710853e-15,2.626865452123751e-13,0.0,0.0,0.0,0.0,,,0.0,500.0,40.6967323939759,0.0,0.0
optimal@30s+aware,5,500,2422,2068,0.8538398018166804,0.1461601981833195,0.1007431874483897,0.0454170107349298,0.0,223.2166221329049,179.849066418617,455.5328873751606,221.82188962225683,827.2,30.23694390715667,192.97967822574824,0.3924128599853404,0.0779884067506214,0.5295987332640382,374,16.532085561497325,0.0747229946220594,0.1561019995642709,0.0458680818802122,15.43825420548182,0.0015120244405817,0.1631016042780748,2422,0.0,0.8538398018166804,0.0,0.0,1.0,20802.93041476245,0.0,-4.1587193607138836e-15,2.6719997373084937e-13,0.0,0.0,0.0,0.0,,,0.0,500.0,41.60586082952489,0.0,0.0
