arm,seed,drivers.num_drivers,requests,completed,completion_rate,cancel_rate,cancel_no_match_rate,cancel_eta_rate,cancel_late_rate,wait_mean_s,wait_p50_s,wait_p90_s,wait_all_mean_s,completed_per_hour,time_to_match_mean_s,pickup_mean_s,driver_idle_frac,driver_enroute_frac,driver_ontrip_frac,batches,batch_riders_mean,solve_ms_mean,solve_ms_p99,decline_rate,shadow_gap_s_per_batch,shadow_gap_frac,shadow_worse_batches_frac,app_opens,priced_out_rate,served_rate,retried_rate,surged_trip_frac,mean_multiplier_paid,revenue_per_hour,surge_revenue_per_hour,eta_error_mean_s,eta_abs_error_mean_s,eta_late_2min_frac,moves_per_driver_hour,chase_moves_per_hour,reposition_km_per_hour,moves_dispatched_frac,move_planned_mean_s,driver_reposition_frac,drivers_online_mean,earnings_per_online_hour,reserve_logons,reserve_logoffs
immediate_greedy,0,300,2521,1929,0.7651725505751685,0.2348274494248314,0.0079333597778659,0.2268940896469655,0.0,337.5686365313759,316.2023385713601,572.7270642155971,262.48754987250663,771.6,2.577517422819897,334.99111910855595,0.0342408576584683,0.1987075285511084,0.7670516137904232,3059,2.7142857142857144,0.0444898986937285,0.1047099990682909,0.0536337670580768,,,,2521,0.0,0.7651725505751685,0.0,0.0,1.0,18753.439868084428,0.0,-2.4218862040552923e-16,2.7767615981453264e-13,0.0,0.0,0.0,0.0,,,0.0,300.0,62.511466226948095,0.0,0.0
immediate_greedy,1,300,2521,1928,0.7647758825862753,0.2352241174137247,0.0071400238000793,0.2280840936136453,0.0,331.1172525212346,310.0313733422008,565.106870277055,257.34894454679767,771.2,2.199598735709249,328.9176537855253,0.0328494791743155,0.1955471925504779,0.7716033282752066,3033,2.7253544345532474,0.0406992416287384,0.0973520001571157,0.0464445868033311,,,,2521,0.0,0.7647758825862753,0.0,0.0,1.0,18953.957151861057,0.0,-3.3242196455166517e-15,2.7429971618199425e-13,0.0,0.0,0.0,0.0,,,0.0,300.0,63.17985717287019,0.0,0.0
immediate_greedy,2,300,2521,1920,0.761602538675129,0.238397461324871,0.0047600158667195,0.2336374454581515,0.0,343.7765029114156,315.2140904652706,587.1224985893181,264.50003784773537,768.0,2.640807818781616,341.135695092634,0.0348113940762628,0.2016182750858996,0.7635703308378375,3012,2.403718459495352,0.0367891102463253,0.0930889994197059,0.0517296096477308,,,,2521,0.0,0.761602538675129,0.0,0.0,1.0,18712.354235467785,0.0,5.4428683782248306e-15,2.6902461739789866e-13,0.0,0.0,0.0,0.0,,,0.0,300.0,62.374514118225946,0.0,0.0
immediate_greedy,3,300,2521,1906,0.7560491868306227,0.2439508131693772,0.0075366917889726,0.2364141213804046,0.0,330.579744310222,305.216396619277,559.5819435336339,254.8061290494306,762.4,2.694411184432166,327.88533312578977,0.0327180514596983,0.1922291988539125,0.7750527496863893,3076,2.8748374512353707,0.0435932704858147,0.1159500006906455,0.0551330798479087,,,,2521,0.0,0.7560491868306227,0.0,0.0,1.0,18740.711189614733,0.0,-1.2660037411549319e-14,2.7384973151207346e-13,0.0,0.0,0.0,0.0,,,0.0,300.0,62.46903729871577,0.0,0.0
immediate_greedy,4,300,2521,1893,0.7508925029750099,0.24910749702499,0.006743355811186,0.242364141213804,0.0,337.3509683672753,314.1509910241184,577.404279712755,256.945373594759,757.2,2.086401217916426,335.26456714935887,0.0361896293336832,0.1966486344774835,0.7671617361888332,3005,2.6066555740432613,0.0400904160193996,0.1049679990683216,0.0479080166081124,,,,2521,0.0,0.7508925029750099,0.0,0.0,1.0,18614.19900205349,0.0,1.8392284232564663e-15,2.776240234357748e-13,0.0,0.0,0.0,0.0,,,0.0,300.0,62.04733000684499,0.0,0.0
immediate_greedy,5,300,2521,1948,0.7727092423641412,0.2272907576358588,0.0119000396667988,0.2153907179690599,0.0,316.35543286059175,291.070308120462,537.9908588241841,249.536942383369,779.2,3.1585356153534607,313.1968972452383,0.0367698954244414,0.1892598052837074,0.7739702992918511,3180,3.207547169811321,0.0476938365126151,0.1052000006893649,0.0527325023969319,,,,2521,0.0,0.7727092423641412,0.0,0.0,1.0,18870.691193623177,0.0,-3.65484507819107e-15,2.678997794764076e-13,0.0,0.0,0.0,0.0,,,0.0,300.0,62.90230397874392,0.0,0.0
immediate_greedy,0,350,2521,2231,0.8849662832209441,0.1150337167790559,0.0031733439111463,0.1118603728679095,0.0,258.82926813597453,234.40268719365213,456.0266266083436,230.67743165521964,892.4,1.160479330918343,257.6687888050562,0.0941937205982186,0.1557258674262944,0.7500804119754869,3114,1.8994861913937056,0.038199389840692,0.0838309994651352,0.0470887686923321,,,,2521,0.0,0.8849662832209441,0.0,0.0,1.0,21600.54163361653,0.0,-6.351411254099416e-15,2.741792051627048e-13,0.0,0.0,0.0,0.0,,,0.0,350.0,61.71583323890437,0.0,0.0
immediate_greedy,1,350,2521,2184,0.8663228877429592,0.1336771122570408,0.0059500198333994,0.1277270924236414,0.0,251.37729095871117,220.413417894016,462.3776825868231,220.1440868039234,873.6,1.5072903377803444,249.87000062093077,0.0988561103327031,0.1500541207813958,0.7510897688859011,3191,2.1476026324036352,0.0429489814771435,0.122109999938402,0.0544476100031655,,,,2521,0.0,0.8663228877429592,0.0,0.0,1.0,21403.300068883076,0.0,-1.6267004023811817e-15,2.718354641913157e-13,0.0,0.0,0.0,0.0,,,0.0,350.0,61.152285911094495,0.0,0.0
immediate_greedy,2,350,2521,2205,0.8746529155097184,0.1253470844902816,0.0035700119000396,0.1217770725902419,0.0,266.21190455135866,241.93545499223276,471.69531374672266,234.06169160871696,882.0,0.500711600498971,265.71119295085964,0.0929760951878685,0.1595188805964323,0.7475050242156991,2960,1.6817567567567568,0.0441451351742069,0.0964410016240435,0.0449760765550239,,,,2521,0.0,0.8746529155097184,0.0,0.0,1.0,21434.38934405364,0.0,4.798983080411471e-15,2.723497416504324e-13,0.0,0.0,0.0,0.0,,,0.0,350.0,61.24111241158183,0.0,0.0
immediate_greedy,3,350,2521,2192,0.8694962316541055,0.1305037683458945,0.0059500198333994,0.124553748512495,0.0,258.97405146479366,231.6275290427866,478.0533427323789,227.6005670654453,876.8,1.0838311065502044,257.8902203582434,0.092932450837566,0.1546647301481262,0.7524028190143077,3304,1.9518765133171916,0.0479335048647388,0.0950880001983022,0.0487416374641605,,,,2521,0.0,0.8694962316541055,0.0,0.0,1.0,21419.79776873105,0.0,-1.582148848267828e-14,2.7162578755578215e-13,0.0,0.0,0.0,0.0,,,0.0,350.0,61.19942219637442,0.0,0.0
immediate_greedy,4,350,2521,2214,0.878222927409758,0.1217770725902419,0.0051566838556128,0.1166203887346291,0.0,255.73418973470095,232.2165387414409,463.9687050652117,227.02748576327528,885.6,0.6878063123979825,255.0463834223029,0.086663468999357,0.15480116177916,0.758535369221483,3132,2.033205619412516,0.0476840037956061,0.1073760001963819,0.0487106017191977,,,,2521,0.0,0.878222927409758,0.0,0.0,1.0,21665.59087700725,0.0,-9.339111838581262e-16,2.754283802937464e-13,0.0,0.0,0.0,0.0,,,0.0,350.0,61.90168822002072,0.0,0.0
immediate_greedy,5,350,2521,2210,0.8766362554541849,0.1233637445458151,0.0075366917889726,0.1158270527568425,0.0,247.94453247445983,217.5306177478201,461.66230309129895,220.26064262660515,884.0,1.510272482113412,246.43425999234643,0.0983123775133715,0.1485135127509017,0.7531741097357267,3385,2.275923190546529,0.050135745971802,0.1006479987700003,0.0464297150176112,,,,2521,0.0,0.8766362554541849,0.0,0.0,1.0,21659.234777846097,0.0,2.244760435852964e-15,2.705276927560602e-13,0.0,0.0,0.0,0.0,,,0.0,350.0,61.88352793670313,0.0,0.0
immediate_greedy,0,400,2521,2363,0.9373264577548592,0.0626735422451408,0.0031733439111463,0.0595001983339944,0.0,197.21444450102223,170.037232889375,371.3793845438264,186.2646086734411,945.2,0.7671623896057662,196.44728211141648,0.1825070609412095,0.1138991514459828,0.7035937876128077,3086,1.730395333765392,0.0463130589441429,0.1225150010213838,0.0503802281368821,,,,2521,0.0,0.9373264577548592,0.0,0.0,1.0,23032.21279562802,0.0,-4.480358342287555e-15,2.737904885645219e-13,0.0,0.0,0.0,0.0,,,0.0,400.0,57.580531989070046,0.0,0.0
immediate_greedy,1,400,2521,2317,0.9190797302657676,0.0809202697342324,0.0043633478778262,0.0765569218564061,0.0,208.25007733788829,179.68167046579674,402.1479491460114,193.38280639260483,926.8,0.923796514820928,207.3262808230673,0.1839394325342537,0.1182022177636044,0.6978583497021419,3275,1.8818320610687025,0.0481381373871419,0.1294519988732644,0.047422024188415,,,,2521,0.0,0.9190797302657676,0.0,0.0,1.0,22712.503464494523,0.0,-9.177715893163744e-15,2.6690815672823537e-13,0.0,0.0,0.0,0.0,,,0.0,400.0,56.78125866123631,0.0,0.0
immediate_greedy,2,400,2521,2327,0.9230464101547006,0.0769535898452994,0.0039666798889329,0.0729869099563665,0.0,215.151414612834,188.6717909443023,406.224418964847,199.9381045408524,930.8,0.5996267710313071,214.55178784180268,0.1817895970755061,0.1211795459133654,0.6970308570111284,3085,1.6158833063209077,0.0454280388877275,0.098831998911919,0.0537294563843236,,,,2521,0.0,0.9230464101547006,0.0,0.0,1.0,22800.725915852265,0.0,-1.522155366465019e-14,2.680840795021987e-13,0.0,0.0,0.0,0.0,,,0.0,400.0,57.00181478963066,0.0,0.0
immediate_greedy,3,400,2521,2339,0.92780642602142,0.0721935739785799,0.0059500198333994,0.0662435541451804,0.0,206.9565017191919,178.25611087682955,402.4696696448245,193.8341647922799,935.6,0.8186620399219554,206.13783967926992,0.177889280913049,0.1184586595630321,0.7036520595239188,3410,1.7501466275659825,0.0474295601130277,0.0986909984203521,0.0417067693294834,,,,2521,0.0,0.92780642602142,0.0,0.0,1.0,22923.315825271675,0.0,9.625476986647552e-15,2.659600723587762e-13,0.0,0.0,0.0,0.0,,,0.0,400.0,57.3082895631792,0.0,0.0
immediate_greedy,4,400,2521,2337,0.9270130900436336,0.0729869099563665,0.0043633478778262,0.0686235620785402,0.0,198.0932854091672,176.80859095086817,373.03240153676165,185.37382068488225,934.8,0.4152922821171078,197.6779931270501,0.1841250212004549,0.114044765239093,0.7018302135604519,3140,1.7248407643312105,0.0448253503462554,0.0945659997523763,0.0480585614258434,,,,2521,0.0,0.9270130900436336,0.0,0.0,1.0,22839.420560348903,0.0,-3.2142785556755707e-15,2.697449547520628e-13,0.0,0.0,0.0,0.0,,,0.0,400.0,57.09855140087227,0.0,0.0
immediate_greedy,5,400,2521,2310,0.9163030543435144,0.0836969456564855,0.0063466878222927,0.0773502578341927,0.0,203.9177785707551,173.72333660047752,399.7396971460342,189.11063696762503,924.0,0.9380506474447088,202.9797279233104,0.1958239990569129,0.1155022073255051,0.6886737936175819,3428,1.9792882147024504,0.0476583722399844,0.1002920006794738,0.0541996830427892,,,,2521,0.0,0.9163030543435144,0.0,0.0,1.0,22598.97893544162,0.0,5.073959530550953e-15,2.6182903848885e-13,0.0,0.0,0.0,0.0,,,0.0,400.0,56.49744733860405,0.0,0.0
immediate_greedy,0,450,2521,2403,0.953193177310591,0.0468068226894089,0.0043633478778262,0.0424434748115827,0.0,168.00249590386304,141.3762086839747,325.4784687720749,161.97650271273284,961.2,0.6992078924054231,167.30328801145762,0.2685897890368123,0.0897501001938655,0.6416601107693221,3251,1.8191325745924327,0.0468985542802309,0.1269499989575706,0.0477099236641221,,,,2521,0.0,0.953193177310591,0.0,0.0,1.0,23481.37775421857,0.0,-6.339960230177381e-15,2.754310396995076e-13,0.0,0.0,0.0,0.0,,,0.0,450.00000000000006,52.18083945381904,0.0,0.0
immediate_greedy,1,450,2521,2379,0.943673145577152,0.056326854422848,0.0051566838556128,0.0511701705672352,0.0,169.8244094650689,143.34441919191067,328.1329435781104,161.94157822672582,951.6,0.3814425580072058,169.44296690706173,0.2748828656536548,0.0904223082919227,0.6346948260544224,3176,1.7267002518891688,0.0452625314549364,0.1310999978159088,0.0434921650143907,,,,2521,0.0,0.943673145577152,0.0,0.0,1.0,23274.202011783625,0.0,-8.953652354122847e-15,2.6739938552597295e-13,0.0,0.0,0.0,0.0,,,0.0,450.0,51.72044891507472,0.0,0.0
immediate_greedy,2,450,2521,2392,0.9488298294327648,0.0511701705672352,0.0039666798889329,0.0472034906783022,0.0,183.25416047186872,157.40689455377355,358.7644201182184,175.17118253410837,956.8,0.402681031910433,182.85147943995827,0.2659719500431997,0.0963763703604646,0.6376516795963356,3147,1.569113441372736,0.0443430886629731,0.0930540008266689,0.0464968152866242,,,,2521,0.0,0.9488298294327648,0.0,0.0,1.0,23415.6942635812,0.0,-3.624817837193276e-15,2.68309413148798e-13,0.0,0.0,0.0,0.0,,,0.0,450.0,52.03487614129156,0.0,0.0
immediate_greedy,3,450,2521,2403,0.953193177310591,0.0468068226894089,0.0035700119000396,0.0432368107893693,0.0,172.91099494214893,142.4382473351734,341.82821487376106,166.08906910937205,961.2,0.407704480697323,172.50329046145163,0.2668351203102629,0.0921546540832519,0.6410102256064851,3215,1.5262830482115086,0.0443039502186119,0.0941860004968475,0.0464672183322724,,,,2521,0.0,0.953193177310591,0.0,0.0,1.0,23538.985308261083,0.0,-1.256843614248458e-15,2.6522805314196973e-13,0.0,0.0,0.0,0.0,,,0.0,450.0,52.30885624058018,0.0,0.0
immediate_greedy,4,450,2521,2392,0.9488298294327648,0.0511701705672352,0.0063466878222927,0.0448234827449424,0.0,166.15983006300397,140.05979606133587,317.97069274072885,159.6665849430122,956.8,0.3107221041709038,165.8491079588331,0.2723774823929172,0.0886611362391627,0.6389613813679199,3374,1.7267338470657974,0.0461508298958107,0.1053540008797426,0.0472239948947032,,,,2521,0.0,0.9488298294327648,0.0,0.0,1.0,23385.174304625467,0.0,-4.326156675554415e-15,2.689673084774999e-13,0.0,0.0,0.0,0.0,,,0.0,450.0,51.967054010278815,0.0,0.0
immediate_greedy,5,450,2521,2374,0.9416898056326856,0.0583101943673145,0.0051566838556128,0.0531535105117017,0.0,174.8884892619266,145.75630602638557,342.0445070322842,166.56604819052663,949.6,0.4550654710816307,174.43342379084498,0.2787574168455171,0.0915504422155632,0.6296921409389197,3360,1.78125,0.0490053868870312,0.1009819998216698,0.0469049138481174,,,,2521,0.0,0.9416898056326856,0.0,0.0,1.0,23252.840292513865,0.0,3.733019696974144e-15,2.707294512132827e-13,0.0,0.0,0.0,0.0,,,0.0,450.0,51.67297842780859,0.0,0.0
immediate_greedy,0,500,2521,2437,0.9666798889329632,0.0333201110670368,0.0031733439111463,0.0301467671558905,0.0,150.2309616671484,124.99839498033909,290.6418489681249,146.53638203835771,974.8,1.0888492999061663,149.14211236724222,0.3379451078596426,0.0741366540826309,0.5879182380577264,3259,1.7717091132249156,0.0496638232545637,0.129783998709172,0.047361729179911,,,,2521,0.0,0.9666798889329632,0.0,0.0,1.0,23866.9100988586,0.0,6.8268237914501954e-15,2.733666801336447e-13,0.0,0.0,0.0,0.0,,,0.0,500.0,47.73382019771719,0.0,0.0
immediate_greedy,1,500,2521,2430,0.96390321301071,0.0360967869892899,0.0051566838556128,0.0309401031336771,0.0,153.80294796257303,129.46571258432914,300.88972692789065,149.86911801230494,972.0,0.4318207943145319,153.37112716825845,0.339961537255411,0.0756579878336747,0.5843804749109143,3171,1.6824345632292652,0.0495407757542622,0.1382200000080048,0.0474371219356892,,,,2521,0.0,0.96390321301071,0.0,0.0,1.0,23795.36496521108,0.0,-7.550772992684694e-15,2.707348520038673e-13,0.0,0.0,0.0,0.0,,,0.0,500.0,47.59072993042215,0.0,0.0
immediate_greedy,2,500,2521,2430,0.96390321301071,0.0360967869892899,0.0035700119000396,0.0325267750892502,0.0,164.54160873885692,137.310863500732,332.264425957043,159.71008990880543,972.0,0.5235217697158197,164.01808696914108,0.3372816132808345,0.0796765202788018,0.5830418664403636,3159,1.5375118708452042,0.0470257676487709,0.1007680002658162,0.0540113708149084,,,,2521,0.0,0.96390321301071,0.0,0.0,1.0,23817.92999965056,0.0,5.776129460421209e-16,2.701768164473746e-13,0.0,0.0,0.0,0.0,,,0.0,500.0,47.63585999930112,0.0,0.0
immediate_greedy,3,500,2521,2434,0.9654898849662832,0.0345101150337167,0.002776675922253,0.0317334391114637,0.0,152.89816496937394,126.37481012720036,299.25053328328414,148.70902646677413,973.6,0.4072536222788463,152.4909113470951,0.3374835764561186,0.0754388363208047,0.5870775872230767,3177,1.4960654705697198,0.0456225685027301,0.0919480007723904,0.0506649778340722,,,,2521,0.0,0.9654898849662832,0.0,0.0,1.0,23880.402736206703,0.0,-4.709142780826861e-15,2.6636129620766324e-13,0.0,0.0,0.0,0.0,,,0.0,500.0,47.760805472413416,0.0,0.0
immediate_greedy,4,500,2521,2411,0.9563665212217374,0.0436334787782626,0.0059500198333994,0.0376834589448631,0.0,149.2679675955949,122.61818137859244,293.9278992572204,144.70862100349945,964.4,0.1842644049043061,149.0837031906906,0.3473258824305704,0.0732709844901375,0.579403133079292,3356,1.7044100119189511,0.0489216328789901,0.1116999992518685,0.0481044918763937,,,,2521,0.0,0.9563665212217374,0.0,0.0,1.0,23551.106693365826,0.0,-1.7949948638389495e-14,2.711787889039581e-13,0.0,0.0,0.0,0.0,,,0.0,500.0,47.10221338673165,0.0,0.0
immediate_greedy,5,500,2521,2413,0.957159857199524,0.042840142800476,0.0039666798889329,0.038873462911543,0.0,150.9877148145619,122.13629570049034,306.64592387791714,145.9919086474109,965.2,0.4610605062896399,150.52665430827227,0.3501880419851277,0.0736990289897396,0.5761129290251327,3348,1.6672640382317805,0.0486147551019976,0.099700000755547,0.0516804058338617,,,,2521,0.0,0.957159857199524,0.0,0.0,1.0,23619.444586606503,0.0,-7.978353438608081e-15,2.6911053852245225e-13,0.0,0.0,0.0,0.0,,,0.0,500.0,47.23888917321301,0.0,0.0
batched_greedy@10s,0,300,2521,1933,0.7667592225307418,0.2332407774692582,0.0083300277667592,0.224910749702499,0.0,336.09497650719885,309.63096086921905,572.5034454263975,262.6503831488446,773.2,7.931712364200724,328.1632641429981,0.0358475865265614,0.1927683875509757,0.7713840259224629,1071,4.6125116713352,0.0600239029262879,0.1441199990949825,0.0448717948717948,,,,2521,0.0,0.7667592225307418,0.0,0.0,1.0,18954.21141793537,0.0,5.357558393017828e-16,2.6656472051819456e-13,0.0,0.0,0.0,0.0,,,0.0,300.0,63.18070472645125,0.0,0.0
batched_greedy@10s,1,300,2521,1950,0.7735025783419278,0.2264974216580721,0.0111067036890122,0.2153907179690599,0.0,329.25755238732,304.5132925377602,559.4613662728425,260.9101352812012,780.0,7.851794871794872,321.4057575155251,0.0330680936168431,0.193565016383033,0.7733668900001238,1061,5.005655042412818,0.0595979265497583,0.1344600015727339,0.0529843600383019,,,,2521,0.0,0.7735025783419278,0.0,0.0,1.0,18844.96575556261,0.0,-4.4809739964152985e-15,2.754819734153175e-13,0.0,0.0,0.0,0.0,,,0.0,300.0,62.81655251854204,0.0,0.0
batched_greedy@10s,2,300,2521,1925,0.7635858786195954,0.2364141213804046,0.0087266957556525,0.227687425624752,0.0,349.0807602736045,320.324062350398,591.3780451090504,271.53715208930515,770.0,8.668051948051948,340.41270832555256,0.0374428026828113,0.1999664009123132,0.7625907964048755,1073,4.701770736253495,0.0606349486874089,0.1432120017125271,0.0567173637515842,,,,2521,0.0,0.7635858786195954,0.0,0.0,1.0,18780.766621469866,0.0,1.1913125608653108e-15,2.761898069554984e-13,0.0,0.0,0.0,0.0,,,0.0,300.0,62.60255540489955,0.0,0.0
batched_greedy@10s,3,300,2521,1926,0.7639825466084887,0.2360174533915113,0.0103133677112257,0.2257040856802856,0.0,326.90829177012847,302.3203111137716,558.5099807012768,256.645380793179,770.4,8.20508826583593,318.70320350429256,0.0325586302103663,0.1876011337568578,0.7798402360327757,1065,5.1164319248826295,0.061190892032106,0.1386799990723372,0.0440231362467866,,,,2521,0.0,0.7639825466084887,0.0,0.0,1.0,18889.68547781012,0.0,-1.3424129697544468e-14,2.7993483843418793e-13,0.0,0.0,0.0,0.0,,,0.0,300.0,62.96561825936708,0.0,0.0
batched_greedy@10s,4,300,2521,1923,0.7627925426418088,0.2372074573581911,0.0103133677112257,0.2268940896469655,0.0,334.2385134955003,312.37982967540574,556.8548012627816,261.74051481969946,769.2,8.405616224648986,325.83289727085133,0.0367657646569224,0.192759317279364,0.7704749180637135,1072,5.331156716417911,0.0600580223797453,0.1348570008485693,0.0517571884984025,,,,2521,0.0,0.7627925426418088,0.0,0.0,1.0,18894.81071216679,0.0,4.279699031170754e-15,2.8060433736233735e-13,0.0,0.0,0.0,0.0,,,0.0,300.0,62.982702373889296,0.0,0.0
batched_greedy@10s,5,300,2521,1960,0.7774692582308608,0.2225307417691392,0.0130900436334787,0.2094406981356604,0.0,311.85909619919204,285.0609944616781,537.6180099848791,248.91207485117397,784.0,7.851530612244898,304.0075655869471,0.0384771188727995,0.1852452704679948,0.7762776106592056,1072,5.02705223880597,0.0621192163241325,0.1437439993969745,0.0466688123591889,,,,2521,0.0,0.7774692582308608,0.0,0.0,1.0,18987.83015934921,0.0,1.5584812352207502e-14,2.7029081920494613e-13,0.0,0.0,0.0,0.0,,,0.0,300.0,63.2927671978307,0.0,0.0
batched_greedy@10s,0,350,2521,2225,0.8825862752875843,0.1174137247124157,0.0047600158667195,0.1126537088456961,0.0,253.0006850040162,225.67486505598208,444.9424835756121,225.8455353834457,890.0,6.039101123595506,246.9615838804207,0.0989890695221632,0.149382162305072,0.7516287681727647,1051,3.8648905803996194,0.077309609877419,0.1644000021769898,0.0519974635383639,,,,2521,0.0,0.8825862752875843,0.0,0.0,1.0,21619.088943878647,0.0,-1.7127273382316213e-14,2.7549657935717764e-13,0.0,0.0,0.0,0.0,,,0.0,350.0,61.768825553939,0.0,0.0
batched_greedy@10s,1,350,2521,2202,0.8734629115430385,0.1265370884569615,0.0063466878222927,0.1201904006346687,0.0,249.66487758429923,218.4012653929813,461.62128155444833,221.56678320133025,880.8,5.823342415985468,243.84153516831375,0.1056032585124875,0.1470588607022754,0.747337880785237,1049,4.0114394661582455,0.076452430911393,0.1614280011563096,0.0460210930009587,,,,2521,0.0,0.8734629115430385,0.0,0.0,1.0,21368.290292727987,0.0,9.765122407329714e-16,2.748904141956268e-13,0.0,0.0,0.0,0.0,,,0.0,350.0,61.05225797922282,0.0,0.0
batched_greedy@10s,2,350,2521,2213,0.8778262594208648,0.1221737405791352,0.0031733439111463,0.1190003966679889,0.0,269.7622544100241,241.81317493158167,477.81059730713895,238.40310800915347,885.2,5.705377315860822,264.05687709416327,0.0917983835342247,0.1588445733388517,0.7493570431269235,1052,3.5427756653992395,0.0724746198012454,0.1623899996775435,0.0495395363607494,,,,2521,0.0,0.8778262594208648,0.0,0.0,1.0,21498.886510538177,0.0,-2.16807041266158e-15,2.680420528802921e-13,0.0,0.0,0.0,0.0,,,0.0,350.0,61.425390030109085,0.0,0.0
batched_greedy@10s,3,350,2521,2219,0.8802062673542245,0.1197937326457754,0.0071400238000793,0.1126537088456961,0.0,263.17993856358567,233.1185532967465,477.9562218548681,235.0932745588299,887.6,6.473186119873817,256.7067524437118,0.0868191481312831,0.1553061939943182,0.7578746578743986,1057,4.09271523178808,0.0743245032719268,0.1655639987438917,0.0460505276622961,,,,2521,0.0,0.8802062673542245,0.0,0.0,1.0,21647.961667151056,0.0,-3.5389046857947978e-15,2.7344948197526005e-13,0.0,0.0,0.0,0.0,,,0.0,350.0,61.85131904900302,0.0,0.0
batched_greedy@10s,4,350,2521,2198,0.8718762395874653,0.1281237604125347,0.0047600158667195,0.1233637445458151,0.0,256.9917699488047,235.75931877837684,459.0457634906615,227.1612891288154,879.2,5.629208371246588,251.36256157755815,0.0904555181290803,0.1525646135486272,0.7569798683222925,1048,4.064885496183206,0.0742099236264622,0.1601840003422693,0.0484384958572339,,,,2521,0.0,0.8718762395874653,0.0,0.0,1.0,21603.02321218964,0.0,-5.382409713560359e-16,2.780216659460591e-13,0.0,0.0,0.0,0.0,,,0.0,350.0,61.72292346339896,0.0,0.0
batched_greedy@10s,5,350,2521,2225,0.8825862752875843,0.1174137247124157,0.0083300277667592,0.1090836969456564,0.0,237.6007582073586,213.90471894658185,428.0292191199616,213.34298520043927,890.0,5.711460674157303,231.8892975332013,0.1044537001558078,0.1433235393354997,0.7522227605086924,1052,4.077946768060836,0.0791621674033412,0.1684960006605251,0.0421628580624396,,,,2521,0.0,0.8825862752875843,0.0,0.0,1.0,21543.87582137332,0.0,-8.652055351815894e-15,2.6742653035858553e-13,0.0,0.0,0.0,0.0,,,0.0,350.0,61.55393091820949,0.0,0.0
batched_greedy@10s,0,400,2521,2365,0.9381197937326458,0.0618802062673542,0.0035700119000396,0.0583101943673145,0.0,204.7445187328688,178.11865688016405,388.1836300327866,193.9085050673176,946.0,5.79830866807611,198.9462100647927,0.1779636205472516,0.1152867996711228,0.7067495797816256,1041,3.621517771373679,0.0864086454783355,0.1857599985669366,0.055783170501103,,,,2521,0.0,0.9381197937326458,0.0,0.0,1.0,23110.568199116813,0.0,-1.9566213812421364e-15,2.7119223005370615e-13,0.0,0.0,0.0,0.0,,,0.0,400.0,57.77642049779203,0.0,0.0
batched_greedy@10s,1,400,2521,2309,0.9159063863546212,0.0840936136453788,0.0051566838556128,0.0789369297897659,0.0,208.18512307914727,180.8071727595252,396.14215304277184,193.40414079206337,923.6,5.242962321351234,202.94216075779605,0.1906670989406262,0.1151925215153554,0.6941403795440183,1044,3.690613026819924,0.0821596743443133,0.1703850002013495,0.042267050912584,,,,2521,0.0,0.9159063863546212,0.0,0.0,1.0,22590.47681811327,0.0,-1.3463846273860452e-14,2.680760190128073e-13,0.0,0.0,0.0,0.0,,,0.0,400.0,56.47619204528318,0.0,0.0
batched_greedy@10s,2,400,2521,2318,0.9194763982546608,0.0805236017453391,0.0047600158667195,0.0757635858786196,0.0,216.2006042720745,190.3932668548614,410.0152799125746,200.6419660770864,927.2,5.499137187230371,210.70146708484413,0.1847079636626096,0.1189560272628058,0.6963360090745846,1043,3.5254074784276126,0.0864594438871311,0.1897580006334465,0.047452229299363,,,,2521,0.0,0.9194763982546608,0.0,0.0,1.0,22710.062893811097,0.0,-6.8843406672787526e-15,2.691782182061927e-13,0.0,0.0,0.0,0.0,,,0.0,400.0,56.77515723452774,0.0,0.0
batched_greedy@10s,3,400,2521,2332,0.925029750099167,0.074970249900833,0.0063466878222927,0.0686235620785402,0.0,212.71238939322149,180.6584837708276,407.2128989387908,199.14948945658315,932.8,5.702830188679245,207.00955920454223,0.1811640589269648,0.119301619937383,0.6995343211356522,1046,3.723709369024856,0.0839854684702254,0.1762999992934054,0.0466155810983397,,,,2521,0.0,0.925029750099167,0.0,0.0,1.0,22772.75805423554,0.0,-7.359655099946557e-15,2.630015511643463e-13,0.0,0.0,0.0,0.0,,,0.0,400.0,56.931895135588846,0.0,0.0
batched_greedy@10s,4,400,2521,2323,0.9214597381991272,0.0785402618008726,0.0051566838556128,0.0733835779452598,0.0,201.24255432155243,176.0750768401731,378.10614052969765,187.64388471667584,929.2,5.132587171760655,196.10996714979177,0.1875329900947848,0.1123545529064616,0.7001124569987536,1040,3.6653846153846152,0.0855970191108868,0.1785610004662885,0.0450479233226837,,,,2521,0.0,0.9214597381991272,0.0,0.0,1.0,22784.84542545328,0.0,-2.9518646101139977e-15,2.698607587930155e-13,0.0,0.0,0.0,0.0,,,0.0,400.0,56.9621135636332,0.0,0.0
batched_greedy@10s,5,400,2521,2311,0.9166997223324078,0.0833002776675922,0.0075366917889726,0.0757635858786196,0.0,206.0482945083673,176.15898058386392,395.60812566721415,191.9896865877584,924.4,5.56728688879273,200.4810076195745,0.1966231546110708,0.1138855275286827,0.6894913178602464,1049,3.9084842707340326,0.0873387987882247,0.1827720001165289,0.05276541640178,,,,2521,0.0,0.9166997223324078,0.0,0.0,1.0,22586.3852716024,0.0,1.7563718641408794e-15,2.664485296662227e-13,0.0,0.0,0.0,0.0,,,0.0,400.0,56.465963179006,0.0,0.0
batched_greedy@10s,0,450,2521,2406,0.954383181277271,0.045616818722729,0.0043633478778262,0.0412534708449028,0.0,174.37403144251806,146.93491417442146,339.3301194315686,168.45484064475158,962.4,5.706566916043225,168.66746452647482,0.2673681090059223,0.0903089211453188,0.6423229698487588,1039,3.665062560153994,0.0930234841816452,0.1903919986943945,0.051931602279924,,,,2521,0.0,0.954383181277271,0.0,0.0,1.0,23519.22141950644,0.0,-1.2675899860561791e-14,2.724861760445298e-13,0.0,0.0,0.0,0.0,,,0.0,450.0,52.264936487792085,0.0,0.0
batched_greedy@10s,1,450,2521,2386,0.946449821499405,0.053550178500595,0.0043633478778262,0.0491868306227687,0.0,179.35072828899885,150.9167661483425,348.9702594051787,171.42615182893522,954.4,5.414920368818105,173.93580792018074,0.2736076631042572,0.0923671419254079,0.6340251949703347,1042,3.519193857965451,0.0921731285894485,0.1899489992865709,0.0462077756532823,,,,2521,0.0,0.946449821499405,0.0,0.0,1.0,23248.489430282167,0.0,-5.48480884441284e-16,2.687054034619339e-13,0.0,0.0,0.0,0.0,,,0.0,450.0,51.66330984507148,0.0,0.0
batched_greedy@10s,2,450,2521,2387,0.9468464894882984,0.0531535105117017,0.0039666798889329,0.0491868306227687,0.0,190.7067861932809,161.27138078338066,367.6974792501611,182.0352239509569,954.8,5.640971931294512,185.0658142619864,0.2671272196775238,0.0967596273106908,0.6361131530117854,1045,3.473684210526316,0.09714267940041,0.1891559983778278,0.0504281636536631,,,,2521,0.0,0.9468464894882984,0.0,0.0,1.0,23389.677366553264,0.0,-6.700105256717218e-15,2.677933051029928e-13,0.0,0.0,0.0,0.0,,,0.0,450.0,51.97706081456281,0.0,0.0
batched_greedy@10s,3,450,2521,2396,0.950416501388338,0.049583498611662,0.0031733439111463,0.0464101547005156,0.0,180.60309009502697,148.70181070793342,353.0654140006964,173.1312685547873,958.4,5.544240400667779,175.0588496943592,0.2652673275348007,0.093338755187739,0.6413939172774602,1042,3.452975047984645,0.0890457773465905,0.1816600018355526,0.0467557251908396,,,,2521,0.0,0.950416501388338,0.0,0.0,1.0,23517.575728507087,0.0,-9.875007508054684e-16,2.704417797107064e-13,0.0,0.0,0.0,0.0,,,0.0,450.0,52.26127939668242,0.0,0.0
batched_greedy@10s,4,450,2521,2397,0.9508131693772311,0.0491868306227687,0.0063466878222927,0.042840142800476,0.0,171.0897777927333,145.14050030459475,326.3645157189207,164.9624201129918,958.8,5.206925323320817,165.88285246941246,0.2726699754296942,0.0891858062539333,0.6381442183163725,1048,3.645038167938931,0.0907309160108268,0.1875000016298145,0.0478163850812878,,,,2521,0.0,0.9508131693772311,0.0,0.0,1.0,23408.04366395332,0.0,-2.301964302205685e-15,2.672733401585092e-13,0.0,0.0,0.0,0.0,,,0.0,450.0,52.01787480878515,0.0,0.0
batched_greedy@10s,5,450,2521,2383,0.9452598175327253,0.0547401824672748,0.0059500198333994,0.0487901626338754,0.0,178.4750347104198,148.1384782088262,354.89852828119274,171.1117574544234,953.2,5.322282836760386,173.1527518736594,0.2779369966428751,0.0912056834463712,0.6308573199107536,1047,3.691499522445081,0.0906804202335958,0.1901779982290463,0.0481505102040816,,,,2521,0.0,0.9452598175327253,0.0,0.0,1.0,23235.33183459092,0.0,1.2240849449370596e-14,2.683754510180254e-13,0.0,0.0,0.0,0.0,,,0.0,450.0,51.63407074353538,0.0,0.0
batched_greedy@10s,0,500,2521,2434,0.9654898849662832,0.0345101150337167,0.0031733439111463,0.0313367711225704,0.0,153.9073080787914,127.66710684267446,299.0001683276513,150.21386182335056,973.6,5.845110928512736,148.06219715027868,0.3402744364206378,0.0730468745225615,0.5866786890568005,1040,3.5634615384615387,0.0947469231190412,0.1860609993673279,0.0467557251908396,,,,2521,0.0,0.9654898849662832,0.0,0.0,1.0,23825.78405054374,0.0,-4.192733989812328e-15,2.678507237974166e-13,0.0,0.0,0.0,0.0,,,0.0,500.0,47.65156810108748,0.0,0.0
batched_greedy@10s,1,500,2521,2432,0.9646965489884968,0.0353034510115033,0.0043633478778262,0.0309401031336771,0.0,157.9179078212801,132.83119608763877,305.0454082754408,154.14550121102252,972.8,5.443256578947368,152.47465124233273,0.339722645828859,0.0749583393975358,0.585319014773605,1037,3.530376084860173,0.0965387657484393,0.1915759994881231,0.0464968152866242,,,,2521,0.0,0.9646965489884968,0.0,0.0,1.0,23807.867747500703,0.0,-1.3125442801345096e-14,2.669892587350988e-13,0.0,0.0,0.0,0.0,,,0.0,500.0,47.61573549500142,0.0,0.0
batched_greedy@10s,2,500,2521,2428,0.9631098770329234,0.0368901229670765,0.0035700119000396,0.0333201110670368,0.0,166.8475239941324,138.80815998454773,326.7152395654003,162.00212636892917,971.2,5.410214168039539,161.43730982609284,0.3391330452773455,0.0784539698163242,0.5824129849063303,1033,3.4356243949661183,0.0949224588590933,0.1921600005880462,0.0495080926689939,,,,2521,0.0,0.9631098770329234,0.0,0.0,1.0,23758.023782763437,0.0,-5.423334305896994e-15,2.706854281265757e-13,0.0,0.0,0.0,0.0,,,0.0,500.0,47.51604756552686,0.0,0.0
batched_greedy@10s,3,500,2521,2440,0.967869892899643,0.032130107100357,0.0031733439111463,0.0289567631892106,0.0,157.68429278434368,130.9237959453949,308.7251450399235,153.95552436708772,976.0,5.421311475409836,152.26298130893383,0.3374068741245604,0.0749281083162163,0.5876650175592232,1035,3.4193236714975845,0.0957093719400888,0.1867940011288737,0.0512820512820512,,,,2521,0.0,0.967869892899643,0.0,0.0,1.0,23911.735100565817,0.0,-1.6471796604284956e-15,2.690100419289552e-13,0.0,0.0,0.0,0.0,,,0.0,500.0,47.823470201131634,0.0,0.0
batched_greedy@10s,4,500,2521,2412,0.9567631892106307,0.0432368107893693,0.0063466878222927,0.0368901229670765,0.0,153.194575983776,126.07418371984475,295.3221383143957,148.73782253084426,964.8,5.132669983416252,148.06190600035973,0.3464831280368486,0.0728937573644426,0.5806231145987087,1043,3.5752636625119845,0.0945026846571864,0.1921319999382831,0.0502384737678855,,,,2521,0.0,0.9567631892106307,0.0,0.0,1.0,23601.72173914081,0.0,-4.9497673326939675e-15,2.662137830981073e-13,0.0,0.0,0.0,0.0,,,0.0,500.0,47.20344347828161,0.0,0.0
batched_greedy@10s,5,500,2521,2417,0.9587465291550972,0.0412534708449028,0.0051566838556128,0.0360967869892899,0.0,158.2463752509215,128.3787770424633,322.96406826914045,153.76498147690256,966.8,5.401323955316508,152.84505129560495,0.3498147926134549,0.0746540612727092,0.5755311461138358,1045,3.641148325358852,0.096725932987096,0.1877360013895667,0.0471938775510204,,,,2521,0.0,0.9587465291550972,0.0,0.0,1.0,23568.44337656364,0.0,-5.1931290601379404e-15,2.678113557701713e-13,0.0,0.0,0.0,0.0,,,0.0,500.0,47.13688675312728,0.0,0.0
optimal@10s,0,300,2521,1939,0.7691392304641016,0.2308607695358984,0.0111067036890122,0.2197540658468861,0.0,338.9685754667028,317.43612458073585,577.8909157001721,267.21040482155377,775.6,7.216606498194946,331.7519689685078,0.0316696671167818,0.1978839542818048,0.7704463786014133,1069,4.857811038353601,0.1400485500140702,0.2084840014867949,0.0477258167841127,7.49328216871253,0.0026596663709926,0.078578110383536,2521,0.0,0.7691392304641016,0.0,0.0,1.0,18972.769083614658,0.0,-1.8698010877854103e-14,2.7187878903687013e-13,0.0,0.0,0.0,0.0,,,0.0,300.0,63.24256361204886,0.0,0.0
optimal@10s,1,300,2521,1946,0.7719159063863547,0.2280840936136453,0.0099166997223324,0.2181673938913129,0.0,324.3397396857065,303.2707857453124,547.2264575180477,256.5600199573681,778.4,7.500513874614594,316.83922581109186,0.0325100927464153,0.1918442305674457,0.7756456766861389,1062,4.923728813559322,0.1374788135196147,0.2111019988296904,0.0471607314725697,5.5032419325541335,0.0019416939395977,0.0687382297551789,2521,0.0,0.7719159063863547,0.0,0.0,1.0,18977.79248954463,0.0,8.498397828785371e-16,2.68422488758232e-13,0.0,0.0,0.0,0.0,,,0.0,300.0,63.2593082984821,0.0,0.0
optimal@10s,2,300,2521,1934,0.7671558905196351,0.2328441094803649,0.0071400238000793,0.2257040856802856,0.0,348.3865542201946,318.6984625736368,587.2237169542725,271.36309952373733,773.6,7.941571871768356,340.44498234842627,0.0347413738133654,0.2008937757801022,0.7643648504065322,1065,4.403755868544601,0.1358777464915639,0.2042239990259985,0.0512412476129853,7.147591701255797,0.0029373738716177,0.088262910798122,2521,0.0,0.7671558905196351,0.0,0.0,1.0,18748.89003930145,0.0,-2.503799764325276e-15,2.746041932279475e-13,0.0,0.0,0.0,0.0,,,0.0,300.0,62.49630013100483,0.0,0.0
optimal@10s,3,300,2521,1907,0.7564458548195161,0.2435541451804839,0.0087266957556525,0.2348274494248314,0.0,339.4638184703416,312.2255755746901,576.1046758406649,262.67707771066927,762.8,7.408495018353435,332.05532345198816,0.0288499006727703,0.1948717574166747,0.7762783419105549,1066,4.686679174484053,0.1417295496593453,0.2046399984465094,0.0445798588838999,6.044331768022429,0.0022595872859258,0.0797373358348968,2521,0.0,0.7564458548195161,0.0,0.0,1.0,18855.087099656488,0.0,-1.4299346534679206e-14,2.719185943823822e-13,0.0,0.0,0.0,0.0,,,0.0,300.0,62.85029033218829,0.0,0.0
optimal@10s,4,300,2521,1903,0.7548591828639429,0.2451408171360571,0.0130900436334787,0.2320507735025783,0.0,339.3875867288053,317.3240823733904,578.7079027627079,263.23344184750914,761.2,9.926431949553336,329.461154779252,0.0357050495981377,0.1928207394147399,0.7714742109871223,1070,5.623364485981308,0.1401117757353366,0.2088480018574045,0.055768005098789,9.521183414698768,0.0027111984135536,0.0962616822429906,2521,0.0,0.7548591828639429,0.0,0.0,1.0,18765.551481206225,0.0,4.023172873260683e-16,2.808333352169009e-13,0.0,0.0,0.0,0.0,,,0.0,300.0,62.55183827068742,0.0,0.0
optimal@10s,5,300,2521,1967,0.7802459341531138,0.2197540658468861,0.0162633875446251,0.203490678302261,0.0,322.4508837525963,296.82984572494024,547.0431351079893,259.1591089423569,786.8,8.807829181494663,313.6430545711017,0.0364056958498377,0.1896430258992963,0.773951278250866,1084,5.509225092250922,0.1396818266464068,0.2042569994227962,0.0504823151125401,5.99346770811092,0.0017711524188243,0.0691881918819188,2521,0.0,0.7802459341531138,0.0,0.0,1.0,19088.517771888008,0.0,1.6824365997980005e-15,2.7030877112986454e-13,0.0,0.0,0.0,0.0,,,0.0,300.0,63.62839257296002,0.0,0.0
optimal@10s,0,350,2521,2230,0.8845696152320508,0.1154303847679492,0.0039666798889329,0.1114637048790162,0.0,259.59672146560854,237.2080417428388,459.02027779882286,232.06350392785265,892.0,5.877578475336323,253.71914299027225,0.0916082585733891,0.1542692456965171,0.7541224957300938,1051,3.745956232159848,0.1425117031900891,0.2000999993470031,0.0446713465220165,2.294647139899946,0.0015258302215134,0.0437678401522359,2521,0.0,0.8845696152320508,0.0,0.0,1.0,21672.072412325226,0.0,-6.966027157199637e-15,2.749043643446552e-13,0.0,0.0,0.0,0.0,,,0.0,350.0,61.92020689235779,0.0,0.0
optimal@10s,1,350,2521,2191,0.8690995636652122,0.1309004363347878,0.0059500198333994,0.1249504165013883,0.0,254.8017831166656,223.90174763750477,467.99013432691936,224.87633034300543,876.4,5.911912368781378,248.8898707478842,0.1042649022222204,0.1486874482434316,0.7470476495343479,1051,4.000951474785918,0.1414334918766661,0.2026999991358025,0.0523643287845128,2.5784892652446967,0.0014997333234048,0.0466222645099904,2521,0.0,0.8690995636652122,0.0,0.0,1.0,21369.13433062072,0.0,2.215378851511266e-15,2.760094500942417e-13,0.0,0.0,0.0,0.0,,,0.0,350.0,61.05466951605919,0.0,0.0
optimal@10s,2,350,2521,2218,0.8798095993653312,0.1201904006346687,0.0035700119000396,0.1166203887346291,0.0,265.24844036364755,241.00226512305423,465.8939801792986,234.98370495988385,887.2,5.537421100090171,259.7110192635574,0.0903484170449372,0.1564142317997774,0.7532373511552853,1051,3.500475737392959,0.1421146528331195,0.2172999993490521,0.0468152866242038,4.046454150584938,0.0031164934852604,0.0523311132254995,2521,0.0,0.8798095993653312,0.0,0.0,1.0,21576.367052636484,0.0,1.0214452267678448e-14,2.6919574674777723e-13,0.0,0.0,0.0,0.0,,,0.0,350.0,61.64676300753281,0.0,0.0
optimal@10s,3,350,2521,2204,0.8742562475208251,0.1257437524791749,0.0071400238000793,0.1186037286790955,0.0,256.77177839497404,230.5368293389647,470.979081759823,228.248305969888,881.6,6.195553539019964,250.57622485595408,0.0912100902563498,0.1507407800975422,0.7580491296461078,1061,4.085768143261075,0.1437601319742547,0.2192399988416583,0.0484848484848484,3.1384878837304178,0.0017219661124952,0.0480678605089538,2521,0.0,0.8742562475208251,0.0,0.0,1.0,21563.0441288988,0.0,1.8654164722286205e-15,2.734578040918923e-13,0.0,0.0,0.0,0.0,,,0.0,350.0,61.60869751113943,0.0,0.0
optimal@10s,4,350,2521,2198,0.8718762395874653,0.1281237604125347,0.0047600158667195,0.1233637445458151,0.0,260.0436178828219,240.16049751664104,460.7528207240638,229.73763254768477,879.2,5.366696997270246,254.6769208855516,0.0887028573860118,0.1539002464811903,0.7573968961327978,1048,3.9790076335877855,0.1432900763464079,0.2059059979728772,0.0463110827211753,2.178690431469473,0.001269000163857,0.0343511450381679,2521,0.0,0.8718762395874653,0.0,0.0,1.0,21658.57893390851,0.0,-5.004994497909805e-15,2.710350395235772e-13,0.0,0.0,0.0,0.0,,,0.0,350.0,61.88165409688146,0.0,0.0
optimal@10s,5,350,2521,2219,0.8802062673542245,0.1197937326457754,0.0087266957556525,0.1110670368901229,0.0,238.53903538764533,213.37744100059356,436.05547848525606,213.8364411805065,887.6,5.716538981523208,232.82249640612213,0.1071036132504553,0.1434046030756614,0.7494917836738831,1054,4.164136622390892,0.1419852941282194,0.215600999290473,0.0449582530507386,1.963061548627025,0.0010656292868181,0.0341555977229601,2521,0.0,0.8802062673542245,0.0,0.0,1.0,21444.764596909023,0.0,-2.588285602068887e-15,2.72046568338014e-13,0.0,0.0,0.0,0.0,,,0.0,350.0,61.27075599116864,0.0,0.0
optimal@10s,0,400,2521,2363,0.9373264577548592,0.0626735422451408,0.0035700119000396,0.0591035303451011,0.0,200.79065270696748,174.0960124331923,375.1342781746251,190.08602412456847,945.2,5.79644519678375,194.9942075101837,0.1797876201569375,0.1135128419679288,0.7066995378751336,1044,3.625478927203065,0.1489043103494372,0.2170139987356378,0.0605205393540294,1.5945735700469768,0.0013908908733211,0.0296934865900383,2521,0.0,0.9373264577548592,0.0,0.0,1.0,23027.55013318193,0.0,-4.975753669060626e-15,2.6405473002576924e-13,0.0,0.0,0.0,0.0,,,0.0,400.0,57.56887533295483,0.0,0.0
optimal@10s,1,400,2521,2309,0.9159063863546212,0.0840936136453788,0.0051566838556128,0.0789369297897659,0.0,206.3414265189033,181.00901465711289,394.451987144896,191.6139403328792,923.6,5.141619748809008,201.19980677009428,0.1921224087116854,0.1143212804875102,0.6935563108008043,1042,3.650671785028791,0.1450857965554058,0.2039490025345002,0.0398073836276083,1.8983582024380303,0.0015305704397053,0.0297504798464491,2521,0.0,0.9159063863546212,0.0,0.0,1.0,22564.350035863838,0.0,-1.6094146851560522e-14,2.675998107479355e-13,0.0,0.0,0.0,0.0,,,0.0,400.0,56.41087508965959,0.0,0.0
optimal@10s,2,400,2521,2335,0.9262197540658468,0.0737802459341531,0.0047600158667195,0.0690202300674335,0.0,218.9219003279484,193.1368233561552,411.2074510147957,204.57359501920885,934.0,5.394004282655247,213.52789604529312,0.1807162926707691,0.1211271159168446,0.6981565914123861,1037,3.5178399228543875,0.151168756018738,0.217692000005627,0.0483614381164492,2.1744446207716823,0.0019409539363679,0.0395371263259402,2521,0.0,0.9262197540658468,0.0,0.0,1.0,22756.979192874074,0.0,1.1555828861023473e-15,2.6923255440439695e-13,0.0,0.0,0.0,0.0,,,0.0,400.0,56.89244798218519,0.0,0.0
optimal@10s,3,400,2521,2334,0.9258230860769536,0.0741769139230464,0.0063466878222927,0.0678302261007536,0.0,214.2488789065819,187.25320818020987,405.3669989513551,200.70307585204907,933.6,5.610111396743788,208.6387675098381,0.1775031256756968,0.1201787716098735,0.7023181027144296,1043,3.7056567593480345,0.1461869606189083,0.214716001501074,0.0472239948947032,1.3090261116728643,0.0010134013758797,0.0278044103547459,2521,0.0,0.9258230860769536,0.0,0.0,1.0,22869.356035432986,0.0,-2.0322694303378402e-15,2.69561579570235e-13,0.0,0.0,0.0,0.0,,,0.0,400.0,57.17339008858246,0.0,0.0
optimal@10s,4,400,2521,2322,0.921063070210234,0.0789369297897659,0.0043633478778262,0.0745735819119397,0.0,205.11302465459767,181.24348728503287,378.2663299274003,191.0247893627798,928.8,5.254521963824289,199.85850269077343,0.1850363910970416,0.1146920829958536,0.7002715259071047,1041,3.664745437079731,0.1480618635184182,0.2127199993992689,0.0501746586217846,2.0261197532960606,0.0016503623656769,0.0384245917387127,2521,0.0,0.921063070210234,0.0,0.0,1.0,22806.44719970092,0.0,6.894475420277738e-15,2.7305270686864066e-13,0.0,0.0,0.0,0.0,,,0.0,400.0,57.0161179992523,0.0,0.0
optimal@10s,5,400,2521,2322,0.921063070210234,0.0789369297897659,0.0079333597778659,0.0710035700119,0.0,203.2523647008876,174.0775781238549,395.4422346310224,190.30223312193132,928.8,5.571490094745909,197.68087460614169,0.1944909598955783,0.1135277770253928,0.6919812630790289,1049,3.907530981887512,0.1518671114856219,0.21613599936245,0.0497607655502392,1.033167555891565,0.0007093334284139,0.0238322211630123,2521,0.0,0.921063070210234,0.0,0.0,1.0,22700.31424693261,0.0,1.8641227904769923e-14,2.705840145685784e-13,0.0,0.0,0.0,0.0,,,0.0,400.0,56.75078561733152,0.0,0.0
optimal@10s,0,450,2521,2407,0.9547798492661642,0.0452201507338357,0.0043633478778262,0.0408568028560095,0.0,173.42110612643168,144.657900490658,334.4051395383595,167.60782866364195,962.8,5.660988782717075,167.7601173437146,0.2679617063425424,0.0897770723702024,0.6422612212872553,1037,3.66152362584378,0.1510577626921123,0.2138640022894833,0.0492219752302318,0.9719040132658874,0.0008872286094858,0.0154291224686595,2521,0.0,0.9547798492661642,0.0,0.0,1.0,23516.21147306871,0.0,-1.4185001786024504e-14,2.764393293511566e-13,0.0,0.0,0.0,0.0,,,0.0,450.0,52.25824771793047,0.0,0.0
optimal@10s,1,450,2521,2386,0.946449821499405,0.053550178500595,0.0043633478778262,0.0491868306227687,0.0,179.5472762138079,150.46868513870277,344.4108211435441,171.61733126114245,954.4,5.392707460184409,174.1545687536235,0.2738653880167273,0.0922752163772949,0.6338593956059778,1039,3.525505293551492,0.1539774783674642,0.229973998648347,0.0449904275686024,0.8254132131185471,0.0008240109629472,0.0240615976900866,2521,0.0,0.946449821499405,0.0,0.0,1.0,23256.72889229437,0.0,2.7025043281738928e-15,2.702697895977013e-13,0.0,0.0,0.0,0.0,,,0.0,450.0,51.681619760654165,0.0,0.0
optimal@10s,2,450,2521,2399,0.951606505355018,0.0483934946449821,0.0039666798889329,0.0444268147560491,0.0,190.39666380874908,167.06489038091968,361.3931319658158,182.63082007702883,959.6,5.614005835764902,184.78265797298417,0.2635764697510058,0.0968403045317505,0.6395832257172436,1039,3.48893166506256,0.1571365736235117,0.225491998135112,0.0549242424242424,1.4626110738893994,0.0014932963992112,0.0365736284889316,2521,0.0,0.951606505355018,0.0,0.0,1.0,23509.041504301476,0.0,4.306406558293844e-15,2.651615206411137e-13,0.0,0.0,0.0,0.0,,,0.0,450.0,52.24231445400327,0.0,0.0
optimal@10s,3,450,2521,2395,0.9500198333994446,0.0499801666005553,0.0031733439111463,0.0468068226894089,0.0,180.8376348503535,148.98840223336174,354.8197627323674,173.28007125169802,958.0,5.586638830897703,175.2509960194558,0.265676773110479,0.0930368374009219,0.641286389488599,1040,3.4673076923076924,0.143313942320534,0.2232469985756321,0.0530805687203791,0.6844566955969836,0.0007320060424621,0.0192307692307692,2521,0.0,0.9500198333994446,0.0,0.0,1.0,23512.418193372963,0.0,6.77799268810456e-15,2.6728939173335817e-13,0.0,0.0,0.0,0.0,,,0.0,450.0,52.24981820749547,0.0,0.0
optimal@10s,4,450,2521,2395,0.9500198333994446,0.0499801666005553,0.0063466878222927,0.0436334787782626,0.0,173.17779144195725,145.72389431848205,333.18561710641114,166.79883944433087,958.0,5.240083507306889,167.93770793465032,0.2698732201487293,0.0896841283839612,0.6404426514673095,1047,3.6513849092645656,0.146545272229417,0.2108999998745275,0.0496341075405663,1.0620919823756474,0.0009505548689391,0.0238777459407831,2521,0.0,0.9500198333994446,0.0,0.0,1.0,23481.497680631357,0.0,2.880553601261262e-15,2.6942938717470723e-13,0.0,0.0,0.0,0.0,,,0.0,450.0,52.18110595695856,0.0,0.0
optimal@10s,5,450,2521,2383,0.9452598175327253,0.0547401824672748,0.0059500198333994,0.0487901626338754,0.0,176.06373285528144,145.46319755983677,351.5590740094776,168.85188743427483,953.2,5.289131347041544,170.77460150823993,0.2790355183175374,0.090371620785201,0.6305928608972616,1050,3.6742857142857135,0.1469623810477233,0.2181059999929857,0.0466304694985627,1.0278380926165689,0.000885725320727,0.0238095238095238,2521,0.0,0.9452598175327253,0.0,0.0,1.0,23265.912462770302,0.0,2.5752468651979792e-15,2.6596063440819024e-13,0.0,0.0,0.0,0.0,,,0.0,450.0,51.70202769504512,0.0,0.0
optimal@10s,0,500,2521,2444,0.969456564855216,0.0305434351447838,0.0031733439111463,0.0273700912336374,0.0,153.7107205937871,127.7600532657052,297.2250043070737,150.65162987866086,977.6,5.786415711947627,147.92430488183948,0.3390908488858605,0.0734468577430704,0.587462293371069,1039,3.563041385948027,0.1503899903259344,0.2167739992728448,0.0412667946257197,0.6970397422442096,0.0007230573781569,0.0230991337824831,2521,0.0,0.969456564855216,0.0,0.0,1.0,23905.18518066691,0.0,-6.005720561707463e-15,2.691460211638866e-13,0.0,0.0,0.0,0.0,,,0.0,500.0,47.810370361333824,0.0,0.0
optimal@10s,1,500,2521,2430,0.96390321301071,0.0360967869892899,0.0043633478778262,0.0317334391114637,0.0,158.88924339899495,133.3513809590513,306.04591799298174,154.9648227652488,972.0,5.472016460905349,153.41722693808958,0.3393042438748286,0.0754593209811783,0.585236435143993,1036,3.5415057915057915,0.1604646718377066,0.2484149992596944,0.0498254522373849,0.686116743025706,0.0007427424643342,0.0193050193050193,2521,0.0,0.96390321301071,0.0,0.0,1.0,23809.35789665824,0.0,-5.546340707237991e-15,2.716208373904324e-13,0.0,0.0,0.0,0.0,,,0.0,500.0,47.61871579331648,0.0,0.0
optimal@10s,2,500,2521,2433,0.96509321697739,0.03490678302261,0.0035700119000396,0.0313367711225704,0.0,167.21380434520597,139.56496331006792,324.6483684557483,162.691296426102,973.2,5.39416358405261,161.81964076115338,0.3379624672682851,0.0790046208842874,0.5830329118474273,1033,3.4346563407550823,0.1521783156308281,0.2131040013046003,0.0492063492063492,0.8666721447578629,0.0010109266971874,0.0193610842207163,2521,0.0,0.96509321697739,0.0,0.0,1.0,23840.11244097264,0.0,3.870722074140111e-16,2.677555624358552e-13,0.0,0.0,0.0,0.0,,,0.0,500.0,47.680224881945286,0.0,0.0
optimal@10s,3,500,2521,2441,0.9682665608885362,0.0317334391114637,0.0031733439111463,0.0285600952003173,0.0,159.338087271792,132.85606124398055,311.90989180011275,155.59241315591984,976.4,5.381401065137239,153.95668620665478,0.3354482234361055,0.075941586324119,0.5886101902397755,1037,3.3972999035679847,0.154486403144041,0.2214479995018337,0.049476688867745,0.5475388427918666,0.0006886202408527,0.017357762777242,2521,0.0,0.9682665608885362,0.0,0.0,1.0,23942.49344687249,0.0,-2.4679152617445968e-15,2.6960444892109786e-13,0.0,0.0,0.0,0.0,,,0.0,500.0,47.88498689374498,0.0,0.0
optimal@10s,4,500,2521,2410,0.955969853232844,0.0440301467671558,0.0063466878222927,0.0376834589448631,0.0,153.35724856484944,128.37333101910008,292.9612732615777,148.77060784160167,964.0,5.1547717842323655,148.20247678061708,0.3471365930026301,0.0727831554956814,0.5800802515016883,1046,3.568833652007648,0.1573117590592214,0.2319299996088375,0.0514449031438551,0.49720880528637,0.0005108579013225,0.0133843212237093,2521,0.0,0.955969853232844,0.0,0.0,1.0,23577.519672426155,0.0,-3.2245068763547777e-15,2.701851421247772e-13,0.0,0.0,0.0,0.0,,,0.0,500.0,47.15503934485231,0.0,0.0
optimal@10s,5,500,2521,2415,0.9579531931773104,0.0420468068226894,0.0051566838556128,0.0368901229670765,0.0,158.54186622417427,128.7054754777746,323.49478263246795,153.92012544751088,966.0,5.379296066252588,153.1625701579217,0.3491185737328747,0.0748506320856089,0.5760307941815163,1047,3.627507163323782,0.1523128939862452,0.219503999032895,0.0450623202301054,0.367225254087631,0.0003502514602373,0.0114613180515759,2521,0.0,0.9579531931773104,0.0,0.0,1.0,23604.97420111961,0.0,-7.086326004941302e-15,2.684509389570531e-13,0.0,0.0,0.0,0.0,,,0.0,500.0,47.20994840223922,0.0,0.0
batched_greedy@10s+aware,0,300,2521,2018,0.800476001586672,0.199523998413328,0.0876636255454184,0.1118603728679095,0.0,353.38262903301296,343.3492225380455,549.1484853662776,311.21221081638544,807.2,42.12586719524281,311.25676183777017,0.0326973948419531,0.1754638832592915,0.7918387218987554,1108,16.620036101083034,0.0537182310018654,0.1387589978548934,0.0513439007580978,,,,2521,0.0,0.800476001586672,0.0,0.0,1.0,19612.4694254346,0.0,-1.4966994717701912e-14,2.7208804530002816e-13,0.0,0.0,0.0,0.0,,,0.0,300.0,65.37489808478199,0.0,0.0
batched_greedy@10s+aware,1,300,2521,2025,0.803252677508925,0.1967473224910749,0.0908369694565648,0.1059103530345101,0.0,342.88608187633463,331.06513844892925,541.4099624944247,304.5986072221628,810.0,38.5120987654321,304.37398311090254,0.0324378934220237,0.1744615420786394,0.7931005644993369,1098,16.237704918032787,0.0527441712514177,0.1189999966300092,0.0513439007580978,,,,2521,0.0,0.803252677508925,0.0,0.0,1.0,19580.745857906917,0.0,-3.779034698338903e-15,2.788625846014726e-13,0.0,0.0,0.0,0.0,,,0.0,300.0,65.26915285968971,0.0,0.0
batched_greedy@10s+aware,2,300,2521,2020,0.8012693375644585,0.1987306624355414,0.1003570011900039,0.0983736612455374,0.0,350.31732043984846,340.84466466449385,544.3212117926838,310.4271832568438,808.0,45.2960396039604,305.0212808358881,0.0340703360652938,0.1715737246947574,0.7943559392399487,1094,18.010054844606948,0.0543283362911419,0.1141539984746485,0.0499476074048201,,,,2521,0.0,0.8012693375644585,0.0,0.0,1.0,19622.035304809044,0.0,-7.633058101977315e-16,2.683019922845026e-13,0.0,0.0,0.0,0.0,,,0.0,300.0,65.40678434936348,0.0,0.0
batched_greedy@10s+aware,3,300,2521,2001,0.793732645775486,0.2062673542245141,0.0844902816342721,0.1217770725902419,0.0,352.7347773469013,344.236755842162,549.5641532391219,307.3511243915586,800.4,39.40629685157421,313.3284804953271,0.0321293851054985,0.1759589613580034,0.791911653536498,1126,15.47513321492007,0.0522055949980734,0.1181999978143721,0.0539801844892381,,,,2521,0.0,0.793732645775486,0.0,0.0,1.0,19509.246317370864,0.0,1.7417351918557178e-15,2.6924811428106805e-13,0.0,0.0,0.0,0.0,,,0.0,300.0,65.03082105790288,0.0,0.0
batched_greedy@10s+aware,4,300,2521,1999,0.7929393097976993,0.2070606902023006,0.1118603728679095,0.0952003173343911,0.0,359.4897925360004,350.4584270144824,556.2089528513745,319.5983991441958,799.6,50.72736368184092,308.76242885415945,0.0317302515650047,0.1696002940389825,0.7986694543960127,1106,20.02983725135624,0.0524667269053656,0.1189500009786571,0.0440810522573764,,,,2521,0.0,0.7929393097976993,0.0,0.0,1.0,19562.384091238328,0.0,-3.3963160781329448e-15,2.78490809425053e-13,0.0,0.0,0.0,0.0,,,0.0,300.0,65.20794697079442,0.0,0.0
batched_greedy@10s+aware,5,300,2521,2037,0.8080126933756446,0.1919873066243554,0.0896469654898849,0.1023403411344704,0.0,337.5901217039668,326.30824262662463,530.6543380572014,302.3990335327968,814.8,32.608247422680414,304.9818742812864,0.0270863194466035,0.1780478510040661,0.7948658295493303,1114,15.47576301615799,0.0538287253028239,0.1232359994537543,0.0547143840330351,,,,2521,0.0,0.8080126933756446,0.0,0.0,1.0,19659.21071175859,0.0,-4.930545689724603e-15,2.701876250687572e-13,0.0,0.0,0.0,0.0,,,0.0,300.0,65.53070237252864,0.0,0.0
batched_greedy@10s+aware,0,350,2521,2239,0.8881396271320905,0.1118603728679095,0.0289567631892106,0.0829036096786989,0.0,268.27043437611604,246.92092787390263,469.8613554941357,248.85522801454883,895.6,13.181330951317552,255.0891034247985,0.0904750422505974,0.1502670093893605,0.759257948360042,1088,7.572610294117647,0.0593010110224788,0.1334070006851102,0.0487565445026178,,,,2521,0.0,0.8881396271320905,0.0,0.0,1.0,21865.05462733933,0.0,-2.902149762628904e-15,2.7126452540718954e-13,0.0,0.0,0.0,0.0,,,0.0,350.0,62.47158464954095,0.0,0.0
batched_greedy@10s+aware,1,350,2521,2224,0.882189607298691,0.117810392701309,0.0380801269337564,0.0797302657675525,0.0,268.58558841515617,247.40741036740656,478.325294607246,249.25952050935945,889.6,18.306205035971225,250.2793833791849,0.1009829467531166,0.1438250054192549,0.7551920478276285,1088,8.809742647058824,0.0615818933190038,0.1367250019029594,0.046756667764241,,,,2521,0.0,0.882189607298691,0.0,0.0,1.0,21662.561216737377,0.0,5.119406098082691e-15,2.711943379695071e-13,0.0,0.0,0.0,0.0,,,0.0,350.0,61.89303204782107,0.0,0.0
batched_greedy@10s+aware,2,350,2521,2255,0.8944863149543831,0.1055136850456168,0.0313367711225704,0.0741769139230464,0.0,283.6469052251921,264.7735209369266,494.3780554169464,264.068426254274,902.0,20.09933481152993,263.54757041366213,0.0886933004268179,0.1528209125733372,0.7584857869998448,1099,8.830755232029118,0.0593608735311487,0.1300060003268299,0.0571057754704737,,,,2521,0.0,0.8944863149543831,0.0,0.0,1.0,22014.48727920891,0.0,-9.7002475034921e-15,2.7084754739570257e-13,0.0,0.0,0.0,0.0,,,0.0,350.0,62.89853508345404,0.0,0.0
batched_greedy@10s+aware,3,350,2521,2245,0.8905196350654502,0.1094803649345497,0.0345101150337167,0.074970249900833,0.0,260.0600262509302,240.5545355032409,465.7258226719105,243.32617053694415,898.0,15.394209354120267,244.66581689681,0.0927167270466609,0.1449028243852052,0.7623804485681339,1102,8.033575317604356,0.0608714156965395,0.1457930005926755,0.0516677567037279,,,,2521,0.0,0.8905196350654502,0.0,0.0,1.0,21948.77433780365,0.0,-1.9628149637675864e-14,2.714506669431032e-13,0.0,0.0,0.0,0.0,,,0.0,350.0,62.71078382229616,0.0,0.0
batched_greedy@10s+aware,4,350,2521,2241,0.888932963109877,0.1110670368901229,0.0325267750892502,0.0785402618008726,0.0,271.8633566704988,250.3571255131519,475.9575636924801,252.8115573269516,896.4,15.582329317269076,256.28102735322966,0.0855078710145482,0.1509434303694989,0.7635486986159528,1092,8.426739926739927,0.0595636446476272,0.1267180005015688,0.0491480996068152,,,,2521,0.0,0.888932963109877,0.0,0.0,1.0,21891.240665499023,0.0,1.5791423897604546e-14,2.7782981924295697e-13,0.0,0.0,0.0,0.0,,,0.0,350.0,62.546401901425774,0.0,0.0
batched_greedy@10s+aware,5,350,2521,2252,0.8932963109877033,0.1067036890122967,0.0357001190003966,0.0710035700119,0.0,259.88837281290813,235.2883215284596,468.2364256686122,244.11874367478316,900.8,17.80550621669627,242.08286659621191,0.0935558466176339,0.1437315056414166,0.7627126477409496,1092,8.934981684981684,0.0628027472595312,0.1422359986099763,0.046189376443418,,,,2521,0.0,0.8932963109877033,0.0,0.0,1.0,21983.474275481192,0.0,4.115713098925692e-15,2.746677959083965e-13,0.0,0.0,0.0,0.0,,,0.0,350.0,62.80992650137483,0.0,0.0
batched_greedy@10s+aware,0,400,2521,2371,0.9404998016660056,0.0595001983339944,0.0186433954779849,0.0408568028560095,0.0,204.56127700024425,179.60929612496784,396.49469065315134,198.68861677450192,948.4,8.904681568958246,195.656595431286,0.1824743792693341,0.112303818265858,0.7052218024648078,1091,5.634280476626948,0.06976452794927,0.1499799993325722,0.0546975546975547,,,,2521,0.0,0.9404998016660056,0.0,0.0,1.0,23129.855463685515,0.0,-4.181293766635511e-15,2.668183870575652e-13,0.0,0.0,0.0,0.0,,,0.0,400.0,57.82463865921379,0.0,0.0
batched_greedy@10s+aware,1,400,2521,2336,0.9266164220547402,0.0733835779452598,0.021420071400238,0.0519635065450218,0.0,216.17942972431,188.85151898540448,415.35548980657904,207.9426512951808,934.4,11.273544520547944,204.90588520376204,0.1865904032131586,0.1138453371292682,0.6995642596575732,1075,6.348837209302325,0.071536651166118,0.1545260006241733,0.0442132639791937,,,,2521,0.0,0.9266164220547402,0.0,0.0,1.0,22876.77906749693,0.0,7.132802719852035e-16,2.6668469563571296e-13,0.0,0.0,0.0,0.0,,,0.0,400.0,57.19194766874232,0.0,0.0
batched_greedy@10s+aware,2,400,2521,2356,0.934549781832606,0.0654502181673939,0.0202300674335581,0.0452201507338357,0.0,224.2689477180173,196.4797520457414,429.57730402392326,215.950230812022,942.4,10.50169779286927,213.767249925148,0.1794454226695211,0.1189331861882248,0.701621391142254,1088,5.974264705882353,0.0680551470562771,0.1448820026416795,0.0516295579219102,,,,2521,0.0,0.934549781832606,0.0,0.0,1.0,22985.18267110453,0.0,-1.1508243895664567e-14,2.6969371840465665e-13,0.0,0.0,0.0,0.0,,,0.0,400.0,57.46295667776132,0.0,0.0
batched_greedy@10s+aware,3,400,2521,2357,0.9349464498214994,0.0650535501785005,0.0190400634668782,0.0460134867116223,0.0,211.6122461463656,183.6096043538428,405.6722684512652,204.08025960941129,942.8,10.39838778107764,201.213858365288,0.17956794120236,0.1139339560876218,0.7064981027100181,1085,5.67741935483871,0.0699309677581414,0.1500080012192485,0.046895213454075,,,,2521,0.0,0.9349464498214994,0.0,0.0,1.0,23098.046783022965,0.0,9.307597355364059e-16,2.734165131137792e-13,0.0,0.0,0.0,0.0,,,0.0,400.0,57.74511695755741,0.0,0.0
batched_greedy@10s+aware,4,400,2521,2350,0.9321697738992464,0.0678302261007536,0.0182467274890916,0.049583498611662,0.0,210.1313395387193,186.4608122985819,393.9254826663455,202.2064699199008,940.0,9.301702127659574,200.8296374110597,0.1761792957203144,0.1137988372883043,0.7100218669913813,1090,5.89908256880734,0.0700861467947006,0.1513089977015622,0.0454103146286085,,,,2521,0.0,0.9321697738992464,0.0,0.0,1.0,23179.984744278387,0.0,3.993590328409095e-15,2.7222952025006616e-13,0.0,0.0,0.0,0.0,,,0.0,400.0,57.94996186069597,0.0,0.0
batched_greedy@10s+aware,5,400,2521,2326,0.9226497421658072,0.0773502578341927,0.0257834192780642,0.0515668385561285,0.0,209.69471039146975,179.50641848408168,411.4628181845344,202.7999992430752,930.4,10.91444539982803,198.78026499164173,0.1944964864987079,0.1113307762907842,0.6941727372105078,1110,6.698198198198198,0.0740563964411177,0.163300002568576,0.0509740259740259,,,,2521,0.0,0.9226497421658072,0.0,0.0,1.0,22703.440571724765,0.0,8.012507252698873e-15,2.707682172485593e-13,0.0,0.0,0.0,0.0,,,0.0,400.0,56.75860142931192,0.0,0.0
batched_greedy@10s+aware,0,450,2521,2408,0.9551765172550576,0.0448234827449424,0.0178500595001983,0.0269734232447441,0.0,171.89440224457022,144.13792910677785,330.42871713283154,170.1116076121276,963.2,7.824750830564784,164.06965141400542,0.2731245011882997,0.0871894709630751,0.6396860278486253,1070,5.216822429906542,0.0824356074844787,0.1617240006817155,0.0509184660006445,,,,2521,0.0,0.9551765172550576,0.0,0.0,1.0,23527.92454522857,0.0,-1.9356747655461068e-15,2.731915607355902e-13,0.0,0.0,0.0,0.0,,,0.0,450.0,52.2842767671746,0.0,0.0
batched_greedy@10s+aware,1,450,2521,2392,0.9488298294327648,0.0511701705672352,0.0150733835779452,0.0360967869892899,0.0,178.0647631267283,151.35577397358747,348.0419573651499,174.45168670618438,956.8,7.832775919732441,170.23198720699588,0.2754710242959151,0.0887422708100558,0.635786704894029,1090,4.965137614678899,0.0792725688270282,0.1733310012787112,0.0414642047295108,,,,2521,0.0,0.9488298294327648,0.0,0.0,1.0,23399.19492527462,0.0,-8.082883117930996e-15,2.7386581946861304e-13,0.0,0.0,0.0,0.0,,,0.0,450.0,51.99821094505471,0.0,0.0
batched_greedy@10s+aware,2,450,2521,2402,0.9527965093216978,0.0472034906783022,0.0142800476001586,0.0329234430781435,0.0,194.80333174270424,164.8578921669573,385.5580435327609,190.10553982565668,960.8,8.7714404662781,186.0318912764261,0.2663042972082727,0.0960596004743791,0.6376361023173481,1081,5.078630897317299,0.0747090656336489,0.1620999995793683,0.0506897658004491,,,,2521,0.0,0.9527965093216978,0.0,0.0,1.0,23559.60110818782,0.0,-6.768477905081543e-15,2.6846570114542604e-13,0.0,0.0,0.0,0.0,,,0.0,450.0,52.35466912930627,0.0,0.0
batched_greedy@10s+aware,3,450,2521,2415,0.9579531931773104,0.0420468068226894,0.0130900436334787,0.0289567631892106,0.0,185.7399713253867,153.56621095463106,375.516866579897,182.5244507120906,966.0,9.33167701863354,176.40829430675316,0.2627939064739333,0.0926033340483687,0.644602759477698,1086,5.0073664825046045,0.0799152854416302,0.1676549989497292,0.0499679692504804,,,,2521,0.0,0.9579531931773104,0.0,0.0,1.0,23719.03056147428,0.0,-5.315072053977217e-15,2.6818903665596456e-13,0.0,0.0,0.0,0.0,,,0.0,450.0,52.70895680327618,0.0,0.0
batched_greedy@10s+aware,4,450,2521,2398,0.9512098373661244,0.0487901626338754,0.017453391511305,0.0313367711225704,0.0,173.4140890085582,147.23490400110632,339.7503522779233,170.24859593032275,959.2,8.175979983319433,165.23810902523877,0.2730364634263313,0.0872955739291221,0.6396679626445465,1074,5.48975791433892,0.080297765375766,0.1758809994862531,0.046925566343042,,,,2521,0.0,0.9512098373661244,0.0,0.0,1.0,23499.25792288269,0.0,-7.590814271286163e-15,2.697356748116943e-13,0.0,0.0,0.0,0.0,,,0.0,450.0,52.220573161961546,0.0,0.0
batched_greedy@10s+aware,5,450,2521,2397,0.9508131693772311,0.0491868306227687,0.0190400634668782,0.0301467671558905,0.0,178.93909013268524,147.2783428138173,366.2460590486485,177.07489186173038,958.8,8.647893199833124,170.29119693285213,0.2775553973216135,0.0893025490304657,0.6331420536479206,1084,5.588560885608856,0.080697970497903,0.1718509982674732,0.0478345184227537,,,,2521,0.0,0.9508131693772311,0.0,0.0,1.0,23369.21103706988,0.0,8.624237466570373e-15,2.659599931007387e-13,0.0,0.0,0.0,0.0,,,0.0,450.0,51.93158008237751,0.0,0.0
batched_greedy@10s+aware,0,500,2521,2441,0.9682665608885362,0.0317334391114637,0.0122967076556921,0.0194367314557715,0.0,155.22353062564503,129.28800708096605,302.6369633178101,154.36829964698302,976.4,7.85907414993855,147.36445647570648,0.3402484390304212,0.0725826439198188,0.58716891704976,1072,4.703358208955224,0.0887279850099839,0.1836059979177661,0.05024,,,,2521,0.0,0.9682665608885362,0.0,0.0,1.0,23865.66849588311,0.0,3.708103968175013e-15,2.702208933194697e-13,0.0,0.0,0.0,0.0,,,0.0,500.0,47.73133699176622,0.0,0.0
batched_greedy@10s+aware,1,500,2521,2428,0.9631098770329234,0.0368901229670765,0.0091233637445458,0.0277667592225307,0.0,156.99989079873905,132.89328277940126,303.5618385143837,154.8344267746835,971.2,6.515650741350906,150.48424005738812,0.3412499516851757,0.0733827947266732,0.5853672535881511,1056,4.194128787878788,0.0857523674574512,0.1714399997581495,0.0436456996148908,,,,2521,0.0,0.9631098770329234,0.0,0.0,1.0,23853.2086822607,0.0,1.6370073885128878e-15,2.709170751546956e-13,0.0,0.0,0.0,0.0,,,0.0,500.0,47.7064173645214,0.0,0.0
batched_greedy@10s+aware,2,500,2521,2431,0.9642998809996032,0.0357001190003966,0.013486711622372,0.0222134073780245,0.0,168.7532353346772,140.53351650401237,340.6301265930606,166.79831084659492,972.4,7.539695598519128,161.21353973615808,0.3410942225674063,0.0777447958869397,0.5811609815456539,1072,4.755597014925373,0.0834211753485828,0.1786770004036952,0.0527831094049904,,,,2521,0.0,0.9642998809996032,0.0,0.0,1.0,23810.6313420174,0.0,-1.7802615727859127e-15,2.701040406010649e-13,0.0,0.0,0.0,0.0,,,0.0,500.0,47.6212626840348,0.0,0.0
batched_greedy@10s+aware,3,500,2521,2438,0.9670765569218563,0.0329234430781435,0.0103133677112257,0.0226100753669178,0.0,159.5669113836896,133.1492398262301,319.95460206716393,157.81653423332665,975.2,7.077112387202625,152.489798996487,0.3368247122209071,0.0744749854363463,0.5887003023427465,1064,4.226503759398496,0.0833502820712869,0.1733660013996994,0.0491541653367379,,,,2521,0.0,0.9670765569218563,0.0,0.0,1.0,23931.52151572203,0.0,-2.1931686254705567e-15,2.650641532898032e-13,0.0,0.0,0.0,0.0,,,0.0,500.0,47.86304303144406,0.0,0.0
batched_greedy@10s+aware,4,500,2521,2416,0.958349861166204,0.0416501388337961,0.0162633875446251,0.0253867512891709,0.0,154.44239096769113,127.4790277474981,299.5316900535263,152.97642414410814,966.4,6.923841059602649,147.5185499080885,0.3447804644005999,0.0721439250987425,0.5830756105006575,1066,4.812382739212008,0.0871605065677011,0.1770000002579761,0.0510597302504816,,,,2521,0.0,0.958349861166204,0.0,0.0,1.0,23713.12993621362,0.0,-1.3646897261985436e-14,2.7031244700293535e-13,0.0,0.0,0.0,0.0,,,0.0,500.0,47.42625987242724,0.0,0.0
batched_greedy@10s+aware,5,500,2521,2415,0.9579531931773104,0.0420468068226894,0.0170567235224117,0.0249900833002776,0.0,156.9093394657004,126.4876515853075,325.06132832541186,156.5675369584538,966.0,7.132505175983437,149.77683428971696,0.3524410123062054,0.073035596420269,0.5745233912735256,1068,5.085205992509363,0.0841349250829003,0.1710620001904316,0.05016077170418,,,,2521,0.0,0.9579531931773104,0.0,0.0,1.0,23445.7567618751,0.0,-4.0378328699954055e-15,2.667165085523717e-13,0.0,0.0,0.0,0.0,,,0.0,500.0,46.891513523750206,0.0,0.0
optimal@10s+aware,0,300,2521,2025,0.803252677508925,0.1967473224910749,0.081713605712019,0.1150337167790559,0.0,358.01180516386853,349.2755182556348,543.9686624135168,314.6354642768173,810.0,43.01234567901235,314.9994594848562,0.0312611985060139,0.1776420744410641,0.791096727052922,1107,16.52122854561879,0.1362418247354055,0.2167619999818272,0.0507544581618655,8.066238330204015,0.0005947152762634,0.046070460704607,2521,0.0,0.803252677508925,0.0,0.0,1.0,19603.392638446552,0.0,7.421224129049936e-15,2.762712966490833e-13,0.0,0.0,0.0,0.0,,,0.0,300.0,65.34464212815517,0.0,0.0
optimal@10s+aware,1,300,2521,2012,0.7980959936533122,0.2019040063466878,0.0888536295120983,0.1130503768345894,0.0,343.0395046815616,333.2619645588968,534.2943112847532,301.0436015259749,804.8,37.30666003976143,305.73284464180017,0.0325824103261144,0.1734236639642571,0.7939939257096283,1100,15.516363636363636,0.1398484545246571,0.2090120016146102,0.0446830620020782,5.544196593753698,0.0004389957435249,0.0445454545454545,2521,0.0,0.7980959936533122,0.0,0.0,1.0,19582.586552284247,0.0,8.7343430478065e-15,2.761466778681764e-13,0.0,0.0,0.0,0.0,,,0.0,300.0,65.27528850761416,0.0,0.0
optimal@10s+aware,2,300,2521,2005,0.7953193177310591,0.2046806822689409,0.099166997223324,0.1055136850456168,0.0,362.8924771876267,355.30690190936,558.7128432900107,319.9600999769238,802.0,46.78503740648379,316.10743978114294,0.0299772930230622,0.1763457714029835,0.7936769355739542,1101,18.42779291553133,0.1449632152891104,0.2125999999407213,0.046885934219734,7.208112727203422,0.000470853019599,0.0554041780199818,2521,0.0,0.7953193177310591,0.0,0.0,1.0,19625.933611634013,0.0,-1.1611437774154456e-14,2.722158325850796e-13,0.0,0.0,0.0,0.0,,,0.0,300.0,65.4197787054467,0.0,0.0
optimal@10s+aware,3,300,2521,2010,0.7973026576755256,0.2026973423244744,0.0876636255454184,0.1150337167790559,0.0,354.8142367687804,347.32450184424897,539.4260811994662,311.12524118895936,804.0,40.787562189054725,314.02667457972564,0.0304381432852175,0.175939373416493,0.7936224832982894,1131,15.84792219274978,0.1393843502229873,0.2214000007370488,0.051510989010989,6.001086860362313,0.0004621353077526,0.0477453580901856,2521,0.0,0.7973026576755256,0.0,0.0,1.0,19553.338307879047,0.0,7.496932869966331e-15,2.7289878483030924e-13,0.0,0.0,0.0,0.0,,,0.0,300.0,65.17779435959683,0.0,0.0
optimal@10s+aware,4,300,2521,1996,0.7917493058310194,0.2082506941689805,0.1027370091233637,0.1055136850456168,0.0,348.7388406301023,339.2879489236734,543.7396812827446,308.4947556913768,798.4,45.98196392785571,302.75687670224653,0.0369483365834763,0.1683838632889495,0.7946678001275741,1106,18.68987341772152,0.1353977395690357,0.2143099991371856,0.0504378283712784,5.319666573367663,0.0003432200127798,0.0406871609403255,2521,0.0,0.7917493058310194,0.0,0.0,1.0,19539.94258108801,0.0,-6.9292156069991725e-15,2.787331710353105e-13,0.0,0.0,0.0,0.0,,,0.0,300.0,65.13314193696003,0.0,0.0
optimal@10s+aware,5,300,2521,2019,0.8008726695755652,0.1991273304244347,0.092423641412138,0.1067036890122967,0.0,351.6319117986484,339.7347024774772,543.1291340735319,311.9683825678548,807.6,40.72610203070827,310.9058097679401,0.0249080145138752,0.1767321602272993,0.7983598252588253,1114,17.11400359066427,0.1402919209945294,0.2217979987835855,0.0493226814866273,7.836530201798662,0.0005556917233568,0.0637342908438061,2521,0.0,0.8008726695755652,0.0,0.0,1.0,19607.174015571163,0.0,-5.426730552461983e-15,2.786865449764175e-13,0.0,0.0,0.0,0.0,,,0.0,300.0,65.35724671857054,0.0,0.0
optimal@10s+aware,0,350,2521,2251,0.89289964299881,0.10710035700119,0.0277667592225307,0.0793335977786592,0.0,274.85028108365617,253.982723201917,471.3707242901028,256.1424072584912,900.4,15.488671701466014,259.3616093821902,0.0853635087490082,0.153022225091432,0.7616142661595597,1096,8.037408759124087,0.1364158759408555,0.2073499996186,0.0487087283425956,3.7415622753929183,0.0006663767516168,0.0392335766423357,2521,0.0,0.89289964299881,0.0,0.0,1.0,21978.835109854823,0.0,-5.71653884700818e-15,2.705302293451072e-13,0.0,0.0,0.0,0.0,,,0.0,350.0,62.79667174244235,0.0,0.0
optimal@10s+aware,1,350,2521,2232,0.8853629512098373,0.1146370487901626,0.0341134470448234,0.0805236017453391,0.0,268.48125361181553,247.4838955727448,477.4947561950452,249.2483497039765,892.8,16.954749103942653,251.5265045078729,0.0976804627104847,0.1464049957236139,0.7559145415659012,1086,8.385819521178638,0.1386523940868713,0.2074699987133501,0.0518929503916449,4.650004207136382,0.0007887443238797,0.0423572744014733,2521,0.0,0.8853629512098373,0.0,0.0,1.0,21697.14662415884,0.0,-8.216048311625666e-15,2.678546353257025e-13,0.0,0.0,0.0,0.0,,,0.0,350.0,61.99184749759669,0.0,0.0
optimal@10s+aware,2,350,2521,2259,0.8960729869099564,0.1039270130900436,0.0317334391114637,0.0721935739785799,0.0,278.5013534306782,257.94385781061465,485.8420173488739,259.48122148374205,903.6,17.76007082779991,260.7412826028783,0.0910517617258234,0.1525389015669125,0.756409336707264,1094,8.297989031078611,0.1417312613883995,0.2096559990968671,0.0522022838499184,5.213459174098649,0.0008901887038788,0.0447897623400365,2521,0.0,0.8960729869099564,0.0,0.0,1.0,21888.34849024964,0.0,-3.321527795319459e-15,2.685845250400839e-13,0.0,0.0,0.0,0.0,,,0.0,350.0,62.5381385435704,0.0,0.0
optimal@10s+aware,3,350,2521,2251,0.89289964299881,0.10710035700119,0.032130107100357,0.074970249900833,0.0,268.1565471841621,246.203958655311,482.5857605813326,250.3337264434519,900.4,16.4491337183474,251.70741346581468,0.0876856770787725,0.1471261746864317,0.7651881482347959,1103,8.00815956482321,0.1391773345305099,0.2046819980751024,0.0490677134445534,3.1846437857674443,0.0005705543730026,0.0371713508612874,2521,0.0,0.89289964299881,0.0,0.0,1.0,22150.67782946228,0.0,-9.304369309173104e-15,2.70578761528858e-13,0.0,0.0,0.0,0.0,,,0.0,350.0,63.28765094132079,0.0,0.0
optimal@10s+aware,4,350,2521,2253,0.8936929789765966,0.1063070210234034,0.0305434351447838,0.0757635858786196,0.0,267.4614686155423,247.0907976693925,472.423253882129,249.30721539127023,901.2,13.65867731913005,253.80279129641227,0.0829626447838246,0.1511717519945674,0.7658656032216079,1097,7.810391978122151,0.1423079307159662,0.2137480009696445,0.0490677134445534,5.951272357593682,0.0011029669864041,0.0528714676390155,2521,0.0,0.8936929789765966,0.0,0.0,1.0,21997.58464057188,0.0,9.56615070237161e-15,2.721200490368772e-13,0.0,0.0,0.0,0.0,,,0.0,350.0,62.85024183020536,0.0,0.0
optimal@10s+aware,5,350,2521,2253,0.8936929789765966,0.1063070210234034,0.0341134470448234,0.0721935739785799,0.0,257.15818119639243,231.3982476192382,468.3525479394757,241.1742857452616,901.2,17.22902796271638,239.92915323367603,0.093963660120272,0.1437490751557235,0.7622872647240044,1096,8.641423357664234,0.1499657846812146,0.214665000567038,0.0501968503937007,3.345495993065219,0.0005486712862924,0.0328467153284671,2521,0.0,0.8936929789765966,0.0,0.0,1.0,21908.557137513544,0.0,-4.8522610203635106e-15,2.737038292415577e-13,0.0,0.0,0.0,0.0,,,0.0,350.0,62.59587753575298,0.0,0.0
optimal@10s+aware,0,400,2521,2372,0.9408964696548988,0.0591035303451011,0.0162633875446251,0.042840142800476,0.0,206.90154612304173,184.61415215744543,389.99624716414246,200.61378433485345,948.8,8.81450252951096,198.08704359353075,0.1811781581182566,0.1131836627026118,0.7056381791791315,1088,5.551470588235294,0.144374172795297,0.2136080020864026,0.0527670527670527,2.04534915723702,0.0006627742272826,0.025735294117647,2521,0.0,0.9408964696548988,0.0,0.0,1.0,23139.46482491232,0.0,-3.520511594443751e-15,2.680913388981355e-13,0.0,0.0,0.0,0.0,,,0.0,400.0,57.8486620622808,0.0,0.0
optimal@10s+aware,1,400,2521,2332,0.925029750099167,0.074970249900833,0.0222134073780245,0.0527568425228084,0.0,215.76317782557575,186.614610734679,419.1076690222547,207.26409147070407,932.8,11.28344768439108,204.4797301411847,0.1896820789418064,0.1135500111379221,0.6967679099202715,1092,6.175824175824176,0.1443152015461557,0.2067089987394865,0.044819746670997,3.6085393148546223,0.0009706698177651,0.0274725274725274,2521,0.0,0.925029750099167,0.0,0.0,1.0,22805.81232883041,0.0,-7.587222255079844e-15,2.6659025663588337e-13,0.0,0.0,0.0,0.0,,,0.0,400.0,57.01453082207603,0.0,0.0
optimal@10s+aware,2,400,2521,2359,0.935739785799286,0.064260214200714,0.0186433954779849,0.045616818722729,0.0,229.40304800687383,206.26879745231963,435.6809455408453,221.17405327401943,943.6,11.032640949554896,218.37040705731897,0.1763638042047082,0.1218072488780504,0.7018289469172414,1089,6.12396694214876,0.1459759411920944,0.223627998930169,0.0503388189738625,3.6556035966192857,0.0009888276072705,0.032139577594123,2521,0.0,0.935739785799286,0.0,0.0,1.0,23016.904848035472,0.0,-7.23268649531132e-15,2.690401243599485e-13,0.0,0.0,0.0,0.0,,,0.0,400.0,57.54226212008868,0.0,0.0
optimal@10s+aware,3,400,2521,2360,0.9361364537881792,0.0638635462118207,0.0202300674335581,0.0436334787782626,0.0,214.12115882869665,187.10437468846385,410.3522697149501,207.20378004273329,944.0,10.63050847457627,203.4906503541204,0.179550816128503,0.1149556311203009,0.7054935527511961,1092,5.813186813186813,0.1449110805236196,0.2156069993725393,0.047557424781624,2.62576374994561,0.000780318973891,0.0311355311355311,2521,0.0,0.9361364537881792,0.0,0.0,1.0,23102.910097631346,0.0,-1.1676159097964573e-15,2.72298379701204e-13,0.0,0.0,0.0,0.0,,,0.0,400.0,57.75727524407835,0.0,0.0
optimal@10s+aware,4,400,2521,2347,0.9309797699325664,0.0690202300674335,0.0182467274890916,0.0507735025783419,0.0,206.74222845883324,184.22019536611333,382.0870707985815,198.88968017599663,938.8,9.45930975713677,197.28291870169647,0.1818481071468931,0.111883709313816,0.7062681835392908,1080,6.0,0.1459214814800631,0.2078259992049425,0.0457198443579766,4.303942866042026,0.001230265608464,0.0379629629629629,2521,0.0,0.9309797699325664,0.0,0.0,1.0,23007.810601980756,0.0,2.436151928768452e-15,2.706577091881196e-13,0.0,0.0,0.0,0.0,,,0.0,400.0,57.51952650495188,0.0,0.0
optimal@10s+aware,5,400,2521,2338,0.9274097580325268,0.0725902419674732,0.0249900833002776,0.0476001586671955,0.0,213.78665473517208,181.87627082184804,425.0360635441084,207.40200722467813,935.2,12.41830624465355,201.3683484905185,0.1929184309914903,0.1127763321169883,0.6943052368915213,1094,7.085009140767824,0.1465092322596951,0.2202559995203045,0.0497076023391812,2.4455129278283008,0.0005407805088442,0.0274223034734917,2521,0.0,0.9274097580325268,0.0,0.0,1.0,22802.106596039048,0.0,1.8834852886540718e-15,2.715482054594809e-13,0.0,0.0,0.0,0.0,,,0.0,400.0,57.005266490097625,0.0,0.0
optimal@10s+aware,0,450,2521,2413,0.957159857199524,0.042840142800476,0.0166600555335184,0.0261800872669575,0.0,173.274880825967,143.68792099429766,339.3840150088274,171.5954672281433,965.2,7.90302527973477,165.3718555462322,0.2720306968842771,0.0878791230738895,0.6400901800418333,1073,5.183597390493942,0.1469694315281448,0.2176399994641541,0.0511747666559382,2.639640259703122,0.0010126603276839,0.0335507921714818,2521,0.0,0.957159857199524,0.0,0.0,1.0,23563.69953140674,0.0,-3.559500164342657e-15,2.663219141005912e-13,0.0,0.0,0.0,0.0,,,0.0,450.0,52.36377673645943,0.0,0.0
optimal@10s+aware,1,450,2521,2397,0.9508131693772311,0.0491868306227687,0.0150733835779452,0.0341134470448234,0.0,181.7475746428092,154.70553280880085,357.94661227184685,178.10270468136153,958.8,7.977889027951607,173.76968561485754,0.2748812702592119,0.0902887376250347,0.6348299921157533,1073,5.032618825722274,0.1560546132478611,0.2323919991613364,0.0457916801031925,1.8800511853501771,0.0007512572188682,0.0223671947809878,2521,0.0,0.9508131693772311,0.0,0.0,1.0,23384.23706419048,0.0,-9.68770328871914e-15,2.676196074648129e-13,0.0,0.0,0.0,0.0,,,0.0,450.0,51.964971253756616,0.0,0.0
optimal@10s+aware,2,450,2521,2403,0.953193177310591,0.0468068226894089,0.0154700515668385,0.0313367711225704,0.0,193.32941861347504,168.3330690321045,370.3957907594293,189.1326781694152,961.2,8.292550977944236,185.0368676355308,0.2665413496172751,0.0955440926117747,0.6379145577709501,1079,5.052826691380909,0.1459508804770618,0.2116740006022155,0.0513478818998716,2.55816248565666,0.0009987777229057,0.0305838739573679,2521,0.0,0.953193177310591,0.0,0.0,1.0,23515.009327583823,0.0,-8.583322243648006e-16,2.7397301147599025e-13,0.0,0.0,0.0,0.0,,,0.0,450.0,52.25557628351961,0.0,0.0
optimal@10s+aware,3,450,2521,2415,0.9579531931773104,0.0420468068226894,0.0138833796112653,0.028163427211424,0.0,182.0807680626349,151.8578045338718,366.1656872029878,179.16762258621938,966.0,8.873706004140788,173.20706205849407,0.2622091905685553,0.0918687642410254,0.6459220451904192,1096,4.893248175182482,0.1463271897777649,0.2106399986587347,0.05,1.37125063486476,0.0005716645073826,0.020985401459854,2521,0.0,0.9579531931773104,0.0,0.0,1.0,23709.94670133117,0.0,5.461860547460783e-15,2.67027233083363e-13,0.0,0.0,0.0,0.0,,,0.0,450.0,52.6887704474026,0.0,0.0
optimal@10s+aware,4,450,2521,2396,0.950416501388338,0.049583498611662,0.0166600555335184,0.0329234430781435,0.0,173.08990683535444,146.16726074827147,338.41669797089526,169.46144293539183,958.4,8.204090150250417,164.88581668510403,0.2723842436734756,0.0873148834999532,0.6403008728265712,1078,5.39517625231911,0.1499595547272642,0.2038230013931752,0.0511912427559562,2.778438981334203,0.0009906358094871,0.0269016697588126,2521,0.0,0.950416501388338,0.0,0.0,1.0,23491.81486049439,0.0,1.9461338495098736e-16,2.68650247660932e-13,0.0,0.0,0.0,0.0,,,0.0,450.0,52.20403302332086,0.0,0.0
optimal@10s+aware,5,450,2521,2402,0.9527965093216978,0.0472034906783022,0.0170567235224117,0.0301467671558905,0.0,181.0106325186223,148.04317462716517,367.2619296103388,179.30738083665463,960.8,8.810990840965863,172.19964167765644,0.2756908922821945,0.090835054291603,0.6334740534262024,1082,5.618299445471349,0.1473480591536697,0.2215559991964256,0.049291237113402,1.870377096870304,0.0006156158185937,0.0249537892791127,2521,0.0,0.9527965093216978,0.0,0.0,1.0,23376.899861884733,0.0,6.889275901536908e-15,2.696673719741404e-13,0.0,0.0,0.0,0.0,,,0.0,450.0,51.948666359743854,0.0,0.0
optimal@10s+aware,0,500,2521,2443,0.9690598968663228,0.0309401031336771,0.013486711622372,0.017453391511305,0.0,154.8577357633833,129.50083740808122,301.24618735515145,154.5161650499003,977.2,7.416700777732296,147.441034985651,0.341259184941427,0.0729499114619883,0.5857909035965847,1066,4.718574108818011,0.1542672607837499,0.236500000937667,0.0469302475088396,1.402190431026351,0.0006671358815568,0.0253283302063789,2521,0.0,0.9690598968663228,0.0,0.0,1.0,23879.6521566484,0.0,-3.0538858838844946e-15,2.7331934414371976e-13,0.0,0.0,0.0,0.0,,,0.0,500.0,47.7593043132968,0.0,0.0
optimal@10s+aware,1,500,2521,2432,0.9646965489884968,0.0353034510115033,0.0095200317334391,0.0257834192780642,0.0,158.6207469120162,134.45459675334905,302.7777243638722,156.65966061036175,972.8,6.959292763157895,151.6614541488583,0.3402707025240308,0.0741105664673219,0.5856187310086473,1060,4.284905660377358,0.1551756603836317,0.2239689998532413,0.0479386385426653,1.59358247256518,0.0009389628577532,0.0235849056603773,2521,0.0,0.9646965489884968,0.0,0.0,1.0,23871.6897860674,0.0,-4.913261866070891e-15,2.6835932507617816e-13,0.0,0.0,0.0,0.0,,,0.0,500.0,47.74337957213479,0.0,0.0
optimal@10s+aware,2,500,2521,2433,0.96509321697739,0.03490678302261,0.013486711622372,0.021420071400238,0.0,169.8088957533991,143.53177957487424,340.6683905524956,167.89730450208097,973.2,7.439786272092068,162.36910948130705,0.3397451532556387,0.0785697935908065,0.5816850531535546,1067,4.722586691658857,0.151047610143081,0.2230020015122135,0.0530690537084398,1.1647015924143695,0.0005428517881406,0.0206185567010309,2521,0.0,0.96509321697739,0.0,0.0,1.0,23821.182858492703,0.0,1.1208324308407485e-15,2.670816712057827e-13,0.0,0.0,0.0,0.0,,,0.0,500.0,47.6423657169854,0.0,0.0
optimal@10s+aware,3,500,2521,2445,0.9698532328441096,0.0301467671558905,0.0115033716779055,0.0186433954779849,0.0,160.80676128799465,135.36294019826892,319.4706264346921,159.45401406205198,978.0,7.270756646216768,153.53600464177788,0.3351144197278906,0.0752220015950407,0.5896635786770686,1062,4.28060263653484,0.1588016948311643,0.2265790006276808,0.0492012779552715,1.0845652860975263,0.0006413686929125,0.0225988700564971,2521,0.0,0.9698532328441096,0.0,0.0,1.0,23980.21864623257,0.0,3.0043225348987416e-15,2.6730092804032613e-13,0.0,0.0,0.0,0.0,,,0.0,500.0,47.96043729246514,0.0,0.0
optimal@10s+aware,4,500,2521,2422,0.9607298690995636,0.0392701309004363,0.0158667195557318,0.0234034113447044,0.0,155.65405492133266,128.62574064643013,303.5646200592571,154.4716839022902,968.8,7.262180016515277,148.3918749048174,0.3435595251182244,0.0726589469453583,0.5837815279364172,1068,4.811797752808989,0.1515539325951936,0.2231630003734607,0.04642166344294,1.188183552110243,0.000539880773865,0.0149812734082397,2521,0.0,0.9607298690995636,0.0,0.0,1.0,23750.159074016083,0.0,-5.148624897373463e-15,2.7076714574479455e-13,0.0,0.0,0.0,0.0,,,0.0,500.0,47.50031814803217,0.0,0.0
optimal@10s+aware,5,500,2521,2417,0.9587465291550972,0.0412534708449028,0.0166600555335184,0.0245934153113843,0.0,156.8091716059585,128.08617082304886,318.84226320099464,156.5488458810906,966.8,7.109226313611916,149.6999452923466,0.3523602975179117,0.0728693564326084,0.5747703460494799,1074,5.041899441340783,0.1568316572862128,0.2274269990812172,0.0507548988114359,0.9502137863180484,0.0003936370565197,0.015828677839851,2521,0.0,0.9587465291550972,0.0,0.0,1.0,23473.34664044306,0.0,-2.602088084835672e-15,2.67551920948364e-13,0.0,0.0,0.0,0.0,,,0.0,500.0,46.94669328088612,0.0,0.0
batched_greedy@30s+aware,0,300,2521,2033,0.8064260214200714,0.1935739785799286,0.1019436731455771,0.0916303054343514,0.0,342.07638896892263,325.0857629358261,534.3754387776587,308.161355076752,813.2,53.42203639940974,288.6543525695128,0.0370298060591733,0.164948454269268,0.7980217396715585,369,22.61517615176152,0.0846341464118457,0.2330999991681892,0.047351806383725,,,,2521,0.0,0.8064260214200714,0.0,0.0,1.0,19700.784020344527,0.0,-1.0347955754558371e-14,2.757162700588236e-13,0.0,0.0,0.0,0.0,,,0.0,300.0,65.66928006781508,0.0,0.0
batched_greedy@30s+aware,1,300,2521,2041,0.8095993653312178,0.1904006346687822,0.1074970249900833,0.0829036096786989,0.0,337.0690735578096,319.8052019608431,539.1470585334064,305.7207333059937,816.4,53.66585007349339,283.4032234843162,0.0351780251707869,0.1639420132617158,0.8008799615674971,367,22.84196185286104,0.0909978201249944,0.2362480008741836,0.0524842547235829,,,,2521,0.0,0.8095993653312178,0.0,0.0,1.0,19713.4058938194,0.0,-7.669405423221464e-15,2.758723077405077e-13,0.0,0.0,0.0,0.0,,,0.0,300.0,65.71135297939799,0.0,0.0
batched_greedy@30s+aware,2,300,2521,2025,0.803252677508925,0.1967473224910749,0.1217770725902419,0.074970249900833,0.0,343.4201251702403,330.233536566001,541.5709860771369,311.5903531862248,810.0,55.90024691358025,287.51987825666004,0.0413625737705998,0.1640853707848727,0.7945520554445273,368,24.046195652173918,0.0886293478090564,0.2378590007356251,0.0530249110320284,,,,2521,0.0,0.803252677508925,0.0,0.0,1.0,19650.366725700445,0.0,-6.489623653275582e-15,2.799871719931324e-13,0.0,0.0,0.0,0.0,,,0.0,300.0,65.50122241900148,0.0,0.0
batched_greedy@30s+aware,3,300,2521,2030,0.8052360174533915,0.1947639825466084,0.1114637048790162,0.0833002776675922,0.0,350.8725620214105,336.2004989252796,549.3582760202484,317.26796497973845,812.0,60.73891625615764,290.1336457652528,0.0320541232874908,0.163225769566278,0.8047201071462311,375,23.906666666666663,0.0857191999966744,0.2310100008617154,0.0539971949509116,,,,2521,0.0,0.8052360174533915,0.0,0.0,1.0,19886.37433654965,0.0,-8.569390408003277e-15,2.7236625653261273e-13,0.0,0.0,0.0,0.0,,,0.0,300.0,66.28791445516549,0.0,0.0
batched_greedy@30s+aware,4,300,2521,2011,0.7976993256644189,0.2023006743355811,0.113843712812376,0.088456961523205,0.0,353.0426816433051,340.38359424911687,547.8449605317,316.3485540490089,804.4,63.08751864743908,289.95516299586603,0.0315817294723748,0.1638483228467462,0.8045699476808789,368,25.29076086956522,0.0878336955971146,0.2423569988604866,0.0529848110208406,,,,2521,0.0,0.7976993256644189,0.0,0.0,1.0,19688.93048521851,0.0,1.5988094874761081e-15,2.732109251250609e-13,0.0,0.0,0.0,0.0,,,0.0,300.0,65.6297682840617,0.0,0.0
batched_greedy@30s+aware,5,300,2521,2034,0.8068226894089647,0.1931773105910353,0.1023403411344704,0.0908369694565648,0.0,332.88624392202547,315.666924758516,526.8497376456793,301.29483093245983,813.6,49.855948869223205,283.0302950528022,0.0339083834568585,0.163637184062367,0.8024544324807743,368,22.375,0.087816847850342,0.2273239996065965,0.0520614954577218,,,,2521,0.0,0.8068226894089647,0.0,0.0,1.0,19648.21069959615,0.0,4.371025556144668e-15,2.7091712463480393e-13,0.0,0.0,0.0,0.0,,,0.0,300.0,65.49403566532051,0.0,0.0
batched_greedy@30s+aware,0,350,2521,2259,0.8960729869099564,0.1039270130900436,0.0384767949226497,0.0654502181673939,0.0,271.2929564684244,245.25291015409312,481.9678167555627,256.2050853359528,903.6,28.554227534307216,242.73872893411715,0.091872505585836,0.1444088961090072,0.7637185983051566,366,14.297814207650273,0.1057251366481943,0.2464799999870594,0.050098879367172,,,,2521,0.0,0.8960729869099564,0.0,0.0,1.0,21966.96829791958,0.0,-1.3783082196107832e-14,2.772154646900428e-13,0.0,0.0,0.0,0.0,,,0.0,350.0,62.76276656548451,0.0,0.0
batched_greedy@30s+aware,1,350,2521,2221,0.8809996033320111,0.1190003966679889,0.0472034906783022,0.0717969059896866,0.0,267.441742066037,241.9244708117576,477.5807964594014,251.79804052657587,888.4,30.371004052228727,237.0707380138083,0.107186182971044,0.1374659756828737,0.7553478413460823,364,15.167582417582418,0.1127387363989588,0.257864997802244,0.0471291072021241,,,,2521,0.0,0.8809996033320111,0.0,0.0,1.0,21591.80198155164,0.0,-1.1895832260612168e-14,2.695043647951759e-13,0.0,0.0,0.0,0.0,,,0.0,350.0,61.69086280443326,0.0,0.0
batched_greedy@30s+aware,2,350,2521,2255,0.8944863149543831,0.1055136850456168,0.0380801269337564,0.0674335581118603,0.0,284.50537730691804,259.02047085923186,499.44077152760445,266.86768286779954,902.0,33.846563192904654,250.65881411401332,0.092607427722287,0.1465433399203229,0.76084923235739,366,15.275956284153006,0.1098057376514246,0.2612799982671276,0.0484828496042216,,,,2521,0.0,0.8944863149543831,0.0,0.0,1.0,21949.616475860552,0.0,-3.596827196763434e-15,2.7037647804316985e-13,0.0,0.0,0.0,0.0,,,0.0,350.0,62.71318993103014,0.0,0.0
batched_greedy@30s+aware,3,350,2521,2237,0.8873462911543039,0.1126537088456961,0.0400634668782229,0.0725902419674732,0.0,273.3982755139629,251.16342574939333,482.36662996054974,255.7527890874036,894.8,28.94859186410371,244.4496836498592,0.0949120429233853,0.1440902506063773,0.7609977064702373,369,14.159891598915989,0.1063867208028438,0.2498640002158935,0.0479180436219431,,,,2521,0.0,0.8873462911543039,0.0,0.0,1.0,21864.898279130044,0.0,-1.4730182999943965e-15,2.6837122897984163e-13,0.0,0.0,0.0,0.0,,,0.0,350.0,62.47113794037156,0.0,0.0
batched_greedy@30s+aware,4,350,2521,2242,0.8893296310987703,0.1106703689012296,0.0333201110670368,0.0773502578341927,0.0,273.0357281993755,252.82744846131072,478.0568840609584,254.9753948956528,896.8,28.603479036574488,244.43224916280104,0.0885408170823982,0.1440192707710356,0.7674399121465661,366,14.37704918032787,0.1086631145781857,0.2786249991913792,0.0476816836566918,,,,2521,0.0,0.8893296310987703,0.0,0.0,1.0,21936.31961854389,0.0,4.384638157556194e-15,2.746745243781986e-13,0.0,0.0,0.0,0.0,,,0.0,350.0,62.6751989101254,0.0,0.0
batched_greedy@30s+aware,5,350,2521,2244,0.8901229670765569,0.109877032923443,0.0432368107893693,0.0666402221340737,0.0,258.6584184547257,237.051453008482,462.88814980027325,245.42176123686784,897.6,28.35338680926916,230.30503164545655,0.1043921986930188,0.1373588773143756,0.7582489239926056,369,14.742547425474257,0.1156999999355981,0.2585199994791765,0.0449101796407185,,,,2521,0.0,0.8901229670765569,0.0,0.0,1.0,21859.261220305318,0.0,1.96238351375812e-14,2.709086668601912e-13,0.0,0.0,0.0,0.0,,,0.0,350.0,62.45503205801519,0.0,0.0
batched_greedy@30s+aware,0,400,2521,2385,0.9460531535105116,0.0539468464894883,0.0178500595001983,0.0360967869892899,0.0,216.18175566118285,192.3803106124742,405.42261772926446,211.01109636262208,954.0,20.22767295597484,195.95408270520795,0.1799941377103583,0.1126986572246476,0.7073072050649939,364,11.31868131868132,0.1413917581665593,0.2847949995339149,0.0510171133354859,,,,2521,0.0,0.9460531535105116,0.0,0.0,1.0,23246.85855285594,0.0,-1.3905485195640537e-15,2.7284170729852226e-13,0.0,0.0,0.0,0.0,,,0.0,400.0,58.11714638213986,0.0,0.0
batched_greedy@30s+aware,1,400,2521,2317,0.9190797302657676,0.0809202697342324,0.0289567631892106,0.0519635065450218,0.0,222.7454212295304,195.95407347424225,427.397749971278,215.29177071444812,926.8,21.659905049633142,201.08551617989727,0.1935357703117541,0.111057385415612,0.6954068442726337,364,12.217032967032967,0.1354554944935064,0.2774779990795651,0.0472928897586431,,,,2521,0.0,0.9190797302657676,0.0,0.0,1.0,22743.924985686423,0.0,-1.0438492251555508e-14,2.637307243066151e-13,0.0,0.0,0.0,0.0,,,0.0,400.0,56.85981246421607,0.0,0.0
batched_greedy@30s+aware,2,400,2521,2345,0.9301864339547798,0.0698135660452201,0.0253867512891709,0.0444268147560491,0.0,235.3711484780491,207.4739893262231,443.3038852870421,227.34454733358933,938.0,24.773560767590617,210.5975877104584,0.1870934234675367,0.1167240693886157,0.6961825071438476,369,12.501355013550135,0.1307658536328434,0.2708920005534309,0.0540453074433657,,,,2521,0.0,0.9301864339547798,0.0,0.0,1.0,22868.86270882536,0.0,1.8607243204186737e-15,2.7064491372965654e-13,0.0,0.0,0.0,0.0,,,0.0,400.0,57.17215677206339,0.0,0.0
batched_greedy@30s+aware,3,400,2521,2351,0.9325664418881396,0.0674335581118603,0.0234034113447044,0.0440301467671558,0.0,222.7154417884745,193.93532840296805,423.1967946079421,215.78479410605703,940.4,24.24415142492556,198.4712903635489,0.1838216482716206,0.1111486137172863,0.705029738011093,368,12.089673913043478,0.1269070653210213,0.2551980017597088,0.0471238219044523,,,,2521,0.0,0.9325664418881396,0.0,0.0,1.0,23118.104386957,0.0,-5.100131291344828e-15,2.675717769191028e-13,0.0,0.0,0.0,0.0,,,0.0,400.0,57.7952609673925,0.0,0.0
batched_greedy@30s+aware,4,400,2521,2355,0.9341531138437128,0.0658468861562871,0.0222134073780245,0.0436334787782626,0.0,215.22515639731523,192.53176033543605,395.90643291902194,209.01974735174477,942.0,20.82632696390658,194.39882943340865,0.1839598446506135,0.1109998892767663,0.70504026607262,365,11.972602739726028,0.128908493166968,0.3005679995112589,0.0474642392717815,,,,2521,0.0,0.9341531138437128,0.0,0.0,1.0,23033.147085013235,0.0,-1.2277228066453578e-14,2.7289970236418393e-13,0.0,0.0,0.0,0.0,,,0.0,400.0,57.58286771253309,0.0,0.0
batched_greedy@30s+aware,5,400,2521,2336,0.9266164220547402,0.0733835779452598,0.0301467671558905,0.0432368107893693,0.0,220.8868685646858,191.27483840878995,421.93231619133394,214.96375879872735,934.4,22.825770547945204,198.0610980167406,0.1942822130797832,0.1119477682098746,0.6937700187103422,364,12.766483516483516,0.1399024725657539,0.314877001583227,0.0499673416067929,,,,2521,0.0,0.9266164220547402,0.0,0.0,1.0,22758.9576127705,0.0,3.646436273173823e-15,2.7223067787841665e-13,0.0,0.0,0.0,0.0,,,0.0,400.0,56.89739403192625,0.0,0.0
batched_greedy@30s+aware,0,450,2521,2411,0.9563665212217374,0.0436334787782626,0.0178500595001983,0.0257834192780642,0.0,183.9948382112169,154.92476497708003,343.4914553705857,182.40700308661124,964.4,19.698465367067605,164.29637284414923,0.27261176067408,0.087443011982852,0.6399452273430679,363,11.030303030303031,0.1561231405573503,0.3046980008366518,0.0499677627337201,,,,2521,0.0,0.9563665212217374,0.0,0.0,1.0,23539.041603088328,0.0,-6.35592320744292e-15,2.6652552233056853e-13,0.0,0.0,0.0,0.0,,,0.0,450.00000000000006,52.30898134019627,0.0,0.0
batched_greedy@30s+aware,1,450,2521,2391,0.9484331614438716,0.0515668385561285,0.0182467274890916,0.0333201110670368,0.0,189.86864090376383,162.03887848090835,367.1680876770715,186.0196722236869,956.4,19.59431200334588,170.27432890041797,0.2772200308693318,0.0883883238544193,0.6343916452762489,362,10.837016574585636,0.1603900551314701,0.3236949997517511,0.0459249676584734,,,,2521,0.0,0.9484331614438716,0.0,0.0,1.0,23418.687792258384,0.0,-1.2989284354188261e-14,2.676353492652346e-13,0.0,0.0,0.0,0.0,,,0.0,450.0,52.041528427240856,0.0,0.0
batched_greedy@30s+aware,2,450,2521,2404,0.9535898452994844,0.0464101547005156,0.0162633875446251,0.0301467671558905,0.0,203.80539496402173,176.53416178517205,395.99709989083954,199.758506070371,961.6,21.419717138103163,182.38567782591855,0.2693712961472925,0.0940733595563669,0.6365553442963406,365,11.145205479452056,0.1436298630660406,0.3207880019908773,0.0495814552479072,,,,2521,0.0,0.9535898452994844,0.0,0.0,1.0,23528.4847850251,0.0,-7.942158670419581e-15,2.6917338759108063e-13,0.0,0.0,0.0,0.0,,,0.0,450.0,52.285521744500215,0.0,0.0
batched_greedy@30s+aware,3,450,2521,2415,0.9579531931773104,0.0420468068226894,0.0158667195557318,0.0261800872669575,0.0,193.04068346924248,161.92657408540254,378.8143613306146,190.30908318499792,966.0,20.770186335403725,172.27049713383877,0.2678590800107914,0.0903366121810667,0.6418043078081419,367,10.727520435967303,0.161238419623904,0.3341359986370661,0.0451758631816715,,,,2521,0.0,0.9579531931773104,0.0,0.0,1.0,23674.58063758411,0.0,-3.1836277345684904e-15,2.698353847701623e-13,0.0,0.0,0.0,0.0,,,0.0,450.0,52.61017919463135,0.0,0.0
batched_greedy@30s+aware,4,450,2521,2392,0.9488298294327648,0.0511701705672352,0.0190400634668782,0.032130107100357,0.0,183.68049249337025,159.61363316275026,338.66648576888684,180.4526360001753,956.8,18.482859531772576,165.19763296159763,0.2755328541605843,0.0875319807187818,0.6369351651206339,362,11.058011049723756,0.1609046960449571,0.3288079976846346,0.0442132639791937,,,,2521,0.0,0.9488298294327648,0.0,0.0,1.0,23371.080053480026,0.0,-4.394478092454424e-15,2.6953467328740866e-13,0.0,0.0,0.0,0.0,,,0.0,450.0,51.93573345217783,0.0,0.0
batched_greedy@30s+aware,5,450,2521,2402,0.9527965093216978,0.0472034906783022,0.0198333994446648,0.0273700912336374,0.0,184.7756535229284,154.96869787924584,360.20790928494324,183.3810964880917,960.8,19.45628642797669,165.31936709495173,0.2776915100489928,0.0878312443961083,0.6344772455548988,366,11.169398907103826,0.1613360657016339,0.3358249994562359,0.0472797927461139,,,,2521,0.0,0.9527965093216978,0.0,0.0,1.0,23432.95111048895,0.0,-2.8278101481298664e-15,2.732692645579451e-13,0.0,0.0,0.0,0.0,,,0.0,450.0,52.07322468997545,0.0,0.0
batched_greedy@30s+aware,0,500,2521,2436,0.9662832209440698,0.0337167790559301,0.0138833796112653,0.0198333994446648,0.0,168.03442795855807,140.52699094521768,314.50389988272127,166.87451358080202,974.4,19.35919540229885,148.6752325562592,0.3401458263836101,0.0731109875274629,0.586743186088927,369,10.32520325203252,0.1790647696424307,0.3562999986752401,0.0484751203852327,,,,2521,0.0,0.9662832209440698,0.0,0.0,1.0,23840.9879135973,0.0,8.180306459582612e-15,2.6459948536187404e-13,0.0,0.0,0.0,0.0,,,0.0,500.0,47.6819758271946,0.0,0.0
batched_greedy@30s+aware,1,500,2521,2429,0.9635065450218168,0.0364934549781832,0.0126933756445854,0.0238000793335977,0.0,168.51028922077188,143.8133222728247,320.0407986458562,166.89507959943435,971.6,17.821325648414987,150.6889635723569,0.3419554134663762,0.0734612448830821,0.5845833416505417,360,10.052777777777775,0.1657586110822093,0.3317509998669266,0.0456298200514138,,,,2521,0.0,0.9635065450218168,0.0,0.0,1.0,23831.22365913273,0.0,-1.0190992645163076e-14,2.724884724793211e-13,0.0,0.0,0.0,0.0,,,0.0,500.0,47.66244731826546,0.0,0.0
batched_greedy@30s+aware,2,500,2521,2434,0.9654898849662832,0.0345101150337167,0.013486711622372,0.0210234034113447,0.0,179.01096317066816,151.3626371178971,346.2062432993055,177.20667230170346,973.6,18.858668857847164,160.152294312821,0.3420315681728559,0.0767082215921442,0.5812602102349997,364,10.417582417582418,0.1681909340762074,0.3310729990334948,0.0494223363286264,,,,2521,0.0,0.9654898849662832,0.0,0.0,1.0,23821.34083810456,0.0,-1.073800958677614e-15,2.6902307187378953e-13,0.0,0.0,0.0,0.0,,,0.0,500.0,47.64268167620912,0.0,0.0
batched_greedy@30s+aware,3,500,2521,2441,0.9682665608885362,0.0317334391114637,0.0111067036890122,0.0206267354224514,0.0,171.0922096846711,144.0747232208505,320.1239931057062,169.4840717077443,976.4,18.811142974190904,152.2810667104802,0.3385052594927564,0.0739059380400608,0.5875888024671827,362,10.041436464088395,0.1697146409186849,0.358178001079068,0.0467648942985265,,,,2521,0.0,0.9682665608885362,0.0,0.0,1.0,23956.640273175995,0.0,-1.07861282380113e-15,2.704677940031722e-13,0.0,0.0,0.0,0.0,,,0.0,500.0,47.913280546351984,0.0,0.0
batched_greedy@30s+aware,4,500,2521,2420,0.9599365331217772,0.0400634668782229,0.0182467274890916,0.0218167393891313,0.0,168.3153987571301,141.73346886728177,318.7952855291021,167.09656713977645,968.0,18.353719008264463,149.96167974886566,0.34451762121367,0.0727756671248034,0.5827067116615265,361,10.617728531855956,0.1736462603972475,0.3423999994993209,0.0493071221398646,,,,2521,0.0,0.9599365331217772,0.0,0.0,1.0,23751.610676052245,0.0,-5.8652577744117636e-15,2.692266749299148e-13,0.0,0.0,0.0,0.0,,,0.0,500.0,47.5032213521045,0.0,0.0
batched_greedy@30s+aware,5,500,2521,2420,0.9599365331217772,0.0400634668782229,0.0182467274890916,0.0218167393891313,0.0,167.99118299485542,138.3057104759937,330.5911841540588,167.79949329148735,968.0,18.61487603305785,149.37630696179758,0.3510471288013013,0.0724677963993927,0.576485074799306,362,10.831491712707182,0.173447237585048,0.3279659987310878,0.053897978825794,,,,2521,0.0,0.9599365331217772,0.0,0.0,1.0,23601.145535742056,0.0,-3.566132696763429e-15,2.7220120097320493e-13,0.0,0.0,0.0,0.0,,,0.0,500.0,47.20229107148411,0.0,0.0
optimal@30s+aware,0,300,2521,2050,0.8131693772312575,0.1868306227687425,0.1007536691788972,0.0860769535898453,0.0,347.9012973171462,335.4814277672258,539.128719450053,315.1345149998982,820.0,53.81414634146341,294.0871509756828,0.0289098131527412,0.1694173876742709,0.8016727991729878,375,22.30133333333333,0.1813997333132041,0.2553760007867822,0.0499301675977653,57.26437918096959,0.0035818174346832,0.3386666666666666,2521,0.0,0.8131693772312575,0.0,0.0,1.0,19770.48791086835,0.0,1.5770582671748566e-14,2.76106508929998e-13,0.0,0.0,0.0,0.0,,,0.0,300.0,65.90162636956117,0.0,0.0
optimal@30s+aware,1,300,2521,2021,0.8016660055533519,0.1983339944466481,0.1039270130900436,0.0944069813566045,0.0,341.92040678996057,333.0703398188075,534.1177044410433,306.47559694754887,808.4,51.262246412667,290.6581603772936,0.0330300731803433,0.167495251047634,0.7994746757720226,370,22.04054054054054,0.1776613512275444,0.2407000003950088,0.0476691202243252,51.98241670840533,0.0033120709067303,0.3513513513513513,2521,0.0,0.8016660055533519,0.0,0.0,1.0,19700.720132305494,0.0,-4.6197583116713086e-15,2.693452696020845e-13,0.0,0.0,0.0,0.0,,,0.0,300.0,65.66906710768498,0.0,0.0
optimal@30s+aware,2,300,2521,2035,0.807219357397858,0.192780642602142,0.1162237207457358,0.0765569218564061,0.0,359.7937587535328,348.4371226669691,548.701627963096,324.2145244821308,814.0,60.7012285012285,299.09253025230424,0.0251749749123662,0.1699261718031249,0.8048988532845088,366,24.540983606557376,0.1810841530358197,0.2478099997460959,0.0503010981225646,55.00101456730999,0.003054671498498,0.3224043715846995,2521,0.0,0.807219357397858,0.0,0.0,1.0,19809.0463175028,0.0,-9.244911688495358e-15,2.7189956537982535e-13,0.0,0.0,0.0,0.0,,,0.0,300.0,66.03015439167599,0.0,0.0
optimal@30s+aware,3,300,2521,2032,0.8060293534311781,0.1939706465688219,0.1110670368901229,0.0829036096786989,0.0,357.9227738302212,346.82643624045386,548.8017866139444,321.1288845496855,812.8,62.124015748031496,295.79875808218964,0.026725985637224,0.1662251446660327,0.807048869696743,369,24.013550135501355,0.1853699186910038,0.256760000338545,0.0532585844428871,53.11066395919187,0.003042892116539,0.3441734417344173,2521,0.0,0.8060293534311781,0.0,0.0,1.0,19949.377623128177,0.0,8.433324030361326e-15,2.782210157797063e-13,0.0,0.0,0.0,0.0,,,0.0,300.0,66.49792541042726,0.0,0.0
optimal@30s+aware,4,300,2521,2020,0.8012693375644585,0.1987306624355414,0.1146370487901626,0.0840936136453788,0.0,349.8985490575092,339.40283247308435,529.7459447443616,313.98502884956554,808.0,56.57623762376237,293.3223114337468,0.032201587186283,0.1677238889803241,0.8000745238333928,368,23.907608695652176,0.1784801630077234,0.2445270005773636,0.045567817728729,44.781792147976354,0.0025713457575921,0.328804347826087,2521,0.0,0.8012693375644585,0.0,0.0,1.0,19602.70318964769,0.0,-7.998002700170931e-15,2.7371108679893376e-13,0.0,0.0,0.0,0.0,,,0.0,300.0,65.3423439654923,0.0,0.0
optimal@30s+aware,5,300,2521,2024,0.8028560095200318,0.1971439904799682,0.1007536691788972,0.096390321301071,0.0,338.4962092838769,332.71991117988955,521.0197168222026,304.2670508357233,809.6,47.02272727272727,291.4734820111496,0.0281973551852021,0.1688485602119352,0.8029540846028626,368,21.78804347826087,0.1789220108766249,0.2667109998219529,0.0500525026251312,63.72314828175543,0.0041308665749274,0.3532608695652174,2521,0.0,0.8028560095200318,0.0,0.0,1.0,19659.775898571967,0.0,-7.027316804880339e-15,2.704090794056783e-13,0.0,0.0,0.0,0.0,,,0.0,300.0,65.53258632857323,0.0,0.0
optimal@30s+aware,0,350,2521,2259,0.8960729869099564,0.1039270130900436,0.0353034510115033,0.0686235620785402,0.0,278.2959243529335,255.01843450114572,480.5288997556317,261.9265809339026,903.6,29.210712704736608,249.08521164819692,0.0882941480139574,0.1472924172472738,0.7644134347387687,367,14.253405994550407,0.1696237056597474,0.2303679979377192,0.0502628120893561,38.87748121293112,0.0049478296689861,0.326975476839237,2521,0.0,0.8960729869099564,0.0,0.0,1.0,21975.09749026668,0.0,-1.0294848933788436e-14,2.7565378045673213e-13,0.0,0.0,0.0,0.0,,,0.0,350.0,62.785992829333374,0.0,0.0
optimal@30s+aware,1,350,2521,2238,0.8877429591431971,0.1122570408568028,0.0432368107893693,0.0690202300674335,0.0,275.60209126146526,254.49781843042365,477.31184499099,258.9826498013725,895.2,29.219839142091157,246.38225211937404,0.0979415855662913,0.1446629264525811,0.7573954879811274,367,14.435967302452315,0.1732732970934464,0.2524859991535776,0.0463422707712677,38.14988865995944,0.004745860186592,0.2997275204359673,2521,0.0,0.8877429591431971,0.0,0.0,1.0,21753.151906052462,0.0,7.814223898076617e-16,2.741578188777045e-13,0.0,0.0,0.0,0.0,,,0.0,350.0,62.151862588721336,0.0,0.0
optimal@30s+aware,2,350,2521,2258,0.895676318921063,0.1043236810789369,0.0345101150337167,0.0698135660452201,0.0,288.1968694209317,274.9810576421046,485.4505370023071,270.07995492326165,903.2,29.848538529672275,258.3483308912594,0.0842598422183278,0.1521120084014304,0.7636281493802417,367,14.316076294277927,0.1830861034319509,0.2846280005178385,0.0582303188028627,50.16363721117924,0.006255410895201,0.3542234332425068,2521,0.0,0.895676318921063,0.0,0.0,1.0,22038.489189791897,0.0,5.840422132731381e-15,2.6983159334510613e-13,0.0,0.0,0.0,0.0,,,0.0,350.0,62.96711197083399,0.0,0.0
optimal@30s+aware,3,350,2521,2259,0.8960729869099564,0.1039270130900436,0.0360967869892899,0.0678302261007536,0.0,276.7022931305321,257.39024390885425,470.1127706946507,260.13056775411405,903.6,27.0796812749004,249.62261185563176,0.0822337960048316,0.1483773775563738,0.7693888264387945,372,13.422043010752688,0.1757548386380495,0.2554610004153801,0.0445544554455445,49.40038035839457,0.0068503878261178,0.3198924731182795,2521,0.0,0.8960729869099564,0.0,0.0,1.0,22209.212082082064,0.0,2.403075033734912e-15,2.702106896898757e-13,0.0,0.0,0.0,0.0,,,0.0,350.0,63.454891663091615,0.0,0.0
optimal@30s+aware,4,350,2521,2256,0.8948829829432765,0.1051170170567235,0.0297500991669972,0.0753669178897263,0.0,276.4508221476456,257.32881294992467,474.5520520121936,258.7515730778465,902.4,27.12101063829787,249.3298115093477,0.0879503268970882,0.1485742756197347,0.7634753974831769,366,13.923497267759563,0.1763254099710312,0.2670700016096818,0.0494109947643979,47.219617416098586,0.0062388335848183,0.3469945355191257,2521,0.0,0.8948829829432765,0.0,0.0,1.0,21919.601238752184,0.0,1.0422710763803686e-14,2.751660207805889e-13,0.0,0.0,0.0,0.0,,,0.0,350.0,62.62743211072053,0.0,0.0
optimal@30s+aware,5,350,2521,2257,0.8952796509321698,0.1047203490678302,0.0400634668782229,0.0646568821896073,0.0,266.1882097813745,243.97114771371523,469.8939134157709,252.5431234733976,902.8,26.6189632255206,239.5692465558539,0.0932587228156746,0.142915848190599,0.7638254289937263,367,14.291553133514986,0.1809618529812585,0.2559639988612615,0.0498349834983498,40.13057140876641,0.0051378324242216,0.3024523160762943,2521,0.0,0.8952796509321698,0.0,0.0,1.0,21989.812377806647,0.0,1.2913020232184276e-14,2.726420477656885e-13,0.0,0.0,0.0,0.0,,,0.0,350.0,62.82803536516185,0.0,0.0
optimal@30s+aware,0,400,2521,2379,0.943673145577152,0.056326854422848,0.0194367314557715,0.0368901229670765,0.0,218.3501016117292,195.50060666422544,402.9942617274963,213.03090416261512,951.6,20.255569567044976,198.09453204468417,0.1796024805747587,0.1132433911350292,0.7071541282902121,367,11.30517711171662,0.1811768392694743,0.2758900007029292,0.0510665804783451,22.5145123643716,0.0050059944863237,0.2316076294277929,2521,0.0,0.943673145577152,0.0,0.0,1.0,23196.12483849069,0.0,1.3619482450887166e-15,2.709336188215136e-13,0.0,0.0,0.0,0.0,,,0.0,400.0,57.99031209622673,0.0,0.0
optimal@30s+aware,1,400,2521,2335,0.9262197540658468,0.0737802459341531,0.0253867512891709,0.0483934946449821,0.0,226.920344545744,201.3102406651983,422.0968950668132,219.34331067457063,934.0,21.928051391862954,204.99229315388104,0.1881585589345627,0.1146161903730333,0.6972252506924039,368,11.869565217391305,0.1750491847498937,0.2535790004912995,0.0505508749189889,23.856063705832906,0.0046182165577965,0.217391304347826,2521,0.0,0.9262197540658468,0.0,0.0,1.0,22863.98294657554,0.0,-1.843873614345335e-15,2.685796386624632e-13,0.0,0.0,0.0,0.0,,,0.0,400.0,57.159957366438846,0.0,0.0
optimal@30s+aware,2,400,2521,2358,0.9353431178103928,0.0646568821896073,0.0202300674335581,0.0444268147560491,0.0,235.12436260423323,215.36797883879265,428.3014223855322,226.84693658155263,943.2,22.539016115351995,212.58534648888124,0.1805322022830764,0.1184671148407888,0.7010006828761348,365,11.852054794520548,0.1737953425617888,0.2472200007468928,0.0482825664290343,29.55360303441363,0.0057158134539772,0.2630136986301369,2521,0.0,0.9353431178103928,0.0,0.0,1.0,23000.90480182964,0.0,-7.13424230633173e-15,2.6800670814652335e-13,0.0,0.0,0.0,0.0,,,0.0,400.0,57.50226200457409,0.0,0.0
optimal@30s+aware,3,400,2521,2364,0.9377231257437524,0.0622768742562475,0.0218167393891313,0.0404601348671162,0.0,225.99099931967564,197.357132830854,423.493925659624,218.69103320230695,945.6,23.197123519458543,202.79387580021708,0.1800295203110573,0.1147947680325057,0.705175711656437,367,11.5858310626703,0.1839752042985981,0.2598340018448652,0.0519354838709677,21.878878547085257,0.0045381139335578,0.220708446866485,2521,0.0,0.9377231257437524,0.0,0.0,1.0,23157.90530018396,0.0,1.473534586321443e-15,2.679345746961873e-13,0.0,0.0,0.0,0.0,,,0.0,400.0,57.8947632504599,0.0,0.0
optimal@30s+aware,4,400,2521,2367,0.9389131297104324,0.0610868702895676,0.0226100753669178,0.0384767949226497,0.0,219.42097135048635,195.6599637841373,395.793084140622,213.6576243026317,946.8,21.601182931981413,197.8197884185049,0.1765011850584162,0.113213042341114,0.7102857726004698,365,12.068493150684931,0.1829476712697364,0.2630000025965274,0.0520867033322549,27.35977182522299,0.0053056788761932,0.2575342465753424,2521,0.0,0.9389131297104324,0.0,0.0,1.0,23234.42240975389,0.0,1.5442747301545693e-15,2.720713388422473e-13,0.0,0.0,0.0,0.0,,,0.0,400.0,58.08605602438473,0.0,0.0
optimal@30s+aware,5,400,2521,2350,0.9321697738992464,0.0678302261007536,0.0238000793335977,0.0440301467671558,0.0,219.81747916062463,192.31948843965165,408.56288552791256,213.84984529563937,940.0,22.513617021276595,197.303862139348,0.1905267774831199,0.1111510355263017,0.6983221869905784,365,12.38082191780822,0.1861879451671609,0.2685439998458606,0.0500162390386489,27.057048878115147,0.0049303189420383,0.2465753424657534,2521,0.0,0.9321697738992464,0.0,0.0,1.0,22882.93448791484,0.0,8.098864368742184e-15,2.719906569474064e-13,0.0,0.0,0.0,0.0,,,0.0,400.0,57.2073362197871,0.0,0.0
optimal@30s+aware,0,450,2521,2422,0.9607298690995636,0.0392701309004363,0.0182467274890916,0.0210234034113447,0.0,184.8057888684548,157.32199150617453,347.8405380778159,183.51764549751528,968.8,19.43682906688687,165.36895980156794,0.2686736465905143,0.0877547855627572,0.6435715678467285,362,10.914364640883978,0.1887046960919731,0.2669429986053725,0.0509020618556701,19.29589524242666,0.0052189342148485,0.2099447513812154,2521,0.0,0.9607298690995636,0.0,0.0,1.0,23680.74092869976,0.0,2.0499245937752682e-16,2.723678700689656e-13,0.0,0.0,0.0,0.0,,,0.0,450.0,52.6238687304439,0.0,0.0
optimal@30s+aware,1,450,2521,2389,0.9476398254660848,0.0523601745339151,0.017453391511305,0.03490678302261,0.0,189.2215199625101,163.12194869402356,363.1864340445441,185.5310186517341,955.6,19.179573043114274,170.04194691939583,0.2784939872738345,0.0883830453095293,0.6331229674166361,366,10.691256830601093,0.1973702185010363,0.3150599985019654,0.0483558994197292,19.65612582527425,0.0054071204939914,0.2076502732240437,2521,0.0,0.9476398254660848,0.0,0.0,1.0,23348.88162567214,0.0,-1.6841558146678811e-16,2.68975298292133e-13,0.0,0.0,0.0,0.0,,,0.0,450.00000000000006,51.886403612604745,0.0,0.0
optimal@30s+aware,2,450,2521,2416,0.958349861166204,0.0416501388337961,0.0138833796112653,0.0277667592225307,0.0,204.2544385052809,178.2110288544668,384.9207110148259,200.530945173666,966.4,20.63700331125828,183.61743519402265,0.2643503364518706,0.0955288100610889,0.6401208534870404,364,10.87912087912088,0.1897928571222339,0.2899609993983176,0.0509942270686337,28.035201633106627,0.0072343337932403,0.2637362637362637,2521,0.0,0.958349861166204,0.0,0.0,1.0,23715.97026642221,0.0,-1.1161785256181787e-14,2.7244395113727833e-13,0.0,0.0,0.0,0.0,,,0.0,450.0,52.702156147604896,0.0,0.0
optimal@30s+aware,3,450,2521,2419,0.9595398651328838,0.0404601348671162,0.0154700515668385,0.0249900833002776,0.0,192.3838562826738,163.4946261444502,369.7463548597551,190.11996988666664,967.6,20.38280281107896,172.00105347159484,0.2642770938505421,0.0908119068101834,0.6449109993392745,367,10.689373297002724,0.1880272479804152,0.2657699997507734,0.0470057952350289,19.97073009625397,0.005507680768613,0.2070844686648501,2521,0.0,0.9595398651328838,0.0,0.0,1.0,23730.468647832167,0.0,-3.493393163739401e-15,2.646299650863121e-13,0.0,0.0,0.0,0.0,,,0.0,450.0,52.73437477296037,0.0,0.0
optimal@30s+aware,4,450,2521,2400,0.9520031733439112,0.0479968266560888,0.0178500595001983,0.0301467671558905,0.0,185.20317559644565,162.9420064167225,345.63278229291336,181.88191859216568,960.0,18.71875,166.48442559644565,0.2720909945760611,0.0883405601455663,0.6395684452783725,365,10.884931506849314,0.1896326027073808,0.2637439995305613,0.0546097012528108,17.32049981323587,0.0046725004270573,0.2246575342465753,2521,0.0,0.9520031733439112,0.0,0.0,1.0,23449.178263513044,0.0,-1.2501111257279262e-15,2.656563857783568e-13,0.0,0.0,0.0,0.0,,,0.0,450.0,52.10928503002899,0.0,0.0
optimal@30s+aware,5,450,2521,2409,0.9555731852439509,0.0444268147560491,0.0206267354224514,0.0238000793335977,0.0,185.3191831316277,154.11044190759094,360.9489940117392,184.7751076372418,963.6,19.22249896222499,166.09668416940272,0.2745868869522299,0.0883992308009628,0.6370138822468072,369,11.113821138211382,0.1895764227840591,0.2638840013241861,0.0485436893203883,17.659327594899448,0.0043935462493162,0.1897018970189702,2521,0.0,0.9555731852439509,0.0,0.0,1.0,23539.12647408282,0.0,7.12178805389581e-15,2.719819204042244e-13,0.0,0.0,0.0,0.0,,,0.0,450.0,52.30916994240626,0.0,0.0
optimal@30s+aware,0,500,2521,2441,0.9682665608885362,0.0317334391114637,0.0130900436334787,0.0186433954779849,0.0,169.02043763351566,140.50926237920066,324.45501265016674,168.0189522385879,976.4,19.29127406800492,149.72916356551073,0.3408196106909136,0.0730903031459816,0.5860900861631047,361,10.518005540166206,0.1951775622345801,0.2602200009278022,0.0523961661341853,12.741712486633151,0.0041013240395854,0.1440443213296399,2521,0.0,0.9682665608885362,0.0,0.0,1.0,23926.860059203325,0.0,-3.759362524043614e-15,2.687530884259547e-13,0.0,0.0,0.0,0.0,,,0.0,500.0,47.853720118406656,0.0,0.0
optimal@30s+aware,1,500,2521,2429,0.9635065450218168,0.0364934549781832,0.0111067036890122,0.0253867512891709,0.0,165.7890715427653,140.97820354648684,314.67654038534926,163.9679678768641,971.6,17.72004940304652,148.06902213971878,0.3427575450547514,0.0724729135322547,0.5847695414129939,361,9.93628808864266,0.2001936286672533,0.2870799988158977,0.0440372870459659,17.220940027910093,0.0065995997942152,0.1911357340720221,2521,0.0,0.9635065450218168,0.0,0.0,1.0,23860.38089720802,0.0,-9.754947867274068e-15,2.712739460812008e-13,0.0,0.0,0.0,0.0,,,0.0,500.0,47.72076179441604,0.0,0.0
optimal@30s+aware,2,500,2521,2442,0.9686632288774296,0.0313367711225704,0.0119000396667988,0.0194367314557715,0.0,177.736264945745,152.0311316106886,345.361104810661,176.1317434915775,976.8,18.64619164619165,159.09007329955338,0.3386396487275404,0.0769202058058287,0.5844401454666308,363,10.305785123966942,0.2025330578154671,0.2884839988109888,0.05088,13.738513417550417,0.0044988418947488,0.2038567493112947,2521,0.0,0.9686632288774296,0.0,0.0,1.0,23882.340595685597,0.0,-4.6495476501598055e-15,2.699402945234319e-13,0.0,0.0,0.0,0.0,,,0.0,500.0,47.76468119137118,0.0,0.0
optimal@30s+aware,3,500,2521,2436,0.9662832209440698,0.0337167790559301,0.0111067036890122,0.0226100753669178,0.0,171.82167204651597,146.14840101047594,323.538160484884,169.90595049755063,974.4,18.880131362889983,152.941540683626,0.3380106411288736,0.07425447500003,0.5877348838710963,361,10.094182825484763,0.2025246537320988,0.2817000007780732,0.0522292993630573,11.800125273610936,0.0043635729098191,0.1800554016620498,2521,0.0,0.9662832209440698,0.0,0.0,1.0,23916.19147448976,0.0,-6.769033427192205e-15,2.690063096561502e-13,0.0,0.0,0.0,0.0,,,0.0,500.0,47.83238294897953,0.0,0.0
optimal@30s+aware,4,500,2521,2428,0.9631098770329234,0.0368901229670765,0.0162633875446251,0.0206267354224514,0.0,168.45240428811908,141.13647604430298,321.6846406651673,167.3287406997682,971.2,18.63056013179572,149.82184415632335,0.3418068855308262,0.0732974307323223,0.5848956837368515,361,10.54016620498615,0.1993936288035558,0.2775999979348851,0.0495017679202828,15.84931103761621,0.0050243294666489,0.1966759002770083,2521,0.0,0.9631098770329234,0.0,0.0,1.0,23824.962663098795,0.0,-1.3122374320239502e-14,2.7157900219359485e-13,0.0,0.0,0.0,0.0,,,0.0,500.0,47.64992532619759,0.0,0.0
optimal@30s+aware,5,500,2521,2428,0.9631098770329234,0.0368901229670765,0.0170567235224117,0.0198333994446648,0.0,167.29941034916217,137.1054115966772,330.9724557464949,167.16543732361356,971.2,18.97281713344316,148.32659321571902,0.3498247110627263,0.0725464327982833,0.5776288561389904,363,10.77961432506887,0.2011027549684192,0.277156000593095,0.0535428021801859,18.97696881347517,0.0056296493207483,0.1680440771349862,2521,0.0,0.9631098770329234,0.0,0.0,1.0,23683.56581330697,0.0,-5.322691765649878e-15,2.723600450059352e-13,0.0,0.0,0.0,0.0,,,0.0,500.0,47.36713162661394,0.0,0.0
