arm,seed,drivers.num_drivers,requests,completed,completion_rate,cancel_rate,cancel_no_match_rate,cancel_eta_rate,cancel_late_rate,wait_mean_s,wait_p50_s,wait_p90_s,wait_all_mean_s,completed_per_hour,time_to_match_mean_s,pickup_mean_s,driver_idle_frac,driver_enroute_frac,driver_ontrip_frac,batches,batch_riders_mean,solve_ms_mean,solve_ms_p99,decline_rate,shadow_gap_s_per_batch,shadow_gap_frac,shadow_worse_batches_frac,app_opens,priced_out_rate,served_rate,retried_rate,surged_trip_frac,mean_multiplier_paid,revenue_per_hour,surge_revenue_per_hour,eta_error_mean_s,eta_abs_error_mean_s,eta_late_2min_frac,moves_per_driver_hour,chase_moves_per_hour,reposition_km_per_hour,moves_dispatched_frac,move_planned_mean_s,driver_reposition_frac,drivers_online_mean,earnings_per_online_hour,reserve_logons,reserve_logoffs
immediate_greedy,0,300,2776,1862,0.670749279538905,0.3292507204610951,0.0187319884726224,0.3105187319884726,0.0,390.4287281033996,357.79008410869505,676.371434426867,271.90296920610155,744.8,7.505287191766893,382.9234409116327,0.0232998707623192,0.2184809885421892,0.7582191406954915,3330,5.3621621621621625,0.060011291317279,0.1615420004236512,0.0519141531322505,,,,2776,0.0,0.670749279538905,0.0,0.0,1.0,18374.32494919794,0.0,-1.1182843647395131e-14,2.71072816896276e-13,0.0,0.0,0.0,0.0,,,0.0,300.0,61.2477498306598,0.0,0.0
immediate_greedy,1,300,2776,1864,0.6714697406340058,0.3285302593659942,0.0162103746397694,0.3123198847262248,0.0,389.87745362469616,356.7196260866335,675.2163398847825,270.76515611917256,745.6,7.192632926770132,382.68482069792606,0.0176140949551192,0.2180775517016236,0.7643083533432571,3208,5.24719451371571,0.0575230050244749,0.1731509999444823,0.0518991011887503,,,,2776,0.0,0.6714697406340058,0.0,0.0,1.0,18484.754901255845,0.0,-2.6759710327445837e-15,2.786745560111475e-13,0.0,0.0,0.0,0.0,,,0.0,300.0,61.61584967085282,0.0,0.0
immediate_greedy,2,300,2776,1908,0.6873198847262247,0.3126801152737752,0.020893371757925,0.2917867435158501,0.0,383.6124202197788,353.0066163873562,663.8123181388519,273.9109128801469,763.2,10.643641703263608,372.9687785165152,0.0181986156231536,0.2156701094968288,0.7661312748800175,3365,6.0588410104011885,0.0676827637490082,0.2100520005478763,0.0554426705370101,,,,2776,0.0,0.6873198847262247,0.0,0.0,1.0,18608.29874301028,0.0,1.985088078076108e-14,2.7547868482049144e-13,0.0,0.0,0.0,0.0,,,0.0,300.0,62.027662476700925,0.0,0.0
immediate_greedy,3,300,2776,1882,0.6779538904899135,0.3220461095100864,0.0172910662824207,0.3047550432276657,0.0,391.66195039770025,360.2686057220044,669.9905155374885,274.83743351555535,752.8,6.692867459021663,384.9690829386785,0.0190372637949844,0.221314884277765,0.7596478519272505,3203,4.952544489541055,0.0528953168992652,0.1490900002681883,0.0512449334105385,,,,2776,0.0,0.6779538904899135,0.0,0.0,1.0,18300.441299454666,0.0,4.171890132916635e-16,2.7102750319151133e-13,0.0,0.0,0.0,0.0,,,0.0,300.0,61.00147099818221,0.0,0.0
immediate_greedy,4,300,2776,1899,0.6840778097982709,0.3159221902017291,0.0122478386167146,0.3036743515850144,0.0,365.7234895448178,330.8014738923648,643.518822140761,257.1994808585959,759.6,6.4732665908279445,359.2502229539899,0.0248975369862184,0.2106794792432283,0.7644229837705533,3244,4.320900123304562,0.051506288532891,0.1987410009678571,0.0548850574712643,,,,2776,0.0,0.6840778097982709,0.0,0.0,1.0,18586.517852760568,0.0,-1.6397859607523113e-14,2.782379089867961e-13,0.0,0.0,0.0,0.0,,,0.0,300.0,61.955059509201895,0.0,0.0
immediate_greedy,5,300,2776,1872,0.6743515850144092,0.3256484149855908,0.0093659942363112,0.3162824207492795,0.0,379.3241115770829,356.30213530640094,638.9300921930968,263.42115864301604,748.8,4.905627857209685,374.4184837198732,0.0202549945596558,0.2131188779148984,0.7666261275254457,3246,3.840727048675293,0.0407781885245555,0.0952649986174947,0.0522688110281447,,,,2776,0.0,0.6743515850144092,0.0,0.0,1.0,18346.11109342441,0.0,7.841780406412217e-15,2.822585470195731e-13,0.0,0.0,0.0,0.0,,,0.0,300.0,61.15370364474803,0.0,0.0
immediate_greedy,0,350,2776,2224,0.8011527377521613,0.1988472622478386,0.0061239193083573,0.1927233429394812,0.0,304.40622819811585,276.722209194073,541.1721611281206,247.4705391052992,889.6,1.9000461667501776,302.50618203136565,0.0576657951177695,0.1804882356510411,0.7618459692311894,3480,2.560057471264368,0.0429370402265515,0.1167310010896472,0.0442068766252528,,,,2776,0.0,0.8011527377521613,0.0,0.0,1.0,21507.985873276182,0.0,-1.1471239625659351e-14,2.77765021215607e-13,0.0,0.0,0.0,0.0,,,0.0,350.0,61.45138820936052,0.0,0.0
immediate_greedy,1,350,2776,2208,0.7953890489913544,0.2046109510086455,0.0104466858789625,0.194164265129683,0.0,309.0969980608379,277.1436723366155,555.9781540067163,251.060389635988,883.2,3.3242297210966107,305.7727683397413,0.0559346504373144,0.179865293196631,0.7642000563660546,3514,3.43938531587934,0.048488360871162,0.1424660005250187,0.0488439306358381,,,,2776,0.0,0.7953890489913544,0.0,0.0,1.0,21774.69913018627,0.0,2.9131286754838347e-15,2.705203211198058e-13,0.0,0.0,0.0,0.0,,,0.0,350.0,62.213426086246486,0.0,0.0
immediate_greedy,2,350,2776,2209,0.795749279538905,0.2042507204610951,0.0133285302593659,0.1909221902017291,0.0,320.2855063056931,286.7153271645393,570.7480192868394,260.7306155612066,883.6,4.193680827957714,316.09182547773537,0.049346424289392,0.187112137424359,0.7635414382862489,3430,3.915743440233236,0.0659692711135959,0.2114390004862798,0.045335658238884,,,,2776,0.0,0.795749279538905,0.0,0.0,1.0,21697.129721945723,0.0,-2.4341476472904288e-15,2.667132648231776e-13,0.0,0.0,0.0,0.0,,,0.0,350.0,61.9917992055592,0.0,0.0
immediate_greedy,3,350,2776,2215,0.7979106628242075,0.2020893371757925,0.007564841498559,0.1945244956772334,0.0,306.3775249267166,277.01934318965186,533.9627785066019,248.14632242910048,886.0,1.7015666052261869,304.67595832149044,0.0520692535021209,0.1822021463444934,0.7657286001533857,3437,2.489671224905441,0.0493804189822159,0.1107640000554965,0.0420289855072463,,,,2776,0.0,0.7979106628242075,0.0,0.0,1.0,21630.15326021077,0.0,-2.204005726357444e-15,2.710421804228314e-13,0.0,0.0,0.0,0.0,,,0.0,350.0,61.80043788631649,0.0,0.0
immediate_greedy,4,350,2776,2193,0.7899855907780979,0.210014409221902,0.0090057636887608,0.2010086455331412,0.0,311.31334720319893,279.2462384627265,555.9543265332868,250.08552866285325,877.2,2.883099397350578,308.4302478058484,0.0624610291151273,0.1813184330546174,0.7562205378302552,3317,2.866144106119988,0.055520621049878,0.1435199986735825,0.045401966454598,,,,2776,0.0,0.7899855907780979,0.0,0.0,1.0,21424.499407868538,0.0,-1.7253260683641284e-15,2.707919514603466e-13,0.0,0.0,0.0,0.0,,,0.0,350.0,61.21285545105297,0.0,0.0
immediate_greedy,5,350,2776,2213,0.7971902017291066,0.2028097982708933,0.007564841498559,0.1952449567723343,0.0,318.0552790126124,286.5924718401675,540.9414173039048,258.02633430508047,885.2,1.882891188130504,316.17238782448186,0.0422701509081936,0.1863530219709297,0.7713768271208766,3287,2.779434134469121,0.0535817158575258,0.1194139997824095,0.0508328546812176,,,,2776,0.0,0.7971902017291066,0.0,0.0,1.0,21670.534596451987,0.0,-1.1602106532621428e-14,2.6753715977049413e-13,0.0,0.0,0.0,0.0,,,0.0,350.0,61.91581313271996,0.0,0.0
immediate_greedy,0,400,2776,2389,0.8605907780979827,0.1394092219020173,0.0064841498559077,0.1329250720461095,0.0,266.58575406836815,238.3286444703399,492.0116324463928,232.2956186461498,955.6,1.2108242553362203,265.37492981303194,0.1266554527061205,0.1511375679617985,0.7222069793320809,3594,2.2289927657206454,0.0484473010629594,0.1058280015786295,0.0535203205495134,,,,2776,0.0,0.8605907780979827,0.0,0.0,1.0,23403.077637070517,0.0,-1.713526302385047e-15,2.7003337940660205e-13,0.0,0.0,0.0,0.0,,,0.0,400.00000000000006,58.50769409267628,0.0,0.0
immediate_greedy,1,400,2776,2373,0.8548270893371758,0.1451729106628242,0.0108069164265129,0.1343659942363112,0.0,258.8256475961726,226.23579585244624,488.5309825947417,225.3514041871544,949.2,2.000136762928224,256.8255108332443,0.1385983314758497,0.1455351373866114,0.7158665311375388,3785,2.7199471598414795,0.055535587850585,0.1197640000464161,0.0443864229765013,,,,2776,0.0,0.8548270893371758,0.0,0.0,1.0,23354.102153825173,0.0,-1.1883550284651908e-16,2.7358159751306285e-13,0.0,0.0,0.0,0.0,,,0.0,400.0,58.38525538456294,0.0,0.0
immediate_greedy,2,400,2776,2375,0.8555475504322767,0.1444524495677233,0.0090057636887608,0.1354466858789625,0.0,267.67012235395373,235.6998048105488,494.7506916258397,231.9025066641168,950.0,1.4169166928911316,266.25320566106257,0.1253720217153582,0.150827523858373,0.7238004544262687,3511,2.4420393050412987,0.0518544574080044,0.1270700000532088,0.0495534428118697,,,,2776,0.0,0.8555475504322767,0.0,0.0,1.0,23470.659393848888,0.0,-9.178342296715862e-15,2.695032501258921e-13,0.0,0.0,0.0,0.0,,,0.0,400.0,58.67664848462222,0.0,0.0
immediate_greedy,3,400,2776,2423,0.8728386167146974,0.1271613832853026,0.0032420749279538,0.1239193083573487,0.0,257.06947620671235,231.7597653172611,473.50568853466217,226.11489274229717,969.2,1.0212235694777403,256.0482526372346,0.1171209892259378,0.1486583032974244,0.7342207074766377,3402,1.852145796590241,0.0442639035503151,0.0922999988688388,0.0514726908778953,,,,2776,0.0,0.8728386167146974,0.0,0.0,1.0,23732.12319368989,0.0,3.499195705512751e-15,2.6861074010728695e-13,0.0,0.0,0.0,0.0,,,0.0,400.0,59.33030798422472,0.0,0.0
immediate_greedy,4,400,2776,2344,0.8443804034582133,0.1556195965417867,0.005043227665706,0.1505763688760807,0.0,271.58941278266235,241.13299585673624,505.9109687556538,231.82316936857512,937.6,1.0930424653623538,270.4963703173,0.139751260962892,0.1515702752263186,0.7086784638107894,3525,1.9739007092198584,0.0470941276611522,0.1054280006064799,0.0553337136337706,,,,2776,0.0,0.8443804034582133,0.0,0.0,1.0,22956.67061176736,0.0,-3.723604663137001e-15,2.7174811509880463e-13,0.0,0.0,0.0,0.0,,,0.0,400.0,57.39167652941839,0.0,0.0
immediate_greedy,5,400,2776,2438,0.8782420749279539,0.1217579250720461,0.0046829971181556,0.1170749279538904,0.0,251.15263386364632,218.32099016798816,466.0511097846087,222.79602138135212,975.2,1.0319196026012445,250.1207142610451,0.1133933279032532,0.14782878564395,0.7387778864527967,3554,1.956105796285875,0.0458348058498314,0.0975879992256522,0.0526165284529596,,,,2776,0.0,0.8782420749279539,0.0,0.0,1.0,23810.03250797622,0.0,-3.3304869207951374e-15,2.6969366490298793e-13,0.0,0.0,0.0,0.0,,,0.0,400.0,59.52508126994055,0.0,0.0
immediate_greedy,0,450,2776,2491,0.8973342939481268,0.1026657060518732,0.0046829971181556,0.0979827089337175,0.0,232.76074474575003,205.55800329771228,442.44086037881607,210.6603046998977,996.4,0.7826658021481151,231.9780789436019,0.1991284106999184,0.1242030118796784,0.6766685774204031,3547,1.7451367352692415,0.0447282492145807,0.0983239999550278,0.0449697319112136,,,,2776,0.0,0.8973342939481268,0.0,0.0,1.0,24590.537673629493,0.0,-5.313203822224575e-15,2.582301204573062e-13,0.0,0.0,0.0,0.0,,,0.0,450.0,54.64563927473221,0.0,0.0
immediate_greedy,1,450,2776,2461,0.8865273775216138,0.1134726224783861,0.005043227665706,0.1084293948126801,0.0,232.21097803653177,202.94432147297996,450.7739985219305,207.88347202636345,984.4,1.3808288948726162,230.83014914165912,0.2054262761057643,0.1228007635363318,0.6717729603579039,3729,1.9707696433360151,0.0488254223669096,0.1004999994620448,0.0488365412237862,,,,2776,0.0,0.8865273775216138,0.0,0.0,1.0,24288.575111206912,0.0,3.110789877531585e-15,2.612076431714959e-13,0.0,0.0,0.0,0.0,,,0.0,450.0,53.97461135823758,0.0,0.0
immediate_greedy,2,450,2776,2473,0.890850144092219,0.1091498559077809,0.0046829971181556,0.1044668587896253,0.0,235.0547049792855,206.81101876228692,450.29919616433807,211.46886594580693,989.2,1.557276676367018,233.49742830291848,0.2058527895614577,0.1245849079761522,0.6695623024623901,3687,2.1467317602386764,0.0497034445480011,0.1003700013461638,0.0471670980730514,,,,2776,0.0,0.890850144092219,0.0,0.0,1.0,24362.26447255992,0.0,8.377178180147764e-16,2.640782861289269e-13,0.0,0.0,0.0,0.0,,,0.0,450.0,54.1383654945776,0.0,0.0
immediate_greedy,3,450,2776,2545,0.91678674351585,0.0832132564841498,0.002521613832853,0.0806916426512968,0.0,218.776875876848,190.2179110783345,418.5097547508667,201.6447121464336,1018.0,0.4709255526759199,218.30595032417207,0.1887638583326085,0.1210690642467798,0.6901670774206116,3336,1.5710431654676258,0.0435422062264151,0.0872649993652885,0.0525264059377676,,,,2776,0.0,0.91678674351585,0.0,0.0,1.0,25070.921603754046,0.0,-7.598724094829343e-15,2.634537861825199e-13,0.0,0.0,0.0,0.0,,,0.0,450.0,55.71315911945344,0.0,0.0
immediate_greedy,4,450,2776,2486,0.8955331412103746,0.1044668587896253,0.0046829971181556,0.0997838616714697,0.0,234.5284603416844,201.03991342707013,450.417515830562,211.8684121640681,994.4,0.5418589969404386,233.98660134474397,0.2034923395095041,0.1257205513500865,0.6707871091404093,3603,1.6708298640022203,0.042421149042258,0.0851979993967688,0.045794930875576,,,,2776,0.0,0.8955331412103746,0.0,0.0,1.0,24344.030090841406,0.0,-4.395518542868319e-15,2.7126276553497053e-13,0.0,0.0,0.0,0.0,,,0.0,450.0,54.09784464631424,0.0,0.0
immediate_greedy,5,450,2776,2525,0.9095821325648416,0.0904178674351585,0.0010806916426512,0.0893371757925072,0.0,222.86875836794155,194.40778617473188,427.33191527917984,203.6022153528552,1010.0,0.6809941432342674,222.18776422470725,0.195789523133223,0.1213983969635947,0.6828120799031823,3482,1.485353245261344,0.0421030442231406,0.0821189995622262,0.0470318325207915,,,,2776,0.0,0.9095821325648416,0.0,0.0,1.0,24731.878688165387,0.0,2.5477529876784185e-15,2.60880689987935e-13,0.0,0.0,0.0,0.0,,,0.0,450.0,54.959730418145305,0.0,0.0
immediate_greedy,0,500,2776,2564,0.9236311239193083,0.0763688760806916,0.0028818443804034,0.0734870317002881,0.0,208.89131592601197,179.37300306902898,402.3429119233175,194.04032324934303,1025.6,0.5145538186327209,208.37676210737925,0.2656550424632899,0.105146916451729,0.6291980410849811,3370,1.5338278931750742,0.0434481602680335,0.093693001072097,0.0443548387096774,,,,2776,0.0,0.9236311239193083,0.0,0.0,1.0,25443.27352456425,0.0,-1.0374436619188395e-14,2.646768226671975e-13,0.0,0.0,0.0,0.0,,,0.0,500.0,50.88654704912851,0.0,0.0
immediate_greedy,1,500,2776,2547,0.917507204610951,0.082492795389049,0.0028818443804034,0.0796109510086455,0.0,207.1310669730354,176.4848980322531,412.8743735360359,191.39466229066525,1018.8,0.5246998494070451,206.6063671236284,0.2752345703222344,0.1028397019116096,0.6219257277661558,3571,1.661999439932792,0.0461266591951573,0.0903599999219296,0.0468525438344351,,,,2776,0.0,0.917507204610951,0.0,0.0,1.0,25086.830742903094,0.0,-1.2734741935229242e-14,2.6377190359064456e-13,0.0,0.0,0.0,0.0,,,0.0,500.0,50.173661485806186,0.0,0.0
immediate_greedy,2,500,2776,2572,0.926512968299712,0.0734870317002881,0.0032420749279538,0.0702449567723342,0.0,213.2105398331012,182.14034362574853,412.4030043966651,198.8498359406716,1028.8,0.8435352777411146,212.3670045553601,0.2630839216877528,0.1077548746106634,0.6291612037015838,3624,1.8062913907284768,0.0474448951431631,0.0945539996610023,0.0555239179954441,,,,2776,0.0,0.926512968299712,0.0,0.0,1.0,25435.379532813236,0.0,-1.5311753938376188e-15,2.6010159984006706e-13,0.0,0.0,0.0,0.0,,,0.0,500.0,50.87075906562647,0.0,0.0
immediate_greedy,3,500,2776,2599,0.9362391930835736,0.0637608069164265,0.0014409221902017,0.0623198847262247,0.0,198.42430968383184,171.79190313407435,388.5234270698763,186.2063229447686,1039.6,0.3156856801739885,198.10862400365792,0.2609607253928881,0.1010618999346096,0.6379773746725022,3147,1.3784556720686367,0.0426097870978511,0.0845319994550663,0.0454022988505747,,,,2776,0.0,0.9362391930835736,0.0,0.0,1.0,25740.574355209523,0.0,-8.850173383679874e-15,2.611294106004115e-13,0.0,0.0,0.0,0.0,,,0.0,500.0,51.48114871041905,0.0,0.0
immediate_greedy,4,500,2776,2563,0.923270893371758,0.076729106628242,0.0021613832853025,0.0745677233429394,0.0,204.9264872888712,175.9701495717336,400.4040271102178,189.98008212829853,1025.2,0.3701510996622119,204.5563361892089,0.2701347698707589,0.1031470720389761,0.6267181580902649,3380,1.406804733727811,0.0421302958348596,0.0800629998957447,0.0481651376146789,,,,2776,0.0,0.923270893371758,0.0,0.0,1.0,25226.39743338865,0.0,-3.507836930711868e-15,2.606827919521537e-13,0.0,0.0,0.0,0.0,,,0.0,500.0,50.45279486677731,0.0,0.0
immediate_greedy,5,500,2776,2604,0.9380403458213256,0.0619596541786743,0.0,0.0619596541786743,0.0,199.62712530092844,171.1329585050146,384.1834177242648,187.66079706964263,1041.6,0.1752868814920763,199.4518384194364,0.2627022089630573,0.1022065749493945,0.6350912160875481,3180,1.279245283018868,0.0410590251486615,0.0756419993558665,0.0461714941210209,,,,2776,0.0,0.9380403458213256,0.0,0.0,1.0,25591.405836423983,0.0,-5.234761250517539e-15,2.5996494596872985e-13,0.0,0.0,0.0,0.0,,,0.0,500.0,51.182811672847976,0.0,0.0
batched_greedy@10s,0,300,2776,1916,0.6902017291066282,0.3097982708933717,0.0403458213256484,0.2694524495677233,0.0,374.6990608081228,343.8933534976416,636.1424922329898,275.85409342351505,766.4,18.29123173277662,356.40782907534617,0.0222105978602097,0.2041617227991372,0.773627679340653,1111,9.910891089108912,0.0558624662196202,0.1425800002834878,0.0442187033164027,,,,2776,0.0,0.6902017291066282,0.0,0.0,1.0,18710.10135600677,0.0,-1.017974848466323e-15,2.71888287805948e-13,0.0,0.0,0.0,0.0,,,0.0,300.0,62.36700452002256,0.0,0.0
batched_greedy@10s,1,300,2776,1905,0.6862391930835735,0.3137608069164265,0.0302593659942363,0.2835014409221902,0.0,387.3340910881676,350.395743250554,683.9642758861568,281.872894474192,762.0,20.832020997375327,366.5020700907922,0.017629038038949,0.2068554804590958,0.775515481501955,1078,10.307977736549166,0.0556820964608279,0.1338069999656,0.0516735173223722,,,,2776,0.0,0.6862391930835735,0.0,0.0,1.0,18693.9437151432,0.0,-1.0975181102226221e-14,2.772888363949882e-13,0.0,0.0,0.0,0.0,,,0.0,300.0,62.313145717144,0.0,0.0
batched_greedy@10s,2,300,2776,1918,0.6909221902017291,0.3090778097982709,0.0432276657060518,0.265850144092219,0.0,400.421644827694,362.6133342525982,693.5629284840606,294.8847763328115,767.2,26.90093847758081,373.52070635011313,0.014060381486452,0.2119217769244041,0.7740178415891439,1134,11.497354497354497,0.0557835979166164,0.1343020003514539,0.0554402608953453,,,,2776,0.0,0.6909221902017291,0.0,0.0,1.0,18695.1436269497,0.0,-4.167677673253976e-16,2.795326245993026e-13,0.0,0.0,0.0,0.0,,,0.0,300.0,62.317145423165655,0.0,0.0
batched_greedy@10s,3,300,2776,1928,0.6945244956772334,0.3054755043227665,0.0360230547550432,0.2694524495677233,0.0,388.2939576817837,362.3830710756499,651.1607890835461,285.9701872567684,771.2,19.99533195020747,368.2986257315762,0.0173701303819193,0.2124295602404006,0.77020030937768,1078,9.856215213358071,0.0577273654565004,0.1411140001982858,0.0531727379553466,,,,2776,0.0,0.6945244956772334,0.0,0.0,1.0,18786.68612637088,0.0,2.035808128806428e-14,2.753205685565044e-13,0.0,0.0,0.0,0.0,,,0.0,300.0,62.62228708790293,0.0,0.0
batched_greedy@10s,4,300,2776,1894,0.6822766570605188,0.3177233429394813,0.0284582132564841,0.2892651296829971,0.0,375.2616598211848,342.2623059987043,644.6890899546103,270.09619709201803,757.6,17.692185850052798,357.569473971132,0.0209069281187162,0.2029962615516564,0.7760968103296273,1093,8.85178408051235,0.0526783165490179,0.1189520005573284,0.047898912724067,,,,2776,0.0,0.6822766570605188,0.0,0.0,1.0,18885.5927816692,0.0,7.391482709246766e-15,2.724363032482288e-13,0.0,0.0,0.0,0.0,,,0.0,300.0,62.95197593889733,0.0,0.0
batched_greedy@10s,5,300,2776,1895,0.6826368876080692,0.3173631123919308,0.031700288184438,0.2856628242074928,0.0,394.4956036843549,363.0684530785493,661.6375600206678,284.468049201926,758.0,22.099208443271767,372.3963952410831,0.0170798727519499,0.2089692697671607,0.7739508574808893,1094,9.653564899451554,0.0562959780645326,0.1328139998258848,0.0537697253068381,,,,2776,0.0,0.6826368876080692,0.0,0.0,1.0,18661.278017603407,0.0,-9.24924165401703e-15,2.788392794292964e-13,0.0,0.0,0.0,0.0,,,0.0,300.0,62.20426005867802,0.0,0.0
batched_greedy@10s,0,350,2776,2221,0.8000720461095101,0.1999279538904899,0.0104466858789625,0.1894812680115273,0.0,317.09673320422075,287.1420276532008,552.7222151905517,260.23402508777946,888.4,7.680774425934263,309.4159587782865,0.0499312105597649,0.1821944110032315,0.7678743784370036,1095,5.237442922374429,0.0663094976836508,0.1483139989795744,0.0454677092383434,,,,2776,0.0,0.8000720461095101,0.0,0.0,1.0,21732.309073022858,0.0,-1.833622552908156e-14,2.744067417637053e-13,0.0,0.0,0.0,0.0,,,0.0,350.0,62.09231163720816,0.0,0.0
batched_greedy@10s,1,350,2776,2213,0.7971902017291066,0.2028097982708933,0.0140489913544668,0.1887608069164265,0.0,307.040572638602,278.2240194448168,550.1084664078838,251.82263251342115,885.2,7.946226841391776,299.0943457972102,0.0568266522429079,0.176725841954776,0.766447505802316,1087,5.699172033118675,0.0695371665220899,0.1492820001294605,0.0442761433148849,,,,2776,0.0,0.7971902017291066,0.0,0.0,1.0,21751.784953224487,0.0,8.018890567378448e-16,2.7569973216085164e-13,0.0,0.0,0.0,0.0,,,0.0,350.0,62.14795700921282,0.0,0.0
batched_greedy@10s,2,350,2776,2209,0.795749279538905,0.2042507204610951,0.0129682997118155,0.1912824207492795,0.0,320.470333135578,290.7578043860849,560.558242642241,261.4274062646913,883.6,10.206880941602536,310.2634521939755,0.0514996414719019,0.1814934745874782,0.7670068839406199,1065,6.060093896713615,0.0691527699658968,0.1551079998898785,0.0514599595258745,,,,2776,0.0,0.795749279538905,0.0,0.0,1.0,21719.826531239232,0.0,-5.9731908569782985e-15,2.6992100019319463e-13,0.0,0.0,0.0,0.0,,,0.0,350.0,62.05664723211209,0.0,0.0
batched_greedy@10s,3,350,2776,2219,0.7993515850144092,0.2006484149855907,0.0093659942363112,0.1912824207492795,0.0,312.9405572140163,287.2910651100201,538.3577170389668,255.54650533090756,887.6,8.331230283911673,304.6093269301046,0.0491744438111225,0.1793205222717041,0.7715050339171734,1067,5.193064667291472,0.068094189316259,0.1503359993512276,0.0498271889400921,,,,2776,0.0,0.7993515850144092,0.0,0.0,1.0,21887.40050767213,0.0,3.1676629173081527e-15,2.706426540491009e-13,0.0,0.0,0.0,0.0,,,0.0,350.0,62.53543002192038,0.0,0.0
batched_greedy@10s,4,350,2776,2181,0.7856628242074928,0.2143371757925072,0.0118876080691642,0.2024495677233429,0.0,311.96206154007444,283.81073217095854,558.9873563835704,251.2997198780692,872.4,8.995414947271893,302.96664659280253,0.0636713392453558,0.1768916707821532,0.7594369899724909,1062,5.494350282485875,0.0701967043229629,0.1511139994181578,0.0556511761331038,,,,2776,0.0,0.7856628242074928,0.0,0.0,1.0,21378.402604783936,0.0,-8.766944071207839e-15,2.7455586329580266e-13,0.0,0.0,0.0,0.0,,,0.0,350.00000000000006,61.08115029938266,0.0,0.0
batched_greedy@10s,5,350,2776,2217,0.7986311239193083,0.2013688760806916,0.007564841498559,0.1938040345821325,0.0,305.6854650682786,276.5738379687864,529.7232246042814,248.77147658230308,886.8,7.489851150202977,298.1956139180756,0.0453934477938048,0.1777930060968607,0.7768135461093344,1084,4.681734317343174,0.0638850553222225,0.1468800002476203,0.0464512406231967,,,,2776,0.0,0.7986311239193083,0.0,0.0,1.0,21770.94806719874,0.0,-1.6387232371954792e-14,2.668587548101398e-13,0.0,0.0,0.0,0.0,,,0.0,350.0,62.20270876342497,0.0,0.0
batched_greedy@10s,0,400,2776,2382,0.8580691642651297,0.1419308357348703,0.0072046109510086,0.1347262247838616,0.0,265.4207031204859,232.3418302291975,495.337806617763,231.6687924388401,952.8,6.249790092359362,259.1709130281265,0.1239649397466371,0.1477650872452303,0.7282699730081326,1088,4.408088235294118,0.0764875918916379,0.158203999762918,0.0540927303949627,,,,2776,0.0,0.8580691642651297,0.0,0.0,1.0,23544.38063988763,0.0,-1.6682242862041817e-15,2.688868812278222e-13,0.0,0.0,0.0,0.0,,,0.0,400.0,58.86095159971907,0.0,0.0
batched_greedy@10s,1,400,2776,2368,0.8530259365994236,0.1469740634005763,0.0136887608069164,0.1332853025936599,0.0,258.0579537466035,226.60562757636217,483.9661313068731,226.0518187792319,947.2,7.364864864864865,250.69308888173865,0.1403821158111776,0.141345663114267,0.7182722210745554,1067,5.375820056232428,0.0819254920898049,0.1632359993527643,0.0464576074332171,,,,2776,0.0,0.8530259365994236,0.0,0.0,1.0,23324.723172877264,0.0,3.2415886791631477e-15,2.6762844943187485e-13,0.0,0.0,0.0,0.0,,,0.0,400.0,58.31180793219316,0.0,0.0
batched_greedy@10s,2,400,2776,2390,0.8609510086455331,0.1390489913544668,0.0072046109510086,0.1318443804034582,0.0,274.96180258648155,242.37023265985545,517.9531587274377,240.0322039901364,956.0,7.487029288702929,267.4747732977786,0.125433069403268,0.1520136455734833,0.7225532850232487,1056,4.744318181818182,0.078444791685425,0.1650700000936923,0.0467802483395899,,,,2776,0.0,0.8609510086455331,0.0,0.0,1.0,23545.826170662494,0.0,8.552898045773383e-16,2.7292329251998293e-13,0.0,0.0,0.0,0.0,,,0.0,400.0,58.86456542665625,0.0,0.0
batched_greedy@10s,3,400,2776,2431,0.8757204610951008,0.1242795389048991,0.0043227665706051,0.1199567723342939,0.0,257.7171419248661,228.70472452186183,475.611539157469,228.43709081311505,972.4,5.587001234060057,252.13014069080603,0.1112912620210949,0.1482016653561233,0.7405070726227817,1057,4.024597918637654,0.0819752128363077,0.164879999429104,0.0536836093660765,,,,2776,0.0,0.8757204610951008,0.0,0.0,1.0,23939.30321489337,0.0,3.756399186403471e-15,2.7163773310310005e-13,0.0,0.0,0.0,0.0,,,0.0,400.0,59.84825803723344,0.0,0.0
batched_greedy@10s,4,400,2776,2342,0.8436599423631124,0.1563400576368876,0.0054034582132564,0.1509365994236311,0.0,270.20012329037394,237.20589935263524,502.5383058564885,231.2529011787304,936.8,6.062339880444065,264.13778340992985,0.1348414540596516,0.1487802354152212,0.716378310525127,1079,4.112140871177016,0.0736641334674438,0.158868000144139,0.0482897384305835,,,,2776,0.0,0.8436599423631124,0.0,0.0,1.0,23077.81109173144,0.0,-2.8977674231121508e-15,2.7132257916816313e-13,0.0,0.0,0.0,0.0,,,0.0,400.0,57.694527729328605,0.0,0.0
batched_greedy@10s,5,400,2776,2436,0.877521613832853,0.1224783861671469,0.0036023054755043,0.1188760806916426,0.0,252.04662169001287,222.58702088755763,461.2071967000111,223.9198646743207,974.4,5.628899835796387,246.4177218542165,0.1191457853905283,0.1447938406003061,0.7360603740091656,1082,3.926062846580407,0.0774434380881103,0.1688759991884581,0.0517586502716614,,,,2776,0.0,0.877521613832853,0.0,0.0,1.0,23731.35923160485,0.0,-3.3623897317219026e-15,2.6756848880307657e-13,0.0,0.0,0.0,0.0,,,0.0,400.0,59.32839807901212,0.0,0.0
batched_greedy@10s,0,450,2776,2485,0.8951729106628242,0.1048270893371757,0.0032420749279538,0.1015850144092219,0.0,229.57948478289515,200.8341344331457,437.53448071138587,207.37579172186253,994.0,5.329577464788732,224.24990731810644,0.2037971297837105,0.1201796987580734,0.676023171458216,1046,3.7676864244741872,0.0870187380455605,0.1666849994762741,0.043265070666282,,,,2776,0.0,0.8951729106628242,0.0,0.0,1.0,24535.03971042928,0.0,-1.3547312165434083e-14,2.63619396823916e-13,0.0,0.0,0.0,0.0,,,0.0,450.0,54.52231046762062,0.0,0.0
batched_greedy@10s,1,450,2776,2472,0.8904899135446686,0.1095100864553314,0.0082853025936599,0.1012247838616714,0.0,230.61227275688503,200.39624572453116,446.4949729569682,209.1204974221734,988.8,6.40088996763754,224.2113827892475,0.2080061909065851,0.1194691837795002,0.6725246253139145,1076,4.463754646840148,0.0834873606057629,0.1746000002640357,0.0464914813745307,,,,2776,0.0,0.8904899135446686,0.0,0.0,1.0,24396.52792509531,0.0,-5.429313956346518e-15,2.663453779713929e-13,0.0,0.0,0.0,0.0,,,0.0,450.0,54.214506500211805,0.0,0.0
batched_greedy@10s,2,450,2776,2481,0.8937319884726225,0.1062680115273775,0.0039625360230547,0.1023054755043227,0.0,245.87429127049063,210.370263294074,470.89455305785305,222.09148450398493,992.4,6.449415558242644,239.424875712248,0.1940967470895989,0.1271991948208471,0.6787040580895539,1054,4.2893738140417454,0.0857064516142028,0.1751350003542029,0.0556030795551753,,,,2776,0.0,0.8937319884726225,0.0,0.0,1.0,24724.14610257589,0.0,-4.696498463541291e-15,2.6987986837474933e-13,0.0,0.0,0.0,0.0,,,0.0,450.0,54.942546894613095,0.0,0.0
batched_greedy@10s,3,450,2776,2548,0.9178674351585014,0.0821325648414985,0.0036023054755043,0.0785302593659942,0.0,218.5176245052046,193.3077591537958,404.57162299292673,202.18361785912603,1019.2,5.42817896389325,213.0894455413113,0.1906975771941129,0.1177302807247267,0.6915721420811601,1047,3.776504297994269,0.0883365807168597,0.1815320005334797,0.0531125071387778,,,,2776,0.0,0.9178674351585014,0.0,0.0,1.0,25156.87854393458,0.0,-1.3824803851851183e-14,2.63497753182468e-13,0.0,0.0,0.0,0.0,,,0.0,450.0,55.904174542076845,0.0,0.0
batched_greedy@10s,4,450,2776,2493,0.8980547550432276,0.1019452449567723,0.0039625360230547,0.0979827089337175,0.0,236.6293259445982,204.6281281251595,446.6099215950941,214.49981958393477,997.2,5.507019655034095,231.1223062895641,0.2008491270247175,0.1246723989011203,0.6744784740741622,1048,3.853053435114504,0.0856909351214823,0.1728999995975755,0.049598623853211,,,,2776,0.0,0.8980547550432276,0.0,0.0,1.0,24510.885358801315,0.0,-4.12203141433231e-16,2.6464617367452264e-13,0.0,0.0,0.0,0.0,,,0.0,450.0,54.46863413066959,0.0,0.0
batched_greedy@10s,5,450,2776,2539,0.9146253602305476,0.0853746397694524,0.0018011527377521,0.0835734870317002,0.0,224.9600695872968,195.21099700879492,432.881822836773,207.25675937880243,1015.6,5.050413548641197,219.9096560386556,0.1930202307147107,0.1217897680005924,0.6851900012846969,1061,3.588124410933082,0.0827091423335631,0.1729800009343309,0.0492413398225021,,,,2776,0.0,0.9146253602305476,0.0,0.0,1.0,24809.418401044997,0.0,-2.4343574725061725e-15,2.652645072221444e-13,0.0,0.0,0.0,0.0,,,0.0,450.0,55.1320408912111,0.0,0.0
batched_greedy@10s,0,500,2776,2578,0.9286743515850144,0.0713256484149855,0.0021613832853025,0.069164265129683,0.0,214.02034910537984,182.20802760057316,411.6881488788095,200.05161128231936,1031.2,5.43599689681924,208.58435220856057,0.2632102433413983,0.1055356826508996,0.631254074007702,1046,3.6959847036328872,0.092333460808356,0.178009999308415,0.0418470418470418,,,,2776,0.0,0.9286743515850144,0.0,0.0,1.0,25468.620147892936,0.0,-1.3814481840157398e-14,2.6073049417270295e-13,0.0,0.0,0.0,0.0,,,0.0,500.0,50.93724029578587,0.0,0.0
batched_greedy@10s,1,500,2776,2550,0.9185878962536024,0.0814121037463977,0.0043227665706051,0.0770893371757925,0.0,208.6401927708812,178.03113363577495,408.478522848129,193.8951378633002,1020.0,6.075294117647059,202.5648986532341,0.2784461633562881,0.1005316370706687,0.6210221995730432,1076,4.015799256505576,0.092542843882581,0.1824249993660487,0.0477285796434732,,,,2776,0.0,0.9185878962536024,0.0,0.0,1.0,25164.752892159613,0.0,-6.642529663569054e-15,2.656238627744589e-13,0.0,0.0,0.0,0.0,,,0.0,500.0,50.32950578431922,0.0,0.0
batched_greedy@10s,2,500,2776,2577,0.928314121037464,0.071685878962536,0.0043227665706051,0.0673631123919308,0.0,214.1644655393642,181.40975740941576,410.0966227852009,200.5052279694196,1030.8,5.744664338377959,208.41980120098623,0.2634185926885802,0.1059966874610112,0.6305847198504084,1055,3.962085308056872,0.0885182938588699,0.1826160004566192,0.0539691604797258,,,,2776,0.0,0.928314121037464,0.0,0.0,1.0,25513.33347737334,0.0,-1.1197872276312404e-14,2.6915631798116226e-13,0.0,0.0,0.0,0.0,,,0.0,500.0,51.02666695474668,0.0,0.0
batched_greedy@10s,3,500,2776,2605,0.938400576368876,0.0615994236311239,0.0014409221902017,0.0601585014409221,0.0,200.7758394301805,174.11669649265968,387.67090242005247,189.27477644695813,1042.0,5.162380038387716,195.6134593917928,0.2595781960467692,0.1000396014209773,0.6403822025322534,1036,3.5675675675675675,0.0949503861196591,0.184615000671329,0.0448533640023001,,,,2776,0.0,0.938400576368876,0.0,0.0,1.0,25795.338381841964,0.0,-8.204143272182058e-15,2.647901944626261e-13,0.0,0.0,0.0,0.0,,,0.0,500.0,51.59067676368393,0.0,0.0
batched_greedy@10s,4,500,2776,2567,0.9247118155619596,0.0752881844380403,0.002521613832853,0.0727665706051873,0.0,208.03048862642063,178.55046687606043,403.1513756892607,193.72043803368297,1026.8,5.474094273470977,202.55639435294967,0.2710240757231826,0.1014424579272127,0.6275334663496045,1064,3.653195488721805,0.0902690789483411,0.186069999635947,0.0541464804787688,,,,2776,0.0,0.9247118155619596,0.0,0.0,1.0,25284.05239301124,0.0,-8.838707370646493e-15,2.6420263198352445e-13,0.0,0.0,0.0,0.0,,,0.0,500.0,50.56810478602248,0.0,0.0
batched_greedy@10s,5,500,2776,2607,0.9391210374639768,0.060878962536023,0.0010806916426512,0.0597982708933717,0.0,195.14940761170263,166.29865635766782,371.5451529200156,184.31615194428755,1042.8,5.003452243958573,190.14595536774405,0.2661615505076206,0.0981404272512209,0.6356980222411585,1057,3.5033112582781456,0.0926281930366619,0.1826960000471445,0.046211251435132,,,,2776,0.0,0.9391210374639768,0.0,0.0,1.0,25584.825549391324,0.0,-2.584302801164289e-15,2.612908823799548e-13,0.0,0.0,0.0,0.0,,,0.0,500.0,51.16965109878264,0.0,0.0
optimal@10s,0,300,2776,1909,0.6876801152737753,0.3123198847262248,0.031700288184438,0.2806195965417867,0.0,382.708879607987,351.4259410334089,655.424973433458,278.1456804342224,763.6,16.721843897328444,365.9870357106586,0.0197892635411679,0.2083045499588577,0.7719061864999743,1098,9.12750455373406,0.1411980874581455,0.1964090002911689,0.0525851938895417,9.021620477858852,0.0013437109867549,0.1010928961748633,2776,0.0,0.6876801152737753,0.0,0.0,1.0,18680.40187698432,0.0,-3.656931576135665e-16,2.802205240446246e-13,0.0,0.0,0.0,0.0,,,0.0,300.0,62.26800625661439,0.0,0.0
optimal@10s,1,300,2776,1882,0.6779538904899135,0.3220461095100864,0.042507204610951,0.2795389048991354,0.0,403.0154988419353,369.5268745105732,688.797988656077,292.2356600528713,752.8,27.80924548352816,375.2062533584072,0.0178603171967371,0.2083538669764786,0.7737858158267842,1075,12.247441860465116,0.1457038139085133,0.205855999920459,0.0519133788193414,8.101595993669715,0.0008504544079973,0.1023255813953488,2776,0.0,0.6779538904899135,0.0,0.0,1.0,18702.286645524637,0.0,4.322908780262034e-15,2.8046050545132333e-13,0.0,0.0,0.0,0.0,,,0.0,300.0,62.34095548508211,0.0,0.0
optimal@10s,2,300,2776,1913,0.6891210374639769,0.310878962536023,0.0446685878962536,0.2662103746397694,0.0,392.4880889530223,354.57157481115337,682.4657102806002,289.26898909576494,765.2,21.52064819654992,370.96744075647234,0.0143265289815323,0.2128612760581226,0.7728121949603449,1107,10.962059620596206,0.1369656729892212,0.2035580005394877,0.0577435593722238,9.490898255811771,0.0011313830728153,0.1111111111111111,2776,0.0,0.6891210374639769,0.0,0.0,1.0,18644.698702172525,0.0,2.0214996546651048e-15,2.740111674761007e-13,0.0,0.0,0.0,0.0,,,0.0,300.0,62.148995673908416,0.0,0.0
optimal@10s,3,300,2776,1907,0.6869596541786743,0.3130403458213256,0.0338616714697406,0.279178674351585,0.0,403.68225576076,374.54707532387465,666.3545989888644,293.7341616033886,762.8,20.907708442579967,382.77454731818,0.0160404970637696,0.2181307529750095,0.7658287499612209,1074,10.017690875232775,0.140028677844479,0.1922889984234643,0.05,8.13351085541621,0.0010819678106667,0.1080074487895716,2776,0.0,0.6869596541786743,0.0,0.0,1.0,18649.145977849745,0.0,1.4820051030339792e-15,2.746627722790121e-13,0.0,0.0,0.0,0.0,,,0.0,300.0,62.16381992616582,0.0,0.0
optimal@10s,4,300,2776,1914,0.6894812680115274,0.3105187319884726,0.029178674351585,0.2813400576368876,0.0,380.1453012596974,346.90021012392435,649.0711123278774,275.8049047692252,765.6,17.04440961337513,363.1008916463224,0.0212465682030742,0.2083216444991381,0.7704317872977876,1113,8.506738544474393,0.1345542677195483,0.190887998760445,0.0467922307239552,8.71775345419237,0.0014109754184205,0.1015274034141958,2776,0.0,0.6894812680115274,0.0,0.0,1.0,18744.844063965375,0.0,-1.2880907300959288e-14,2.732090647992719e-13,0.0,0.0,0.0,0.0,,,0.0,300.0,62.48281354655126,0.0,0.0
optimal@10s,5,300,2776,1856,0.6685878962536023,0.3314121037463977,0.0277377521613832,0.3036743515850144,0.0,411.7094413193505,383.62124788837946,690.9501743728599,291.1236861496763,742.4,21.98706896551724,389.7223723538332,0.0173542292376095,0.2147662450049016,0.7678795257574887,1071,9.899159663865548,0.1342117647332058,0.1926400005686445,0.0533216783216783,10.912132987730146,0.001469353048236,0.1101774042950513,2776,0.0,0.6685878962536023,0.0,0.0,1.0,18441.768845568684,0.0,1.2846046065964527e-14,2.807007500001842e-13,0.0,0.0,0.0,0.0,,,0.0,300.0,61.47256281856228,0.0,0.0
optimal@10s,0,350,2776,2215,0.7979106628242075,0.2020893371757925,0.0090057636887608,0.1930835734870317,0.0,324.24161696772285,293.90683025122235,564.7565301904737,264.70749578798683,886.0,7.860045146726862,316.381571820996,0.0498788321350709,0.1857869501370339,0.764334217727895,1064,5.284774436090226,0.1396114661734568,0.1880849992812727,0.048168445341794,9.73439102162069,0.0033101634796236,0.0958646616541353,2776,0.0,0.7979106628242075,0.0,0.0,1.0,21652.36829251017,0.0,-1.5607881177610688e-14,2.707424452676505e-13,0.0,0.0,0.0,0.0,,,0.0,350.0,61.86390940717192,0.0,0.0
optimal@10s,1,350,2776,2214,0.797550432276657,0.2024495677233429,0.0151296829971181,0.1873198847262248,0.0,313.9773306650813,279.07177933100684,563.1920587940488,258.1024941284525,885.6,8.598012646793135,305.3793180182882,0.0514221257941969,0.1801708912205999,0.768406982985203,1088,5.910845588235294,0.1337738970853345,0.1938379999955938,0.0478955007256894,7.518649557959783,0.0021200604658827,0.0818014705882353,2776,0.0,0.797550432276657,0.0,0.0,1.0,21773.433293760805,0.0,1.2620638249216777e-15,2.7019639160823193e-13,0.0,0.0,0.0,0.0,,,0.0,350.0,62.20980941074516,0.0,0.0
optimal@10s,2,350,2776,2212,0.7968299711815562,0.2031700288184438,0.0144092219020172,0.1887608069164265,0.0,321.906007471032,295.2334925963528,560.6273151817687,263.4638771700306,884.8,9.646925858951176,312.2590816120808,0.049640437024203,0.1840279113161394,0.7663316516596576,1061,6.104618284637135,0.1426583412252851,0.1984600003197557,0.0473837209302325,5.994321397260644,0.0016244166801791,0.0819981149858623,2776,0.0,0.7968299711815562,0.0,0.0,1.0,21694.631828138004,0.0,-4.43286155221039e-16,2.6820097278279297e-13,0.0,0.0,0.0,0.0,,,0.0,350.0,61.98466236610859,0.0,0.0
optimal@10s,3,350,2776,2218,0.7989913544668588,0.2010086455331412,0.0115273775216138,0.1894812680115273,0.0,314.0220316983549,286.881050825526,543.8667939536466,256.9065883443162,887.2,8.13390441839495,305.8881272799599,0.0471777625634487,0.1811925115217274,0.7716297259148238,1065,5.294835680751174,0.1394526760105892,0.1940359998116037,0.0413391557496361,8.707619037631536,0.0029456703140361,0.0929577464788732,2776,0.0,0.7989913544668588,0.0,0.0,1.0,21869.71739330449,0.0,-8.321166619192336e-16,2.7565165859737393e-13,0.0,0.0,0.0,0.0,,,0.0,350.0,62.48490683801284,0.0,0.0
optimal@10s,4,350,2776,2172,0.7824207492795389,0.217579250720461,0.0093659942363112,0.2082132564841498,0.0,320.2916738202025,293.7684898119278,562.7296733692928,256.6448587193849,868.8,8.928637200736649,311.3630366194659,0.0562575674690815,0.1805999201973515,0.7631425123335668,1055,5.454976303317536,0.1399188625220191,0.1842999990913085,0.0514663599769982,8.863997593461436,0.0028650993062024,0.0938388625592417,2776,0.0,0.7824207492795389,0.0,0.0,1.0,21451.2512000871,0.0,-6.940222900161384e-15,2.7518155546348123e-13,0.0,0.0,0.0,0.0,,,0.0,350.0,61.289289143106,0.0,0.0
optimal@10s,5,350,2776,2217,0.7986311239193083,0.2013688760806916,0.0079250720461095,0.1934438040345821,0.0,316.1492231312539,290.2531930664609,542.4204545704639,256.9769978196343,886.8,7.397383852052322,308.7518392792016,0.04220409692876,0.1841629803746968,0.773632922696543,1072,4.661380597014926,0.1323574626521396,0.1839999991534568,0.0527522935779816,5.600342947500825,0.0023672524309119,0.0886194029850746,2776,0.0,0.7986311239193083,0.0,0.0,1.0,21741.91084554333,0.0,-4.71952452560998e-15,2.737286165787541e-13,0.0,0.0,0.0,0.0,,,0.0,350.0,62.11974527298095,0.0,0.0
optimal@10s,0,400,2776,2405,0.8663544668587896,0.1336455331412104,0.0097262247838616,0.1239193083573487,0.0,268.40082153148313,236.07808094491705,487.0174889565759,236.71477439812415,962.0,6.537629937629938,261.86319159385323,0.1198134690254156,0.149737884830577,0.7304486461440074,1056,4.6875,0.1443305871493011,0.2024649998929818,0.0539300057372346,4.279882219183106,0.0019813720017852,0.065340909090909,2776,0.0,0.8663544668587896,0.0,0.0,1.0,23631.46402633396,0.0,-3.930512649009743e-15,2.7113003457060423e-13,0.0,0.0,0.0,0.0,,,0.0,400.0,59.07866006583489,0.0,0.0
optimal@10s,1,400,2776,2361,0.8505043227665706,0.1494956772334294,0.0108069164265129,0.1386887608069164,0.0,260.5068968029313,230.87939080704743,484.4798987892154,226.64492068593728,944.4,6.7335874629394326,253.77330933999187,0.1379738064116202,0.1433484633973561,0.7186777301910237,1061,4.968897266729501,0.1456066918241918,0.1954999999725261,0.0446635730858468,4.305747442802527,0.0017565602042889,0.0584354382657869,2776,0.0,0.8505043227665706,0.0,0.0,1.0,23236.326007097912,0.0,-5.2101953040435126e-17,2.664525854415711e-13,0.0,0.0,0.0,0.0,,,0.0,400.0,58.09081501774478,0.0,0.0
optimal@10s,2,400,2776,2394,0.8623919308357348,0.1376080691642651,0.0072046109510086,0.1304034582132565,0.0,275.65580712771424,243.5706595193228,514.7169726904766,241.14044704896452,957.6,7.5588972431077694,268.0969098846065,0.1189642979229041,0.153111146716444,0.7279245553606518,1057,4.789025543992431,0.1446831598925403,0.1947639999707462,0.04842894205823,4.611184399127885,0.0019975124179745,0.064333017975402,2776,0.0,0.8623919308357348,0.0,0.0,1.0,23551.07023004152,0.0,-8.182816718841254e-15,2.714234666411582e-13,0.0,0.0,0.0,0.0,,,0.0,400.0,58.8776755751038,0.0,0.0
optimal@10s,3,400,2776,2434,0.8768011527377522,0.1231988472622478,0.0039625360230547,0.119236311239193,0.0,260.8587468207176,236.0965647735168,474.1061117270315,231.3210618422459,973.6,5.447822514379622,255.41092430633796,0.1100509054295277,0.1494939625124805,0.7404551320579917,1051,3.9762131303520456,0.1432360608924915,0.1991000008274568,0.0479609419873635,5.751512262270508,0.0038192511766622,0.0704091341579448,2776,0.0,0.8768011527377522,0.0,0.0,1.0,23983.95546359841,0.0,6.90764892560533e-16,2.6914761846248053e-13,0.0,0.0,0.0,0.0,,,0.0,400.0,59.959888658996014,0.0,0.0
optimal@10s,4,400,2776,2361,0.8505043227665706,0.1494956772334294,0.0054034582132564,0.1440922190201729,0.0,275.9369776126937,245.21458926828475,512.1567477362087,237.72473124726403,944.4,6.4362558238034735,269.50072178889025,0.1294128726472698,0.1529554473523303,0.7176316800003998,1049,4.256434699714013,0.144157388027509,0.2058199999737553,0.0491097070649052,5.19708748805636,0.0028653688780246,0.0676835081029551,2776,0.0,0.8505043227665706,0.0,0.0,1.0,23172.81299068513,0.0,-1.58529126575955e-14,2.699471781691461e-13,0.0,0.0,0.0,0.0,,,0.0,400.0,57.93203247671283,0.0,0.0
optimal@10s,5,400,2776,2444,0.8804034582132565,0.1195965417867435,0.0036023054755043,0.1159942363112391,0.0,258.8862607132656,230.12812464441004,473.774884779033,230.5115256060029,977.6,5.808510638297872,253.07775007496767,0.112634090923688,0.1493806705417091,0.7379852385346027,1048,4.059160305343512,0.1417484732789441,0.1937599997472716,0.0555397322700085,3.608098623608007,0.0023487452212942,0.0534351145038167,2776,0.0,0.8804034582132565,0.0,0.0,1.0,23794.975844936696,0.0,-3.022859286033405e-15,2.6894871127405597e-13,0.0,0.0,0.0,0.0,,,0.0,400.0,59.48743961234174,0.0,0.0
optimal@10s,0,450,2776,2489,0.896613832853026,0.103386167146974,0.0036023054755043,0.0997838616714697,0.0,235.6305971033656,206.235098832758,447.4323153215032,213.43135864361457,995.6,5.675773402973082,229.95482370039247,0.2003740312251335,0.1226129127194134,0.677013056055453,1047,3.926456542502388,0.1446786055204683,0.1995179989535244,0.0435535044707239,3.9557286185412655,0.0029245636591546,0.0601719197707736,2776,0.0,0.896613832853026,0.0,0.0,1.0,24600.22469207973,0.0,1.0043481603724336e-14,2.635722094576998e-13,0.0,0.0,0.0,0.0,,,0.0,450.0,54.6671659823994,0.0,0.0
optimal@10s,1,450,2776,2472,0.8904899135446686,0.1095100864553314,0.0072046109510086,0.1023054755043227,0.0,239.13574793867585,207.7941634820877,451.7647212827627,216.3434756731585,988.8,6.473300970873787,232.66244696780203,0.2019344547604568,0.1235291339046964,0.6745364113348468,1055,4.475829383886256,0.1452923222532952,0.2035119996071444,0.050560183855214,3.699457304837339,0.0019694189940259,0.0568720379146919,2776,0.0,0.8904899135446686,0.0,0.0,1.0,24423.691673610687,0.0,-2.130262884466845e-15,2.614927332559924e-13,0.0,0.0,0.0,0.0,,,0.0,450.0,54.27487038580152,0.0,0.0
optimal@10s,2,450,2776,2496,0.899135446685879,0.100864553314121,0.0028818443804034,0.0979827089337175,0.0,240.2673609166822,212.37295055772688,452.4318817166102,217.57923625443436,998.4,6.248397435897436,234.01896348078475,0.1959667606537212,0.1259736983505411,0.6780595409957377,1075,3.9627906976744183,0.1470494883654092,0.1962540007662027,0.049326068253513,4.42768920079296,0.0030682329957238,0.0595348837209302,2776,0.0,0.899135446685879,0.0,0.0,1.0,24666.80370762433,0.0,-9.208445971554424e-15,2.7137195624541224e-13,0.0,0.0,0.0,0.0,,,0.0,450.0,54.8151193502763,0.0,0.0
optimal@10s,3,450,2776,2555,0.9203890489913544,0.0796109510086455,0.0036023054755043,0.0760086455331412,0.0,222.60554875100863,196.74890931819755,415.6381256005445,206.469738111131,1022.0,5.450880626223092,217.1546681247856,0.1870220046528463,0.1203585843453932,0.6926194110017605,1045,3.782775119617225,0.1460456459674539,0.198012000619201,0.0531125071387778,3.5874067813278856,0.0031533083916079,0.0564593301435406,2776,0.0,0.9203890489913544,0.0,0.0,1.0,25137.344906189188,0.0,-1.0992554985423624e-14,2.608380135061879e-13,0.0,0.0,0.0,0.0,,,0.0,450.0,55.86076645819819,0.0,0.0
optimal@10s,4,450,2776,2495,0.8987752161383286,0.1012247838616714,0.005043227665706,0.0961815561959654,0.0,234.7926372039897,205.789781159021,444.81268468371616,213.246533708339,998.0,5.732264529058116,229.0603726749316,0.2026628787784434,0.123681284889472,0.6736558363320845,1065,3.904225352112676,0.147577746488231,0.2053600004001053,0.0482758620689655,3.437314909767649,0.0025175480846422,0.0507042253521126,2776,0.0,0.8987752161383286,0.0,0.0,1.0,24444.14115396033,0.0,-6.602422905883055e-15,2.675545823637981e-13,0.0,0.0,0.0,0.0,,,0.0,450.0,54.3203136754674,0.0,0.0
optimal@10s,5,450,2776,2547,0.917507204610951,0.082492795389049,0.0018011527377521,0.0806916426512968,0.0,224.17190413360635,198.5464214443482,421.8535309622076,207.2177905415172,1018.8,5.220259128386337,218.95164500522003,0.1934164303792594,0.1214144279820908,0.6851691416386497,1067,3.622305529522024,0.1445673852006662,0.2036759998372871,0.0497854077253218,3.002023956700369,0.0028487179192403,0.0468603561387066,2776,0.0,0.917507204610951,0.0,0.0,1.0,24864.28957091557,0.0,-1.1814830403557103e-14,2.6215002772491026e-13,0.0,0.0,0.0,0.0,,,0.0,450.0,55.25397682425682,0.0,0.0
optimal@10s,0,500,2776,2586,0.9315561959654178,0.0684438040345821,0.0021613832853025,0.0662824207492795,0.0,212.0093048076709,182.183817548153,408.8625884386784,198.69224073768103,1034.4,5.030549110595515,206.9787556970754,0.2643700450832765,0.1049674503610017,0.6306625045557217,1041,3.5888568683957733,0.1530449567505389,0.2022199991188243,0.0457027881575165,2.461663348126624,0.0026665947823636,0.0345821325648415,2776,0.0,0.9315561959654178,0.0,0.0,1.0,25507.4320864821,0.0,-8.100935922759862e-15,2.622707413453361e-13,0.0,0.0,0.0,0.0,,,0.0,500.0,51.0148641729642,0.0,0.0
optimal@10s,1,500,2776,2547,0.917507204610951,0.082492795389049,0.0043227665706051,0.0781700288184438,0.0,210.0694156920008,179.27033596633646,413.2921342414564,195.0357395210016,1018.8,5.889281507656066,204.1801341843447,0.2773593862232235,0.1010946577231346,0.6215459560536419,1055,4.063507109004739,0.1459124170806368,0.2061899998443551,0.0427745664739884,2.564106655961591,0.0018224949602512,0.0360189573459715,2776,0.0,0.917507204610951,0.0,0.0,1.0,25124.98686309804,0.0,-3.6709282387841454e-15,2.621957094575293e-13,0.0,0.0,0.0,0.0,,,0.0,500.0,50.24997372619608,0.0,0.0
optimal@10s,2,500,2776,2589,0.9326368876080692,0.0673631123919308,0.0043227665706051,0.0630403458213256,0.0,213.1677113739143,180.41470352421584,409.5027327244768,200.4176703661657,1035.6,5.801467748165315,207.366243625749,0.2600051496569765,0.1059442102929415,0.6340506400500819,1052,3.972433460076046,0.1504995246565165,0.2140920004603685,0.0536989431590974,3.010342340796408,0.0023356294132718,0.0342205323193916,2776,0.0,0.9326368876080692,0.0,0.0,1.0,25705.054769385635,0.0,-3.55888873154465e-15,2.656377328308383e-13,0.0,0.0,0.0,0.0,,,0.0,500.0,51.41010953877127,0.0,0.0
optimal@10s,3,500,2776,2611,0.9405619596541788,0.0594380403458213,0.0014409221902017,0.0579971181556195,0.0,199.56044652839432,172.2419907417916,376.2791421253496,188.5702606580595,1044.4,5.099578705476829,194.4608678229175,0.2590601150716193,0.1001595623528503,0.6407803225755303,1039,3.544754571703561,0.1510529354696828,0.1998860002277069,0.0445786597641645,2.0001688041406385,0.0023846634010968,0.0384985563041385,2776,0.0,0.9405619596541788,0.0,0.0,1.0,25823.714739501484,0.0,-8.306390172902148e-15,2.658186025012401e-13,0.0,0.0,0.0,0.0,,,0.0,500.0,51.647429479002966,0.0,0.0
optimal@10s,4,500,2776,2562,0.9229106628242076,0.0770893371757925,0.0021613832853025,0.0749279538904899,0.0,207.64948208577107,180.78047075152472,397.90260253367865,192.92412442483055,1024.8,5.388758782201405,202.26072330356968,0.2726965552173063,0.1018905827665205,0.6254128620161732,1045,3.681339712918661,0.1535244018816847,0.2082160006830235,0.0473457675753228,2.2601817989429804,0.0022382747195304,0.0354066985645933,2776,0.0,0.9229106628242076,0.0,0.0,1.0,25202.41324029015,0.0,-1.1848792395675538e-14,2.609842258169857e-13,0.0,0.0,0.0,0.0,,,0.0,500.0,50.4048264805803,0.0,0.0
optimal@10s,5,500,2776,2608,0.9394812680115274,0.0605187319884726,0.0010806916426512,0.0594380403458213,0.0,198.38715965671483,169.5931006077485,376.6815800240468,187.40916589998045,1043.2,4.995015337423313,193.3921443192915,0.2653591637744418,0.0991299496380315,0.6355108865875266,1057,3.4966887417218544,0.149529422889626,0.2144679996854394,0.0437410071942446,2.658946169295118,0.0032058676579019,0.0350047303689687,2776,0.0,0.9394812680115274,0.0,0.0,1.0,25596.378843148286,0.0,-2.3605861641684884e-15,2.612567626449248e-13,0.0,0.0,0.0,0.0,,,0.0,500.0,51.192757686296574,0.0,0.0
batched_greedy@10s+aware,0,300,2776,2039,0.7345100864553314,0.2654899135446686,0.1729106628242075,0.0925792507204611,0.0,372.192837508133,360.84839357808687,572.7096163512306,326.3692734067404,815.6,64.25698871996076,307.9358487881723,0.0203604420182905,0.1681480547463077,0.8114915032354016,1113,28.03863432165319,0.0531806828463445,0.115587999971467,0.0458092975907702,,,,2776,0.0,0.7345100864553314,0.0,0.0,1.0,19849.072820321056,0.0,-9.285145264506066e-15,2.709279588316461e-13,0.0,0.0,0.0,0.0,,,0.0,300.0,66.16357606773686,0.0,0.0
batched_greedy@10s+aware,1,300,2776,2035,0.7330691642651297,0.2669308357348703,0.1754322766570605,0.0914985590778098,0.0,372.878508985023,363.2451775264858,568.8831799452197,326.8476960188164,814.0,67.40835380835381,305.4701551766692,0.0205829944313453,0.1650562796892605,0.8143607258793941,1103,29.40888485947416,0.0554640072643858,0.1188939994972315,0.0522210918955578,,,,2776,0.0,0.7330691642651297,0.0,0.0,1.0,19837.4836246892,0.0,7.803749456628129e-16,2.7084597191291823e-13,0.0,0.0,0.0,0.0,,,0.0,300.0,66.12494541563066,0.0,0.0
batched_greedy@10s+aware,2,300,2776,2046,0.7370317002881844,0.2629682997118155,0.1671469740634005,0.0958213256484149,0.0,378.25410463011167,363.2596309677365,576.696179546967,327.5500080604339,818.4,68.77077223851417,309.4833323915976,0.0134207182396074,0.1680078750652346,0.818571406695158,1134,27.55555555555556,0.0526443562408832,0.1301809998039974,0.0443917316164012,,,,2776,0.0,0.7370317002881844,0.0,0.0,1.0,19973.96885655723,0.0,3.3834128070101546e-15,2.7348168261333433e-13,0.0,0.0,0.0,0.0,,,0.0,300.0,66.5798961885241,0.0,0.0
batched_greedy@10s+aware,3,300,2776,2044,0.7363112391930836,0.2636887608069164,0.1772334293948126,0.0864553314121037,0.0,379.71014194163337,370.92949464223307,565.3285329221451,332.3009211186875,817.6,71.53816046966732,308.17198147196603,0.0162628083312063,0.1645203672954777,0.8192168243733159,1110,29.08648648648649,0.0513546846975857,0.1137649997508562,0.0465353260869565,,,,2776,0.0,0.7363112391930836,0.0,0.0,1.0,19960.801554114827,0.0,-2.281280187585938e-15,2.7449840617536445e-13,0.0,0.0,0.0,0.0,,,0.0,300.0,66.53600518038276,0.0,0.0
batched_greedy@10s+aware,4,300,2776,2007,0.7229827089337176,0.2770172910662824,0.1811959654178674,0.0958213256484149,0.0,367.0462807808887,350.6122679286582,564.0828098289443,319.65252280861444,802.8,61.79172894867962,305.254551832209,0.0223571848968363,0.1648335799035293,0.8128092351996343,1120,27.466964285714287,0.0529229464242624,0.1142620005703065,0.0495923913043478,,,,2776,0.0,0.7229827089337176,0.0,0.0,1.0,19802.98180331408,0.0,-1.735820146204171e-14,2.7583361050593393e-13,0.0,0.0,0.0,0.0,,,0.0,300.0,66.00993934438026,0.0,0.0
batched_greedy@10s+aware,5,300,2776,2024,0.729106628242075,0.270893371757925,0.1754322766570605,0.0954610951008645,0.0,372.4085812445988,361.7456936832182,555.4436677943589,324.53283262871224,809.6,67.13685770750988,305.2717235370889,0.0170196378019927,0.1641053856100603,0.818874976587947,1130,27.98230088495575,0.0531072566494092,0.1170939998337417,0.0556860114055686,,,,2776,0.0,0.729106628242075,0.0,0.0,1.0,19671.58184293655,0.0,-3.798454743539666e-15,2.697903385105315e-13,0.0,0.0,0.0,0.0,,,0.0,300.0,65.57193947645517,0.0,0.0
batched_greedy@10s+aware,0,350,2776,2277,0.8202449567723343,0.1797550432276657,0.0853746397694524,0.0943804034582132,0.0,324.0701598024637,309.8753545901254,532.4831623684873,292.0494679247902,910.8,35.36627140974967,288.7038883927141,0.0537787736286427,0.1622225042654642,0.7839987221058929,1112,15.991906474820144,0.0559577338061107,0.1198230014779256,0.0555044464888071,,,,2776,0.0,0.8202449567723343,0.0,0.0,1.0,22279.345739312244,0.0,-6.175121898231306e-15,2.6770602520984306e-13,0.0,0.0,0.0,0.0,,,0.0,350.0,63.655273540892125,0.0,0.0
batched_greedy@10s+aware,1,350,2776,2277,0.8202449567723343,0.1797550432276657,0.0871757925072046,0.0925792507204611,0.0,322.8935387754189,309.2911871967426,530.2685625525646,293.28679419629765,910.8,36.019762845849804,286.8737759295691,0.0583736898629012,0.1602111590578728,0.781415151079226,1100,17.22,0.055311090907873,0.127008999352256,0.0499534595097735,,,,2776,0.0,0.8202449567723343,0.0,0.0,1.0,22349.823432716432,0.0,2.3934399575230427e-15,2.7747676795690873e-13,0.0,0.0,0.0,0.0,,,0.0,350.0,63.85663837918981,0.0,0.0
batched_greedy@10s+aware,2,350,2776,2274,0.819164265129683,0.180835734870317,0.0918587896253602,0.0889769452449567,0.0,325.9648286969748,309.93405845999314,537.5464554957819,295.14204800766805,909.6,38.719876868953385,287.24495182802144,0.0558172280420759,0.1590072326812732,0.7851755392766507,1133,17.296557811120916,0.0574428067086121,0.1284360011777607,0.047827446076899,,,,2776,0.0,0.819164265129683,0.0,0.0,1.0,22339.42332829392,0.0,9.192295122094304e-16,2.7205971278214214e-13,0.0,0.0,0.0,0.0,,,0.0,350.0,63.826923795125474,0.0,0.0
batched_greedy@10s+aware,3,350,2776,2292,0.8256484149855908,0.1743515850144092,0.0857348703170028,0.0886167146974063,0.0,336.4985470530037,323.2878760871047,539.8647772764765,304.42126915440275,916.8,41.30628272251309,295.1922643304906,0.0420061260015282,0.1651017654427758,0.7928921085556959,1110,17.59189189189189,0.0577374774562682,0.1390379995427794,0.0521443998765813,,,,2776,0.0,0.8256484149855908,0.0,0.0,1.0,22494.792733807888,0.0,-7.94167911576543e-15,2.715012624261868e-13,0.0,0.0,0.0,0.0,,,0.0,350.0,64.27083638230825,0.0,0.0
batched_greedy@10s+aware,4,350,2776,2267,0.81664265129683,0.18335734870317,0.0857348703170028,0.0976224783861671,0.0,326.87588327304775,313.7197207576937,531.4755037382628,292.7703228373556,906.8,39.09616232906925,287.7797209439785,0.0578621869066064,0.1598020129027233,0.7823358001906703,1118,16.745080500894453,0.0570409660463603,0.1335390007079692,0.0497220506485484,,,,2776,0.0,0.81664265129683,0.0,0.0,1.0,22307.98533847561,0.0,-7.10229307116183e-15,2.790094773853572e-13,0.0,0.0,0.0,0.0,,,0.0,350.0,63.73710096707316,0.0,0.0
batched_greedy@10s+aware,5,350,2776,2288,0.8242074927953891,0.1757925072046109,0.0756484149855907,0.1001440922190201,0.0,331.92022075598817,318.9110962251207,531.427132822663,298.0030744164894,915.2,35.04851398601399,296.87170676997414,0.0420944298006362,0.1675096106399385,0.7903959595594252,1129,15.202834366696193,0.055372630668698,0.1300079998327419,0.0465828991725406,,,,2776,0.0,0.8242074927953891,0.0,0.0,1.0,22299.4547110644,0.0,7.445869872494799e-15,2.705772668857694e-13,0.0,0.0,0.0,0.0,,,0.0,350.0,63.71272774589829,0.0,0.0
batched_greedy@10s+aware,0,400,2776,2442,0.8796829971181557,0.1203170028818443,0.0389048991354466,0.0814121037463977,0.0,273.5058613573366,256.22458802817096,489.8314533155973,252.52739979188843,976.8,18.862407862407863,254.64345349492876,0.1207677225806838,0.1418010295451154,0.7374312478742008,1111,9.227722772277229,0.0667856885948985,0.1369799989333844,0.0400358530026889,,,,2776,0.0,0.8796829971181557,0.0,0.0,1.0,23951.18865148761,0.0,-3.24756146990271e-15,2.691031490826483e-13,0.0,0.0,0.0,0.0,,,0.0,400.0,59.87797162871902,0.0,0.0
batched_greedy@10s+aware,1,400,2776,2415,0.8699567723342939,0.130043227665706,0.0468299711815562,0.0832132564841498,0.0,276.52389774076954,257.1343766671544,498.58384982911593,256.40111844424865,966.0,21.672463768115943,254.8514339726536,0.1343294887855615,0.1382350123586857,0.7274354988557528,1097,11.284412032816771,0.0684519599033537,0.1474120000784751,0.0444978953698135,,,,2776,0.0,0.8699567723342939,0.0,0.0,1.0,23759.69016542509,0.0,-7.631530558172856e-15,2.69234462191844e-13,0.0,0.0,0.0,0.0,,,0.0,400.0,59.39922541356273,0.0,0.0
batched_greedy@10s+aware,2,400,2776,2434,0.8768011527377522,0.1231988472622478,0.0468299711815562,0.0763688760806916,0.0,290.52364217778864,272.41440311956285,519.4855710934368,270.18358194176795,973.6,25.936729663106,264.58691251468264,0.125031275837056,0.1432588653885863,0.7317098587743577,1133,11.74845542806708,0.0635610767770151,0.1334759998280789,0.0413273001508295,,,,2776,0.0,0.8768011527377522,0.0,0.0,1.0,23849.14028903428,0.0,-1.794656817932691e-14,2.721141124899876e-13,0.0,0.0,0.0,0.0,,,0.0,400.0,59.6228507225857,0.0,0.0
batched_greedy@10s+aware,3,400,2776,2481,0.8937319884726225,0.1062680115273775,0.029178674351585,0.0770893371757925,0.0,269.4894507593078,249.84993576741908,480.39519304369423,251.0235585866895,992.4,18.19024586860137,251.2992048907064,0.1034526781424075,0.1425591213743252,0.7539882004832672,1089,8.887970615243342,0.0641225895301903,0.1358199995593164,0.053231939163498,,,,2776,0.0,0.8937319884726225,0.0,0.0,1.0,24424.02304032653,0.0,-7.921649363613209e-15,2.678582869414375e-13,0.0,0.0,0.0,0.0,,,0.0,400.0,61.060057600816336,0.0,0.0
batched_greedy@10s+aware,4,400,2776,2397,0.8634726224783862,0.1365273775216138,0.0457492795389049,0.0907780979827089,0.0,290.92550096725665,276.73525708028274,513.5158096925937,265.938630238741,958.8,24.80517313308302,266.1203278341736,0.1312622731863597,0.1418822010112479,0.7268555258023924,1118,11.078711985688727,0.0655780858452384,0.1352180001777011,0.0474060822898032,,,,2776,0.0,0.8634726224783862,0.0,0.0,1.0,23502.15023963381,0.0,6.148328960402244e-15,2.712071516698761e-13,0.0,0.0,0.0,0.0,,,0.0,400.0,58.75537559908454,0.0,0.0
batched_greedy@10s+aware,5,400,2776,2461,0.8865273775216138,0.1134726224783861,0.0262968299711815,0.0871757925072046,0.0,277.101209334748,259.04397747981966,488.39333110568623,255.282794133558,984.4,19.96586753352296,257.13534180122497,0.1101883608239434,0.1442005305711214,0.7456111086049352,1126,8.698934280639431,0.063298667849511,0.1438999997844803,0.0535662299854439,,,,2776,0.0,0.8865273775216138,0.0,0.0,1.0,24060.33031082121,0.0,-4.462185282881897e-15,2.667667883514434e-13,0.0,0.0,0.0,0.0,,,0.0,400.0,60.150825777053015,0.0,0.0
batched_greedy@10s+aware,0,450,2776,2507,0.9030979827089336,0.0969020172910662,0.0280979827089337,0.0688040345821325,0.0,245.5077511920477,221.7363645781716,463.9322259191655,231.67047481744208,1002.8,14.887913841244515,230.6198373508032,0.1985500437498001,0.1194383530625592,0.6820116031876406,1105,7.861538461538461,0.0725092308212422,0.1502880002954043,0.044437904649794,,,,2776,0.0,0.9030979827089336,0.0,0.0,1.0,24747.355501339734,0.0,-1.4513055031119122e-14,2.633514556097207e-13,0.0,0.0,0.0,0.0,,,0.0,450.0,54.99412333631053,0.0,0.0
batched_greedy@10s+aware,1,450,2776,2496,0.899135446685879,0.100864553314121,0.0371037463976945,0.0637608069164265,0.0,245.3621350290173,218.20191000081377,468.0356672191365,233.3174300706669,998.4,16.467147435897434,228.89498759311988,0.2036468571836903,0.1176328384612857,0.678720304355024,1097,9.27803099361896,0.0719613491346303,0.1476479997654677,0.0555718906204057,,,,2776,0.0,0.899135446685879,0.0,0.0,1.0,24688.40527627914,0.0,-1.1187098256307046e-14,2.629557896213988e-13,0.0,0.0,0.0,0.0,,,0.0,450.0,54.86312283617587,0.0,0.0
batched_greedy@10s+aware,2,450,2776,2508,0.903458213256484,0.0965417867435158,0.0313400576368876,0.0652017291066282,0.0,252.8759615865152,229.71220065867192,476.34131513122185,238.57314047558287,1003.2,15.77591706539075,237.10004452112443,0.2005771424457541,0.1220237457495005,0.6773991118047453,1131,8.28470380194518,0.0691131741738034,0.1605799991011737,0.0495283018867924,,,,2776,0.0,0.903458213256484,0.0,0.0,1.0,24741.62495691627,0.0,7.923840566503311e-15,2.653078890728247e-13,0.0,0.0,0.0,0.0,,,0.0,450.0,54.98138879314726,0.0,0.0
batched_greedy@10s+aware,3,450,2776,2569,0.9254322766570604,0.0745677233429394,0.0165706051873198,0.0579971181556195,0.0,231.38895844300964,205.0790259169985,446.9791554336398,219.9109236146908,1027.6,11.89100817438692,219.4979502686227,0.1801452805832928,0.1191581509862403,0.7006965684304668,1078,6.424860853432282,0.0726713357813315,0.1582450000933022,0.0542568542568542,,,,2776,0.0,0.9254322766570604,0.0,0.0,1.0,25412.472816987454,0.0,-7.70907061209552e-15,2.62178238117896e-13,0.0,0.0,0.0,0.0,,,0.0,450.0,56.47216181552768,0.0,0.0
batched_greedy@10s+aware,4,450,2776,2509,0.9038184438040344,0.0961815561959654,0.0298991354466858,0.0662824207492795,0.0,249.4062244309745,224.4967790163064,466.3461206376031,235.20699027108088,1003.6,15.905938620964529,233.50028581001,0.1971782679013849,0.1213103711413671,0.681511360957248,1116,7.993727598566308,0.0727772401751607,0.1442849988052328,0.0512445095168374,,,,2776,0.0,0.9038184438040344,0.0,0.0,1.0,24771.819407730225,0.0,-1.3839157887507652e-14,2.617071344188701e-13,0.0,0.0,0.0,0.0,,,0.0,450.0,55.04848757273383,0.0,0.0
batched_greedy@10s+aware,5,450,2776,2555,0.9203890489913544,0.0796109510086455,0.0180115273775216,0.0615994236311239,0.0,238.00005392734812,214.73243783709583,453.23385521089926,225.99903893750812,1022.0,12.979256360078278,225.02079756726988,0.1869461848710222,0.1198186132685725,0.6932352018604052,1125,6.571555555555555,0.0695661333124412,0.1548640002874889,0.0493612078977932,,,,2776,0.0,0.9203890489913544,0.0,0.0,1.0,25192.51216850018,0.0,-1.2383397199599827e-14,2.622455416554505e-13,0.0,0.0,0.0,0.0,,,0.0,450.0,55.98336037444484,0.0,0.0
batched_greedy@10s+aware,0,500,2776,2584,0.930835734870317,0.069164265129683,0.0162103746397694,0.0529538904899135,0.0,219.0705339354862,190.15775151876144,431.7423425162394,210.20432676025524,1033.6,10.47407120743034,208.59646272805583,0.2655368972109205,0.10222796281493,0.6322351399741494,1102,5.993647912885662,0.0782476406448288,0.1631610003096284,0.0429071803852889,,,,2776,0.0,0.930835734870317,0.0,0.0,1.0,25570.77641890853,0.0,-1.63398706330126e-14,2.644039098432141e-13,0.0,0.0,0.0,0.0,,,0.0,500.0,51.14155283781706,0.0,0.0
batched_greedy@10s+aware,1,500,2776,2558,0.9214697406340058,0.0785302593659942,0.020893371757925,0.0576368876080691,0.0,216.02175903306644,187.1483309498717,430.1545046331508,206.41007865530503,1023.2,11.910086004691165,204.1116730283753,0.2732326409586061,0.0987044066883712,0.6280629523530227,1119,6.638069705093834,0.077585612127907,0.1714580003317677,0.0484388678144149,,,,2776,0.0,0.9214697406340058,0.0,0.0,1.0,25328.819425297414,0.0,-2.243015086498361e-16,2.6623582150458333e-13,0.0,0.0,0.0,0.0,,,0.0,500.0,50.65763885059483,0.0,0.0
batched_greedy@10s+aware,2,500,2776,2596,0.9351585014409222,0.0648414985590778,0.0176512968299711,0.0471902017291066,0.0,218.75205228140172,187.6620884543277,436.9142485647672,210.6027380441014,1038.4,11.777349768875192,206.97470251252656,0.264363521503703,0.1029444806062435,0.6326919978900534,1128,6.440602836879433,0.0763041666477423,0.1645759991879458,0.05383502170767,,,,2776,0.0,0.9351585014409222,0.0,0.0,1.0,25583.11390015971,0.0,-7.941259360423577e-15,2.630291122726036e-13,0.0,0.0,0.0,0.0,,,0.0,500.0,51.16622780031943,0.0,0.0
batched_greedy@10s+aware,3,500,2776,2618,0.9430835734870316,0.0569164265129683,0.0104466858789625,0.0464697406340057,0.0,208.5591786280439,182.9290497533616,410.640392919419,200.2426667944774,1047.2,9.243697478991596,199.31548114905223,0.2571978512781909,0.1007266090422684,0.6420755396795406,1072,5.170708955223881,0.0775808768845417,0.1625409998814574,0.0474125469788956,,,,2776,0.0,0.9430835734870316,0.0,0.0,1.0,25914.01101291192,0.0,-1.9173186932525808e-15,2.5928448760755736e-13,0.0,0.0,0.0,0.0,,,0.0,500.0,51.82802202582384,0.0,0.0
batched_greedy@10s+aware,4,500,2776,2589,0.9326368876080692,0.0673631123919308,0.0190922190201729,0.0482708933717579,0.0,221.86773558726816,193.05496303635616,439.3413556778363,213.32472107712027,1035.6,12.963306295867133,208.90442929140107,0.2640590255776774,0.1020783877520087,0.6338625866703138,1114,6.521543985637343,0.0771673249446769,0.160595999623183,0.0466200466200466,,,,2776,0.0,0.9326368876080692,0.0,0.0,1.0,25590.00268376011,0.0,-1.231048223319009e-14,2.648951827383544e-13,0.0,0.0,0.0,0.0,,,0.0,500.0,51.180005367520224,0.0,0.0
batched_greedy@10s+aware,5,500,2776,2614,0.94164265129683,0.05835734870317,0.0104466858789625,0.0479106628242074,0.0,204.92510685333767,172.39830283615763,404.7453530196293,197.43378161372587,1045.6,9.397857689364958,195.52724916397275,0.2662355342736617,0.0981927508720397,0.6355717148542985,1123,5.178094390026714,0.0786594835206468,0.1588379998065647,0.0457440648523451,,,,2776,0.0,0.94164265129683,0.0,0.0,1.0,25644.476774749124,0.0,-7.110693909056761e-15,2.604804071154246e-13,0.0,0.0,0.0,0.0,,,0.0,500.0,51.28895354949825,0.0,0.0
optimal@10s+aware,0,300,2776,2027,0.7301873198847262,0.2698126801152737,0.1779538904899135,0.0918587896253602,0.0,381.21853519998734,369.63151088752784,579.9131733810324,331.9720023418952,810.8,68.04785397138629,313.17068122860104,0.0167467725527914,0.1675314386308397,0.8157217888163687,1113,28.774483378256964,0.1440368373571311,0.2190759987570345,0.0499320652173913,5.707745788995396,0.0002323700663377,0.0467205750224618,2776,0.0,0.7301873198847262,0.0,0.0,1.0,19860.47390632796,0.0,-1.2680751586641156e-14,2.6439235605987997e-13,0.0,0.0,0.0,0.0,,,0.0,300.0,66.20157968775986,0.0,0.0
optimal@10s+aware,1,300,2776,2033,0.7323487031700289,0.2676512968299712,0.1811959654178674,0.0864553314121037,0.0,378.5096372503335,368.4194724025201,582.7503039250879,331.01561111019225,813.2,69.36792916871619,309.1417080816173,0.0190742621725111,0.1660666340428204,0.8148591037846684,1124,29.259786476868328,0.1459682384443258,0.2089699998577998,0.0521828103683492,5.060218950426153,0.0002023207017049,0.0409252669039145,2776,0.0,0.7323487031700289,0.0,0.0,1.0,19681.00626931587,0.0,-2.9445757741165e-15,2.760579107495297e-13,0.0,0.0,0.0,0.0,,,0.0,300.0,65.60335423105289,0.0,0.0
optimal@10s+aware,2,300,2776,2042,0.7355907780979827,0.2644092219020172,0.1765129682997118,0.0878962536023054,0.0,383.8788467636937,367.4905905631979,579.1092509742223,333.92746172139886,816.8,70.63320274240941,313.2456440212843,0.0129430742990601,0.1694920925928875,0.8175648331080524,1134,28.55379188712522,0.142792416243207,0.1955040000939335,0.0509510869565217,4.048774239071313,0.0001659965846387,0.0414462081128747,2776,0.0,0.7355907780979827,0.0,0.0,1.0,19827.061586233736,0.0,-1.0882577894660692e-15,2.7299786112199063e-13,0.0,0.0,0.0,0.0,,,0.0,300.0,66.09020528744578,0.0,0.0
optimal@10s+aware,3,300,2776,2034,0.7327089337175793,0.2672910662824208,0.1865994236311239,0.0806916426512968,0.0,383.47077681614746,371.0227074065972,573.252180683391,335.1121283520151,813.6,72.32841691248771,311.1423599036597,0.0138990297416486,0.1671287564903194,0.8189722137680321,1105,29.667873303167426,0.1458888687739913,0.2097040003718576,0.049863387978142,6.96578138437917,0.0002747528603703,0.0515837104072398,2776,0.0,0.7327089337175793,0.0,0.0,1.0,19927.022013841422,0.0,5.4722969300304666e-15,2.7642872149490963e-13,0.0,0.0,0.0,0.0,,,0.0,300.0,66.42340671280476,0.0,0.0
optimal@10s+aware,4,300,2776,2038,0.734149855907781,0.265850144092219,0.1779538904899135,0.0878962536023054,0.0,375.7145878698099,361.2420694183752,572.4472850827841,329.4685454440725,815.2,69.4892051030422,306.2253827667677,0.0195476981172997,0.1646316484425883,0.8158206534401119,1120,28.9,0.1414485714284248,0.2094779998878946,0.0510652688535678,4.068270231838358,0.0001649365172707,0.0383928571428571,2776,0.0,0.734149855907781,0.0,0.0,1.0,20021.85707870192,0.0,-7.963099158371291e-15,2.740156809339024e-13,0.0,0.0,0.0,0.0,,,0.0,300.0,66.73952359567306,0.0,0.0
optimal@10s+aware,5,300,2776,2015,0.725864553314121,0.2741354466858789,0.1761527377521614,0.0979827089337175,0.0,381.1278937897172,368.5227948911306,573.6894060822591,329.2973205991028,806.0,71.19801488833747,309.9298789013797,0.0172064231586229,0.1664109412112662,0.8163826356301108,1130,28.53628318584071,0.1381246902689129,0.2044939995903406,0.0509274873524451,3.7927689051707385,0.0001556814129802,0.0424778761061946,2776,0.0,0.725864553314121,0.0,0.0,1.0,19488.83944094346,0.0,8.159781094535344e-15,2.684299983834546e-13,0.0,0.0,0.0,0.0,,,0.0,300.0,64.9627981364782,0.0,0.0
optimal@10s+aware,0,350,2776,2285,0.8231268011527377,0.1768731988472622,0.0886167146974063,0.0882564841498559,0.0,325.42522164155287,314.0296382220022,527.3390144737116,294.6974086358584,914.0,37.159299781181616,288.26592186037124,0.050900314727374,0.1617477168725276,0.7873519684000982,1112,16.540467625899282,0.130038579167664,0.1982000010502815,0.0501082585833591,6.472258695172695,0.000485986602577,0.0458633093525179,2776,0.0,0.8231268011527377,0.0,0.0,1.0,22375.55305514065,0.0,-6.0388358549064104e-15,2.670738903554824e-13,0.0,0.0,0.0,0.0,,,0.0,350.0,63.93015158611614,0.0,0.0
optimal@10s+aware,1,350,2776,2296,0.8270893371757925,0.1729106628242075,0.0828530259365994,0.090057636887608,0.0,327.5438306638659,313.34433936618643,533.8586659073108,297.5214032825018,918.4,38.84451219512195,288.6993184687439,0.0509330260530745,0.1615166045423163,0.7875503694046091,1098,17.42349726775956,0.1421969034556625,0.1968540014786412,0.0509259259259259,5.853402343515542,0.0004154650637926,0.052823315118397,2776,0.0,0.8270893371757925,0.0,0.0,1.0,22533.656178508383,0.0,4.066433600996392e-15,2.830039725600594e-13,0.0,0.0,0.0,0.0,,,0.0,350.0,64.38187479573823,0.0,0.0
optimal@10s+aware,2,350,2776,2290,0.8249279538904899,0.17507204610951,0.0842939481268011,0.0907780979827089,0.0,327.59771686427257,317.71874108036013,531.9894596665013,296.99725781993584,916.0,36.23100436681223,291.3667124974604,0.0510487849213172,0.1632211670509129,0.7857300480277697,1133,16.50926743159753,0.1384621358600443,0.1946759998099879,0.0460342146189735,6.873402725736994,0.0005148780756166,0.0538393645189761,2776,0.0,0.8249279538904899,0.0,0.0,1.0,22453.13230038809,0.0,-4.21302973100114e-15,2.685872872969285e-13,0.0,0.0,0.0,0.0,,,0.0,350.0,64.1518065725374,0.0,0.0
optimal@10s+aware,3,350,2776,2270,0.8177233429394812,0.1822766570605187,0.0914985590778098,0.0907780979827089,0.0,329.15691477985405,313.4343638265097,532.0054608556215,296.8057002281394,908.0,40.02863436123348,289.1282804186206,0.0465499074733455,0.1610341765051832,0.7924159160214711,1100,17.656363636363636,0.1394867272954963,0.1976020003166922,0.0509316770186335,7.432575504143458,0.0005190890815037,0.0645454545454545,2776,0.0,0.8177233429394812,0.0,0.0,1.0,22436.898926043174,0.0,1.231711746791187e-15,2.703709013893493e-13,0.0,0.0,0.0,0.0,,,0.0,350.0,64.1054255029805,0.0,0.0
optimal@10s+aware,4,350,2776,2285,0.8231268011527377,0.1768731988472622,0.0781700288184438,0.0987031700288184,0.0,327.5041909339297,315.6691770282032,527.32656296275,294.3875072412918,914.0,37.117286652078775,290.386904281851,0.0539508017410783,0.1629742661833203,0.7830749320756014,1118,16.092128801431127,0.1347878354007693,0.198097999273159,0.0496780128794848,7.361402302603293,0.0005693115102302,0.0617173524150268,2776,0.0,0.8231268011527377,0.0,0.0,1.0,22337.539526289,0.0,-5.385431949647805e-15,2.762576940851344e-13,0.0,0.0,0.0,0.0,,,0.0,350.0,63.82154150368285,0.0,0.0
optimal@10s+aware,5,350,2776,2312,0.8328530259365994,0.1671469740634005,0.0731268011527377,0.0940201729106628,0.0,331.44071011140903,316.81859969789207,528.7340367359367,298.1132503711441,924.8,37.26557093425605,294.17513917715297,0.0364621096266068,0.1670634854572243,0.7964744049161688,1129,15.146147032772364,0.1390467670630041,0.2027960003033513,0.0485051860890787,7.138514365583244,0.0005905393368488,0.0549158547387068,2776,0.0,0.8328530259365994,0.0,0.0,1.0,22460.29420024401,0.0,-5.34751020857515e-16,2.6929016494596565e-13,0.0,0.0,0.0,0.0,,,0.0,350.0,64.17226914355432,0.0,0.0
optimal@10s+aware,0,400,2776,2418,0.8710374639769453,0.1289625360230547,0.0399855907780979,0.0889769452449567,0.0,280.94853798732066,266.2349828866718,495.4915291636853,257.1224380538783,967.2,20.842018196856905,260.1065197904637,0.121838616357474,0.1421414355255998,0.7360199481169261,1111,9.735373537353736,0.1383130513235486,0.1956000003701775,0.0474777448071216,6.336093746411248,0.0009027803673591,0.0522052205220522,2776,0.0,0.8710374639769453,0.0,0.0,1.0,23853.5373932597,0.0,-1.515908986427391e-14,2.677911196715504e-13,0.0,0.0,0.0,0.0,,,0.0,400.0,59.63384348314925,0.0,0.0
optimal@10s+aware,1,400,2776,2420,0.8717579250720461,0.1282420749279539,0.0482708933717579,0.0799711815561959,0.0,281.2127072801822,263.63713024791923,500.0368615380143,261.6570009886093,968.0,22.81198347107438,258.40072380910783,0.1297408872329496,0.1397677848850445,0.7304913278820059,1098,11.702185792349727,0.1401850637767199,0.1962330006062984,0.0482758620689655,5.651100772825164,0.0006443673451067,0.0546448087431694,2776,0.0,0.8717579250720461,0.0,0.0,1.0,23820.25817430318,0.0,-8.761402989703054e-15,2.72131628526228e-13,0.0,0.0,0.0,0.0,,,0.0,400.0,59.55064543575795,0.0,0.0
optimal@10s+aware,2,400,2776,2421,0.8721181556195965,0.1278818443804034,0.0457492795389049,0.0821325648414985,0.0,290.7991854765291,275.4118728138046,516.3134780880237,267.597724740714,968.4,24.50970673275506,266.289478743774,0.1224168513753936,0.1451336832139892,0.7324494654106172,1133,11.05207413945278,0.1386076787218033,0.2005159999680473,0.047319556753519,7.019781966124143,0.0008487705276103,0.0626654898499558,2776,0.0,0.8721181556195965,0.0,0.0,1.0,23805.79096320224,0.0,-9.45959543658312e-15,2.7227089278371993e-13,0.0,0.0,0.0,0.0,,,0.0,400.0,59.51447740800561,0.0,0.0
optimal@10s+aware,3,400,2776,2476,0.8919308357348703,0.1080691642651296,0.029178674351585,0.0788904899135446,0.0,273.79856638261435,257.17261344798635,484.3044689047683,254.8706286488693,990.4,18.064620355411957,255.7339460272024,0.1027164219863591,0.144354675373326,0.7529289026403149,1078,9.063079777365491,0.1405070501250807,0.1967530008732865,0.0482211114378124,5.375137923390958,0.0008508255035464,0.0519480519480519,2776,0.0,0.8919308357348703,0.0,0.0,1.0,24374.779020708214,0.0,-1.1084294494642112e-14,2.730983631663078e-13,0.0,0.0,0.0,0.0,,,0.0,400.0,60.936947551770544,0.0,0.0
optimal@10s+aware,4,400,2776,2398,0.8638328530259366,0.1361671469740634,0.0457492795389049,0.0904178674351585,0.0,290.97001950734307,276.40489180673785,507.185212801024,266.13390723581733,959.2,24.23436196830692,266.73565753903614,0.1211096929619029,0.1432748986897676,0.7356154083483294,1118,10.940071556350626,0.1340670841059957,0.2067919991350207,0.0507870507870507,5.74905759121953,0.0007059823279195,0.0608228980322003,2776,0.0,0.8638328530259366,0.0,0.0,1.0,23778.646994789186,0.0,2.650831088321016e-15,2.704955155239606e-13,0.0,0.0,0.0,0.0,,,0.0,400.0,59.44661748697296,0.0,0.0
optimal@10s+aware,5,400,2776,2472,0.8904899135446686,0.1095100864553314,0.0230547550432276,0.0864553314121037,0.0,275.10132878286646,253.38278331931812,486.806671394856,254.51962025371395,988.8,17.29571197411003,257.80561680875644,0.1025000355506613,0.145377005855837,0.7521229585935015,1125,8.084444444444445,0.135963555566074,0.2064319997589336,0.0509461426491994,4.6049195458264816,0.000835645838893,0.048,2776,0.0,0.8904899135446686,0.0,0.0,1.0,24369.18590287158,0.0,9.469591597741304e-15,2.6929196018011485e-13,0.0,0.0,0.0,0.0,,,0.0,400.0,60.92296475717895,0.0,0.0
optimal@10s+aware,0,450,2776,2523,0.9088616714697406,0.0911383285302593,0.0244956772334293,0.0666426512968299,0.0,241.63883755711385,215.28285085039352,454.8004499485991,228.2226936795248,1009.2,13.187871581450654,228.4509659756632,0.1986696586289932,0.1198769216611533,0.6814534197098534,1105,7.159276018099548,0.1438238009117355,0.2013840001745848,0.0440270032286469,6.4362021270782455,0.0014268941097288,0.0570135746606334,2776,0.0,0.9088616714697406,0.0,0.0,1.0,24789.66856732333,0.0,-1.741347190633236e-14,2.6831243440992923e-13,0.0,0.0,0.0,0.0,,,0.0,450.0,55.088152371829615,0.0,0.0
optimal@10s+aware,1,450,2776,2502,0.9012968299711815,0.0987031700288184,0.031700288184438,0.0670028818443804,0.0,245.88783711899103,221.2552466183938,463.0178691251473,232.89798556427027,1000.8,14.902078337330137,230.9857587816609,0.1994956279517998,0.1197274502044509,0.6807769218437492,1122,8.385026737967914,0.1416778966054858,0.2068919986777471,0.0542203985932004,5.344694722733901,0.0009437577572393,0.0392156862745098,2776,0.0,0.9012968299711815,0.0,0.0,1.0,24717.66619690449,0.0,2.0692214262318267e-15,2.668720560286732e-13,0.0,0.0,0.0,0.0,,,0.0,450.0,54.9281471042322,0.0,0.0
optimal@10s+aware,2,450,2776,2523,0.9088616714697406,0.0911383285302593,0.0280979827089337,0.0630403458213256,0.0,250.7121009528971,228.7007091407586,470.5802986668311,236.9351303715121,1009.2,14.639318271898532,236.07278268099856,0.1949966595839272,0.1231200434960245,0.6818832969200481,1130,7.805309734513274,0.1380094690089973,0.1994299992838933,0.0516129032258064,4.991857839466534,0.0009667523150532,0.0442477876106194,2776,0.0,0.9088616714697406,0.0,0.0,1.0,24860.403375673613,0.0,-1.2946705406782206e-14,2.6399387366332943e-13,0.0,0.0,0.0,0.0,,,0.0,450.0,55.24534083483025,0.0,0.0
optimal@10s+aware,3,450,2776,2562,0.9229106628242076,0.0770893371757925,0.0187319884726224,0.05835734870317,0.0,227.7056770814092,200.12363784499823,425.6110556132508,216.08385763825925,1024.8,11.50663544106167,216.19904164034756,0.1818067045313065,0.116745472944241,0.7014478225244524,1076,6.361524163568773,0.1440447955233257,0.202149999950052,0.0546242774566474,5.989031785312066,0.0016371397620534,0.0483271375464684,2776,0.0,0.9229106628242076,0.0,0.0,1.0,25435.201680900107,0.0,-2.8493124244790517e-15,2.594933548982033e-13,0.0,0.0,0.0,0.0,,,0.0,450.0,56.52267040200024,0.0,0.0
optimal@10s+aware,4,450,2776,2518,0.9070605187319885,0.0929394812680115,0.0295389048991354,0.063400576368876,0.0,249.72138347157437,226.1105738062324,465.48263721885405,235.6245415092899,1007.2,15.982525814138205,233.7388576574361,0.1968201246017386,0.1220930491995941,0.6810868261986672,1114,7.865350089766607,0.1445731597946431,0.2154220000738859,0.0476050543637966,4.5577710264296325,0.0008782784889029,0.0493716337522441,2776,0.0,0.9070605187319885,0.0,0.0,1.0,24752.8524152338,0.0,1.1245086584606827e-15,2.664485876662426e-13,0.0,0.0,0.0,0.0,,,0.0,450.0,55.00633870051955,0.0,0.0
optimal@10s+aware,5,450,2776,2555,0.9203890489913544,0.0796109510086455,0.0190922190201729,0.0605187319884726,0.0,239.9867521647749,218.5835677518353,447.087044189608,227.70562562378464,1022.0,13.44696673189824,226.5397854328767,0.1875521515658438,0.1203383924360576,0.6921094559980985,1125,6.646222222222222,0.1437286222385915,0.2039359998161671,0.0507835171213,7.260754615899586,0.0017944032330248,0.0462222222222222,2776,0.0,0.9203890489913544,0.0,0.0,1.0,25210.26732787568,0.0,-8.4442998364562e-15,2.6534582315685776e-13,0.0,0.0,0.0,0.0,,,0.0,450.0,56.02281628416818,0.0,0.0
optimal@10s+aware,0,500,2776,2589,0.9326368876080692,0.0673631123919308,0.0126080691642651,0.0547550432276657,0.0,220.22417594645515,192.90351963572448,427.6298277778457,209.98395738025448,1035.6,9.937813827732716,210.28636211872245,0.2607643567028305,0.1043715977491438,0.6348640455480258,1103,5.440616500453309,0.1406769718852423,0.1998959996490157,0.0458236658932714,7.444357232259746,0.0026045580300806,0.0498640072529465,2776,0.0,0.9326368876080692,0.0,0.0,1.0,25632.30585762056,0.0,-4.709335363628223e-15,2.627466074418762e-13,0.0,0.0,0.0,0.0,,,0.0,500.0,51.26461171524112,0.0,0.0
optimal@10s+aware,1,500,2776,2563,0.923270893371758,0.076729106628242,0.0212536023054755,0.0554755043227665,0.0,219.66093535453876,188.896387772194,430.5420608234796,210.3261876055915,1025.2,12.38431525555989,207.27662009897884,0.2717999654683298,0.1002079942420756,0.6279920402895945,1121,6.779661016949152,0.1419067796776193,0.1988600008189677,0.0465048259725065,5.127374338845145,0.0012485688752079,0.0419268510258697,2776,0.0,0.923270893371758,0.0,0.0,1.0,25399.030799918204,0.0,-1.1346366686625634e-14,2.6838617165590866e-13,0.0,0.0,0.0,0.0,,,0.0,500.0,50.79806159983641,0.0,0.0
optimal@10s+aware,2,500,2776,2611,0.9405619596541788,0.0594380403458213,0.015850144092219,0.0435878962536023,0.0,223.5365453087575,193.5407184057931,438.80423455611617,215.6404145879815,1044.4,12.50976637303715,211.02677893572036,0.2597924073705326,0.1043289889564457,0.6358786036730216,1128,6.469858156028369,0.148076684426803,0.2118820000214328,0.0529360717385015,3.66211648638336,0.0009583181302746,0.0363475177304964,2776,0.0,0.9405619596541788,0.0,0.0,1.0,25759.075680709888,0.0,4.758949096746362e-16,2.6467955024602533e-13,0.0,0.0,0.0,0.0,,,0.0,500.0,51.518151361419775,0.0,0.0
optimal@10s+aware,3,500,2776,2619,0.9434438040345822,0.0565561959654178,0.0122478386167146,0.0443083573487031,0.0,210.83197744569316,187.0817772446153,410.3736191199408,202.69092642451184,1047.6,9.549446353570064,201.2825310921231,0.255048091573515,0.1012729393007851,0.6436789691256999,1071,5.30718954248366,0.1508802988143053,0.2058000009128591,0.0491329479768786,4.413828680906575,0.0016861149079797,0.03828197945845,2776,0.0,0.9434438040345822,0.0,0.0,1.0,25984.31227153652,0.0,-5.33839656117202e-15,2.6198329916728186e-13,0.0,0.0,0.0,0.0,,,0.0,500.0,51.96862454307304,0.0,0.0
optimal@10s+aware,4,500,2776,2588,0.9322766570605188,0.0677233429394812,0.0226945244956772,0.045028818443804,0.0,217.999998886017,195.0366256456814,415.6081237349239,210.0708549332656,1035.2,11.378670788253478,206.62132809776355,0.2666948387564583,0.1018924556780344,0.6314127055655073,1114,6.289946140035907,0.1450068222482161,0.2039830007561248,0.0478832116788321,5.12170331423776,0.0014123252171109,0.0430879712746858,2776,0.0,0.9322766570605188,0.0,0.0,1.0,25471.36475396138,0.0,-9.59716592646992e-15,2.5737320569456783e-13,0.0,0.0,0.0,0.0,,,0.0,500.0,50.94272950792276,0.0,0.0
optimal@10s+aware,5,500,2776,2635,0.9492074927953892,0.0507925072046109,0.0097262247838616,0.0410662824207492,0.0,207.73458153404368,179.37579535347868,395.7390997136313,200.89912501529463,1054.0,9.026185958254269,198.70839557578944,0.2583657802342968,0.1005078025166257,0.6411264172490774,1122,4.927807486631016,0.1407311051439534,0.1986430000215477,0.0446118192352259,3.930095901801964,0.001664901363874,0.0311942959001782,2776,0.0,0.9492074927953892,0.0,0.0,1.0,25910.307441280056,0.0,-2.4836974138749047e-15,2.601710540027963e-13,0.0,0.0,0.0,0.0,,,0.0,500.0,51.82061488256012,0.0,0.0
batched_greedy@30s+aware,0,300,2776,2040,0.7348703170028819,0.2651296829971181,0.1959654178674351,0.069164265129683,0.0,356.3456829313457,339.2573384335856,557.5333542153525,319.7769350428124,816.0,75.06519607843137,281.28048685291435,0.0236854328387919,0.1547314404692212,0.8215831266919869,371,34.318059299191376,0.0902312668779757,0.2711300003284124,0.0505015565548253,,,,2776,0.0,0.7348703170028819,0.0,0.0,1.0,19896.040164372283,0.0,-6.582098700503183e-15,2.709492760874021e-13,0.0,0.0,0.0,0.0,,,0.0,300.0,66.32013388124095,0.0,0.0
batched_greedy@30s+aware,1,300,2776,2039,0.7345100864553314,0.2654899135446686,0.1988472622478386,0.0666426512968299,0.0,360.9853487999686,340.1986609014229,559.7563048037393,325.13832967353403,815.6,76.77096615988229,284.21438264008634,0.0235202013395301,0.1564654392521993,0.8200143594082705,375,35.24,0.0939890666146918,0.2540900008170864,0.0551126516464471,,,,2776,0.0,0.7345100864553314,0.0,0.0,1.0,20051.87554445271,0.0,-8.208354164212437e-15,2.652059815284676e-13,0.0,0.0,0.0,0.0,,,0.0,300.0,66.83958514817569,0.0,0.0
batched_greedy@30s+aware,2,300,2776,2053,0.7395533141210374,0.2604466858789625,0.1876801152737752,0.0727665706051873,0.0,362.0567473968625,343.9697044220711,567.166378991405,322.3993367684439,821.2,78.56941061860692,283.4873367782556,0.0225933651155845,0.157868464544238,0.8195381703401774,378,34.023809523809526,0.0881518518331441,0.2405819996238282,0.0497237569060773,,,,2776,0.0,0.7395533141210374,0.0,0.0,1.0,19864.833586517663,0.0,-5.008063023111861e-15,2.7341186088444423e-13,0.0,0.0,0.0,0.0,,,0.0,300.0,66.21611195505888,0.0,0.0
batched_greedy@30s+aware,3,300,2776,2038,0.734149855907781,0.265850144092219,0.1952449567723343,0.0706051873198847,0.0,372.1860579317343,356.5678634851629,559.4758630890565,330.8378032989044,815.2,80.08537782139352,292.1006801103408,0.019087617515743,0.1595640935368868,0.8213482889473701,368,35.13315217391305,0.0941766304500244,0.2714389994980591,0.0480968858131487,,,,2776,0.0,0.734149855907781,0.0,0.0,1.0,19962.25863911183,0.0,4.5986548992520705e-15,2.7472692096380953e-13,0.0,0.0,0.0,0.0,,,0.0,300.00000000000006,66.54086213037276,0.0,0.0
batched_greedy@30s+aware,4,300,2776,2042,0.7355907780979827,0.2644092219020172,0.2017291066282421,0.0626801152737752,0.0,365.0350006347843,339.7908094685672,571.598623736147,325.90095019362246,816.8,79.98090107737512,285.0540995574092,0.0222552431866071,0.1566712947107086,0.8210734621026842,374,34.74598930481283,0.0897689839856706,0.2477400011593999,0.0503297466157584,,,,2776,0.0,0.7355907780979827,0.0,0.0,1.0,20088.839919123297,0.0,7.342042960106814e-16,2.75396203828272e-13,0.0,0.0,0.0,0.0,,,0.0,300.0,66.96279973041099,0.0,0.0
batched_greedy@30s+aware,5,300,2776,2015,0.725864553314121,0.2741354466858789,0.2035302593659942,0.0706051873198847,0.0,371.0039509891873,359.0124591806034,567.3981740469478,329.6923366250913,806.0,81.95533498759305,289.04861600159427,0.0188358870328414,0.1568009114253544,0.8243632015418042,377,35.262599469496024,0.0848896551377554,0.2481439990515355,0.0516285516285516,,,,2776,0.0,0.725864553314121,0.0,0.0,1.0,19797.083592659816,0.0,-7.457172458802342e-15,2.677820468812417e-13,0.0,0.0,0.0,0.0,,,0.0,300.0,65.99027864219939,0.0,0.0
batched_greedy@30s+aware,0,350,2776,2286,0.8234870317002881,0.1765129682997118,0.1012247838616714,0.0752881844380403,0.0,313.62334358238564,296.3674239326747,522.745260602564,287.72206118011326,914.4,47.47331583552056,266.15002774686513,0.0566322653297173,0.1526066059604122,0.7907611287098705,371,22.50943396226415,0.1010080862600426,0.2671600004759967,0.0467524317540006,,,,2776,0.0,0.8234870317002881,0.0,0.0,1.0,22302.919491552588,0.0,-5.053991637558718e-15,2.6872098402787217e-13,0.0,0.0,0.0,0.0,,,0.0,350.0,63.72262711872168,0.0,0.0
batched_greedy@30s+aware,1,350,2776,2288,0.8242074927953891,0.1757925072046109,0.1095100864553314,0.0662824207492795,0.0,320.69659829087465,304.2615657694678,532.7919123592143,297.72077560458035,915.2,51.31993006993007,269.37666822094457,0.0599603830795248,0.1512411450532191,0.7887984718672558,369,24.91869918699187,0.1064712737746007,0.2985199998511234,0.0527646129541864,,,,2776,0.0,0.8242074927953891,0.0,0.0,1.0,22463.44198411804,0.0,4.170323759981838e-15,2.688474928306192e-13,0.0,0.0,0.0,0.0,,,0.0,350.0,64.18126281176582,0.0,0.0
batched_greedy@30s+aware,2,350,2776,2269,0.8173631123919308,0.1826368876080691,0.1134726224783861,0.069164265129683,0.0,315.369959788258,295.9902909071734,529.0057012872236,291.692765641045,907.6,54.533715293080654,260.83624449517725,0.0684362172304725,0.1462241730849579,0.7853396096845695,378,24.98148148148148,0.1061711640499264,0.2902209988496907,0.051176096630642,,,,2776,0.0,0.8173631123919308,0.0,0.0,1.0,22335.970685638094,0.0,-9.18025755311467e-15,2.6985259920552724e-13,0.0,0.0,0.0,0.0,,,0.0,350.0,63.81705910182313,0.0,0.0
batched_greedy@30s+aware,3,350,2776,2290,0.8249279538904899,0.17507204610951,0.1091498559077809,0.0659221902017291,0.0,316.33743666455905,296.1311802534851,526.8274959210728,293.64016924825546,916.0,53.26375545851528,263.0736812060438,0.0608779987502401,0.1480069858689339,0.7911150153808258,363,25.269972451790636,0.1016275482044584,0.230542000317655,0.0463344969850841,,,,2776,0.0,0.8249279538904899,0.0,0.0,1.0,22471.43497361331,0.0,1.48314160564772e-15,2.747721506898316e-13,0.0,0.0,0.0,0.0,,,0.0,350.0,64.20409992460947,0.0,0.0
batched_greedy@30s+aware,4,350,2776,2300,0.8285302593659942,0.1714697406340057,0.1005043227665706,0.0709654178674351,0.0,321.58670444936024,306.65536957437416,523.6636013652733,296.62856341026463,920.0,50.485652173913046,271.1010522754472,0.0563464261962579,0.153734486004415,0.7899190877993271,374,23.38235294117647,0.1036919785793363,0.272852999769384,0.0440944881889763,,,,2776,0.0,0.8285302593659942,0.0,0.0,1.0,22492.47661090896,0.0,-1.974845407976713e-15,2.671092332824945e-13,0.0,0.0,0.0,0.0,,,0.0,350.0,64.26421888831132,0.0,0.0
batched_greedy@30s+aware,5,350,2776,2300,0.8285302593659942,0.1714697406340057,0.098342939481268,0.0731268011527377,0.0,323.97484291329533,301.42041669748323,534.2544621317895,298.92533752832634,920.0,50.99782608695652,272.9770168263388,0.048209288338587,0.1565431239383822,0.7952475877230307,377,23.16710875331565,0.0978469496096261,0.2920119996269932,0.0477975632614807,,,,2776,0.0,0.8285302593659942,0.0,0.0,1.0,22496.31696987191,0.0,-2.2127227586442252e-16,2.7296001208113645e-13,0.0,0.0,0.0,0.0,,,0.0,350.0,64.27519134249117,0.0,0.0
batched_greedy@30s+aware,0,400,2776,2422,0.872478386167147,0.127521613832853,0.0601585014409221,0.0673631123919308,0.0,280.23464397416603,254.97597234313548,506.6624694181695,263.5701244736642,968.8,36.843104872006606,243.39153910215944,0.1296229138777506,0.133045423326758,0.7373316627954914,371,18.19137466307277,0.1237824797700363,0.2841800007445274,0.0508576587421005,,,,2776,0.0,0.872478386167147,0.0,0.0,1.0,23846.09552969475,0.0,-1.949848668615828e-14,2.716942186416373e-13,0.0,0.0,0.0,0.0,,,0.0,400.0,59.61523882423688,0.0,0.0
batched_greedy@30s+aware,1,400,2776,2417,0.8706772334293948,0.1293227665706051,0.0612391930835734,0.0680835734870317,0.0,273.9645362395778,249.7467531204484,497.4167357041952,257.89726763085224,966.8,33.59826230864709,240.36627393093076,0.1390223790814581,0.1313356817582212,0.7296419391603206,366,18.28688524590164,0.130165847001026,0.3002099999321219,0.0482549317147192,,,,2776,0.0,0.8706772334293948,0.0,0.0,1.0,23720.57169379341,0.0,-3.897034398394633e-16,2.7115550645173095e-13,0.0,0.0,0.0,0.0,,,0.0,400.0,59.30142923448352,0.0,0.0
batched_greedy@30s+aware,2,400,2776,2438,0.8782420749279539,0.1217579250720461,0.0612391930835734,0.0605187319884726,0.0,289.6881336040672,266.9309648840999,511.0133137199092,273.09885921189897,975.2,38.81255127153405,250.87558233253316,0.1278833321258391,0.1363154469597757,0.7358012209143852,378,18.59259259259259,0.1254902117050723,0.2981689998887304,0.0479368932038834,,,,2776,0.0,0.8782420749279539,0.0,0.0,1.0,23816.844428290096,0.0,-8.488151390403226e-15,2.727766057876115e-13,0.0,0.0,0.0,0.0,,,0.0,400.0,59.542111070725234,0.0,0.0
batched_greedy@30s+aware,3,400,2776,2485,0.8951729106628242,0.1048270893371757,0.045028818443804,0.0597982708933717,0.0,270.2185846388661,246.1386003658754,485.0392074611471,254.8727807910433,994.0,30.28450704225352,239.93407759661255,0.1071809407228815,0.1366071068840571,0.7562119523930614,361,15.96398891966759,0.1158268697859095,0.2782999999908491,0.0519750519750519,,,,2776,0.0,0.8951729106628242,0.0,0.0,1.0,24511.15705836704,0.0,-4.529888648402168e-15,2.635527387654556e-13,0.0,0.0,0.0,0.0,,,0.0,400.0,61.2778926459176,0.0,0.0
batched_greedy@30s+aware,4,400,2776,2387,0.8598703170028819,0.1401296829971181,0.0727665706051873,0.0673631123919308,0.0,290.62642340822566,271.5955855650427,513.7203781011196,272.0234294086649,954.8,39.894009216589865,250.73241419163577,0.1342643851784909,0.133331255987003,0.732404358834506,374,19.328877005347596,0.1218962567160917,0.2522210002280189,0.0545454545454545,,,,2776,0.0,0.8598703170028819,0.0,0.0,1.0,23517.9119251239,0.0,-1.0520467800000562e-14,2.662101791624532e-13,0.0,0.0,0.0,0.0,,,0.0,400.0,58.79477981280975,0.0,0.0
batched_greedy@30s+aware,5,400,2776,2444,0.8804034582132565,0.1195965417867435,0.0396253602305475,0.0799711815561959,0.0,275.6085317993347,250.8332223541684,487.0443283276533,256.6463392377144,977.6,33.657937806873974,241.9505939924607,0.1195578182158551,0.1348913257886528,0.7455508559954921,377,16.0,0.1213193633608672,0.271843998853001,0.0491124260355029,,,,2776,0.0,0.8804034582132565,0.0,0.0,1.0,24040.0650638411,0.0,-3.5330894420313493e-15,2.6563875667232574e-13,0.0,0.0,0.0,0.0,,,0.0,400.0,60.10016265960275,0.0,0.0
batched_greedy@30s+aware,0,450,2776,2520,0.9077809798270894,0.0922190201729106,0.0309798270893371,0.0612391930835734,0.0,249.47112588086557,223.14347534406988,474.0074920682059,237.02910728403208,1008.0,28.636507936507936,220.8346179443576,0.2013451640060423,0.1148746835108731,0.6837801524830845,371,14.482479784366577,0.142688140134596,0.3051100011361998,0.0422951789411416,,,,2776,0.0,0.9077809798270894,0.0,0.0,1.0,24783.05016744152,0.0,-1.2481902636694478e-14,2.695915801004344e-13,0.0,0.0,0.0,0.0,,,0.0,450.0,55.07344481653671,0.0,0.0
batched_greedy@30s+aware,1,450,2776,2500,0.9005763688760807,0.0994236311239193,0.0407060518731988,0.0587175792507204,0.0,250.23819106749204,225.0349301558722,468.402248340566,239.24224190197828,1000.0,29.7852,220.45299106749204,0.2101393791571922,0.1133441975596327,0.6765164232831751,366,16.03551912568306,0.1468959016925569,0.3129450003143575,0.0492874109263657,,,,2776,0.0,0.9005763688760807,0.0,0.0,1.0,24648.36837016805,0.0,-7.749534347567532e-15,2.657419173601739e-13,0.0,0.0,0.0,0.0,,,0.0,450.0,54.774151933706776,0.0,0.0
batched_greedy@30s+aware,2,450,2776,2518,0.9070605187319885,0.0929394812680115,0.0396253602305475,0.0533141210374639,0.0,256.1797006839332,231.43870360826577,478.6440723857716,245.04149070371577,1007.2,29.39316918189039,226.7865315020428,0.2037439475056962,0.1168473075564009,0.6794087449379028,378,15.267195767195767,0.1322208995276091,0.3174010003021978,0.0470518165574746,,,,2776,0.0,0.9070605187319885,0.0,0.0,1.0,24798.07215237968,0.0,-1.1536442968511634e-14,2.6316112822557333e-13,0.0,0.0,0.0,0.0,,,0.0,450.0,55.106827005288174,0.0,0.0
batched_greedy@30s+aware,3,450,2776,2575,0.9275936599423632,0.0724063400576368,0.0273775216138328,0.045028818443804,0.0,245.22844977084284,216.9564040427213,456.5395515879478,235.71386632618848,1030.0,26.942135922330092,218.28631384851275,0.1832739013751143,0.1170872233776363,0.6996388752472493,362,14.06353591160221,0.144652486199935,0.2980690000913454,0.051970802919708,,,,2776,0.0,0.9275936599423632,0.0,0.0,1.0,25455.45661604588,0.0,-1.0879409563095728e-14,2.645538588628537e-13,0.0,0.0,0.0,0.0,,,0.0,450.0,56.56768136899085,0.0,0.0
batched_greedy@30s+aware,4,450,2776,2514,0.9056195965417868,0.0943804034582132,0.0396253602305475,0.0547550432276657,0.0,252.98680799546509,228.08781511686448,464.54791025231646,241.8222993229061,1005.6,27.711217183770884,225.2755908116942,0.2051759154270319,0.1165661348288412,0.6782579497441269,374,14.684491978609625,0.137662566802729,0.2866170000561391,0.0474214582098399,,,,2776,0.0,0.9056195965417868,0.0,0.0,1.0,24668.781639197976,0.0,-1.1419663941597851e-14,2.646208188487033e-13,0.0,0.0,0.0,0.0,,,0.0,450.0,54.81951475377328,0.0,0.0
batched_greedy@30s+aware,5,450,2776,2559,0.9218299711815562,0.0781700288184438,0.0255763688760806,0.0525936599423631,0.0,243.34590749511213,214.4905589668997,456.8604118808829,233.4468747021208,1023.6,26.437280187573272,216.90862730753884,0.1916223283857649,0.1158736454459028,0.6925040261683322,377,13.474801061007955,0.1450042441066657,0.2941280001687119,0.0532286212914485,,,,2776,0.0,0.9218299711815562,0.0,0.0,1.0,25071.74617067193,0.0,-5.157265782854303e-15,2.6849331667696906e-13,0.0,0.0,0.0,0.0,,,0.0,450.0,55.71499149038206,0.0,0.0
batched_greedy@30s+aware,0,500,2776,2581,0.9297550432276656,0.0702449567723342,0.018371757925072,0.0518731988472622,0.0,223.89492333725823,195.11343684893652,429.2020047823608,214.8876187297064,1032.4,23.18946144905076,200.70546188820745,0.2685145554813394,0.0988542172623985,0.6326312272562621,371,12.43935309973046,0.1538900269371629,0.3210700013369206,0.0488088320743753,,,,2776,0.0,0.9297550432276656,0.0,0.0,1.0,25489.319497031527,0.0,-1.462018762114284e-14,2.712603915650477e-13,0.0,0.0,0.0,0.0,,,0.0,500.0,50.978638994063054,0.0,0.0
batched_greedy@30s+aware,1,500,2776,2574,0.9272334293948128,0.0727665706051873,0.0237752161383285,0.0489913544668587,0.0,226.0317651832737,195.1865514219712,443.5426305423792,217.2959674774657,1029.6,25.273115773115773,200.75864941015791,0.2709644708577987,0.0981492760523911,0.6308862530898102,366,13.46174863387978,0.1580808743685954,0.2936300000328631,0.0485380116959064,,,,2776,0.0,0.9272334293948128,0.0,0.0,1.0,25585.06187812391,0.0,-4.314946052195053e-15,2.632375885084816e-13,0.0,0.0,0.0,0.0,,,0.0,500.0,51.17012375624782,0.0,0.0
batched_greedy@30s+aware,2,500,2776,2602,0.9373198847262249,0.0626801152737752,0.0237752161383285,0.0389048991354466,0.0,225.7205228000857,194.70520801521684,432.942809805445,219.40901885114067,1040.8,24.55956956187548,201.1609532382102,0.2651431357436862,0.0993841737974945,0.6354726904588193,378,13.10846560846561,0.1473346562051644,0.3325839991703105,0.0505404615834063,,,,2776,0.0,0.9373198847262249,0.0,0.0,1.0,25788.33600756217,0.0,-1.6237758426262475e-14,2.6204062406150444e-13,0.0,0.0,0.0,0.0,,,0.0,500.0,51.57667201512435,0.0,0.0
batched_greedy@30s+aware,3,500,2776,2613,0.9412824207492796,0.0587175792507204,0.0140489913544668,0.0446685878962536,0.0,211.3005239522369,185.158369577146,402.6852474002301,203.88643704322908,1045.2,21.203980099502488,190.0965438527344,0.2601420878518961,0.0963953003573912,0.6434626117907125,364,11.868131868131869,0.1629859889762483,0.3536289995281549,0.0571182548794489,,,,2776,0.0,0.9412824207492796,0.0,0.0,1.0,25889.099445239463,0.0,7.145366494346033e-15,2.641834533589594e-13,0.0,0.0,0.0,0.0,,,0.0,500.0,51.77819889047893,0.0,0.0
batched_greedy@30s+aware,4,500,2776,2588,0.9322766570605188,0.0677233429394812,0.0248559077809798,0.0428674351585014,0.0,228.1137042359784,200.67962855872705,436.3258788641332,220.37451229797236,1035.2,25.438176197836167,202.6755280381423,0.2712932714484572,0.0988864977504192,0.6298202308011235,374,13.053475935828876,0.1559818182015302,0.3160550000393413,0.0542973286875725,,,,2776,0.0,0.9322766570605188,0.0,0.0,1.0,25388.83839993335,0.0,-6.115835984646863e-15,2.6454727126080094e-13,0.0,0.0,0.0,0.0,,,0.0,500.0,50.7776767998667,0.0,0.0
batched_greedy@30s+aware,5,500,2776,2621,0.944164265129683,0.055835734870317,0.0147694524495677,0.0410662824207492,0.0,215.34570020125943,187.94355713369805,408.6152335336265,209.11434753334493,1048.4,21.5333842045021,193.81231599675735,0.2612172949378866,0.0974767931657205,0.6413059118963929,377,11.697612732095491,0.1458885941362787,0.3111120004905388,0.046720835751596,,,,2776,0.0,0.944164265129683,0.0,0.0,1.0,25796.084245333917,0.0,-8.47124312280564e-15,2.6734526246533744e-13,0.0,0.0,0.0,0.0,,,0.0,500.0,51.59216849066783,0.0,0.0
optimal@30s+aware,0,300,2776,2043,0.7359510086455331,0.2640489913544668,0.1869596541786743,0.0770893371757925,0.0,366.8402810567652,351.41051560351934,569.0608814474803,326.59183512238144,817.2,76.87224669603525,289.96803436072986,0.0169026307643095,0.1598215357730007,0.8232758334626897,373,34.0804289544236,0.1828067023689804,0.2500719995441613,0.0523255813953488,44.05730697193476,0.0016676376574155,0.3163538873994638,2776,0.0,0.7359510086455331,0.0,0.0,1.0,19974.855696162424,0.0,1.293097352695082e-14,2.735120011044826e-13,0.0,0.0,0.0,0.0,,,0.0,300.0,66.58285232054142,0.0,0.0
optimal@30s+aware,1,300,2776,2037,0.7337896253602305,0.2662103746397694,0.1970461095100864,0.069164265129683,0.0,364.341247756638,349.3210470039962,556.9395679397851,327.16975099824094,814.8,78.32891507118312,286.01233268545485,0.0195396295147609,0.1557832368664304,0.8246771336188087,368,35.86413043478261,0.1785888586769231,0.2617310011737572,0.0460572226099092,54.27609755019007,0.0019371792186969,0.3451086956521739,2776,0.0,0.7337896253602305,0.0,0.0,1.0,20033.586382579968,0.0,-1.2177244430724151e-14,2.7329559550352524e-13,0.0,0.0,0.0,0.0,,,0.0,300.0,66.77862127526656,0.0,0.0
optimal@30s+aware,2,300,2776,2035,0.7330691642651297,0.2669308357348703,0.1974063400576368,0.0695244956772334,0.0,359.5002946844031,343.8074439342636,554.2604826349251,321.6089689841846,814.0,74.007371007371,285.4929236770321,0.0217617128933021,0.1583500806065633,0.8198882065001346,378,33.79365079365079,0.172110052878293,0.2567740003723884,0.0520833333333333,42.98724242405129,0.0016373067959654,0.3042328042328042,2776,0.0,0.7330691642651297,0.0,0.0,1.0,19947.021794032167,0.0,-3.638258135931324e-15,2.745453332325144e-13,0.0,0.0,0.0,0.0,,,0.0,300.0,66.49007264677388,0.0,0.0
optimal@30s+aware,3,300,2776,2057,0.7409942363112392,0.2590057636887608,0.188400576368876,0.0706051873198847,0.0,365.7153294640071,344.60726019797767,570.658341209318,325.8065374312061,822.8,76.57510938259601,289.1402200814111,0.0176105327244724,0.1606024814643491,0.8217869858111785,374,33.31283422459893,0.1806459893166046,0.2477270000235876,0.0467997247075017,48.60318021767523,0.0018849569508137,0.3368983957219251,2776,0.0,0.7409942363112392,0.0,0.0,1.0,20012.41354952062,0.0,-5.716811996514175e-15,2.728007416463486e-13,0.0,0.0,0.0,0.0,,,0.0,300.0,66.70804516506873,0.0,0.0
optimal@30s+aware,4,300,2776,2038,0.734149855907781,0.265850144092219,0.196685878962536,0.069164265129683,0.0,364.6167962192946,352.1250298975592,563.2123901697187,325.10235626560893,815.2,77.45632973503434,287.16046648426027,0.0251236471255723,0.1586766793175164,0.8161996735569113,374,34.18716577540107,0.1807208556132011,0.2563320002627733,0.0464149636300658,46.660195953147294,0.0017578925280676,0.320855614973262,2776,0.0,0.734149855907781,0.0,0.0,1.0,19972.949319887,0.0,2.0055922902158863e-15,2.759027332191338e-13,0.0,0.0,0.0,0.0,,,0.0,300.0,66.57649773295667,0.0,0.0
optimal@30s+aware,5,300,2776,2036,0.7334293948126801,0.2665706051873199,0.1920028818443804,0.0745677233429394,0.0,368.45134177740937,359.1115226141046,559.0564542696557,327.06342116683885,814.4,78.1114931237721,290.33984865363726,0.0156017925861046,0.1598778135042231,0.8245203939096722,377,33.856763925729446,0.1756610079233912,0.25221199990483,0.0494335736354273,44.04467246435074,0.0016767568210144,0.3076923076923077,2776,0.0,0.7334293948126801,0.0,0.0,1.0,19915.13552656705,0.0,-1.1088270664016591e-14,2.7230171839260137e-13,0.0,0.0,0.0,0.0,,,0.0,300.0,66.38378508855683,0.0,0.0
optimal@30s+aware,0,350,2776,2290,0.8249279538904899,0.17507204610951,0.0972622478386167,0.0778097982708933,0.0,333.40716057821254,316.93053156814176,529.4282786179429,306.17305993312965,916.0,50.11310043668122,283.2940601415313,0.0423155800487694,0.1602579558332609,0.7974264641179696,371,23.433962264150946,0.1762948786734959,0.2608999991934981,0.0445001566906925,54.94028091488681,0.0033663135039217,0.3773584905660377,2776,0.0,0.8249279538904899,0.0,0.0,1.0,22568.19951462387,0.0,-4.309022813479647e-15,2.724132418913093e-13,0.0,0.0,0.0,0.0,,,0.0,350.0,64.48057004178249,0.0,0.0
optimal@30s+aware,1,350,2776,2295,0.8267291066282421,0.1732708933717579,0.1012247838616714,0.0720461095100864,0.0,323.70704887682984,306.4075789276958,525.3861870475184,299.1671358386459,918.0,50.25185185185185,273.455197024978,0.0561953742660835,0.1544573065437572,0.7893473191901592,366,24.461748633879782,0.1820691257089095,0.2319449998140044,0.0430515986071541,55.50212142378064,0.0032415348735943,0.3360655737704918,2776,0.0,0.8267291066282421,0.0,0.0,1.0,22523.656620699192,0.0,-3.696679854019868e-15,2.7545063784955325e-13,0.0,0.0,0.0,0.0,,,0.0,350.0,64.35330463056913,0.0,0.0
optimal@30s+aware,2,350,2776,2275,0.8195244956772334,0.1804755043227665,0.1066282420749279,0.0738472622478386,0.0,325.6096219274419,308.77383335122977,531.3442864810477,298.6182260058035,910.0,52.57714285714286,273.0324790702991,0.0570456372843611,0.1527785348088382,0.7901758279068006,378,24.09259259259259,0.1743222222310135,0.2293749997988926,0.0503005378044922,47.21291059369808,0.0027809979780231,0.3492063492063492,2776,0.0,0.8195244956772334,0.0,0.0,1.0,22495.626102564576,0.0,-6.3716553400948975e-15,2.737383457880132e-13,0.0,0.0,0.0,0.0,,,0.0,350.0,64.27321743589879,0.0,0.0
optimal@30s+aware,3,350,2776,2291,0.8252881844380403,0.1747118155619596,0.0954610951008645,0.0792507204610951,0.0,327.79531351533126,312.2431113879402,518.8889596484769,298.7849723836592,916.4,49.13400261894369,278.6613108963876,0.0446827980179701,0.1580480244204889,0.7972691775615408,363,23.264462809917354,0.1801741046888097,0.2590700004293466,0.0466499686912961,59.143962561422605,0.0036948813537329,0.371900826446281,2776,0.0,0.8252881844380403,0.0,0.0,1.0,22585.957494208145,0.0,3.293354725164803e-15,2.7250252105738855e-13,0.0,0.0,0.0,0.0,,,0.0,350.0,64.53130712630899,0.0,0.0
optimal@30s+aware,4,350,2776,2267,0.81664265129683,0.18335734870317,0.1055475504322766,0.0778097982708933,0.0,323.22710856345867,307.9167175023331,528.5190280193331,295.1141441532049,906.8,52.39788266431408,270.8292258991446,0.0652796384802918,0.151275338092048,0.7834450234276602,374,23.77005347593583,0.1772641711610769,0.235213000232761,0.0484734025810513,52.73134831917399,0.0031813356425014,0.3475935828877005,2776,0.0,0.81664265129683,0.0,0.0,1.0,22388.809079489736,0.0,-6.74929406095018e-15,2.7477388104862233e-13,0.0,0.0,0.0,0.0,,,0.0,350.0,63.96802594139924,0.0,0.0
optimal@30s+aware,5,350,2776,2301,0.8288904899135446,0.1711095100864553,0.0864553314121037,0.0846541786743515,0.0,329.53751111795924,314.7160179866396,528.2410666638998,300.18199218360485,920.4,50.49065623641895,279.0468548815403,0.0430991317939583,0.1596252844476262,0.7972755837584153,377,22.21750663129973,0.167671883297653,0.2397279997967417,0.0499691548426897,51.68176181546689,0.0033979015702444,0.3368700265251989,2776,0.0,0.8288904899135446,0.0,0.0,1.0,22423.638207774275,0.0,-9.687745318397976e-15,2.661702043280906e-13,0.0,0.0,0.0,0.0,,,0.0,350.0,64.06753773649793,0.0,0.0
optimal@30s+aware,0,400,2776,2449,0.8822046109510087,0.1177953890489913,0.0529538904899135,0.0648414985590778,0.0,284.6554788921874,268.00761225986344,491.0306691693965,266.84789814650213,979.6,35.609228256431194,249.0462506357562,0.1203571129871394,0.1378074300262158,0.7418354569866448,371,17.18598382749326,0.1828932614208715,0.2539900000556372,0.0465605286872934,49.48748525399563,0.0049173228601899,0.3234501347708894,2776,0.0,0.8822046109510087,0.0,0.0,1.0,24034.15527376217,0.0,-7.427115498995045e-15,2.692094539669185e-13,0.0,0.0,0.0,0.0,,,0.0,400.0,60.08538818440544,0.0,0.0
optimal@30s+aware,1,400,2776,2431,0.8757204610951008,0.1242795389048991,0.05835734870317,0.0659221902017291,0.0,281.975843814598,263.845850703814,499.0992112494723,264.8644044535823,972.4,33.87042369395311,248.10542012064488,0.1302784531491132,0.1359181710887988,0.7338033757620879,366,18.01912568306011,0.1841265027190379,0.2558349996434118,0.041171088746569,51.08879937483869,0.0047175141519975,0.3360655737704918,2776,0.0,0.8757204610951008,0.0,0.0,1.0,23843.72361936976,0.0,-9.888155014386688e-15,2.661245235789228e-13,0.0,0.0,0.0,0.0,,,0.0,400.0,59.60930904842439,0.0,0.0
optimal@30s+aware,2,400,2776,2446,0.8811239193083573,0.1188760806916426,0.0655619596541786,0.0533141210374639,0.0,298.47859359276606,277.25718758693256,513.8337107634643,282.3674828317934,978.4,43.08585445625511,255.39273913651093,0.1274206259740402,0.1380972844030174,0.7344820896229424,378,19.67724867724868,0.1818740740813029,0.2466800011825399,0.0481120584652862,49.34574074586485,0.0039339006065982,0.3201058201058201,2776,0.0,0.8811239193083573,0.0,0.0,1.0,24006.04927811637,0.0,-6.446011163743509e-15,2.7233961429243294e-13,0.0,0.0,0.0,0.0,,,0.0,400.0,60.01512319529092,0.0,0.0
optimal@30s+aware,3,400,2776,2467,0.8886887608069164,0.1113112391930835,0.0461095100864553,0.0652017291066282,0.0,275.9438344876354,255.883493248426,486.02856509259226,259.4719662141427,986.8,31.01743007701662,244.9264044106188,0.1087247582176675,0.1383636362251702,0.7529116055571622,363,16.272727272727273,0.182802479329271,0.2581019997887779,0.0531314930246363,52.50574376948152,0.0058143206363444,0.371900826446281,2776,0.0,0.8886887608069164,0.0,0.0,1.0,24387.49016706564,0.0,-8.386391612685334e-15,2.655801084612364e-13,0.0,0.0,0.0,0.0,,,0.0,400.0,60.9687254176641,0.0,0.0
optimal@30s+aware,4,400,2776,2410,0.8681556195965417,0.1318443804034582,0.0594380403458213,0.0724063400576368,0.0,289.0912799133018,274.48349532914744,496.0275660741706,269.7203632311949,964.0,36.758921161825725,252.33235875147605,0.1317243369876473,0.1367968479409186,0.7314788150714341,374,17.86898395721925,0.1794339571991156,0.2386369994928827,0.0496539271742401,51.19264604407821,0.0047409399870892,0.320855614973262,2776,0.0,0.8681556195965417,0.0,0.0,1.0,23711.105589090155,0.0,-1.4780615643358185e-14,2.717029920553524e-13,0.0,0.0,0.0,0.0,,,0.0,400.0,59.27776397272538,0.0,0.0
optimal@30s+aware,5,400,2776,2467,0.8886887608069164,0.1113112391930835,0.0345821325648415,0.076729106628242,0.0,275.84911645633883,257.8016914525488,481.9161858228796,257.49785963924614,986.8,29.689096068098905,246.16002038824,0.1091674476823645,0.1393191247777241,0.7515134275399113,377,14.779840848806366,0.1720872679333121,0.2326159999938682,0.051967116852613,53.42272083093496,0.0067769784662468,0.376657824933687,2776,0.0,0.8886887608069164,0.0,0.0,1.0,24294.489312204085,0.0,-1.837200841398354e-15,2.6549982318049334e-13,0.0,0.0,0.0,0.0,,,0.0,400.0,60.73622328051021,0.0,0.0
optimal@30s+aware,0,450,2776,2525,0.9095821325648416,0.0904178674351585,0.0331412103746397,0.0572766570605187,0.0,252.33325576832144,232.3558806825822,464.6012905958363,241.1730476280675,1010.0,26.64792079207921,225.68533497624225,0.1990499423641612,0.1178607619600162,0.6830892956758225,371,14.315363881401618,0.1814776280293344,0.2404399989245576,0.0471698113207547,39.78921390015422,0.0056204652919063,0.3045822102425876,2776,0.0,0.9095821325648416,0.0,0.0,1.0,24775.58317057216,0.0,-1.5373576998892605e-14,2.693971778329131e-13,0.0,0.0,0.0,0.0,,,0.0,450.0,55.05685149016036,0.0,0.0
optimal@30s+aware,1,450,2776,2512,0.904899135446686,0.0951008645533141,0.0378242074927953,0.0572766570605187,0.0,249.9184199587129,226.3503263859384,459.29927050748506,238.2291398209526,1004.8,27.954617834394902,221.963802124318,0.2053123918098736,0.1155301138383739,0.6791574943517523,375,14.848,0.1804946666719236,0.2581819999977597,0.0536556603773584,40.5367063280921,0.0053479506283219,0.328,2776,0.0,0.904899135446686,0.0,0.0,1.0,24647.09251825116,0.0,5.950653982306173e-16,2.7033329573462733e-13,0.0,0.0,0.0,0.0,,,0.0,450.0,54.77131670722479,0.0,0.0
optimal@30s+aware,2,450,2776,2533,0.912463976945245,0.087536023054755,0.0353025936599423,0.0522334293948126,0.0,256.659104252023,236.37700770568063,467.8023314055818,245.2601125194198,1013.2,28.00789577575997,228.651208476263,0.196871662434723,0.119441099534206,0.683687238031071,378,14.61904761904762,0.1755148147326532,0.2451749996362196,0.0513880685174246,44.88763492948196,0.0059699915034687,0.3227513227513227,2776,0.0,0.912463976945245,0.0,0.0,1.0,24973.81871548049,0.0,-1.3497296450658082e-14,2.645828461354225e-13,0.0,0.0,0.0,0.0,,,0.0,450.0,55.49737492328999,0.0,0.0
optimal@30s+aware,3,450,2776,2566,0.9243515850144092,0.0756484149855907,0.0262968299711815,0.0493515850144092,0.0,246.1863552805068,220.47228075843668,457.5706113740571,235.95710264195355,1026.4,25.217848791894,220.96850648861283,0.183582761276822,0.1187491172185549,0.697668121504623,363,13.633608815426998,0.1851575757766023,0.2475819999017403,0.0535818287711124,34.966052227146875,0.005650918361983,0.2947658402203856,2776,0.0,0.9243515850144092,0.0,0.0,1.0,25370.274432734772,0.0,-1.1138747324692082e-14,2.6786557729864497e-13,0.0,0.0,0.0,0.0,,,0.0,450.0,56.3783876282995,0.0,0.0
optimal@30s+aware,4,450,2776,2521,0.9081412103746398,0.0918587896253602,0.0374639769452449,0.0543948126801152,0.0,254.7692643033025,236.38826438793967,458.3369854401026,242.46630313608867,1008.4,27.03371677905593,227.73554752424656,0.198656068180491,0.1187454719828628,0.6825984598366462,374,14.16042780748663,0.1825419786037724,0.2382970008329721,0.0490253987005316,49.84191062049282,0.0070968242879573,0.3262032085561497,2776,0.0,0.9081412103746398,0.0,0.0,1.0,24770.226003742828,0.0,-1.2383588799384987e-14,2.6814550403800656e-13,0.0,0.0,0.0,0.0,,,0.0,450.0,55.04494667498407,0.0,0.0
optimal@30s+aware,5,450,2776,2565,0.9239913544668588,0.0760086455331412,0.0237752161383285,0.0522334293948126,0.0,245.3668341135277,225.0430803799154,445.4359577149767,235.85348447321397,1026.0,24.492007797270954,220.8748263162567,0.1850925054012605,0.1191675176778742,0.6957399769208652,377,13.084880636604774,0.1783225463914181,0.2476200001547113,0.0506993006993006,49.75163848664583,0.0083871872879022,0.3289124668435013,2776,0.0,0.9239913544668588,0.0,0.0,1.0,25219.732040980183,0.0,-5.515016643494696e-15,2.662911260352464e-13,0.0,0.0,0.0,0.0,,,0.0,450.0,56.04384897995596,0.0,0.0
optimal@30s+aware,0,500,2776,2603,0.9376801152737751,0.0623198847262247,0.0172910662824207,0.045028818443804,0.0,225.72599452096128,206.50184047244284,423.92172416937103,218.2890848993736,1041.2,21.386477141759507,204.33951737920177,0.2629216561564623,0.1012547100710237,0.6358236337725139,371,12.035040431266848,0.1877557951123488,0.2612299997053924,0.0446064139941691,38.82558019987104,0.008288797192685,0.2884097035040431,2776,0.0,0.9376801152737751,0.0,0.0,1.0,25692.97688217363,0.0,-8.156023344637762e-15,2.689914710063609e-13,0.0,0.0,0.0,0.0,,,0.0,500.0,51.38595376434726,0.0,0.0
optimal@30s+aware,1,500,2776,2589,0.9326368876080692,0.0673631123919308,0.0212536023054755,0.0461095100864553,0.0,225.16834290976377,201.65050457763755,430.43179879659806,217.719889518578,1035.6,23.505986867516416,201.66235604224732,0.2671145174050159,0.0994317720258291,0.6334537105691549,375,12.768,0.1820344000831634,0.2672099995470488,0.0467562828755113,42.49434784963511,0.0078672808943757,0.3066666666666666,2776,0.0,0.9326368876080692,0.0,0.0,1.0,25601.909783110423,0.0,-9.092765165759685e-15,2.678202709174093e-13,0.0,0.0,0.0,0.0,,,0.0,500.0,51.20381956622085,0.0,0.0
optimal@30s+aware,2,500,2776,2608,0.9394812680115274,0.0605187319884726,0.020893371757925,0.0396253602305475,0.0,224.53253850570388,197.13814577404992,425.6459756331788,217.80463183888276,1043.2,22.41411042944785,202.11842807625604,0.2626907989242509,0.1010216625397582,0.6362875385359908,378,12.365079365079366,0.1796706349730369,0.2644289997442684,0.0509461426491994,35.50844118819992,0.0070399006518355,0.2698412698412698,2776,0.0,0.9394812680115274,0.0,0.0,1.0,25769.11362336493,0.0,-5.439071143033244e-15,2.659341731147758e-13,0.0,0.0,0.0,0.0,,,0.0,500.0,51.53822724672987,0.0,0.0
optimal@30s+aware,3,500,2776,2622,0.9445244956772334,0.0554755043227665,0.0147694524495677,0.0407060518731988,0.0,217.67375704142503,197.0705721202185,401.11271330606473,210.7447681465171,1048.8,20.84744469870328,196.8263123427217,0.2547219303618157,0.0994672953429378,0.6458107742952465,361,11.922437673130194,0.189874792214592,0.2625600009196205,0.0505926568372362,34.23689655886193,0.0080779580314214,0.3019390581717451,2776,0.0,0.9445244956772334,0.0,0.0,1.0,26037.27744482187,0.0,2.874215824239345e-16,2.59542705151261e-13,0.0,0.0,0.0,0.0,,,0.0,500.0,52.07455488964374,0.0,0.0
optimal@30s+aware,4,500,2776,2606,0.9387608069164264,0.0612391930835734,0.0241354466858789,0.0371037463976945,0.0,224.81971625509672,200.24506964349257,420.7671903053306,218.23441987535847,1042.4,23.642363775901764,201.17735247919495,0.2641006233498671,0.0995533292179649,0.6363460474321679,374,12.590909090909092,0.1913909091431159,0.2630380005575715,0.0498687664041994,36.68207141639376,0.0071042004483417,0.2459893048128342,2776,0.0,0.9387608069164264,0.0,0.0,1.0,25691.34839820995,0.0,-1.2814342407173892e-14,2.681588216594503e-13,0.0,0.0,0.0,0.0,,,0.0,500.0,51.3826967964199,0.0,0.0
optimal@30s+aware,5,500,2776,2627,0.9463256484149856,0.0536743515850144,0.0129682997118155,0.0407060518731988,0.0,215.9697776983737,191.2855929618072,399.5642256366394,209.45793871191,1050.8,20.86981347544728,195.0999642229264,0.2603587674267145,0.0990304806852158,0.6406107518880696,377,11.387267904509285,0.1851830238737558,0.2587080005469033,0.0449927431059506,44.61179475792845,0.0110729311454043,0.273209549071618,2776,0.0,0.9463256484149856,0.0,0.0,1.0,25775.958059179407,0.0,5.758283500237032e-15,2.67848341315623e-13,0.0,0.0,0.0,0.0,,,0.0,500.0,51.55191611835882,0.0,0.0
