arm,seed,drivers.num_drivers,requests,completed,completion_rate,cancel_rate,cancel_no_match_rate,cancel_eta_rate,cancel_late_rate,wait_mean_s,wait_p50_s,wait_p90_s,wait_all_mean_s,completed_per_hour,time_to_match_mean_s,pickup_mean_s,driver_idle_frac,driver_enroute_frac,driver_ontrip_frac,batches,batch_riders_mean,solve_ms_mean,solve_ms_p99,decline_rate,shadow_gap_s_per_batch,shadow_gap_frac,shadow_worse_batches_frac,app_opens,priced_out_rate,served_rate,retried_rate,surged_trip_frac,mean_multiplier_paid,revenue_per_hour,surge_revenue_per_hour,eta_error_mean_s,eta_abs_error_mean_s,eta_late_2min_frac,moves_per_driver_hour,chase_moves_per_hour,reposition_km_per_hour,moves_dispatched_frac,move_planned_mean_s,driver_reposition_frac,drivers_online_mean,earnings_per_online_hour,reserve_logons,reserve_logoffs
immediate_greedy,0,300,2254,1819,0.8070097604259094,0.1929902395740905,0.0048802129547471,0.1881100266193434,0.0,290.0097183077391,255.87743419518665,527.837895612377,236.26896980739875,727.6,1.9671130347852783,288.0426052729537,0.0759275298590238,0.1675688744164468,0.7565035957245293,2747,2.0600655260283944,0.0353054604714459,0.0812079997558612,0.0513986013986014,,,,2254,0.0,0.8070097604259094,0.0,0.0,1.0,18175.527701486462,0.0,8.504833267914667e-15,2.7280016862540986e-13,0.0,0.0,0.0,0.0,,,0.0,300.0,60.585092338288206,0.0,0.0
immediate_greedy,1,300,2254,1822,0.808340727595386,0.191659272404614,0.0066548358473824,0.1850044365572316,0.0,298.835255005743,268.6646714791855,532.8801076823286,245.3752791087459,728.8,3.0069774123440824,295.8282775933989,0.0728104660549911,0.1708986724984287,0.7562908614465801,2805,2.5518716577540106,0.0370341176549993,0.0829960007831687,0.0437853107344632,,,,2254,0.0,0.808340727595386,0.0,0.0,1.0,18182.399026333453,0.0,6.774432216560176e-15,2.780978277274783e-13,0.0,0.0,0.0,0.0,,,0.0,300.0,60.60799675444485,0.0,0.0
immediate_greedy,2,300,2254,1819,0.8070097604259094,0.1929902395740905,0.0026619343389529,0.1903283052351375,0.0,309.8263796326555,279.0943628460045,560.6180711704898,252.3745734639355,727.6,2.472131478850024,307.35424815380543,0.0672745151958948,0.1784363023100685,0.7542891824940366,2707,2.059106021425933,0.0332842260606189,0.0908999991224845,0.0555748523792983,,,,2254,0.0,0.8070097604259094,0.0,0.0,1.0,18236.7897503899,0.0,1.0237733329220741e-14,2.713133608805023e-13,0.0,0.0,0.0,0.0,,,0.0,300.0,60.789299167966334,0.0,0.0
immediate_greedy,3,300,2254,1836,0.8145519077196096,0.1854480922803904,0.0062111801242236,0.1792369121561668,0.0,296.36788655429484,264.79344416741014,533.4511867560786,244.52182220651548,734.4,1.8648636219952115,294.5030229322996,0.0771845888368572,0.1727300712959275,0.7500853398672152,2798,2.2194424588992137,0.0352387062108304,0.0781179999103188,0.0560780215952629,,,,2254,0.0,0.8145519077196096,0.0,0.0,1.0,18237.936777739666,0.0,9.261049927417864e-15,2.685965707898151e-13,0.0,0.0,0.0,0.0,,,0.0,300.0,60.79312259246554,0.0,0.0
immediate_greedy,4,300,2254,1807,0.8016858917480035,0.1983141082519964,0.0079858030168589,0.1903283052351375,0.0,300.2035723521738,270.37802403002206,535.4621680343856,244.5137552384864,722.8,2.3098930510643885,297.8936793011094,0.0718014080872796,0.172835567339719,0.7553630245730013,2729,2.408574569439355,0.0369756687500141,0.0891600009344982,0.0571229536746778,,,,2254,0.0,0.8016858917480035,0.0,0.0,1.0,18168.068394985,0.0,-1.2012281349779392e-14,2.724299295653413e-13,0.0,0.0,0.0,0.0,,,0.0,300.0,60.560227983283326,0.0,0.0
immediate_greedy,5,300,2254,1826,0.8101153504880213,0.1898846495119787,0.0022182786157941,0.1876663708961845,0.0,301.4527985729743,273.80990176570936,531.309328439891,246.2416011776048,730.4,1.6203470525721893,299.8324515204021,0.0667476876261168,0.1747251884531847,0.7585271239206984,2683,1.9325382035035408,0.0331423778987166,0.0789540002733701,0.051952580195258,,,,2254,0.0,0.8101153504880213,0.0,0.0,1.0,18201.61029128242,0.0,1.1114390410814821e-15,2.715291785987401e-13,0.0,0.0,0.0,0.0,,,0.0,300.0,60.67203430427473,0.0,0.0
immediate_greedy,0,350,2254,1978,0.8775510204081632,0.1224489795918367,0.0017746228926353,0.1206743566992014,0.0,240.38140110888267,213.74043313993184,455.4146306217867,212.18768076494268,791.2,1.104553400884166,239.27684770799848,0.164306574966777,0.1334770411581171,0.7022163838751059,2711,1.651420140169679,0.03430379933897,0.1015699996059994,0.0492662473794549,,,,2254,0.0,0.8775510204081632,0.0,0.0,1.0,19759.708511069144,0.0,4.889920622110398e-16,2.6989981982874256e-13,0.0,0.0,0.0,0.0,,,0.0,350.0,56.45631003162613,0.0,0.0
immediate_greedy,1,350,2254,1973,0.8753327417923691,0.1246672582076308,0.0031055900621118,0.121561668145519,0.0,236.80390322995777,208.8311829701306,443.17309571359,208.7319939623172,789.2,1.6806434079606574,235.12325982199712,0.1655262582318381,0.1309307579044899,0.703542983863672,2839,1.7787953504755196,0.0355701303312064,0.0858859998334082,0.0539505743125652,,,,2254,0.0,0.8753327417923691,0.0,0.0,1.0,19717.90199578468,0.0,-5.5498771653689785e-15,2.721573600037073e-13,0.0,0.0,0.0,0.0,,,0.0,350.0,56.33686284509909,0.0,0.0
immediate_greedy,2,350,2254,2001,0.8877551020408163,0.1122448979591836,0.0013309671694764,0.1109139307897071,0.0,248.63976213676236,215.34263108371124,460.30953983664585,221.3592464619805,800.4,1.013959164763207,247.62580297199912,0.1473976589356449,0.1404026217603653,0.7121997193039897,2613,1.4776119402985075,0.0403061232703078,0.0891880006383871,0.0479188527457152,,,,2254,0.0,0.8877551020408163,0.0,0.0,1.0,20038.59552625243,0.0,-6.2873799675423654e-15,2.6911451023092825e-13,0.0,0.0,0.0,0.0,,,0.0,350.0,57.25313007500694,0.0,0.0
immediate_greedy,3,350,2254,1933,0.857586512866016,0.142413487133984,0.0044365572315882,0.1379769299023957,0.0,246.20992847869996,214.95508093737044,463.50599444124566,213.43796134077184,773.2,1.1203550797766553,245.08957339892328,0.1835584336515404,0.1329500609242376,0.683491505424222,2726,1.859501100513573,0.0463939104747123,0.1142750006692949,0.0487035739313244,,,,2254,0.0,0.857586512866016,0.0,0.0,1.0,19203.299871635256,0.0,-1.0901666417902313e-14,2.752847671033312e-13,0.0,0.0,0.0,0.0,,,0.0,350.0,54.866571061815016,0.0,0.0
immediate_greedy,4,350,2254,1968,0.8731144631765749,0.126885536823425,0.0008873114463176,0.1259982253771073,0.0,243.77870004744375,215.66871176117888,450.3399428754543,213.5761857369688,787.2,0.6766535177959633,243.1020465296478,0.1562607072305686,0.1343417495636737,0.7093975432057577,2666,1.4054763690922731,0.0394460990331839,0.0823349993879673,0.0469023451172558,,,,2254,0.0,0.8731144631765749,0.0,0.0,1.0,19933.37988491481,0.0,-2.6374566487436647e-15,2.684510247340177e-13,0.0,0.0,0.0,0.0,,,0.0,350.0,56.952513956899466,0.0,0.0
immediate_greedy,5,350,2254,1979,0.8779946761313221,0.1220053238686779,0.0022182786157941,0.1197870452528837,0.0,242.34057260945997,215.3809955677898,447.8916393768825,214.27588116494147,791.6,0.8333936926936378,241.5071789167663,0.1509807270183634,0.133358519824667,0.7156607531569695,2712,1.7175516224188792,0.0444571533751025,0.1093890016636578,0.051952580195258,,,,2254,0.0,0.8779946761313221,0.0,0.0,1.0,20000.60233601404,0.0,-2.1270953108482785e-15,2.5748983541612105e-13,0.0,0.0,0.0,0.0,,,0.0,350.0,57.144578102897256,0.0,0.0
immediate_greedy,0,400,2254,2044,0.906832298136646,0.093167701863354,0.0017746228926353,0.0913930789707187,0.0,217.78715479628747,185.2567185843084,436.25497773465656,198.3611905411172,817.6,0.5864577876623583,217.2006970086251,0.2544729638664739,0.1104327722719902,0.6350942638615357,2657,1.4666917576213776,0.0431818592494732,0.099856001106673,0.050261780104712,,,,2254,0.0,0.906832298136646,0.0,0.0,1.0,20462.034898568072,0.0,-4.297497343852367e-16,2.698415528857724e-13,0.0,0.0,0.0,0.0,,,0.0,400.0,51.15508724642018,0.0,0.0
immediate_greedy,1,400,2254,2045,0.9072759538598048,0.0927240461401952,0.0013309671694764,0.0913930789707187,0.0,212.78160101674143,182.5731290420308,422.3748910466629,193.8650379925408,818.0,1.3616457014313803,211.4199553153101,0.25186665188495,0.1077112001470368,0.640422147968013,2745,1.6065573770491803,0.0458132604706469,0.1014679985382826,0.0512373649355176,,,,2254,0.0,0.9072759538598048,0.0,0.0,1.0,20464.109481922496,0.0,-8.040512021471111e-15,2.672670017927263e-13,0.0,0.0,0.0,0.0,,,0.0,400.0,51.16027370480624,0.0,0.0
immediate_greedy,2,400,2254,2073,0.919698314108252,0.080301685891748,0.0004436557231588,0.0798580301685891,0.0,219.07643362638376,184.144523279871,432.4501265063449,201.84238999891727,829.2,0.7240736480981251,218.3523599782856,0.2395344715893532,0.1127198870623892,0.6477456413482576,2648,1.3395015105740182,0.0398903700925267,0.081506001206435,0.0525217391304347,,,,2254,0.0,0.919698314108252,0.0,0.0,1.0,20865.60359350544,0.0,-2.2475669821818223e-14,2.7157865386780553e-13,0.0,0.0,0.0,0.0,,,0.0,400.0,52.1640089837636,0.0,0.0
immediate_greedy,3,400,2254,2013,0.8930789707187222,0.1069210292812777,0.0026619343389529,0.1042590949423247,0.0,218.77476640897385,185.8223342212941,432.7326111470584,196.8083871498825,805.2,0.6626145774411237,218.11215183153269,0.2633467631492148,0.1082801865046472,0.6283730503461379,2720,1.557720588235294,0.0443784191488435,0.0970669998241646,0.0436158986985578,,,,2254,0.0,0.8930789707187222,0.0,0.0,1.0,20105.37672118278,0.0,-5.7345528667871466e-15,2.682744460978679e-13,0.0,0.0,0.0,0.0,,,0.0,400.0,50.26344180295695,0.0,0.0
immediate_greedy,4,400,2254,2058,0.9130434782608696,0.0869565217391304,0.0,0.0869565217391304,0.0,219.78467771318623,186.7370206164601,427.4342237216701,201.23605287042287,823.2,0.3336609066128737,219.4510168065734,0.2397520155826907,0.1126720672038186,0.6475759172134906,2597,1.3103581055063536,0.0399197920708155,0.0864319994434481,0.043188202247191,,,,2254,0.0,0.9130434782608696,0.0,0.0,1.0,20815.918531046023,0.0,-1.4414557443141002e-15,2.703480458611425e-13,0.0,0.0,0.0,0.0,,,0.0,400.0,52.03979632761506,0.0,0.0
immediate_greedy,5,400,2254,2064,0.9157054125998224,0.0842945874001774,0.0013309671694764,0.0829636202307009,0.0,208.86533557947345,180.16691954756368,415.7554716593456,192.05456284338044,825.6,0.7071339651438274,208.1582016143296,0.242318087807133,0.1075013582044901,0.6501805539883769,2641,1.4714123438091633,0.0429477849273143,0.102100000003702,0.0542043085476025,,,,2254,0.0,0.9157054125998224,0.0,0.0,1.0,20764.4120412648,0.0,-3.3950017646434777e-15,2.63841274409655e-13,0.0,0.0,0.0,0.0,,,0.0,400.0,51.911030103162,0.0,0.0
immediate_greedy,0,450,2254,2110,0.9361135758651288,0.0638864241348713,0.0,0.0638864241348713,0.0,186.04034977901256,154.73776564437594,373.8900755924493,174.42104452446662,844.0,0.6982961351395315,185.34205364387304,0.323458823532228,0.0885164081972966,0.5880247682704755,2683,1.3179276928811032,0.0413641073359447,0.0841799997215274,0.0462023101155057,,,,2254,0.0,0.9361135758651288,0.0,0.0,1.0,21221.171224566737,0.0,-2.352620468106161e-15,2.633129101804724e-13,0.0,0.0,0.0,0.0,,,0.0,450.0,47.15815827681498,0.0,0.0
immediate_greedy,1,450,2254,2106,0.9343389529724934,0.0656610470275066,0.0004436557231588,0.0652173913043478,0.0,186.48342772912568,156.31950038447803,369.6212149784572,174.576074381788,842.4,0.3647319911464213,186.1186957379792,0.3231410752142343,0.0879536511881454,0.5889052735976202,2619,1.2924780450553646,0.0406473463329088,0.0797640001474065,0.0515320334261838,,,,2254,0.0,0.9343389529724934,0.0,0.0,1.0,21136.21234740228,0.0,7.198631265841138e-15,2.64040767724328e-13,0.0,0.0,0.0,0.0,,,0.0,450.0,46.96936077200506,0.0,0.0
immediate_greedy,2,450,2254,2114,0.937888198757764,0.062111801242236,0.0,0.062111801242236,0.0,185.8495830514825,153.8603785337532,367.2959910671458,174.4984246418278,845.6,0.4096832989863959,185.43989975249613,0.3223185373628481,0.0886389642748848,0.5890424983622671,2572,1.2616640746500778,0.0412890357796157,0.0816580004538991,0.047535826634044,,,,2254,0.0,0.937888198757764,0.0,0.0,1.0,21205.87325022901,0.0,-5.545443217418143e-15,2.6213069347848863e-13,0.0,0.0,0.0,0.0,,,0.0,450.0,47.12416277828669,0.0,0.0
immediate_greedy,3,450,2254,2072,0.9192546583850932,0.0807453416149068,0.0,0.0807453416149068,0.0,192.75195960050695,162.47343990640002,401.7865003086412,177.52432220317422,828.8,0.3108978093692406,192.4410617911378,0.3375444329306761,0.0886995972862627,0.573755969783061,2587,1.250483185156552,0.0418374951751598,0.0784240003122247,0.0428521250439058,,,,2254,0.0,0.9192546583850932,0.0,0.0,1.0,20660.666586871983,0.0,3.5840056791084685e-15,2.678891000063579e-13,0.0,0.0,0.0,0.0,,,0.0,450.0,45.91259241527108,0.0,0.0
immediate_greedy,4,450,2254,2119,0.940106477373558,0.0598935226264418,0.0004436557231588,0.059449866903283,0.0,189.2398493639624,158.00377635523728,376.2736459632803,178.0287374643869,847.6,0.2024821538658222,189.03736721009665,0.3128516445334059,0.0900503323322394,0.5970980231343547,2534,1.1906077348066295,0.0397279400182307,0.072667000349611,0.0455501051156271,,,,2254,0.0,0.940106477373558,0.0,0.0,1.0,21525.63890402624,0.0,1.233138702575634e-15,2.6585246510123633e-13,0.0,0.0,0.0,0.0,,,0.0,450.0,47.83475312005831,0.0,0.0
immediate_greedy,5,450,2254,2131,0.945430346051464,0.0545696539485359,0.0,0.0545696539485359,0.0,178.97608145897055,152.0653704308952,357.02414300545115,169.2659698371555,852.4,0.2741770339561483,178.70190442501442,0.3165413704254529,0.0855673512973004,0.5978912782772466,2508,1.1997607655502391,0.0410010765730304,0.0800650005476199,0.0501917044266294,,,,2254,0.0,0.945430346051464,0.0,0.0,1.0,21493.76474436135,0.0,-8.965142096550772e-16,2.63480566422604e-13,0.0,0.0,0.0,0.0,,,0.0,450.0,47.76392165413633,0.0,0.0
immediate_greedy,0,500,2254,2140,0.9494232475598936,0.0505767524401064,0.0,0.0505767524401064,0.0,168.99454276550708,137.80566079581604,346.55642860292426,160.62677055816306,856.0,0.2440713324765288,168.75047143303055,0.3856877290169443,0.074176166616466,0.5401361043665897,2554,1.221221613155834,0.0420244322603215,0.0794879996465169,0.0468695348023784,,,,2254,0.0,0.9494232475598936,0.0,0.0,1.0,21581.83950051496,0.0,-3.433805680088311e-15,2.616754165377022e-13,0.0,0.0,0.0,0.0,,,0.0,500.0,43.16367900102992,0.0,0.0
immediate_greedy,1,500,2254,2147,0.9525288376220054,0.0474711623779946,0.0,0.0474711623779946,0.0,167.96025973851238,134.2463128629097,343.5173066761996,160.00865279650588,858.8,0.3016955588710756,167.6585641796413,0.3835561791756166,0.0731357576878558,0.5433080631365276,2527,1.1903442817570242,0.0425466561143334,0.0770000001284643,0.047535826634044,,,,2254,0.0,0.9525288376220054,0.0,0.0,1.0,21679.098813875426,0.0,-8.339858845437598e-16,2.5615859896422613e-13,0.0,0.0,0.0,0.0,,,0.0,500.0,43.35819762775085,0.0,0.0
immediate_greedy,2,500,2254,2153,0.9551907719609584,0.0448092280390417,0.0,0.0448092280390417,0.0,165.28798261616805,134.73541003427363,338.9958959303396,157.9195096957555,861.2,0.1762799518105583,165.11170266435752,0.3829099906326954,0.0730419960460137,0.5440480133212908,2498,1.1733386709367497,0.0421267814090242,0.0742390010782403,0.0528328119568995,,,,2254,0.0,0.9551907719609584,0.0,0.0,1.0,21742.10493394822,0.0,2.586154441755729e-15,2.66887920650374e-13,0.0,0.0,0.0,0.0,,,0.0,500.0,43.48420986789644,0.0,0.0
immediate_greedy,3,500,2254,2112,0.9370008873114464,0.0629991126885536,0.0,0.0629991126885536,0.0,175.19591066752685,137.59276465034054,368.51781035731335,164.26052324744978,844.8,0.3520657285745109,174.84384493895232,0.3944117288193882,0.0750712965804451,0.5305169746001666,2556,1.214397496087637,0.0427766823067001,0.0786600008723324,0.047535826634044,,,,2254,0.0,0.9370008873114464,0.0,0.0,1.0,21182.633370800264,0.0,6.450648096486847e-15,2.6713606074676743e-13,0.0,0.0,0.0,0.0,,,0.0,500.0,42.36526674160053,0.0,0.0
immediate_greedy,4,500,2254,2165,0.9605146406388644,0.0394853593611357,0.0,0.0394853593611357,0.0,161.14982144610906,131.7786867802215,322.5307904733887,154.7987453365836,866.0,0.1528384222398673,160.99698302386915,0.379922995186673,0.0713057217582073,0.5487712830551197,2469,1.1733495342243825,0.0415565816219247,0.0774320002528839,0.0482011875654907,,,,2254,0.0,0.9605146406388644,0.0,0.0,1.0,21952.58042401656,0.0,-1.948659350381337e-15,2.650800287510741e-13,0.0,0.0,0.0,0.0,,,0.0,500.0,43.90516084803311,0.0,0.0
immediate_greedy,5,500,2254,2150,0.9538598047914818,0.0461401952085181,0.0,0.0461401952085181,0.0,160.93028169206517,134.09234319416146,325.46949789418375,153.5484053273397,860.0,0.1772194616447177,160.75306223042045,0.3837529518810482,0.0708887707895646,0.5453582773293871,2500,1.1756,0.0434860800058231,0.0825009988329838,0.0544760582928521,,,,2254,0.0,0.9538598047914818,0.0,0.0,1.0,21792.07962794661,0.0,3.0896215818312728e-15,2.6509068841860005e-13,0.0,0.0,0.0,0.0,,,0.0,500.0,43.584159255893226,0.0,0.0
batched_greedy@10s,0,300,2254,1832,0.8127772848269743,0.1872227151730257,0.0110913930789707,0.176131322094055,0.0,295.22247148919433,266.2656527097008,517.4483762659058,244.95470441669016,732.8,7.31386462882096,287.90860686037337,0.0713924876410194,0.1683368276139707,0.7602706847450097,1044,4.181992337164751,0.0635166666596055,0.1452230004178998,0.0466101694915254,,,,2254,0.0,0.8127772848269743,0.0,0.0,1.0,18307.75371262883,0.0,-4.0186194983047686e-15,2.701405329415984e-13,0.0,0.0,0.0,0.0,,,0.0,300.0,61.02584570876276,0.0,0.0
batched_greedy@10s,1,300,2254,1830,0.8118899733806566,0.1881100266193434,0.0075421472937,0.1805678793256433,0.0,300.57885163958883,272.46823049112163,533.812670392872,248.57413100240575,732.0,7.3743169398907105,293.20453469969806,0.0705373579383837,0.1702972562669003,0.7591653857947159,1044,4.033524904214559,0.0643787356503878,0.1437240004270277,0.0451658433309809,,,,2254,0.0,0.8118899733806566,0.0,0.0,1.0,18198.79938683652,0.0,1.0552821518874221e-14,2.7371668987223013e-13,0.0,0.0,0.0,0.0,,,0.0,300.0,60.6626646227884,0.0,0.0
batched_greedy@10s,2,300,2254,1838,0.8154392191659272,0.1845607808340727,0.0110913930789707,0.173469387755102,0.0,303.4514303928819,272.9136350010599,537.3011469934,253.464437936424,735.2,8.485854189336235,294.96557620354565,0.0666437499712776,0.1719719076806851,0.7613843423480372,1042,4.514395393474088,0.0648166986770609,0.1424259994018938,0.0585774058577405,,,,2254,0.0,0.8154392191659272,0.0,0.0,1.0,18341.971121045564,0.0,7.348492507279545e-15,2.777152223578675e-13,0.0,0.0,0.0,0.0,,,0.0,300.0,61.13990373681855,0.0,0.0
batched_greedy@10s,3,300,2254,1834,0.8136645962732919,0.186335403726708,0.0093167701863354,0.1770186335403726,0.0,292.1147368692345,259.48448596106755,522.6364882272549,242.4089203460717,733.6,7.057251908396947,285.05748496083754,0.0790559519873216,0.1666815892376492,0.7542624587750291,1034,4.1228239845261125,0.064902514521947,0.1481069999317696,0.058228730822873,,,,2254,0.0,0.8136645962732919,0.0,0.0,1.0,18313.93550699114,0.0,5.690831303105873e-15,2.677644850060726e-13,0.0,0.0,0.0,0.0,,,0.0,300.0,61.04645168997047,0.0,0.0
batched_greedy@10s,4,300,2254,1784,0.7914818101153505,0.2085181898846495,0.0075421472937,0.2009760425909494,0.0,312.1779920946334,277.24111442270214,557.9896978426474,251.7502234205407,713.6,8.01793721973094,304.1600548749024,0.0740555451340403,0.1722463967815446,0.753698058084415,1039,4.0789220404234845,0.0626001924847672,0.1441919997887451,0.0508236943568173,,,,2254,0.0,0.7914818101153505,0.0,0.0,1.0,18087.67759946243,0.0,-6.8714341640701394e-15,2.683563386455162e-13,0.0,0.0,0.0,0.0,,,0.0,300.0,60.292258664874765,0.0,0.0
batched_greedy@10s,5,300,2254,1843,0.8176574977817214,0.1823425022182786,0.0031055900621118,0.1792369121561668,0.0,296.54874314038875,266.1453012670964,512.5036380878297,246.1693389577146,737.2,7.161692892023874,289.3870502483649,0.0640942393293862,0.1705240323713323,0.7653817282992815,1037,3.845708775313404,0.0635298939145244,0.1400720002857277,0.052649930264993,,,,2254,0.0,0.8176574977817214,0.0,0.0,1.0,18400.99128240892,0.0,-1.0663442155564119e-14,2.756847020518476e-13,0.0,0.0,0.0,0.0,,,0.0,300.0,61.33663760802975,0.0,0.0
batched_greedy@10s,0,350,2254,1967,0.8726708074534162,0.1273291925465838,0.0035492457852706,0.1237799467613132,0.0,242.1617000542528,211.6153805481372,457.0007273266582,213.90738234468023,786.8,6.360955770208439,235.80074428404436,0.1728581629357986,0.1300485926900911,0.6970932443741102,1028,3.517509727626459,0.0748264591482736,0.1608459992530697,0.0549565217391304,,,,2254,0.0,0.8726708074534162,0.0,0.0,1.0,19604.03411131347,0.0,-1.0111552334293216e-14,2.693883076278012e-13,0.0,0.0,0.0,0.0,,,0.0,350.0,56.0115260323242,0.0,0.0
batched_greedy@10s,1,350,2254,1969,0.8735581188997338,0.1264418811002662,0.0057675244010647,0.1206743566992014,0.0,237.560578902024,208.9071288626128,444.23718987432005,210.37632862918304,787.6,6.662772981208735,230.89780592081524,0.1645008055390679,0.1274439321547888,0.708055262306143,1030,3.624271844660194,0.0752461165230997,0.1572970006054675,0.0563674321503131,,,,2254,0.0,0.8735581188997338,0.0,0.0,1.0,19777.152741923863,0.0,4.2031724300486376e-15,2.6731960136246233e-13,0.0,0.0,0.0,0.0,,,0.0,350.0,56.50615069121104,0.0,0.0
batched_greedy@10s,2,350,2254,1988,0.8819875776397516,0.1180124223602484,0.0017746228926353,0.1162377994676131,0.0,252.316975536052,217.976491090943,466.2708873682223,223.82533679026923,795.2,6.203722334004024,246.113253202048,0.155345663013672,0.1365688299501573,0.7080855070361707,1027,3.2151898734177213,0.0750378772985979,0.1531560001239995,0.0499301675977653,,,,2254,0.0,0.8819875776397516,0.0,0.0,1.0,19931.663857390107,0.0,-1.6322735696048327e-14,2.711236109307244e-13,0.0,0.0,0.0,0.0,,,0.0,350.0,56.94761102111459,0.0,0.0
batched_greedy@10s,3,350,2254,1936,0.8589174800354925,0.1410825199645075,0.0057675244010647,0.1353149955634427,0.0,246.2184291391817,211.68092087706876,463.3462603937583,215.1320334215495,774.4,6.804752066115703,239.41367707306603,0.1805587590393026,0.1289107549198429,0.6905304860408545,1035,3.7458937198067632,0.0740433816605693,0.1572260000102685,0.0464135021097046,,,,2254,0.0,0.8589174800354925,0.0,0.0,1.0,19396.3433419521,0.0,-3.437791832656451e-15,2.658853394571457e-13,0.0,0.0,0.0,0.0,,,0.0,350.0,55.41812383414886,0.0,0.0
batched_greedy@10s,4,350,2254,1966,0.8722271517302573,0.1277728482697426,0.0008873114463176,0.126885536823425,0.0,246.68662678470403,219.0943683847663,456.6070661460999,216.6101729690844,786.4,5.514750762970499,241.1718760217335,0.162411945577,0.1325999905058713,0.7049880639171286,1011,3.128585558852621,0.0750480711993223,0.1565599999594269,0.0488997555012225,,,,2254,0.0,0.8722271517302573,0.0,0.0,1.0,19778.97854288418,0.0,-1.1823705798775016e-14,2.685687097152441e-13,0.0,0.0,0.0,0.0,,,0.0,350.0,56.51136726538337,0.0,0.0
batched_greedy@10s,5,350,2254,1998,0.8864241348713399,0.1135758651286601,0.0039929015084294,0.1095829636202307,0.0,247.73844703927963,219.86334407925824,449.75745044573256,221.7601657316231,799.2,6.622122122122122,241.1163249171575,0.1459762859577338,0.134890531468314,0.7191331825739521,1027,3.545277507302824,0.0773038948641987,0.1670479996391805,0.0546657381615598,,,,2254,0.0,0.8864241348713399,0.0,0.0,1.0,20106.562160599027,0.0,7.627087705708157e-15,2.689671419631879e-13,0.0,0.0,0.0,0.0,,,0.0,350.0,57.44732045885437,0.0,0.0
batched_greedy@10s,0,400,2254,2046,0.9077196095829636,0.0922803904170363,0.0017746228926353,0.090505767524401,0.0,216.77758672969853,182.8779328165574,426.0869091301324,198.0860368952085,818.4,5.965298142717497,210.81228858698103,0.2565192299260525,0.10744460090503,0.6360361691689175,1021,3.209598432908913,0.0802767874501293,0.1687599989963927,0.053894297635605,,,,2254,0.0,0.9077196095829636,0.0,0.0,1.0,20434.503851684916,0.0,-1.1846502924929896e-14,2.6996868952368455e-13,0.0,0.0,0.0,0.0,,,0.0,400.0,51.086259629212286,0.0,0.0
batched_greedy@10s,1,400,2254,2058,0.9130434782608696,0.0869565217391304,0.0031055900621118,0.0838509316770186,0.0,216.2033226165668,186.1614305765565,414.9678571659458,198.9847587309171,823.2,6.650631681243926,209.5526909353229,0.2459628576924781,0.107494773321787,0.6465423689857348,1018,3.4194499017681728,0.0790382122510385,0.1615730010416884,0.0569049271339347,,,,2254,0.0,0.9130434782608696,0.0,0.0,1.0,20694.29226143564,0.0,-2.8527013382982647e-15,2.647911044947388e-13,0.0,0.0,0.0,0.0,,,0.0,400.0,51.73573065358909,0.0,0.0
batched_greedy@10s,2,400,2254,2073,0.919698314108252,0.080301685891748,0.0,0.080301685891748,0.0,220.9252498452121,190.22482013221637,428.6249527845428,203.8145709534715,829.2,5.680173661360348,215.24507618385175,0.2417081856161537,0.1113708049897149,0.6469210093941313,1012,3.0286561264822134,0.0820260869058912,0.1712999999472231,0.0515140967629655,,,,2254,0.0,0.919698314108252,0.0,0.0,1.0,20831.8324358176,0.0,-1.1159856873096556e-14,2.6532798577084213e-13,0.0,0.0,0.0,0.0,,,0.0,400.0,52.07958108954399,0.0,0.0
batched_greedy@10s,3,400,2254,2022,0.8970718722271517,0.1029281277728482,0.0017746228926353,0.1011535048802129,0.0,221.67626248436216,187.72246647262227,433.594550103865,200.6096540031952,808.8,5.439663699307617,216.23659878505453,0.258007065200131,0.1084922138574089,0.6335007209424601,1020,3.1735294117647057,0.0798314705581801,0.1711429996430524,0.0415639309616061,,,,2254,0.0,0.8970718722271517,0.0,0.0,1.0,20251.555468454662,0.0,-6.382409712286261e-16,2.677216619622999e-13,0.0,0.0,0.0,0.0,,,0.0,400.0,50.62888867113666,0.0,0.0
batched_greedy@10s,4,400,2254,2046,0.9077196095829636,0.0922803904170363,0.0008873114463176,0.0913930789707187,0.0,222.2808594724847,188.0888968498898,434.474168232684,202.82047777586155,818.4,5.565004887585533,216.71585458489915,0.2450070205575135,0.1107872628804985,0.644205716561988,1011,3.0811078140455,0.0773770524197569,0.166469999749097,0.0515499825844653,,,,2254,0.0,0.9077196095829636,0.0,0.0,1.0,20662.169006635075,0.0,-8.453756864731299e-15,2.6874125820320455e-13,0.0,0.0,0.0,0.0,,,0.0,400.0,51.65542251658768,0.0,0.0
batched_greedy@10s,5,400,2254,2076,0.9210292812777284,0.0789707187222715,0.0017746228926353,0.0771960958296362,0.0,213.23176033613683,185.78063519092348,405.3286396611029,197.7470009648739,830.4,5.791425818882466,207.4403345172543,0.2387434774848357,0.1064890570827911,0.6547674654323731,1019,3.201177625122669,0.0809273797871832,0.1701960007267184,0.0482686253934942,,,,2254,0.0,0.9210292812777284,0.0,0.0,1.0,20926.322854353675,0.0,4.851610442870626e-15,2.663200424481173e-13,0.0,0.0,0.0,0.0,,,0.0,400.0,52.31580713588419,0.0,0.0
batched_greedy@10s,0,450,2254,2104,0.9334516415261755,0.0665483584738243,0.0,0.0665483584738243,0.0,190.62451845339223,159.88557541086175,376.23099010784665,178.5980420700698,841.6,5.379752851711027,185.2447656016812,0.3252712905235819,0.0879502968463747,0.5867784126300433,1014,2.980276134122288,0.0857622287976321,0.1759350011161586,0.0505226480836236,,,,2254,0.0,0.9334516415261755,0.0,0.0,1.0,21123.704068396928,0.0,-4.825881983845928e-15,2.612063501700792e-13,0.0,0.0,0.0,0.0,,,0.0,450.00000000000006,46.94156459643761,0.0,0.0
batched_greedy@10s,1,450,2254,2109,0.9356699201419698,0.0643300798580301,0.0004436557231588,0.0638864241348713,0.0,190.7747219825916,162.4180225429418,376.5779814607631,179.1177954645966,843.6,5.502607871028924,185.27211411156264,0.3214081177067081,0.0870513964359846,0.5915404858573072,1012,3.007905138339921,0.0868457510035872,0.1782779989116534,0.0502092050209205,,,,2254,0.0,0.9356699201419698,0.0,0.0,1.0,21219.114776424896,0.0,-3.134313840027588e-15,2.6322529846754764e-13,0.0,0.0,0.0,0.0,,,0.0,450.0,47.15358839205532,0.0,0.0
batched_greedy@10s,2,450,2254,2119,0.940106477373558,0.0598935226264418,0.0,0.0598935226264418,0.0,187.2219060220788,158.74949583166153,370.3624383625773,176.4592807723092,847.6,5.351109013685701,181.87079700839308,0.3225360177633879,0.0867706764745457,0.5906933057620662,1010,2.9584158415841584,0.0868200990009769,0.1901929999621642,0.056767047421253,,,,2254,0.0,0.940106477373558,0.0,0.0,1.0,21268.99610297282,0.0,-6.706396750921191e-17,2.632260724736568e-13,0.0,0.0,0.0,0.0,,,0.0,450.0,47.26443578438404,0.0,0.0
batched_greedy@10s,3,450,2254,2071,0.9188110026619344,0.0811889973380656,0.0008873114463176,0.080301685891748,0.0,199.16499103231803,164.54165405412823,401.0146321786524,183.97074281952865,828.4,5.201834862385321,193.9631561699327,0.3360273800219021,0.0893872800874354,0.5745853398906625,1019,2.982335623159961,0.0791249263932427,0.1787000001058913,0.0472358292512246,,,,2254,0.0,0.9188110026619344,0.0,0.0,1.0,20651.68571777282,0.0,5.262596517692051e-15,2.6848591486752623e-13,0.0,0.0,0.0,0.0,,,0.0,450.0,45.89263492838405,0.0,0.0
batched_greedy@10s,4,450,2254,2105,0.9338952972493344,0.0661047027506654,0.0004436557231588,0.0656610470275066,0.0,196.9050609789406,163.61991685216344,388.7372087607808,184.4599555136807,842.0,5.069833729216152,191.83522724972445,0.3162149997656661,0.0905612149824717,0.5932237852518621,1011,2.9050445103857565,0.0834859545290174,0.1763200007189879,0.0448807854137447,,,,2254,0.0,0.9338952972493344,0.0,0.0,1.0,21373.99452761872,0.0,-1.3482168667305512e-14,2.626379451740052e-13,0.0,0.0,0.0,0.0,,,0.0,450.0,47.497765616930494,0.0,0.0
batched_greedy@10s,5,450,2254,2125,0.9427684117125112,0.0572315882874889,0.0,0.0572315882874889,0.0,182.58200050442636,153.01427821086327,362.2553398680161,172.66537314636466,850.0,5.347764705882353,177.23423579854398,0.3176913299723461,0.0845268083242893,0.5977818617033646,1017,2.951819075712881,0.0860062930035131,0.1822719993651844,0.0616391184573002,,,,2254,0.0,0.9427684117125112,0.0,0.0,1.0,21452.58004019741,0.0,-1.899029952897656e-15,2.650339033206204e-13,0.0,0.0,0.0,0.0,,,0.0,450.0,47.67240008932757,0.0,0.0
batched_greedy@10s,0,500,2254,2146,0.9520851818988464,0.0479148181011535,0.0,0.0479148181011535,0.0,170.39476154776614,141.6279414597666,340.7647065547226,162.61852630057948,858.4,4.962721342031687,165.43204020573447,0.3852336790844803,0.0727950986654033,0.5419712222501163,1006,2.875745526838966,0.0965634195059577,0.1854400008596713,0.0411681914144968,,,,2254,0.0,0.9520851818988464,0.0,0.0,1.0,21657.60259552982,0.0,1.4220787745058856e-15,2.6654457868372543e-13,0.0,0.0,0.0,0.0,,,0.0,500.0,43.31520519105965,0.0,0.0
batched_greedy@10s,1,500,2254,2154,0.9556344276841172,0.0443655723158828,0.0004436557231588,0.043921916592724,0.0,172.9139202265102,139.6891090192321,346.10004735394955,165.63850431843534,861.6,5.141132776230269,167.7727874502799,0.3808722235977175,0.0733915184014024,0.54573625800088,1007,2.919563058589871,0.0866337636133212,0.1865400002134264,0.0502092050209205,,,,2254,0.0,0.9556344276841172,0.0,0.0,1.0,21757.66085613637,0.0,8.51232836410835e-15,2.647736564198527e-13,0.0,0.0,0.0,0.0,,,0.0,500.0,43.51532171227274,0.0,0.0
batched_greedy@10s,2,500,2254,2156,0.9565217391304348,0.0434782608695652,0.0,0.0434782608695652,0.0,169.28422309259378,136.73340710329558,343.8369229924674,162.205317208355,862.4,5.116419294990724,164.16780379760306,0.3832164526715274,0.0724483091931054,0.5443352381353672,1012,2.876482213438736,0.0859554347590731,0.1898600009735673,0.0548040235865417,,,,2254,0.0,0.9565217391304348,0.0,0.0,1.0,21773.67946859195,0.0,-4.7309095416680135e-15,2.63709071071428e-13,0.0,0.0,0.0,0.0,,,0.0,500.0,43.54735893718389,0.0,0.0
batched_greedy@10s,3,500,2254,2121,0.9409937888198758,0.0590062111801242,0.0,0.0590062111801242,0.0,177.95794839698883,141.90134682414646,367.3653699664155,167.90186714729958,848.4,5.2772277227722775,172.68072067421656,0.3916049013527912,0.0743679146168481,0.5340271840303608,1009,2.937561942517344,0.0865355797979305,0.1842839988967169,0.051183844011142,,,,2254,0.0,0.9409937888198758,0.0,0.0,1.0,21327.328747834526,0.0,2.5564965828709404e-15,2.701373097658141e-13,0.0,0.0,0.0,0.0,,,0.0,500.0,42.654657495669056,0.0,0.0
batched_greedy@10s,4,500,2254,2168,0.9618456078083408,0.0381543921916592,0.0,0.0381543921916592,0.0,169.8296497503919,141.21853600534155,338.0911008195652,163.58504022131746,867.2,5.062269372693727,164.76738037769815,0.3766364355829599,0.07310429314784,0.5502592712692,1000,2.894,0.0902975000062724,0.1826040006744733,0.0538194444444444,,,,2254,0.0,0.9618456078083408,0.0,0.0,1.0,21976.084777027736,0.0,-3.2503725008767502e-15,2.681512248820105e-13,0.0,0.0,0.0,0.0,,,0.0,500.0,43.95216955405547,0.0,0.0
batched_greedy@10s,5,500,2254,2149,0.953416149068323,0.046583850931677,0.0,0.046583850931677,0.0,166.45526880530272,136.80119310377268,334.0136646877196,159.0258973658365,859.6,5.022335970218706,161.43293283508402,0.38317966633659,0.070960294309946,0.5458600393534639,1010,2.869306930693069,0.0903012871492704,0.1802729995142726,0.0518441196938065,,,,2254,0.0,0.953416149068323,0.0,0.0,1.0,21774.18291066649,0.0,-4.938916759151464e-17,2.659375227657865e-13,0.0,0.0,0.0,0.0,,,0.0,500.0,43.54836582133299,0.0,0.0
optimal@10s,0,300,2254,1825,0.8096716947648624,0.1903283052351375,0.010204081632653,0.1801242236024844,0.0,294.988432694881,263.0010392074082,533.3145556866136,243.6299513998493,730.0,7.014246575342466,287.9741861195385,0.0725799000059369,0.1685167181902495,0.7589033818038134,1036,4.094594594594595,0.1396409266276719,0.2162900001167149,0.0455669374779229,5.039718587008089,0.0023876946319748,0.0598455598455598,2254,0.0,0.8096716947648624,0.0,0.0,1.0,18246.314695649384,0.0,6.022093022120192e-15,2.657712102144652e-13,0.0,0.0,0.0,0.0,,,0.0,300.0,60.821048985497946,0.0,0.0
optimal@10s,1,300,2254,1821,0.8078970718722271,0.1921029281277728,0.0084294587400177,0.1836734693877551,0.0,310.84099640699,283.1835658590162,541.991643705247,255.6239005308548,728.4,7.15101592531576,303.68998048167424,0.0680417200371131,0.1753007265827494,0.7566575533801375,1034,4.016441005802708,0.1353437137508752,0.1984020003510522,0.0492264416315049,6.300709338183493,0.0030529100530408,0.0589941972920696,2254,0.0,0.8078970718722271,0.0,0.0,1.0,18102.278638891486,0.0,1.0607415854826098e-14,2.711319484261077e-13,0.0,0.0,0.0,0.0,,,0.0,300.0,60.34092879630495,0.0,0.0
optimal@10s,2,300,2254,1825,0.8096716947648624,0.1903283052351375,0.0062111801242236,0.1841171251109139,0.0,315.4487097680432,289.1561165511157,556.3371612526042,260.15390294489123,730.0,7.526575342465754,307.92213442557744,0.0624269049021298,0.1792276571596112,0.7583454379382589,1033,4.119070667957406,0.1424766698904613,0.2040680004574824,0.0550906555090655,3.618837208002909,0.0016792940645589,0.0522749273959341,2254,0.0,0.8096716947648624,0.0,0.0,1.0,18373.036620965064,0.0,-7.000305966557042e-15,2.8052421877051433e-13,0.0,0.0,0.0,0.0,,,0.0,300.0,61.243455403216885,0.0,0.0
optimal@10s,3,300,2254,1842,0.8172138420585625,0.1827861579414374,0.0119787045252883,0.170807453416149,0.0,302.649662793013,268.2799132158645,548.0410000753203,253.1447259584708,736.8,7.655266015200868,294.99439677781214,0.0723778618790345,0.1721108547139363,0.7555112834070291,1036,4.422779922779923,0.1351087838705178,0.1993950003452484,0.0523541813070976,4.979820017271391,0.0020674035576719,0.0608108108108108,2254,0.0,0.8172138420585625,0.0,0.0,1.0,18347.65971595572,0.0,4.860390049173324e-16,2.701480009652723e-13,0.0,0.0,0.0,0.0,,,0.0,300.0,61.15886571985241,0.0,0.0
optimal@10s,4,300,2254,1789,0.7937000887311446,0.2062999112688553,0.0053238686779059,0.2009760425909494,0.0,321.5275999186529,292.6122366249256,560.2280446048211,259.96032616269883,715.6,7.837339295695919,313.690260622957,0.0677149108869381,0.1769656610610198,0.755319428052042,1046,4.046845124282982,0.1337190248042598,0.1942550003150245,0.0556909154194222,5.469656207920528,0.0025738334983599,0.0621414913957935,2254,0.0,0.7937000887311446,0.0,0.0,1.0,18102.67911119958,0.0,9.36137075565431e-15,2.744188331015797e-13,0.0,0.0,0.0,0.0,,,0.0,300.0,60.34226370399861,0.0,0.0
optimal@10s,5,300,2254,1834,0.8136645962732919,0.186335403726708,0.0044365572315882,0.1818988464951197,0.0,298.6582226411274,269.9711841246399,519.5735181148906,246.82189379897832,733.6,6.874045801526718,291.78417683960066,0.0652351889775163,0.17032081201865,0.7644439990038336,1042,3.7946257197696736,0.1310695777336467,0.1941749998877638,0.0530355896720167,4.354034166866936,0.0023737597726689,0.0537428023032629,2254,0.0,0.8136645962732919,0.0,0.0,1.0,18429.520127779346,0.0,-6.1668833132286775e-15,2.7251386655569045e-13,0.0,0.0,0.0,0.0,,,0.0,300.0,61.43173375926448,0.0,0.0
optimal@10s,0,350,2254,1968,0.8731144631765749,0.126885536823425,0.0035492457852706,0.1233362910381544,0.0,244.50293944469684,215.2827066392963,458.9460853592559,215.7342532530043,787.2,5.941565040650406,238.56137440404643,0.168609266089839,0.1316263137593127,0.6997644201508483,1018,3.407662082514735,0.1439844793612917,0.2073810008369037,0.05,2.3914479512809,0.0018734285025501,0.0402750491159135,2254,0.0,0.8731144631765749,0.0,0.0,1.0,19652.346756224582,0.0,-6.247261064379565e-15,2.7251394456295584e-13,0.0,0.0,0.0,0.0,,,0.0,349.99999999999994,56.14956216064168,0.0,0.0
optimal@10s,1,350,2254,1969,0.8735581188997338,0.1264418811002662,0.0044365572315882,0.1220053238686779,0.0,240.50450957623272,212.5988579537284,443.49385860251095,212.6725776039057,787.6,6.469781615033011,234.0347279611997,0.1658552645884936,0.1295452944110487,0.7045994410004576,1033,3.5188770571151986,0.1431635043655992,0.19657599972561,0.053347280334728,2.8888349470066594,0.0020846231315963,0.0435624394966118,2254,0.0,0.8735581188997338,0.0,0.0,1.0,19714.99878241513,0.0,-1.778612244224273e-15,2.676827215391299e-13,0.0,0.0,0.0,0.0,,,0.0,350.0,56.32856794975751,0.0,0.0
optimal@10s,2,350,2254,1998,0.8864241348713399,0.1135758651286601,0.0022182786157941,0.111357586512866,0.0,249.10412677807332,216.16857951805105,463.4270374059334,222.4049475338129,799.2,6.298798798798799,242.80532797927452,0.1524210740266786,0.1356095444573302,0.7119693815159911,1037,3.262295081967213,0.1441158148829543,0.1998399999865797,0.0499476074048201,2.306718149070221,0.0019661803969108,0.0318225650916104,2254,0.0,0.8864241348713399,0.0,0.0,1.0,20068.623837827326,0.0,-1.0336743139783291e-14,2.7674848287792304e-13,0.0,0.0,0.0,0.0,,,0.0,350.0,57.33892525093522,0.0,0.0
optimal@10s,3,350,2254,1954,0.8669032830523514,0.1330967169476486,0.0053238686779059,0.1277728482697426,0.0,248.07622019227856,218.8450728789394,466.13470114883,218.1401468280877,781.6,6.907369498464687,241.1688506938139,0.1770726079571367,0.1312497021682115,0.6916776898746517,1040,3.643269230769231,0.1444032692234031,0.2074219994210579,0.0579861111111111,2.528921399403608,0.0016605371382973,0.0384615384615384,2254,0.0,0.8669032830523514,0.0,0.0,1.0,19474.471808122114,0.0,-5.579069561616856e-15,2.696953316875715e-13,0.0,0.0,0.0,0.0,,,0.0,350.0,55.64134802320604,0.0,0.0
optimal@10s,4,350,2254,1971,0.8744454303460515,0.1255545696539485,0.0008873114463176,0.1246672582076308,0.0,252.515986396064,226.90185616772035,458.7930880883705,222.39460106487587,788.4,5.548959918822932,246.96702647724103,0.1518640401129268,0.1365385078536534,0.7115974520334197,1011,3.169139465875371,0.143327992110225,0.2086100010274094,0.0518802228412256,2.923054542056746,0.0027634837287835,0.0346191889218595,2254,0.0,0.8744454303460515,0.0,0.0,1.0,19973.74255505916,0.0,-6.28529304818739e-15,2.702036125709937e-13,0.0,0.0,0.0,0.0,,,0.0,350.0,57.0678358715976,0.0,0.0
optimal@10s,5,350,2254,2004,0.8890860692102928,0.1109139307897071,0.0035492457852706,0.1073646850044365,0.0,246.2270988491165,216.16628193000088,450.0247783428226,221.22989431626024,801.6,6.270958083832335,239.95614076528415,0.144727110810161,0.1353284143642597,0.7199444748255792,1023,3.5268817204301075,0.1454067448729511,0.2023120006197132,0.0516759776536312,3.014335124047827,0.0021966879051854,0.043010752688172,2254,0.0,0.8890860692102928,0.0,0.0,1.0,20112.096568214103,0.0,2.6809337628573146e-15,2.676231381104311e-13,0.0,0.0,0.0,0.0,,,0.0,350.0,57.46313305204029,0.0,0.0
optimal@10s,0,400,2254,2041,0.9055013309671694,0.0944986690328305,0.0022182786157941,0.0922803904170363,0.0,217.56980476184475,184.51727954180024,428.2241301551048,198.54148404255437,816.4,6.103870651641352,211.46593411020345,0.2582982561940186,0.1072628530621154,0.6344388907438658,1021,3.281096963761019,0.1479936336814168,0.2132999990863026,0.0502793296089385,1.2913279387048957,0.001218995518201,0.0225269343780607,2254,0.0,0.9055013309671694,0.0,0.0,1.0,20435.47199951134,0.0,6.929401796224863e-15,2.5886266835783813e-13,0.0,0.0,0.0,0.0,,,0.0,400.0,51.08867999877835,0.0,0.0
optimal@10s,1,400,2254,2045,0.9072759538598048,0.0927240461401952,0.0026619343389529,0.0900621118012422,0.0,215.81391545674248,183.9202475010443,419.8017769883369,197.46141861685496,818.0,5.913447432762836,209.90046802397964,0.2532804955823501,0.1068490077413615,0.6398704966762883,1020,3.273529411764706,0.146575294130504,0.214319999777217,0.0542608695652173,1.2423938118414108,0.0011861096790162,0.0225490196078431,2254,0.0,0.9072759538598048,0.0,0.0,1.0,20450.543276408047,0.0,-7.7354042758284e-15,2.6776885517363746e-13,0.0,0.0,0.0,0.0,,,0.0,400.0,51.12635819102012,0.0,0.0
optimal@10s,2,400,2254,2071,0.9188110026619344,0.0811889973380656,0.0,0.0811889973380656,0.0,221.54713384146572,190.97237811497416,438.5980464204076,204.12959813029084,828.4,5.659584741670691,215.88754909979505,0.2432739329503858,0.1112001194428814,0.6455259476067328,1018,2.9921414538310414,0.1458265225722123,0.2088389992786689,0.0525034770514603,1.3654242191784804,0.0017060142355264,0.0176817288801571,2254,0.0,0.9188110026619344,0.0,0.0,1.0,20855.1693398993,0.0,9.43630602059964e-15,2.6676531041564935e-13,0.0,0.0,0.0,0.0,,,0.0,400.0,52.13792334974825,0.0,0.0
optimal@10s,3,400,2254,2028,0.8997338065661047,0.1002661934338953,0.0017746228926353,0.0984915705412599,0.0,224.63674963134463,190.0946757820766,440.29167240153873,203.8810300495787,811.2,5.736193293885601,218.90055633745905,0.2574660461104852,0.1098035842340913,0.6327303696554234,1013,3.261599210266535,0.1436779861455829,0.2045879991783294,0.0415639309616061,2.384371242860877,0.0022099775913995,0.0286278381046396,2254,0.0,0.8997338065661047,0.0,0.0,1.0,20279.22433896632,0.0,-1.581684597015287e-15,2.659636701100205e-13,0.0,0.0,0.0,0.0,,,0.0,400.0,50.6980608474158,0.0,0.0
optimal@10s,4,400,2254,2047,0.9081632653061223,0.0918367346938775,0.0008873114463176,0.0909494232475598,0.0,222.83620008649777,190.6156259305344,429.0863515850553,203.30808340867316,818.8,5.352222765021984,217.48397732147575,0.2446033696316539,0.110917181442225,0.6444794489261211,1006,3.027833001988072,0.1472842942632385,0.2102899989040452,0.0485674353598881,2.1431080373581968,0.0026000760196289,0.0308151093439363,2254,0.0,0.9081632653061223,0.0,0.0,1.0,20699.614205863923,0.0,-7.008669278659562e-15,2.646246680502252e-13,0.0,0.0,0.0,0.0,,,0.0,400.0,51.74903551465981,0.0,0.0
optimal@10s,5,400,2254,2073,0.919698314108252,0.080301685891748,0.0017746228926353,0.0785270629991126,0.0,213.4023588133981,184.2682974897016,413.4044848730889,197.512730939299,829.2,5.496864447660395,207.9054943657377,0.2378327852756807,0.1074260867609572,0.654741127963362,1018,3.104125736738703,0.1479064833610922,0.2134980004302633,0.0472689075630252,1.4861663921085158,0.0016770541072838,0.0225933202357563,2254,0.0,0.919698314108252,0.0,0.0,1.0,20981.73523635821,0.0,-5.801437478026795e-15,2.701127096020053e-13,0.0,0.0,0.0,0.0,,,0.0,400.0,52.45433809089554,0.0,0.0
optimal@10s,0,450,2254,2109,0.9356699201419698,0.0643300798580301,0.0,0.0643300798580301,0.0,191.24891630632237,161.94821830206502,380.8055292873127,179.560765079873,843.6,5.196301564722617,186.0526147415997,0.324860048845881,0.0883728589211852,0.5867670922329338,1012,2.940711462450593,0.1486960474089162,0.2180709995263896,0.0472027972027972,1.077692476066609,0.0016574275425644,0.0207509881422924,2254,0.0,0.9356699201419698,0.0,0.0,1.0,21200.04309836337,0.0,-1.0498951163169333e-15,2.654120535383361e-13,0.0,0.0,0.0,0.0,,,0.0,450.0,47.11120688525194,0.0,0.0
optimal@10s,1,450,2254,2118,0.9396628216503992,0.0603371783496007,0.0004436557231588,0.0598935226264418,0.0,191.8264034254529,163.51367306203042,376.32452613036617,180.8455833056896,847.2,5.507554296506138,186.31884912894677,0.3196038692097241,0.0881981470305589,0.5921979837597169,1014,3.002958579881657,0.1532653846445721,0.2235740000651276,0.0502092050209205,1.72638751505485,0.0024346796029814,0.0236686390532544,2254,0.0,0.9396628216503992,0.0,0.0,1.0,21287.93251206785,0.0,-5.447326568415782e-15,2.653758023318368e-13,0.0,0.0,0.0,0.0,,,0.0,450.0,47.30651669348411,0.0,0.0
optimal@10s,2,450,2254,2128,0.9440993788819876,0.0559006211180124,0.0,0.0559006211180124,0.0,192.18892460625324,160.4352873927578,377.8004297597075,181.85671320412908,851.2,5.328007518796992,186.86091708745624,0.3172364112030058,0.0895720695169777,0.5931915192800165,1009,2.952428146679881,0.1501303270664517,0.2087360000587068,0.0554592720970537,1.1735836032796685,0.0018412940896743,0.0178394449950445,2254,0.0,0.9440993788819876,0.0,0.0,1.0,21403.78868574852,0.0,-8.304551699611556e-15,2.663888324631139e-13,0.0,0.0,0.0,0.0,,,0.0,450.0,47.56397485721893,0.0,0.0
optimal@10s,3,450,2254,2073,0.919698314108252,0.080301685891748,0.0,0.080301685891748,0.0,203.7192092398696,170.3600114946512,412.560942495245,188.4493880897292,829.2,5.277375783888085,198.4418334559815,0.3349290405060558,0.0912541097451352,0.573816849748809,1021,3.018609206660137,0.1495299705727479,0.209299999551149,0.047535826634044,0.6028574561031569,0.0007686210913868,0.0127326150832517,2254,0.0,0.919698314108252,0.0,0.0,1.0,20658.81708018767,0.0,1.1482480293277065e-15,2.7038841766427104e-13,0.0,0.0,0.0,0.0,,,0.0,450.0,45.90848240041704,0.0,0.0
optimal@10s,4,450,2254,2112,0.9370008873114464,0.0629991126885536,0.0004436557231588,0.0625554569653948,0.0,196.5955867685372,165.93758562834637,388.0290847674663,184.73179486349463,844.8,5.0918560606060606,191.5037307079311,0.3161066778719599,0.090787262893309,0.593106059234731,1010,2.904950495049505,0.1516913861532074,0.2159920009580673,0.0485504715333566,1.5012563820653244,0.0024063532893116,0.0227722772277227,2254,0.0,0.9370008873114464,0.0,0.0,1.0,21394.61257598035,0.0,-8.080657355368327e-15,2.683959956641071e-13,0.0,0.0,0.0,0.0,,,0.0,450.0,47.54358350217856,0.0,0.0
optimal@10s,5,450,2254,2133,0.9463176574977816,0.0536823425022182,0.0,0.0536823425022182,0.0,182.73645799427825,152.657513629224,361.70783494519526,173.23108469467414,853.2,5.301922175339897,177.43453581893837,0.315515447018895,0.0848874552374145,0.5995970977436903,1017,2.895771878072763,0.1495443461509787,0.2178879995335592,0.0583966827919834,1.0627006633566094,0.0018694553565985,0.0206489675516224,2254,0.0,0.9463176574977816,0.0,0.0,1.0,21538.90467825733,0.0,5.867057634118502e-16,2.6411461443162426e-13,0.0,0.0,0.0,0.0,,,0.0,450.0,47.864232618349625,0.0,0.0
optimal@10s,0,500,2254,2146,0.9520851818988464,0.0479148181011535,0.0,0.0479148181011535,0.0,173.06883011670377,143.47062220344424,349.3530977385776,165.15869983604537,858.4,4.992078285181734,168.07675183152202,0.3845547062917935,0.0737770253330492,0.5416682683751572,1008,2.875,0.1505274801657501,0.2137249989937116,0.0421792618629174,0.6075063125443423,0.0011344482379638,0.0089285714285714,2254,0.0,0.9520851818988464,0.0,0.0,1.0,21675.608446057216,0.0,9.875087182686388e-16,2.685088353379177e-13,0.0,0.0,0.0,0.0,,,0.0,500.0,43.35121689211444,0.0,0.0
optimal@10s,1,500,2254,2155,0.956078083407276,0.043921916592724,0.0,0.043921916592724,0.0,173.37283195003496,140.2474497659814,356.3123366826315,166.01306692649746,862.0,5.1415313225058,168.23130062752915,0.3814201127247226,0.0736627296633553,0.5449171576119222,1007,2.8887785501489573,0.1550413108250139,0.2213960010340086,0.0505226480836236,1.2543806821606736,0.0023790549950765,0.0188679245283018,2254,0.0,0.956078083407276,0.0,0.0,1.0,21744.161200010105,0.0,2.8190906685609545e-15,2.649887527761099e-13,0.0,0.0,0.0,0.0,,,0.0,500.0,43.48832240002021,0.0,0.0
optimal@10s,2,500,2254,2157,0.9569653948535936,0.0430346051464063,0.0,0.0430346051464063,0.0,170.69994081192067,138.80701005611172,345.6547060892579,163.61391851433578,862.8,5.117756142790913,165.58218466912976,0.3826399762740268,0.0731494313430081,0.5442105923829649,1011,2.8753709198813056,0.1525968348082026,0.2168799999708426,0.056767047421253,0.9279491438444872,0.0018349600871891,0.0168150346191889,2254,0.0,0.9569653948535936,0.0,0.0,1.0,21785.38213108816,0.0,5.851189311051822e-16,2.677509993455847e-13,0.0,0.0,0.0,0.0,,,0.0,500.0,43.570764262176326,0.0,0.0
optimal@10s,3,500,2254,2121,0.9409937888198758,0.0590062111801242,0.0,0.0590062111801242,0.0,177.835154931507,141.98747763270694,369.96825442184127,167.80850204513146,848.4,5.1499292786421496,172.68522565286483,0.3916487986482771,0.0744024022479866,0.5339487991037363,1008,2.918650793650793,0.1545188491592044,0.2196509994428197,0.0531619179986101,0.4176509069918575,0.0007196868220639,0.0158730158730158,2254,0.0,0.9409937888198758,0.0,0.0,1.0,21351.55486116664,0.0,7.181640687344247e-16,2.7414311587748377e-13,0.0,0.0,0.0,0.0,,,0.0,500.0,42.70310972233329,0.0,0.0
optimal@10s,4,500,2254,2168,0.9618456078083408,0.0381543921916592,0.0,0.0381543921916592,0.0,169.8418689503298,140.3334079042852,340.78565064048286,163.6163140569277,867.2,5.01429889298893,164.8275700573409,0.3766782792511674,0.0729769030406339,0.5503448177081987,1002,2.882235528942116,0.1527745508953781,0.2218909998009621,0.0544760582928521,0.5470675892468888,0.0011202545468624,0.0089820359281437,2254,0.0,0.9618456078083408,0.0,0.0,1.0,21973.280508395965,0.0,4.032035058435717e-15,2.67387588085737e-13,0.0,0.0,0.0,0.0,,,0.0,500.0,43.94656101679193,0.0,0.0
optimal@10s,5,500,2254,2152,0.9547471162377996,0.0452528837622005,0.0,0.0452528837622005,0.0,166.84607008445127,137.40445433764762,338.9129904518709,159.59882112765712,860.8,5.024163568773234,161.82190651567802,0.3821110506632764,0.0714329484894909,0.5464560008472328,1010,2.866336633663366,0.1580967326511803,0.228101000557217,0.0525034770514603,0.7982575179352894,0.0016262206834864,0.0207920792079207,2254,0.0,0.9547471162377996,0.0,0.0,1.0,21816.343432986363,0.0,-3.195089793730725e-15,2.650162204515777e-13,0.0,0.0,0.0,0.0,,,0.0,500.0,43.63268686597273,0.0,0.0
batched_greedy@10s+aware,0,300,2254,1869,0.8291925465838509,0.170807453416149,0.0780834072759538,0.0927240461401952,0.0,310.490797876491,299.49099748009394,511.9366361925266,281.4228957343685,747.6,30.644194756554302,279.8466031199367,0.0739402734737581,0.1555212216935541,0.7705385048326877,1112,12.464028776978417,0.0527334532176714,0.119850000028237,0.0453001132502831,,,,2254,0.0,0.8291925465838509,0.0,0.0,1.0,18594.362499597373,0.0,6.851662094829538e-15,2.747859605868819e-13,0.0,0.0,0.0,0.0,,,0.0,300.0,61.98120833199124,0.0,0.0
batched_greedy@10s+aware,1,300,2254,1878,0.8331854480922803,0.1668145519077196,0.0705412599822537,0.0962732919254658,0.0,318.7242868912804,303.9242032862617,528.3343177908351,287.5448880127572,751.2,33.62140575079872,285.1028811404817,0.0688602199002804,0.1566877793629505,0.774452000736769,1111,12.535553555355536,0.053732493253403,0.1273800002309146,0.0468340202322967,,,,2254,0.0,0.8331854480922803,0.0,0.0,1.0,18652.02910192667,0.0,-6.370480997529652e-15,2.759397254533523e-13,0.0,0.0,0.0,0.0,,,0.0,300.0,62.17343033975557,0.0,0.0
batched_greedy@10s+aware,2,300,2254,1880,0.834072759538598,0.1659272404614019,0.0771960958296362,0.0887311446317657,0.0,321.3885449542556,309.36059407551693,531.5880189896338,291.7813575764648,752.0,35.16914893617021,286.21939601808543,0.0650673397402975,0.1576638320124342,0.7772688282472682,1099,13.16105550500455,0.0533786169398808,0.1337059994330047,0.047027840481565,,,,2254,0.0,0.834072759538598,0.0,0.0,1.0,18855.2452178194,0.0,1.4730533577792502e-15,2.72987306518789e-13,0.0,0.0,0.0,0.0,,,0.0,300.0,62.85081739273133,0.0,0.0
batched_greedy@10s+aware,3,300,2254,1871,0.8300798580301686,0.1699201419698314,0.0683229813664596,0.1015971606033717,0.0,311.1634094335418,296.9266033311669,522.2013537310377,282.47310488087544,748.4,28.280598610368788,282.88281082317303,0.0758397888650716,0.1579502526290423,0.7662099585058861,1092,12.552197802197805,0.0505478937566794,0.1203519996670363,0.0478683620044876,,,,2254,0.0,0.8300798580301686,0.0,0.0,1.0,18585.557300867385,0.0,6.240034915530811e-15,2.7607537967214443e-13,0.0,0.0,0.0,0.0,,,0.0,300.0,61.95185766955795,0.0,0.0
batched_greedy@10s+aware,4,300,2254,1841,0.8167701863354038,0.1832298136645962,0.0900621118012422,0.093167701863354,0.0,331.2055497317425,319.45944756720746,535.7044628528774,299.1265580379616,736.4,36.683324280282456,294.52222545146003,0.0704337197738454,0.1583493097512645,0.77121697047489,1115,13.883408071748878,0.0517811658856147,0.1398579992746817,0.0517371601208459,,,,2254,0.0,0.8167701863354038,0.0,0.0,1.0,18561.672498641576,0.0,-1.0688534974718235e-14,2.71119236663389e-13,0.0,0.0,0.0,0.0,,,0.0,300.0,61.872241662138585,0.0,0.0
batched_greedy@10s+aware,5,300,2254,1874,0.831410825199645,0.1685891748003549,0.0727595385980479,0.095829636202307,0.0,321.03874086775244,305.5514593615817,525.0701880042088,290.9668830317893,749.6,32.038420490928495,289.000320376824,0.0584480000440777,0.1598134867486447,0.7817385132072776,1103,12.621033544877609,0.0506501359959426,0.1176939994547865,0.0496453900709219,,,,2254,0.0,0.831410825199645,0.0,0.0,1.0,18772.865740520378,0.0,-7.751892333305895e-15,2.6916261227450183e-13,0.0,0.0,0.0,0.0,,,0.0,300.0,62.57621913506793,0.0,0.0
batched_greedy@10s+aware,0,350,2254,2010,0.8917480035492458,0.1082519964507542,0.0372670807453416,0.0709849157054126,0.0,253.0343501471415,231.10109101068247,459.7171459863361,237.4796028496644,804.0,17.2,235.83435014714152,0.1592073571539531,0.1283606419071217,0.7124320009389251,1087,7.540938362465502,0.060829806791157,0.1419119993443019,0.0490974729241877,,,,2254,0.0,0.8917480035492458,0.0,0.0,1.0,20067.61713739774,0.0,-5.5327771109777454e-15,2.6688701000442853e-13,0.0,0.0,0.0,0.0,,,0.0,350.0,57.33604896399355,0.0,0.0
batched_greedy@10s+aware,1,350,2254,2007,0.8904170363797693,0.1095829636202307,0.0346051464063886,0.074977817213842,0.0,251.4505333507255,230.89973281460152,459.34155841086175,235.5210597012412,802.8,17.238166417538615,234.21236693318687,0.1559727563668313,0.1266344500502154,0.7173927935829533,1110,7.463063063063063,0.0601441441405997,0.1397490008093885,0.0582350839585566,,,,2254,0.0,0.8904170363797693,0.0,0.0,1.0,20072.74223034625,0.0,1.1758296268775447e-14,2.6879987467996784e-13,0.0,0.0,0.0,0.0,,,0.0,350.0,57.350692086703575,0.0,0.0
batched_greedy@10s+aware,2,350,2254,2020,0.8961845607808341,0.1038154392191659,0.0350488021295474,0.0687666370896184,0.0,264.1200077974681,239.1762463365967,487.7844612512748,248.2877399470606,808.0,19.03267326732673,245.0873345301413,0.1516809664200673,0.1319263136356949,0.7163927199442377,1083,8.024930747922438,0.0609485687718386,0.1454160011780914,0.0480838756326825,,,,2254,0.0,0.8961845607808341,0.0,0.0,1.0,20244.04589758016,0.0,-1.5176858669697636e-14,2.7616676822171853e-13,0.0,0.0,0.0,0.0,,,0.0,350.0,57.8401311359433,0.0,0.0
batched_greedy@10s+aware,3,350,2254,1980,0.878438331854481,0.121561668145519,0.0434782608695652,0.0780834072759538,0.0,268.38538989374626,243.58929099355964,496.055562621188,251.17287483776715,792.0,22.535353535353536,245.8500363583928,0.1697385553388274,0.1282391791590764,0.7020222655020961,1108,9.1471119133574,0.0644382671420225,0.1280440003938566,0.0552346570397111,,,,2254,0.0,0.878438331854481,0.0,0.0,1.0,19819.52906919036,0.0,-1.7368822429691337e-15,2.697200487647125e-13,0.0,0.0,0.0,0.0,,,0.0,350.0,56.62722591197246,0.0,0.0
batched_greedy@10s+aware,4,350,2254,1976,0.8766637089618456,0.1233362910381544,0.0479148181011535,0.0754214729370008,0.0,268.4344187500256,246.8996156547514,487.3046208817912,250.71514795797395,790.4,20.55566801619433,247.87875073383125,0.1555841012974218,0.130665152107734,0.713750746594844,1115,8.53273542600897,0.0594136322804908,0.1307439993979637,0.0470631156512221,,,,2254,0.0,0.8766637089618456,0.0,0.0,1.0,20024.077993868228,0.0,-1.825170693843284e-14,2.743338619698466e-13,0.0,0.0,0.0,0.0,,,0.0,350.0,57.21165141105208,0.0,0.0
batched_greedy@10s+aware,5,350,2254,2022,0.8970718722271517,0.1029281277728482,0.0346051464063886,0.0683229813664596,0.0,252.725596988856,227.51168581494267,468.2371737714786,239.4260414410809,808.8,16.568743818001977,236.15685317085405,0.1452724245503601,0.1285899463008875,0.7261376291487522,1097,7.832269826800364,0.0622529626085408,0.1408479999372501,0.0514203523912261,,,,2254,0.0,0.8970718722271517,0.0,0.0,1.0,20309.888102777317,0.0,-6.64596413949698e-16,2.679948800518416e-13,0.0,0.0,0.0,0.0,,,0.0,350.0,58.028251722220894,0.0,0.0
batched_greedy@10s+aware,0,400,2254,2072,0.9192546583850932,0.0807453416149068,0.0252883762200532,0.0554569653948535,0.0,220.7741974192708,190.35177902509872,432.3158675391292,211.29879301201095,828.8,13.91216216216216,206.86203525710863,0.2488487825937754,0.1034553221264082,0.6476958952798164,1110,6.018018018018018,0.0689191891987328,0.1566819997970015,0.0465116279069767,,,,2254,0.0,0.9192546583850932,0.0,0.0,1.0,20788.92998063523,0.0,-3.0657587151039078e-15,2.6449884753463577e-13,0.0,0.0,0.0,0.0,,,0.0,400.0,51.97232495158807,0.0,0.0
batched_greedy@10s+aware,1,400,2254,2075,0.9205856255545696,0.0794143744454303,0.023070097604259,0.0563442768411712,0.0,223.60556076018185,194.35704670916675,437.2528325273385,213.2430557987994,830.0,14.215903614457831,209.389657145724,0.249137989146,0.1043619727825349,0.646500038071465,1100,6.0627272727272725,0.068239909079156,0.1449140010299743,0.0502136752136752,,,,2254,0.0,0.9205856255545696,0.0,0.0,1.0,20741.285365969565,0.0,-3.207287180150862e-15,2.612173395928368e-13,0.0,0.0,0.0,0.0,,,0.0,400.0,51.85321341492392,0.0,0.0
batched_greedy@10s+aware,2,400,2254,2070,0.9183673469387756,0.0816326530612244,0.0221827861579414,0.059449866903283,0.0,224.58209308674972,196.6956901649387,441.6675388453609,213.24733518413925,828.0,12.721739130434782,211.86035395631495,0.2462847892830682,0.1061631511786694,0.6475520595382623,1072,5.897388059701493,0.0698178171680763,0.157245000682451,0.0488762040670709,,,,2254,0.0,0.9183673469387756,0.0,0.0,1.0,20821.127335349804,0.0,-1.2078368364521027e-14,2.673820370695695e-13,0.0,0.0,0.0,0.0,,,0.0,400.0,52.05281833837451,0.0,0.0
batched_greedy@10s+aware,3,400,2254,2047,0.9081632653061223,0.0918367346938775,0.031055900621118,0.0607808340727595,0.0,227.1677751707572,198.03714000411944,443.5026135371871,216.92384142915407,818.8,15.136785539814362,212.0309896309428,0.2567940103189834,0.1042025472451533,0.6390034424358633,1091,6.919340054995417,0.0699731439025411,0.1521199994385819,0.0491744436468054,,,,2254,0.0,0.9081632653061223,0.0,0.0,1.0,20487.512187776687,0.0,4.355415230556843e-15,2.739616057217088e-13,0.0,0.0,0.0,0.0,,,0.0,400.0,51.21878046944171,0.0,0.0
batched_greedy@10s+aware,4,400,2254,2062,0.9148181011535048,0.0851818988464951,0.0252883762200532,0.0598935226264418,0.0,226.61304717523004,202.352689819332,432.3119091053362,214.95645527669973,824.8,12.707080504364695,213.90596667086533,0.2447654550235304,0.1060284204819998,0.6492061244944698,1110,5.604504504504504,0.0641786486969952,0.1413739989766328,0.0475339528234453,,,,2254,0.0,0.9148181011535048,0.0,0.0,1.0,20854.237253157466,0.0,2.584418292046921e-16,2.6600728301827753e-13,0.0,0.0,0.0,0.0,,,0.0,400.0,52.13559313289366,0.0,0.0
batched_greedy@10s+aware,5,400,2254,2076,0.9210292812777284,0.0789707187222715,0.0208518189884649,0.0581188997338065,0.0,225.5644044390689,196.61088538661735,439.7393109244604,216.28172835886215,830.4,14.026493256262045,211.53791118280685,0.2417104715191268,0.1050016855198645,0.6532878429610087,1097,6.350957155879672,0.0695697356206011,0.1469959998939884,0.0473815461346633,,,,2254,0.0,0.9210292812777284,0.0,0.0,1.0,20836.822296880237,0.0,9.382775010810907e-15,2.701641094524553e-13,0.0,0.0,0.0,0.0,,,0.0,400.0,52.09205574220058,0.0,0.0
batched_greedy@10s+aware,0,450,2254,2112,0.9370008873114464,0.0629991126885536,0.0177462289263531,0.0452528837622005,0.0,195.1453574840078,164.96791838793024,390.0592951975861,188.57221068127856,844.8,10.945075757575758,184.20028172643205,0.3234603689320822,0.0853230633662741,0.5912165677016437,1081,4.962072155411656,0.0751399630618218,0.1605799996468707,0.042796005706134,,,,2254,0.0,0.9370008873114464,0.0,0.0,1.0,21291.23609041163,0.0,5.1095491474225946e-17,2.612155020906366e-13,0.0,0.0,0.0,0.0,,,0.0,450.0,47.31385797869251,0.0,0.0
batched_greedy@10s+aware,1,450,2254,2121,0.9409937888198758,0.0590062111801242,0.0146406388642413,0.0443655723158828,0.0,203.781918516008,172.21714859040185,408.6236528632917,196.3273513929312,848.4,11.848184818481847,191.9337336975261,0.31979650171138,0.0882546230818814,0.5919488752067386,1097,4.878760255241568,0.0727954421010488,0.1580159999866736,0.0527797325826882,,,,2254,0.0,0.9409937888198758,0.0,0.0,1.0,21255.061247495916,0.0,4.2926529846044244e-15,2.6963982934968785e-13,0.0,0.0,0.0,0.0,,,0.0,450.00000000000006,47.233469438879794,0.0,0.0
batched_greedy@10s+aware,2,450,2254,2133,0.9463176574977816,0.0536823425022182,0.0115350488021295,0.0421472937000887,0.0,196.1309476680927,166.40350134401797,402.1380723764516,189.83414934376376,853.2,9.903891233005156,186.22705643508755,0.3178346329622579,0.0866635518338901,0.5955018152038519,1077,4.688950789229341,0.0742318476846723,0.1593639998463913,0.0504053577722946,,,,2254,0.0,0.9463176574977816,0.0,0.0,1.0,21464.347251764917,0.0,-1.114449471394944e-14,2.6940662546583383e-13,0.0,0.0,0.0,0.0,,,0.0,450.0,47.69854944836647,0.0,0.0
batched_greedy@10s+aware,3,450,2254,2084,0.9245785270629991,0.0754214729370008,0.0279503105590062,0.0474711623779946,0.0,207.35088446237535,175.55102268958944,417.4096725852808,200.71509923585984,833.6,12.298464491362765,195.0524199710126,0.3354203225816463,0.0873177524297224,0.5772619249886313,1107,5.888888888888889,0.0718258356077733,0.155104001169093,0.0449155587495508,,,,2254,0.0,0.9245785270629991,0.0,0.0,1.0,20821.052130867796,0.0,-7.015075234291776e-15,2.7239119469279293e-13,0.0,0.0,0.0,0.0,,,0.0,450.0,46.26900473526176,0.0,0.0
batched_greedy@10s+aware,4,450,2254,2127,0.9436557231588288,0.0563442768411712,0.0133096716947648,0.0430346051464063,0.0,196.0015364860486,166.47150198707186,385.7625713983467,189.8250217074331,850.8,9.172073342736248,186.82946314331235,0.3159361354077173,0.0875809503432422,0.5964829142490404,1098,4.449908925318762,0.0720600181985935,0.1546080013758909,0.051426558647411,,,,2254,0.0,0.9436557231588288,0.0,0.0,1.0,21467.367100326177,0.0,-7.489594798185917e-15,2.6733878131660284e-13,0.0,0.0,0.0,0.0,,,0.0,450.0,47.705260222947054,0.0,0.0
batched_greedy@10s+aware,5,450,2254,2122,0.9414374445430346,0.0585625554569653,0.015527950310559,0.0430346051464063,0.0,192.7464469803799,162.20397673992466,391.3341506672287,187.39017063387783,848.8,11.051837888784164,181.6946090915957,0.3190047412491593,0.0838448168074338,0.5971504419434068,1091,5.045829514207149,0.0745764436500582,0.1560199996674779,0.0525202678886147,,,,2254,0.0,0.9414374445430346,0.0,0.0,1.0,21459.572591993707,0.0,-2.1777532128651043e-15,2.67805884286122e-13,0.0,0.0,0.0,0.0,,,0.0,450.0,47.68793909331935,0.0,0.0
batched_greedy@10s+aware,0,500,2254,2162,0.9591836734693876,0.0408163265306122,0.0119787045252883,0.0288376220053238,0.0,177.40979847720115,144.53466288897926,364.097034351173,174.3284280503971,864.8,9.865864939870493,167.54393353733064,0.3832726703973209,0.0722903811557175,0.5444369484469616,1090,4.436697247706422,0.0757697247336015,0.1611879989468433,0.0429382540809084,,,,2254,0.0,0.9591836734693876,0.0,0.0,1.0,21807.787992747075,0.0,1.0073142854323344e-15,2.662004648986892e-13,0.0,0.0,0.0,0.0,,,0.0,500.0,43.61557598549416,0.0,0.0
batched_greedy@10s+aware,1,500,2254,2151,0.9543034605146408,0.0456965394853593,0.0141969831410825,0.0314995563442768,0.0,178.32154350455903,142.05020469836018,370.5246496484037,174.2751327320172,860.4,9.701534170153415,168.6200093344056,0.385096740828207,0.0721066181985005,0.5427966409732925,1094,4.36745886654479,0.0770462522777429,0.1708999990478332,0.0467256637168141,,,,2254,0.0,0.9543034605146408,0.0,0.0,1.0,21619.38499683372,0.0,9.399991503706811e-15,2.682228632082315e-13,0.0,0.0,0.0,0.0,,,0.0,500.0,43.23876999366743,0.0,0.0
batched_greedy@10s+aware,2,500,2254,2164,0.9600709849157054,0.0399290150842945,0.0066548358473824,0.0332741792369121,0.0,171.39346210672687,139.82751863386602,354.71082964343105,167.29028372991033,865.6,7.30637707948244,164.08708502724443,0.381754657091253,0.071300521205522,0.546944821703225,1040,4.020192307692308,0.079379326928994,0.1617709995480253,0.0488748241912798,,,,2254,0.0,0.9600709849157054,0.0,0.0,1.0,21883.311128458787,0.0,-7.810141935523883e-15,2.6523330666707615e-13,0.0,0.0,0.0,0.0,,,0.0,500.0,43.76662225691758,0.0,0.0
batched_greedy@10s+aware,3,500,2254,2123,0.9418811002661934,0.0581188997338065,0.0195208518189884,0.0385980479148181,0.0,180.6575042272183,144.34242862184192,383.9676778225854,176.85168134495953,849.2,9.679698539802168,170.97780568741612,0.394501888668423,0.0722148073395841,0.5332833039919929,1102,4.8656987295825775,0.0782762250432189,0.16447800109745,0.0556926330630948,,,,2254,0.0,0.9418811002661934,0.0,0.0,1.0,21348.223139196525,0.0,-2.9080208173978198e-15,2.7029448967417645e-13,0.0,0.0,0.0,0.0,,,0.0,500.0,42.696446278393054,0.0,0.0
batched_greedy@10s+aware,4,500,2254,2163,0.9596273291925466,0.0403726708074534,0.0075421472937,0.0328305235137533,0.0,170.51636707187623,140.849888669522,344.4698561747587,166.35931801988184,865.2,7.749884419787333,162.76648265208888,0.3780248679369358,0.0713269704536232,0.550648161609441,1088,3.75,0.0779714154194768,0.1671109999006143,0.0564853556485355,,,,2254,0.0,0.9596273291925466,0.0,0.0,1.0,21963.60924102358,0.0,-4.797929147011611e-15,2.668356109861037e-13,0.0,0.0,0.0,0.0,,,0.0,500.0,43.92721848204716,0.0,0.0
batched_greedy@10s+aware,5,500,2254,2156,0.9565217391304348,0.0434782608695652,0.0124223602484472,0.031055900621118,0.0,173.63428260997438,140.70489645523594,357.7316733224725,170.40506697669346,862.4,9.332096474953618,164.30218613502075,0.3821347550169903,0.0707157491790199,0.5471494958039896,1084,4.406826568265683,0.0779703874283141,0.1689510001415329,0.055672268907563,,,,2254,0.0,0.9565217391304348,0.0,0.0,1.0,21800.903800822925,0.0,-5.0932253673295435e-15,2.647165109254989e-13,0.0,0.0,0.0,0.0,,,0.0,500.0,43.60180760164585,0.0,0.0
optimal@10s+aware,0,300,2254,1880,0.834072759538598,0.1659272404614019,0.0669920141969831,0.0989352262644188,0.0,308.6333108138915,295.6865725253058,518.6376178391359,280.06298547922444,752.0,28.123936170212765,280.5093746436788,0.0726563916963338,0.1563168540844357,0.7710267542192305,1112,11.825539568345324,0.1383414568107641,0.2101020005102329,0.043103448275862,4.861540225927982,0.0005204695164528,0.0413669064748201,2254,0.0,0.834072759538598,0.0,0.0,1.0,18644.07488756947,0.0,6.9910980078310915e-15,2.8009178900573084e-13,0.0,0.0,0.0,0.0,,,0.0,300.0,62.14691629189824,0.0,0.0
optimal@10s+aware,1,300,2254,1880,0.834072759538598,0.1659272404614019,0.0758651286601597,0.0900621118012422,0.0,316.11707283119745,300.34440466809,524.6718268927509,287.8969714960822,752.0,33.503191489361704,282.61388134183574,0.0681952699573165,0.1569428544950577,0.7748618755476258,1111,12.989198919891988,0.1301145814254797,0.1965899999049725,0.049906191369606,5.126042962063571,0.0004929212048178,0.0432043204320432,2254,0.0,0.834072759538598,0.0,0.0,1.0,18659.31311278951,0.0,-4.707818059740292e-15,2.685402727610032e-13,0.0,0.0,0.0,0.0,,,0.0,300.0,62.19771037596503,0.0,0.0
optimal@10s+aware,2,300,2254,1879,0.8336291038154392,0.1663708961845607,0.0763087843833185,0.0900621118012422,0.0,319.3314555925716,312.66187110810824,518.2139007971994,289.74551549403805,751.6,31.358169238956894,287.9732863536147,0.0645083263212041,0.1602437800020458,0.7752478936767501,1093,12.512351326623971,0.1337696248777687,0.2071080001769585,0.0455400828001505,7.070843224914074,0.0007098208736388,0.0484903934126258,2254,0.0,0.8336291038154392,0.0,0.0,1.0,18737.40852051597,0.0,6.324548832138199e-15,2.736194571727592e-13,0.0,0.0,0.0,0.0,,,0.0,300.0,62.45802840171991,0.0,0.0
optimal@10s+aware,3,300,2254,1878,0.8331854480922803,0.1668145519077196,0.072315882874889,0.0944986690328305,0.0,321.9798772265347,311.1690489617167,524.4647397441005,292.0709429352739,751.2,31.842385516506923,290.1374917100278,0.0680347287996667,0.1611962186325755,0.7707690525677577,1108,12.830324909747292,0.1353542418685256,0.2050179999969261,0.0571640682999257,4.158935760216565,0.0004053428635786,0.0433212996389891,2254,0.0,0.8331854480922803,0.0,0.0,1.0,18682.129090473103,0.0,-6.946520036504494e-15,2.7496263460399113e-13,0.0,0.0,0.0,0.0,,,0.0,300.0,62.27376363491034,0.0,0.0
optimal@10s+aware,4,300,2254,1843,0.8176574977817214,0.1823425022182786,0.0811889973380656,0.1011535048802129,0.0,327.13754463407986,321.36279717668185,528.5405549597134,294.5057449167822,737.2,31.34888768312534,295.78865695095453,0.0689427123502329,0.1604234799988553,0.7706338076509117,1115,12.611659192825112,0.1333058295865316,0.2013759999317697,0.0509936257967754,4.153089285509755,0.0004110539055151,0.0376681614349775,2254,0.0,0.8176574977817214,0.0,0.0,1.0,18570.578212028217,0.0,2.9257358578401845e-15,2.7164332157023866e-13,0.0,0.0,0.0,0.0,,,0.0,300.0,61.90192737342739,0.0,0.0
optimal@10s+aware,5,300,2254,1880,0.834072759538598,0.1659272404614019,0.0700976042590949,0.095829636202307,0.0,331.94331783214886,318.89188079652286,530.3876961349977,299.7717999507443,752.0,34.92340425531915,297.0199135768297,0.0536078619886109,0.1644237161716483,0.7819684218397407,1107,12.850948509485097,0.1413705510500286,0.2256640014093136,0.0498883097542814,5.190968929436097,0.0005047037767291,0.049683830171635,2254,0.0,0.834072759538598,0.0,0.0,1.0,18803.257297448825,0.0,-1.6026896122290984e-14,2.793283335130524e-13,0.0,0.0,0.0,0.0,,,0.0,300.0,62.67752432482942,0.0,0.0
optimal@10s+aware,0,350,2254,1999,0.8868677905944987,0.1131322094055013,0.0372670807453416,0.0758651286601597,0.0,256.53062050017195,235.3860005434617,467.95038304084846,239.9957862226297,799.6,16.356178089044523,240.17444241112744,0.1597741517363249,0.1299127443268277,0.7103131039368472,1108,7.414259927797834,0.1351040613706783,0.2143510009227612,0.055575475080674,2.3903612128955856,0.0004631455551866,0.0261732851985559,2254,0.0,0.8868677905944987,0.0,0.0,1.0,19923.122374849125,0.0,-2.5174681971090088e-15,2.743240574390861e-13,0.0,0.0,0.0,0.0,,,0.0,350.0,56.92320678528322,0.0,0.0
optimal@10s+aware,1,350,2254,2002,0.8881987577639752,0.1118012422360248,0.0368234250221827,0.074977817213842,0.0,259.2421563147845,236.7769120817445,471.16320157183327,242.49191639240024,800.8,18.015984015984017,241.2261722988005,0.1559330162038333,0.1297184040307806,0.714348579765386,1110,7.718918918918919,0.135754774778065,0.2117280010679679,0.0549568965517241,1.8984167755860135,0.0003491079633614,0.0198198198198198,2254,0.0,0.8881987577639752,0.0,0.0,1.0,19998.346183846978,0.0,-4.111263444236294e-15,2.721326327784598e-13,0.0,0.0,0.0,0.0,,,0.0,350.0,57.13813195384851,0.0,0.0
optimal@10s+aware,2,350,2254,2020,0.8961845607808341,0.1038154392191659,0.0323868677905945,0.0714285714285714,0.0,264.4402043118104,244.48180017863024,478.848132684211,247.28039033413688,808.0,18.806930693069308,245.633273618741,0.1488718277237904,0.1328177764852048,0.7183103957910048,1084,7.71309963099631,0.1401302583200952,0.2107510001042101,0.0510607695073714,5.075939728724561,0.0009379528831462,0.0359778597785977,2254,0.0,0.8961845607808341,0.0,0.0,1.0,20261.2383564966,0.0,-1.4439055012144762e-14,2.700453722023793e-13,0.0,0.0,0.0,0.0,,,0.0,350.0,57.889252447133146,0.0,0.0
optimal@10s+aware,3,350,2254,1973,0.8753327417923691,0.1246672582076308,0.0483584738243123,0.0763087843833185,0.0,266.3944326323984,246.08584533045905,491.6968603892368,249.98686273219985,789.2,20.28839330968069,246.1060393227177,0.1726306825607729,0.1284212501808877,0.6989480672583394,1092,9.14010989010989,0.1393486263773261,0.2080370006478908,0.0513287222424463,2.8254322527402755,0.0004195991838783,0.0347985347985348,2254,0.0,0.8753327417923691,0.0,0.0,1.0,19760.44107652168,0.0,-1.7178351999876725e-15,2.7665519815902095e-13,0.0,0.0,0.0,0.0,,,0.0,350.0,56.45840307577623,0.0,0.0
optimal@10s+aware,4,350,2254,1981,0.8788819875776398,0.1211180124223602,0.0408163265306122,0.080301685891748,0.0,268.30682870763127,249.8275769715292,482.6833180281237,249.1214631607409,792.4,17.409389197375063,250.8974395102562,0.1550474346385175,0.1330006090886769,0.7119519562728056,1115,7.567713004484305,0.1345277130519611,0.2018739994673518,0.04713560551124,4.23940116526782,0.0007910481844535,0.0313901345291479,2254,0.0,0.8788819875776398,0.0,0.0,1.0,20020.914749481595,0.0,-6.164792160967553e-15,2.713961200033108e-13,0.0,0.0,0.0,0.0,,,0.0,350.0,57.20261356994742,0.0,0.0
optimal@10s+aware,5,350,2254,2019,0.8957409050576752,0.1042590949423247,0.0346051464063886,0.0696539485359361,0.0,255.45685146000727,232.756037248324,466.4392399949357,241.4816149267029,807.6,16.38187221396731,239.07497924604,0.1446205025775679,0.1308746018286572,0.7245048955937748,1099,7.764331210191083,0.1367318470922701,0.206813999429869,0.0493693693693693,3.4250686233759318,0.0006282257253273,0.0282074613284804,2254,0.0,0.8957409050576752,0.0,0.0,1.0,20292.86538763147,0.0,1.5643641794430984e-14,2.672255680727784e-13,0.0,0.0,0.0,0.0,,,0.0,350.0,57.97961539323278,0.0,0.0
optimal@10s+aware,0,400,2254,2081,0.9232475598935226,0.0767524401064773,0.0226264418811002,0.0541259982253771,0.0,220.3927370552836,192.6637199056031,427.9900576296641,211.28627360986425,832.4,12.482940893801056,207.9097961614825,0.2451348357519289,0.1053662656964149,0.649498898551656,1105,5.678733031674208,0.1384949321095827,0.2156599999580067,0.0525008868393047,2.601593923918567,0.0007559185751632,0.0244343891402714,2254,0.0,0.9232475598935226,0.0,0.0,1.0,20848.96190707252,0.0,-1.6269755578552989e-15,2.6247571578432633e-13,0.0,0.0,0.0,0.0,,,0.0,400.0,52.12240476768129,0.0,0.0
optimal@10s+aware,1,400,2254,2068,0.9174800354924578,0.0825199645075421,0.0270629991126885,0.0554569653948535,0.0,226.0800173211828,196.89778024769203,439.96285777898464,215.79533288553688,827.2,14.40183752417795,211.67817979700484,0.2484683592800193,0.1043991639004737,0.6471324768195068,1105,6.2570135746606335,0.145367149300033,0.2212360003613869,0.055772646536412,1.502803330224875,0.0003771718838891,0.0226244343891402,2254,0.0,0.9174800354924578,0.0,0.0,1.0,20674.65067850483,0.0,2.879278590749342e-15,2.643876950595745e-13,0.0,0.0,0.0,0.0,,,0.0,400.0,51.68662669626208,0.0,0.0
optimal@10s+aware,2,400,2254,2083,0.9241348713398404,0.0758651286601597,0.0208518189884649,0.0550133096716947,0.0,225.4280787524022,197.93115513571595,441.7590808327315,215.19777746179312,833.2,12.815650504080653,212.61242824832155,0.2406340095398276,0.1066962637686962,0.6526697266914762,1073,5.900279589934763,0.1410348555553775,0.2188079994084544,0.0481455064194008,2.7592392380284694,0.0007603638844937,0.027027027027027,2254,0.0,0.9241348713398404,0.0,0.0,1.0,20979.367669592742,0.0,9.167468086199085e-16,2.656911336803574e-13,0.0,0.0,0.0,0.0,,,0.0,400.0,52.44841917398186,0.0,0.0
optimal@10s+aware,3,400,2254,2050,0.9094942324755988,0.090505767524401,0.0354924578527063,0.0550133096716947,0.0,227.1726125044839,199.35772070578105,442.2499355717729,218.83654595290335,820.0,14.500975609756097,212.6716368947278,0.2575644170729325,0.1040052048355287,0.6384303780915388,1091,7.131072410632448,0.1374718606809657,0.219889999061706,0.0476362324070732,3.219741871875143,0.0006728406036278,0.0229147571035747,2254,0.0,0.9094942324755988,0.0,0.0,1.0,20485.28051113485,0.0,-1.0665939676184236e-14,2.74499989134755e-13,0.0,0.0,0.0,0.0,,,0.0,400.0,51.21320127783712,0.0,0.0
optimal@10s+aware,4,400,2254,2071,0.9188110026619344,0.0811889973380656,0.0252883762200532,0.0559006211180124,0.0,229.57373290031595,203.9609059873856,440.5206405675217,218.76090119309828,828.4,14.08063737324964,215.4930955270663,0.2415733515546986,0.107415843283067,0.6510108051622343,1110,5.907207207207208,0.1346451351596729,0.2149370000370254,0.0444603800645392,3.863585986530208,0.0010431328907281,0.0306306306306306,2254,0.0,0.9188110026619344,0.0,0.0,1.0,20913.647705659027,0.0,-1.2520914076463064e-14,2.652233280361072e-13,0.0,0.0,0.0,0.0,,,0.0,400.0,52.28411926414756,0.0,0.0
optimal@10s+aware,5,400,2254,2079,0.922360248447205,0.077639751552795,0.0212954747116237,0.0563442768411712,0.0,217.1948252092352,187.9248482914445,425.47287680200697,209.18727975274803,831.6,11.75805675805676,205.43676845117844,0.2439721479690431,0.1035391696310621,0.6524886823998948,1094,5.994515539305302,0.1365518281363454,0.2051999999821419,0.0477377983612397,2.8571993354352387,0.0007674260733682,0.026508226691042,2254,0.0,0.922360248447205,0.0,0.0,1.0,20855.60230422128,0.0,7.683875448160872e-15,2.699609548786465e-13,0.0,0.0,0.0,0.0,,,0.0,400.0,52.1390057605532,0.0,0.0
optimal@10s+aware,0,450,2254,2107,0.9347826086956522,0.0652173913043478,0.0177462289263531,0.0474711623779946,0.0,195.71667357305415,165.99493793219335,398.06887467005896,188.76554412360224,842.8,10.909824394874228,184.80684917817996,0.3244227325791293,0.0849645112879957,0.590612756132875,1082,4.963955637707948,0.1426768022256493,0.2174410000043283,0.042796005706134,1.3725325319108936,0.0005091019817411,0.021256931608133,2254,0.0,0.9347826086956522,0.0,0.0,1.0,21284.80989021431,0.0,-7.733095922828095e-16,2.626464146629936e-13,0.0,0.0,0.0,0.0,,,0.0,450.0,47.299577533809575,0.0,0.0
optimal@10s+aware,1,450,2254,2118,0.9396628216503992,0.0603371783496007,0.0133096716947648,0.0470275066548358,0.0,204.35549114484564,173.62490751795076,410.85851453463295,196.69869675782533,847.2,11.984891406987725,192.3705997378579,0.3200963162326358,0.0882342651469477,0.5916694186204163,1097,4.924339106654513,0.1410815861073888,0.221704000068712,0.0537219101123595,1.673555325039375,0.0006215303335559,0.0191431175934366,2254,0.0,0.9396628216503992,0.0,0.0,1.0,21244.520121353627,0.0,-2.01328828752611e-15,2.652596430201007e-13,0.0,0.0,0.0,0.0,,,0.0,450.0,47.21004471411917,0.0,0.0
optimal@10s+aware,2,450,2254,2130,0.9449866903283052,0.0550133096716947,0.0119787045252883,0.0430346051464063,0.0,194.00462878347443,165.33325801794626,390.4540242268254,187.41676494361613,852.0,8.826760563380281,185.17786822009413,0.3198531064955524,0.086393258628106,0.5937536348763416,1061,4.508011310084826,0.151751837844983,0.2163200002541998,0.0524278676988036,1.844274176262242,0.0008289635435789,0.0197926484448633,2254,0.0,0.9449866903283052,0.0,0.0,1.0,21447.644955622472,0.0,-8.605114534338795e-15,2.7004314277669885e-13,0.0,0.0,0.0,0.0,,,0.0,450.0,47.66143323471661,0.0,0.0
optimal@10s+aware,3,450,2254,2080,0.9228039041703638,0.0771960958296362,0.0275066548358473,0.0496894409937888,0.0,202.78753917695337,171.87554853377685,412.15571217779615,195.89750750335375,832.0,11.883653846153846,190.90388533079957,0.3395078288197953,0.0852380379637314,0.5752541332164732,1107,5.757000903342367,0.1454560072348184,0.2181940006994409,0.0476361031518624,1.682286624467961,0.0004827868482829,0.018970189701897,2254,0.0,0.9228039041703638,0.0,0.0,1.0,20763.122052762545,0.0,4.263256414560601e-15,2.743634379516362e-13,0.0,0.0,0.0,0.0,,,0.0,450.0,46.14027122836121,0.0,0.0
optimal@10s+aware,4,450,2254,2132,0.9458740017746228,0.0541259982253771,0.0159716060337178,0.0381543921916592,0.0,199.50892514377847,171.6531524832419,398.1913531015262,193.8603450668574,852.8,10.643996247654783,188.86492889612367,0.3141401599584034,0.0883213872421082,0.5975384527994884,1102,4.778584392014519,0.1421661524616902,0.2191810010663175,0.0471631205673758,1.3354972729688297,0.0005226829475948,0.0172413793103448,2254,0.0,0.9458740017746228,0.0,0.0,1.0,21525.594791142143,0.0,-8.751806867289039e-15,2.6632021582828145e-13,0.0,0.0,0.0,0.0,,,0.0,450.0,47.83465509142699,0.0,0.0
optimal@10s+aware,5,450,2254,2132,0.9458740017746228,0.0541259982253771,0.0164152617568766,0.0377107364685004,0.0,192.1632227755496,160.24873528424175,389.7422838737356,187.94622997640604,852.8,10.884615384615383,181.27860739093424,0.3173820994881459,0.0843068947411053,0.5983110057707487,1088,5.089154411764706,0.1495574448644193,0.2159559990832348,0.0518884574655841,1.4466547943756738,0.0005212556408234,0.0183823529411764,2254,0.0,0.9458740017746228,0.0,0.0,1.0,21502.92296717417,0.0,5.341984932370875e-15,2.680120040845677e-13,0.0,0.0,0.0,0.0,,,0.0,450.0,47.784273260387046,0.0,0.0
optimal@10s+aware,0,500,2254,2164,0.9600709849157054,0.0399290150842945,0.0115350488021295,0.028393966282165,0.0,176.64843169211173,144.96949044738403,361.5858173306715,173.88289778837495,865.6,9.559149722735675,167.08928196937606,0.3828623058306606,0.0722316900456289,0.5449060041237104,1090,4.403669724770642,0.1455829357895909,0.2167409997673527,0.0422435214767483,1.055153725254394,0.0004973527607713,0.0110091743119266,2254,0.0,0.9600709849157054,0.0,0.0,1.0,21841.05776797727,0.0,-4.2520926192667724e-16,2.693068606483718e-13,0.0,0.0,0.0,0.0,,,0.0,500.0,43.68211553595454,0.0,0.0
optimal@10s+aware,1,500,2254,2153,0.9551907719609584,0.0448092280390417,0.012866015971606,0.0319432120674356,0.0,178.7820405546885,144.2325891829605,370.13661343272105,174.65235958281602,861.2,9.494658615884813,169.2873819388037,0.3847288604556772,0.0722155331099763,0.5430556064343465,1091,4.2960586617781855,0.1436728689741332,0.2154700003302421,0.0463388751326494,1.039462213486748,0.0005108405734791,0.0091659028414298,2254,0.0,0.9551907719609584,0.0,0.0,1.0,21656.14446446162,0.0,1.0741059690539786e-14,2.670925358367053e-13,0.0,0.0,0.0,0.0,,,0.0,500.0,43.312288928923245,0.0,0.0
optimal@10s+aware,2,500,2254,2162,0.9591836734693876,0.0408163265306122,0.0070984915705412,0.0337178349600709,0.0,172.2356255583788,142.24909419580035,358.5292163094995,168.03040096734765,864.8,7.729879740980573,164.5057458173982,0.3820251497696792,0.0715878460075291,0.5463870042227916,1049,4.089609151572927,0.1498971401248626,0.2136119993519969,0.0495606326889279,1.0668419444355035,0.0006094138142925,0.0162059103908484,2254,0.0,0.9591836734693876,0.0,0.0,1.0,21862.426770935694,0.0,-3.639395291453936e-15,2.642955234869641e-13,0.0,0.0,0.0,0.0,,,0.0,500.0,43.72485354187139,0.0,0.0
optimal@10s+aware,3,500,2254,2120,0.940550133096717,0.059449866903283,0.0177462289263531,0.0417036379769299,0.0,184.4545297100388,147.32064545832736,397.49038264837856,179.3939247171279,848.0,10.188207547169812,174.26632216286896,0.3938884066245,0.0731289228464477,0.5329826705290523,1100,4.81,0.1450089091056063,0.2172110003994021,0.0559465165376495,1.619199790807337,0.0006393384136596,0.0181818181818181,2254,0.0,0.940550133096717,0.0,0.0,1.0,21335.625436191905,0.0,-5.24737486167173e-15,2.702538402709337e-13,0.0,0.0,0.0,0.0,,,0.0,500.0,42.671250872383816,0.0,0.0
optimal@10s+aware,4,500,2254,2168,0.9618456078083408,0.0381543921916592,0.0079858030168589,0.0301685891748003,0.0,170.87605951385535,140.77311350971945,344.05552107980094,167.07378622984982,867.2,7.44049815498155,163.4355613588738,0.3771777618991561,0.0717666238942013,0.5510556142066425,1084,3.7029520295202953,0.144572509238919,0.2155680004034366,0.0545263893743446,0.696775003990747,0.0004827862396507,0.0083025830258302,2254,0.0,0.9618456078083408,0.0,0.0,1.0,21998.159825425253,0.0,2.2857894339099856e-15,2.6636114388344976e-13,0.0,0.0,0.0,0.0,,,0.0,500.0,43.9963196508505,0.0,0.0
optimal@10s+aware,5,500,2254,2154,0.9556344276841172,0.0443655723158828,0.0093167701863354,0.0350488021295474,0.0,173.987763062835,141.42358291382652,359.0331657645261,169.5624479930301,861.6,9.237697307335193,164.7500657554998,0.3826060319337184,0.070616359022566,0.5467776090437155,1083,4.18005540166205,0.151825300100735,0.2262899998459034,0.0552061495457721,2.1901451397263214,0.0011648992488436,0.0212373037857802,2254,0.0,0.9556344276841172,0.0,0.0,1.0,21804.77175449925,0.0,-9.376384946504642e-15,2.6388692118699984e-13,0.0,0.0,0.0,0.0,,,0.0,500.0,43.609543508998506,0.0,0.0
batched_greedy@30s+aware,0,300,2254,1872,0.8305235137533274,0.1694764862466725,0.0962732919254658,0.0732031943212067,0.0,309.0468217720886,292.0080698153547,516.9570797272535,286.6773287897784,748.8,42.78044871794872,266.2663730541399,0.0796042709087845,0.1485458196513787,0.7718499094398367,365,18.684931506849317,0.09102986302037,0.2445599995553494,0.0501147666411629,,,,2254,0.0,0.8305235137533274,0.0,0.0,1.0,18696.553684803977,0.0,-6.613892719348155e-16,2.7012580206841306e-13,0.0,0.0,0.0,0.0,,,0.0,300.0,62.321845616013256,0.0,0.0
batched_greedy@30s+aware,1,300,2254,1892,0.839396628216504,0.160603371783496,0.0865128660159716,0.0740905057675244,0.0,308.4004224974999,288.0776530927915,515.328268918327,285.4748111825111,756.8,43.15961945031712,265.24080304718274,0.0750442563885907,0.148958326838963,0.7759974167724462,371,17.948787061994608,0.0874191374764928,0.2159100004064385,0.043842927945101,,,,2254,0.0,0.839396628216504,0.0,0.0,1.0,18779.60530993785,0.0,1.9021664675607334e-15,2.723909892569547e-13,0.0,0.0,0.0,0.0,,,0.0,300.0,62.59868436645952,0.0,0.0
batched_greedy@30s+aware,2,300,2254,1886,0.8367346938775511,0.1632653061224489,0.0980479148181011,0.0652173913043478,0.0,315.2175256800501,294.81873599672895,522.7204629849157,292.6233058511577,754.4,48.663838812301165,266.5536868677489,0.0755601027543397,0.1484620071940336,0.7759778900516267,366,19.35792349726776,0.0920724043800098,0.2530000001570442,0.0526115135341212,,,,2254,0.0,0.8367346938775511,0.0,0.0,1.0,18841.74064334677,0.0,8.639724967029957e-15,2.698743785297097e-13,0.0,0.0,0.0,0.0,,,0.0,300.0,62.80580214448924,0.0,0.0
batched_greedy@30s+aware,3,300,2254,1883,0.8354037267080745,0.1645962732919254,0.0882874889086069,0.0763087843833185,0.0,313.3036247403926,293.13691841752006,521.6312875296076,289.9926810916478,753.2,44.73181093998938,268.5718138004032,0.0824361201962775,0.1494717869260362,0.7680920928776863,369,18.639566395663955,0.0908235772058943,0.2575559994147625,0.0493733383972654,,,,2254,0.0,0.8354037267080745,0.0,0.0,1.0,18654.870217995453,0.0,-6.452146894890076e-15,2.7423676122786645e-13,0.0,0.0,0.0,0.0,,,0.0,300.0,62.18290072665151,0.0,0.0
batched_greedy@30s+aware,4,300,2254,1852,0.8216503992901508,0.1783496007098491,0.0962732919254658,0.0820763087843833,0.0,324.98066368879364,309.7872960863606,532.7328010763455,298.23724859503795,740.8,48.05345572354212,276.9272079652516,0.0753078064052259,0.1499939911415635,0.7746982024532105,372,19.086021505376344,0.0848153225966617,0.2349769994907549,0.0499237804878048,,,,2254,0.0,0.8216503992901508,0.0,0.0,1.0,18611.52613210025,0.0,2.4405723422537457e-15,2.689123222155465e-13,0.0,0.0,0.0,0.0,,,0.0,300.0,62.038420440334185,0.0,0.0
batched_greedy@30s+aware,5,300,2254,1883,0.8354037267080745,0.1645962732919254,0.0856255545696539,0.0789707187222715,0.0,324.7002889177812,309.7538816355227,534.0631074912126,298.52731332943654,753.2,46.773234200743495,277.92705471703766,0.0599096484119523,0.1555723799399738,0.7845179716480739,369,18.50677506775068,0.0852951219673413,0.2476999986538429,0.0538403614457831,,,,2254,0.0,0.8354037267080745,0.0,0.0,1.0,18741.77733292901,0.0,3.2687607267774127e-16,2.723405969967488e-13,0.0,0.0,0.0,0.0,,,0.0,300.0,62.47259110976336,0.0,0.0
batched_greedy@30s+aware,0,350,2254,2010,0.8917480035492458,0.1082519964507542,0.0474711623779946,0.0607808340727595,0.0,259.990413882183,237.4009418544506,469.1335876391828,246.79852124270928,804.0,30.9771144278607,229.01329945432235,0.1641950822828448,0.1240527842806847,0.7117521334364705,364,13.626373626373626,0.1142791208501996,0.2610539998022433,0.0543478260869565,,,,2254,0.0,0.8917480035492458,0.0,0.0,1.0,20054.16003563981,0.0,-2.7180027162067015e-15,2.738466170244668e-13,0.0,0.0,0.0,0.0,,,0.0,350.0,57.29760010182802,0.0,0.0
batched_greedy@30s+aware,1,350,2254,2009,0.8913043478260869,0.108695652173913,0.0483584738243123,0.0603371783496007,0.0,265.2326595566569,239.8906265472233,488.1766092688056,251.46513546501907,803.6,30.928322548531607,234.3043370081253,0.1600450321132972,0.1254178459477479,0.7145371219389549,371,13.493261455525609,0.1154323450032831,0.2855700000509393,0.0534156976744186,,,,2254,0.0,0.8913043478260869,0.0,0.0,1.0,20009.775291444887,0.0,-2.229509094349294e-15,2.73652236317194e-13,0.0,0.0,0.0,0.0,,,0.0,350.0,57.17078654698538,0.0,0.0
batched_greedy@30s+aware,2,350,2254,2015,0.8939662821650399,0.10603371783496,0.046583850931677,0.059449866903283,0.0,265.95446500618533,242.62512342508623,480.655033700964,252.15249425718557,806.0,31.999007444168736,233.9554575620166,0.1610413852124351,0.125729181605371,0.7132294331821938,362,13.87292817679558,0.117883425430978,0.2886110006511443,0.0464520848573518,,,,2254,0.0,0.8939662821650399,0.0,0.0,1.0,20107.09987269621,0.0,-4.857432349923265e-15,2.7130302415993376e-13,0.0,0.0,0.0,0.0,,,0.0,350.0,57.44885677913202,0.0,0.0
batched_greedy@30s+aware,3,350,2254,1971,0.8744454303460515,0.1255545696539485,0.0559006211180124,0.0696539485359361,0.0,269.9565356216776,246.70339876359824,493.1320486540808,254.24392831856292,788.4,33.656519533231865,236.3000160884457,0.1794370404432217,0.1231789962117693,0.697383963345009,366,14.617486338797814,0.1172243169118994,0.246569999126223,0.0506050605060506,,,,2254,0.0,0.8744454303460515,0.0,0.0,1.0,19644.43157717254,0.0,-9.918668288188462e-15,2.683501991563683e-13,0.0,0.0,0.0,0.0,,,0.0,350.0,56.12694736335012,0.0,0.0
batched_greedy@30s+aware,4,350,2254,1989,0.8824312333629104,0.1175687666370896,0.0514640638864241,0.0661047027506654,0.0,270.42276469020345,255.1533070565192,471.5407537257072,255.1847539488453,795.6,30.58220211161388,239.8405625785896,0.1593629743900899,0.1266046597547286,0.7140323658551815,372,13.362903225806452,0.1096395160182568,0.2626500003862023,0.0506929248723559,,,,2254,0.0,0.8824312333629104,0.0,0.0,1.0,20105.496176946937,0.0,-2.2210265580213592e-14,2.753210206603669e-13,0.0,0.0,0.0,0.0,,,0.0,350.0,57.44427479127696,0.0,0.0
batched_greedy@30s+aware,5,350,2254,2023,0.8975155279503105,0.1024844720496894,0.0434782608695652,0.0590062111801242,0.0,263.10003833699903,238.88806489766372,466.0704789618787,250.68365793913875,809.2,29.4206623826001,233.6793759543989,0.1479199714992286,0.1276548658914814,0.7244251626092899,364,13.478021978021978,0.1117975274920044,0.2429779994599812,0.0515239477503628,,,,2254,0.0,0.8975155279503105,0.0,0.0,1.0,20347.27186810632,0.0,1.6275660996887467e-14,2.731063027729718e-13,0.0,0.0,0.0,0.0,,,0.0,350.0,58.13506248030376,0.0,0.0
batched_greedy@30s+aware,0,400,2254,2072,0.9192546583850932,0.0807453416149068,0.0323868677905945,0.0483584738243123,0.0,227.41799111100704,201.30281033710003,433.2260003241212,219.6059459279643,828.8,25.68918918918919,201.72880192181785,0.2544894751337709,0.100260283211513,0.645250241654716,364,11.728021978021978,0.1247126374237468,0.2738379995753349,0.043698085951607,,,,2254,0.0,0.9192546583850932,0.0,0.0,1.0,20723.15046927937,0.0,5.012721254813351e-15,2.66250342236805e-13,0.0,0.0,0.0,0.0,,,0.0,400.0,51.80787617319843,0.0,0.0
batched_greedy@30s+aware,1,400,2254,2066,0.9165927240461402,0.0834072759538598,0.0323868677905945,0.0510204081632653,0.0,234.63124989533952,204.3723593662912,450.6227838309319,225.3496564496893,826.4,27.119554695062924,207.5116952002766,0.2556610817395797,0.1018277100392645,0.6425112082211558,371,11.830188679245284,0.1312819407159912,0.2805699994496541,0.0529896168993913,,,,2254,0.0,0.9165927240461402,0.0,0.0,1.0,20592.81012484112,0.0,-9.775981250716771e-15,2.689074089785992e-13,0.0,0.0,0.0,0.0,,,0.0,400.0,51.48202531210279,0.0,0.0
batched_greedy@30s+aware,2,400,2254,2085,0.925022182786158,0.074977817213842,0.0244010647737355,0.0505767524401064,0.0,232.88800957828084,203.2550495466312,450.0045700527383,223.7146302634209,834.0,24.59520383693045,208.2928057413504,0.2467909770897464,0.1042094203575081,0.6489996025527454,361,11.354570637119114,0.1290947368028773,0.2704399998037843,0.0513552068473609,,,,2254,0.0,0.925022182786158,0.0,0.0,1.0,20830.64532531701,0.0,-4.930774680109808e-15,2.6815874327889113e-13,0.0,0.0,0.0,0.0,,,0.0,400.0,52.07661331329253,0.0,0.0
batched_greedy@30s+aware,3,400,2254,2033,0.9019520851818988,0.0980479148181011,0.0399290150842945,0.0581188997338065,0.0,246.1739557982804,214.9196223592517,476.9678940748236,234.629707614916,813.2,29.33546483030005,216.8384909679803,0.2616620381001294,0.1034761696440718,0.6348617922557988,369,12.661246612466124,0.1246433604460447,0.2844520011421991,0.0468069666182873,,,,2254,0.0,0.9019520851818988,0.0,0.0,1.0,20354.65006613679,0.0,2.6566714068846344e-15,2.735226921713104e-13,0.0,0.0,0.0,0.0,,,0.0,400.0,50.886625165341975,0.0,0.0
batched_greedy@30s+aware,4,400,2254,2060,0.9139307897071872,0.0860692102928127,0.0328305235137533,0.0532386867790594,0.0,234.29808721757772,208.76008396715952,443.28432013225455,224.7225549153004,824.0,25.653398058252428,208.6446891593253,0.2463596852094541,0.1038609583487196,0.6497793564418263,372,11.370967741935484,0.1263443547931499,0.2667770005609782,0.0433526011560693,,,,2254,0.0,0.9139307897071872,0.0,0.0,1.0,20837.537081835544,0.0,-2.111708866022948e-14,2.7134454338240564e-13,0.0,0.0,0.0,0.0,,,0.0,400.0,52.09384270458886,0.0,0.0
batched_greedy@30s+aware,5,400,2254,2082,0.9236912156166814,0.0763087843833185,0.0279503105590062,0.0483584738243123,0.0,229.89089799296656,202.84841471222356,441.6127609282936,222.3130189184711,832.8,25.763208453410183,204.1276895395564,0.2444794038676258,0.1017470119385049,0.6537735841938691,368,11.714673913043478,0.1322801630640638,0.2909769996767862,0.0483524355300859,,,,2254,0.0,0.9236912156166814,0.0,0.0,1.0,20882.58241487048,0.0,1.435504506383728e-16,2.7218509226828973e-13,0.0,0.0,0.0,0.0,,,0.0,400.0,52.20645603717619,0.0,0.0
batched_greedy@30s+aware,0,450,2254,2115,0.9383318544809228,0.0616681455190772,0.023070097604259,0.0385980479148181,0.0,204.51528674662208,175.2566859666358,406.0285744279281,199.52741794637163,846.0,23.42316784869976,181.0921188979223,0.3252714812140304,0.0834260079389458,0.5913025108470237,370,10.475675675675676,0.1420997296992101,0.3099429997564585,0.0497866287339971,,,,2254,0.0,0.9383318544809228,0.0,0.0,1.0,21322.740046159342,0.0,-3.5216379326738773e-15,2.6352484680886094e-13,0.0,0.0,0.0,0.0,,,0.0,450.0,47.383866769242985,0.0,0.0
batched_greedy@30s+aware,1,450,2254,2119,0.940106477373558,0.0598935226264418,0.0186335403726708,0.041259982253771,0.0,210.51414108095645,178.6394077235136,415.7381927125354,204.31450274249775,847.6,22.932043416705994,187.58209766425043,0.3190868274730999,0.0861630053934437,0.5947501671334563,371,10.191374663072777,0.136381940723554,0.3060400002141251,0.0448558205767176,,,,2254,0.0,0.940106477373558,0.0,0.0,1.0,21277.302221681504,0.0,4.000784811721423e-15,2.641377232819851e-13,0.0,0.0,0.0,0.0,,,0.0,450.0,47.282893825958894,0.0,0.0
batched_greedy@30s+aware,2,450,2254,2136,0.9476486246672582,0.0523513753327417,0.015527950310559,0.0368234250221827,0.0,203.56842326350875,173.01357084256324,410.5521702931105,198.80875635575484,854.4,20.894194756554302,182.67422850695445,0.3208219063411638,0.0851837546415119,0.5939943390173243,361,10.171745152354571,0.1426113572920875,0.3251600002840851,0.0455030216850337,,,,2254,0.0,0.9476486246672582,0.0,0.0,1.0,21422.04501181073,0.0,1.7006787156243034e-15,2.6808933766242537e-13,0.0,0.0,0.0,0.0,,,0.0,450.0,47.604544470690506,0.0,0.0
batched_greedy@30s+aware,3,450,2254,2092,0.9281277728482696,0.0718722271517302,0.0275066548358473,0.0443655723158828,0.0,212.5064593467432,178.65827268903558,423.0196468246825,206.71943632845444,836.8,24.668738049713195,187.83772129703,0.3348696037923851,0.0848129117191435,0.5803174844884714,365,11.33972602739726,0.1397761643652115,0.2930120001838077,0.048317823908375,,,,2254,0.0,0.9281277728482696,0.0,0.0,1.0,20958.63504090651,0.0,-1.0748996763846928e-14,2.710498067760384e-13,0.0,0.0,0.0,0.0,,,0.0,450.0,46.5747445353478,0.0,0.0
batched_greedy@30s+aware,4,450,2254,2124,0.9423247559893524,0.0576752440106477,0.0221827861579414,0.0354924578527063,0.0,206.20151885155784,176.11544384771378,406.0553267510995,201.75137847889843,849.6,22.213276836158197,183.9882420153997,0.3164565309435605,0.0860977003253883,0.5974457687310512,372,10.220430107526882,0.1416817204132116,0.3275310001481562,0.054140127388535,,,,2254,0.0,0.9423247559893524,0.0,0.0,1.0,21484.11032946112,0.0,3.7676495110631493e-16,2.6431545799105134e-13,0.0,0.0,0.0,0.0,,,0.0,450.0,47.74246739880248,0.0,0.0
batched_greedy@30s+aware,5,450,2254,2130,0.9449866903283052,0.0550133096716947,0.0177462289263531,0.0372670807453416,0.0,196.89671488443324,172.24311642489147,386.1679446979065,192.9641502664709,852.0,21.376056338028167,175.5206585464051,0.3210082803492535,0.0821887788652325,0.5968029407855138,368,10.103260869565217,0.1441260869648391,0.3249199994206717,0.0512729844413012,,,,2254,0.0,0.9449866903283052,0.0,0.0,1.0,21435.160995635582,0.0,-7.993605777301127e-16,2.64292291755434e-13,0.0,0.0,0.0,0.0,,,0.0,450.0,47.63369110141241,0.0,0.0
batched_greedy@30s+aware,0,500,2254,2161,0.958740017746229,0.041259982253771,0.0173025732031943,0.0239574090505767,0.0,188.7299958988937,156.5889892485529,376.4461986736751,186.3991187014168,864.4,20.10967144840352,168.6203244504902,0.3821875488132148,0.0726456793128114,0.5451667718739738,364,9.65934065934066,0.1518030219733271,0.31318000101237,0.0427655024946543,,,,2254,0.0,0.958740017746229,0.0,0.0,1.0,21794.76741595094,0.0,-4.045301293798465e-15,2.634887526427971e-13,0.0,0.0,0.0,0.0,,,0.0,500.0,43.58953483190188,0.0,0.0
batched_greedy@30s+aware,1,500,2254,2144,0.9511978704525288,0.0488021295474711,0.0150842945874001,0.0337178349600709,0.0,190.4660191988794,157.55110126642194,382.6613982029357,186.28810574053665,857.6,21.82649253731343,168.63952666156595,0.3852824070338012,0.0710778520592102,0.5436397409069886,371,9.735849056603774,0.154046900260527,0.31265999932657,0.048780487804878,,,,2254,0.0,0.9511978704525288,0.0,0.0,1.0,21639.729137835973,0.0,8.809288290542521e-15,2.632806907810808e-13,0.0,0.0,0.0,0.0,,,0.0,500.0,43.27945827567194,0.0,0.0
batched_greedy@30s+aware,2,500,2254,2158,0.9574090505767524,0.0425909494232475,0.010204081632653,0.0323868677905945,0.0,181.88297462872583,150.941097355264,365.7497205576162,178.2534243463655,863.2,19.26274328081557,162.62023134791028,0.38365107847499,0.0705441864632304,0.5458047350617795,362,9.472375690607734,0.1494466851100239,0.3065739996782212,0.0483245149911816,,,,2254,0.0,0.9574090505767524,0.0,0.0,1.0,21804.80716121021,0.0,-1.3483190467736839e-15,2.696127740794621e-13,0.0,0.0,0.0,0.0,,,0.0,500.0,43.60961432242042,0.0,0.0
batched_greedy@30s+aware,3,500,2254,2132,0.9458740017746228,0.0541259982253771,0.0173025732031943,0.0368234250221827,0.0,192.44548925392485,157.052981810878,390.4370834453892,188.9542504832524,852.8,22.36444652908068,170.08104272484417,0.3916462810864604,0.0713414918132081,0.5370122271003315,369,10.254742547425474,0.1498512196033006,0.3031520007789368,0.0509193776520509,,,,2254,0.0,0.9458740017746228,0.0,0.0,1.0,21468.359448998934,0.0,7.601590818137048e-15,2.693276079538984e-13,0.0,0.0,0.0,0.0,,,0.0,500.0,42.93671889799787,0.0,0.0
batched_greedy@30s+aware,4,500,2254,2164,0.9600709849157054,0.0399290150842945,0.0110913930789707,0.0288376220053238,0.0,183.0443853197559,151.2562791158607,367.48250531184925,179.64962966759205,865.6,18.894177449168208,164.1502078705877,0.377999304879606,0.0713288645723077,0.5506718305480862,372,8.954301075268818,0.149446236523496,0.2894519995788873,0.0483074753173483,,,,2254,0.0,0.9600709849157054,0.0,0.0,1.0,21949.032481780458,0.0,3.513312048351697e-16,2.6364615974056026e-13,0.0,0.0,0.0,0.0,,,0.0,500.0,43.89806496356091,0.0,0.0
batched_greedy@30s+aware,5,500,2254,2155,0.956078083407276,0.043921916592724,0.0119787045252883,0.0319432120674356,0.0,181.9084069434689,152.92852708503506,360.9646621653632,178.35159138683915,862.0,20.97354988399072,160.93485705947822,0.384748028171734,0.0693855692065443,0.5458664026217216,368,9.557065217391305,0.1540029891400437,0.3238560001409495,0.0520210896309314,,,,2254,0.0,0.956078083407276,0.0,0.0,1.0,21752.08299241791,0.0,-4.307768372485248e-15,2.6574545606082884e-13,0.0,0.0,0.0,0.0,,,0.0,500.0,43.50416598483582,0.0,0.0
optimal@30s+aware,0,300,2254,1878,0.8331854480922803,0.1668145519077196,0.0891748003549245,0.077639751552795,0.0,309.2863217619658,296.764424531269,501.9502078252512,286.15028294851464,751.2,42.71033013844515,266.5759916235206,0.076945377864082,0.1501062647992602,0.7729483573366578,370,18.167567567567566,0.1756348649438665,0.2672369998617797,0.0566037735849056,40.026804437195,0.0032651012544533,0.2729729729729729,2254,0.0,0.8331854480922803,0.0,0.0,1.0,18635.406964590184,0.0,-4.468795467383644e-15,2.729152840295066e-13,0.0,0.0,0.0,0.0,,,0.0,300.0,62.11802321530061,0.0,0.0
optimal@30s+aware,1,300,2254,1883,0.8354037267080745,0.1645962732919254,0.0856255545696539,0.0789707187222715,0.0,317.52038203782485,301.77256413341684,514.342071528137,292.5097268337097,753.2,45.17472118959108,272.34566084823376,0.0675690101605025,0.1515447638445263,0.7808862259949712,371,18.38814016172507,0.1686404312747349,0.2533200007746927,0.0474383301707779,42.89622613939069,0.0034235821599323,0.2911051212938005,2254,0.0,0.8354037267080745,0.0,0.0,1.0,18736.37596664249,0.0,-7.164859370815137e-16,2.7696025681753643e-13,0.0,0.0,0.0,0.0,,,0.0,300.0,62.45458655547496,0.0,0.0
optimal@30s+aware,2,300,2254,1869,0.8291925465838509,0.170807453416149,0.0896184560780834,0.0811889973380656,0.0,318.66332682018736,305.29281654257466,524.1112121779508,290.8362145324055,747.6,46.04761904761905,272.6157077725684,0.0712420771492262,0.1511439003694122,0.7776140224813615,364,18.45054945054945,0.1718467032193215,0.2356289995987026,0.0497153700189753,38.32947676059657,0.0030585275928409,0.2582417582417582,2254,0.0,0.8291925465838509,0.0,0.0,1.0,18796.81468581386,0.0,-3.3293622302937814e-15,2.803744989580287e-13,0.0,0.0,0.0,0.0,,,0.0,300.0,62.65604895271287,0.0,0.0
optimal@30s+aware,3,300,2254,1856,0.8234250221827861,0.1765749778172138,0.0900621118012422,0.0865128660159716,0.0,316.3401901672744,301.0561028120969,512.7375923090849,289.6883586003218,742.4,44.594288793103445,271.74590137417096,0.0765901940494666,0.1509587436873041,0.7724510622632292,366,18.781420765027324,0.1704573769579515,0.2462849993207784,0.0468571428571428,36.16133115370243,0.0028044052640671,0.2650273224043716,2254,0.0,0.8234250221827861,0.0,0.0,1.0,18639.40553027206,0.0,-1.35518990665344e-14,2.7617419845280085e-13,0.0,0.0,0.0,0.0,,,0.0,300.0,62.13135176757353,0.0,0.0
optimal@30s+aware,4,300,2254,1862,0.8260869565217391,0.1739130434782608,0.0989352262644188,0.074977817213842,0.0,331.29002503363955,315.7982515102119,525.4364403854361,303.682680660119,744.8,49.22073039742212,282.0692946362174,0.07188035077326,0.1541644867892588,0.7739551624374812,365,19.2986301369863,0.1769997260291272,0.2535440000792733,0.048854961832061,47.75347955861952,0.003562621112691,0.3287671232876712,2254,0.0,0.8260869565217391,0.0,0.0,1.0,18649.189364051672,0.0,3.453497185085342e-16,2.771212069939117e-13,0.0,0.0,0.0,0.0,,,0.0,300.0,62.163964546838905,0.0,0.0
optimal@30s+aware,5,300,2254,1890,0.8385093167701864,0.1614906832298136,0.0789707187222715,0.0825199645075421,0.0,323.8232015580608,310.73006760844896,519.9192258821729,297.8483447068668,756.0,45.07407407407408,278.7491274839868,0.0613826614577869,0.1555303686817733,0.7830869698604397,368,18.12228260869565,0.1685567934877642,0.2794120000908139,0.0556801195814648,37.1691408007948,0.0030378127035423,0.2635869565217391,2254,0.0,0.8385093167701864,0.0,0.0,1.0,18913.40076491065,0.0,-9.329162956553907e-15,2.740448667522788e-13,0.0,0.0,0.0,0.0,,,0.0,300.0,63.04466921636882,0.0,0.0
optimal@30s+aware,0,350,2254,2019,0.8957409050576752,0.1042590949423247,0.0461401952085181,0.0581188997338065,0.0,266.5700742428537,246.72633781878903,467.36523013719744,253.49538321996528,807.6,31.14611193660228,235.42396230625144,0.1608702628078545,0.1267775108076506,0.7123522263844948,370,13.37837837837838,0.1720745946324707,0.3084229995147325,0.0532608695652173,33.93430270487887,0.0045572911703637,0.2567567567567567,2254,0.0,0.8957409050576752,0.0,0.0,1.0,20110.415437729367,0.0,-1.5693351631690082e-14,2.691572131648553e-13,0.0,0.0,0.0,0.0,,,0.0,350.0,57.458329822083904,0.0,0.0
optimal@30s+aware,1,350,2254,2016,0.8944099378881988,0.1055900621118012,0.0488021295474711,0.05678793256433,0.0,261.9841666347723,239.7440792143525,479.0376438213716,250.08312121591865,806.4,31.107142857142858,230.87702377762943,0.1613824450837189,0.1241665087971626,0.7144510461191184,371,13.660377358490566,0.1671676550076906,0.2412200003163889,0.0558173251177963,28.646221995643856,0.0037428658753847,0.2345013477088948,2254,0.0,0.8944099378881988,0.0,0.0,1.0,20052.675512746828,0.0,6.947264633061148e-15,2.720376833850868e-13,0.0,0.0,0.0,0.0,,,0.0,350.0,57.29335860784808,0.0,0.0
optimal@30s+aware,2,350,2254,2025,0.8984028393966282,0.1015971606033717,0.0350488021295474,0.0665483584738243,0.0,262.9024374073068,244.3502023695737,457.72508459389394,247.97684703021096,810.0,27.471604938271604,235.4308324690352,0.1509994636207756,0.1292954239057754,0.7197051124734489,361,12.592797783933518,0.1679606647689412,0.2415999992081196,0.0498015156983038,36.12704781749674,0.0054576834278611,0.2520775623268698,2254,0.0,0.8984028393966282,0.0,0.0,1.0,20275.659489846912,0.0,-6.7940166524221924e-15,2.7072029117761425e-13,0.0,0.0,0.0,0.0,,,0.0,350.0,57.93045568527689,0.0,0.0
optimal@30s+aware,3,350,2254,1961,0.8700088731144632,0.1299911268855368,0.0607808340727595,0.0692102928127772,0.0,265.70703801650825,239.8013848510909,477.0187128002199,251.37924686441605,784.4,32.15502294747578,233.5520150690325,0.1815861438442601,0.1220947595092396,0.6963190966465002,364,14.804945054945057,0.1695010987932219,0.2671169999666745,0.0469674556213017,30.75793893228628,0.0035060130746261,0.2417582417582417,2254,0.0,0.8700088731144632,0.0,0.0,1.0,19545.228290534826,0.0,-2.1414113046110107e-15,2.729610973196508e-13,0.0,0.0,0.0,0.0,,,0.0,350.0,55.84350940152807,0.0,0.0
optimal@30s+aware,4,350,2254,1997,0.885980479148181,0.1140195208518189,0.0483584738243123,0.0656610470275066,0.0,269.4528421847444,255.85239534383163,466.7355332818257,255.6372859077343,798.8,30.31296945418127,239.13987273056316,0.1505911522100841,0.1278266163936326,0.7215822313962832,372,13.43010752688172,0.1602126344746515,0.2552870001454721,0.051235465116279,30.69003528325357,0.0040588296917413,0.1989247311827957,2254,0.0,0.885980479148181,0.0,0.0,1.0,20218.530728575883,0.0,-3.575396252363198e-15,2.704345399484632e-13,0.0,0.0,0.0,0.0,,,0.0,350.0,57.76723065307395,0.0,0.0
optimal@30s+aware,5,350,2254,2019,0.8957409050576752,0.1042590949423247,0.0399290150842945,0.0643300798580301,0.0,266.22205450503134,242.24196952864577,477.3379185201937,252.2510918630432,807.6,29.94898464586429,236.27306985916707,0.1476836475357523,0.1293540471943804,0.7229623052698673,368,13.230978260869565,0.1634842391339312,0.2518350002719668,0.0472040668119099,31.152696714818347,0.0042653499071506,0.2798913043478261,2254,0.0,0.8957409050576752,0.0,0.0,1.0,20158.617589746835,0.0,-3.6228793340467455e-15,2.693954244646412e-13,0.0,0.0,0.0,0.0,,,0.0,350.0,57.59605025641953,0.0,0.0
optimal@30s+aware,0,400,2254,2081,0.9232475598935226,0.0767524401064773,0.0270629991126885,0.0496894409937888,0.0,227.74840860418783,200.286490850604,426.9294825741108,219.44421860423532,832.4,24.12830370014416,203.62010490404367,0.2492959595296036,0.1029633107034469,0.6477407297669495,365,11.145205479452056,0.1710986300965225,0.2779359997657596,0.0462365591397849,31.884399260155835,0.0064053354907875,0.2273972602739726,2254,0.0,0.9232475598935226,0.0,0.0,1.0,20823.29104628612,0.0,3.186516137184592e-15,2.723408556175549e-13,0.0,0.0,0.0,0.0,,,0.0,400.0,52.058227615715296,0.0,0.0
optimal@30s+aware,1,400,2254,2067,0.917036379769299,0.0829636202307009,0.0292812777284826,0.0536823425022182,0.0,232.23687510964572,207.04926678328684,443.24073742489975,222.0815369015235,826.8,26.67198838896952,205.56488672067624,0.2544714585547495,0.101461427071927,0.6440671143733234,371,11.495956873315365,0.1805598382112671,0.2593099998193796,0.0521614862450875,21.406875329597952,0.0039630299942355,0.1859838274932614,2254,0.0,0.917036379769299,0.0,0.0,1.0,20609.40896651173,0.0,-7.523090359027476e-15,2.7280440982061713e-13,0.0,0.0,0.0,0.0,,,0.0,400.0,51.52352241627933,0.0,0.0
optimal@30s+aware,2,400,2254,2083,0.9241348713398404,0.0758651286601597,0.0244010647737355,0.0514640638864241,0.0,233.83356011862983,208.6423282566648,436.2988607249943,224.78137347365544,833.2,24.1387421987518,209.6948179198781,0.2442459730926191,0.1056263611752988,0.650127665732082,362,11.320441988950275,0.1836585636019612,0.2574290001211921,0.0506600071352122,26.78475031499552,0.0051979030253051,0.2154696132596685,2254,0.0,0.9241348713398404,0.0,0.0,1.0,20885.39133899128,0.0,-7.708774675832243e-15,2.7008000572739215e-13,0.0,0.0,0.0,0.0,,,0.0,400.0,52.2134783474782,0.0,0.0
optimal@30s+aware,3,400,2254,2050,0.9094942324755988,0.090505767524401,0.0354924578527063,0.0550133096716947,0.0,242.22394210837857,215.3321841286565,457.8273905128504,231.9469501127518,820.0,25.977073170731707,216.24686893764684,0.2551593359196699,0.1060663982896849,0.6387742657906451,364,12.06868131868132,0.1800763735935526,0.2526920003765553,0.0497297297297297,31.5413766300927,0.0052914549148127,0.2087912087912088,2254,0.0,0.9094942324755988,0.0,0.0,1.0,20533.021908126822,0.0,-3.383309892408916e-15,2.708289960859164e-13,0.0,0.0,0.0,0.0,,,0.0,400.0,51.33255477031706,0.0,0.0
optimal@30s+aware,4,400,2254,2074,0.9201419698314108,0.0798580301685891,0.0288376220053238,0.0510204081632653,0.0,238.20894279501715,214.77171378022197,441.8374942952771,229.2150453132883,829.6,25.178881388621026,213.03006140639616,0.2417168560082008,0.1065958154623809,0.6516873285294182,372,11.21236559139785,0.1743147849650682,0.2508289994693768,0.0473287916816063,28.87343182234148,0.0055199603653954,0.2150537634408602,2254,0.0,0.9201419698314108,0.0,0.0,1.0,20934.22087685463,0.0,-1.4114071531570264e-14,2.657614833226531e-13,0.0,0.0,0.0,0.0,,,0.0,400.0,52.335552192136575,0.0,0.0
optimal@30s+aware,5,400,2254,2095,0.9294587400177462,0.0705412599822537,0.0244010647737355,0.0461401952085181,0.0,226.6809862551772,205.70625723531973,425.8050082740826,219.5127454125505,838.0,23.282100238663485,203.39888601651367,0.2396571849713571,0.1029347279315442,0.6574080870970986,368,11.02445652173913,0.1790739130802135,0.2592309991086949,0.0498930862437633,27.875153987490293,0.0057004441173008,0.2228260869565217,2254,0.0,0.9294587400177462,0.0,0.0,1.0,21018.077176720748,0.0,-6.781104450168736e-15,2.721120067538264e-13,0.0,0.0,0.0,0.0,,,0.0,400.0,52.54519294180187,0.0,0.0
optimal@30s+aware,0,450,2254,2122,0.9414374445430346,0.0585625554569653,0.0190771960958296,0.0394853593611357,0.0,200.8551842850609,173.81404336152536,396.3954970502522,195.76802346703136,848.8,22.217247879359096,178.6379364057018,0.3245411671232452,0.0830169113323945,0.5924419215443603,364,10.247252747252746,0.1825799449661744,0.284132999877329,0.0506373937677053,24.742692106720558,0.0064699344151096,0.1758241758241758,2254,0.0,0.9414374445430346,0.0,0.0,1.0,21424.527453364142,0.0,-1.745383605160001e-15,2.664853362587168e-13,0.0,0.0,0.0,0.0,,,0.0,450.0,47.61006100747588,0.0,0.0
optimal@30s+aware,1,450,2254,2131,0.945430346051464,0.0545696539485359,0.0181898846495119,0.0363797692990239,0.0,210.8197554609085,183.6050566088643,409.25638366666135,205.8966251212484,852.4,21.812763960581886,189.00699150032665,0.3147274080919516,0.0873614062565894,0.597911185651459,371,10.053908355795148,0.1788690026467157,0.2681099995243131,0.0506015569709837,22.680599290569084,0.0058682706783956,0.2048517520215633,2254,0.0,0.945430346051464,0.0,0.0,1.0,21420.44831434676,0.0,-5.0260645533382505e-15,2.610148397539292e-13,0.0,0.0,0.0,0.0,,,0.0,450.0,47.600996254103904,0.0,0.0
optimal@30s+aware,2,450,2254,2134,0.9467613132209406,0.0532386867790594,0.0159716060337178,0.0372670807453416,0.0,202.50104523804785,175.96976437031117,402.1235423591623,197.6648403862249,853.6,21.1738519212746,181.3271933167732,0.3212972362851761,0.0846603041758448,0.5940424595389792,360,10.252777777777778,0.1834927777357128,0.2788279999549559,0.0482269503546099,21.15076119169141,0.0055568798243134,0.1888888888888888,2254,0.0,0.9467613132209406,0.0,0.0,1.0,21387.84720278706,0.0,-6.496937737356586e-15,2.6957921472538343e-13,0.0,0.0,0.0,0.0,,,0.0,450.0,47.5285493395268,0.0,0.0
optimal@30s+aware,3,450,2254,2089,0.9267968056787932,0.0732031943212067,0.0248447204968944,0.0483584738243123,0.0,216.7736361383053,187.6725729712773,423.0531212728496,210.37041728109983,835.6,24.320248922929636,192.4533872153757,0.3338037285310699,0.0870752758724408,0.5791209955964893,364,11.307692307692308,0.1824626373500895,0.2637040008448821,0.045828857858933,23.867312388914414,0.0047811281642431,0.1785714285714285,2254,0.0,0.9267968056787932,0.0,0.0,1.0,20924.393067778838,0.0,-3.1292451742426624e-16,2.712740940874239e-13,0.0,0.0,0.0,0.0,,,0.0,450.0,46.49865126173074,0.0,0.0
optimal@30s+aware,4,450,2254,2126,0.94321206743567,0.05678793256433,0.0204081632653061,0.0363797692990239,0.0,209.0809303097568,181.97444346862312,406.2646786215664,204.28765848910015,850.4,21.55032925682032,187.53060105293648,0.3162584871266509,0.0876097083490296,0.5961318045243195,372,10.024193548387096,0.1832249999860059,0.2611619999515825,0.0490230905861456,22.280954656271465,0.0058063413291075,0.1720430107526881,2254,0.0,0.94321206743567,0.0,0.0,1.0,21468.45954013132,0.0,-6.5322473050005444e-15,2.694297173784965e-13,0.0,0.0,0.0,0.0,,,0.0,450.0,47.70768786695849,0.0,0.0
optimal@30s+aware,5,450,2254,2135,0.9472049689440992,0.0527950310559006,0.0159716060337178,0.0368234250221827,0.0,198.3646886394456,172.47447869984808,389.3379184286612,193.3865454142052,854.0,20.839812646370024,177.52487599307554,0.318816786061301,0.083244847718778,0.597938366219921,368,9.730978260869565,0.182892119591602,0.2564289996189473,0.0424091233071988,23.24306894580559,0.0068012553901959,0.1847826086956521,2254,0.0,0.9472049689440992,0.0,0.0,1.0,21460.996640314617,0.0,6.040445271215839e-16,2.649251102126239e-13,0.0,0.0,0.0,0.0,,,0.0,450.0,47.69110364514359,0.0,0.0
optimal@30s+aware,0,500,2254,2161,0.958740017746229,0.041259982253771,0.0168589174800354,0.0244010647737355,0.0,186.7998996830247,156.2644422084677,370.103045644828,184.53527782403535,864.4,20.608051827857476,166.19184785516725,0.3841064043610928,0.0716224214043136,0.5442711742345936,364,9.760989010989013,0.1883552198066084,0.2657800005363242,0.0448079658605974,18.181732063714467,0.0055958288493643,0.173076923076923,2254,0.0,0.958740017746229,0.0,0.0,1.0,21813.488238450987,0.0,9.125714734757858e-15,2.674574017962558e-13,0.0,0.0,0.0,0.0,,,0.0,500.0,43.62697647690197,0.0,0.0
optimal@30s+aware,1,500,2254,2170,0.9627329192546584,0.0372670807453416,0.0115350488021295,0.025732031943212,0.0,188.5695529314581,159.0116052412286,372.9695014871186,185.76463380322735,868.0,20.8557603686636,167.7137925627945,0.380059033010078,0.0720273123837186,0.5479136546062033,371,9.428571428571429,0.1806633422825695,0.2801599999656901,0.0489781536293164,16.87221024952967,0.0055599315740186,0.1482479784366576,2254,0.0,0.9627329192546584,0.0,0.0,1.0,21843.265827789808,0.0,8.965690453240205e-15,2.626359959005708e-13,0.0,0.0,0.0,0.0,,,0.0,500.0,43.68653165557962,0.0,0.0
optimal@30s+aware,2,500,2254,2164,0.9600709849157054,0.0399290150842945,0.0088731144631765,0.031055900621118,0.0,183.66249192559775,154.2080065177347,367.6357390535927,179.90488381528317,865.6,19.04898336414048,164.61350856145728,0.3836629828209335,0.0712361984150591,0.5451008187640074,360,9.38888888888889,0.1940174999314573,0.2795119995244022,0.0435706695005313,18.5736146805211,0.0065113085026859,0.15,2254,0.0,0.9600709849157054,0.0,0.0,1.0,21794.971161709214,0.0,6.857114999043434e-15,2.674496483798214e-13,0.0,0.0,0.0,0.0,,,0.0,500.0,43.589942323418434,0.0,0.0
optimal@30s+aware,3,500,2254,2134,0.9467613132209406,0.0532386867790594,0.0190771960958296,0.0341614906832298,0.0,191.5417332026437,156.25085319053528,392.89574532295984,187.95511536302263,853.6,21.040299906279287,170.50143329636444,0.3914578487109219,0.0725269191559477,0.5360152321331304,369,9.929539295392956,0.1843303523703051,0.2762880000955192,0.0479573712255772,19.563027203568325,0.005501291660865,0.1707317073170731,2254,0.0,0.9467613132209406,0.0,0.0,1.0,21426.49019508205,0.0,2.913008790759689e-15,2.7236486522353376e-13,0.0,0.0,0.0,0.0,,,0.0,500.0,42.85298039016409,0.0,0.0
optimal@30s+aware,4,500,2254,2170,0.9627329192546584,0.0372670807453416,0.0110913930789707,0.0261756876663708,0.0,181.6783910449388,152.88503101778633,357.1554820871916,178.68929938617748,868.0,18.677419354838708,163.00097169010013,0.3764681374427315,0.0716578772973165,0.5518739852599518,372,8.89516129032258,0.1867373656339975,0.2732990005279135,0.050650721069293,16.588203337083982,0.0065869726681267,0.1720430107526881,2254,0.0,0.9627329192546584,0.0,0.0,1.0,22006.42094124164,0.0,-5.816136103197594e-16,2.669835678701812e-13,0.0,0.0,0.0,0.0,,,0.0,500.0,44.01284188248328,0.0,0.0
optimal@30s+aware,5,500,2254,2155,0.956078083407276,0.043921916592724,0.0133096716947648,0.0306122448979591,0.0,179.54218807622505,150.17504035114325,361.0715402231436,176.51040340027396,862.0,20.035266821345708,159.50692125487936,0.3861501984807358,0.0692704125898357,0.5445793889294285,368,9.456521739130435,0.1948173913097375,0.271412000456621,0.0530755711775043,12.810252393333611,0.0043716318690615,0.1657608695652173,2254,0.0,0.956078083407276,0.0,0.0,1.0,21725.49898017084,0.0,-7.82874667387651e-16,2.62540389016375e-13,0.0,0.0,0.0,0.0,,,0.0,500.0,43.45099796034168,0.0,0.0
