arm,seed,drivers.num_drivers,requests,completed,completion_rate,cancel_rate,cancel_no_match_rate,cancel_eta_rate,cancel_late_rate,wait_mean_s,wait_p50_s,wait_p90_s,wait_all_mean_s,completed_per_hour,time_to_match_mean_s,pickup_mean_s,driver_idle_frac,driver_enroute_frac,driver_ontrip_frac,batches,batch_riders_mean,solve_ms_mean,solve_ms_p99,decline_rate,shadow_gap_s_per_batch,shadow_gap_frac,shadow_worse_batches_frac,app_opens,priced_out_rate,served_rate,retried_rate,surged_trip_frac,mean_multiplier_paid,revenue_per_hour,surge_revenue_per_hour,eta_error_mean_s,eta_abs_error_mean_s,eta_late_2min_frac,moves_per_driver_hour,chase_moves_per_hour,reposition_km_per_hour,moves_dispatched_frac,move_planned_mean_s,driver_reposition_frac,drivers_online_mean,earnings_per_online_hour,reserve_logons,reserve_logoffs
immediate_greedy,0,300,2505,1891,0.7548902195608782,0.2451097804391217,0.0091816367265469,0.2359281437125748,0.0,347.5746140230407,322.11756702034654,620.4052834910399,267.1091484410111,756.4,4.371360888902879,343.2032531341377,0.0394735331699912,0.1992455031014288,0.7612809637285799,2973,2.8768920282542885,0.0435571812908057,0.1417800007038751,0.0548387096774193,,,,2505,0.0,0.7548902195608782,0.0,0.0,1.0,18886.335857442627,0.0,-3.6165911325705793e-16,2.70747405927435e-13,0.0,0.0,0.0,0.0,,,0.0,300.0,62.95445285814209,0.0,0.0
immediate_greedy,1,300,2505,1895,0.7564870259481038,0.2435129740518962,0.0151696606786427,0.2283433133732535,0.0,343.20734503800963,322.7226209930095,585.6577003291301,266.7866707718881,758.0,4.548738279932726,338.6586067580769,0.0448515844790057,0.1962905780538547,0.7588578374671394,3115,3.740930979133226,0.0556703370580144,0.1999379998596855,0.0434639446822522,,,,2505,0.0,0.7564870259481038,0.0,0.0,1.0,18850.98941103793,0.0,-3.777687632075467e-15,2.6494432564015136e-13,0.0,0.0,0.0,0.0,,,0.0,300.0,62.83663137012645,0.0,0.0
immediate_greedy,2,300,2505,1856,0.7409181636726547,0.2590818363273453,0.0067864271457085,0.2522954091816367,0.0,355.68680712869195,324.86655534857937,627.665432798331,268.33743875149776,742.4,5.265038979785471,350.4217681489065,0.0510022725706827,0.1986671349550167,0.7503305924743006,3046,3.1323046618516086,0.0502507550875718,0.254640000548534,0.048313878080415,,,,2505,0.0,0.7409181636726547,0.0,0.0,1.0,18407.01531949617,0.0,1.2961853812498704e-14,2.704398008217305e-13,0.0,0.0,0.0,0.0,,,0.0,300.0,61.35671773165391,0.0,0.0
immediate_greedy,3,300,2505,1891,0.7548902195608782,0.2451097804391217,0.0083832335329341,0.2367265469061876,0.0,344.2685045803153,316.30049427376434,598.8374819129349,265.5535420423647,756.4,3.422264054834681,340.84624052548065,0.0448058400278646,0.1985911697031975,0.7566029902689378,3023,3.106516705259676,0.047769798209772,0.1795240003048094,0.0530229550598124,,,,2505,0.0,0.7548902195608782,0.0,0.0,1.0,18815.38595873197,0.0,1.7566299786771384e-15,2.6712423917462336e-13,0.0,0.0,0.0,0.0,,,0.0,300.0,62.71795319577324,0.0,0.0
immediate_greedy,4,300,2505,1872,0.7473053892215569,0.2526946107784431,0.0059880239520958,0.2467065868263473,0.0,338.5999366428192,315.1654273172635,586.8938173415822,256.5171102807072,748.8,2.5318269746852957,336.06810966813384,0.0530429943937939,0.1930167501525498,0.7539402554536563,3082,2.4682024659312134,0.0425534068892232,0.129600000946084,0.0523594053005817,,,,2505,0.0,0.7473053892215569,0.0,0.0,1.0,18613.865886687967,0.0,1.0663834487809838e-14,2.726935486535718e-13,0.0,0.0,0.0,0.0,,,0.0,300.0,62.04621962229322,0.0,0.0
immediate_greedy,5,300,2505,1898,0.757684630738523,0.242315369261477,0.0079840319361277,0.2343313373253493,0.0,334.81181584084413,306.4533478105518,580.476944280049,257.8809814171129,759.2,3.3744627122219364,331.4373531286222,0.0538626178027761,0.1937140863867579,0.752423295810466,2963,2.695916301046237,0.0446125886122908,0.152346000140824,0.0492866407263294,,,,2505,0.0,0.757684630738523,0.0,0.0,1.0,18654.45121620277,0.0,1.3093378389467601e-15,2.66042661498817e-13,0.0,0.0,0.0,0.0,,,0.0,300.0,62.18150405400925,0.0,0.0
immediate_greedy,0,350,2505,2162,0.8630738522954092,0.1369261477045908,0.0043912175648702,0.1325349301397205,0.0,273.6871206823909,248.73237689496816,495.4794719338767,237.92105312356315,864.8,1.172931765674047,272.51418891671693,0.0890836015688682,0.1608974053127908,0.7500189931183409,2972,1.7745625841184387,0.041573788681443,0.0964999999268911,0.0506615037108744,,,,2505,0.0,0.8630738522954092,0.0,0.0,1.0,21608.195016383343,0.0,2.1107588901106585e-15,2.697096323644979e-13,0.0,0.0,0.0,0.0,,,0.0,350.0,61.73770004680956,0.0,0.0
immediate_greedy,1,350,2505,2169,0.8658682634730539,0.1341317365269461,0.0083832335329341,0.1257485029940119,0.0,269.1516379919032,236.9774855129399,482.31715314053616,236.3889564294039,867.6,1.597099213779149,267.554538778124,0.0986321975241317,0.1591609515625127,0.7422068509133555,3365,2.3099554234769686,0.0457532540853962,0.107944000264979,0.0573638414437641,,,,2505,0.0,0.8658682634730539,0.0,0.0,1.0,21540.008419375998,0.0,1.6649762353622453e-14,2.7009960274222293e-13,0.0,0.0,0.0,0.0,,,0.0,350.0,61.54288119821713,0.0,0.0
immediate_greedy,2,350,2505,2151,0.858682634730539,0.141317365269461,0.0055888223552894,0.1357285429141716,0.0,286.5994295628536,259.6659563719295,511.4600027222973,248.78681640038573,860.4,1.737430752608771,284.8619988102448,0.0986768841643838,0.1649509839401858,0.7363721318954304,3101,2.109642050951306,0.0478620122571393,0.1171999992948258,0.0574270131536734,,,,2505,0.0,0.858682634730539,0.0,0.0,1.0,21252.274553648054,0.0,1.9159218351504328e-16,2.711673542872094e-13,0.0,0.0,0.0,0.0,,,0.0,350.0,60.72078443899445,0.0,0.0
immediate_greedy,3,350,2505,2168,0.8654690618762475,0.1345309381237525,0.005189620758483,0.1293413173652694,0.0,270.87546204242915,238.29610175640252,493.0908771976639,237.26521515738312,867.2,1.1803595863255498,269.69510245610365,0.0962099557514615,0.1610112331598613,0.7427788110886772,3149,2.0276278183550334,0.0466668466142101,0.1258639992738607,0.0558766859344894,,,,2505,0.0,0.8654690618762475,0.0,0.0,1.0,21540.23996255027,0.0,4.616233594640688e-15,2.677235227278745e-13,0.0,0.0,0.0,0.0,,,0.0,350.0,61.54354275014363,0.0,0.0
immediate_greedy,4,350,2505,2164,0.8638722554890219,0.136127744510978,0.0039920159680638,0.1321357285429141,0.0,272.0260707948143,247.9891897413604,478.2952305435441,236.6348759715381,865.6,0.5493864532371102,271.47668434157725,0.1021767885634986,0.1588755350002555,0.7389476764362458,3109,1.7401093599228048,0.0441328723083491,0.0886680004623486,0.0504364694471387,,,,2505,0.0,0.8638722554890219,0.0,0.0,1.0,21519.98201295935,0.0,7.438699481813803e-15,2.701736965182455e-13,0.0,0.0,0.0,0.0,,,0.0,350.0,61.485662894169565,0.0,0.0
immediate_greedy,5,350,2505,2182,0.871057884231537,0.128942115768463,0.0067864271457085,0.1221556886227544,0.0,260.7552349134061,236.2231958647003,466.5915233614349,229.3286087567137,872.8,1.2103049821609853,259.5449299312452,0.1010913680327717,0.1549848738715578,0.7439237580956704,3105,1.895008051529791,0.0441901771251729,0.1002640014485223,0.052614590058102,,,,2505,0.0,0.871057884231537,0.0,0.0,1.0,21614.89788466732,0.0,6.2864470732578985e-15,2.689137231459072e-13,0.0,0.0,0.0,0.0,,,0.0,350.0,61.75685109904949,0.0,0.0
immediate_greedy,0,400,2505,2326,0.9285429141716568,0.0714570858283433,0.0035928143712574,0.0678642714570858,0.0,218.33595867527623,193.05606841778445,402.6762957650317,203.78995672949807,930.4,0.721062801409701,217.61489587386652,0.1738372277952808,0.1236404059476099,0.7025223662571093,3009,1.5387171817879697,0.0442158856822182,0.0879840005654841,0.0564102564102564,,,,2505,0.0,0.9285429141716568,0.0,0.0,1.0,23223.005941996405,0.0,1.2053413583944176e-14,2.714885734776067e-13,0.0,0.0,0.0,0.0,,,0.0,400.0,58.05751485499101,0.0,0.0
immediate_greedy,1,400,2505,2330,0.9301397205588824,0.0698602794411177,0.0091816367265469,0.0606786427145708,0.0,210.16517604754543,186.724124982014,384.90710953497694,198.49614256985208,932.0,1.168365131273602,208.99681091627184,0.1815880110057782,0.1188923525715948,0.6995196364226269,3484,2.220149253731343,0.0520145522381662,0.1138339991302928,0.0543513426075703,,,,2505,0.0,0.9301397205588824,0.0,0.0,1.0,23214.094548245703,0.0,5.115602743508876e-16,2.693673610345817e-13,0.0,0.0,0.0,0.0,,,0.0,400.0,58.03523637061426,0.0,0.0
immediate_greedy,2,400,2505,2338,0.9333333333333332,0.0666666666666666,0.0055888223552894,0.0610778443113772,0.0,209.4689070198345,184.30238350360605,390.5057631227464,197.52681584025933,935.2,1.0305010243822506,208.43840599545223,0.1832163305897723,0.1196308629013399,0.6971528065088878,3256,1.84490171990172,0.0473294533178102,0.1027899997097847,0.0589365791159513,,,,2505,0.0,0.9333333333333332,0.0,0.0,1.0,23059.934385340068,0.0,3.626032085559322e-16,2.7024575904718754e-13,0.0,0.0,0.0,0.0,,,0.0,400.0,57.64983596335017,0.0,0.0
immediate_greedy,3,400,2505,2349,0.9377245508982036,0.0622754491017964,0.0047904191616766,0.0574850299401197,0.0,209.76930512284704,187.96448477752256,380.575114070403,198.89327022166805,939.6,0.7164593211307263,209.05284580171636,0.1755263129478387,0.1216259289820642,0.702847758070097,3254,1.8051628764597416,0.0453937308027237,0.1100879998193703,0.0488357050452781,,,,2505,0.0,0.9377245508982036,0.0,0.0,1.0,23318.87915231569,0.0,5.019777224324761e-15,2.76004563322394e-13,0.0,0.0,0.0,0.0,,,0.0,400.0,58.29719788078923,0.0,0.0
immediate_greedy,4,400,2505,2329,0.929740518962076,0.0702594810379241,0.003193612774451,0.067065868263473,0.0,212.94339268330805,192.1799745240728,394.9133619952752,198.7888388457246,931.6,0.685428785842278,212.25796389746577,0.1854159970686837,0.1207810975649814,0.6938029053663348,3093,1.5994180407371483,0.0433076947933054,0.0907040003949076,0.0534621578099838,,,,2505,0.0,0.929740518962076,0.0,0.0,1.0,23038.435225104036,0.0,6.057842076829751e-15,2.705923839559824e-13,0.0,0.0,0.0,0.0,,,0.0,400.0,57.59608806276008,0.0,0.0
immediate_greedy,5,400,2505,2361,0.9425149700598804,0.0574850299401197,0.003193612774451,0.0542914171656686,0.0,203.83572115105548,184.27539342779343,372.876251098025,193.4585829668622,944.4,0.4897320783922815,203.3459890726632,0.1774300759258924,0.1188514693037522,0.7037184547703553,3125,1.54432,0.0442606400162912,0.0896840007044372,0.0490797546012269,,,,2505,0.0,0.9425149700598804,0.0,0.0,1.0,23353.38712666502,0.0,-5.343365638890546e-15,2.720135754835945e-13,0.0,0.0,0.0,0.0,,,0.0,400.0,58.38346781666255,0.0,0.0
immediate_greedy,0,450,2505,2397,0.9568862275449102,0.0431137724550898,0.0035928143712574,0.0395209580838323,0.0,179.6387551649086,155.99801263174686,340.31254743846404,172.96309636369188,958.8,0.6441477106369241,178.99460745427166,0.2611219110624966,0.0956911897815783,0.6431868991559251,3110,1.5340836012861736,0.044389292606076,0.0930369995148793,0.0524621821692951,,,,2505,0.0,0.9568862275449102,0.0,0.0,1.0,23926.971107994224,0.0,3.116591025489259e-15,2.710107667877563e-13,0.0,0.0,0.0,0.0,,,0.0,450.0,53.17104690665383,0.0,0.0
immediate_greedy,1,450,2505,2389,0.9536926147704592,0.0463073852295409,0.0071856287425149,0.0391217564870259,0.0,177.1149340057078,151.723045923668,336.9196283752923,171.1313381976682,955.6,1.025014793611551,176.08991921209625,0.2653621545660392,0.0942044118678225,0.6404334335661382,3471,1.8703543647363872,0.0490142898234034,0.1028299990139203,0.0430668841761827,,,,2505,0.0,0.9536926147704592,0.0,0.0,1.0,23868.043897989057,0.0,-3.967060622607864e-15,2.7164633967193023e-13,0.0,0.0,0.0,0.0,,,0.0,450.0,53.0400975510868,0.0,0.0
immediate_greedy,2,450,2505,2397,0.9568862275449102,0.0431137724550898,0.005189620758483,0.0379241516966067,0.0,178.77337368836436,154.7837353670293,338.4589625828032,172.9008361204137,958.8,0.8811948255161859,177.89217886284817,0.2671416071182316,0.0952345548682383,0.6376238380135301,3312,1.7696256038647342,0.0487173611183194,0.099066999664501,0.0558946353999357,,,,2505,0.0,0.9568862275449102,0.0,0.0,1.0,23721.24731601305,0.0,2.16412434720842e-15,2.738437113467122e-13,0.0,0.0,0.0,0.0,,,0.0,450.0,52.71388292447346,0.0,0.0
immediate_greedy,3,450,2505,2402,0.958882235528942,0.0411177644710578,0.0039920159680638,0.037125748502994,0.0,173.453180658363,147.8769488471437,330.48171445481586,168.09465107155967,960.8,0.8332538723544838,172.6199267860085,0.2657462997512085,0.0940244320827632,0.6402292681660282,3231,1.760136180748994,0.0471123800654934,0.1255999999557387,0.0481888745148771,,,,2505,0.0,0.958882235528942,0.0,0.0,1.0,23843.988313782604,0.0,-6.395661130867284e-15,2.752537766592687e-13,0.0,0.0,0.0,0.0,,,0.0,450.0,52.98664069729468,0.0,0.0
immediate_greedy,4,450,2505,2382,0.9508982035928144,0.0491017964071856,0.003193612774451,0.0459081836327345,0.0,183.40452630499163,156.30659682704527,357.5386799174542,175.4945869707364,952.8,0.6028808770447394,182.80164542794688,0.270142308473259,0.0966511995767539,0.6332064919499871,3235,1.6021638330757342,0.0466767851507046,0.0908319992231554,0.0555734018631545,,,,2505,0.0,0.9508982035928144,0.0,0.0,1.0,23650.55850687217,0.0,-2.993407369165661e-15,2.7658666475712853e-13,0.0,0.0,0.0,0.0,,,0.0,450.0,52.556796681938174,0.0,0.0
immediate_greedy,5,450,2505,2407,0.960878243512974,0.0391217564870259,0.0043912175648702,0.0347305389221556,0.0,174.4109837722403,147.23939360711756,337.2053395570553,169.2097993062597,962.8,0.5277203196708877,173.88326345256942,0.2666440020428529,0.0937608242068316,0.6395951737503154,3272,1.6280562347188263,0.0462283618648352,0.0947999997151782,0.0448051948051948,,,,2505,0.0,0.960878243512974,0.0,0.0,1.0,23873.143136074843,0.0,-2.2086381101433734e-15,2.727126561319584e-13,0.0,0.0,0.0,0.0,,,0.0,450.0,53.05142919127743,0.0,0.0
immediate_greedy,0,500,2505,2422,0.96686626746507,0.0331337325349301,0.003193612774451,0.029940119760479,0.0,158.29518723201787,131.8001190258326,311.9722647041169,153.9826631778773,968.8,0.5719758556620212,157.7232113763558,0.3357221910454204,0.0774668733259273,0.5868109356286522,3083,1.495296788842037,0.0446888096270527,0.0893980006003401,0.0548780487804878,,,,2505,0.0,0.96686626746507,0.0,0.0,1.0,24213.214663638937,0.0,9.446521920510002e-15,2.705233046473753e-13,0.0,0.0,0.0,0.0,,,0.0,500.0,48.42642932727787,0.0,0.0
immediate_greedy,1,500,2505,2418,0.9652694610778444,0.0347305389221556,0.0027944111776447,0.0319361277445109,0.0,157.41963800850058,131.78608631737552,301.1571843214297,153.03915548343556,967.2,0.8277750906863608,156.59186291781424,0.3396341907510575,0.0770214163699071,0.5833443928790353,3190,1.6329153605015674,0.0481346708417324,0.1071220005724171,0.0497094899935442,,,,2505,0.0,0.9652694610778444,0.0,0.0,1.0,24120.66131608179,0.0,-6.863731162331075e-15,2.708672363695565e-13,0.0,0.0,0.0,0.0,,,0.0,500.0,48.24132263216358,0.0,0.0
immediate_greedy,2,500,2505,2418,0.9652694610778444,0.0347305389221556,0.005189620758483,0.0295409181636726,0.0,155.00139619325475,131.32033114137585,299.281366844879,151.2383207039844,967.2,0.5948423205699547,154.4065538726848,0.3439240588158534,0.0763894207136939,0.5796865204704525,3223,1.704312752094322,0.0482979522179752,0.107602000571205,0.0619214810086179,,,,2505,0.0,0.9652694610778444,0.0,0.0,1.0,23903.223522438875,0.0,3.059036343781077e-15,2.7704334552953905e-13,0.0,0.0,0.0,0.0,,,0.0,500.0,47.80644704487775,0.0,0.0
immediate_greedy,3,500,2505,2422,0.96686626746507,0.0331337325349301,0.0019960079840319,0.0311377245508982,0.0,156.9381834682256,132.36522514273474,307.70141700063704,152.83532867369323,968.8,0.851651978537014,156.08653148968855,0.3398199983311861,0.0769131397339307,0.5832668619348831,3079,1.627151672620981,0.0476550503615758,0.1127320004525243,0.0526992287917737,,,,2505,0.0,0.96686626746507,0.0,0.0,1.0,24155.45098222524,0.0,2.7879341188151124e-15,2.758393568609108e-13,0.0,0.0,0.0,0.0,,,0.0,500.0,48.31090196445047,0.0,0.0
immediate_greedy,4,500,2505,2407,0.960878243512974,0.0391217564870259,0.0023952095808383,0.0367265469061876,0.0,161.98682615356262,136.70468337046032,321.8388602529658,156.3891172944124,962.8,0.4048993793668572,161.58192677419575,0.3438993067434545,0.0790677853827272,0.5770329078738182,2979,1.4128902316213494,0.0455956025680826,0.0947220005400595,0.0563741191543882,,,,2505,0.0,0.960878243512974,0.0,0.0,1.0,23895.95387937709,0.0,-5.897512086770774e-15,2.794800812326233e-13,0.0,0.0,0.0,0.0,,,0.0,500.0,47.791907758754185,0.0,0.0
immediate_greedy,5,500,2505,2431,0.9704590818363272,0.0295409181636726,0.0047904191616766,0.024750499001996,0.0,155.9855880202765,129.17579779859625,305.1096315121081,152.6815508099697,972.4,0.4217516592698013,155.5638363610067,0.3361846873089265,0.0773478118638115,0.5864675008272618,3220,1.5251552795031056,0.0461676397411431,0.0965619992712163,0.044819746670997,,,,2505,0.0,0.9704590818363272,0.0,0.0,1.0,24222.02477964618,0.0,4.611330285580062e-15,2.707689185074411e-13,0.0,0.0,0.0,0.0,,,0.0,500.0,48.44404955929236,0.0,0.0
batched_greedy@10s,0,300,2505,1907,0.7612774451097805,0.2387225548902195,0.0219560878243512,0.2167664670658682,0.0,345.14634667067605,312.3274504584879,588.4232847061714,271.6226513641892,762.8,13.99213424226534,331.1542124284107,0.042604049720382,0.1902971568224108,0.7670987934572072,1060,6.331132075471698,0.0614165094136622,0.1473100000293926,0.0482758620689655,,,,2505,0.0,0.7612774451097805,0.0,0.0,1.0,18937.56843899982,0.0,1.5658394583281704e-14,2.7101038886669523e-13,0.0,0.0,0.0,0.0,,,0.0,300.0,63.1252281299994,0.0,0.0
batched_greedy@10s,1,300,2505,1924,0.768063872255489,0.2319361277445109,0.0287425149700598,0.2031936127744511,0.0,346.5531159181302,323.12432920123183,584.1211815505796,277.32741144676066,769.6,15.248960498960498,331.3041554191696,0.043862007059932,0.1919810889129733,0.7641569040270947,1078,7.293135435992578,0.0600210574797434,0.1394069997877523,0.0455300764373546,,,,2505,0.0,0.768063872255489,0.0,0.0,1.0,18955.088707848867,0.0,-5.852560293637312e-15,2.692353154927366e-13,0.0,0.0,0.0,0.0,,,0.0,300.0,63.18362902616288,0.0,0.0
batched_greedy@10s,2,300,2505,1899,0.7580838323353294,0.2419161676646706,0.0187624750499002,0.2231536926147704,0.0,347.4087489671353,315.17322039255305,592.6675017320078,273.1645956622041,759.6,16.026329647182727,331.38241931995253,0.0477660522327152,0.1893207365450064,0.7629132112222784,1071,6.953314659197012,0.0609819794670968,0.1389099998050369,0.052219321148825,,,,2505,0.0,0.7580838323353294,0.0,0.0,1.0,18703.94646872343,0.0,1.7033943151910775e-14,2.705356855978431e-13,0.0,0.0,0.0,0.0,,,0.0,300.0,62.3464882290781,0.0,0.0
batched_greedy@10s,3,300,2505,1919,0.7660678642714571,0.2339321357285429,0.0235528942115768,0.210379241516966,0.0,341.1177928849341,314.9154798583463,579.7269652814412,271.6844574216504,767.6,17.197498697238146,323.920294187696,0.0484566707547183,0.1873205303012595,0.7642227989440221,1069,7.360149672591207,0.0626539756741916,0.1349520005896919,0.0573850668405608,,,,2505,0.0,0.7660678642714571,0.0,0.0,1.0,19027.026217623243,0.0,-9.347395187214032e-15,2.684177933478736e-13,0.0,0.0,0.0,0.0,,,0.0,300.0,63.42342072541081,0.0,0.0
batched_greedy@10s,4,300,2505,1893,0.755688622754491,0.2443113772455089,0.0231536926147704,0.2211576846307385,0.0,344.37095991302294,321.4639232658046,579.6752171348464,269.4240322119936,757.2,16.71051241415742,327.6604474988655,0.0553678713477771,0.1863341906937811,0.7582979379584418,1072,7.010261194029851,0.0581573694265654,0.1443280002058599,0.044010589013898,,,,2505,0.0,0.755688622754491,0.0,0.0,1.0,18731.045302677743,0.0,2.449176624846621e-16,2.776737576737506e-13,0.0,0.0,0.0,0.0,,,0.0,300.0,62.43681767559247,0.0,0.0
batched_greedy@10s,5,300,2505,1923,0.7676646706586826,0.2323353293413173,0.0115768463073852,0.2207584830339321,0.0,336.1256554934045,311.48056049571096,576.9733930250707,264.2789884140737,769.2,10.318772750910036,325.80688274249445,0.052485332258732,0.1907228067838692,0.7567918609573987,1058,5.1275992438563325,0.0575795841374779,0.1434030007840193,0.0518975024326954,,,,2505,0.0,0.7676646706586826,0.0,0.0,1.0,18804.56897103958,0.0,5.293968302965593e-15,2.700699778217651e-13,0.0,0.0,0.0,0.0,,,0.0,300.0,62.68189657013194,0.0,0.0
batched_greedy@10s,0,350,2505,2164,0.8638722554890219,0.136127744510978,0.0043912175648702,0.1317365269461078,0.0,279.4461445454401,248.39415609749585,497.6867084714372,243.9431609352889,865.6,6.914048059149723,272.5320964862904,0.0882415117765606,0.1581913449779629,0.7535671432454765,1044,3.8084291187739465,0.0663559387172161,0.1444690003700087,0.0482044645745713,,,,2505,0.0,0.8638722554890219,0.0,0.0,1.0,21737.48847340602,0.0,2.6883404108298613e-15,2.719393820827325e-13,0.0,0.0,0.0,0.0,,,0.0,350.0,62.1071099240172,0.0,0.0
batched_greedy@10s,1,350,2505,2177,0.869061876247505,0.130938123752495,0.0087824351297405,0.1221556886227544,0.0,263.7105622776506,234.3508693218755,472.9873281639784,232.84548670453384,870.8,6.157556270096463,257.5530060075541,0.1043125758099986,0.1532275867017871,0.7424598374882142,1064,4.089285714285714,0.0720662594152312,0.1596660007635362,0.0564698289770893,,,,2505,0.0,0.869061876247505,0.0,0.0,1.0,21606.51521679999,0.0,1.6294014573258432e-14,2.7422559706083565e-13,0.0,0.0,0.0,0.0,,,0.0,350.0,61.73290061942855,0.0,0.0
batched_greedy@10s,2,350,2505,2147,0.8570858283433134,0.1429141716566866,0.0055888223552894,0.1373253493013972,0.0,285.9044493830205,262.363044012558,508.8119468965044,248.21612088885567,858.8,6.856544014904518,279.047905368116,0.0999551857800104,0.1608801820580446,0.7391646321619448,1055,3.945023696682465,0.0668625592905697,0.1505000000179279,0.056518946692357,,,,2505,0.0,0.8570858283433134,0.0,0.0,1.0,21355.59060993582,0.0,1.1955452412358462e-14,2.781045072851816e-13,0.0,0.0,0.0,0.0,,,0.0,350.0,61.01597317124521,0.0,0.0
batched_greedy@10s,3,350,2505,2169,0.8658682634730539,0.1341317365269461,0.0055888223552894,0.1285429141716567,0.0,272.85272730775523,244.80890560324409,490.5478269644089,239.62047402825797,867.6,5.797141539880129,267.0555857678752,0.1028850713061286,0.1577161931726148,0.7393987355212566,1053,3.747388414055081,0.0708406458359281,0.1565400000981754,0.0519354838709677,,,,2505,0.0,0.8658682634730539,0.0,0.0,1.0,21528.626014134228,0.0,2.3815793863420603e-15,2.695214063712609e-13,0.0,0.0,0.0,0.0,,,0.0,350.0,61.51036004038351,0.0,0.0
batched_greedy@10s,4,350,2505,2160,0.8622754491017964,0.1377245508982036,0.0035928143712574,0.1341317365269461,0.0,272.47712084560266,247.0934708287268,486.392186788652,237.176915656116,864.0,5.996759259259259,266.4803615863434,0.1058857839435322,0.1549874350427629,0.7391267810137048,1052,3.706273764258555,0.0717739543525833,0.1540920001571066,0.0429967426710097,,,,2505,0.0,0.8622754491017964,0.0,0.0,1.0,21417.130105415017,0.0,3.1168483432069208e-15,2.6793711282590706e-13,0.0,0.0,0.0,0.0,,,0.0,350.0,61.19180030118576,0.0,0.0
batched_greedy@10s,5,350,2505,2188,0.8734530938123752,0.1265469061876247,0.0063872255489021,0.1201596806387225,0.0,258.5297788140299,233.30349861987247,465.79992634585614,228.4296335833793,875.2,5.997714808043876,252.532064005986,0.1045019134790013,0.1505971058425758,0.7449009806784229,1047,3.659025787965616,0.0721712511981209,0.1567320008689421,0.0455136540962288,,,,2505,0.0,0.8734530938123752,0.0,0.0,1.0,21604.80730429445,0.0,6.133627020872437e-15,2.718597234390898e-13,0.0,0.0,0.0,0.0,,,0.0,350.0,61.72802086941272,0.0,0.0
batched_greedy@10s,0,400,2505,2331,0.9305389221556888,0.0694610778443113,0.0027944111776447,0.0666666666666666,0.0,227.87093967189665,201.73215518391044,415.9977747599696,213.373299421964,932.4,5.621621621621622,222.249318050275,0.1699461200126718,0.1257927265092916,0.7042611534780365,1040,3.360576923076923,0.0840928846383366,0.1760549999198696,0.0551635663887107,,,,2505,0.0,0.9305389221556888,0.0,0.0,1.0,23337.62659948442,0.0,-4.32239210342266e-15,2.698248698214519e-13,0.0,0.0,0.0,0.0,,,0.0,400.0,58.34406649871105,0.0,0.0
batched_greedy@10s,1,400,2505,2338,0.9333333333333332,0.0666666666666666,0.0079840319361277,0.0586826347305389,0.0,216.50058168884863,192.62791559274137,392.2914557219832,204.98236681099868,935.2,6.114627887082977,210.38595380176565,0.1814293805112218,0.1197528756598785,0.6988177438288997,1062,4.005649717514125,0.0824601694951742,0.1720169994405296,0.0484552845528455,,,,2505,0.0,0.9333333333333332,0.0,0.0,1.0,23237.32256832821,0.0,1.0099705503057112e-14,2.747799136786379e-13,0.0,0.0,0.0,0.0,,,0.0,400.0,58.09330642082053,0.0,0.0
batched_greedy@10s,2,400,2505,2329,0.929740518962076,0.0702594810379241,0.0047904191616766,0.0654690618762475,0.0,214.97163542197552,189.27533542826723,391.3028387230616,201.9811114571527,931.6,6.2700729927007295,208.7015624292748,0.1826304706846555,0.1191768508771699,0.6981926784381746,1053,3.674264007597341,0.0873711300817286,0.1792200006457278,0.0579942326177507,,,,2505,0.0,0.929740518962076,0.0,0.0,1.0,23082.334486546744,0.0,4.130849567278556e-15,2.7134861315575284e-13,0.0,0.0,0.0,0.0,,,0.0,400.0,57.705836216366855,0.0,0.0
batched_greedy@10s,3,400,2505,2344,0.9357285429141716,0.0642714570858283,0.0035928143712574,0.0606786427145708,0.0,216.6957531019772,193.32751313391327,394.0338691699386,204.6161540706326,937.6,5.799488054607509,210.89626504736967,0.1774849894898783,0.122554722569991,0.6999602879401307,1041,3.526416906820365,0.0840354466751244,0.1750399991578888,0.0503225806451612,,,,2505,0.0,0.9357285429141716,0.0,0.0,1.0,23272.68577365399,0.0,-5.500340418245315e-15,2.732573363640203e-13,0.0,0.0,0.0,0.0,,,0.0,400.0,58.181714434134975,0.0,0.0
batched_greedy@10s,4,400,2505,2331,0.9305389221556888,0.0694610778443113,0.003193612774451,0.0662674650698602,0.0,213.7419344094885,192.44414718979715,387.02503482691645,200.0197531204109,932.4,5.579150579150579,208.16278383033787,0.187629944014728,0.1188464095655273,0.6935236464197446,1050,3.4314285714285715,0.082940095233512,0.1668729999255447,0.0525467440361057,,,,2505,0.0,0.9305389221556888,0.0,0.0,1.0,23083.563665744667,0.0,1.5420621545981882e-14,2.766342377058195e-13,0.0,0.0,0.0,0.0,,,0.0,400.0,57.708909164361664,0.0,0.0
batched_greedy@10s,5,400,2505,2341,0.9345309381237524,0.0654690618762475,0.0043912175648702,0.0610778443113772,0.0,206.0612500583256,182.7114583454768,380.3949053418987,194.31964463414363,936.4,5.143528406663819,200.91772165166176,0.1833257370751857,0.1156730917762322,0.701001171148582,1038,3.3583815028901736,0.0835681117566024,0.1807860002190861,0.0500484339683564,,,,2505,0.0,0.9345309381237524,0.0,0.0,1.0,23190.71264015459,0.0,1.141239080076026e-15,2.705298133689261e-13,0.0,0.0,0.0,0.0,,,0.0,400.0,57.97678160038648,0.0,0.0
batched_greedy@10s,0,450,2505,2398,0.9572854291417164,0.0427145708582834,0.003193612774451,0.0395209580838323,0.0,183.3482810563221,158.6310902645173,341.52426803264467,176.7136549011181,959.2,5.52418682235196,177.82409423397013,0.2598558290756115,0.0943466301923821,0.6457975407320063,1034,3.359767891682785,0.0937540618793908,0.1875669991022732,0.0530546623794212,,,,2505,0.0,0.9572854291417164,0.0,0.0,1.0,23994.406310152805,0.0,7.927307221368549e-15,2.730252313732316e-13,0.0,0.0,0.0,0.0,,,0.0,450.0,53.32090291145067,0.0,0.0
batched_greedy@10s,1,450,2505,2385,0.9520958083832336,0.0479041916167664,0.0075848303393213,0.0403193612774451,0.0,183.32648085880217,156.23939360711756,343.13898624007635,177.08767633704016,954.0,6.10188679245283,177.22459406634934,0.2676446652720513,0.094420305961749,0.6379350287661997,1053,3.8062678062678064,0.0922941120421656,0.1862920006533386,0.0483609217786433,,,,2505,0.0,0.9520958083832336,0.0,0.0,1.0,23755.33009713129,0.0,-1.5292682098526477e-15,2.678260129397251e-13,0.0,0.0,0.0,0.0,,,0.0,450.0,52.78962243806952,0.0,0.0
batched_greedy@10s,2,450,2505,2400,0.9580838323353292,0.0419161676646706,0.0043912175648702,0.0375249500998004,0.0,182.86609040291475,157.59667018225718,344.6441150231267,177.05729814192293,960.0,6.0129166666666665,176.8531737362481,0.2646898102597431,0.0946402684342225,0.6406699213060344,1052,3.6074144486692017,0.0910903992567882,0.1938450008674408,0.0549485861182519,,,,2505,0.0,0.9580838323353292,0.0,0.0,1.0,23833.16363966777,0.0,2.4900452070634558e-15,2.767106913973786e-13,0.0,0.0,0.0,0.0,,,0.0,450.0,52.962585865928375,0.0,0.0
batched_greedy@10s,3,450,2505,2391,0.954491017964072,0.0455089820359281,0.0055888223552894,0.0399201596806387,0.0,176.09927121951628,152.29656731426255,334.41459724169454,170.4465589118257,956.4,5.842743621915517,170.25652759760078,0.2680807877759026,0.0919706729045905,0.6399485393195068,1042,3.675623800383877,0.0929708253256134,0.1914589990337845,0.0552876888460302,,,,2505,0.0,0.954491017964072,0.0,0.0,1.0,23787.760491096884,0.0,4.380157187743215e-15,2.751991673254328e-13,0.0,0.0,0.0,0.0,,,0.0,450.0,52.861689980215296,0.0,0.0
batched_greedy@10s,4,450,2505,2377,0.9489021956087824,0.0510978043912175,0.0047904191616766,0.0463073852295409,0.0,186.0949312570829,159.98915467807274,354.71558201025624,178.13584304434744,950.8,5.435843500210349,180.6590877568725,0.2730498019196859,0.0954358557717796,0.6315143423085343,1052,3.4819391634980987,0.0912901140986573,0.1849839998794778,0.0476808303600389,,,,2505,0.0,0.9489021956087824,0.0,0.0,1.0,23586.295459693727,0.0,1.3326412847541004e-14,2.8126858108996616e-13,0.0,0.0,0.0,0.0,,,0.0,450.0,52.4139899104305,0.0,0.0
batched_greedy@10s,5,450,2505,2405,0.9600798403193612,0.0399201596806387,0.0043912175648702,0.0355289421157684,0.0,178.03902433341278,152.74715450306758,340.64536802902654,172.73969565279455,962.0,5.345530145530145,172.69349418788264,0.2685516711904675,0.092744782537811,0.6387035462717214,1045,3.430622009569378,0.0923943540894478,0.185011999274138,0.0441845354126055,,,,2505,0.0,0.9600798403193612,0.0,0.0,1.0,23801.68042357072,0.0,1.8969349076048626e-15,2.728264368869836e-13,0.0,0.0,0.0,0.0,,,0.0,450.0,52.89262316349049,0.0,0.0
batched_greedy@10s,0,500,2505,2418,0.9652694610778444,0.0347305389221556,0.0027944111776447,0.0319361277445109,0.0,162.5371918245029,137.67972682159007,315.14090538985323,157.90584049076477,967.2,5.399503722084368,157.13768810241854,0.3361359034550561,0.0769985015014209,0.586865595043523,1032,3.2994186046511627,0.0932615309885696,0.1970179997078956,0.051207729468599,,,,2505,0.0,0.9652694610778444,0.0,0.0,1.0,24200.749369454057,0.0,-1.2892912544034074e-16,2.7066263943830217e-13,0.0,0.0,0.0,0.0,,,0.0,500.0,48.40149873890812,0.0,0.0
batched_greedy@10s,1,500,2505,2419,0.9656686626746508,0.0343313373253493,0.0043912175648702,0.029940119760479,0.0,162.7764044471536,138.05634837430944,306.4089864510661,158.95203555675192,967.6,5.47912360479537,157.29728084235822,0.3392498523722634,0.0774130653417476,0.583337082285989,1047,3.5081184336198663,0.0947220630432804,0.1961559991832471,0.0445238869028274,,,,2505,0.0,0.9656686626746508,0.0,0.0,1.0,24111.671466995504,0.0,-1.1235695668145322e-14,2.7030768418684293e-13,0.0,0.0,0.0,0.0,,,0.0,500.0,48.223342933991006,0.0,0.0
batched_greedy@10s,2,500,2505,2424,0.9676646706586828,0.0323353293413173,0.005189620758483,0.0271457085828343,0.0,164.24247784437435,139.02683240765873,312.1689891050152,160.40909369639488,969.6,5.8246699669967,158.41780787737764,0.3395179285432837,0.077756376656511,0.5827256948002052,1045,3.519617224880383,0.0942297607113587,0.1900400007434651,0.0583146427427106,,,,2505,0.0,0.9676646706586828,0.0,0.0,1.0,24048.73648275926,0.0,9.437811734911708e-15,2.758891391835144e-13,0.0,0.0,0.0,0.0,,,0.0,500.0,48.09747296551853,0.0,0.0
batched_greedy@10s,3,500,2505,2414,0.9636726546906188,0.0363273453093812,0.003193612774451,0.0331337325349301,0.0,160.44584596946083,136.9724763240697,308.0834732295477,156.34499425099517,965.6,5.746478873239437,154.6993670962214,0.3410313970560649,0.0760420974038361,0.582926505540099,1041,3.5225744476464937,0.0967221902129258,0.1900599996588425,0.0527500804117079,,,,2505,0.0,0.9636726546906188,0.0,0.0,1.0,24082.10055410605,0.0,5.416085512508572e-15,2.7513534118777333e-13,0.0,0.0,0.0,0.0,,,0.0,500.0,48.1642011082121,0.0,0.0
batched_greedy@10s,4,500,2505,2404,0.9596806387225548,0.0403193612774451,0.0015968063872255,0.0387225548902195,0.0,170.59402578532575,146.18533410854707,336.65773766478685,164.39895278347805,961.6,5.288269550748752,165.30575623457702,0.3448226525743009,0.0800526342290333,0.5751247131966657,1038,3.1917148362235066,0.0999735067565436,0.1959749989873668,0.0551282051282051,,,,2505,0.0,0.9596806387225548,0.0,0.0,1.0,23842.81301878143,0.0,4.963860714592776e-15,2.765620973127852e-13,0.0,0.0,0.0,0.0,,,0.0,500.0,47.68562603756286,0.0,0.0
batched_greedy@10s,5,500,2505,2426,0.9684630738522956,0.0315369261477045,0.0047904191616766,0.0267465069860279,0.0,160.7717400072787,131.71201079095636,312.697996919939,157.16333932587742,970.4,5.258862324814509,155.51287768246422,0.3381288303971488,0.0771112519903355,0.5847599176125157,1041,3.3496637848222863,0.0934511047329767,0.190859999929671,0.0463683527885862,,,,2505,0.0,0.9684630738522956,0.0,0.0,1.0,24172.668618936725,0.0,8.364656407295388e-15,2.7561556591094666e-13,0.0,0.0,0.0,0.0,,,0.0,500.0,48.34533723787345,0.0,0.0
optimal@10s,0,300,2505,1907,0.7612774451097805,0.2387225548902195,0.0191616766467065,0.2195608782435129,0.0,349.72072661771574,319.984180358033,603.2258394707721,274.6927748536337,762.8,14.067121132669111,335.6536054850466,0.0384856434399199,0.1926309464826139,0.7688834100774661,1063,6.233301975540922,0.1449305738757297,0.2073700007531441,0.0469160104986876,6.889142867358843,0.0016862126540292,0.0799623706491063,2505,0.0,0.7612774451097805,0.0,0.0,1.0,19027.727040189573,0.0,9.246929388949284e-15,2.7429576410139085e-13,0.0,0.0,0.0,0.0,,,0.0,300.0,63.42575680063192,0.0,0.0
optimal@10s,1,300,2505,1904,0.7600798403193613,0.2399201596806387,0.0207584830339321,0.2191616766467065,0.0,337.0167634953584,316.0333629452216,571.2062155557459,265.9658228638391,761.6,12.724789915966388,324.291973579392,0.0438688256252987,0.1867913964415294,0.769339777933172,1073,6.54520037278658,0.1424781919800622,0.2102120006020413,0.0455445544554455,4.746386862498805,0.0010866038434239,0.0605778191985088,2505,0.0,0.7600798403193613,0.0,0.0,1.0,18923.84486644792,0.0,7.490740054382674e-15,2.613866172993324e-13,0.0,0.0,0.0,0.0,,,0.0,300.0,63.07948288815973,0.0,0.0
optimal@10s,2,300,2505,1861,0.7429141716566866,0.2570858283433134,0.0167664670658682,0.2403193612774451,0.0,366.8840930201,339.001268831692,627.0079503684883,281.16468724958446,744.4,15.04997313272434,351.8341198873756,0.0444891385996484,0.1956932293956307,0.7598176320047209,1071,6.444444444444445,0.1377625583795247,0.2066599990939716,0.047478716437459,7.027848685364524,0.001621301970391,0.0774976657329598,2505,0.0,0.7429141716566866,0.0,0.0,1.0,18557.058903737623,0.0,-1.1244214706144521e-14,2.7997903714824365e-13,0.0,0.0,0.0,0.0,,,0.0,300.0,61.85686301245874,0.0,0.0
optimal@10s,3,300,2505,1908,0.7616766467065869,0.2383233532934131,0.0163672654690618,0.2219560878243513,0.0,350.2746868882353,325.64140253914525,589.7511150931357,275.13327569542685,763.2,15.64937106918239,334.6253158190529,0.0436965271505891,0.1917677556933296,0.7645357171560812,1069,6.592142188961646,0.1433102899615764,0.2128880003874655,0.0530598958333333,5.835853521633266,0.0013243396912303,0.0682881197380729,2505,0.0,0.7616766467065869,0.0,0.0,1.0,19032.93850849192,0.0,-2.806047963287398e-15,2.743223770665423e-13,0.0,0.0,0.0,0.0,,,0.0,300.0,63.44312836163972,0.0,0.0
optimal@10s,4,300,2505,1918,0.7656686626746507,0.2343313373253493,0.012375249500998,0.2219560878243513,0.0,342.0789728046376,316.6230743781339,567.2404675428382,268.3286831496276,767.2,12.708550573514078,329.37042223112354,0.0494753779639272,0.191734361652623,0.7587902603834498,1066,5.725140712945591,0.1456145403473585,0.2080749995002402,0.0483028720626631,7.132810721884274,0.0019710198058478,0.0722326454033771,2505,0.0,0.7656686626746507,0.0,0.0,1.0,18887.5353624748,0.0,1.2410417960356286e-14,2.741628034549634e-13,0.0,0.0,0.0,0.0,,,0.0,300.0,62.958451208249336,0.0,0.0
optimal@10s,5,300,2505,1900,0.7584830339321357,0.2415169660678642,0.0147704590818363,0.2267465069860279,0.0,350.7366719956751,323.057800499643,612.5502028186351,273.6128913180482,760.0,12.68684210526316,338.049829890412,0.0473946321693891,0.1945856740996565,0.7580196937309542,1062,5.82015065913371,0.13920988700148,0.2051919993937193,0.0486292428198433,7.528718041564211,0.0020216191985045,0.0772128060263653,2505,0.0,0.7584830339321357,0.0,0.0,1.0,18842.891014557605,0.0,-9.941988752727509e-15,2.6719024653606253e-13,0.0,0.0,0.0,0.0,,,0.0,300.0,62.80963671519202,0.0,0.0
optimal@10s,0,350,2505,2177,0.869061876247505,0.130938123752495,0.0055888223552894,0.1253493013972056,0.0,274.4213197243116,244.3770547612012,489.0451753041252,241.1016892474258,870.8,6.92604501607717,267.49527470823443,0.0909813236060562,0.1583221903191796,0.750696486074764,1037,3.862102217936355,0.1434426229739034,0.2060680007707561,0.0549839228295819,4.108166734153947,0.002527409293601,0.064609450337512,2505,0.0,0.869061876247505,0.0,0.0,1.0,21678.835212171754,0.0,1.5893375524960074e-14,2.768538218562919e-13,0.0,0.0,0.0,0.0,,,0.0,350.0,61.93952917763359,0.0,0.0
optimal@10s,1,350,2505,2181,0.8706586826347306,0.1293413173652694,0.0095808383233532,0.1197604790419161,0.0,264.6363642893447,235.13880555077048,471.58880282452265,234.4907539248333,872.4,6.246217331499312,258.39014695784545,0.1036988729679632,0.1536099632220529,0.7426911638099839,1064,4.207706766917293,0.1463296992393512,0.2111510003669534,0.0509905813575836,3.8799128156875407,0.0019622408185269,0.0535714285714285,2505,0.0,0.8706586826347306,0.0,0.0,1.0,21568.17985794801,0.0,1.4499991202128684e-14,2.7129391504188335e-13,0.0,0.0,0.0,0.0,,,0.0,350.0,61.6233710227086,0.0,0.0
optimal@10s,2,350,2505,2155,0.8602794411177644,0.1397205588822355,0.005189620758483,0.1345309381237525,0.0,281.3699531635809,255.99371549882744,493.7475729195256,245.1865268402152,862.0,7.105336426914153,274.2646167366667,0.1039343222569706,0.1586766385637779,0.7373890391792515,1056,3.987689393939394,0.1428336174051241,0.2012600002672116,0.0522412125120928,4.452506087910532,0.0024848513108552,0.0549242424242424,2505,0.0,0.8602794411177644,0.0,0.0,1.0,21301.249409415497,0.0,4.574840120033128e-15,2.7325231533526883e-13,0.0,0.0,0.0,0.0,,,0.0,350.0,60.86071259832999,0.0,0.0
optimal@10s,3,350,2505,2168,0.8654690618762475,0.1345309381237525,0.0059880239520958,0.1285429141716567,0.0,272.2660038992872,245.7534802170944,479.1212888480864,239.288725918019,867.2,7.151752767527675,265.11425113175954,0.1009363884058755,0.1559293510903679,0.7431342605037566,1050,4.104761904761904,0.1402690476069914,0.1998510001612885,0.0559125964010282,4.156871865258919,0.0022211690660918,0.0561904761904761,2505,0.0,0.8654690618762475,0.0,0.0,1.0,21594.834530058022,0.0,1.1184165524821687e-14,2.721414729483755e-13,0.0,0.0,0.0,0.0,,,0.0,350.0,61.69952722873722,0.0,0.0
optimal@10s,4,350,2505,2158,0.8614770459081836,0.1385229540918163,0.0043912175648702,0.1341317365269461,0.0,279.4349936639307,254.06992692952053,497.8788318290325,242.8634400142091,863.2,6.202965708989805,273.2320279549409,0.1039418590958575,0.1583339335286689,0.7377242073754736,1053,3.7198480531813862,0.1412134852933581,0.2102719995309599,0.0430247718383311,3.022817059884197,0.0019158996816008,0.0474833808167141,2505,0.0,0.8614770459081836,0.0,0.0,1.0,21457.724209149703,0.0,1.5492498644278088e-14,2.732469795687819e-13,0.0,0.0,0.0,0.0,,,0.0,350.0,61.30778345471344,0.0,0.0
optimal@10s,5,350,2505,2202,0.8790419161676647,0.1209580838323353,0.0067864271457085,0.1141716566866267,0.0,265.5708261602777,242.78995522803643,475.4922389533445,236.33031223423737,880.8,6.393732970027248,259.17709319025045,0.0977553726070727,0.1556929342525561,0.7465516931403711,1046,3.817399617590822,0.1440419694571822,0.2190699998209309,0.0452179570592062,3.754482207329134,0.0023556486960422,0.0478011472275334,2505,0.0,0.8790419161676647,0.0,0.0,1.0,21580.970082966025,0.0,1.3552586240655862e-16,2.757564083223735e-13,0.0,0.0,0.0,0.0,,,0.0,350.0,61.65991452276008,0.0,0.0
optimal@10s,0,400,2505,2338,0.9333333333333332,0.0666666666666666,0.0023952095808383,0.0642714570858283,0.0,217.81464180786995,191.98016751937664,391.91794750964175,204.33439820020004,935.2,5.453378956372968,212.36126285149695,0.1739608852772405,0.1212332514432591,0.7048058632795003,1038,3.264932562620424,0.1457764932400057,0.2444149996335896,0.0493548387096774,2.094811310145613,0.0023394054429202,0.0385356454720616,2505,0.0,0.9333333333333332,0.0,0.0,1.0,23334.950699208428,0.0,8.268644774676188e-15,2.767614101017156e-13,0.0,0.0,0.0,0.0,,,0.0,400.0,58.337376748021065,0.0,0.0
optimal@10s,1,400,2505,2333,0.9313373253493014,0.0686626746506986,0.0083832335329341,0.0602794411177644,0.0,215.28820100824743,191.31419011750492,394.854240402252,203.44492062579243,933.2,6.04414916416631,209.2440518440812,0.1819873207277943,0.1197847734778394,0.6982279057943662,1057,4.011352885525071,0.1448804162816435,0.219975999207236,0.0478515625,1.691325833646229,0.0010505036903227,0.0264900662251655,2505,0.0,0.9313373253493014,0.0,0.0,1.0,23172.491160694277,0.0,1.4153749373172422e-14,2.769708071027661e-13,0.0,0.0,0.0,0.0,,,0.0,400.0,57.93122790173568,0.0,0.0
optimal@10s,2,400,2505,2338,0.9333333333333332,0.0666666666666666,0.0047904191616766,0.06187624750499,0.0,218.01720800723015,191.2773957046213,400.49742238489097,205.51416272386857,935.2,6.333618477331052,211.6835895298991,0.1773474354191599,0.1212752185254978,0.7013773460553422,1050,3.684761904761905,0.1430104762177853,0.2137990005030587,0.0610028744809964,2.2075094672155777,0.0017311149213833,0.04,2505,0.0,0.9333333333333332,0.0,0.0,1.0,23233.202524545843,0.0,1.0807816954862516e-15,2.781726944597934e-13,0.0,0.0,0.0,0.0,,,0.0,400.0,58.083006311364606,0.0,0.0
optimal@10s,3,400,2505,2346,0.9365269461077844,0.0634730538922155,0.0039920159680638,0.0594810379241516,0.0,213.3717373127087,189.0735312411707,388.1551258039285,201.89853956591952,938.4,5.871696504688832,207.50004080801983,0.1759253044370455,0.1203803793569484,0.7036943162060061,1039,3.6034648700673726,0.1480839268857324,0.2142020001701892,0.0488041370394311,2.8071876765500456,0.0023514828483855,0.0510105871029836,2505,0.0,0.9365269461077844,0.0,0.0,1.0,23350.402469501507,0.0,-3.866188415165251e-15,2.693035715807548e-13,0.0,0.0,0.0,0.0,,,0.0,400.0,58.376006173753765,0.0,0.0
optimal@10s,4,400,2505,2319,0.925748502994012,0.074251497005988,0.003193612774451,0.0710578842315369,0.0,216.5317714632606,195.042709051686,399.5514268080416,201.6627586752148,927.6,5.564467442863303,210.9673040203973,0.190905445377498,0.119788254179128,0.6893063004433739,1047,3.4508118433619868,0.1432463228661683,0.2105699998719501,0.0525467440361057,3.154688826428451,0.002876903821293,0.0429799426934097,2505,0.0,0.925748502994012,0.0,0.0,1.0,22882.620574304376,0.0,5.120335184549795e-15,2.754835313439616e-13,0.0,0.0,0.0,0.0,,,0.0,400.0,57.206551435760936,0.0,0.0
optimal@10s,5,400,2505,2346,0.9365269461077844,0.0634730538922155,0.0047904191616766,0.0586826347305389,0.0,205.88522767029988,185.35647670690832,374.7028818432445,194.61181775146707,938.4,5.527280477408355,200.35794719289152,0.1845042144527896,0.1161967880027583,0.699298997544452,1046,3.431166347992352,0.1438304015093211,0.2152199996999115,0.0506778566817301,1.500213619533136,0.0014557797131079,0.0305927342256214,2505,0.0,0.9365269461077844,0.0,0.0,1.0,23183.895186307527,0.0,2.0875600197043865e-15,2.695481424499476e-13,0.0,0.0,0.0,0.0,,,0.0,400.0,57.95973796576882,0.0,0.0
optimal@10s,0,450,2505,2396,0.9564870259481038,0.0435129740518962,0.0035928143712574,0.0399201596806387,0.0,183.4988694868544,159.64575770902138,341.14157296609164,176.75856966414594,958.4,5.478297161936561,178.0205723249178,0.2589982505540713,0.0952428159025626,0.645758933543366,1035,3.356521739130435,0.1465924637985347,0.2077540001118904,0.0524621821692951,0.9789589841568146,0.0011454766369315,0.0222222222222222,2505,0.0,0.9564870259481038,0.0,0.0,1.0,23968.632079964224,0.0,4.806394570046671e-15,2.7276789619433305e-13,0.0,0.0,0.0,0.0,,,0.0,450.0,53.26362684436494,0.0,0.0
optimal@10s,1,450,2505,2389,0.9536926147704592,0.0463073852295409,0.0075848303393213,0.0387225548902195,0.0,184.31652086848055,157.0862011972822,343.2349280413147,178.26871885462774,955.6,6.045625784847217,178.27089508363335,0.2656557202918979,0.0948116995481326,0.6395325801599694,1052,3.786121673003802,0.1484074144539628,0.2171450009518594,0.0499027867790019,0.6646241270060573,0.0005131818864878,0.0218631178707224,2505,0.0,0.9536926147704592,0.0,0.0,1.0,23835.42500895073,0.0,6.6405185615210496e-15,2.763456177066768e-13,0.0,0.0,0.0,0.0,,,0.0,450.0,52.96761113100162,0.0,0.0
optimal@10s,2,450,2505,2391,0.954491017964072,0.0455089820359281,0.0043912175648702,0.0411177644710578,0.0,182.7042360641711,158.33585786395997,344.1035337255116,176.211474374433,956.4,6.0422417398578,176.6619943243133,0.2664192317903148,0.0937795388956514,0.6398012293140337,1053,3.597340930674264,0.1514384615075305,0.2116999997815583,0.0576738224927907,1.50659443599475,0.0013688720167072,0.0332383665716999,2505,0.0,0.954491017964072,0.0,0.0,1.0,23731.53135602596,0.0,6.619733805213752e-15,2.785680046689127e-13,0.0,0.0,0.0,0.0,,,0.0,450.0,52.73673634672435,0.0,0.0
optimal@10s,3,450,2505,2396,0.9564870259481038,0.0435129740518962,0.005189620758483,0.0383233532934131,0.0,176.95582294653047,152.96481553438548,334.9769537832772,171.472813721462,958.4,5.8889816360601,171.06684131047038,0.2681606362806608,0.0923703297257394,0.6394690339935998,1041,3.657060518731989,0.1476532180538219,0.2040600003965664,0.0528350515463917,1.309449692779951,0.0011589157825411,0.0220941402497598,2505,0.0,0.9564870259481038,0.0,0.0,1.0,23858.099798559084,0.0,-5.185427305498832e-15,2.796885335092711e-13,0.0,0.0,0.0,0.0,,,0.0,450.0,53.01799955235353,0.0,0.0
optimal@10s,4,450,2505,2374,0.9477045908183632,0.0522954091816367,0.0047904191616766,0.04750499001996,0.0,183.8941230339956,157.27227463394365,349.1797910973966,175.83045241944507,949.6,5.3972198820556025,178.49690315194,0.274577164030488,0.0938006237487231,0.6316222122207888,1050,3.479047619047619,0.151797809476626,0.222055000031105,0.0470626419993508,1.2560560632702846,0.0012217129599508,0.0295238095238095,2505,0.0,0.9477045908183632,0.0,0.0,1.0,23596.857514209027,0.0,5.0892548623339526e-15,2.764333739915459e-13,0.0,0.0,0.0,0.0,,,0.0,450.0,52.43746114268673,0.0,0.0
optimal@10s,5,450,2505,2407,0.960878243512974,0.0391217564870259,0.0043912175648702,0.0347305389221556,0.0,178.1431380684752,151.56946803353458,345.28302172022813,172.91880934898697,962.8,5.3651848774407975,172.7779531910344,0.2674548750777205,0.0929451361507463,0.6395999887715332,1044,3.4243295019157087,0.1488405172533153,0.2085419997092685,0.0451152223304122,0.9938700679786542,0.0010581502203546,0.0229885057471264,2505,0.0,0.960878243512974,0.0,0.0,1.0,23876.776925678638,0.0,9.33380686593879e-16,2.75611136184615e-13,0.0,0.0,0.0,0.0,,,0.0,450.0,53.059504279285854,0.0,0.0
optimal@10s,0,500,2505,2429,0.9696606786427144,0.0303393213572854,0.003193612774451,0.0271457085828343,0.0,162.88447133331,138.2868510188764,316.48199030484574,158.99879426358075,971.6,5.424866200082338,157.45960513322763,0.3337385345220971,0.0775815064912247,0.5886799589866781,1033,3.317521781219748,0.1592992255447714,0.2313359998515805,0.0527500804117079,0.8461763883748175,0.0011288475535413,0.015488867376573,2505,0.0,0.9696606786427144,0.0,0.0,1.0,24303.14253509416,0.0,2.064859422003544e-15,2.7638730241394593e-13,0.0,0.0,0.0,0.0,,,0.0,500.0,48.60628507018832,0.0,0.0
optimal@10s,1,500,2505,2420,0.9660678642714572,0.0339321357285429,0.0043912175648702,0.0295409181636726,0.0,162.6257420844778,138.06144539019465,312.3877841674267,158.85509882492428,968.0,5.411157024793388,157.21458505968442,0.3397371232443705,0.0773590501481832,0.5829038266074462,1044,3.4990421455938696,0.1524784482614077,0.2184390002548751,0.0426571149462715,1.1483409192809233,0.0011904030823892,0.0239463601532567,2505,0.0,0.9660678642714572,0.0,0.0,1.0,24084.647263464565,0.0,-6.287715986075432e-15,2.754197237584979e-13,0.0,0.0,0.0,0.0,,,0.0,500.0,48.16929452692913,0.0,0.0
optimal@10s,2,500,2505,2425,0.9680638722554892,0.0319361277445109,0.005189620758483,0.0267465069860279,0.0,161.98333120249455,136.69529626630174,307.5384155808547,158.34075512205789,970.0,5.870515463917526,156.112815738577,0.3404809087564153,0.0765632860348582,0.5829558052087264,1046,3.540152963671128,0.1520837475891138,0.2205700000558862,0.0619214810086179,0.5523555580264041,0.000576809959638,0.020076481835564,2505,0.0,0.9680638722554892,0.0,0.0,1.0,24091.659920077487,0.0,3.932707538775297e-15,2.77867442686254e-13,0.0,0.0,0.0,0.0,,,0.0,500.0,48.18331984015497,0.0,0.0
optimal@10s,3,500,2505,2413,0.9632734530938124,0.0367265469061876,0.0035928143712574,0.0331337325349301,0.0,159.07714103139892,133.2077400115504,302.8519946966779,154.8038206361279,965.2,5.818897637795276,153.25824339360366,0.3422836089484751,0.0754389442417527,0.5822774468097721,1043,3.4928092042186,0.1562724832050905,0.2390680003009034,0.0542884677160295,1.16517818753154,0.0012675623510054,0.0182166826462128,2505,0.0,0.9632734530938124,0.0,0.0,1.0,24044.08784933169,0.0,1.6675890304398745e-15,2.754370843851354e-13,0.0,0.0,0.0,0.0,,,0.0,500.0,48.088175698663385,0.0,0.0
optimal@10s,4,500,2505,2415,0.9640718562874252,0.0359281437125748,0.0019960079840319,0.0339321357285429,0.0,167.4164405523886,141.80122674893664,328.67212873146303,162.14682163728108,966.0,5.212836438923396,162.2036041134652,0.3424614784267197,0.0792497072969543,0.578288814276326,1039,3.1896053897978827,0.1526396535206718,0.2212860001600347,0.0447325769854132,0.9132248315957064,0.001334452328554,0.02502406159769,2505,0.0,0.9640718562874252,0.0,0.0,1.0,23972.94066939004,0.0,5.509832295957527e-15,2.75662078854825e-13,0.0,0.0,0.0,0.0,,,0.0,500.0,47.94588133878008,0.0,0.0
optimal@10s,5,500,2505,2430,0.9700598802395208,0.029940119760479,0.0047904191616766,0.0251497005988023,0.0,159.1523925356653,132.0491642343195,310.6823357512234,155.81167170272712,972.0,5.284773662551441,153.86761887311388,0.3374664677687875,0.0764166475234721,0.5861168847077403,1039,3.3551491819056785,0.1569741096850682,0.2252600009524027,0.0460590334090171,1.0864432414752796,0.0013542690228211,0.02502406159769,2505,0.0,0.9700598802395208,0.0,0.0,1.0,24215.02238509861,0.0,1.7235230161213812e-14,2.729085361903314e-13,0.0,0.0,0.0,0.0,,,0.0,500.0,48.43004477019723,0.0,0.0
batched_greedy@10s+aware,0,300,2505,1991,0.794810379241517,0.205189620758483,0.104191616766467,0.1009980039920159,0.0,353.17505921404904,342.287874818755,548.0578385253484,313.28519467075887,796.4,52.27624309392265,300.8988161201264,0.0386248718072996,0.1631506992257041,0.7982244289669962,1092,18.784798534798536,0.0545760989213134,0.1280989996121206,0.044776119402985,,,,2505,0.0,0.794810379241517,0.0,0.0,1.0,19746.07094856745,0.0,1.5309144654580058e-14,2.742682469327934e-13,0.0,0.0,0.0,0.0,,,0.0,300.0,65.82023649522483,0.0,0.0
batched_greedy@10s+aware,1,300,2505,2007,0.8011976047904191,0.1988023952095808,0.1029940119760479,0.0958083832335329,0.0,348.4936342372488,334.8545443419034,543.8402512419094,312.0326675155807,802.8,47.68609865470852,300.80753558254025,0.0410097818008388,0.167403522212028,0.791586695987133,1090,18.353211009174316,0.053572018331487,0.1221980011905541,0.0489535296204327,,,,2505,0.0,0.8011976047904191,0.0,0.0,1.0,19737.40876619416,0.0,2.0445362725533524e-15,2.754087717999488e-13,0.0,0.0,0.0,0.0,,,0.0,300.0,65.79136255398053,0.0,0.0
batched_greedy@10s+aware,2,300,2505,1982,0.7912175648702595,0.2087824351297405,0.1161676646706586,0.0926147704590818,0.0,360.4283686633696,350.62426549451857,554.1060709592623,320.0856887345824,792.8,55.08728557013118,305.3410830932384,0.0481492799997922,0.163585836710228,0.7882648832899796,1096,20.093065693430656,0.0542281021207069,0.1195100004224514,0.0460929060136838,,,,2505,0.0,0.7912175648702595,0.0,0.0,1.0,19588.81211225503,0.0,1.1669104969218598e-15,2.749015277103336e-13,0.0,0.0,0.0,0.0,,,0.0,300.0,65.29604037418343,0.0,0.0
batched_greedy@10s+aware,3,300,2505,2002,0.7992015968063872,0.2007984031936127,0.1045908183632734,0.0962075848303393,0.0,346.10486202054625,334.1969689968546,550.2880216081045,309.1932195483644,800.8,49.24325674325674,296.8616052772895,0.046857921507313,0.1648999764913797,0.7882421020013072,1094,18.57495429616088,0.0541888482659198,0.1173069999822473,0.0477377983612397,,,,2505,0.0,0.7992015968063872,0.0,0.0,1.0,19781.881156356085,0.0,6.497632934529488e-15,2.731392645638242e-13,0.0,0.0,0.0,0.0,,,0.0,300.0,65.93960385452029,0.0,0.0
batched_greedy@10s+aware,4,300,2505,1975,0.7884231536926147,0.2115768463073852,0.1141716566866267,0.0974051896207584,0.0,358.333953127911,350.2105521817812,555.3598822666456,314.81685899045124,790.0,55.22683544303798,303.10711768487295,0.0478665735262594,0.1633181624151578,0.7888152640585827,1097,19.438468550592525,0.0534030082164932,0.1190119995590065,0.0491215489422732,,,,2505,0.0,0.7884231536926147,0.0,0.0,1.0,19615.972330720757,0.0,9.309009259641821e-15,2.7243287794463654e-13,0.0,0.0,0.0,0.0,,,0.0,300.0,65.38657443573584,0.0,0.0
batched_greedy@10s+aware,5,300,2505,2015,0.8043912175648703,0.1956087824351297,0.1017964071856287,0.0938123752495009,0.0,343.69970145918205,331.67342083327003,537.6165313820459,307.5705417533292,806.0,46.11166253101737,297.5880389281647,0.0402978181075878,0.1659543026204833,0.7937478792719288,1094,17.485374771480803,0.0533509140621413,0.1151559995923889,0.0498233215547703,,,,2505,0.0,0.8043912175648703,0.0,0.0,1.0,19845.32826317271,0.0,-6.6478942560383556e-15,2.765166094444067e-13,0.0,0.0,0.0,0.0,,,0.0,300.0,66.15109421057569,0.0,0.0
batched_greedy@10s+aware,0,350,2505,2200,0.8782435129740519,0.1217564870259481,0.0335329341317365,0.0882235528942115,0.0,284.4520511996457,265.8328879137412,489.0206184322951,260.7231108273088,880.0,20.201818181818183,264.25023301782755,0.0922084219011367,0.1486210616715592,0.759170516427304,1082,8.401109057301294,0.0571980591957107,0.125369001143554,0.0519179894179894,,,,2505,0.0,0.8782435129740519,0.0,0.0,1.0,22045.45220945761,0.0,5.3726720042587565e-15,2.7355410865807663e-13,0.0,0.0,0.0,0.0,,,0.0,350.0,62.98700631273603,0.0,0.0
batched_greedy@10s+aware,1,350,2505,2208,0.881437125748503,0.118562874251497,0.0339321357285429,0.0846307385229541,0.0,278.3143066928164,258.5174125288768,480.69318055883446,257.3876087384056,883.2,18.93523550724637,259.37907118557,0.0994096170513106,0.1477016751862719,0.7528887077624175,1085,8.658064516129032,0.0578788939789946,0.1295800002117176,0.0454697425610163,,,,2505,0.0,0.881437125748503,0.0,0.0,1.0,21970.55062664408,0.0,6.5060678261910435e-15,2.755549411836495e-13,0.0,0.0,0.0,0.0,,,0.0,350.0,62.773001790411655,0.0,0.0
batched_greedy@10s+aware,2,350,2505,2187,0.8730538922155688,0.1269461077844311,0.0431137724550898,0.0838323353293413,0.0,285.2703385601988,268.9082704824168,487.74793523666017,263.07513911364146,874.8,20.8641975308642,264.4061410293346,0.1042407049076732,0.1467890935854873,0.7489702015068394,1080,9.483333333333333,0.0606808333048792,0.1380780006002169,0.0428475033738191,,,,2505,0.0,0.8730538922155688,0.0,0.0,1.0,21740.66189087712,0.0,2.363602378900196e-15,2.737327714494546e-13,0.0,0.0,0.0,0.0,,,0.0,350.0,62.11617683107748,0.0,0.0
batched_greedy@10s+aware,3,350,2505,2208,0.881437125748503,0.118562874251497,0.035129740518962,0.0834331337325349,0.0,282.2130735968447,260.706849889418,489.93141441046026,261.2865953992348,883.2,19.937047101449277,262.27602649539546,0.1018778850497619,0.1491125209596012,0.7490095939906368,1089,8.827364554637281,0.0591349861761872,0.128523999810568,0.0552614162806088,,,,2505,0.0,0.881437125748503,0.0,0.0,1.0,21902.70033225687,0.0,2.3250322762077557e-15,2.687158064500709e-13,0.0,0.0,0.0,0.0,,,0.0,350.0,62.57914380644821,0.0,0.0
batched_greedy@10s+aware,4,350,2505,2194,0.8758483033932136,0.1241516966067864,0.0435129740518962,0.0806387225548902,0.0,294.3071674049105,279.598665097757,507.6418820367438,271.3689327940313,877.6,26.76116681859617,267.54600058631434,0.1033001267687504,0.1484058167542407,0.7482940564770089,1084,10.649446494464945,0.0598613468711067,0.131499999351945,0.0477792732166891,,,,2505,0.0,0.8758483033932136,0.0,0.0,1.0,21758.30764962887,0.0,5.608397368516652e-15,2.722044204543676e-13,0.0,0.0,0.0,0.0,,,0.0,350.0,62.16659328465391,0.0,0.0
batched_greedy@10s+aware,5,350,2505,2225,0.8882235528942116,0.1117764471057884,0.0335329341317365,0.0782435129740519,0.0,281.0409143364755,263.35427782604347,495.2074292441226,261.2945295051142,890.0,21.963595505617977,259.0773188308575,0.0954570884540131,0.1477910925134083,0.7567518190325785,1096,8.97080291970803,0.0569214416296798,0.1336350004748965,0.0472545757071547,,,,2505,0.0,0.8882235528942116,0.0,0.0,1.0,22054.363609865337,0.0,-5.098343719734832e-15,2.7337532986401524e-13,0.0,0.0,0.0,0.0,,,0.0,350.0,63.0124674567581,0.0,0.0
batched_greedy@10s+aware,0,400,2505,2332,0.930938123752495,0.069061876247505,0.0151696606786427,0.0538922155688622,0.0,223.443953817691,200.1060221027119,409.40743447298905,212.68015724616032,932.8,8.80017152658662,214.6437822911044,0.1750863203948844,0.119854387869564,0.7050592917355516,1068,4.77808988764045,0.0641781835354927,0.1457330000994261,0.0557536466774716,,,,2505,0.0,0.930938123752495,0.0,0.0,1.0,23317.293113661533,0.0,2.6851019978069827e-15,2.802400964230329e-13,0.0,0.0,0.0,0.0,,,0.0,400.0,58.29323278415384,0.0,0.0
batched_greedy@10s+aware,1,400,2505,2339,0.9337325349301396,0.0662674650698602,0.0191616766467065,0.0471057884231536,0.0,213.40817934523244,191.59030663172007,396.6871527548739,205.8374850806689,935.6,8.693458743052586,204.71472060217985,0.1864208841831585,0.1152222396299462,0.6983568761868952,1075,5.413953488372093,0.0672400930472027,0.1466640007129172,0.0470704410796576,,,,2505,0.0,0.9337325349301396,0.0,0.0,1.0,23208.705822630047,0.0,-2.6227654317523577e-15,2.775920199609413e-13,0.0,0.0,0.0,0.0,,,0.0,400.0,58.02176455657512,0.0,0.0
batched_greedy@10s+aware,2,400,2505,2343,0.9353293413173652,0.0646706586826347,0.0163672654690618,0.0483033932135728,0.0,217.8533167212869,194.9457396829644,406.50647275151977,209.76242886068283,937.2,8.953051643192488,208.9002650780944,0.1814477506654994,0.1180956533467698,0.7004565959877307,1070,5.257943925233645,0.0680656075010714,0.1557099997990007,0.0564935064935064,,,,2505,0.0,0.9353293413173652,0.0,0.0,1.0,23231.661918544614,0.0,6.2805548687971305e-15,2.7203809461640644e-13,0.0,0.0,0.0,0.0,,,0.0,400.0,58.07915479636154,0.0,0.0
batched_greedy@10s+aware,3,400,2505,2346,0.9365269461077844,0.0634730538922155,0.017564870259481,0.0459081836327345,0.0,214.89892312290263,197.38826738772013,392.83669418387217,207.85969481611195,938.4,8.131287297527706,206.76763582537492,0.1825736441927614,0.1171870684224445,0.700239287384794,1071,5.189542483660131,0.0690909430476512,0.1453600003515021,0.0519268451992162,,,,2505,0.0,0.9365269461077844,0.0,0.0,1.0,23308.827402100706,0.0,9.89338382932808e-15,2.78344364701999e-13,0.0,0.0,0.0,0.0,,,0.0,400.0,58.27206850525175,0.0,0.0
batched_greedy@10s+aware,4,400,2505,2338,0.9333333333333332,0.0666666666666666,0.0163672654690618,0.0502994011976047,0.0,222.5570271868687,201.25049629476237,417.0292543191871,212.69925002697624,935.2,9.510692899914456,213.04633428695425,0.1846318228259976,0.119114578636389,0.6962535985376133,1072,5.291977611940299,0.0693216417616963,0.1489959996615652,0.043506921555702,,,,2505,0.0,0.9333333333333332,0.0,0.0,1.0,23188.484422050045,0.0,8.550141870055911e-15,2.6994811670679613e-13,0.0,0.0,0.0,0.0,,,0.0,400.0,57.97121105512512,0.0,0.0
batched_greedy@10s+aware,5,400,2505,2348,0.9373253493013972,0.0626746506986028,0.0139720558882235,0.0487025948103792,0.0,210.19455123482183,190.092652787328,390.111257555086,202.10664155382943,939.2,7.956558773424191,202.23799246139768,0.181218820812419,0.115234731778579,0.7035464474090019,1068,4.741573033707865,0.0679017790280477,0.1486909996492611,0.0532640467684313,,,,2505,0.0,0.9373253493013972,0.0,0.0,1.0,23319.97556116204,0.0,-4.186316256738197e-15,2.725183319590376e-13,0.0,0.0,0.0,0.0,,,0.0,400.0,58.2999389029051,0.0,0.0
batched_greedy@10s+aware,0,450,2505,2394,0.9556886227544912,0.0443113772455089,0.012375249500998,0.0319361277445109,0.0,184.5178189263569,160.11440376421024,353.3629060706857,179.68054877341365,957.6,7.460735171261487,177.05708375509542,0.263407305379535,0.0929779827098969,0.6436147119105681,1058,4.258034026465029,0.07793506615934,0.1620009997532179,0.0519480519480519,,,,2505,0.0,0.9556886227544912,0.0,0.0,1.0,23935.235491064668,0.0,1.059952274470868e-14,2.707846014620757e-13,0.0,0.0,0.0,0.0,,,0.0,450.0,53.18941220236593,0.0,0.0
batched_greedy@10s+aware,1,450,2505,2394,0.9556886227544912,0.0443113772455089,0.0171656686626746,0.0271457085828343,0.0,183.5556812715756,161.14119578925738,346.039895763863,180.9199155304874,957.6,7.401002506265664,176.15467876530997,0.2692267150338518,0.0934778738497765,0.6372954111163716,1067,4.810684161199625,0.077913214608026,0.1616499998999641,0.0515834149526607,,,,2505,0.0,0.9556886227544912,0.0,0.0,1.0,23803.45280327038,0.0,4.798723379119161e-15,2.725025255107062e-13,0.0,0.0,0.0,0.0,,,0.0,450.0,52.896561785045286,0.0,0.0
batched_greedy@10s+aware,2,450,2505,2404,0.9596806387225548,0.0403193612774451,0.0143712574850299,0.0259481037924151,0.0,181.6727885310065,154.95847488198797,348.5793404956221,179.13578259770173,961.6,7.497504159733777,174.1752843712727,0.2685890827106836,0.0924584965795242,0.6389524207097921,1068,4.71067415730337,0.0787079587861582,0.1643069998499407,0.0517746662324975,,,,2505,0.0,0.9596806387225548,0.0,0.0,1.0,23817.07368988268,0.0,-2.516567098913229e-15,2.7419165108117293e-13,0.0,0.0,0.0,0.0,,,0.0,450.0,52.92683042196151,0.0,0.0
batched_greedy@10s+aware,3,450,2505,2394,0.9556886227544912,0.0443113772455089,0.0147704590818363,0.0295409181636726,0.0,176.57037297640153,154.346493571682,332.41189012159373,174.36027094328276,957.6,6.870091896407686,169.70028107999386,0.2719175444978495,0.0908733666292047,0.6372090888729458,1064,4.7218045112781954,0.0789363721897349,0.1610729996900769,0.0533333333333333,,,,2505,0.0,0.9556886227544912,0.0,0.0,1.0,23781.233536667707,0.0,1.0200695760089784e-15,2.748313040990344e-13,0.0,0.0,0.0,0.0,,,0.0,450.0,52.84718563703935,0.0,0.0
batched_greedy@10s+aware,4,450,2505,2373,0.9473053892215568,0.0526946107784431,0.012375249500998,0.0403193612774451,0.0,190.58106726245333,163.89174261077187,373.5245822072735,184.1477863137957,949.2,7.819637589549094,182.76142967290423,0.2769419003002847,0.0943938506132673,0.6286642490864479,1065,4.60093896713615,0.0745035680537653,0.1530159997491861,0.0417625780993094,,,,2505,0.0,0.9473053892215568,0.0,0.0,1.0,23519.490091955515,0.0,-3.593136464020734e-16,2.765951535797361e-13,0.0,0.0,0.0,0.0,,,0.0,450.0,52.26553353767893,0.0,0.0
batched_greedy@10s+aware,5,450,2505,2400,0.9580838323353292,0.0419161676646706,0.0119760479041916,0.029940119760479,0.0,175.83777269460808,150.41779330450277,342.10107042622315,172.60036869258604,960.0,6.608333333333333,169.22943936127476,0.2702525433368324,0.0903828794004327,0.6393645772627348,1058,4.290170132325142,0.0804856332760706,0.170116999433958,0.0435637078283655,,,,2505,0.0,0.9580838323353292,0.0,0.0,1.0,23835.45809415733,0.0,1.8146595337498186e-15,2.74891035860018e-13,0.0,0.0,0.0,0.0,,,0.0,450.0,52.96768465368295,0.0,0.0
batched_greedy@10s+aware,0,500,2505,2418,0.9652694610778444,0.0347305389221556,0.012375249500998,0.0223552894211576,0.0,164.06136164776228,138.3959029118987,320.2019949183745,161.49150289214998,967.2,6.860628618693135,157.20073302906914,0.3388750405161023,0.0764933679199613,0.5846315915639363,1057,4.087038789025544,0.0890859981106605,0.1747160006198103,0.0522557611165206,,,,2505,0.0,0.9652694610778444,0.0,0.0,1.0,24136.635725372937,0.0,1.9456911038674786e-15,2.7143254099648724e-13,0.0,0.0,0.0,0.0,,,0.0,500.0,48.273271450745874,0.0,0.0
batched_greedy@10s+aware,1,500,2505,2414,0.9636726546906188,0.0363273453093812,0.0131736526946107,0.0231536926147704,0.0,162.44381782331916,137.76694227733196,319.1267171275089,160.81354169819298,965.6,6.784589892294946,155.65922793102422,0.344264167070122,0.075673864598488,0.5800619683313899,1069,4.354536950420954,0.0831089803960405,0.1773279999906662,0.0454991816693944,,,,2505,0.0,0.9636726546906188,0.0,0.0,1.0,23983.529872376843,0.0,3.1605023302502385e-16,2.7388015449398414e-13,0.0,0.0,0.0,0.0,,,0.0,500.0,47.96705974475368,0.0,0.0
batched_greedy@10s+aware,2,500,2505,2418,0.9652694610778444,0.0347305389221556,0.0131736526946107,0.0215568862275449,0.0,160.88906757522855,136.72581638379324,307.9382403857908,159.7664013150036,967.2,6.57402812241522,154.31503945281332,0.3437580282548202,0.0753740952495553,0.5808678764956244,1065,4.397183098591549,0.0874735210964673,0.1830879995395659,0.0547634478289047,,,,2505,0.0,0.9652694610778444,0.0,0.0,1.0,24035.034987542072,0.0,1.0604512397329452e-15,2.7660219487525463e-13,0.0,0.0,0.0,0.0,,,0.0,500.0,48.07006997508415,0.0,0.0
batched_greedy@10s+aware,3,500,2505,2414,0.9636726546906188,0.0363273453093812,0.0131736526946107,0.0231536926147704,0.0,157.69691850663037,133.39161643951638,303.7843177676394,156.78026248979916,965.6,6.493786246893124,151.20313225973723,0.3446492688970777,0.0740739965095148,0.5812767345934076,1064,4.43609022556391,0.0837469924607646,0.1723700001457472,0.0541504539559014,,,,2505,0.0,0.9636726546906188,0.0,0.0,1.0,24049.226268706403,0.0,9.703551595675747e-15,2.784168918610564e-13,0.0,0.0,0.0,0.0,,,0.0,500.0,48.09845253741281,0.0,0.0
batched_greedy@10s+aware,4,500,2505,2411,0.9624750499001996,0.0375249500998004,0.0111776447105788,0.0263473053892215,0.0,171.43368073326167,146.73860100452657,345.4272318479084,168.32353747341253,964.4,6.648693488179179,164.7849872450825,0.3449220698516728,0.0791992731742913,0.5758786569740358,1065,4.248826291079812,0.0811034741754339,0.1668560005055037,0.0541329011345218,,,,2505,0.0,0.9624750499001996,0.0,0.0,1.0,23917.92004569129,0.0,7.080929694842786e-15,2.759013350518208e-13,0.0,0.0,0.0,0.0,,,0.0,500.0,47.835840091382586,0.0,0.0
batched_greedy@10s+aware,5,500,2505,2427,0.9688622754491018,0.0311377245508982,0.0111776447105788,0.0199600798403193,0.0,158.04921361242464,132.0708465366488,307.803928336476,156.90055143027115,970.8,6.112896580140091,151.93631703228456,0.3411368831081242,0.0748034162138164,0.5840597006780593,1061,4.096135721017908,0.0832955702585152,0.1781200011464538,0.0457217504898758,,,,2505,0.0,0.9688622754491018,0.0,0.0,1.0,24139.29826802638,0.0,5.220564172324737e-15,2.7144646462828174e-13,0.0,0.0,0.0,0.0,,,0.0,500.0,48.27859653605276,0.0,0.0
optimal@10s+aware,0,300,2505,1976,0.7888223552894211,0.2111776447105788,0.1133732534930139,0.0978043912175648,0.0,354.63808242483054,342.7499752768913,547.6758299607782,314.02732894075336,790.4,52.18218623481781,302.4558961900128,0.040621240919662,0.1639080103276564,0.7954707487526815,1091,19.09715857011916,0.147663153071805,0.2213800005847587,0.0461703650680028,3.499492080335852,0.000220541058837,0.0302474793767186,2505,0.0,0.7888223552894211,0.0,0.0,1.0,19725.011403741453,0.0,1.4083201541520407e-14,2.754341963683415e-13,0.0,0.0,0.0,0.0,,,0.0,300.0,65.75003801247152,0.0,0.0
optimal@10s+aware,1,300,2505,1990,0.7944111776447106,0.2055888223552894,0.1189620758483033,0.086626746506986,0.0,353.27644470202966,343.3612267492483,544.1021243663865,316.66272796824325,796.0,50.14070351758794,303.1357411844417,0.0425862925148499,0.165497338733907,0.7919163687512428,1091,19.46929422548121,0.1418110907759261,0.2294399997481376,0.0513649425287356,5.424802281133309,0.0003350828495393,0.0494958753437213,2505,0.0,0.7944111776447106,0.0,0.0,1.0,19619.87270148875,0.0,9.461108613468972e-15,2.723869148102856e-13,0.0,0.0,0.0,0.0,,,0.0,300.0,65.39957567162918,0.0,0.0
optimal@10s+aware,2,300,2505,1978,0.7896207584830339,0.210379241516966,0.1201596806387225,0.0902195608782435,0.0,360.5288623732239,348.37585991139144,557.7354560181487,320.1478584359536,791.2,56.75834175935288,303.77052061387104,0.045553823846368,0.1639729010049681,0.7904732751486638,1093,20.493138151875574,0.1410179322836613,0.2215519996389046,0.0524048815506102,4.345827899149954,0.0002538861394802,0.041171088746569,2505,0.0,0.7896207584830339,0.0,0.0,1.0,19534.30745700312,0.0,7.899309787343075e-15,2.7936758624905454e-13,0.0,0.0,0.0,0.0,,,0.0,300.0,65.11435819001039,0.0,0.0
optimal@10s+aware,3,300,2505,1981,0.7908183632734531,0.2091816367265469,0.1069860279441117,0.1021956087824351,0.0,356.66082248669755,350.1504218371365,544.2743622672024,315.8626606246077,792.4,53.0540131246845,303.60680936201305,0.04521637011097,0.1666334942326973,0.7881501356563325,1101,19.306085376930064,0.1419024522706988,0.2141999993909848,0.0542553191489361,4.946781603186022,0.0003081220564814,0.0417801998183469,2505,0.0,0.7908183632734531,0.0,0.0,1.0,19769.079276223925,0.0,-1.1311833179724464e-14,2.687912150974765e-13,0.0,0.0,0.0,0.0,,,0.0,300.0,65.89693092074641,0.0,0.0
optimal@10s+aware,4,300,2505,1996,0.7968063872255489,0.2031936127744511,0.1017964071856287,0.1013972055888223,0.0,346.2433119848154,336.39894011245724,540.5385007571622,305.9939613285155,798.4,48.23947895791583,298.0038330268996,0.048293284028631,0.1641998957690123,0.7875068202023565,1093,17.850869167429096,0.1384363220333859,0.211983999397489,0.0441752760954756,5.803120655292998,0.000394145664723,0.0448307410795974,2505,0.0,0.7968063872255489,0.0,0.0,1.0,19666.204171531583,0.0,-7.891260568618247e-15,2.7558004864954137e-13,0.0,0.0,0.0,0.0,,,0.0,300.0,65.5540139051053,0.0,0.0
optimal@10s+aware,5,300,2505,2006,0.8007984031936127,0.1992015968063872,0.1049900199600798,0.0942115768463073,0.0,349.7928590172447,339.6298013837877,539.1526853572432,310.635161218083,802.4,49.06181455633101,300.7310444609137,0.0410257422943231,0.1653284008212302,0.7936458568844467,1094,17.850091407678246,0.1401042961701043,0.2186420000907673,0.0489535296204327,3.1454809323616177,0.0002136467816849,0.0292504570383912,2505,0.0,0.8007984031936127,0.0,0.0,1.0,19775.27079723091,0.0,9.120875097618433e-17,2.685796638818223e-13,0.0,0.0,0.0,0.0,,,0.0,300.0,65.91756932410304,0.0,0.0
optimal@10s+aware,0,350,2505,2205,0.8802395209580839,0.1197604790419161,0.0383233532934131,0.081437125748503,0.0,286.7488457288764,268.36336745193057,495.4909379710933,264.3169548805936,882.0,23.854875283446717,262.8939704454297,0.0889266909117347,0.1464228151154142,0.764650493972851,1081,9.390379278445884,0.1428645698577217,0.2183199991122819,0.0473807140473807,5.401373949891363,0.0007874742404822,0.0471785383903792,2505,0.0,0.8802395209580839,0.0,0.0,1.0,22161.87529456032,0.0,4.2479499383934334e-15,2.771898105352925e-13,0.0,0.0,0.0,0.0,,,0.0,350.0,63.31964369874376,0.0,0.0
optimal@10s+aware,1,350,2505,2202,0.8790419161676647,0.1209580838323353,0.0363273453093812,0.0846307385229541,0.0,277.5284284319735,260.3980029769127,473.03869627223537,256.97879239890625,880.8,18.45640326975477,259.0720251622188,0.1030760103543059,0.1480281368926401,0.7488958527530539,1085,8.765898617511521,0.1427028571891363,0.2128080000693445,0.0400943396226415,5.1216772931474885,0.0008132472866462,0.0525345622119815,2505,0.0,0.8790419161676647,0.0,0.0,1.0,21761.352748468955,0.0,1.0212841774208523e-14,2.727006228057304e-13,0.0,0.0,0.0,0.0,,,0.0,350.0,62.17529356705416,0.0,0.0
optimal@10s+aware,2,350,2505,2197,0.8770459081836327,0.1229540918163672,0.0483033932135728,0.0746506986027944,0.0,293.3650735646198,279.881261339614,495.63388075020345,272.0240205213587,878.8,26.8893946290396,266.4756789355802,0.1048741539262464,0.1462518016419145,0.7488740444318391,1087,10.820607175712972,0.1456445262169983,0.2209420011058682,0.0523489932885906,4.032934135981544,0.000494862555958,0.0450781968721251,2505,0.0,0.8770459081836327,0.0,0.0,1.0,21762.786454304856,0.0,1.2478967437097616e-14,2.7428178577306593e-13,0.0,0.0,0.0,0.0,,,0.0,350.0,62.179389869442446,0.0,0.0
optimal@10s+aware,3,350,2505,2206,0.8806387225548902,0.1193612774451097,0.037125748502994,0.0822355289421157,0.0,288.821416318656,273.4114118617381,493.600251755222,267.2045839104152,882.4,22.504079782411605,266.31733653624434,0.0996069799993981,0.1494943186518448,0.7508987013487569,1101,9.316076294277927,0.1412699364484068,0.2144999998563435,0.0609555189456342,3.662216176991015,0.0005375889797489,0.0299727520435967,2505,0.0,0.8806387225548902,0.0,0.0,1.0,22055.75581900011,0.0,5.056899796660731e-15,2.715957810217375e-13,0.0,0.0,0.0,0.0,,,0.0,350.0,63.01644519714318,0.0,0.0
optimal@10s+aware,4,350,2505,2197,0.8770459081836327,0.1229540918163672,0.0383233532934131,0.0846307385229541,0.0,292.4478830894218,276.8005157286325,501.5132082407532,268.484171878719,878.8,24.827492034592627,267.6203910548292,0.1059377046498357,0.1482021063856366,0.7458601889645275,1084,9.898523985239851,0.1437107933293946,0.2100310002788322,0.0434051144010767,5.389688337581318,0.0007329498284102,0.0396678966789667,2505,0.0,0.8770459081836327,0.0,0.0,1.0,21752.967222002502,0.0,6.315486241490832e-15,2.6988738457955643e-13,0.0,0.0,0.0,0.0,,,0.0,350.0,62.151334920007145,0.0,0.0
optimal@10s+aware,5,350,2505,2229,0.8898203592814371,0.1101796407185628,0.0327345309381237,0.0774451097804391,0.0,282.36800687390195,267.5280534281319,490.8573112285958,262.0478758734371,891.6,24.23822341857335,258.1297834553286,0.0968955076372784,0.1472906164494,0.7558138759133215,1088,9.3125,0.1426840992952721,0.2097160001358129,0.0446815605201733,4.96614192954102,0.0007331698071326,0.0395220588235294,2505,0.0,0.8898203592814371,0.0,0.0,1.0,22005.731271923643,0.0,-7.601117781157285e-15,2.6552908717800335e-13,0.0,0.0,0.0,0.0,,,0.0,350.0,62.87351791978184,0.0,0.0
optimal@10s+aware,0,400,2505,2339,0.9337325349301396,0.0662674650698602,0.0159680638722554,0.0502994011976047,0.0,230.9363270525492,210.0127172428897,421.9727779751583,220.5240064831713,935.6,10.079093629756306,220.85723342279297,0.1708566803343521,0.1226009987558523,0.7065423209097954,1066,5.125703564727955,0.1492888367846159,0.2139099995474679,0.0573186528497409,3.534239698664411,0.0012831542624124,0.0384615384615384,2505,0.0,0.9337325349301396,0.0,0.0,1.0,23446.541360771236,0.0,7.892219014556392e-15,2.798062005360894e-13,0.0,0.0,0.0,0.0,,,0.0,400.0,58.61635340192808,0.0,0.0
optimal@10s+aware,1,400,2505,2340,0.934131736526946,0.0658682634730539,0.0187624750499002,0.0471057884231536,0.0,214.77379271058743,196.13984136717045,393.03283722338966,206.8060178412936,936.0,8.34017094017094,206.43362177041652,0.1849707082408266,0.1167101470489781,0.6983191447101953,1070,5.271028037383178,0.1452957943979314,0.2117999993060948,0.0486202365308804,2.7258323996239677,0.0009521909225621,0.0299065420560747,2505,0.0,0.934131736526946,0.0,0.0,1.0,23222.657662145277,0.0,1.4260197960740902e-15,2.718649616919456e-13,0.0,0.0,0.0,0.0,,,0.0,400.0,58.05664415536318,0.0,0.0
optimal@10s+aware,2,400,2505,2347,0.9369261477045908,0.0630738522954091,0.0179640718562874,0.0451097804391217,0.0,221.35218957404143,200.5578619684584,407.35453374477504,213.43325863366067,938.8,9.025990626331486,212.32619894771,0.1805275141308375,0.1193612783649244,0.700111207504238,1070,5.28785046728972,0.1439500000173058,0.2080309997108997,0.0574861968171484,5.3676924711762775,0.0018696429206875,0.0476635514018691,2505,0.0,0.9369261477045908,0.0,0.0,1.0,23281.54005418644,0.0,2.707298003636428e-15,2.7672793753971734e-13,0.0,0.0,0.0,0.0,,,0.0,400.0,58.2038501354661,0.0,0.0
optimal@10s+aware,3,400,2505,2346,0.9365269461077844,0.0634730538922155,0.0183632734530938,0.0451097804391217,0.0,212.7317342466305,191.6774233881631,387.3408009256036,205.82115380910813,938.4,7.8631713554987215,204.86856289113177,0.1826685139685184,0.1165717729834392,0.7007597130480424,1073,5.118359739049394,0.1474561975628739,0.2251440001418812,0.0513407455853499,3.817058955232117,0.001405826092491,0.0372786579683131,2505,0.0,0.9365269461077844,0.0,0.0,1.0,23331.08836352056,0.0,2.0171417818253484e-15,2.706559046221737e-13,0.0,0.0,0.0,0.0,,,0.0,400.0,58.3277209088014,0.0,0.0
optimal@10s+aware,4,400,2505,2340,0.934131736526946,0.0658682634730539,0.0155688622754491,0.0502994011976047,0.0,226.67091181791815,205.61048294768216,413.2073916673868,217.05616776808543,936.0,9.597008547008548,217.07390327090968,0.1843775256860119,0.1209541216132653,0.6946683527007227,1072,5.391791044776119,0.1461667909942757,0.2170160002970078,0.0481809242871189,4.679077237827969,0.0015480082570037,0.0345149253731343,2505,0.0,0.934131736526946,0.0,0.0,1.0,23189.57077338425,0.0,3.2820849551910185e-15,2.722149191718445e-13,0.0,0.0,0.0,0.0,,,0.0,400.0,57.97392693346063,0.0,0.0
optimal@10s+aware,5,400,2505,2354,0.9397205588822356,0.0602794411177644,0.0139720558882235,0.0463073852295409,0.0,211.49631798361133,188.72844442070183,393.9104412739347,203.97056060906343,941.6,8.059898045879354,203.436419937732,0.1818958062959436,0.1155837789596215,0.7025204147444348,1073,4.779123951537745,0.1435164026202942,0.2104519997374154,0.050179211469534,4.060036819200628,0.0016866554980423,0.0335507921714818,2505,0.0,0.9397205588822356,0.0,0.0,1.0,23285.89687449709,0.0,-8.296959833987151e-16,2.720908554634529e-13,0.0,0.0,0.0,0.0,,,0.0,400.0,58.21474218624274,0.0,0.0
optimal@10s+aware,0,450,2505,2398,0.9572854291417164,0.0427145708582834,0.012375249500998,0.0303393213572854,0.0,191.57926672422465,165.7257942762826,369.1971290488935,186.60414706418004,959.2,7.35696413678065,184.222302587444,0.2594276708854783,0.0966776696334211,0.6438946594811006,1058,4.206994328922495,0.1554189980979675,0.2199599998311897,0.0504065040650406,2.25286234541568,0.0012742539176055,0.0255198487712665,2505,0.0,0.9572854291417164,0.0,0.0,1.0,23983.71775936056,0.0,5.31907017736176e-15,2.751860457604421e-13,0.0,0.0,0.0,0.0,,,0.0,450.0,53.297150576356806,0.0,0.0
optimal@10s+aware,1,450,2505,2387,0.9528942115768464,0.0471057884231536,0.0167664670658682,0.0303393213572854,0.0,183.1612151853353,159.17443669334534,344.1121699196823,179.84300891161536,954.8,7.356514453288646,175.80470073204668,0.2692572332437972,0.0933471046739086,0.6373956620822941,1067,4.752577319587629,0.1503921274136197,0.2209060000677708,0.0493948315341838,2.61124526743016,0.0011566719580386,0.0234301780693533,2505,0.0,0.9528942115768464,0.0,0.0,1.0,23750.1723373668,0.0,6.512502216506679e-15,2.752171715866137e-13,0.0,0.0,0.0,0.0,,,0.0,450.0,52.77816074970401,0.0,0.0
optimal@10s+aware,2,450,2505,2384,0.9516966067864272,0.0483033932135728,0.0147704590818363,0.0335329341317365,0.0,183.90533823426895,158.62888768394487,349.6829992342335,180.10734494916096,953.6,7.591862416107382,176.3134758181616,0.2706904590247475,0.0926235181175452,0.6366860228577073,1069,4.782039289055192,0.1512550046826234,0.2316359995893434,0.0557898151151475,2.098929589766105,0.0009223577579411,0.0289990645463049,2505,0.0,0.9516966067864272,0.0,0.0,1.0,23643.548970017346,0.0,4.177679827729595e-15,2.707206196726363e-13,0.0,0.0,0.0,0.0,,,0.0,450.0,52.54121993337188,0.0,0.0
optimal@10s+aware,3,450,2505,2399,0.957684630738523,0.042315369261477,0.0147704590818363,0.0275449101796407,0.0,176.4565103493556,154.18233453662378,331.8585482358369,174.5697301938212,959.6,6.774489370571072,169.68202097878452,0.2715805124928178,0.0909239464607201,0.6374955410464621,1063,4.699905926622765,0.1519928504360238,0.2211839986193806,0.0508640365177698,1.5184902234978108,0.0006972126818426,0.0188146754468485,2505,0.0,0.957684630738523,0.0,0.0,1.0,23830.53760239751,0.0,9.899727742214046e-15,2.765294824674985e-13,0.0,0.0,0.0,0.0,,,0.0,450.0,52.956750227550025,0.0,0.0
optimal@10s+aware,4,450,2505,2390,0.9540918163672656,0.0459081836327345,0.0119760479041916,0.0339321357285429,0.0,186.015047375608,159.84083074089676,362.5548186266277,181.044407005162,956.0,7.044351464435146,178.9706959111728,0.2730916594592619,0.0939794705757142,0.6329288699650237,1065,4.430046948356807,0.1483587793418465,0.2132559996971392,0.0467625899280575,2.605019471073118,0.0013094005511952,0.028169014084507,2505,0.0,0.9540918163672656,0.0,0.0,1.0,23658.50623328988,0.0,8.399417841867043e-15,2.782228190279886e-13,0.0,0.0,0.0,0.0,,,0.0,450.0,52.57445829619973,0.0,0.0
optimal@10s+aware,5,450,2505,2408,0.9612774451097804,0.0387225548902195,0.0119760479041916,0.0267465069860279,0.0,178.4284658709108,153.40574416948675,346.1347248768297,175.60361654422132,963.2,6.649086378737541,171.77937949217326,0.2667667250101481,0.0918070235364243,0.6414262514534276,1062,4.27683615819209,0.1491721280417859,0.2263559995844844,0.0426229508196721,2.767786763992456,0.0015294267907408,0.027306967984934,2505,0.0,0.9612774451097804,0.0,0.0,1.0,23938.34351512092,0.0,4.836478209434341e-15,2.6971282350375854e-13,0.0,0.0,0.0,0.0,,,0.0,450.0,53.19631892249093,0.0,0.0
optimal@10s+aware,0,500,2505,2419,0.9656686626746508,0.0343313373253493,0.012375249500998,0.0219560878243512,0.0,161.08588754426737,135.6161747428605,313.80198033253095,158.70004161681808,967.6,6.568003307151716,154.51788423711565,0.3398176589971185,0.07538039984117,0.5848019411617114,1056,4.028409090909091,0.1511323863169447,0.2343800008020483,0.0488599348534201,1.970139284256749,0.0013178070994625,0.0255681818181818,2505,0.0,0.9656686626746508,0.0,0.0,1.0,24122.140439698516,0.0,-5.541293389877755e-15,2.738247826086319e-13,0.0,0.0,0.0,0.0,,,0.0,500.0,48.244280879397024,0.0,0.0
optimal@10s+aware,1,500,2505,2414,0.9636726546906188,0.0363273453093812,0.012375249500998,0.0239520958083832,0.0,161.59336950738088,138.25914933900276,312.76007275909654,159.77220885306983,965.6,6.113504556752279,155.4798649506286,0.3434240240233235,0.0759335818667507,0.5806423941099257,1066,4.164165103189493,0.1512712945596587,0.2348050008549756,0.0448445171849427,2.670537496792564,0.0016155176631666,0.0309568480300187,2505,0.0,0.9636726546906188,0.0,0.0,1.0,24025.158488517227,0.0,-6.1223234895650724e-15,2.732888940464042e-13,0.0,0.0,0.0,0.0,,,0.0,500.0,48.05031697703445,0.0,0.0
optimal@10s+aware,2,500,2505,2422,0.96686626746507,0.0331337325349301,0.0131736526946107,0.0199600798403193,0.0,159.4188809000223,137.24789883621588,302.91254293629464,158.49724528424565,968.8,6.431874483897605,152.98700641612467,0.343463310593362,0.0750491822355664,0.5814875071710716,1064,4.3468045112781954,0.1712050751441558,0.2805399997669142,0.0556814503075428,1.111356041181699,0.0006256675356019,0.0197368421052631,2505,0.0,0.96686626746507,0.0,0.0,1.0,24069.528205270013,0.0,-1.657541889778929e-16,2.737474436506798e-13,0.0,0.0,0.0,0.0,,,0.0,500.0,48.13905641054003,0.0,0.0
optimal@10s+aware,3,500,2505,2416,0.9644710578842316,0.0355289421157684,0.012375249500998,0.0231536926147704,0.0,158.40046330988076,134.79125751518632,303.72730406543315,157.4424262379988,966.4,6.690397350993377,151.71006595888738,0.3448817704399443,0.0746520516246155,0.5804661779354401,1065,4.445070422535212,0.1474123943564695,0.2271840002504175,0.0550339915830365,1.1986692946312103,0.0006427327624009,0.0215962441314554,2505,0.0,0.9644710578842316,0.0,0.0,1.0,24015.656054334228,0.0,-1.1456986941206292e-15,2.745785570950551e-13,0.0,0.0,0.0,0.0,,,0.0,500.0,48.03131210866846,0.0,0.0
optimal@10s+aware,4,500,2505,2414,0.9636726546906188,0.0363273453093812,0.0111776447105788,0.0251497005988023,0.0,170.68876575598514,145.76274327069405,342.4046893295398,167.6732685261288,965.6,6.427091963545982,164.26167379243915,0.3445971560226706,0.0792977442339335,0.5761050997433959,1064,4.170112781954887,0.1532945488969218,0.2523359997576332,0.0485816759047929,2.1202729894479573,0.0012608607316441,0.0272556390977443,2505,0.0,0.9636726546906188,0.0,0.0,1.0,23923.837180066294,0.0,3.1926960385036605e-15,2.72250049072078e-13,0.0,0.0,0.0,0.0,,,0.0,500.0,47.84767436013259,0.0,0.0
optimal@10s+aware,5,500,2505,2436,0.9724550898203592,0.0275449101796407,0.010379241516966,0.0171656686626746,0.0,158.3125500112848,133.87571263665268,310.0919276412833,157.4762118497191,974.4,5.943349753694581,152.36920025759022,0.3385914976138663,0.0755452886302794,0.5858632137558543,1057,4.0198675496688745,0.1436442762978732,0.212328000125126,0.044132069303694,2.211298958974305,0.001488482385311,0.0264900662251655,2505,0.0,0.9724550898203592,0.0,0.0,1.0,24250.838993574976,0.0,4.384925190691115e-15,2.710039818899503e-13,0.0,0.0,0.0,0.0,,,0.0,500.0,48.501677987149954,0.0,0.0
batched_greedy@30s+aware,0,300,2505,1988,0.7936127744510978,0.2063872255489022,0.1321357285429141,0.074251497005988,0.0,346.440288026387,326.81869458772326,540.0141026456946,311.5579613072039,795.2,62.69617706237425,283.7441109640128,0.0410021910803187,0.1558286719007038,0.8031691370189774,367,24.26430517711172,0.0864754768270616,0.2322559990716398,0.0511240029006526,,,,2505,0.0,0.7936127744510978,0.0,0.0,1.0,19873.391778969934,0.0,1.4409220519199417e-14,2.791507244451873e-13,0.0,0.0,0.0,0.0,,,0.0,300.0,66.24463926323311,0.0,0.0
batched_greedy@30s+aware,1,300,2505,2009,0.8019960079840319,0.198003992015968,0.1221556886227544,0.0758483033932135,0.0,341.3796386048379,329.2669358907078,543.2221814972147,312.52881443056293,803.6,61.48133399701344,279.89830460782446,0.0457963626595357,0.1565139963678945,0.7976896409725697,365,25.02739726027397,0.0893728767052429,0.2056240003003041,0.0518731988472622,,,,2505,0.0,0.8019960079840319,0.0,0.0,1.0,19759.071999702144,0.0,1.0907485301563708e-14,2.718188486086343e-13,0.0,0.0,0.0,0.0,,,0.0,300.0,65.86357333234048,0.0,0.0
batched_greedy@30s+aware,2,300,2505,1963,0.7836327345309381,0.2163672654690618,0.1469061876247505,0.0694610778443113,0.0,351.9709159341024,337.6470506955111,551.9115294085717,316.96318467015954,785.2,66.33469179826795,285.6362241358344,0.0537017450966167,0.1544213805603049,0.7918768743430783,365,26.183561643835617,0.0929263013696907,0.2278640001895839,0.0530386740331491,,,,2505,0.0,0.7836327345309381,0.0,0.0,1.0,19627.39599568322,0.0,9.522467152831806e-15,2.7330105123033393e-13,0.0,0.0,0.0,0.0,,,0.0,300.0,65.42465331894405,0.0,0.0
batched_greedy@30s+aware,3,300,2505,1994,0.7960079840319362,0.2039920159680638,0.12375249500998,0.0802395209580838,0.0,335.65902666914894,323.00340604589974,530.688869961996,304.358367127608,797.6,56.5346038114343,279.12442285771465,0.0496580346810606,0.156647450085126,0.7936945152338134,365,23.71780821917808,0.0883997259609726,0.21492799911357,0.0506512301013024,,,,2505,0.0,0.7960079840319362,0.0,0.0,1.0,19794.385495979503,0.0,7.338830312426913e-15,2.727144265455967e-13,0.0,0.0,0.0,0.0,,,0.0,300.0,65.98128498659835,0.0,0.0
batched_greedy@30s+aware,4,300,2505,1981,0.7908183632734531,0.2091816367265469,0.1269461077844311,0.0822355289421157,0.0,348.38663784500886,334.930268375414,551.0243323689183,313.47607322898256,792.4,65.36193841494195,283.0246994300669,0.0505904087949137,0.1550696179237994,0.7943399732812867,369,25.178861788617887,0.0881271002155827,0.2246439993177773,0.0465962868583909,,,,2505,0.0,0.7908183632734531,0.0,0.0,1.0,19758.562262187123,0.0,2.2040813282411998e-15,2.608222684888193e-13,0.0,0.0,0.0,0.0,,,0.0,300.0,65.86187420729041,0.0,0.0
batched_greedy@30s+aware,5,300,2505,2025,0.8083832335329342,0.1916167664670658,0.111377245508982,0.0802395209580838,0.0,340.9836684144224,327.23128632402404,537.1989839735951,309.4075247991847,810.0,58.63160493827161,282.3520634761508,0.0388372065987505,0.1596019475233644,0.801560845877885,365,23.28219178082192,0.0914676712292855,0.2275000006920891,0.045177482968806,,,,2505,0.0,0.8083832335329342,0.0,0.0,1.0,19936.157756901102,0.0,3.0439299914661084e-15,2.670675751878549e-13,0.0,0.0,0.0,0.0,,,0.0,300.0,66.45385918967035,0.0,0.0
batched_greedy@30s+aware,0,350,2505,2191,0.8746506986027944,0.1253493013972056,0.0499001996007984,0.0754491017964071,0.0,297.64642726248474,283.0771417636861,504.66962850368327,276.47956625842687,876.4,37.34367868553172,260.30274857695304,0.0973582681654917,0.1443580715088923,0.758283660325616,363,16.00826446280992,0.0989818181701857,0.2253339989692903,0.0507222035606315,,,,2505,0.0,0.8746506986027944,0.0,0.0,1.0,21952.361904922105,0.0,8.68233929399237e-15,2.759968834438488e-13,0.0,0.0,0.0,0.0,,,0.0,350.0,62.72103401406316,0.0,0.0
batched_greedy@30s+aware,1,350,2505,2205,0.8802395209580839,0.1197604790419161,0.0463073852295409,0.0734530938123752,0.0,277.62543304411207,257.8009008030804,479.7619355479642,260.73158384211587,882.0,31.81315192743764,245.81228111667443,0.1068559423849817,0.1406097352426181,0.7525343223724001,362,15.207182320441987,0.1074969613206594,0.2432370010319572,0.0529490616621983,,,,2505,0.0,0.8802395209580839,0.0,0.0,1.0,21865.72695239577,0.0,3.280419523826676e-15,2.694519840307849e-13,0.0,0.0,0.0,0.0,,,0.0,350.0,62.47350557827362,0.0,0.0
batched_greedy@30s+aware,2,350,2505,2199,0.8778443113772455,0.1221556886227544,0.0542914171656686,0.0678642714570858,0.0,292.3369528359455,274.7313480330513,495.5012126883519,273.42461760202616,879.6,36.09777171441564,256.2391811215299,0.1058427003699783,0.1433105945323683,0.7508467050976534,364,16.13186813186813,0.1032351648003956,0.2708500000699132,0.0513513513513513,,,,2505,0.0,0.8778443113772455,0.0,0.0,1.0,21775.98926606066,0.0,2.515495769846467e-15,2.73260066487021e-13,0.0,0.0,0.0,0.0,,,0.0,350.0,62.21711218874474,0.0,0.0
batched_greedy@30s+aware,3,350,2505,2219,0.8858283433133732,0.1141716566866267,0.0439121756487025,0.0702594810379241,0.0,283.5882254984479,264.3989496112972,484.7946783677991,266.25908679480943,887.6,33.3609734114466,250.2272520870013,0.1008910821252583,0.1435244868083774,0.7555844310663642,366,15.081967213114757,0.1041385246368963,0.2532650000830472,0.0518741633199464,,,,2505,0.0,0.8858283433133732,0.0,0.0,1.0,22098.080731148315,0.0,7.310360819018967e-15,2.7111736319996363e-13,0.0,0.0,0.0,0.0,,,0.0,350.0,63.13737351756661,0.0,0.0
batched_greedy@30s+aware,4,350,2505,2218,0.8854291417165668,0.1145708582834331,0.0463073852295409,0.0682634730538922,0.0,288.97844105069026,274.9649305004468,492.936141101258,270.3434511453372,887.2,35.69296663660956,253.2854744140807,0.1019295110839954,0.1431235951115006,0.7549468938045039,364,15.703296703296704,0.1067538461968949,0.2464739995775744,0.0476029709655638,,,,2505,0.0,0.8854291417165668,0.0,0.0,1.0,22012.545451787457,0.0,7.217550873162785e-15,2.6877928797569063e-13,0.0,0.0,0.0,0.0,,,0.0,350.0,62.892987005107024,0.0,0.0
batched_greedy@30s+aware,5,350,2505,2239,0.893812375249501,0.106187624750499,0.042315369261477,0.0638722554890219,0.0,284.62589748269687,266.9987900274164,494.0049230667129,268.01881077228853,895.6,35.48637784725324,249.13951963544363,0.098151782909075,0.142452470152931,0.759395746937994,363,15.28099173553719,0.1049804407860695,0.234413999824028,0.0453781512605042,,,,2505,0.0,0.893812375249501,0.0,0.0,1.0,22223.02843993557,0.0,-2.941818294102782e-15,2.7442690073628697e-13,0.0,0.0,0.0,0.0,,,0.0,350.0,63.49436697124447,0.0,0.0
batched_greedy@30s+aware,0,400,2505,2343,0.9353293413173652,0.0646706586826347,0.0215568862275449,0.0431137724550898,0.0,239.2114053988068,217.4165761028171,438.5098750320454,230.1500114751388,937.2,22.611182244985063,216.6002231538217,0.177873774351766,0.1197092809585294,0.7024169446897045,361,11.20775623268698,0.1211221607160429,0.2618200003780656,0.0545039164490861,,,,2505,0.0,0.9353293413173652,0.0,0.0,1.0,23359.44183541863,0.0,8.328331148447184e-15,2.754475170264717e-13,0.0,0.0,0.0,0.0,,,0.0,400.0,58.398604588546576,0.0,0.0
batched_greedy@30s+aware,1,400,2505,2337,0.932934131736527,0.067065868263473,0.0219560878243512,0.0451097804391217,0.0,223.14969649302049,202.21269490146733,399.8242222925583,216.0238100692442,934.8,20.165169020111254,202.9845274729092,0.1897113726417453,0.1142064752320149,0.6960821521262396,360,11.202777777777778,0.1332602778297263,0.3091170003972369,0.0430748840291583,,,,2505,0.0,0.932934131736527,0.0,0.0,1.0,23188.7780339108,0.0,1.1026410137252774e-14,2.746553994554156e-13,0.0,0.0,0.0,0.0,,,0.0,400.0,57.971945084777,0.0,0.0
batched_greedy@30s+aware,2,400,2505,2358,0.9413173652694612,0.0586826347305389,0.0207584830339321,0.0379241516966067,0.0,228.29105177739575,207.69441999619264,420.5209121490794,222.05446994594047,943.2,21.60135708227311,206.68969469512265,0.1810425059651824,0.1168622651555995,0.702095228879218,360,11.38888888888889,0.1326419444416792,0.3114509994884429,0.0563885267275097,,,,2505,0.0,0.9413173652694612,0.0,0.0,1.0,23375.78286834546,0.0,2.6667952550792566e-16,2.7581593591854745e-13,0.0,0.0,0.0,0.0,,,0.0,400.0,58.43945717086365,0.0,0.0
batched_greedy@30s+aware,3,400,2505,2349,0.9377245508982036,0.0622754491017964,0.0207584830339321,0.0415169660678642,0.0,217.96655995257103,199.8984408852707,400.5609670382674,212.26978106437008,939.6,20.25287356321839,197.71368638935263,0.1886803699803968,0.1125172281742731,0.6988024018453299,360,11.213888888888889,0.1398297222244259,0.2653880000980281,0.0480263157894736,,,,2505,0.0,0.9377245508982036,0.0,0.0,1.0,23290.92181721219,0.0,-1.3020188966527804e-15,2.7180925312410416e-13,0.0,0.0,0.0,0.0,,,0.0,400.0,58.22730454303048,0.0,0.0
batched_greedy@30s+aware,4,400,2505,2334,0.9317365269461078,0.0682634730538922,0.0211576846307385,0.0471057884231536,0.0,230.4667566295938,209.178202656062,424.18808789428647,222.04357285233155,933.6,20.742073693230505,209.72468293636325,0.1870665455817392,0.1175643493106932,0.6953691051075674,360,11.358333333333333,0.1258302778145056,0.2829780005959039,0.0452593326726131,,,,2505,0.0,0.9317365269461078,0.0,0.0,1.0,23161.1407496799,0.0,4.431378619283616e-15,2.772490415863327e-13,0.0,0.0,0.0,0.0,,,0.0,400.0,57.90285187419976,0.0,0.0
batched_greedy@30s+aware,5,400,2505,2354,0.9397205588822356,0.0602794411177644,0.0195608782435129,0.0407185628742515,0.0,225.8686426130913,202.35683777231088,418.4633958057149,218.52963775901452,941.6,21.29354290569244,204.5750997073989,0.1823593396250262,0.1150127281512355,0.7026279322237382,361,10.950138504155124,0.1306102492794468,0.2886400005081667,0.0463510848126232,,,,2505,0.0,0.9397205588822356,0.0,0.0,1.0,23368.099790692264,0.0,2.217993559986061e-15,2.776966799624735e-13,0.0,0.0,0.0,0.0,,,0.0,400.0,58.42024947673066,0.0,0.0
batched_greedy@30s+aware,0,450,2505,2387,0.9528942115768464,0.0471057884231536,0.0163672654690618,0.0307385229540918,0.0,194.79533848513407,170.85402722836352,362.04565292469897,190.4706861625892,954.8,19.138248847926267,175.65708963720786,0.2694916941895036,0.0922200266674637,0.6382882791430327,360,10.213888888888889,0.153655555555411,0.2860090011927242,0.0480863591756624,,,,2505,0.0,0.9528942115768464,0.0,0.0,1.0,23758.5833466681,0.0,9.161967837568573e-15,2.727042629324684e-13,0.0,0.0,0.0,0.0,,,0.0,450.0,52.79685188148466,0.0,0.0
batched_greedy@30s+aware,1,450,2505,2387,0.9528942115768464,0.0471057884231536,0.0183632734530938,0.0287425149700598,0.0,191.5869242840904,167.28913357590545,355.5114552635006,189.19324084543288,954.8,18.585672392124007,173.00125189196638,0.2727024469538589,0.0910744043593458,0.6362231486867951,361,10.542936288088642,0.15332880890667,0.3147600000374949,0.0516339869281045,,,,2505,0.0,0.9528942115768464,0.0,0.0,1.0,23707.50608622164,0.0,8.202720260699313e-16,2.7096418485130894e-13,0.0,0.0,0.0,0.0,,,0.0,450.0,52.68334685827031,0.0,0.0
batched_greedy@30s+aware,2,450,2505,2393,0.9552894211576848,0.0447105788423153,0.0159680638722554,0.0287425149700598,0.0,193.9934834653732,167.4484043673192,364.2412576772709,191.0347233120804,957.2,18.939824488090263,175.0536589772829,0.2687187262827802,0.0918932715994189,0.6393880021178009,360,10.55,0.1598124999923634,0.3365490004580354,0.0558441558441558,,,,2505,0.0,0.9552894211576848,0.0,0.0,1.0,23813.767044347445,0.0,8.769509240060471e-15,2.7619992006470345e-13,0.0,0.0,0.0,0.0,,,0.0,450.0,52.9194823207721,0.0,0.0
batched_greedy@30s+aware,3,450,2505,2393,0.9552894211576848,0.0447105788423153,0.0151696606786427,0.0295409181636726,0.0,187.39020403206436,165.08429344978322,346.8132707543753,185.223515892744,957.2,18.700793982448808,168.68941004961553,0.2733996333247434,0.0899868768195454,0.6366134898557113,361,10.493074792243767,0.1537085872744045,0.305479999587987,0.0533506831489915,,,,2505,0.0,0.9552894211576848,0.0,0.0,1.0,23734.82338878004,0.0,9.072002099256294e-15,2.734752573906464e-13,0.0,0.0,0.0,0.0,,,0.0,450.0,52.74405197506676,0.0,0.0
batched_greedy@30s+aware,4,450,2505,2390,0.9540918163672656,0.0459081836327345,0.0151696606786427,0.0307385229540918,0.0,196.45877799463523,170.63908498757473,372.6532317479404,192.56909508693064,956.0,18.618410041841003,177.84036795279422,0.2714656212154399,0.0933823171193962,0.6351520616651639,360,10.386111111111113,0.1570802778031874,0.3167750006286953,0.0493786788750817,,,,2505,0.0,0.9540918163672656,0.0,0.0,1.0,23765.385702402706,0.0,1.9202120135700913e-14,2.749588562412831e-13,0.0,0.0,0.0,0.0,,,0.0,450.0,52.811968227561565,0.0,0.0
batched_greedy@30s+aware,5,450,2505,2408,0.9612774451097804,0.0387225548902195,0.012375249500998,0.0263473053892215,0.0,190.4486328374629,165.50946289146032,357.604407919686,186.98693930057323,963.2,18.42691029900332,172.02172253845956,0.2656098422870143,0.0918054687298023,0.6425846889831834,360,9.90277777777778,0.157101388913361,0.3102530002979625,0.0482556243886534,,,,2505,0.0,0.9612774451097804,0.0,0.0,1.0,23897.86236167812,0.0,-4.173479575958022e-16,2.743602687231197e-13,0.0,0.0,0.0,0.0,,,0.0,450.0,53.10636080372915,0.0,0.0
batched_greedy@30s+aware,0,500,2505,2424,0.9676646706586828,0.0323353293413173,0.0147704590818363,0.017564870259481,0.0,174.2323542831424,147.4935662391822,325.32191611400805,172.8326961926403,969.6,18.06518151815181,156.1671727649906,0.3382874434102176,0.0757130306755373,0.5859995259142451,360,9.894444444444444,0.1784794444221107,0.3457950002484724,0.0492659053833605,,,,2505,0.0,0.9676646706586828,0.0,0.0,1.0,24225.30136817226,0.0,2.4970857798087266e-15,2.7123261465927385e-13,0.0,0.0,0.0,0.0,,,0.0,500.0,48.450602736344514,0.0,0.0
batched_greedy@30s+aware,1,500,2505,2410,0.9620758483033932,0.0379241516966067,0.0147704590818363,0.0231536926147704,0.0,167.26277588433962,142.36011173300994,313.68734606194965,166.20833193684874,964.0,17.39045643153527,149.87231945280433,0.3476590974836852,0.0729289604088954,0.5794119421074193,361,9.988919667590029,0.1757240996215882,0.333820000014384,0.0449327648409314,,,,2505,0.0,0.9620758483033932,0.0,0.0,1.0,23970.679324141114,0.0,-5.253151532948376e-15,2.6732622570167653e-13,0.0,0.0,0.0,0.0,,,0.0,500.0,47.94135864828223,0.0,0.0
batched_greedy@30s+aware,2,500,2505,2424,0.9676646706586828,0.0323353293413173,0.0151696606786427,0.0171656686626746,0.0,171.1888466531847,145.45316514783826,319.65928877256545,170.5791893939521,969.6,18.091996699669966,153.09684995351472,0.3418301291131601,0.074623550719502,0.5835463201673379,360,10.191666666666666,0.1761516666091564,0.3499319996990381,0.0527000650618087,,,,2505,0.0,0.9676646706586828,0.0,0.0,1.0,24153.882705318763,0.0,-8.211253459356356e-16,2.764422354395117e-13,0.0,0.0,0.0,0.0,,,0.0,500.0,48.30776541063753,0.0,0.0
batched_greedy@30s+aware,3,500,2505,2418,0.9652694610778444,0.0347305389221556,0.0135728542914171,0.0211576846307385,0.0,169.82113839788798,144.44740404556478,321.9517399811997,169.1297053225294,967.2,18.11373035566584,151.70740804222214,0.3449727229642243,0.0739378326807345,0.5810894443550412,360,10.188888888888888,0.1751011111233917,0.3312300000288818,0.0526315789473684,,,,2505,0.0,0.9652694610778444,0.0,0.0,1.0,24068.33147669792,0.0,-2.3256830704430702e-15,2.73922048539712e-13,0.0,0.0,0.0,0.0,,,0.0,500.0,48.13666295339584,0.0,0.0
batched_greedy@30s+aware,4,500,2505,2406,0.9604790419161676,0.0395209580838323,0.0135728542914171,0.0259481037924151,0.0,179.05371630182103,154.15924266931847,348.0162217934876,176.48191038092432,962.4,18.241895261845382,160.81182103997563,0.3455275915342207,0.0770069667867068,0.5774654416790724,361,10.11634349030471,0.1649351801098517,0.3201600000465981,0.0536236594085147,,,,2505,0.0,0.9604790419161676,0.0,0.0,1.0,23977.62757950028,0.0,5.2365980767481815e-15,2.776116826029161e-13,0.0,0.0,0.0,0.0,,,0.0,500.0,47.955255159000565,0.0,0.0
batched_greedy@30s+aware,5,500,2505,2428,0.969261477045908,0.0307385229540918,0.0107784431137724,0.0199600798403193,0.0,172.8124680530443,145.7959973082036,335.0293193324135,170.9814797081621,971.2,17.644151565074136,155.16831648797017,0.340193996651211,0.0761219764135307,0.5836840269352582,361,9.642659279778393,0.1707301938864309,0.3086999997321981,0.0466405740378343,,,,2505,0.0,0.969261477045908,0.0,0.0,1.0,24123.17139871093,0.0,9.334469861901954e-15,2.7277448101844296e-13,0.0,0.0,0.0,0.0,,,0.0,500.0,48.24634279742185,0.0,0.0
optimal@30s+aware,0,300,2505,2005,0.8003992015968064,0.1996007984031936,0.1201596806387225,0.079441117764471,0.0,352.1599310469693,339.4504250084756,546.5530104371663,317.38183667817333,802.0,63.42992518703242,288.73000585993685,0.0361324279442061,0.1606115703346939,0.8032560017210999,368,24.160326086956523,0.1853459238754626,0.2647149994118078,0.0450612833453496,41.60520371732216,0.0023598548286717,0.2717391304347826,2505,0.0,0.8003992015968064,0.0,0.0,1.0,19883.03466668103,0.0,3.6802924243733865e-15,2.8118887102370593e-13,0.0,0.0,0.0,0.0,,,0.0,300.0,66.27678222227009,0.0,0.0
optimal@30s+aware,1,300,2505,2001,0.7988023952095809,0.2011976047904191,0.1201596806387225,0.0810379241516966,0.0,349.40831736591696,337.6799498644941,537.6948626323137,317.0770331311089,800.4,59.091454272863565,290.3168630930534,0.0406554907970039,0.1634800951942493,0.7958644140087466,365,24.375342465753423,0.1827200000325444,0.258915999220335,0.0435255712731229,37.40992933142625,0.0020981467630765,0.2794520547945205,2505,0.0,0.7988023952095809,0.0,0.0,1.0,19761.61865114553,0.0,7.860889461713751e-15,2.7112389739033977e-13,0.0,0.0,0.0,0.0,,,0.0,300.0,65.87206217048511,0.0,0.0
optimal@30s+aware,2,300,2505,1966,0.7848303393213573,0.2151696606786427,0.1473053892215569,0.0678642714570858,0.0,351.820120446164,336.8147430251829,550.5747147062807,318.74427685799003,786.4,68.30671414038657,283.51340630577744,0.0537857165126415,0.153907979631017,0.7923063038563415,369,26.51761517615176,0.1799341463406575,0.2804040003684349,0.0519719867305565,34.89163931850541,0.0017680449681983,0.2655826558265582,2505,0.0,0.7848303393213573,0.0,0.0,1.0,19640.71300458552,0.0,1.6566379781487076e-14,2.707372022964041e-13,0.0,0.0,0.0,0.0,,,0.0,300.0,65.4690433486184,0.0,0.0
optimal@30s+aware,3,300,2505,2008,0.8015968063872255,0.1984031936127744,0.1241516966067864,0.074251497005988,0.0,348.4206135123701,336.3018571654516,547.088764219362,316.6489329565889,803.2,63.3894422310757,285.0311712812944,0.0474947906988905,0.1600222725148185,0.7924829367862909,365,25.068493150684933,0.1803257533613024,0.2675160002399934,0.0530685920577617,42.14257536957976,0.0022956521708429,0.273972602739726,2505,0.0,0.8015968063872255,0.0,0.0,1.0,19847.96013130834,0.0,4.26219484672829e-15,2.72037372707993e-13,0.0,0.0,0.0,0.0,,,0.0,300.0,66.15986710436114,0.0,0.0
optimal@30s+aware,4,300,2505,1988,0.7936127744510978,0.2063872255489022,0.1221556886227544,0.0842315369261477,0.0,347.1025174867392,333.3242148921188,537.9547444123509,311.8737963274938,795.2,60.72786720321932,286.3746502835199,0.0472241486137312,0.158442896901904,0.7943329544843647,367,24.12534059945504,0.1867013624170636,0.2547040003628353,0.0552962298025134,45.45371031455246,0.0025849586116765,0.2806539509536784,2505,0.0,0.7936127744510978,0.0,0.0,1.0,19781.12758712941,0.0,-2.532291389768768e-15,2.710516809882839e-13,0.0,0.0,0.0,0.0,,,0.0,300.0,65.93709195709803,0.0,0.0
optimal@30s+aware,5,300,2505,2022,0.807185628742515,0.192814371257485,0.1117764471057884,0.0810379241516966,0.0,344.0228879352199,331.9877973972639,543.4387638389852,312.07806654164114,808.8,60.08555885262117,283.9373290825987,0.0394626982690839,0.1602496347286814,0.8002876670022346,365,23.638356164383563,0.179227123231139,0.2477600006386637,0.0479084733643189,44.37596491980327,0.0026045085610708,0.3123287671232876,2505,0.0,0.807185628742515,0.0,0.0,1.0,19936.631660186373,0.0,-3.202186290610244e-15,2.7687007538816263e-13,0.0,0.0,0.0,0.0,,,0.0,300.0,66.45543886728791,0.0,0.0
optimal@30s+aware,0,350,2505,2209,0.8818363273453094,0.1181636726546906,0.0483033932135728,0.0698602794411177,0.0,295.1817423493831,280.28537645485267,491.8596155987867,274.956419421836,883.6,35.56722498868266,259.61451736070046,0.0952023246661896,0.1454484857787536,0.7593491895550566,366,15.202185792349727,0.1757139345172021,0.2642049998939912,0.0500167841557569,45.30219147027098,0.0050970996155984,0.3169398907103825,2505,0.0,0.8818363273453094,0.0,0.0,1.0,22026.657543991278,0.0,6.0415432025414576e-15,2.736160475798149e-13,0.0,0.0,0.0,0.0,,,0.0,350.0,62.93330726854649,0.0,0.0
optimal@30s+aware,1,350,2505,2214,0.8838323353293414,0.1161676646706586,0.0395209580838323,0.0766467065868263,0.0,281.1080169719047,261.06448879858635,480.7515209496122,263.34165815980487,885.6,29.77371273712737,251.3343042347773,0.0973240216958738,0.1451026358353817,0.7575733424687444,361,14.565096952908588,0.1745343490402469,0.2519800000300165,0.0466442953020134,46.20811103025325,0.0056484926150531,0.371191135734072,2505,0.0,0.8838323353293414,0.0,0.0,1.0,22095.731907832094,0.0,1.34630839047589e-15,2.761312206692272e-13,0.0,0.0,0.0,0.0,,,0.0,350.0,63.130662593806,0.0,0.0
optimal@30s+aware,2,350,2505,2201,0.8786427145708583,0.1213572854291417,0.0558882235528942,0.0654690618762475,0.0,295.67565650920784,282.0969490798343,486.4049467795994,277.2430587992075,880.4,34.921853702862336,260.7538028063455,0.1017236309401428,0.1459788549141162,0.7522975141457409,366,15.931693989071038,0.1810896174390253,0.2660349995494472,0.0497967479674796,48.04985403215795,0.0050268043275228,0.3005464480874317,2505,0.0,0.8786427145708583,0.0,0.0,1.0,21838.77406234585,0.0,1.1211789737822936e-14,2.708116935305561e-13,0.0,0.0,0.0,0.0,,,0.0,350.0,62.39649732098814,0.0,0.0
optimal@30s+aware,3,350,2505,2216,0.884630738522954,0.1153692614770459,0.0403193612774451,0.0750499001996008,0.0,286.6877001024999,266.9572078830056,489.1824327318273,267.0247430819438,886.4,31.498646209386283,255.1890538931136,0.0990440613314852,0.1461523378709215,0.7548036007975932,363,14.40771349862259,0.1793391184137538,0.2582900001652888,0.0545394080478882,43.939222208915936,0.0054401139750054,0.3415977961432507,2505,0.0,0.884630738522954,0.0,0.0,1.0,22080.846855915577,0.0,8.796814059376511e-15,2.779196848589461e-13,0.0,0.0,0.0,0.0,,,0.0,350.0,63.0881338740445,0.0,0.0
optimal@30s+aware,4,350,2505,2217,0.8850299401197604,0.1149700598802395,0.0439121756487025,0.0710578842315369,0.0,295.43789047681435,290.2082305255672,491.5262749552588,275.2067293527372,886.8,35.46459179070816,259.9732986861062,0.1008069570420503,0.1468514806442403,0.7523415623137093,365,15.435616438356163,0.1820758904028629,0.2589520007313696,0.054515050167224,42.86086978627458,0.0047018028214364,0.3178082191780822,2505,0.0,0.8850299401197604,0.0,0.0,1.0,21982.01362342352,0.0,8.886591658000983e-15,2.783047185178721e-13,0.0,0.0,0.0,0.0,,,0.0,350.0,62.805753209781486,0.0,0.0
optimal@30s+aware,5,350,2505,2229,0.8898203592814371,0.1101796407185628,0.0403193612774451,0.0698602794411177,0.0,287.0371587042122,272.7683663779753,480.9508556255954,267.56923004988425,891.6,33.06191117092867,253.97524753328352,0.0940335723200049,0.1461653598161799,0.7598010678638151,361,14.493074792243767,0.1780509695200632,0.2544000009947921,0.044018817204301,39.82833980936359,0.0049044707752814,0.3102493074792243,2505,0.0,0.8898203592814371,0.0,0.0,1.0,22065.88029982337,0.0,8.954304821669454e-15,2.722280802654859e-13,0.0,0.0,0.0,0.0,,,0.0,350.0,63.045372285209616,0.0,0.0
optimal@30s+aware,0,400,2505,2339,0.9337325349301396,0.0662674650698602,0.0191616766467065,0.0471057884231536,0.0,235.15657416471416,215.59938351436767,415.65093918585126,225.86459487241865,935.6,21.05814450619923,214.0984296585149,0.1763984622120192,0.1190180215167206,0.7045835162712601,360,10.883333333333333,0.1814483333115883,0.2435059997515056,0.0553205336804425,40.146702783346925,0.0095504424116089,0.2666666666666666,2505,0.0,0.9337325349301396,0.0,0.0,1.0,23405.583726469595,0.0,8.278020328970813e-17,2.7499051916856613e-13,0.0,0.0,0.0,0.0,,,0.0,400.0,58.51395931617399,0.0,0.0
optimal@30s+aware,1,400,2505,2342,0.9349301397205588,0.0650698602794411,0.0211576846307385,0.0439121756487025,0.0,225.6531763553932,207.41775285164545,399.2305628860576,218.7042084851865,936.8,20.21861656703672,205.43455978835647,0.1846665343850047,0.1159640140277587,0.6993694515872365,361,11.171745152354571,0.1835975069355947,0.2814800001942784,0.0449438202247191,35.45173518284405,0.0079405377703009,0.2770083102493075,2505,0.0,0.9349301397205588,0.0,0.0,1.0,23254.48075945015,0.0,4.243687667141076e-16,2.759326119904836e-13,0.0,0.0,0.0,0.0,,,0.0,400.0,58.13620189862537,0.0,0.0
optimal@30s+aware,2,400,2505,2341,0.9345309381237524,0.0654690618762475,0.0219560878243512,0.0435129740518962,0.0,230.79185068841463,206.7628669120977,422.120663519021,223.3424682509822,936.4,21.6719350704827,209.11991561793195,0.1837031839794832,0.1164406366775304,0.6998561793429863,360,11.480555555555556,0.1799597222391943,0.2660339998874407,0.0592062459336369,30.104628929702187,0.0064122164325984,0.2638888888888889,2505,0.0,0.9345309381237524,0.0,0.0,1.0,23267.50329640411,0.0,4.190107845864239e-15,2.8085256366503934e-13,0.0,0.0,0.0,0.0,,,0.0,400.00000000000006,58.16875824101027,0.0,0.0
optimal@30s+aware,3,400,2505,2350,0.93812375249501,0.06187624750499,0.0183632734530938,0.0435129740518962,0.0,220.43672145154585,202.2054564146681,397.4681961705354,214.28597512073935,940.0,19.57191489361702,200.86480655792883,0.1856192604165218,0.1146277198215677,0.6997530197619105,360,10.955555555555556,0.182091111128102,0.2564300002086384,0.0525800130633572,29.399128723211707,0.0070576440241608,0.2472222222222222,2505,0.0,0.93812375249501,0.0,0.0,1.0,23313.376065717785,0.0,1.4961837915178237e-14,2.7257968931638624e-13,0.0,0.0,0.0,0.0,,,0.0,400.0,58.28344016429445,0.0,0.0
optimal@30s+aware,4,400,2505,2328,0.9293413173652696,0.0706586826347305,0.0183632734530938,0.0522954091816367,0.0,233.89723422865427,215.62714265126192,420.5734062784167,223.9030452116466,931.2,20.70189003436426,213.19534419429,0.1869943829258096,0.118027417786831,0.6949781992873593,360,11.15277777777778,0.1855216666727857,0.2549330002329953,0.0489166119500984,40.57166556229867,0.0088991571965639,0.2972222222222222,2505,0.0,0.9293413173652696,0.0,0.0,1.0,23133.61407031239,0.0,-9.026380254160336e-15,2.794026941845401e-13,0.0,0.0,0.0,0.0,,,0.0,400.0,57.83403517578097,0.0,0.0
optimal@30s+aware,5,400,2505,2373,0.9473053892215568,0.0526946107784431,0.0159680638722554,0.0367265469061876,0.0,226.5003004384931,206.659501575798,407.9672264505349,219.7117302015708,949.2,20.513274336283185,205.98702610221,0.1711630296311523,0.1177888706637579,0.7110480997050896,360,10.577777777777778,0.1843238889553807,0.2639669996824525,0.0483976455199476,28.82806115293976,0.0074726075971724,0.25,2505,0.0,0.9473053892215568,0.0,0.0,1.0,23613.50404063312,0.0,-2.604462508842529e-15,2.7162221528502657e-13,0.0,0.0,0.0,0.0,,,0.0,400.0,59.0337601015828,0.0,0.0
optimal@30s+aware,0,450,2505,2394,0.9556886227544912,0.0443113772455089,0.0151696606786427,0.0291417165668662,0.0,200.39690502948764,177.38447262565342,367.5858301690833,196.16610575564383,957.6,18.518796992481203,181.87810803700643,0.263698033285035,0.0946908451823038,0.6416111215326611,361,10.01662049861496,0.1897238227452501,0.2612199998111463,0.0452310717797443,26.760968499093018,0.0086084630725668,0.260387811634349,2505,0.0,0.9556886227544912,0.0,0.0,1.0,23896.839639977552,0.0,1.5809872672139154e-14,2.744211615581077e-13,0.0,0.0,0.0,0.0,,,0.0,450.0,53.104088088839006,0.0,0.0
optimal@30s+aware,1,450,2505,2383,0.9512974051896208,0.0487025948103792,0.0179640718562874,0.0307385229540918,0.0,187.37500633559677,166.56652678556384,340.66886977337674,184.86266309639825,953.2,18.271926143516577,169.10308019208014,0.2743978245870784,0.089397950865863,0.6362042245470585,361,10.46814404432133,0.1864772853333908,0.258879999819328,0.053163731245923,15.731927298762717,0.0046890344833023,0.1994459833795014,2505,0.0,0.9512974051896208,0.0,0.0,1.0,23695.503387392568,0.0,-7.72357419313296e-15,2.743787385945922e-13,0.0,0.0,0.0,0.0,,,0.0,450.0,52.656674194205706,0.0,0.0
optimal@30s+aware,2,450,2505,2397,0.9568862275449102,0.0431137724550898,0.0163672654690618,0.0267465069860279,0.0,191.21623987755572,169.8239534270433,347.70043237487937,188.69319216534527,958.8,18.810179390905297,172.40606048665043,0.2692717974383637,0.0914010452165653,0.639327157345071,361,10.49584487534626,0.1913617728799652,0.2711800003453389,0.0613496932515337,24.511324228920373,0.0073388759910045,0.2437673130193905,2505,0.0,0.9568862275449102,0.0,0.0,1.0,23825.13529644284,0.0,2.849989284573848e-15,2.7459923733660323e-13,0.0,0.0,0.0,0.0,,,0.0,450.0,52.9447451032063,0.0,0.0
optimal@30s+aware,3,450,2505,2400,0.9580838323353292,0.0419161676646706,0.0163672654690618,0.0255489021956087,0.0,189.72260916797364,168.11456285325653,350.8098986076285,187.96806565924672,960.0,18.984166666666667,170.73844250130696,0.2697027125056934,0.0905458164563576,0.6397514710379489,360,10.588888888888889,0.187818055509423,0.2580919998945319,0.0549414824447334,23.64701972622616,0.006865051734545,0.2138888888888888,2505,0.0,0.9580838323353292,0.0,0.0,1.0,23860.040565189436,0.0,-7.947346484608412e-16,2.6929440159288255e-13,0.0,0.0,0.0,0.0,,,0.0,450.0,53.02231236708762,0.0,0.0
optimal@30s+aware,4,450,2505,2389,0.9536926147704592,0.0463073852295409,0.0135728542914171,0.0327345309381237,0.0,198.37842526764211,175.37867310575166,368.84571963099984,194.02284836891752,955.6,18.79028882377564,179.5881364438665,0.2708209670293204,0.0939619333069229,0.6352170996637566,360,10.355555555555556,0.1881002778039449,0.2489819997390441,0.0521002930641484,24.13631882592371,0.0071525136152478,0.25,2505,0.0,0.9536926147704592,0.0,0.0,1.0,23723.03365532088,0.0,9.259139197418006e-15,2.794482937224187e-13,0.0,0.0,0.0,0.0,,,0.0,450.0,52.71785256737972,0.0,0.0
optimal@30s+aware,5,450,2505,2418,0.9652694610778444,0.0347305389221556,0.0119760479041916,0.022754491017964,0.0,188.84980305470475,165.50529696154172,352.6945902851895,185.90691112816768,967.2,18.47146401985112,170.37833903485364,0.264233255563069,0.0907579850157749,0.645008759421156,361,9.833795013850416,0.1874504154899149,0.2610999999888008,0.053177691309987,18.520934414853585,0.006732096335376,0.2022160664819944,2505,0.0,0.9652694610778444,0.0,0.0,1.0,24014.241256075627,0.0,-9.513022664434943e-15,2.699318574010841e-13,0.0,0.0,0.0,0.0,,,0.0,450.0,53.36498056905695,0.0,0.0
optimal@30s+aware,0,500,2505,2420,0.9660678642714572,0.0339321357285429,0.0139720558882235,0.0199600798403193,0.0,173.62255075133098,149.4576812354776,327.90666840129376,171.8182050756553,968.0,18.147520661157024,155.47503009017393,0.3408781270516722,0.0756015917013243,0.5835202812470034,361,9.850415512465371,0.1921185595767428,0.2977599993755574,0.052939265995453,16.76383184659281,0.006427529035657,0.1939058171745152,2505,0.0,0.9660678642714572,0.0,0.0,1.0,24123.00552262668,0.0,4.498146575142452e-15,2.746710113716433e-13,0.0,0.0,0.0,0.0,,,0.0,500.0,48.24601104525336,0.0,0.0
optimal@30s+aware,1,500,2505,2421,0.9664670658682636,0.0335329341317365,0.0135728542914171,0.0199600798403193,0.0,169.47521770888247,147.55161829258032,313.38614238171067,168.30565349110975,968.4,17.63775299463032,151.83746471425215,0.3436889323433804,0.0743770643549737,0.5819340033016458,361,9.889196675900276,0.1862742381923866,0.2678400000149848,0.0448885976408912,14.271957452724166,0.0053587591935528,0.1717451523545706,2505,0.0,0.9664670658682636,0.0,0.0,1.0,24104.24079349432,0.0,-8.86600903299997e-15,2.706016603138167e-13,0.0,0.0,0.0,0.0,,,0.0,500.0,48.20848158698864,0.0,0.0
optimal@30s+aware,2,500,2505,2420,0.9660678642714572,0.0339321357285429,0.0131736526946107,0.0207584830339321,0.0,171.33974781964528,147.80272630764603,317.29733060397484,170.21607170487945,968.0,17.926446280991737,153.41330153865354,0.3440617160103361,0.0745159858639965,0.5814222981256674,360,10.09722222222222,0.1928455555167197,0.2662000006239395,0.0547634478289047,18.16981504521826,0.0065333110593812,0.1555555555555555,2505,0.0,0.9660678642714572,0.0,0.0,1.0,24019.1147182776,0.0,-3.238548089022275e-15,2.768936595161491e-13,0.0,0.0,0.0,0.0,,,0.0,500.0,48.03822943655519,0.0,0.0
optimal@30s+aware,3,500,2505,2424,0.9676646706586828,0.0323353293413173,0.0135728542914171,0.0187624750499002,0.0,169.7300134568829,145.0157371703699,312.5634141784012,169.28637238712548,969.6,18.004950495049506,151.7250629618334,0.3438302960200844,0.0742309794713452,0.5819387245085703,361,10.110803324099724,0.1852426592555587,0.256939999962924,0.0498533724340175,16.232226031748613,0.0057339632421322,0.2049861495844875,2505,0.0,0.9676646706586828,0.0,0.0,1.0,24092.152328191303,0.0,-5.195513986030498e-15,2.746862143683842e-13,0.0,0.0,0.0,0.0,,,0.0,500.0,48.1843046563826,0.0,0.0
optimal@30s+aware,4,500,2505,2406,0.9604790419161676,0.0395209580838323,0.0139720558882235,0.0255489021956087,0.0,179.8005552906661,156.63782532127857,349.33087299215254,176.9221199499492,962.4,17.97963424771405,161.82092104295205,0.3461109434070775,0.0773389931480362,0.5765500634448862,361,9.994459833795014,0.1991861495764592,0.2737000002525745,0.0483818241255312,22.58318341006105,0.0078540683758997,0.1883656509695291,2505,0.0,0.9604790419161676,0.0,0.0,1.0,23938.960254576374,0.0,1.0685089093192072e-15,2.786279565802372e-13,0.0,0.0,0.0,0.0,,,0.0,500.0,47.87792050915275,0.0,0.0
optimal@30s+aware,5,500,2505,2438,0.973253493013972,0.0267465069860279,0.0095808383233532,0.0171656686626746,0.0,171.0881897465884,145.76104808742048,324.30942419187073,169.64196605087614,975.2,17.62797374897457,153.46021599761383,0.3371955427289543,0.0757879792020781,0.5870164780689675,361,9.578947368421051,0.1921698061365265,0.2705200000491457,0.0472158905893845,15.261169430309108,0.0064616400065696,0.1911357340720221,2505,0.0,0.973253493013972,0.0,0.0,1.0,24239.91663986081,0.0,1.2507541261014992e-14,2.716552714250861e-13,0.0,0.0,0.0,0.0,,,0.0,500.0,48.47983327972163,0.0,0.0
