arm,seed,drivers.num_drivers,requests,completed,completion_rate,cancel_rate,cancel_no_match_rate,cancel_eta_rate,cancel_late_rate,wait_mean_s,wait_p50_s,wait_p90_s,wait_all_mean_s,completed_per_hour,time_to_match_mean_s,pickup_mean_s,driver_idle_frac,driver_enroute_frac,driver_ontrip_frac,batches,batch_riders_mean,solve_ms_mean,solve_ms_p99,decline_rate,shadow_gap_s_per_batch,shadow_gap_frac,shadow_worse_batches_frac,app_opens,priced_out_rate,served_rate,retried_rate,surged_trip_frac,mean_multiplier_paid,revenue_per_hour,surge_revenue_per_hour,eta_error_mean_s,eta_abs_error_mean_s,eta_late_2min_frac,moves_per_driver_hour,chase_moves_per_hour,reposition_km_per_hour,moves_dispatched_frac,move_planned_mean_s,driver_reposition_frac,drivers_online_mean,earnings_per_online_hour,reserve_logons,reserve_logoffs
immediate_greedy,0,300,2097,1784,0.8507391511683358,0.1492608488316643,0.0023843586075345,0.1468764902241297,0.0,278.0992639731001,255.6436133613788,490.72334554437657,237.6211471650315,713.6,0.7996430003564744,277.2996209727436,0.1135340881630524,0.16051787596631,0.7259480358706375,2426,1.4863973619126134,0.0255376751960305,0.0639999998384155,0.0525722868944799,,,,2097,0.0,0.8507391511683358,0.0,0.0,1.0,17770.50931163013,0.0,8.194740352165954e-16,2.7353605180614413e-13,0.0,0.0,0.0,0.0,,,0.0,300.0,59.2350310387671,0.0,0.0
immediate_greedy,1,300,2097,1805,0.8607534573199809,0.139246542680019,0.0057224606580829,0.1335240820219361,0.0,280.7643930773555,256.6150618392003,491.326416014771,243.49302678845683,722.0,0.9073285338637956,279.85706454349173,0.100619986993227,0.1638347571162669,0.735545255890506,2550,1.6372549019607845,0.0274630196287819,0.067299999500392,0.0541353383458646,,,,2097,0.0,0.8607534573199809,0.0,0.0,1.0,17968.979467904974,0.0,-1.3534264506289166e-14,2.773158741731292e-13,0.0,0.0,0.0,0.0,,,0.0,300.0,59.89659822634991,0.0,0.0
immediate_greedy,2,300,2097,1825,0.8702908917501192,0.1297091082498807,0.0042918454935622,0.1254172627563185,0.0,264.222669518086,241.00864856125145,461.46150572888325,232.56767689420985,730.0,0.8163257556575034,263.40634376242843,0.1007444323610297,0.1568658883342372,0.742389679304733,2644,1.8086232980332828,0.0317473524819365,0.0814710008671682,0.0458333333333333,,,,2097,0.0,0.8702908917501192,0.0,0.0,1.0,18207.284464643035,0.0,4.856024258502931e-15,2.70190202023165e-13,0.0,0.0,0.0,0.0,,,0.0,300.0,60.69094821547678,0.0,0.0
immediate_greedy,3,300,2097,1791,0.8540772532188842,0.1459227467811159,0.005245588936576,0.1406771578445398,0.0,281.09271015256206,261.92928974050665,472.5558291132256,242.93800138328825,716.4,1.2301736422511846,279.8625365103109,0.1000114303176446,0.1598449649170848,0.7401436047652705,2651,1.861561674839683,0.0290085250634043,0.0920500006031943,0.0473126419379258,,,,2097,0.0,0.8540772532188842,0.0,0.0,1.0,17926.418677688638,0.0,-9.768474880654981e-15,2.747640194652217e-13,0.0,0.0,0.0,0.0,,,0.0,300.0,59.75472892562879,0.0,0.0
immediate_greedy,4,300,2097,1795,0.8559847401049118,0.1440152598950882,0.0014306151645207,0.1425846447305674,0.0,276.8726011787457,250.1368973007866,475.98351689947526,238.1869749945567,718.0,1.130835333208316,275.7417658455374,0.0997709123783806,0.160914192687731,0.7393148949338884,2542,1.5342250196695515,0.0275523603535766,0.062459000837407,0.0496987951807228,,,,2097,0.0,0.8559847401049118,0.0,0.0,1.0,18041.07963010365,0.0,5.833773575634806e-15,2.775441281936914e-13,0.0,0.0,0.0,0.0,,,0.0,300.0,60.1369321003455,0.0,0.0
immediate_greedy,5,300,2097,1802,0.8593228421554602,0.1406771578445398,0.0009537434430138,0.139723414401526,0.0,277.9182203653799,250.92211013226503,486.8370868649248,239.77964496252628,720.8,0.8512529578966553,277.0669674074832,0.0986184026436392,0.1610791370509469,0.7403024603054138,2504,1.4588658146964857,0.0268903753925124,0.0677489996633081,0.0571321882001493,,,,2097,0.0,0.8593228421554602,0.0,0.0,1.0,17979.05027351187,0.0,1.089275420386946e-15,2.690845450023568e-13,0.0,0.0,0.0,0.0,,,0.0,300.0,59.93016757837291,0.0,0.0
immediate_greedy,0,350,2097,1949,0.9294229852169766,0.0705770147830233,0.0019074868860276,0.0686695278969957,0.0,228.6831849706331,208.11913029514653,410.7492236175196,213.2080921195131,779.6,0.3183688696980106,228.36481610093512,0.1971126238708024,0.1259672403713783,0.6769201357578194,2421,1.3159851301115242,0.0241793060951948,0.0549800002772826,0.0521967705595193,,,,2097,0.0,0.9294229852169766,0.0,0.0,1.0,19384.61892085944,0.0,9.908042689132951e-15,2.7691753456737693e-13,0.0,0.0,0.0,0.0,,,0.0,350.0,55.38462548816982,0.0,0.0
immediate_greedy,1,350,2097,1955,0.932284215546018,0.0677157844539818,0.0047687172150691,0.0629470672389127,0.0,217.02053802540047,192.7230038668058,398.3825062860464,203.958354415832,782.0,0.4724561605247067,216.54808186487577,0.1934985021590689,0.1216443264197985,0.6848571714211324,2560,1.569921875,0.0330844140606245,0.0937049989806836,0.0505279034690799,,,,2097,0.0,0.932284215546018,0.0,0.0,1.0,19514.377017679064,0.0,-4.758909946986605e-15,2.7436626429158085e-13,0.0,0.0,0.0,0.0,,,0.0,350.0,55.75536290765447,0.0,0.0
immediate_greedy,2,350,2097,1955,0.932284215546018,0.0677157844539818,0.005245588936576,0.0624701955174058,0.0,213.70979576350376,188.172695847481,396.4985912407293,201.2767587609286,782.0,0.564907613040597,213.1448881504632,0.199450383924146,0.1199555769285188,0.6805940391473351,2666,1.615153788447112,0.0422717554492107,0.0935800006118369,0.0473126419379258,,,,2097,0.0,0.932284215546018,0.0,0.0,1.0,19477.597409600265,0.0,-1.3379465197017232e-15,2.760190484812837e-13,0.0,0.0,0.0,0.0,,,0.0,350.0,55.65027831314361,0.0,0.0
immediate_greedy,3,350,2097,1946,0.927992370052456,0.0720076299475441,0.0019074868860276,0.0701001430615164,0.0,221.42010447521943,202.03908842211692,398.1151735454714,206.4038969084338,778.4,0.6127140913120445,220.8073903839074,0.1950736935796464,0.1220912074174591,0.6828350990028944,2545,1.4172888015717091,0.0404646365117057,0.0801119996322086,0.0550355672032946,,,,2097,0.0,0.927992370052456,0.0,0.0,1.0,19436.94994660954,0.0,-8.799629975240708e-16,2.784316114427252e-13,0.0,0.0,0.0,0.0,,,0.0,350.0,55.534142704598686,0.0,0.0
immediate_greedy,4,350,2097,1953,0.9313304721030042,0.0686695278969957,0.0014306151645207,0.0672389127324749,0.0,212.48423643523284,190.50142162259,377.1063410783645,198.64822111972552,781.2,0.4778634066718131,212.006373028561,0.1986871457018231,0.1192093072514369,0.6821035470467399,2531,1.345713156854998,0.0392160410868095,0.0745900002584675,0.0475292342512259,,,,2097,0.0,0.9313304721030042,0.0,0.0,1.0,19475.49998516585,0.0,1.9651800241721362e-14,2.738591057289812e-13,0.0,0.0,0.0,0.0,,,0.0,350.0,55.64428567190244,0.0,0.0
immediate_greedy,5,350,2097,1953,0.9313304721030042,0.0686695278969957,0.0009537434430138,0.0677157844539818,0.0,218.32455239767535,199.0427663003611,387.3346837726123,203.72093781655732,781.2,0.4057457102929707,217.9188066873824,0.1961079481076414,0.1222032793874443,0.6816887725049142,2420,1.2793388429752066,0.0383689256102288,0.0735429986161761,0.0464326160815402,,,,2097,0.0,0.9313304721030042,0.0,0.0,1.0,19380.92575902169,0.0,4.043872251906561e-15,2.68145294328514e-13,0.0,0.0,0.0,0.0,,,0.0,350.0,55.37407359720484,0.0,0.0
immediate_greedy,0,400,2097,2018,0.9623271340009536,0.0376728659990462,0.0004768717215069,0.0371959942775393,0.0,193.62665925169776,171.34275241069372,359.73449762178586,186.61368432479185,807.2,0.20054568911067,193.4261135625871,0.2860030112290421,0.0994411904817736,0.6145557982891842,2374,1.2287278854254422,0.0385161331146375,0.0729399998272128,0.054620276842499,,,,2097,0.0,0.9623271340009536,0.0,0.0,1.0,20048.992211531546,0.0,4.318536498561758e-15,2.720924465806015e-13,0.0,0.0,0.0,0.0,,,0.0,400.0,50.12248052882885,0.0,0.0
immediate_greedy,1,400,2097,2002,0.9546971864568432,0.0453028135431568,0.005245588936576,0.0400572246065808,0.0,188.5044373052128,163.42439150102336,356.94176697703136,181.6013192933113,800.8,0.3775822226154998,188.12685508259727,0.2893696873659097,0.096318496859452,0.6143118157746383,2623,1.5268776210446051,0.0426673656271537,0.0963560006493935,0.0498301245753114,,,,2097,0.0,0.9546971864568432,0.0,0.0,1.0,19903.53822974097,0.0,2.7599190554218176e-15,2.725141679637456e-13,0.0,0.0,0.0,0.0,,,0.0,400.0,49.75884557435243,0.0,0.0
immediate_greedy,2,400,2097,1997,0.9523128278493084,0.0476871721506914,0.0047687172150691,0.0429184549356223,0.0,178.27564771649062,153.594006007982,343.582970028241,171.65801292356988,798.8,0.6100000176824454,177.6656476988082,0.3027651529198611,0.090906207197455,0.6063286398826838,2741,1.5691353520612914,0.0428467347843479,0.0905400007468415,0.049452623631559,,,,2097,0.0,0.9523128278493084,0.0,0.0,1.0,19732.44257838976,0.0,-7.545291382179582e-15,2.717181067583052e-13,0.0,0.0,0.0,0.0,,,0.0,400.0,49.33110644597439,0.0,0.0
immediate_greedy,3,400,2097,2000,0.9537434430138292,0.0462565569861707,0.0014306151645207,0.0448259418216499,0.0,188.5341932814516,164.64138544089383,355.6144174432173,180.64516978636996,800.0,0.566582746197808,187.96761053525375,0.2868841019411991,0.0958046154637344,0.6173112825950663,2616,1.3730886850152906,0.0421216743334381,0.0782000003709981,0.0564275037369207,,,,2097,0.0,0.9537434430138292,0.0,0.0,1.0,19979.984124945477,0.0,3.369304835132425e-15,2.7570612459726364e-13,0.0,0.0,0.0,0.0,,,0.0,400.0,49.949960312363686,0.0,0.0
immediate_greedy,4,400,2097,2001,0.9542203147353362,0.0457796852646638,0.0004768717215069,0.0453028135431568,0.0,184.6817300553983,158.71839806742992,349.111622520285,176.7317323561718,800.4,0.2524505726902383,184.42927948270804,0.294851877835864,0.0941913857782431,0.6109567363858929,2455,1.2558044806517312,0.040610101845706,0.0741459998607751,0.0496427228281308,,,,2097,0.0,0.9542203147353362,0.0,0.0,1.0,19923.791206554302,0.0,1.93486184373554e-14,2.734253492174988e-13,0.0,0.0,0.0,0.0,,,0.0,400.00000000000006,49.80947801638576,0.0,0.0
immediate_greedy,5,400,2097,1994,0.9508822126847878,0.0491177873152122,0.0009537434430138,0.0481640438721983,0.0,178.44484664206595,154.2760743477611,333.5145474027157,170.26022143803135,797.6,0.34728507558771,178.09756156647825,0.2985301857095224,0.0909069547457821,0.6105628595446955,2452,1.3128058727569332,0.0384948205325286,0.0725489994511008,0.0493037260067745,,,,2097,0.0,0.9508822126847878,0.0,0.0,1.0,19825.40328599941,0.0,7.998950883136835e-15,2.6684282778507165e-13,0.0,0.0,0.0,0.0,,,0.0,400.0,49.56350821499854,0.0,0.0
immediate_greedy,0,450,2097,2029,0.9675727229375298,0.0324272770624701,0.0004768717215069,0.0319504053409632,0.0,164.72449330148257,141.4912269417655,313.65523028942664,159.66511099611316,811.6,0.2067467617944928,164.5177465396881,0.3708956825064262,0.0768177440336186,0.5522865734599551,2374,1.2278854254422915,0.0382551389691678,0.0764540000818669,0.0524934383202099,,,,2097,0.0,0.9675727229375298,0.0,0.0,1.0,20149.05147890672,0.0,8.735578385182701e-15,2.743398849092084e-13,0.0,0.0,0.0,0.0,,,0.0,450.0,44.77566995312604,0.0,0.0
immediate_greedy,1,450,2097,2031,0.9685264663805436,0.0314735336194563,0.0019074868860276,0.0295660467334287,0.0,162.91127961701258,140.56517900630934,319.8825370785107,158.3047579692565,812.4,0.2068393142453712,162.70444030276718,0.3699472551439172,0.0758931278285452,0.5541596170275376,2403,1.268414481897628,0.0416862255523109,0.0807940004233387,0.0518407212622088,,,,2097,0.0,0.9685264663805436,0.0,0.0,1.0,20155.78699901576,0.0,3.899938526285434e-15,2.651853243260246e-13,0.0,0.0,0.0,0.0,,,0.0,450.0,44.79063777559057,0.0,0.0
immediate_greedy,2,450,2097,2021,0.9637577491654744,0.0362422508345255,0.0023843586075345,0.0338578922269909,0.0,157.12835786842174,130.8425475200238,308.31556847596585,152.74482318642467,808.4,0.5872357080591395,156.54112216036262,0.3770326145686059,0.0730668930906792,0.5499004923407148,2693,1.4786483475677683,0.043614370600893,0.084555999492295,0.0472054380664652,,,,2097,0.0,0.9637577491654744,0.0,0.0,1.0,20078.024221500746,0.0,3.738611487574946e-15,2.738301091731087e-13,0.0,0.0,0.0,0.0,,,0.0,450.0,44.61783160333498,0.0,0.0
immediate_greedy,3,450,2097,2023,0.9647114926084884,0.0352885073915116,0.0028612303290414,0.0324272770624701,0.0,166.2044412333129,142.14300835118206,323.8743163198718,161.50587427924185,809.2,0.253578062702933,165.95086317060998,0.3651460994573997,0.0772689512898853,0.5575849492527151,2636,1.3748103186646434,0.0407463581193313,0.0859549997585418,0.0561377245508982,,,,2097,0.0,0.9647114926084884,0.0,0.0,1.0,20228.518651825358,0.0,2.5859470548856837e-15,2.7546702218114173e-13,0.0,0.0,0.0,0.0,,,0.0,450.0,44.952263670723006,0.0,0.0
immediate_greedy,4,450,2097,2029,0.9675727229375298,0.0324272770624701,0.0,0.0324272770624701,0.0,162.2949553692577,140.8728219139516,308.51568021612314,157.06754838240644,811.6,0.1583644644110693,162.13659090484666,0.3739181248923988,0.0754846110572919,0.5505972640503093,2328,1.1486254295532643,0.0385671821021072,0.0714459988193993,0.051051051051051,,,,2097,0.0,0.9675727229375298,0.0,0.0,1.0,20127.60369323272,0.0,9.166754207461962e-15,2.707018115498551e-13,0.0,0.0,0.0,0.0,,,0.0,450.0,44.72800820718382,0.0,0.0
immediate_greedy,5,450,2097,2020,0.9632808774439676,0.0367191225560324,0.0009537434430138,0.0357653791130186,0.0,161.13251470705526,137.34297960917092,305.8581313906509,155.7956582807729,808.0,0.399002759756468,160.73351194729878,0.3746599538573473,0.0745251070076158,0.5508149391350369,2486,1.318181818181818,0.0429609010100846,0.081844999021996,0.0471520181063749,,,,2097,0.0,0.9632808774439676,0.0,0.0,1.0,20133.449209939277,0.0,8.361628221503604e-15,2.7284357391672174e-13,0.0,0.0,0.0,0.0,,,0.0,450.0,44.7409982443095,0.0,0.0
immediate_greedy,0,500,2097,2050,0.977587029089175,0.0224129709108249,0.0004768717215069,0.021936099189318,0.0,150.234079702155,124.93321015683432,295.5301496432692,146.96064796846338,820.0,0.3143724806784259,149.91970722147656,0.4347654507603562,0.0640727083734084,0.5011618408662353,2388,1.20142378559464,0.0412739530991383,0.0765390002561617,0.0521380345086271,,,,2097,0.0,0.977587029089175,0.0,0.0,1.0,20318.89464560893,0.0,5.575377558005396e-15,2.7948483635810125e-13,0.0,0.0,0.0,0.0,,,0.0,500.0,40.63778929121786,0.0,0.0
immediate_greedy,1,500,2097,2037,0.9713876967095852,0.0286123032904148,0.0014306151645207,0.0271816881258941,0.0,146.53110551034166,121.4074474815443,287.08336424266,142.797121004092,814.8,0.2027496487975071,146.32835586154414,0.4355892409018531,0.0627589051343421,0.5016518539638047,2393,1.2569995821145006,0.0420424153859876,0.0765999995201127,0.0489642184557438,,,,2097,0.0,0.9713876967095852,0.0,0.0,1.0,20269.142476579385,0.0,5.54882600348738e-15,2.6490390092053625e-13,0.0,0.0,0.0,0.0,,,0.0,500.0,40.538284953158765,0.0,0.0
immediate_greedy,2,500,2097,2032,0.9690033381020504,0.0309966618979494,0.0028612303290414,0.0281354315689079,0.0,142.5026576738248,114.86162142195484,282.722428629001,139.6332884221938,812.8,0.4096667130214039,142.0929909608034,0.4404597439558613,0.0605698326641544,0.4989704233799841,2731,1.499084584401318,0.0451964848097638,0.087339999845426,0.0493780625706747,,,,2097,0.0,0.9690033381020504,0.0,0.0,1.0,20212.401546258683,0.0,5.072932450314791e-15,2.6514398725579466e-13,0.0,0.0,0.0,0.0,,,0.0,500.0,40.424803092517365,0.0,0.0
immediate_greedy,3,500,2097,2031,0.9685264663805436,0.0314735336194563,0.0004768717215069,0.0309966618979494,0.0,146.17290255201812,122.05129910828056,287.8096949849314,141.74398019281134,812.4,0.3664099084871075,145.80649264353102,0.4363952678962384,0.0617762489735899,0.5018284831301716,2457,1.2328042328042328,0.0417800569663363,0.0811320003413129,0.0553271028037383,,,,2097,0.0,0.9685264663805436,0.0,0.0,1.0,20247.800740731556,0.0,-1.0662514145311892e-14,2.726073647687378e-13,0.0,0.0,0.0,0.0,,,0.0,500.0,40.49560148146311,0.0,0.0
immediate_greedy,4,500,2097,2043,0.9742489270386266,0.0257510729613733,0.0,0.0257510729613733,0.0,144.2972222013264,116.99353739075492,287.3500202275638,140.61191352366112,817.2,0.1396589145360235,144.15756328679038,0.4378035771077272,0.0618103774779751,0.5003860454142977,2312,1.152681660899654,0.0402664359793007,0.0703000003159104,0.0471164719185827,,,,2097,0.0,0.9742489270386266,0.0,0.0,1.0,20306.90878720594,0.0,2.045462293044097e-15,2.6998667618752313e-13,0.0,0.0,0.0,0.0,,,0.0,500.0,40.61381757441188,0.0,0.0
immediate_greedy,5,500,2097,2030,0.9680495946590368,0.0319504053409632,0.0004768717215069,0.0314735336194563,0.0,142.10595065337563,115.64324561575631,275.53563969454,137.70368590420912,812.0,0.1831503461347252,141.9228003072409,0.4413408692552564,0.060281397595769,0.4983777331489745,2384,1.171979865771812,0.0412270973090975,0.0712699996984157,0.0574412532637075,,,,2097,0.0,0.9680495946590368,0.0,0.0,1.0,20159.033725558875,0.0,1.1176609719822512e-14,2.693398870109054e-13,0.0,0.0,0.0,0.0,,,0.0,500.0,40.31806745111775,0.0,0.0
batched_greedy@10s,0,300,2097,1778,0.8478779208392943,0.1521220791607057,0.0023843586075345,0.1497377205531712,0.0,285.0723946930912,264.51969954850256,500.7021759149178,243.74284169957744,711.2,6.188976377952756,278.88341831513844,0.1129222323014134,0.1608021892560562,0.7262755784425303,996,3.183734939759036,0.0654723895371512,0.1414549998116853,0.0589332338679597,,,,2097,0.0,0.8478779208392943,0.0,0.0,1.0,17811.004864878436,0.0,2.337837460178057e-16,2.731233562024088e-13,0.0,0.0,0.0,0.0,,,0.0,300.0,59.370016216261455,0.0,0.0
batched_greedy@10s,1,300,2097,1811,0.8636146876490224,0.1363853123509776,0.005245588936576,0.1311397234144015,0.0,284.7838415045708,261.09272650640924,487.6618807539671,248.7578645278002,724.4,5.689122032026504,279.0947194725442,0.0947244428607918,0.1644625206256755,0.7408130365135326,993,3.2608257804632426,0.063485297116684,0.1352359993325081,0.0555347091932457,,,,2097,0.0,0.8636146876490224,0.0,0.0,1.0,18039.664151602465,0.0,-6.174090627059568e-15,2.716300710342423e-13,0.0,0.0,0.0,0.0,,,0.0,300.0,60.132213838674886,0.0,0.0
batched_greedy@10s,2,300,2097,1822,0.8688602765855985,0.1311397234144015,0.005245588936576,0.1258941344778254,0.0,266.8647023485728,242.77711542097177,477.07845941867816,235.27369357955075,728.8,5.698682766190999,261.1660195823818,0.1060539658104019,0.1541437822367049,0.7398022519528932,1019,3.352306182531894,0.0648645731045468,0.1420459996370482,0.0385790679908326,,,,2097,0.0,0.8688602765855985,0.0,0.0,1.0,18144.567227516098,0.0,9.905480509498653e-16,2.7408542565692295e-13,0.0,0.0,0.0,0.0,,,0.0,300.0,60.48189075838699,0.0,0.0
batched_greedy@10s,3,300,2097,1796,0.8564616118264187,0.1435383881735813,0.0057224606580829,0.1378159275154983,0.0,292.8606264558876,268.1032477570552,502.6140910727117,254.49511654353424,718.4,6.922605790645879,285.93802066524177,0.0926071743580103,0.16470378028601,0.7426890453559797,1011,3.5905044510385755,0.0623374876273206,0.140909998663119,0.0502076255190638,,,,2097,0.0,0.8564616118264187,0.0,0.0,1.0,18005.07240116728,0.0,-3.125438537029394e-15,2.745935129859085e-13,0.0,0.0,0.0,0.0,,,0.0,300.0,60.016908003890926,0.0,0.0
batched_greedy@10s,4,300,2097,1804,0.860276585598474,0.139723414401526,0.0038149737720553,0.1359084406294706,0.0,274.76025766786887,248.2837687843721,491.7745698387261,238.6300583349812,721.6,5.759977827050998,269.0002798408178,0.1030887298362341,0.1574239180387158,0.7394873521250501,1013,3.0977295162882528,0.0633850937853093,0.1344359997165156,0.0554930633670791,,,,2097,0.0,0.860276585598474,0.0,0.0,1.0,17994.422564885568,0.0,-1.7025060838819473e-15,2.725929853854592e-13,0.0,0.0,0.0,0.0,,,0.0,300.0,59.98140854961856,0.0,0.0
batched_greedy@10s,5,300,2097,1806,0.8612303290414879,0.1387696709585121,0.0009537434430138,0.1378159275154983,0.0,287.279278141516,258.62058317006927,501.56641288318633,248.9383510117094,722.4,6.198781838316722,281.08049630319925,0.0971010537285797,0.1638447622893568,0.7390541839820635,1013,3.040473840078973,0.0628712734606776,0.1417719991877675,0.0567799775868509,,,,2097,0.0,0.8612303290414879,0.0,0.0,1.0,17998.9366347379,0.0,5.520869844714067e-15,2.766306932507211e-13,0.0,0.0,0.0,0.0,,,0.0,300.0,59.99645544912633,0.0,0.0
batched_greedy@10s,0,350,2097,1944,0.927038626609442,0.0729613733905579,0.0014306151645207,0.0715307582260372,0.0,226.7556982767743,202.02667393327735,411.5268084724366,210.93392143338795,777.6,5.498971193415638,221.25672708335867,0.2033542892527983,0.1228864105132634,0.6737593002339383,985,2.869035532994924,0.0768329949239487,0.1650839990179519,0.0521771771771771,,,,2097,0.0,0.927038626609442,0.0,0.0,1.0,19239.518459156465,0.0,1.6358199659950253e-14,2.730180050943233e-13,0.0,0.0,0.0,0.0,,,0.0,350.0,54.97005274044704,0.0,0.0
batched_greedy@10s,1,350,2097,1963,0.9360991893180736,0.0639008106819265,0.0057224606580829,0.0581783500238435,0.0,218.69164428857297,194.0011478246579,396.4041243430382,206.82276714187785,785.2,5.4116148751910345,213.28002941338195,0.1919552817422853,0.1208321973728869,0.6872125208848278,993,3.1419939577039275,0.078190936548208,0.1610559988330353,0.0476911430734292,,,,2097,0.0,0.9360991893180736,0.0,0.0,1.0,19536.658444260444,0.0,6.6896168799115385e-15,2.7478285679554934e-13,0.0,0.0,0.0,0.0,,,0.0,350.0,55.819024126458416,0.0,0.0
batched_greedy@10s,2,350,2097,1954,0.9318073438245112,0.0681926561754888,0.0047687172150691,0.0634239389604196,0.0,212.3470112022655,188.5225548722119,392.9899743352263,199.7710977260969,781.6,5.311668372569089,207.0353428296964,0.2043968526268236,0.1166868169867259,0.6789163303864504,998,3.061122244488978,0.0745650300570071,0.154308999863133,0.0483749055177626,,,,2097,0.0,0.9318073438245112,0.0,0.0,1.0,19399.73351310905,0.0,-3.136351635583861e-17,2.74718494285374e-13,0.0,0.0,0.0,0.0,,,0.0,350.0,55.42781003745444,0.0,0.0
batched_greedy@10s,3,350,2097,1941,0.9256080114449212,0.0743919885550786,0.0019074868860276,0.072484501669051,0.0,228.5218248248337,206.72528358586624,415.0434056758495,212.98422726983463,776.4,5.542503863987635,222.97932096084605,0.1939670281338132,0.1230593012596917,0.682973670606495,1001,3.001998001998002,0.0782328671365658,0.1589000003150431,0.0507709665287702,,,,2097,0.0,0.9256080114449212,0.0,0.0,1.0,19400.36224138241,0.0,-6.242416281066001e-15,2.7963297714352697e-13,0.0,0.0,0.0,0.0,,,0.0,350.0,55.42960640394976,0.0,0.0
batched_greedy@10s,4,350,2097,1942,0.9260848831664282,0.0739151168335717,0.0023843586075345,0.0715307582260372,0.0,222.8865174946483,200.4211826102594,411.73529157126615,207.66976742513836,776.8,5.43254376930999,217.4539737253383,0.1982442418288336,0.1206410225859501,0.6811147355852162,997,2.9438314944834505,0.0762352056017471,0.1669120004225986,0.0443181818181818,,,,2097,0.0,0.9260848831664282,0.0,0.0,1.0,19409.4123111872,0.0,2.597761804272251e-15,2.712648734771052e-13,0.0,0.0,0.0,0.0,,,0.0,350.0,55.45546374624914,0.0,0.0
batched_greedy@10s,5,350,2097,1942,0.9260848831664282,0.0739151168335717,0.0009537434430138,0.0729613733905579,0.0,216.2703673871596,196.68049314566088,377.4206345008943,200.9887454524753,776.8,5.265705458290422,211.0046619288692,0.2006809539277932,0.1179727034564794,0.6813463426157274,982,2.829938900203666,0.0759046843364102,0.163894999805052,0.0525131282820705,,,,2097,0.0,0.9260848831664282,0.0,0.0,1.0,19308.337333480333,0.0,4.905104815285192e-15,2.6471787343693666e-13,0.0,0.0,0.0,0.0,,,0.0,350.0,55.16667809565809,0.0,0.0
batched_greedy@10s,0,400,2097,2013,0.9599427753934192,0.0400572246065808,0.0004768717215069,0.0395803528850739,0.0,192.1115563269445,167.93398633316792,353.84854862728844,184.95648846049335,805.2,5.0422255340288125,187.0693307929157,0.2903870938741896,0.0961023438838896,0.6135105622419208,977,2.811668372569089,0.0854371545669719,0.1716359993588412,0.0507137490608564,,,,2097,0.0,0.9599427753934192,0.0,0.0,1.0,19981.081528070838,0.0,2.1946346048626044e-15,2.6908585201631226e-13,0.0,0.0,0.0,0.0,,,0.0,400.0,49.952703820177085,0.0,0.0
batched_greedy@10s,1,400,2097,2005,0.956127801621364,0.0438721983786361,0.0047687172150691,0.039103481163567,0.0,188.76987510785213,164.33150883872258,354.8626120712916,182.54780259198048,802.0,5.263341645885287,183.50653346196685,0.2909482179412893,0.0939344726334878,0.6151173094252228,997,3.099297893681043,0.0833569709032352,0.1739400009682866,0.0483749055177626,,,,2097,0.0,0.956127801621364,0.0,0.0,1.0,19926.00664898498,0.0,2.83552621670848e-15,2.707544357738124e-13,0.0,0.0,0.0,0.0,,,0.0,400.0,49.81501662246246,0.0,0.0
batched_greedy@10s,2,400,2097,1998,0.9527896995708156,0.0472103004291845,0.0042918454935622,0.0429184549356223,0.0,181.86392202197476,158.25677606367822,338.289847357533,174.94139400056815,799.2,5.394394394394395,176.46952762758033,0.3011785163515306,0.0906374207957902,0.608184062852679,998,3.041082164328657,0.0809724448711955,0.1714239991088106,0.0487160120845921,,,,2097,0.0,0.9527896995708156,0.0,0.0,1.0,19797.8330003255,0.0,-1.195795770266935e-16,2.706272532286384e-13,0.0,0.0,0.0,0.0,,,0.0,400.0,49.49458250081375,0.0,0.0
batched_greedy@10s,3,400,2097,1987,0.9475441106342394,0.0524558893657606,0.0019074868860276,0.0505484024797329,0.0,194.9411755284445,167.93398633316792,365.462750252249,186.01152998324284,794.8,5.599899345747358,189.34127618269716,0.2921806631522396,0.0955213430549856,0.6122979937927747,1004,2.997011952191235,0.0834787848611904,0.1749309992374038,0.0546816479400749,,,,2097,0.0,0.9475441106342394,0.0,0.0,1.0,19802.979245232997,0.0,-5.417575463898096e-16,2.712113372332828e-13,0.0,0.0,0.0,0.0,,,0.0,400.0,49.50744811308249,0.0,0.0
batched_greedy@10s,4,400,2097,1998,0.9527896995708156,0.0472103004291845,0.0004768717215069,0.0467334287076776,0.0,182.90609472450532,160.36320811899532,335.4455699463899,175.03933159739955,799.2,5.082582582582583,177.82351214192275,0.2978817989446188,0.0907759078612628,0.6113422931941184,985,2.8243654822335027,0.0839792893484304,0.1751119991968152,0.0446124763705104,,,,2097,0.0,0.9527896995708156,0.0,0.0,1.0,19842.513223611128,0.0,4.253743392447697e-15,2.693594429919093e-13,0.0,0.0,0.0,0.0,,,0.0,400.0,49.60628305902782,0.0,0.0
batched_greedy@10s,5,400,2097,2003,0.95517405817835,0.0448259418216499,0.0009537434430138,0.0438721983786361,0.0,183.61078283323116,159.04847689535745,336.2203323068579,175.99558596229792,801.2,5.173240139790314,178.43754269344083,0.2970466605031598,0.0914405823558283,0.6115127571410118,981,2.825688073394496,0.0849237512813078,0.1720800002658507,0.0507328072153325,,,,2097,0.0,0.95517405817835,0.0,0.0,1.0,19907.864916555503,0.0,5.211119714586057e-15,2.717639726171413e-13,0.0,0.0,0.0,0.0,,,0.0,400.0,49.76966229138876,0.0,0.0
batched_greedy@10s,0,450,2097,2031,0.9685264663805436,0.0314735336194563,0.0004768717215069,0.0309966618979494,0.0,169.87510189151467,146.002465090206,324.2914422090025,165.0088342189707,812.4,5.094042343673068,164.7810595478416,0.3718230815559168,0.0766523425733373,0.5515245758707458,980,2.809183673469388,0.0884392857336265,0.1784249996489962,0.0528485757121439,,,,2097,0.0,0.9685264663805436,0.0,0.0,1.0,20144.16615279795,0.0,6.15733734582854e-15,2.708913568323009e-13,0.0,0.0,0.0,0.0,,,0.0,450.0,44.76481367288433,0.0,0.0
batched_greedy@10s,1,450,2097,2029,0.9675727229375298,0.0324272770624701,0.0019074868860276,0.0305197901764425,0.0,168.2545665857272,144.47412618361705,321.97729363350953,163.48412222924426,811.6,5.071463775258748,163.18310281046843,0.3699178920430421,0.0765052682067014,0.5535768397502564,987,2.8156028368794326,0.0859664640490052,0.175855999768828,0.0514844043592634,,,,2097,0.0,0.9675727229375298,0.0,0.0,1.0,20166.17633919221,0.0,-1.3381771458961473e-15,2.700198095893362e-13,0.0,0.0,0.0,0.0,,,0.0,450.0,44.81372519820492,0.0,0.0
batched_greedy@10s,2,450,2097,2023,0.9647114926084884,0.0352885073915116,0.0033381020505484,0.0319504053409632,0.0,159.94190803569307,134.9414404060085,305.4609441994693,155.8961158258134,809.2,5.108255066732576,154.8336529689605,0.3774030131855584,0.072296527855577,0.5503004589588645,996,2.983935742971888,0.0866453815159543,0.1780750002581043,0.0454373343430518,,,,2097,0.0,0.9647114926084884,0.0,0.0,1.0,20093.72202806807,0.0,1.0910150138184929e-15,2.677649391278549e-13,0.0,0.0,0.0,0.0,,,0.0,450.0,44.65271561792904,0.0,0.0
batched_greedy@10s,3,450,2097,2016,0.96137339055794,0.03862660944206,0.0019074868860276,0.0367191225560324,0.0,172.56677157710308,144.71911342630733,338.43392152920137,167.13322925620432,806.4,5.20734126984127,167.35943030726182,0.3681611535427934,0.0772482802748605,0.5545905661823461,989,2.966632962588473,0.0850385237632072,0.1746640013880096,0.0585602387168966,,,,2097,0.0,0.96137339055794,0.0,0.0,1.0,20158.247945991032,0.0,4.977059329043807e-15,2.7094243956000017e-13,0.0,0.0,0.0,0.0,,,0.0,450.0,44.79610654664673,0.0,0.0
batched_greedy@10s,4,450,2097,2027,0.966618979494516,0.033381020505484,0.0,0.033381020505484,0.0,165.4696605667694,142.2401010999638,312.40453999112253,160.2026714205253,810.8,5.0315737543167245,160.43808681245267,0.3739535543491695,0.074841537606547,0.5512049080442835,980,2.730612244897959,0.0872722448956646,0.1764210005603672,0.0485509973654497,,,,2097,0.0,0.966618979494516,0.0,0.0,1.0,20114.745678641488,0.0,1.0779077022507685e-16,2.708378935802495e-13,0.0,0.0,0.0,0.0,,,0.0,450.0,44.69943484142553,0.0,0.0
batched_greedy@10s,5,450,2097,2022,0.9642346208869814,0.0357653791130186,0.0009537434430138,0.0348116356700047,0.0,166.92036456321478,140.3944213849309,312.7158826082179,161.4674882664745,808.8,5.29080118694362,161.62956337627116,0.373065336179204,0.0751779827892914,0.5517566810315044,986,2.827586206896552,0.0866146044889238,0.1818250004362198,0.0535781191457474,,,,2097,0.0,0.9642346208869814,0.0,0.0,1.0,20141.11402461597,0.0,1.2329954619674837e-15,2.713868255300436e-13,0.0,0.0,0.0,0.0,,,0.0,450.0,44.75803116581327,0.0,0.0
batched_greedy@10s,0,500,2097,2048,0.9766332856461613,0.0233667143538388,0.0004768717215069,0.0228898426323319,0.0,153.88108327290286,126.77527128328347,303.25033997373646,150.67556125818805,819.2,4.98291015625,148.89817311665286,0.4366478861386911,0.0633560885844718,0.499996025276837,974,2.786447638603696,0.0862716632352597,0.178788999801327,0.0449735449735449,,,,2097,0.0,0.9766332856461613,0.0,0.0,1.0,20285.06259004224,0.0,6.952988532149541e-15,2.7193590261542777e-13,0.0,0.0,0.0,0.0,,,0.0,500.0,40.57012518008448,0.0,0.0
batched_greedy@10s,1,500,2097,2040,0.9728183118741058,0.0271816881258941,0.0014306151645207,0.0257510729613733,0.0,149.6808560381033,122.4825241564538,291.8009695764029,146.1976427660637,816.0,5.059313725490196,144.6215423126131,0.4362726805021728,0.0622435623375526,0.5014837571602745,981,2.8134556574923546,0.09010254844214,0.1778799993189751,0.0507518796992481,,,,2097,0.0,0.9728183118741058,0.0,0.0,1.0,20274.32696556794,0.0,2.947968666563504e-15,2.6821551515735445e-13,0.0,0.0,0.0,0.0,,,0.0,500.0,40.54865393113588,0.0,0.0
batched_greedy@10s,2,500,2097,2035,0.9704339532665712,0.0295660467334287,0.0038149737720553,0.0257510729613733,0.0,148.2315542844638,121.22380377459696,292.89608376588694,145.66312471672083,814.0,5.202948402948403,143.0286058815154,0.4387735184649105,0.0611269951945477,0.5000994863405417,1007,3.022840119165839,0.086734359464289,0.1836940000430331,0.052275291462956,,,,2097,0.0,0.9704339532665712,0.0,0.0,1.0,20272.004708425808,0.0,-1.7606445921721402e-15,2.6643519495493813e-13,0.0,0.0,0.0,0.0,,,0.0,500.0,40.544009416851615,0.0,0.0
batched_greedy@10s,3,500,2097,2033,0.9694802098235574,0.0305197901764425,0.0004768717215069,0.0300429184549356,0.0,151.43215253878867,126.59468052627244,295.2537503003121,147.1235145319339,813.2,5.268076733890802,146.16407580489786,0.4371588121326214,0.0619071668271472,0.5009340210402313,984,2.8089430894308944,0.0889252032683861,0.1879339994775364,0.0524934383202099,,,,2097,0.0,0.9694802098235574,0.0,0.0,1.0,20226.465946754062,0.0,-7.189308447902244e-15,2.708668945257831e-13,0.0,0.0,0.0,0.0,,,0.0,500.0,40.45293189350812,0.0,0.0
batched_greedy@10s,4,500,2097,2043,0.9742489270386266,0.0257510729613733,0.0,0.0257510729613733,0.0,147.60008292333555,120.75156376456653,292.12951909238325,143.92940839884338,817.2,4.940773372491434,142.65930955084409,0.4384865859780001,0.0610764254766097,0.5004369885453902,973,2.7132579650565263,0.0878035971366743,0.180156000133138,0.0409711684370258,,,,2097,0.0,0.9742489270386266,0.0,0.0,1.0,20305.407455129534,0.0,3.260566885830122e-16,2.691463194154818e-13,0.0,0.0,0.0,0.0,,,0.0,500.0,40.61081491025907,0.0,0.0
batched_greedy@10s,5,500,2097,2032,0.9690033381020504,0.0309966618979494,0.0004768717215069,0.0305197901764425,0.0,148.18185475700315,120.75822506864633,286.00043714210074,143.88491020382602,812.8,5.06742125984252,143.11443349716063,0.4411434438084301,0.0609446215065738,0.4979119346849959,975,2.7764102564102564,0.0907723077304977,0.1788520007903571,0.0542664670658682,,,,2097,0.0,0.9690033381020504,0.0,0.0,1.0,20166.86937246866,0.0,3.035192394880743e-15,2.7265941036028483e-13,0.0,0.0,0.0,0.0,,,0.0,500.0,40.33373874493732,0.0,0.0
optimal@10s,0,300,2097,1770,0.844062947067239,0.155937052932761,0.0019074868860276,0.1540295660467334,0.0,294.51772852144154,269.5622963273843,512.8347286398206,250.5344920910541,708.0,6.148587570621469,288.36914095082005,0.1130857436565114,0.1649754862575856,0.7219387700859029,999,3.1421421421421423,0.1377005005137702,0.1890520013694184,0.0613611007809594,4.279727227334737,0.003436131041864,0.053053053053053,2097,0.0,0.844062947067239,0.0,0.0,1.0,17615.959031384806,0.0,6.883633650534643e-15,2.788749770971884e-13,0.0,0.0,0.0,0.0,,,0.0,300.0,58.71986343794935,0.0,0.0
optimal@10s,1,300,2097,1810,0.8631378159275155,0.1368621840724845,0.005245588936576,0.1316165951359084,0.0,284.8263712414197,266.6480937930437,487.4150640825673,248.60202045636092,724.0,5.625414364640884,279.2009568767787,0.097648430291387,0.1642690707452781,0.7380824989633349,997,3.2246740220661985,0.1280114343094597,0.1909440002054907,0.0473126419379258,3.215188206235428,0.0024745020530512,0.0491474423269809,2097,0.0,0.8631378159275155,0.0,0.0,1.0,17963.922273736716,0.0,-1.3952252490239591e-14,2.813410646256631e-13,0.0,0.0,0.0,0.0,,,0.0,300.0,59.87974091245572,0.0,0.0
optimal@10s,2,300,2097,1829,0.8721983786361469,0.1278016213638531,0.0057224606580829,0.1220791607057701,0.0,269.6203986242551,254.24665333757548,461.1453254654898,238.15928079801893,731.6,5.529250956806998,264.09114766744807,0.0999898237566914,0.1569999905626586,0.7430101856806498,1023,3.2297165200391005,0.129683968686851,0.1911820001259911,0.0509241795548849,2.743507730672662,0.0021018816948956,0.0410557184750733,2097,0.0,0.8721983786361469,0.0,0.0,1.0,18208.8822257925,0.0,-1.315999736133045e-15,2.7113770799665733e-13,0.0,0.0,0.0,0.0,,,0.0,300.0,60.69627408597499,0.0,0.0
optimal@10s,3,300,2097,1802,0.8593228421554602,0.1406771578445398,0.005245588936576,0.1354315689079637,0.0,282.61372390944894,259.5720345173936,488.8287358983847,246.12924193765355,720.8,5.7180910099889015,276.89563289946005,0.0966281497271613,0.1612358729973672,0.7421359772754714,1006,3.314115308151093,0.1313197813277283,0.1851600004556531,0.0473126419379258,2.687550740354216,0.0019410965918686,0.0377733598409542,2097,0.0,0.8593228421554602,0.0,0.0,1.0,17896.649775344937,0.0,-6.6529591060556546e-15,2.717185214035097e-13,0.0,0.0,0.0,0.0,,,0.0,300.0,59.65549925114979,0.0,0.0
optimal@10s,4,300,2097,1799,0.8578922269909395,0.1421077730090605,0.0033381020505484,0.1387696709585121,0.0,285.7615763057823,261.1774883781709,497.71939224504433,247.25936147206468,719.6,5.849916620344636,279.91165968543766,0.0985378504724509,0.1635101638956235,0.7379519856319254,1012,3.08300395256917,0.1301982213414088,0.1820339988080377,0.054054054054054,2.3530712735959303,0.0019836483564135,0.0415019762845849,2097,0.0,0.8578922269909395,0.0,0.0,1.0,18033.657070704656,0.0,-6.889183806834657e-15,2.724737858599116e-13,0.0,0.0,0.0,0.0,,,0.0,300.0,60.11219023568218,0.0,0.0
optimal@10s,5,300,2097,1797,0.8569384835479256,0.1430615164520744,0.0014306151645207,0.1416309012875536,0.0,284.2517211864898,257.1146226820647,502.4271537638666,245.1544805074304,718.8,5.846410684474123,278.4053105020157,0.0984581701195627,0.1615786424928798,0.7399631873875575,998,3.026052104208417,0.1333785571322785,0.1930539998829771,0.0557426112981668,4.356546353557023,0.0039481260160854,0.0480961923847695,2097,0.0,0.8569384835479256,0.0,0.0,1.0,17955.728251439126,0.0,1.569757741217361e-15,2.6548280670230745e-13,0.0,0.0,0.0,0.0,,,0.0,300.0,59.852427504797085,0.0,0.0
optimal@10s,0,350,2097,1942,0.9260848831664282,0.0739151168335717,0.0014306151645207,0.072484501669051,0.0,229.2427306058349,208.5239362481352,411.134880401749,213.0566230959927,776.8,5.316683831101956,223.92604677473292,0.198512425875786,0.1241561629631308,0.6773314111610832,981,2.852191641182467,0.1353022426001717,0.1928400008182507,0.0500376222723852,3.122747287920145,0.0041367981046495,0.0489296636085626,2097,0.0,0.9260848831664282,0.0,0.0,1.0,19300.865163286217,0.0,1.3020823691484328e-15,2.7411829528993173e-13,0.0,0.0,0.0,0.0,,,0.0,350.0,55.14532903796062,0.0,0.0
optimal@10s,1,350,2097,1964,0.9365760610395804,0.0634239389604196,0.0057224606580829,0.0577014783023366,0.0,219.478270834615,194.017022244896,397.3576928052999,207.6757123878078,785.6,5.375763747454175,214.10250708716083,0.1904314421678875,0.1212747806579901,0.6882937771741222,997,3.1253761283851555,0.1363698094423656,0.1932479995593893,0.0494899886664148,1.2145195635865027,0.001203263151314,0.0240722166499498,2097,0.0,0.9365760610395804,0.0,0.0,1.0,19620.943223380986,0.0,5.5588030218706414e-15,2.751508005371623e-13,0.0,0.0,0.0,0.0,,,0.0,350.0,56.059837781088525,0.0,0.0
optimal@10s,2,350,2097,1954,0.9318073438245112,0.0681926561754888,0.0047687172150691,0.0634239389604196,0.0,211.8988230584665,191.0141058782865,379.0585765494176,199.5017798276786,781.6,5.2241555783009215,206.6746674801656,0.2063987848117379,0.1163987500848978,0.6772024651033641,997,3.077231695085256,0.1335226680222936,0.1969200004532467,0.0505279034690799,2.307196225169342,0.0024399291600451,0.0361083249749247,2097,0.0,0.9318073438245112,0.0,0.0,1.0,19419.35311689553,0.0,6.830428409843287e-15,2.739675880676951e-13,0.0,0.0,0.0,0.0,,,0.0,350.0,55.48386604827296,0.0,0.0
optimal@10s,3,350,2097,1949,0.9294229852169766,0.0705770147830233,0.0019074868860276,0.0686695278969957,0.0,229.5398889162967,211.4495679988213,419.19939924178215,214.76506571019345,779.6,5.487429451000513,224.05245946529615,0.188093367580351,0.1244548220492071,0.6874518103704418,993,3.012084592145015,0.1385181268541942,0.1935239999147597,0.0532633158289572,2.960391189536277,0.003265011232568,0.039274924471299,2097,0.0,0.9294229852169766,0.0,0.0,1.0,19525.294394958983,0.0,4.302812026069052e-15,2.738296448947817e-13,0.0,0.0,0.0,0.0,,,0.0,350.0,55.78655541416853,0.0,0.0
optimal@10s,4,350,2097,1957,0.933237958989032,0.066762041010968,0.0019074868860276,0.0648545541249403,0.0,219.11819309951855,196.3771041906857,394.4795338879595,205.52293290050616,782.8,5.365866121614716,213.75232697790383,0.1955441450779212,0.1198980947748099,0.6845577601472688,996,2.895582329317269,0.1373500000358561,0.1868300017122237,0.0543274634694642,1.6582598763210492,0.0021262130220383,0.0321285140562249,2097,0.0,0.933237958989032,0.0,0.0,1.0,19494.55259549577,0.0,3.475559702638508e-15,2.704065325710433e-13,0.0,0.0,0.0,0.0,,,0.0,350.0,55.69872170141649,0.0,0.0
optimal@10s,5,350,2097,1951,0.9303767286599904,0.0696232713400095,0.0009537434430138,0.0686695278969957,0.0,219.7929594455057,199.67298184796527,388.4945576530809,205.10272275925533,780.4,5.139928241927217,214.65303120357848,0.1988805565877351,0.1200394161852311,0.6810800272270336,983,2.787385554425229,0.1384599185949751,0.1997239996489951,0.0475113122171945,2.1145699536498426,0.0031241098667631,0.0386571719226856,2097,0.0,0.9303767286599904,0.0,0.0,1.0,19364.62657715484,0.0,3.16575742213976e-15,2.6691696293272073e-13,0.0,0.0,0.0,0.0,,,0.0,350.0,55.3275045061567,0.0,0.0
optimal@10s,0,400,2097,2009,0.9580352885073916,0.0419647114926084,0.0004768717215069,0.0414878397711015,0.0,192.14644098080373,167.26923555792655,354.6594929377714,184.67448418977108,803.6,5.118466898954704,187.02797408184904,0.2910042606701271,0.0957060046937134,0.6132897346361594,980,2.8275510204081638,0.1407210203719192,0.2022839988421765,0.0591958302308265,1.1203725084825682,0.0018770812527544,0.0316326530612244,2097,0.0,0.9580352885073916,0.0,0.0,1.0,19923.366018490546,0.0,-5.255239858126127e-15,2.757292209940238e-13,0.0,0.0,0.0,0.0,,,0.0,400.0,49.808415046226365,0.0,0.0
optimal@10s,1,400,2097,2003,0.95517405817835,0.0448259418216499,0.0057224606580829,0.039103481163567,0.0,188.04620340454056,164.13047762100905,352.1339058846809,181.75140487624685,801.2,5.3305042436345484,182.715699160906,0.2902427167333473,0.0937353980976271,0.6160218851690255,997,3.1263791374122367,0.1347240721986702,0.1949320007406639,0.050566037735849,1.2355601952237385,0.0013463887441298,0.0220661985957873,2097,0.0,0.95517405817835,0.0,0.0,1.0,19914.628317721526,0.0,8.880453924780034e-15,2.69516255987356e-13,0.0,0.0,0.0,0.0,,,0.0,400.0,49.78657079430381,0.0,0.0
optimal@10s,2,400,2097,2002,0.9546971864568432,0.0453028135431568,0.0047687172150691,0.0405340963280877,0.0,181.5175630463893,155.10567017718722,339.4786020933609,175.20575000432694,800.8,5.747752247752247,175.7698107986371,0.302439930907889,0.0902097623074604,0.6073503067846505,1010,3.127722772277228,0.1370729702679148,0.1925019995178444,0.0523146405720737,1.22161132868349,0.0013314673199995,0.0306930693069306,2097,0.0,0.9546971864568432,0.0,0.0,1.0,19802.20799233948,0.0,7.399120721158186e-15,2.7058297882240963e-13,0.0,0.0,0.0,0.0,,,0.0,400.0,49.5055199808487,0.0,0.0
optimal@10s,3,400,2097,2002,0.9546971864568432,0.0453028135431568,0.0019074868860276,0.0433953266571292,0.0,195.38614252389667,170.08462839890376,361.3485706499668,187.7306246698532,800.8,5.662837162837163,189.7233053610595,0.285419461710625,0.0966319962837267,0.6179485420056482,1004,2.997011952191235,0.1422376493777905,0.2031969993367965,0.0568011958146487,1.2829573058048522,0.0015990663705284,0.0249003984063745,2097,0.0,0.9546971864568432,0.0,0.0,1.0,19993.07864635988,0.0,7.523341479158204e-15,2.724365299899956e-13,0.0,0.0,0.0,0.0,,,0.0,400.0,49.9826966158997,0.0,0.0
optimal@10s,4,400,2097,2012,0.9594659036719122,0.0405340963280877,0.0004768717215069,0.0400572246065808,0.0,184.3149527354786,160.78575139409213,340.9919189060147,177.56594468477255,804.8,5.140159045725646,179.17479368975296,0.2941876587374537,0.092508539652441,0.6133038016101052,989,2.8230535894843274,0.1412812942011215,0.1917200001480523,0.045334340763128,1.1563223180444866,0.0018734114060288,0.0212335692618806,2097,0.0,0.9594659036719122,0.0,0.0,1.0,19996.202304739854,0.0,6.987562726358491e-15,2.7484133811317977e-13,0.0,0.0,0.0,0.0,,,0.0,400.0,49.99050576184964,0.0,0.0
optimal@10s,5,400,2097,2007,0.9570815450643776,0.0429184549356223,0.0009537434430138,0.0419647114926084,0.0,184.3973579412816,159.31747899602306,342.83513357955474,177.0724096977248,802.8,5.06576980568012,179.3315881356015,0.2967966202263597,0.0919719618898558,0.6112314178837843,984,2.7936991869918697,0.1449101625801971,0.2012680003463174,0.0428192497158014,1.2073251294715974,0.0020513084886046,0.0284552845528455,2097,0.0,0.9570815450643776,0.0,0.0,1.0,19890.277837466994,0.0,6.0973205115238286e-15,2.695752053183907e-13,0.0,0.0,0.0,0.0,,,0.0,400.0,49.72569459366749,0.0,0.0
optimal@10s,0,450,2097,2025,0.965665236051502,0.0343347639484978,0.0004768717215069,0.0338578922269909,0.0,170.97342726616654,146.5390582970067,327.264065111635,165.60867125870408,810.0,5.043456790123456,165.92997047604308,0.3722514463057422,0.0768371285789371,0.5509114251153207,977,2.8096212896622315,0.1459417604860833,0.2010760001576273,0.05,0.6439947627102385,0.0012174829747285,0.0214943705220061,2097,0.0,0.965665236051502,0.0,0.0,1.0,20068.85414234826,0.0,7.123848835935524e-15,2.6858778575708e-13,0.0,0.0,0.0,0.0,,,0.0,450.0,44.5974536496628,0.0,0.0
optimal@10s,1,450,2097,2035,0.9704339532665712,0.0295660467334287,0.0023843586075345,0.0271816881258941,0.0,167.47414712028063,145.1749764003639,322.0956276878402,163.44889368202598,814.0,5.049140049140049,162.42500707114058,0.3683589472626448,0.0758992796697742,0.555741773067581,986,2.867139959432049,0.1451675456241467,0.1995500010707473,0.0504328189687617,1.243809484600652,0.0020858705639385,0.0294117647058823,2097,0.0,0.9704339532665712,0.0,0.0,1.0,20240.297046820426,0.0,-5.864159826580287e-15,2.692328478641655e-13,0.0,0.0,0.0,0.0,,,0.0,450.0,44.97843788182316,0.0,0.0
optimal@10s,2,450,2097,2022,0.9642346208869814,0.0357653791130186,0.0033381020505484,0.0324272770624701,0.0,160.20931986456063,133.86015932075316,305.97284452493864,156.20644716102302,808.8,5.224530168150346,154.98478969641027,0.3770669338104731,0.0720438428292136,0.5508892233603133,999,3.025025025025025,0.1435178178339824,0.203607999756059,0.0425370300037979,0.813204526617971,0.0010656300642751,0.018018018018018,2097,0.0,0.9642346208869814,0.0,0.0,1.0,20107.658470727627,0.0,8.422760236275916e-15,2.707745007441573e-13,0.0,0.0,0.0,0.0,,,0.0,450.0,44.68368549050584,0.0,0.0
optimal@10s,3,450,2097,2023,0.9647114926084884,0.0352885073915116,0.0033381020505484,0.0319504053409632,0.0,171.4366311407355,148.41867438345798,324.54429801232175,166.90669062773145,809.2,5.188334157192289,166.2482969835432,0.3658946213166617,0.0767997382143741,0.557305640468964,995,3.007035175879397,0.1459724623513941,0.1968119996672612,0.0575700934579439,1.5010058292787525,0.0020553329161179,0.0211055276381909,2097,0.0,0.9647114926084884,0.0,0.0,1.0,20232.771154815066,0.0,-8.328593485769341e-16,2.681512945452232e-13,0.0,0.0,0.0,0.0,,,0.0,450.0,44.96171367736681,0.0,0.0
optimal@10s,4,450,2097,2024,0.9651883643299952,0.0348116356700047,0.0,0.0348116356700047,0.0,165.64871256812896,143.45175383611195,311.1078595612948,160.1511655879318,809.6,5.001482213438735,160.64723035469024,0.3741385426700504,0.0747793512185178,0.5510821061114317,979,2.72829417773238,0.1474331971478656,0.1970219995564548,0.0467571644042232,1.08532041744903,0.0023772631081551,0.0204290091930541,2097,0.0,0.9651883643299952,0.0,0.0,1.0,20123.943624275907,0.0,9.120065265132264e-15,2.735567591509891e-13,0.0,0.0,0.0,0.0,,,0.0,450.0,44.71987472061313,0.0,0.0
optimal@10s,5,450,2097,2028,0.9670958512160228,0.0329041487839771,0.0009537434430138,0.0319504053409632,0.0,166.97184284776088,141.404558377199,309.64777898439166,161.99296282462367,811.2,5.247534516765286,161.7243083309956,0.3720327264505825,0.075298623080014,0.5526686504694034,981,2.835881753312946,0.1474703364324624,0.2035800014709821,0.0514457378895982,0.5710010985550936,0.0010447591731362,0.0173292558613659,2097,0.0,0.9670958512160228,0.0,0.0,1.0,20206.876434221816,0.0,-1.3108076973187745e-15,2.74893410686192e-13,0.0,0.0,0.0,0.0,,,0.0,450.0,44.90416985382626,0.0,0.0
optimal@10s,0,500,2097,2050,0.977587029089175,0.0224129709108249,0.0004768717215069,0.021936099189318,0.0,154.30772553193583,129.9189780786628,300.9057209128025,151.2389273991338,820.0,5.056585365853659,149.25114016608217,0.4351120753996902,0.0636803770618024,0.5012075475385073,975,2.8,0.1470774358910066,0.199768000311451,0.0507137490608564,0.9913716807219416,0.0021238679991498,0.0205128205128205,2097,0.0,0.977587029089175,0.0,0.0,1.0,20304.539664309523,0.0,8.309234059618952e-15,2.7626746418995826e-13,0.0,0.0,0.0,0.0,,,0.0,500.0,40.609079328619046,0.0,0.0
optimal@10s,1,500,2097,2043,0.9742489270386266,0.0257510729613733,0.0014306151645207,0.0243204577968526,0.0,149.11002399683017,121.65454687960256,289.4244304997718,145.85135411932708,817.2,5.070974057758199,144.03904993907196,0.4343751224194974,0.0622830152141727,0.5033418623663298,985,2.80507614213198,0.1464485279265212,0.2118319995497586,0.0518212542245587,0.615001848625382,0.00127921725783,0.0172588832487309,2097,0.0,0.9742489270386266,0.0,0.0,1.0,20332.28534276403,0.0,9.836043438920868e-15,2.694762887843278e-13,0.0,0.0,0.0,0.0,,,0.0,500.0,40.66457068552806,0.0,0.0
optimal@10s,2,500,2097,2037,0.9713876967095852,0.0286123032904148,0.0033381020505484,0.0252742012398664,0.0,148.33320360011618,121.64930384308718,285.93158112587645,145.5112350610535,814.8,5.289150711831124,143.04405288828505,0.4385562303111202,0.0612123115861272,0.5002314581027526,996,2.9939759036144578,0.141567971912951,0.1968100007616157,0.0526118000751597,0.9890554787234606,0.0014681416962837,0.0220883534136546,2097,0.0,0.9713876967095852,0.0,0.0,1.0,20288.323686623244,0.0,1.1175264063286308e-15,2.654990720265208e-13,0.0,0.0,0.0,0.0,,,0.0,500.0,40.57664737324649,0.0,0.0
optimal@10s,3,500,2097,2035,0.9704339532665712,0.0295660467334287,0.0004768717215069,0.0290891750119217,0.0,149.87157966591806,124.70388163743156,292.2584867002841,145.7539859238203,814.0,5.2574938574938574,144.6140858084242,0.4365037035630545,0.0616284680538195,0.5018678283831259,984,2.807926829268293,0.1465944105488662,0.2058509991729806,0.0521380345086271,0.869025324605606,0.0018034160989477,0.0152439024390243,2097,0.0,0.9704339532665712,0.0,0.0,1.0,20254.971699283746,0.0,-5.858049508213799e-15,2.73016007835645e-13,0.0,0.0,0.0,0.0,,,0.0,500.0,40.509943398567486,0.0,0.0
optimal@10s,4,500,2097,2045,0.9752026704816404,0.0247973295183595,0.0,0.0247973295183595,0.0,148.3197802118839,120.99353739075492,290.70843521714306,144.77632357334411,818.0,4.985330073349633,143.3344501385343,0.4373034228048737,0.0614292264449058,0.5012673507502204,974,2.7217659137577,0.1451460985388759,0.1992269994843809,0.044956554590102,0.8672725340930948,0.0022176392157529,0.0164271047227926,2097,0.0,0.9752026704816404,0.0,0.0,1.0,20349.18627248808,0.0,2.678867722596759e-15,2.708627128620159e-13,0.0,0.0,0.0,0.0,,,0.0,500.0,40.69837254497615,0.0,0.0
optimal@10s,5,500,2097,2032,0.9690033381020504,0.0309966618979494,0.0004768717215069,0.0305197901764425,0.0,147.56487992467387,120.17051395803855,286.6337209537438,143.31090311784942,812.8,5.077263779527559,142.48761614514632,0.4416073137093477,0.0607074322730531,0.4976852540175991,978,2.775051124744376,0.1519437627708251,0.2035440005420242,0.0567375886524822,0.8261298976499336,0.0019240282601479,0.0173824130879345,2097,0.0,0.9690033381020504,0.0,0.0,1.0,20159.51312272484,0.0,5.658640660156408e-15,2.7552588382307685e-13,0.0,0.0,0.0,0.0,,,0.0,500.0,40.319026245449685,0.0,0.0
batched_greedy@10s+aware,0,300,2097,1823,0.8693371483071054,0.1306628516928946,0.0400572246065808,0.0906056270863137,0.0,314.13747293314344,301.10396894286487,523.6084381828126,285.9508467434098,729.2,24.37026878771256,289.7672041454309,0.103987738976721,0.1592355893620901,0.7367766716611888,1077,8.58681522748375,0.0518402042552247,0.114123999082949,0.0550814584949573,,,,2097,0.0,0.8693371483071054,0.0,0.0,1.0,18034.526393789907,0.0,-1.0582136739378345e-15,2.770902298370223e-13,0.0,0.0,0.0,0.0,,,0.0,300.0,60.115087979299695,0.0,0.0
batched_greedy@10s+aware,1,300,2097,1840,0.8774439675727229,0.122556032427277,0.0381497377205531,0.0844062947067239,0.0,297.51570274141574,282.5774933509033,501.49413449631146,273.8546472636946,736.0,20.370652173913044,277.14505056750266,0.0936006016286198,0.1556370349285704,0.7507623634428097,1085,7.788940092165898,0.0522849769346938,0.1164759996026988,0.051710730948678,,,,2097,0.0,0.8774439675727229,0.0,0.0,1.0,18390.25584014472,0.0,1.366057025951823e-16,2.740450378701593e-13,0.0,0.0,0.0,0.0,,,0.0,300.0,61.30085280048239,0.0,0.0
batched_greedy@10s+aware,2,300,2097,1837,0.8760133524082022,0.1239866475917978,0.0381497377205531,0.0858369098712446,0.0,279.6643712567612,263.6451238592308,481.3158173232816,260.12189320894805,734.8,17.308655416439848,262.3557158403213,0.1032851497304194,0.1494592333151726,0.7472556169544079,1076,7.908921933085502,0.0533352230373823,0.1216249997924023,0.0458104933437744,,,,2097,0.0,0.8760133524082022,0.0,0.0,1.0,18335.9207234742,0.0,5.046710040734843e-15,2.7921486570838546e-13,0.0,0.0,0.0,0.0,,,0.0,300.0,61.119735744914,0.0,0.0
batched_greedy@10s+aware,3,300,2097,1827,0.871244635193133,0.1287553648068669,0.0395803528850739,0.089175011921793,0.0,297.62067224457644,278.1114446062479,500.0947906400046,271.22829437340255,730.8,19.20580186097428,278.41487038360214,0.0917608892130692,0.1548231005023869,0.7534160102845439,1068,7.218164794007491,0.049372097421153,0.1036619999285902,0.0468384074941452,,,,2097,0.0,0.871244635193133,0.0,0.0,1.0,18287.951908256666,0.0,2.8196140307940476e-17,2.700811052027592e-13,0.0,0.0,0.0,0.0,,,0.0,300.0,60.95983969418888,0.0,0.0
batched_greedy@10s+aware,4,300,2097,1826,0.8707677634716261,0.1292322365283738,0.0343347639484978,0.094897472579876,0.0,289.01225410064734,272.88390461406493,493.3061175956914,264.11434198915947,730.4,17.349397590361445,271.6628565102859,0.0977449649367986,0.1534746327911145,0.7487804022720869,1083,7.100646352723915,0.0495793167376458,0.1148800003284123,0.0478227060653188,,,,2097,0.0,0.8707677634716261,0.0,0.0,1.0,18239.097708963636,0.0,5.5703281831357255e-15,2.737204402530386e-13,0.0,0.0,0.0,0.0,,,0.0,300.0,60.796992363212105,0.0,0.0
batched_greedy@10s+aware,5,300,2097,1822,0.8688602765855985,0.1311397234144015,0.0319504053409632,0.0991893180734382,0.0,297.394277313819,280.04336338924054,503.1310705038255,269.95290533612365,728.8,20.05159165751921,277.3426856562997,0.102200306980784,0.1541721414348765,0.7436275515843394,1084,7.476937269372693,0.0508490775380415,0.1177549998465111,0.0547206165703275,,,,2097,0.0,0.8688602765855985,0.0,0.0,1.0,18224.96419135786,0.0,2.8536753396951336e-15,2.685311419499728e-13,0.0,0.0,0.0,0.0,,,0.0,300.0,60.74988063785954,0.0,0.0
batched_greedy@10s+aware,0,350,2097,1946,0.927992370052456,0.0720076299475441,0.0123986647591797,0.0596089651883643,0.0,241.398049519298,218.28048843345823,436.6499659383471,228.0124261374281,778.4,10.528776978417266,230.86927254088067,0.1993936069180125,0.1245909500241343,0.6760154430578532,1049,4.356530028598665,0.0607493803216596,0.1274119996378431,0.0566037735849056,,,,2097,0.0,0.927992370052456,0.0,0.0,1.0,19293.05591364645,0.0,1.2261974010104608e-14,2.6934079039257764e-13,0.0,0.0,0.0,0.0,,,0.0,350.0,55.12301689613272,0.0,0.0
batched_greedy@10s+aware,1,350,2097,1963,0.9360991893180736,0.0639008106819265,0.0200286123032904,0.0438721983786361,0.0,223.678156083729,200.6684399234764,412.6806582381468,216.5870004357879,785.2,9.231278655119716,214.44687742860927,0.1950859385429997,0.118975022527677,0.6859390389293231,1053,4.9335232668566,0.0614601139215979,0.1266759997815825,0.0530534351145038,,,,2097,0.0,0.9360991893180736,0.0,0.0,1.0,19569.362545118514,0.0,-2.9278668129798828e-15,2.715703928221052e-13,0.0,0.0,0.0,0.0,,,0.0,350.0,55.91246441462433,0.0,0.0
batched_greedy@10s+aware,2,350,2097,1949,0.9294229852169766,0.0705770147830233,0.0185979971387696,0.0519790176442536,0.0,218.1346574270204,195.73022949284496,403.1487075959072,210.72872872145615,779.6,8.167778347870703,209.9668790791497,0.2069540143072173,0.1163327758881734,0.6767132098046091,1061,4.839773798303487,0.0609694627739276,0.1298399994993815,0.0475277884246837,,,,2097,0.0,0.9294229852169766,0.0,0.0,1.0,19254.77577115219,0.0,1.0518238124729908e-14,2.731911954509644e-13,0.0,0.0,0.0,0.0,,,0.0,350.0,55.01364506043484,0.0,0.0
batched_greedy@10s+aware,3,350,2097,1955,0.932284215546018,0.0677157844539818,0.0171673819742489,0.0505484024797329,0.0,231.9531275967025,212.6498818567179,419.6843409037811,222.01715275185464,782.0,9.435805626598466,222.51732197010404,0.1909210116036979,0.1219601574355617,0.6871188309607403,1040,4.549038461538461,0.0601349038508767,0.132322000554268,0.0575104048429814,,,,2097,0.0,0.932284215546018,0.0,0.0,1.0,19536.51955515453,0.0,5.106458024260566e-16,2.739314884615793e-13,0.0,0.0,0.0,0.0,,,0.0,350.0,55.8186273004415,0.0,0.0
batched_greedy@10s+aware,4,350,2097,1956,0.932761087267525,0.0672389127324749,0.016690510252742,0.0505484024797329,0.0,233.2071960785279,208.41350764196272,426.0524663586461,222.4159791002017,782.4,9.674846625766872,223.53234945276105,0.1940953514971587,0.1215868068467825,0.6843178416560587,1047,4.531996179560649,0.0583186246701945,0.1171240003895945,0.0470903522205206,,,,2097,0.0,0.932761087267525,0.0,0.0,1.0,19544.63638138539,0.0,8.213379987492774e-15,2.709598053768597e-13,0.0,0.0,0.0,0.0,,,0.0,350.0,55.84181823252969,0.0,0.0
batched_greedy@10s+aware,5,350,2097,1950,0.9298998569384836,0.0701001430615164,0.0133524082021936,0.0567477348593228,0.0,225.590950653462,205.48916425118136,409.3038291237477,214.9427732658494,780.0,9.590769230769231,216.0001814226928,0.2007868677703599,0.118064295477065,0.681148836752575,1044,4.49904214559387,0.0603302681755852,0.1260139998885279,0.0509118541033434,,,,2097,0.0,0.9298998569384836,0.0,0.0,1.0,19368.11039528931,0.0,4.5652370772586434e-15,2.643870307868686e-13,0.0,0.0,0.0,0.0,,,0.0,350.0,55.337458272255176,0.0,0.0
batched_greedy@10s+aware,0,400,2097,2012,0.9594659036719122,0.0405340963280877,0.0076299475441106,0.0329041487839771,0.0,196.0855914964729,171.87680753518111,366.0033082668817,190.50881322272932,804.8,6.972664015904573,189.11292748056832,0.2909539469691993,0.0965528385430791,0.6124932144877215,1020,3.4745098039215687,0.0627736274402516,0.1319249991502145,0.0492424242424242,,,,2097,0.0,0.9594659036719122,0.0,0.0,1.0,19912.167325171416,0.0,2.3617070305147463e-15,2.755604447959291e-13,0.0,0.0,0.0,0.0,,,0.0,400.0,49.78041831292855,0.0,0.0
batched_greedy@10s+aware,1,400,2097,2005,0.956127801621364,0.0438721983786361,0.0138292799237005,0.0300429184549356,0.0,190.9131717801289,166.45456020466736,359.98438210810804,187.591391292438,802.0,7.185536159600997,183.7276356205279,0.2908667946279248,0.0930715032161347,0.6160617021559404,1035,4.098550724637681,0.0684763284801232,0.1446920001035323,0.0483993902439024,,,,2097,0.0,0.956127801621364,0.0,0.0,1.0,20027.012983876022,0.0,7.205984216090742e-15,2.719938987255935e-13,0.0,0.0,0.0,0.0,,,0.0,400.0,50.067532459690064,0.0,0.0
batched_greedy@10s+aware,2,400,2097,1995,0.9513590844062948,0.0486409155937052,0.0171673819742489,0.0314735336194563,0.0,184.13784704316467,161.23222487962812,353.2712482421581,181.7424827004527,798.0,7.501754385964912,176.63609265719978,0.3008191986131437,0.089115317199514,0.6100654841873421,1058,4.4196597353497165,0.0686310963957818,0.1360600002226421,0.0463601532567049,,,,2097,0.0,0.9513590844062948,0.0,0.0,1.0,19806.95124008799,0.0,-5.049928729152141e-15,2.734854949020995e-13,0.0,0.0,0.0,0.0,,,0.0,400.0,49.51737810021998,0.0,0.0
batched_greedy@10s+aware,3,400,2097,2000,0.9537434430138292,0.0462565569861707,0.0143061516452074,0.0319504053409632,0.0,196.73471911652692,173.94648110385447,373.5324515676519,192.35454928484305,800.0,7.673,189.06171911652692,0.2892202529290518,0.0944574692467256,0.6163222778242226,1034,4.049323017408124,0.068836266994295,0.1479699995252303,0.0498477929984779,,,,2097,0.0,0.9537434430138292,0.0,0.0,1.0,19927.23781240648,0.0,7.407408020299044e-15,2.713438362889065e-13,0.0,0.0,0.0,0.0,,,0.0,400.0,49.81809453101621,0.0,0.0
batched_greedy@10s+aware,4,400,2097,2009,0.9580352885073916,0.0419647114926084,0.010968049594659,0.0309966618979494,0.0,192.1395515919523,169.29901647504994,358.15746632134835,187.3077138893727,803.6,8.291687406669984,183.84786418528236,0.2931176190202247,0.0928167973615119,0.6140655836182634,1037,3.874638379942141,0.0692126326043872,0.1461199995537754,0.0450038138825324,,,,2097,0.0,0.9580352885073916,0.0,0.0,1.0,19988.858467263886,0.0,1.765746445138029e-14,2.712096351380784e-13,0.0,0.0,0.0,0.0,,,0.0,400.0,49.97214616815971,0.0,0.0
batched_greedy@10s+aware,5,400,2097,2006,0.9566046733428708,0.0433953266571292,0.0090605627086313,0.0343347639484978,0.0,187.04336393942555,163.5345457790513,349.7288283506059,182.90958742993843,802.4,7.914755732801595,179.12860820662397,0.2955643341321503,0.0909724699477649,0.6134631959200848,1036,3.945945945945946,0.0705478764248395,0.1457899999877555,0.047112462006079,,,,2097,0.0,0.9566046733428708,0.0,0.0,1.0,19944.510134714285,0.0,5.162149648695793e-15,2.685978170798321e-13,0.0,0.0,0.0,0.0,,,0.0,400.0,49.86127533678572,0.0,0.0
batched_greedy@10s+aware,0,450,2097,2041,0.9732951835956128,0.0267048164043872,0.0081068192656175,0.0185979971387696,0.0,175.279906425077,148.96661135093927,337.5247705772599,173.25437796511616,816.4,6.596766291033807,168.6831401340432,0.3692712249449419,0.0777013600530135,0.5530274150020447,1019,3.462217860647694,0.0726322865425532,0.1513139992312061,0.054257724189902,,,,2097,0.0,0.9732951835956128,0.0,0.0,1.0,20229.142693575588,0.0,1.2094413880213487e-14,2.660851559775162e-13,0.0,0.0,0.0,0.0,,,0.0,450.0,44.953650430167976,0.0,0.0
batched_greedy@10s+aware,1,450,2097,2028,0.9670958512160228,0.0329041487839771,0.0085836909871244,0.0243204577968526,0.0,169.25274533930912,144.03877034573998,329.9106091336709,167.4510247284931,811.2,6.763313609467455,162.48943172984167,0.3699754243361424,0.0752743211748736,0.554750254488984,1036,3.741312741312741,0.0731416988079871,0.1549249991512628,0.0452988199467072,,,,2097,0.0,0.9670958512160228,0.0,0.0,1.0,20222.77999720108,0.0,1.2028510994607464e-14,2.689625861499104e-13,0.0,0.0,0.0,0.0,,,0.0,450.0,44.9395111048913,0.0,0.0
batched_greedy@10s+aware,2,450,2097,2018,0.9623271340009536,0.0376728659990462,0.0143061516452074,0.0233667143538388,0.0,161.66675740222868,135.94448887908493,317.2352233869531,160.6745028536106,807.2,6.965312190287413,154.70144521194126,0.3785511430523492,0.0710412365176429,0.5504076204300079,1040,3.9480769230769233,0.0770374999826974,0.1661219996276486,0.0480182926829268,,,,2097,0.0,0.9623271340009536,0.0,0.0,1.0,20097.744307376182,0.0,-3.591885075903232e-15,2.678289260892065e-13,0.0,0.0,0.0,0.0,,,0.0,450.0,44.66165401639152,0.0,0.0
batched_greedy@10s+aware,3,450,2097,2020,0.9632808774439676,0.0367191225560324,0.0114449213161659,0.0252742012398664,0.0,171.1079451911032,145.7130098897837,337.14744523751136,168.3923334376227,808.0,7.00940594059406,164.09853925050916,0.3705718539442287,0.0752273594747711,0.5542007865810001,1024,3.7392578125,0.0723654296770348,0.1647019999836629,0.0493733383972654,,,,2097,0.0,0.9632808774439676,0.0,0.0,1.0,20108.451659349583,0.0,-5.930569566789747e-15,2.740197507843939e-13,0.0,0.0,0.0,0.0,,,0.0,450.0,44.68544813188797,0.0,0.0
batched_greedy@10s+aware,4,450,2097,2033,0.9694802098235574,0.0305197901764425,0.0081068192656175,0.0224129709108249,0.0,169.11788235093394,143.55441307003684,323.6097923402587,165.94224709970334,813.2,7.092966060009838,162.0249162909241,0.3717238380744062,0.0747759242029249,0.5535002377226689,1025,3.44,0.0768042926725551,0.1552279998577432,0.0513789195315451,,,,2097,0.0,0.9694802098235574,0.0,0.0,1.0,20234.706378593528,0.0,3.931926107870697e-15,2.744344621476578e-13,0.0,0.0,0.0,0.0,,,0.0,450.0,44.96601417465229,0.0,0.0
batched_greedy@10s+aware,5,450,2097,2023,0.9647114926084884,0.0352885073915116,0.0085836909871244,0.0267048164043872,0.0,165.64775364565443,141.5347881980706,310.5828093558484,163.4405014719724,809.2,6.6055363321799305,159.0422173134745,0.3749472931490036,0.073345413467377,0.5517072933836193,1017,3.6489675516224183,0.0778459193824254,0.1623040009144462,0.0467147740220281,,,,2097,0.0,0.9647114926084884,0.0,0.0,1.0,20170.66709117832,0.0,8.358009182318974e-15,2.712149173888551e-13,0.0,0.0,0.0,0.0,,,0.0,450.0,44.82370464706294,0.0,0.0
batched_greedy@10s+aware,0,500,2097,2051,0.978063900810682,0.021936099189318,0.0061993323795898,0.0157367668097281,0.0,155.6880629593549,130.46052799740391,305.20327287172404,154.1167825376945,820.4,6.447098976109215,149.24096398324568,0.435870536586297,0.0631230531599062,0.5010064102537968,1007,3.291956305858987,0.0780703077940188,0.161386000108905,0.0480696442089326,,,,2097,0.0,0.978063900810682,0.0,0.0,1.0,20290.3555682634,0.0,7.965890799797076e-15,2.718384594297699e-13,0.0,0.0,0.0,0.0,,,0.0,500.0,40.58071113652679,0.0,0.0
batched_greedy@10s+aware,1,500,2097,2039,0.9723414401525988,0.027658559847401,0.0057224606580829,0.021936099189318,0.0,148.64715477789835,121.86636439230188,290.9812274247147,147.02131994493095,815.6,6.063756743501717,142.58339803439662,0.4365106313867049,0.0609325893749783,0.5025567792383168,1021,3.4015670910871694,0.0816663076172724,0.1618800011783605,0.0506042296072507,,,,2097,0.0,0.9723414401525988,0.0,0.0,1.0,20329.00214767558,0.0,-3.6720667376518174e-16,2.6445893592288364e-13,0.0,0.0,0.0,0.0,,,0.0,500.0,40.65800429535116,0.0,0.0
batched_greedy@10s+aware,2,500,2097,2034,0.9699570815450644,0.0300429184549356,0.0128755364806866,0.0171673819742489,0.0,149.23054664756745,122.73959938247458,296.1480953371457,148.50820548026354,813.6,6.914454277286136,142.31609237028132,0.4405272505136071,0.0601072275210497,0.4993655219653431,1033,3.66892545982575,0.0813447240943787,0.1616240002476842,0.0526515151515151,,,,2097,0.0,0.9699570815450644,0.0,0.0,1.0,20233.287583415444,0.0,1.2886010405777137e-15,2.6361563429271653e-13,0.0,0.0,0.0,0.0,,,0.0,500.0,40.466575166830886,0.0,0.0
batched_greedy@10s+aware,3,500,2097,2037,0.9713876967095852,0.0286123032904148,0.0090605627086313,0.0195517405817835,0.0,153.15677501965754,128.63667828784492,301.49708514875294,151.55699420477976,814.8,6.604320078546882,146.55245494111068,0.4364070412816827,0.0616161186974496,0.5019768400208678,1018,3.5333988212180745,0.0804471512707231,0.1592300004267599,0.0492797573919636,,,,2097,0.0,0.9713876967095852,0.0,0.0,1.0,20249.769230930844,0.0,-2.16877734884066e-15,2.7198927122987694e-13,0.0,0.0,0.0,0.0,,,0.0,500.0,40.49953846186169,0.0,0.0
batched_greedy@10s+aware,4,500,2097,2044,0.9747257987601337,0.0252742012398664,0.0061993323795898,0.0190748688602765,0.0,150.3514906548773,123.3846340593318,300.6479109885612,148.0275214309146,817.6,7.020058708414873,143.3314319464624,0.4383144859113101,0.0604196421229357,0.5012658719657541,1010,3.3485148514851484,0.0803804950595408,0.1648010004282696,0.0440896997339414,,,,2097,0.0,0.9747257987601337,0.0,0.0,1.0,20351.2908282862,0.0,-2.5163606792971746e-15,2.687109069718488e-13,0.0,0.0,0.0,0.0,,,0.0,500.0,40.70258165657239,0.0,0.0
batched_greedy@10s+aware,5,500,2097,2036,0.9709108249880782,0.0290891750119217,0.005245588936576,0.0238435860753457,0.0,149.64183255151872,122.28261053493544,291.1473315674698,147.50064989412832,814.4,6.279469548133595,143.36236300338513,0.4411549155272485,0.0607006997774475,0.4981443846953039,1008,3.3313492063492065,0.0787921626307064,0.1657269997667752,0.0526910048927361,,,,2097,0.0,0.9709108249880782,0.0,0.0,1.0,20177.204969791524,0.0,1.28519766320164e-14,2.7592379374563193e-13,0.0,0.0,0.0,0.0,,,0.0,500.0,40.35440993958305,0.0,0.0
optimal@10s+aware,0,300,2097,1810,0.8631378159275155,0.1368621840724845,0.0357653791130186,0.1010968049594659,0.0,315.5050792801608,303.8242767084603,524.9979374910791,284.0793687284522,724.0,24.47292817679558,291.0321511033652,0.1068436679490023,0.1594536530678042,0.7337026789831934,1089,8.276400367309458,0.1287101928492629,0.1891839994641485,0.0563489000385951,5.439734536199509,0.0008787892947439,0.0358126721763085,2097,0.0,0.8631378159275155,0.0,0.0,1.0,17952.448175597256,0.0,-1.867628212916396e-15,2.803787895532697e-13,0.0,0.0,0.0,0.0,,,0.0,300.0,59.84149391865752,0.0,0.0
optimal@10s+aware,1,300,2097,1843,0.8788745827372437,0.1211254172627563,0.0295660467334287,0.0915593705293276,0.0,296.5271460370861,286.2916696776774,491.66148724050873,271.3828321198642,737.2,17.305480195333693,279.2216658417524,0.0921362648865091,0.1579848268894143,0.7498789082240767,1080,6.923148148148148,0.1266046296694656,0.1856880000013917,0.0476744186046511,5.374366652337272,0.0010926080260388,0.0398148148148148,2097,0.0,0.8788745827372437,0.0,0.0,1.0,18420.676253368456,0.0,-2.085267510603604e-15,2.758013266734252e-13,0.0,0.0,0.0,0.0,,,0.0,300.0,61.40225417789485,0.0,0.0
optimal@10s+aware,2,300,2097,1844,0.8793514544587506,0.1206485455412494,0.0376728659990462,0.0829756795422031,0.0,286.3479144555719,272.490239409281,491.6930509698302,265.75169129596287,737.6,16.98644251626898,269.36147193930293,0.0979392042030482,0.1545011871599436,0.7475596086370082,1082,7.5924214417744915,0.1240151571112849,0.1792610001393769,0.04839968774395,5.0189922909004085,0.0009138397414109,0.0415896487985212,2097,0.0,0.8793514544587506,0.0,0.0,1.0,18260.457051972797,0.0,8.224801895227408e-15,2.78911143397632e-13,0.0,0.0,0.0,0.0,,,0.0,300.0,60.868190173242645,0.0,0.0
optimal@10s+aware,3,300,2097,1827,0.871244635193133,0.1287553648068669,0.0381497377205531,0.0906056270863137,0.0,288.2105643829065,271.9882721848462,483.932486623904,263.0727039262456,730.8,16.284619594964422,271.9259447879421,0.0950679121692297,0.1540373587458497,0.7508947290849205,1072,6.706156716417911,0.1305602612190531,0.1922540005762129,0.0497473766031869,6.500607791307995,0.0013867638678618,0.042910447761194,2097,0.0,0.871244635193133,0.0,0.0,1.0,18217.90738824476,0.0,-2.9129529780203346e-15,2.6842531117019293e-13,0.0,0.0,0.0,0.0,,,0.0,300.0,60.726357960815854,0.0,0.0
optimal@10s+aware,4,300,2097,1830,0.8726752503576538,0.1273247496423462,0.0376728659990462,0.0896518836432999,0.0,304.21495247997365,292.3218187481832,507.9065331169235,277.8669803993585,732.0,20.568852459016394,283.64610002095725,0.0924005384221732,0.157852032188967,0.7497474293888597,1080,7.657407407407407,0.127693333321009,0.185683000345307,0.0494355780459322,4.434670360135192,0.0007931867279375,0.0416666666666666,2097,0.0,0.8726752503576538,0.0,0.0,1.0,18276.54905164921,0.0,-3.2440352771998016e-15,2.8047800876012217e-13,0.0,0.0,0.0,0.0,,,0.0,300.0,60.92183017216404,0.0,0.0
optimal@10s+aware,5,300,2097,1829,0.8721983786361469,0.1278016213638531,0.0309966618979494,0.0968049594659036,0.0,294.25831732681894,275.71453390040915,493.21241396729874,267.4933985445901,731.6,17.763258611262984,276.495058715556,0.1015512070569947,0.1560751618487801,0.7423736310942252,1075,7.014883720930232,0.1252797209464154,0.1863680001406464,0.0590038314176245,4.367063755452551,0.0008789435078016,0.0334883720930232,2097,0.0,0.8721983786361469,0.0,0.0,1.0,18236.64763618689,0.0,1.1728422740621884e-14,2.747360688987775e-13,0.0,0.0,0.0,0.0,,,0.0,300.0,60.7888254539563,0.0,0.0
optimal@10s+aware,0,350,2097,1959,0.9341917024320456,0.0658082975679542,0.010968049594659,0.0548402479732951,0.0,238.23012687508265,217.0897924375031,429.6091768247573,226.40687171178467,783.6,10.07554874936192,228.15457812572075,0.197663281212906,0.1240298136427272,0.6783069051443668,1047,4.256924546322827,0.1241686724091675,0.1819400008389493,0.0511751326762699,2.501489807277743,0.0011138480987658,0.0286532951289398,2097,0.0,0.9341917024320456,0.0,0.0,1.0,19357.229902214032,0.0,2.934298485094033e-15,2.711995451532336e-13,0.0,0.0,0.0,0.0,,,0.0,350.0,55.30637114918295,0.0,0.0
optimal@10s+aware,1,350,2097,1961,0.9351454458750597,0.0648545541249403,0.0181211254172627,0.0467334287076776,0.0,222.0995768760088,202.03146940988157,404.3883024385286,214.9977798711708,784.4,8.011218765935746,214.08835811007305,0.1957538715164632,0.1183231949880247,0.6859229334955121,1051,4.73453853472883,0.132205423412288,0.1903499996842583,0.0460652591170825,3.645864289339599,0.0013737459600817,0.0352045670789724,2097,0.0,0.9351454458750597,0.0,0.0,1.0,19540.473486088576,0.0,-9.073369853060992e-15,2.7310739085843865e-13,0.0,0.0,0.0,0.0,,,0.0,350.0,55.82992424596736,0.0,0.0
optimal@10s+aware,2,350,2097,1952,0.9308536003814972,0.0691463996185026,0.0176442536957558,0.0515021459227467,0.0,222.58633345540213,200.58401841407291,409.5345025153575,214.57125037123944,780.8,9.210553278688524,213.37578017671365,0.2045397803050396,0.1184011541135536,0.6770590655814067,1062,4.909604519774011,0.1321120527342456,0.1893900004506578,0.0456638526477359,4.670343707021518,0.0016530567922665,0.0423728813559322,2097,0.0,0.9308536003814972,0.0,0.0,1.0,19342.28896552235,0.0,9.644835021712886e-15,2.7256748770589344e-13,0.0,0.0,0.0,0.0,,,0.0,350.0,55.26368275863529,0.0,0.0
optimal@10s+aware,3,350,2097,1962,0.9356223175965666,0.0643776824034334,0.0171673819742489,0.0472103004291845,0.0,221.9684766485173,206.90074956640228,398.9931856644621,212.9578460841887,784.8,8.6855249745158,213.2829516740015,0.1946678657943109,0.1184873635062662,0.6868447706994228,1032,4.368217054263566,0.135214534887121,0.1928380010031105,0.0503432494279176,3.937563550301776,0.0017375170201563,0.0339147286821705,2097,0.0,0.9356223175965666,0.0,0.0,1.0,19521.71939091413,0.0,-1.0276070401219594e-15,2.7422078652431625e-13,0.0,0.0,0.0,0.0,,,0.0,350.0,55.77634111689752,0.0,0.0
optimal@10s+aware,4,350,2097,1963,0.9360991893180736,0.0639008106819265,0.0157367668097281,0.0481640438721983,0.0,228.93835390546565,209.26319562141816,412.0745628462277,218.81453024466413,785.2,9.078451349974529,219.85990255549112,0.1912330226842921,0.121399855682764,0.6873671216329439,1050,4.309523809523809,0.1310950476250755,0.1913649991001875,0.0400616332819722,3.73344007912219,0.0016371570755819,0.039047619047619,2097,0.0,0.9360991893180736,0.0,0.0,1.0,19552.24428502618,0.0,6.962450087797008e-15,2.730883951644862e-13,0.0,0.0,0.0,0.0,,,0.0,350.0,55.863555100074805,0.0,0.0
optimal@10s+aware,5,350,2097,1957,0.933237958989032,0.066762041010968,0.0119217930376728,0.0548402479732951,0.0,228.0594555751221,208.27536278322623,414.1476672173974,217.4299456926779,782.8,9.68625447112928,218.37320110399284,0.1968046127247016,0.1198763193896695,0.6833190678856288,1042,4.4193857965451055,0.1377934740766129,0.1940470000772617,0.0547996976568405,4.556728728617284,0.0019418817054958,0.0422264875239923,2097,0.0,0.933237958989032,0.0,0.0,1.0,19425.79415040022,0.0,-3.9802374761216653e-16,2.7081907942005063e-13,0.0,0.0,0.0,0.0,,,0.0,350.0,55.50226900114349,0.0,0.0
optimal@10s+aware,0,400,2097,2022,0.9642346208869814,0.0357653791130186,0.0061993323795898,0.0295660467334287,0.0,196.40157069571345,171.18976727961353,365.69256680985575,191.33336183604507,808.8,7.3026706231454,189.09890007256803,0.28830032084128,0.0968988681726898,0.6148008109860302,1021,3.460333006856024,0.1414882468304689,0.1977399999304907,0.0563274502440856,2.7901717684271543,0.0021065561241271,0.0323212536728697,2097,0.0,0.9642346208869814,0.0,0.0,1.0,19973.061049726733,0.0,4.311311171788689e-15,2.742578117571257e-13,0.0,0.0,0.0,0.0,,,0.0,400.0,49.93265262431683,0.0,0.0
optimal@10s+aware,1,400,2097,2004,0.9556509298998568,0.044349070100143,0.0128755364806866,0.0314735336194563,0.0,190.1549405472883,165.302420209337,362.7612655070026,186.4584174334854,801.6,7.6177644710578845,182.5371760762304,0.2918114157666637,0.0924252122075476,0.6157633720257886,1041,4.094140249759846,0.1399142171061827,0.1975999999558551,0.0501710376282782,1.7801491961134812,0.0009194253520267,0.0259365994236311,2097,0.0,0.9556509298998568,0.0,0.0,1.0,19945.283832319285,0.0,7.624417841367891e-15,2.724239108859759e-13,0.0,0.0,0.0,0.0,,,0.0,400.0,49.86320958079821,0.0,0.0
optimal@10s+aware,2,400,2097,1997,0.9523128278493084,0.0476871721506914,0.016213638531235,0.0314735336194563,0.0,185.51847251118204,161.98872837570707,352.4615764668852,182.39799593672683,798.8,7.391086629944917,178.12738588123713,0.3008523656379305,0.0902188954645464,0.608928738897523,1055,4.248341232227488,0.1348023696254825,0.1884460007204325,0.0542900531511009,2.4517700932332387,0.0011805108773609,0.0303317535545023,2097,0.0,0.9523128278493084,0.0,0.0,1.0,19822.65712805551,0.0,5.3988972642663096e-15,2.694053737675988e-13,0.0,0.0,0.0,0.0,,,0.0,400.0,49.55664282013878,0.0,0.0
optimal@10s+aware,3,400,2097,1998,0.9527896995708156,0.0472103004291845,0.0138292799237005,0.033381020505484,0.0,197.06128137009227,173.60463631427774,369.99725663035264,192.3103342528095,799.2,7.638638638638638,189.42264273145364,0.2892421414494008,0.0949306465462729,0.6158272120043261,1039,3.9884504331087594,0.1412750721631064,0.1963099998465622,0.0537878787878787,2.859841965258832,0.0015620432232759,0.0279114533205004,2097,0.0,0.9527896995708156,0.0,0.0,1.0,19950.38001927484,0.0,1.4580706789871926e-15,2.676928859871767e-13,0.0,0.0,0.0,0.0,,,0.0,400.0,49.87595004818711,0.0,0.0
optimal@10s+aware,4,400,2097,2012,0.9594659036719122,0.0405340963280877,0.0104911778731521,0.0300429184549356,0.0,190.57156464130352,164.9304867437163,354.25127695223574,185.80904084169103,804.8,8.166500994035784,182.40506364726767,0.2940578123767898,0.0925540446651472,0.613388142958063,1037,3.799421407907425,0.1345509160818294,0.191364000129397,0.044257916825639,1.9079026731848197,0.0011467405544109,0.0270009643201542,2097,0.0,0.9594659036719122,0.0,0.0,1.0,19976.5257582253,0.0,-4.215757409610435e-16,2.671991190267739e-13,0.0,0.0,0.0,0.0,,,0.0,400.0,49.941314395563246,0.0,0.0
optimal@10s+aware,5,400,2097,2002,0.9546971864568432,0.0453028135431568,0.0081068192656175,0.0371959942775393,0.0,183.7243712348169,159.85832172535265,342.4207324797724,178.95583929758183,800.8,7.427572427572428,176.2967988072445,0.298603947529513,0.0897504590702246,0.6116455934002625,1029,3.7910592808551993,0.1405241982459269,0.199544000570313,0.0459901178259217,1.5514114254464684,0.0009559281852763,0.0252672497570456,2097,0.0,0.9546971864568432,0.0,0.0,1.0,19897.08986847747,0.0,-4.2820669864863184e-15,2.7097693608349533e-13,0.0,0.0,0.0,0.0,,,0.0,400.0,49.74272467119368,0.0,0.0
optimal@10s+aware,0,450,2097,2041,0.9732951835956128,0.0267048164043872,0.0057224606580829,0.0209823557463042,0.0,173.92909842469257,149.03779746168038,332.74195095245705,171.07896699673216,816.4,6.676629103380696,167.25246932131188,0.3688518153504397,0.0772083054853299,0.5539398791642303,1017,3.310717797443461,0.1427740413220554,0.1965079989167862,0.0537998495109104,1.4592345702890788,0.0013246745589786,0.0304818092428711,2097,0.0,0.9732951835956128,0.0,0.0,1.0,20233.58052873913,0.0,1.04679725065588e-14,2.660092191160573e-13,0.0,0.0,0.0,0.0,,,0.0,450.0,44.96351228608695,0.0,0.0
optimal@10s+aware,1,450,2097,2026,0.966142107773009,0.0338578922269909,0.0104911778731521,0.0233667143538388,0.0,168.28061402024483,146.214143630737,324.9741897209842,167.00718181263613,810.4,6.58045409674235,161.7001599235025,0.3708958475114965,0.0748498957047424,0.5542542567837611,1031,3.8554801163918526,0.1501901066761213,0.213370000346913,0.0497153700189753,1.6541659330728895,0.0010177423254902,0.0310378273520853,2097,0.0,0.966142107773009,0.0,0.0,1.0,20208.009394323264,0.0,3.92271495531921e-15,2.6860865182871764e-13,0.0,0.0,0.0,0.0,,,0.0,450.0,44.90668754294059,0.0,0.0
optimal@10s+aware,2,450,2097,2022,0.9642346208869814,0.0357653791130186,0.0133524082021936,0.0224129709108249,0.0,162.72896875176696,136.23775062524555,318.00481589555227,161.41927233168258,808.8,6.860039564787339,155.8689291869796,0.3770862549228503,0.0717042543989354,0.5512094906782141,1041,3.808837656099904,0.1406288184598653,0.1975600007426692,0.0450725744843391,1.3160005433734043,0.0008253571346743,0.0220941402497598,2097,0.0,0.9642346208869814,0.0,0.0,1.0,20134.4727714296,0.0,1.3627960173687627e-14,2.680502264815559e-13,0.0,0.0,0.0,0.0,,,0.0,450.0,44.74327282539912,0.0,0.0
optimal@10s+aware,3,450,2097,2024,0.9651883643299952,0.0348116356700047,0.0100143061516452,0.0247973295183595,0.0,172.39805625337237,148.37159273968473,334.2904996519302,169.80766245277297,809.6,6.946640316205533,165.45141593716684,0.3687636038313543,0.0760154108409785,0.5552209853276672,1026,3.6920077972709553,0.1396290448873059,0.2064750010504212,0.0539826349565873,1.5970681541958558,0.0010907736581085,0.0272904483430799,2097,0.0,0.9651883643299952,0.0,0.0,1.0,20167.092341692274,0.0,-2.6987634788319024e-15,2.723785185102308e-13,0.0,0.0,0.0,0.0,,,0.0,450.0,44.81576075931616,0.0,0.0
optimal@10s+aware,4,450,2097,2033,0.9694802098235574,0.0305197901764425,0.0081068192656175,0.0224129709108249,0.0,170.13552262101103,145.51517943799263,321.1732966593153,166.81500371354556,813.2,6.890309886866699,163.24521273414433,0.3706823383913088,0.0752661484416783,0.5540515131670128,1021,3.3888344760039177,0.1339657198971007,0.1980799999728332,0.0503025718608169,1.4762056121812706,0.0012534743322354,0.0205680705190989,2097,0.0,0.9694802098235574,0.0,0.0,1.0,20263.92539453375,0.0,1.0406497765497778e-14,2.733378916442405e-13,0.0,0.0,0.0,0.0,,,0.0,450.0,45.03094532118612,0.0,0.0
optimal@10s+aware,5,450,2097,2025,0.965665236051502,0.0343347639484978,0.0076299475441106,0.0267048164043872,0.0,166.2942219558732,143.11312042568989,314.203146296306,163.96966345001232,810.0,6.758518518518518,159.5357034373547,0.3735926120851852,0.0737724565558228,0.5526349313589919,1021,3.615083251714006,0.1410156709105998,0.2045400004135444,0.0520754716981132,1.1070581253621834,0.0008062100259051,0.0176297747306562,2097,0.0,0.965665236051502,0.0,0.0,1.0,20173.58336136945,0.0,1.5351231945434262e-17,2.706356400986009e-13,0.0,0.0,0.0,0.0,,,0.0,450.0,44.83018524748766,0.0,0.0
optimal@10s+aware,0,500,2097,2053,0.9790176442536958,0.0209823557463042,0.0057224606580829,0.0152598950882212,0.0,157.06702131687177,132.7971038955302,305.0543297766864,155.68566098438262,821.2,6.363857769118363,150.7031635477534,0.4342768636077518,0.0637626903951945,0.5019604459970537,1005,3.297512437810945,0.145056517380252,0.1993119995313464,0.0491307634164777,0.9616755782362988,0.0009418767415206,0.0189054726368159,2097,0.0,0.9790176442536958,0.0,0.0,1.0,20312.193286212256,0.0,6.176582220194198e-15,2.737168612672443e-13,0.0,0.0,0.0,0.0,,,0.0,500.0,40.62438657242451,0.0,0.0
optimal@10s+aware,1,500,2097,2042,0.9737720553171196,0.0262279446828803,0.0057224606580829,0.0205054840247973,0.0,150.98727476047145,123.8143795022279,291.77650154794355,149.35063641469017,816.8,6.55435847208619,144.43291628838526,0.4355574364105726,0.0617842814148022,0.5026582821746252,1027,3.447906523855891,0.1449993184012352,0.2047699994727736,0.0488081725312145,1.073543916115306,0.0009024690736097,0.0194741966893865,2097,0.0,0.9737720553171196,0.0,0.0,1.0,20367.6685439466,0.0,5.927133851740258e-15,2.673351800024627e-13,0.0,0.0,0.0,0.0,,,0.0,500.0,40.7353370878932,0.0,0.0
optimal@10s+aware,2,500,2097,2036,0.9709108249880782,0.0290891750119217,0.0123986647591797,0.016690510252742,0.0,148.55709080517585,122.69612776096938,293.4397045336707,147.84318514985216,814.4,6.415520628683693,142.14157017649217,0.4393444367968737,0.0604641022640256,0.5001914609391006,1032,3.544573643410853,0.1429878876274591,0.2033379991007677,0.0533484676503972,1.5953225419165626,0.0012524891466788,0.0222868217054263,2097,0.0,0.9709108249880782,0.0,0.0,1.0,20289.487750886987,0.0,1.8932683406181447e-16,2.644101920603935e-13,0.0,0.0,0.0,0.0,,,0.0,500.0,40.578975501773975,0.0,0.0
optimal@10s+aware,3,500,2097,2039,0.9723414401525988,0.027658559847401,0.0076299475441106,0.0200286123032904,0.0,151.11754108948233,125.9781869398721,292.25136668911483,149.43280517008066,815.6,6.667484060814124,144.45005702866823,0.4357979286581736,0.0612103850503358,0.5029916862914905,1017,3.492625368731564,0.1496095378279672,0.2047199998196448,0.0513789195315451,1.4888347647801523,0.0012403809282345,0.015732546705998,2097,0.0,0.9723414401525988,0.0,0.0,1.0,20280.102559742285,0.0,-8.686637589828296e-15,2.7184967807445405e-13,0.0,0.0,0.0,0.0,,,0.0,500.0,40.56020511948457,0.0,0.0
optimal@10s+aware,4,500,2097,2041,0.9732951835956128,0.0267048164043872,0.0061993323795898,0.0205054840247973,0.0,149.74649893648288,122.70934459248474,300.2790843011044,147.38627422115212,816.4,6.811856932876041,142.93464200360685,0.4396654807268088,0.0601009982717269,0.5002335210014642,1016,3.3011811023622046,0.1499172243851302,0.2030799992098764,0.0437262357414448,1.3524074390322374,0.0013015780551541,0.0187007874015748,2097,0.0,0.9732951835956128,0.0,0.0,1.0,20304.153595252486,0.0,-3.894755931561059e-15,2.6804363073393973e-13,0.0,0.0,0.0,0.0,,,0.0,500.0,40.60830719050497,0.0,0.0
optimal@10s+aware,5,500,2097,2039,0.9723414401525988,0.027658559847401,0.0047687172150691,0.0228898426323319,0.0,149.52124286732015,122.14856153371512,294.22673263206434,147.50850956639653,815.6,6.246689553702796,143.27455331361736,0.4413656045785386,0.0605296225252947,0.4981047728961665,1008,3.308531746031746,0.1459781745754501,0.2178370001820439,0.0505279034690799,0.8632057128773444,0.0008449522318443,0.0168650793650793,2097,0.0,0.9723414401525988,0.0,0.0,1.0,20208.608231248345,0.0,1.166610811005824e-14,2.739718974274599e-13,0.0,0.0,0.0,0.0,,,0.0,500.0,40.41721646249669,0.0,0.0
batched_greedy@30s+aware,0,300,2097,1816,0.865999046256557,0.134000953743443,0.0472103004291845,0.0867906533142584,0.0,306.65145670853025,287.1748645479174,511.7760369564021,280.1745964642403,726.4,37.89592511013216,268.75553159839814,0.1137956239553432,0.1481149472964181,0.7380894287482386,363,13.738292011019285,0.0885170798792587,0.2176600001985207,0.0532289628180039,,,,2097,0.0,0.865999046256557,0.0,0.0,1.0,18112.896217820635,0.0,2.0649170087962158e-15,2.7780127684279217e-13,0.0,0.0,0.0,0.0,,,0.0,300.0,60.37632072606879,0.0,0.0
batched_greedy@30s+aware,1,300,2097,1864,0.8888888888888888,0.1111111111111111,0.039103481163567,0.0720076299475441,0.0,297.78920736832066,281.3094418604456,504.8554256118776,278.2539268950268,745.6,30.743562231759658,267.04564513656106,0.0901234747207432,0.153610912748182,0.7562656125310748,362,12.361878453038674,0.0818218232172049,0.2253039994320715,0.0469116497263487,,,,2097,0.0,0.8888888888888888,0.0,0.0,1.0,18597.850196914587,0.0,1.06414638665037e-14,2.783700785378704e-13,0.0,0.0,0.0,0.0,,,0.0,300.0,61.992833989715294,0.0,0.0
batched_greedy@30s+aware,2,300,2097,1847,0.8807820696232713,0.1192179303767286,0.044349070100143,0.0748688602765856,0.0,295.1040779123041,278.56987484825186,494.2885434725617,277.0602032205154,738.8,31.58202490525176,263.5220530070523,0.1034121453615798,0.1503533358939174,0.7462345187445028,362,13.267955801104971,0.0899151933752675,0.2165439997952487,0.052384675527756,,,,2097,0.0,0.8807820696232713,0.0,0.0,1.0,18207.24144357956,0.0,-1.2699941561602763e-14,2.7130941420572346e-13,0.0,0.0,0.0,0.0,,,0.0,300.0,60.690804811931855,0.0,0.0
batched_greedy@30s+aware,3,300,2097,1838,0.8764902241297091,0.1235097758702909,0.0472103004291845,0.0762994754411063,0.0,291.52347473901096,271.48049588169624,487.2900529849135,270.44851571051294,735.2,31.701849836779108,259.82162490223186,0.1013578916399677,0.1467697701697058,0.7518723381903265,368,12.28804347826087,0.0871296195515716,0.2226640004482759,0.0493730407523511,,,,2097,0.0,0.8764902241297091,0.0,0.0,1.0,18326.65234530227,0.0,5.9050817675383735e-15,2.672866160055561e-13,0.0,0.0,0.0,0.0,,,0.0,300.0,61.08884115100757,0.0,0.0
batched_greedy@30s+aware,4,300,2097,1835,0.8750596089651884,0.1249403910348116,0.0429184549356223,0.0820219360991893,0.0,306.5075904002809,293.46542332567697,510.0634088778763,283.545486085709,734.0,35.3700272479564,271.1375631523245,0.0972839450015039,0.1510729614231247,0.7516430935753713,365,13.312328767123288,0.0881082191196196,0.2295999998023037,0.0433412135539795,,,,2097,0.0,0.8750596089651884,0.0,0.0,1.0,18347.580217130675,0.0,9.922429211908757e-16,2.658272028173444e-13,0.0,0.0,0.0,0.0,,,0.0,300.0,61.15860072376891,0.0,0.0
batched_greedy@30s+aware,5,300,2097,1837,0.8760133524082022,0.1239866475917978,0.0491177873152122,0.0748688602765856,0.0,300.545608891874,277.80350380055097,503.9438867655488,279.50457833709766,734.8,36.56831790963528,263.9772909822388,0.1046266877517532,0.1471449731806971,0.7482283390675496,374,13.39572192513369,0.0857080213562461,0.23237799963681,0.058846453624318,,,,2097,0.0,0.8760133524082022,0.0,0.0,1.0,18341.23860288845,0.0,1.9977970768649524e-15,2.661305519392375e-13,0.0,0.0,0.0,0.0,,,0.0,300.0,61.13746200962818,0.0,0.0
batched_greedy@30s+aware,0,350,2097,1954,0.9318073438245112,0.0681926561754888,0.0123986647591797,0.055793991416309,0.0,241.0424403684553,220.53316362167243,432.136279984432,229.0399347744987,781.6,21.68986693961105,219.35257342884427,0.1992654569962985,0.1206645424032719,0.6800700006004294,360,9.11111111111111,0.1114627777800099,0.2420649996383879,0.0490867579908675,,,,2097,0.0,0.9318073438245112,0.0,0.0,1.0,19378.334617149954,0.0,9.73905364406084e-15,2.7670348669009786e-13,0.0,0.0,0.0,0.0,,,0.0,350.0,55.36667033471416,0.0,0.0
batched_greedy@30s+aware,1,350,2097,1966,0.9375298044825942,0.0624701955174058,0.0205054840247973,0.0419647114926084,0.0,231.957485337678,208.0175958143693,418.98729276631184,225.1787918972792,786.4,20.35707019328586,211.60041514439212,0.2001608634783451,0.1168647723027042,0.6829743642189506,361,9.595567867036012,0.1147224377234736,0.2376400003413435,0.0487149980820866,,,,2097,0.0,0.9375298044825942,0.0,0.0,1.0,19571.785261017765,0.0,1.6078468950726072e-15,2.735151316467276e-13,0.0,0.0,0.0,0.0,,,0.0,350.0,55.91938646005076,0.0,0.0
batched_greedy@30s+aware,2,350,2097,1957,0.933237958989032,0.066762041010968,0.0224129709108249,0.044349070100143,0.0,232.39905487007104,208.5046092780085,421.55452939285016,225.7153703297663,782.8,21.35615738375064,211.0428974863204,0.2054210487126734,0.1158059044427265,0.6787730468446002,361,10.022160664819944,0.1127551246638902,0.2542199996241832,0.0417956656346749,,,,2097,0.0,0.933237958989032,0.0,0.0,1.0,19376.49542402894,0.0,1.5056371524553732e-14,2.775069676125397e-13,0.0,0.0,0.0,0.0,,,0.0,350.0,55.36141549722554,0.0,0.0
batched_greedy@30s+aware,3,350,2097,1953,0.9313304721030042,0.0686695278969957,0.0200286123032904,0.0486409155937052,0.0,236.0435265243723,216.01386686597695,413.6420318719414,226.45905922234897,781.2,21.248335893497185,214.79519063087517,0.1977421334298975,0.1175625275772285,0.6846953389928738,360,9.383333333333333,0.1109491666789431,0.245018999303284,0.0551330798479087,,,,2097,0.0,0.9313304721030042,0.0,0.0,1.0,19495.69612239037,0.0,-2.9696902614653445e-15,2.7687427363610453e-13,0.0,0.0,0.0,0.0,,,0.0,350.0,55.701988921115344,0.0,0.0
batched_greedy@30s+aware,4,350,2097,1957,0.933237958989032,0.066762041010968,0.0205054840247973,0.0462565569861707,0.0,231.7015286008631,208.142468860623,423.0238650660609,222.98913561010724,782.8,20.35258048032703,211.34894812053608,0.198711201819498,0.1164519266527593,0.6848368715277426,360,9.40277777777778,0.1138541666477976,0.240148000266345,0.0469050365244136,,,,2097,0.0,0.933237958989032,0.0,0.0,1.0,19560.064826424485,0.0,-4.665546323207607e-15,2.711517492113844e-13,0.0,0.0,0.0,0.0,,,0.0,350.0,55.885899504069954,0.0,0.0
batched_greedy@30s+aware,5,350,2097,1948,0.9289461134954696,0.0710538865045302,0.0195517405817835,0.0515021459227467,0.0,240.77624690012456,218.6977716007832,432.6264479248215,230.55915369445813,779.2,22.923511293634498,217.85273560649009,0.2010603846143438,0.1176290756384566,0.6813105397471996,361,9.74792243767313,0.1041315789233297,0.220119999721646,0.0608695652173913,,,,2097,0.0,0.9289461134954696,0.0,0.0,1.0,19387.78577606765,0.0,1.2233882626998851e-14,2.715528007796096e-13,0.0,0.0,0.0,0.0,,,0.0,350.0,55.39367364590758,0.0,0.0
batched_greedy@30s+aware,0,400,2097,2018,0.9623271340009536,0.0376728659990462,0.010968049594659,0.0267048164043872,0.0,204.2362511873212,181.11356272564308,373.87487750059074,200.22426346704583,807.2,18.670961347869177,185.56528983945205,0.2936979082007314,0.0942763743743835,0.6120257174248851,360,8.502777777777778,0.1289691666746269,0.2601710014096171,0.0493920972644376,,,,2097,0.0,0.9623271340009536,0.0,0.0,1.0,19958.41597003536,0.0,5.27361438297666e-15,2.7481507874327e-13,0.0,0.0,0.0,0.0,,,0.0,400.0,49.8960399250884,0.0,0.0
batched_greedy@30s+aware,1,400,2097,1997,0.9523128278493084,0.0476871721506914,0.016213638531235,0.0314735336194563,0.0,199.57632252331055,171.0836510354784,373.2575903167014,195.9456779954708,798.8,19.404606910365548,180.17171561294504,0.2964848077369092,0.0905554366443794,0.6129597556187113,360,9.047222222222222,0.1317408333104847,0.2515139993192865,0.0477646159724875,,,,2097,0.0,0.9523128278493084,0.0,0.0,1.0,19863.98176075764,0.0,1.4012493385614494e-14,2.7414692115489125e-13,0.0,0.0,0.0,0.0,,,0.0,400.0,49.6599544018941,0.0,0.0
batched_greedy@30s+aware,2,400,2097,1999,0.9532665712923224,0.0467334287076776,0.0214592274678111,0.0252742012398664,0.0,194.80240845109017,169.37199071862688,364.73838051810856,193.57513122179745,799.6,19.257628814407205,175.544779636683,0.3044211267282599,0.0881544823359241,0.6074243909358159,361,9.457063711911358,0.1377091413003684,0.2561399996920952,0.0498275201226523,,,,2097,0.0,0.9532665712923224,0.0,0.0,1.0,19815.77188762913,0.0,1.4266837947259139e-15,2.768935100659625e-13,0.0,0.0,0.0,0.0,,,0.0,400.0,49.53942971907281,0.0,0.0
batched_greedy@30s+aware,3,400,2097,1995,0.9513590844062948,0.0486409155937052,0.0176442536957558,0.0309966618979494,0.0,199.6390047466133,174.29644445551003,373.24877954399415,195.5941887629235,798.0,18.764912280701758,180.87409246591156,0.2967355066361643,0.0908813708304836,0.612383122533352,360,8.813888888888888,0.1367930556069849,0.2614369999537304,0.049980923311713,,,,2097,0.0,0.9513590844062948,0.0,0.0,1.0,19853.152058934083,0.0,4.956881466135937e-15,2.7177280197949976e-13,0.0,0.0,0.0,0.0,,,0.0,400.0,49.63288014733521,0.0,0.0
batched_greedy@30s+aware,4,400,2097,2004,0.9556509298998568,0.044349070100143,0.0138292799237005,0.0305197901764425,0.0,196.17419102297643,171.31432690114366,364.7552262163973,191.39428910895765,801.6,18.58682634730539,177.58736467567104,0.2977651080892354,0.0898652502523073,0.6123696416584572,360,8.497222222222222,0.1297341665930515,0.2634659999603173,0.0414428242517267,,,,2097,0.0,0.9556509298998568,0.0,0.0,1.0,19930.24528255076,0.0,1.8366767410575292e-14,2.7115901008267044e-13,0.0,0.0,0.0,0.0,,,0.0,400.0,49.825613206376886,0.0,0.0
batched_greedy@30s+aware,5,400,2097,2003,0.95517405817835,0.0448259418216499,0.0123986647591797,0.0324272770624701,0.0,195.49548149213385,170.07280411794818,363.1128198308597,191.53146303563767,801.2,18.935097353969045,176.5603841381648,0.2994104585942789,0.0895493642004696,0.6110401772052515,361,8.681440443213296,0.1325941828331943,0.2750399988144634,0.0515737580583997,,,,2097,0.0,0.95517405817835,0.0,0.0,1.0,19927.80977076669,0.0,7.338224996314216e-15,2.698452766500707e-13,0.0,0.0,0.0,0.0,,,0.0,400.0,49.81952442691672,0.0,0.0
batched_greedy@30s+aware,0,450,2097,2027,0.966618979494516,0.033381020505484,0.0081068192656175,0.0252742012398664,0.0,182.985032896234,159.561647425493,344.60358441441343,180.14984104046343,810.8,18.493339911198817,164.49169298503514,0.3759152802130197,0.0752820794209579,0.5488026403660223,360,8.355555555555556,0.1503416666158349,0.2878669997699037,0.0513983371126228,,,,2097,0.0,0.966618979494516,0.0,0.0,1.0,20028.56365028422,0.0,1.2164363689445004e-14,2.7138670634328565e-13,0.0,0.0,0.0,0.0,,,0.0,450.0,44.50791922285383,0.0,0.0
batched_greedy@30s+aware,1,450,2097,2022,0.9642346208869814,0.0357653791130186,0.0119217930376728,0.0238435860753457,0.0,176.9297954988121,153.60841277091868,337.4349589371904,175.49430684223137,808.8,17.719584569732937,159.21021092907915,0.3750866389384373,0.0738836936031797,0.5510296674583829,360,8.575,0.149289722200289,0.2821889988263138,0.0457840518885921,,,,2097,0.0,0.9642346208869814,0.0,0.0,1.0,20092.58690783624,0.0,5.267135227806232e-15,2.715669210553042e-13,0.0,0.0,0.0,0.0,,,0.0,450.0,44.65019312852498,0.0,0.0
batched_greedy@30s+aware,2,450,2097,2014,0.960419647114926,0.0395803528850739,0.016690510252742,0.0228898426323319,0.0,171.0924132203376,146.6814753500405,325.87164383938466,170.46905651035533,805.6,17.925521350546177,153.1668918697914,0.3816676163473342,0.0705660779894521,0.5477663056632136,361,8.736842105263158,0.1447254847957274,0.2894199991715138,0.0470183486238532,,,,2097,0.0,0.960419647114926,0.0,0.0,1.0,20000.29480568627,0.0,-5.888702303006838e-15,2.657906996117211e-13,0.0,0.0,0.0,0.0,,,0.0,450.0,44.44509956819171,0.0,0.0
batched_greedy@30s+aware,3,450,2097,2008,0.9575584167858846,0.0424415832141154,0.016690510252742,0.0257510729613733,0.0,179.50001674686894,155.62321194138076,344.96803667681803,177.04979763994643,803.2,17.95816733067729,161.54184941619164,0.3766718797989056,0.0735788724536229,0.5497492477474714,360,8.58611111111111,0.1496580556047572,0.2819100001033803,0.0481283422459893,,,,2097,0.0,0.9575584167858846,0.0,0.0,1.0,20012.22441577214,0.0,-3.113932308111993e-16,2.688172836166499e-13,0.0,0.0,0.0,0.0,,,0.0,450.0,44.471609812826976,0.0,0.0
batched_greedy@30s+aware,4,450,2097,2036,0.9709108249880782,0.0290891750119217,0.0061993323795898,0.0228898426323319,0.0,181.14896447432133,155.00988868699278,332.34557525041055,177.8814994961668,814.4,19.18222003929273,161.9667444350286,0.3723056555196868,0.0745031822993616,0.5531911621809515,360,8.283333333333333,0.1424580555471443,0.2850739998029895,0.0495086923658352,,,,2097,0.0,0.9709108249880782,0.0,0.0,1.0,20237.983035610006,0.0,-1.5093798291564015e-16,2.746111567785996e-13,0.0,0.0,0.0,0.0,,,0.0,450.0,44.97329563468891,0.0,0.0
batched_greedy@30s+aware,5,450,2097,2022,0.9642346208869814,0.0357653791130186,0.0114449213161659,0.0243204577968526,0.0,176.88115672044378,153.66895531033833,332.18507404796725,174.7057595045562,808.8,18.54055390702275,158.34060281342104,0.3778441822307821,0.0728667198048614,0.5492890979643565,360,8.497222222222222,0.1480927777922463,0.2940589998797809,0.0511557408109132,,,,2097,0.0,0.9642346208869814,0.0,0.0,1.0,20071.554385432915,0.0,3.742912123770904e-15,2.64530017848778e-13,0.0,0.0,0.0,0.0,,,0.0,450.0,44.60345418985092,0.0,0.0
batched_greedy@30s+aware,0,500,2097,2045,0.9752026704816404,0.0247973295183595,0.0061993323795898,0.0185979971387696,0.0,168.70897660553518,144.8531333460096,324.33491065352973,166.43648940350175,818.0,18.08557457212714,150.62340203340804,0.4360494867926753,0.0635041230634117,0.5004463901439129,360,8.022222222222222,0.1592227777715985,0.3098369999133869,0.0505851264628161,,,,2097,0.0,0.9752026704816404,0.0,0.0,1.0,20270.687128991744,0.0,-2.2111082321238814e-15,2.7249357348107413e-13,0.0,0.0,0.0,0.0,,,0.0,500.0,40.54137425798349,0.0,0.0
batched_greedy@30s+aware,1,500,2097,2041,0.9732951835956128,0.0267048164043872,0.0085836909871244,0.0181211254172627,0.0,162.37371609920504,138.94385765381094,309.1685214572626,161.50804880042264,816.4,17.96815286624204,144.405563232963,0.4365050911521786,0.0613893711571764,0.502105537690645,361,8.3601108033241,0.1602875345723637,0.3095999985816883,0.0517958412098298,,,,2097,0.0,0.9732951835956128,0.0,0.0,1.0,20354.52833004793,0.0,4.9130496611535585e-16,2.6768809826510333e-13,0.0,0.0,0.0,0.0,,,0.0,500.0,40.70905666009586,0.0,0.0
batched_greedy@30s+aware,2,500,2097,2027,0.966618979494516,0.033381020505484,0.0138292799237005,0.0195517405817835,0.0,160.1338601348932,133.90575069129318,305.08663237959684,159.45141228440806,810.8,18.1677355698076,141.9661245650856,0.4433573771308244,0.0593872740211598,0.4972553488480157,360,8.511111111111111,0.1618916666504649,0.3151790001720656,0.0537675123059447,,,,2097,0.0,0.966618979494516,0.0,0.0,1.0,20171.19523810963,0.0,4.280082290888418e-15,2.700763474068707e-13,0.0,0.0,0.0,0.0,,,0.0,500.0,40.34239047621927,0.0,0.0
batched_greedy@30s+aware,3,500,2097,2038,0.971864568431092,0.0281354315689079,0.0090605627086313,0.0190748688602765,0.0,167.85113282337133,141.5893082849352,322.7129411826714,165.8511663391567,815.2,18.941609421000983,148.90952340237035,0.4379496710575984,0.0623961782098345,0.499654150732567,360,8.369444444444444,0.1603236111047105,0.2993399991100888,0.0585585585585585,,,,2097,0.0,0.971864568431092,0.0,0.0,1.0,20211.659201175637,0.0,-2.001234201797338e-15,2.7112801154777243e-13,0.0,0.0,0.0,0.0,,,0.0,500.0,40.42331840235126,0.0,0.0
batched_greedy@30s+aware,4,500,2097,2042,0.9737720553171196,0.0262279446828803,0.0057224606580829,0.0205054840247973,0.0,162.31648720548066,131.91620694744324,314.9614207111403,159.9377443620572,816.8,18.546033300685604,143.77045390479506,0.4393330619185479,0.0607860727001591,0.499880865381293,360,8.125,0.1609858333368821,0.3071570004794923,0.0447987851176917,,,,2097,0.0,0.9737720553171196,0.0,0.0,1.0,20290.26531607672,0.0,-2.9046305028195083e-15,2.7027678169317377e-13,0.0,0.0,0.0,0.0,,,0.0,500.0,40.58053063215345,0.0,0.0
batched_greedy@30s+aware,5,500,2097,2037,0.9713876967095852,0.0286123032904148,0.0057224606580829,0.0228898426323319,0.0,160.0569037654234,133.84228319290196,304.8258710930117,157.90546208230066,814.8,17.274423171330387,142.78248059409302,0.4405381428088139,0.0605836800787873,0.4988781771123987,361,7.955678670360111,0.1539088642003609,0.3119199998764088,0.0502076255190638,,,,2097,0.0,0.9713876967095852,0.0,0.0,1.0,20204.286603334367,0.0,1.9500683182458714e-14,2.7214536738807656e-13,0.0,0.0,0.0,0.0,,,0.0,500.0,40.408573206668734,0.0,0.0
optimal@30s+aware,0,300,2097,1838,0.8764902241297091,0.1235097758702909,0.0424415832141154,0.0810681926561754,0.0,306.8011098423542,288.40714279087297,502.9268376253401,282.57092894966166,735.2,35.35038084874864,271.4507289936056,0.1035310058126786,0.1523316042995199,0.7441373898878014,365,13.073972602739726,0.1667810958903442,0.2372599993395853,0.0570430733410943,38.77748613027251,0.0049657930815515,0.2794520547945205,2097,0.0,0.8764902241297091,0.0,0.0,1.0,18224.867061082543,0.0,8.532891477184337e-15,2.793586906959525e-13,0.0,0.0,0.0,0.0,,,0.0,300.0,60.749556870275136,0.0,0.0
optimal@30s+aware,1,300,2097,1849,0.8817358130662851,0.1182641869337148,0.0395803528850739,0.0786838340486409,0.0,300.7984409690844,288.1689251044263,501.7361692608098,279.30588443127607,739.6,31.193077339102217,269.6053636299821,0.0910214078002455,0.1542163909550933,0.7547622012446611,364,12.453296703296704,0.166549725276087,0.2204100004018983,0.0469483568075117,42.91106499597321,0.0059341876767124,0.3021978021978022,2097,0.0,0.8817358130662851,0.0,0.0,1.0,18439.91409508924,0.0,7.0905363186552455e-15,2.7750411787607397e-13,0.0,0.0,0.0,0.0,,,0.0,300.0,61.46638031696412,0.0,0.0
optimal@30s+aware,2,300,2097,1866,0.8898426323319027,0.1101573676680972,0.0400572246065808,0.0701001430615164,0.0,294.6256559656703,279.8200583902071,489.6671475948047,277.36239549242,746.4,29.94855305466238,264.677102911008,0.0965822998434092,0.1529713203242419,0.7504463798323489,362,12.640883977900552,0.1655546961830512,0.2249390004180895,0.0529182879377431,38.73154451792311,0.005336925832312,0.2679558011049723,2097,0.0,0.8898426323319027,0.0,0.0,1.0,18441.89456546112,0.0,1.7392304102809526e-15,2.776837947387647e-13,0.0,0.0,0.0,0.0,,,0.0,300.0,61.47298188487039,0.0,0.0
optimal@30s+aware,3,300,2097,1845,0.8798283261802575,0.1201716738197424,0.0395803528850739,0.0805913209346685,0.0,298.1657392320395,287.22236387612975,477.5614377425231,275.2736903741695,738.0,29.420054200542005,268.74568503149754,0.0900079438850188,0.1522584526736239,0.7577336034413572,365,11.605479452054794,0.1565849314916604,0.2245440008846345,0.0472103004291845,44.98555420794784,0.0070373122435464,0.3068493150684931,2097,0.0,0.8798283261802575,0.0,0.0,1.0,18385.94315990546,0.0,-6.241800211290961e-15,2.7262600487881534e-13,0.0,0.0,0.0,0.0,,,0.0,300.0,61.28647719968487,0.0,0.0
optimal@30s+aware,4,300,2097,1845,0.8798283261802575,0.1201716738197424,0.0410109680495946,0.0791607057701478,0.0,300.2484158306769,289.24005615596616,499.22046475794485,277.75152566666907,738.0,33.74525745257453,266.5031583781023,0.0947652524245501,0.1491099688791312,0.7561247786963186,365,12.704109589041096,0.1637673972615866,0.2294039999105735,0.0481220657276995,38.35600301717287,0.0051924359871594,0.2657534246575342,2097,0.0,0.8798283261802575,0.0,0.0,1.0,18464.12246688372,0.0,2.069046530011457e-15,2.779560381920511e-13,0.0,0.0,0.0,0.0,,,0.0,300.0,61.5470748896124,0.0,0.0
optimal@30s+aware,5,300,2097,1847,0.8807820696232713,0.1192179303767286,0.0414878397711015,0.077730090605627,0.0,302.6893872635248,284.4722018823172,499.5170415488926,281.555153653002,738.8,33.18678938819708,269.5025978753277,0.092272811752312,0.1535778314602865,0.7541493567874014,366,12.885245901639344,0.1647554644989979,0.2181800005018886,0.0584365325077399,40.17162203689514,0.0053151046225299,0.2923497267759563,2097,0.0,0.8807820696232713,0.0,0.0,1.0,18407.353558574152,0.0,7.746916264953447e-15,2.6800867967793697e-13,0.0,0.0,0.0,0.0,,,0.0,300.0,61.35784519524717,0.0,0.0
optimal@30s+aware,0,350,2097,1964,0.9365760610395804,0.0634239389604196,0.0114449213161659,0.0519790176442536,0.0,245.90569609702032,226.27288331723597,427.2670323958205,235.24214093839652,785.6,20.65733197556008,225.24836412146024,0.1966721231165364,0.1231506482365082,0.6801772286469553,361,9.0,0.1714462603538631,0.224240000534337,0.0490494296577946,32.98702702676716,0.0094948035559725,0.2548476454293629,2097,0.0,0.9365760610395804,0.0,0.0,1.0,19466.34944294519,0.0,8.697274627124648e-15,2.769126860377486e-13,0.0,0.0,0.0,0.0,,,0.0,350.0,55.61814126555768,0.0,0.0
optimal@30s+aware,1,350,2097,1971,0.9399141630901288,0.0600858369098712,0.0176442536957558,0.0424415832141154,0.0,232.69176940764888,212.49742684270905,411.4208214110886,225.16208688320435,788.4,19.7843734145104,212.9073959931385,0.191214711634778,0.118322170426492,0.6904631179387299,361,9.25207756232687,0.1664850415861949,0.2330800005438504,0.0478743776330907,27.882131359999025,0.0077741175230595,0.2437673130193905,2097,0.0,0.9399141630901288,0.0,0.0,1.0,19668.308730867524,0.0,1.0188591613099865e-15,2.745994423448013e-13,0.0,0.0,0.0,0.0,,,0.0,350.0,56.19516780247864,0.0,0.0
optimal@30s+aware,2,350,2097,1965,0.9370529327610873,0.0629470672389127,0.0228898426323319,0.0400572246065808,0.0,227.235572664368,205.7463774062653,402.98502359782754,221.73053586762853,786.0,19.44325699745547,207.79231566691251,0.2051169722632516,0.1155159618201469,0.6793670659166015,360,9.669444444444444,0.1701661110524178,0.231448999456916,0.0432766615146831,29.65302508910014,0.0075203007398164,0.2277777777777777,2097,0.0,0.9370529327610873,0.0,0.0,1.0,19410.45470490792,0.0,8.414869027764494e-15,2.791913152462051e-13,0.0,0.0,0.0,0.0,,,0.0,350.0,55.45844201402263,0.0,0.0
optimal@30s+aware,3,350,2097,1968,0.938483547925608,0.0615164520743919,0.0171673819742489,0.044349070100143,0.0,240.39381356860125,223.32982761340557,418.6089703695355,231.43943859532067,787.2,21.3739837398374,219.01982982876385,0.189611539427829,0.1208284563766533,0.6895600041955178,360,9.275,0.1696505555022061,0.2291870003136864,0.0532117065754466,35.4966362973417,0.0099050852731029,0.2611111111111111,2097,0.0,0.938483547925608,0.0,0.0,1.0,19632.236499038736,0.0,3.81808406029627e-16,2.721210790576972e-13,0.0,0.0,0.0,0.0,,,0.0,350.0,56.09210428296781,0.0,0.0
optimal@30s+aware,4,350,2097,1965,0.9370529327610873,0.0629470672389127,0.0195517405817835,0.0433953266571292,0.0,234.94536418935095,214.00612011874276,417.24934300653314,226.54603594581604,786.0,20.00814249363868,214.9372216957123,0.1928575099757508,0.1182925848523815,0.6888499051718675,361,9.263157894736842,0.1662678670246474,0.2301799999258946,0.0494252873563218,28.549676109534687,0.0079089851792115,0.224376731301939,2097,0.0,0.9370529327610873,0.0,0.0,1.0,19656.2576693622,0.0,-4.837295393196306e-15,2.798914620004624e-13,0.0,0.0,0.0,0.0,,,0.0,350.0,56.16073619817771,0.0,0.0
optimal@30s+aware,5,350,2097,1952,0.9308536003814972,0.0691463996185026,0.0123986647591797,0.0567477348593228,0.0,242.1658625078168,223.3052614421017,421.0007958862119,230.82871001084584,780.8,22.15829918032787,220.00756332748887,0.1964054865589287,0.119722000211193,0.6838725132298782,360,9.358333333333333,0.1672541666115042,0.2272920000177692,0.053030303030303,30.43320345897442,0.008191129165365,0.2361111111111111,2097,0.0,0.9308536003814972,0.0,0.0,1.0,19452.271196693662,0.0,1.0467037073146352e-14,2.671141996115768e-13,0.0,0.0,0.0,0.0,,,0.0,350.0,55.577917704839045,0.0,0.0
optimal@30s+aware,0,400,2097,2014,0.960419647114926,0.0395803528850739,0.0085836909871244,0.0309966618979494,0.0,198.92269695148084,179.3770079026408,356.6096256705908,194.272398239817,805.6,17.844587884806355,181.0781090666745,0.2963533097540474,0.0924048687216319,0.6112418215243207,361,8.240997229916898,0.1697069252218788,0.2312000004167201,0.0518154311649016,18.951527263778623,0.0081872510503038,0.1745152354570637,2097,0.0,0.960419647114926,0.0,0.0,1.0,19900.81158546276,0.0,9.571511629181487e-15,2.735854133993079e-13,0.0,0.0,0.0,0.0,,,0.0,400.0,49.75202896365689,0.0,0.0
optimal@30s+aware,1,400,2097,1999,0.9532665712923224,0.0467334287076776,0.0138292799237005,0.0329041487839771,0.0,203.32564631098336,181.90959479403136,371.4417988666159,199.4431862193921,799.6,18.82441220610305,184.50123410488035,0.2929979161433368,0.0930036154926648,0.6139984683639983,361,8.878116343490305,0.1728767312010166,0.2392800008237826,0.045854031333588,17.434306279009533,0.0058685762815505,0.1717451523545706,2097,0.0,0.9532665712923224,0.0,0.0,1.0,19904.51342176621,0.0,4.395572339216278e-15,2.7270098802079466e-13,0.0,0.0,0.0,0.0,,,0.0,400.0,49.76128355441553,0.0,0.0
optimal@30s+aware,2,400,2097,1998,0.9527896995708156,0.0472103004291845,0.0176442536957558,0.0295660467334287,0.0,193.9494113135572,171.67443076377708,362.843489518986,191.1911954937939,799.2,18.726226226226228,175.22318508733096,0.2999955481007259,0.0884705798943184,0.6115338720049558,361,9.024930747922438,0.1790110802926833,0.2540400004363616,0.0471083875909613,17.269130074661827,0.0057157461240769,0.1717451523545706,2097,0.0,0.9527896995708156,0.0,0.0,1.0,19892.652146912555,0.0,8.856001239872822e-15,2.7772156724264963e-13,0.0,0.0,0.0,0.0,,,0.0,400.0,49.73163036728139,0.0,0.0
optimal@30s+aware,3,400,2097,2000,0.9537434430138292,0.0462565569861707,0.016213638531235,0.0300429184549356,0.0,201.70364764160243,178.2621128968265,367.4878486545785,197.6293884844816,800.0,19.1915,182.51214764160244,0.2933144334362644,0.0918549115884117,0.6148306549753237,360,8.825,0.1716388888881839,0.241827000209014,0.0495615707205489,22.316357304741462,0.0078555511780571,0.2111111111111111,2097,0.0,0.9537434430138292,0.0,0.0,1.0,19958.543381699583,0.0,2.3572255258841323e-15,2.710773827629965e-13,0.0,0.0,0.0,0.0,,,0.0,400.0,49.89635845424897,0.0,0.0
optimal@30s+aware,4,400,2097,2007,0.9570815450643776,0.0429184549356223,0.0152598950882212,0.027658559847401,0.0,194.16449780202785,172.1343179854939,345.3019907986622,189.89056355821387,802.8,18.61783756851021,175.5466602335176,0.2965398300694478,0.0893477632850568,0.6141124066454954,361,8.484764542936288,0.1679058171240912,0.2282600002217804,0.0436781609195402,17.793383500938354,0.0070502426602976,0.1745152354570637,2097,0.0,0.9570815450643776,0.0,0.0,1.0,19943.981476824247,0.0,7.107640059194674e-15,2.672558515079032e-13,0.0,0.0,0.0,0.0,,,0.0,400.0,49.85995369206062,0.0,0.0
optimal@30s+aware,5,400,2097,2005,0.956127801621364,0.0438721983786361,0.0090605627086313,0.0348116356700047,0.0,195.9387520571829,174.12610198942366,353.67541130462695,191.4314921867737,802.0,19.85436408977556,176.08438796740737,0.2969667983090188,0.0895531088334434,0.6134800928575377,360,8.755555555555556,0.1812638889027261,0.2448190003269702,0.0546551074255559,21.676139889337637,0.0080225477117192,0.2,2097,0.0,0.956127801621364,0.0,0.0,1.0,19965.557798793157,0.0,6.7412963546117234e-15,2.73588190063499e-13,0.0,0.0,0.0,0.0,,,0.0,400.0,49.91389449698288,0.0,0.0
optimal@30s+aware,0,450,2097,2029,0.9675727229375298,0.0324272770624701,0.0076299475441106,0.0247973295183595,0.0,180.2442314722244,157.07162034244175,339.4242519971871,177.01936775046977,811.6,17.724494825036963,162.5197366471874,0.3742729104192461,0.0751439904165121,0.5505830991642418,360,8.088888888888889,0.17808333321025,0.2581710003323682,0.0488636363636363,19.510984698888937,0.0098761331448203,0.1888888888888888,2097,0.0,0.9675727229375298,0.0,0.0,1.0,20097.73202491706,0.0,6.5136002391019536e-15,2.753957184963531e-13,0.0,0.0,0.0,0.0,,,0.0,450.0,44.66162672203791,0.0,0.0
optimal@30s+aware,1,450,2097,2030,0.9680495946590368,0.0319504053409632,0.010968049594659,0.0209823557463042,0.0,179.55946792147242,158.55829384443723,327.981246681456,178.15903609292525,812.0,17.49704433497537,162.06242358649703,0.3710806185583702,0.0748595091331761,0.5540598723084535,360,8.438888888888888,0.1757155556232545,0.249992000808561,0.0468392993145468,16.12441979317022,0.0069675136162072,0.1916666666666666,2097,0.0,0.9680495946590368,0.0,0.0,1.0,20241.06147312576,0.0,3.193942100399465e-15,2.6534308412225484e-13,0.0,0.0,0.0,0.0,,,0.0,450.0,44.98013660694613,0.0,0.0
optimal@30s+aware,2,450,2097,2020,0.9632808774439676,0.0367191225560324,0.0147830233667143,0.021936099189318,0.0,171.71655031084845,145.01570837861846,327.0265730349751,170.84530747302713,808.0,18.072772277227724,153.64377803362072,0.3785546193838348,0.071208402955856,0.5502369776603092,361,8.6398891966759,0.1827531855660129,0.2401400000962894,0.0498477929984779,12.895322783188298,0.0052860257295959,0.1218836565096952,2097,0.0,0.9632808774439676,0.0,0.0,1.0,20102.03556631649,0.0,-2.4829423445775283e-15,2.713934687542608e-13,0.0,0.0,0.0,0.0,,,0.0,450.0,44.671190147369984,0.0,0.0
optimal@30s+aware,3,450,2097,2010,0.9585121602288984,0.0414878397711015,0.0147830233667143,0.0267048164043872,0.0,180.92699586578811,157.68133871281134,344.8018914477652,178.09395965303565,804.0,18.31492537313433,162.61207049265383,0.3737620334867492,0.0741256974538996,0.5521122690593511,360,8.572222222222223,0.1743977777651808,0.2420519999213867,0.0527514231499051,13.30336496592016,0.0055159011978478,0.1638888888888889,2097,0.0,0.9585121602288984,0.0,0.0,1.0,20057.83722437823,0.0,4.316723871666927e-15,2.661428844030479e-13,0.0,0.0,0.0,0.0,,,0.0,450.0,44.57297160972939,0.0,0.0
optimal@30s+aware,4,450,2097,2039,0.9723414401525988,0.027658559847401,0.0076299475441106,0.0200286123032904,0.0,179.09697033088196,156.04013976667557,326.3765549254107,176.50446949794014,815.6,18.15301618440412,160.94395414647784,0.3710123183474889,0.074487792700562,0.554499888951949,361,8.10803324099723,0.1776839335157356,0.2534399995056444,0.0463173880030372,13.171488808667972,0.0065819285917268,0.1578947368421052,2097,0.0,0.9723414401525988,0.0,0.0,1.0,20288.35209422624,0.0,-3.399819796841333e-15,2.703159477087041e-13,0.0,0.0,0.0,0.0,,,0.0,450.0,45.08522687605832,0.0,0.0
optimal@30s+aware,5,450,2097,2026,0.966142107773009,0.0338578922269909,0.0104911778731521,0.0233667143538388,0.0,176.34862682134198,154.68407865241443,317.6180365549135,174.15920242099662,810.4,18.16485686080948,158.18376996053252,0.3757935056307486,0.073103795658735,0.5511026987105164,360,8.366666666666667,0.180565555577535,0.24433999975372,0.049677664012135,9.69194317469891,0.0044221202725018,0.1416666666666666,2097,0.0,0.966142107773009,0.0,0.0,1.0,20134.3404992713,0.0,7.383805095266144e-15,2.6900890202476214e-13,0.0,0.0,0.0,0.0,,,0.0,450.0,44.74297888726956,0.0,0.0
optimal@30s+aware,0,500,2097,2045,0.9752026704816404,0.0247973295183595,0.0057224606580829,0.0190748688602765,0.0,164.61333731936554,144.4840710639619,309.4561116388311,162.46153458655,818.0,17.526650366748168,147.08668695261738,0.4369654399074223,0.0621244946625858,0.500910065429992,360,7.9222222222222225,0.1770158333379691,0.2548019994901555,0.0466085638499431,9.293364553217796,0.0055217363649902,0.1194444444444444,2097,0.0,0.9752026704816404,0.0,0.0,1.0,20259.116983576874,0.0,-2.5407548925407004e-16,2.703593393713399e-13,0.0,0.0,0.0,0.0,,,0.0,500.0,40.51823396715376,0.0,0.0
optimal@30s+aware,1,500,2097,2041,0.9732951835956128,0.0267048164043872,0.0071530758226037,0.0195517405817835,0.0,160.4076785745374,137.7359482213892,305.8512106603166,159.2931166557913,816.4,17.70700636942675,142.70067220511064,0.4360915282556393,0.0608994176410218,0.5030090541033388,361,8.249307479224377,0.1807163435108947,0.2473400003509594,0.0510204081632653,10.641913800253503,0.0054406929724272,0.1218836565096952,2097,0.0,0.9732951835956128,0.0,0.0,1.0,20350.04903690265,0.0,-5.65892805966704e-15,2.6565281631069985e-13,0.0,0.0,0.0,0.0,,,0.0,500.0,40.7000980738053,0.0,0.0
optimal@30s+aware,2,500,2097,2036,0.9709108249880782,0.0290891750119217,0.0128755364806866,0.016213638531235,0.0,159.989935174862,134.40107726123915,306.7445063133655,159.53982357881247,814.4,17.68811394891945,142.30182122594258,0.4399238581323669,0.0602082712451458,0.4998678706224872,361,8.326869806094184,0.1849509695058861,0.2573600002506281,0.0515737580583997,8.419334071934477,0.0041623103816366,0.1163434903047091,2097,0.0,0.9709108249880782,0.0,0.0,1.0,20274.39692020478,0.0,-9.906941017382045e-16,2.7167397342897244e-13,0.0,0.0,0.0,0.0,,,0.0,500.0,40.548793840409566,0.0,0.0
optimal@30s+aware,3,500,2097,2037,0.9713876967095852,0.0286123032904148,0.0090605627086313,0.0195517405817835,0.0,164.19382622817724,140.1399033867392,309.71740830530985,162.11637477280323,814.8,18.49926362297496,145.69456260520226,0.4379434672581395,0.0614064439530469,0.5006500887888135,360,8.266666666666667,0.1843250000092666,0.2449559999149642,0.0546551074255559,11.830019024238888,0.0060627226912563,0.1527777777777778,2097,0.0,0.9713876967095852,0.0,0.0,1.0,20226.234243270195,0.0,-5.9530191282110015e-15,2.688329022656113e-13,0.0,0.0,0.0,0.0,,,0.0,500.0,40.45246848654039,0.0,0.0
optimal@30s+aware,4,500,2097,2044,0.9747257987601337,0.0252742012398664,0.0081068192656175,0.0171673819742489,0.0,160.95842704741727,133.83806368586465,304.5232679747812,159.0326244630401,817.6,18.503424657534246,142.45500238988302,0.4406417947475731,0.0602156197090042,0.4991425855434226,360,8.16388888888889,0.1799041666951476,0.2441319998979453,0.0448839863065804,10.821803078579617,0.0057637785769658,0.125,2097,0.0,0.9747257987601337,0.0,0.0,1.0,20261.616341925856,0.0,1.7433325928751968e-15,2.705520087156205e-13,0.0,0.0,0.0,0.0,,,0.0,500.0,40.52323268385171,0.0,0.0
optimal@30s+aware,5,500,2097,2043,0.9742489270386266,0.0257510729613733,0.0076299475441106,0.0181211254172627,0.0,158.6142734809469,133.0168976628688,300.2720138354642,157.34423796329548,817.2,17.608418991678903,141.00585448926805,0.4404115907774098,0.0600497751093812,0.4995386341132089,360,8.119444444444444,0.1871188888496059,0.2505839997684234,0.0567029665790461,8.137731461055534,0.0045910306822383,0.125,2097,0.0,0.9742489270386266,0.0,0.0,1.0,20259.724606832624,0.0,1.2940537856482588e-14,2.673577897930411e-13,0.0,0.0,0.0,0.0,,,0.0,500.0,40.51944921366525,0.0,0.0
