arm,seed,drivers.num_drivers,requests,completed,completion_rate,cancel_rate,cancel_no_match_rate,cancel_eta_rate,cancel_late_rate,wait_mean_s,wait_p50_s,wait_p90_s,wait_all_mean_s,completed_per_hour,time_to_match_mean_s,pickup_mean_s,driver_idle_frac,driver_enroute_frac,driver_ontrip_frac,batches,batch_riders_mean,solve_ms_mean,solve_ms_p99,decline_rate,shadow_gap_s_per_batch,shadow_gap_frac,shadow_worse_batches_frac,app_opens,priced_out_rate,served_rate,retried_rate,surged_trip_frac,mean_multiplier_paid,revenue_per_hour,surge_revenue_per_hour,eta_error_mean_s,eta_abs_error_mean_s,eta_late_2min_frac,moves_per_driver_hour,chase_moves_per_hour,reposition_km_per_hour,moves_dispatched_frac,move_planned_mean_s,driver_reposition_frac,drivers_online_mean,earnings_per_online_hour,reserve_logons,reserve_logoffs
immediate_greedy,0,300,2388,1828,0.7654941373534339,0.2345058626465661,0.0033500837520938,0.2311557788944723,0.0,331.41788608555163,306.0845076319224,563.024890543922,256.16978695613375,731.2,1.852476320659118,329.5654097648924,0.0508096238776091,0.1901235843639342,0.7590667917584566,2867,2.231252179979072,0.0299888733846463,0.0845180001078919,0.0497329773030707,,,,2388,0.0,0.7654941373534339,0.0,0.0,1.0,18274.608298826017,0.0,1.1262568801230251e-14,2.720566295949292e-13,0.0,0.0,0.0,0.0,,,0.0,300.0,60.915360996086726,0.0,0.0
immediate_greedy,1,300,2388,1826,0.7646566164154104,0.2353433835845896,0.0020938023450586,0.233249581239531,0.0,338.0997891290567,315.28115140237287,582.4116815278235,261.1723548704662,730.4,2.73893763858813,335.3608514904686,0.0502797107846588,0.1929781693445949,0.7567421198707462,2844,2.282348804500703,0.0292417018311652,0.0730279999197592,0.0509151414309484,,,,2388,0.0,0.7646566164154104,0.0,0.0,1.0,18102.218539401907,0.0,1.2471464776074048e-15,2.662725826613364e-13,0.0,0.0,0.0,0.0,,,0.0,300.0,60.34072846467302,0.0,0.0
immediate_greedy,2,300,2388,1840,0.7705192629815746,0.2294807370184254,0.0025125628140703,0.2269681742043551,0.0,342.9942955480309,310.6784191488582,594.4740707351102,266.58595221970364,736.0,3.68826102883934,339.3060345191915,0.0507429907851132,0.1951902604837349,0.7540667487311519,2922,2.196098562628337,0.0312930869261452,0.0782159998425413,0.0559417411453161,,,,2388,0.0,0.7705192629815746,0.0,0.0,1.0,18218.435068469105,0.0,9.39779655062051e-15,2.656932644910009e-13,0.0,0.0,0.0,0.0,,,0.0,300.0,60.72811689489701,0.0,0.0
immediate_greedy,3,300,2388,1836,0.7688442211055276,0.2311557788944723,0.0025125628140703,0.228643216080402,0.0,337.3973078987423,310.2180912470433,567.8991065849464,261.574163348031,734.4,1.9173585175464405,335.47994938119587,0.0592981414647874,0.1918456496360435,0.748856208899169,2815,1.9069271758436943,0.0273170159887815,0.0768720000769463,0.0624383831744988,,,,2388,0.0,0.7688442211055276,0.0,0.0,1.0,18156.078879958448,0.0,1.0379496826299502e-14,2.628621116465008e-13,0.0,0.0,0.0,0.0,,,0.0,300.0,60.52026293319483,0.0,0.0
immediate_greedy,4,300,2388,1848,0.7738693467336684,0.2261306532663316,0.0046063651591289,0.2215242881072026,0.0,324.44893679448705,297.65309194719794,553.2622859837238,254.29881567667425,739.2,2.6722459485497674,321.77669084593725,0.051689300802086,0.1878123205708192,0.7604983786270947,2888,2.3234072022160666,0.0296557479215943,0.0727999999980966,0.0500333555703802,,,,2388,0.0,0.7738693467336684,0.0,0.0,1.0,18328.954274923155,0.0,-1.0184253632816912e-14,2.700168131414536e-13,0.0,0.0,0.0,0.0,,,0.0,300.0,61.096514249743855,0.0,0.0
immediate_greedy,5,300,2388,1864,0.7805695142378559,0.219430485762144,0.002931323283082,0.2164991624790619,0.0,329.54803807330364,306.0942249468367,565.1108004895145,260.2575798532195,745.6,3.150998567881884,326.3970395054218,0.0430937130545435,0.1902049897286371,0.7667012972168193,2928,2.3094262295081966,0.0307729508184835,0.0771649999455803,0.0515463917525773,,,,2388,0.0,0.7805695142378559,0.0,0.0,1.0,18458.144717733805,0.0,2.547318579247248e-15,2.716215426160824e-13,0.0,0.0,0.0,0.0,,,0.0,300.0,61.52714905911269,0.0,0.0
immediate_greedy,0,350,2388,2098,0.8785594639865997,0.1214405360134003,0.002931323283082,0.1185092127303182,0.0,258.03522604595014,235.00383429979047,457.75096038694414,228.004197376372,839.2,0.6849109436891374,257.35031510226105,0.1170578237422303,0.1493614846276012,0.7335806916301684,2864,1.5799581005586592,0.0276904678762726,0.0675070000102094,0.0602965403624382,,,,2388,0.0,0.8785594639865997,0.0,0.0,1.0,20769.30111972587,0.0,1.7055735068102308e-14,2.6384402553871654e-13,0.0,0.0,0.0,0.0,,,0.0,350.0,59.34086034207392,0.0,0.0
immediate_greedy,1,350,2388,2097,0.878140703517588,0.121859296482412,0.0012562814070351,0.1206030150753768,0.0,254.41512125337303,229.51751669338137,456.3521705253803,224.56439504536,838.8,1.078361565006947,253.3367596883661,0.116720751490697,0.1471332345741608,0.7361460139351421,2966,1.6230613621038437,0.0283315576531611,0.0676399999179011,0.048317227590803,,,,2388,0.0,0.878140703517588,0.0,0.0,1.0,20707.119773303926,0.0,1.3081889728215508e-14,2.6529406552666653e-13,0.0,0.0,0.0,0.0,,,0.0,350.0,59.163199352296935,0.0,0.0
immediate_greedy,2,350,2388,2108,0.8827470686767169,0.117252931323283,0.0025125628140703,0.1147403685092127,0.0,269.4208984995402,241.6179084149819,478.4526734878195,238.82121869426223,843.2,1.1095713026637024,268.3113271968764,0.107623013606842,0.1555402973969665,0.7368366889961914,2880,1.5604166666666666,0.0391222569451738,0.0933210000857798,0.0581049851436117,,,,2388,0.0,0.8827470686767169,0.0,0.0,1.0,20872.263795760504,0.0,8.758753789718313e-15,2.643063925007435e-13,0.0,0.0,0.0,0.0,,,0.0,350.0,59.63503941645858,0.0,0.0
immediate_greedy,3,350,2388,2114,0.8852596314907872,0.1147403685092127,0.0004187604690117,0.114321608040201,0.0,251.48479714938645,227.3716504202837,455.1140292060307,223.23104033025984,845.6,0.6512385070924278,250.83355864229404,0.11967455798648,0.1478697915609003,0.7324556504526196,2737,1.400438436244063,0.0368760686877281,0.0895479999689995,0.0548941798941798,,,,2388,0.0,0.8852596314907872,0.0,0.0,1.0,20775.440288262034,0.0,2.991405084325872e-15,2.597833647978525e-13,0.0,0.0,0.0,0.0,,,0.0,350.0,59.35840082360581,0.0,0.0
immediate_greedy,4,350,2388,2110,0.8835845896147404,0.1164154103852596,0.0016750418760469,0.1147403685092127,0.0,258.32675652265306,232.78915834215687,458.06492853272977,229.2829605858396,844.0,0.8793604063327334,257.4473961163203,0.1079387046064842,0.1506564239366243,0.7414048714568914,2810,1.602846975088968,0.0390284697508269,0.0917729998559479,0.0489673550966022,,,,2388,0.0,0.8835845896147404,0.0,0.0,1.0,20981.31854934454,0.0,-3.024436941016777e-15,2.6227151045993296e-13,0.0,0.0,0.0,0.0,,,0.0,350.0,59.9466244266987,0.0,0.0
immediate_greedy,5,350,2388,2120,0.8877721943048577,0.1122278056951423,0.0016750418760469,0.1105527638190954,0.0,256.81018954961576,233.17302084766013,450.2885089539208,229.0982798407009,848.0,0.5887519890206787,256.2214375605951,0.10443043620954,0.1496724233109131,0.7458971404795468,2891,1.4891041162227605,0.0377151158762836,0.0839199999518314,0.0473807140473807,,,,2388,0.0,0.8877721943048577,0.0,0.0,1.0,21060.09901333089,0.0,3.202888688022385e-16,2.644327105291775e-13,0.0,0.0,0.0,0.0,,,0.0,350.0,60.171711466659694,0.0,0.0
immediate_greedy,0,400,2388,2212,0.9262981574539364,0.0737018425460636,0.0020938023450586,0.071608040201005,0.0,202.103223966398,176.83594817649964,374.46839896515615,187.9917604214409,884.8,0.451087425992982,201.652136540405,0.2090450722415006,0.1120653086099307,0.6788896191485687,2897,1.4580600621332414,0.0402295132868657,0.0863720000234024,0.0533996683250414,,,,2388,0.0,0.9262981574539364,0.0,0.0,1.0,21922.220931538806,0.0,-1.3322676295501878e-15,2.645791964058964e-13,0.0,0.0,0.0,0.0,,,0.0,400.0,54.80555232884701,0.0,0.0
immediate_greedy,1,400,2388,2235,0.935929648241206,0.0640703517587939,0.0004187604690117,0.0636515912897822,0.0,203.31655285248152,177.80254942050942,374.7170066841738,190.815586515854,894.0,0.7116493860518375,202.6049034664297,0.2040893231947977,0.1123408828935857,0.6835697939116163,2830,1.4413427561837455,0.0387853003520391,0.0901680001038585,0.0470156718906302,,,,2388,0.0,0.935929648241206,0.0,0.0,1.0,22036.155522681383,0.0,4.412478336975544e-15,2.6268681488045025e-13,0.0,0.0,0.0,0.0,,,0.0,400.0,55.09038880670346,0.0,0.0
immediate_greedy,2,400,2388,2232,0.9346733668341708,0.0653266331658291,0.0012562814070351,0.0640703517587939,0.0,202.1047610388095,172.2191797229525,379.7872938798204,189.44568087353656,892.8,0.6202411681283049,201.4845198706812,0.204944420050314,0.1124121464710518,0.6826434334786341,2915,1.3591766723842196,0.0381409948550562,0.0892000000158077,0.048317227590803,,,,2388,0.0,0.9346733668341708,0.0,0.0,1.0,21959.412813334384,0.0,-2.2319860018360226e-15,2.554360546258811e-13,0.0,0.0,0.0,0.0,,,0.0,400.0,54.89853203333596,0.0,0.0
immediate_greedy,3,400,2388,2225,0.9317420435510888,0.0682579564489112,0.0,0.0682579564489112,0.0,202.9263018954216,176.7216569490729,379.24326130839046,189.63817226914688,890.0,0.3692811447883192,202.55702075063328,0.2093905925928665,0.1128135094751776,0.6777958979319558,2750,1.3418181818181818,0.0377538909080447,0.0974140000721487,0.0504815675855197,,,,2388,0.0,0.9317420435510888,0.0,0.0,1.0,21971.34108727694,0.0,-8.257265034025591e-15,2.5970356951097283e-13,0.0,0.0,0.0,0.0,,,0.0,400.0,54.92835271819235,0.0,0.0
immediate_greedy,4,400,2388,2230,0.9338358458961474,0.0661641541038526,0.0016750418760469,0.0644891122278056,0.0,207.61767270072485,182.43049483097505,379.0629317884481,194.43419558124285,892.0,0.6874852144989223,206.930187486226,0.2003727545303612,0.1153748513707053,0.6842523940989335,2800,1.4878571428571428,0.0393251785721661,0.0924059998578739,0.0530679933665008,,,,2388,0.0,0.9338358458961474,0.0,0.0,1.0,22095.244722548883,0.0,1.3889437681705142e-14,2.70370671541316e-13,0.0,0.0,0.0,0.0,,,0.0,400.0,55.23811180637221,0.0,0.0
immediate_greedy,5,400,2388,2246,0.940536013400335,0.0594639865996649,0.0004187604690117,0.0590452261306532,0.0,203.096310751584,178.20561140171048,370.6902048908146,191.6647801787516,898.4,0.317395543254112,202.7789152083298,0.1990718803832279,0.1141167154142255,0.6868114042025466,2811,1.375667022411953,0.0378515830633961,0.0842700000248442,0.0520729684908789,,,,2388,0.0,0.940536013400335,0.0,0.0,1.0,22317.555389172263,0.0,1.1832031347567942e-14,2.6344593865668524e-13,0.0,0.0,0.0,0.0,,,0.0,400.0,55.79388847293066,0.0,0.0
immediate_greedy,0,450,2388,2274,0.9522613065326632,0.0477386934673366,0.0016750418760469,0.0460636515912897,0.0,180.96406773679348,156.21204757105784,341.54450110244954,172.870182692003,909.6,0.4047396089378267,180.55932812785565,0.2878788828158017,0.0931768883998964,0.6189442287843019,2806,1.3667141838916608,0.0397245545257012,0.0905750000242732,0.0508643617021276,,,,2388,0.0,0.9522613065326632,0.0,0.0,1.0,22544.731762479874,0.0,2.042048734739305e-15,2.6187466150425497e-13,0.0,0.0,0.0,0.0,,,0.0,450.0,50.099403916621945,0.0,0.0
immediate_greedy,1,450,2388,2281,0.9551926298157454,0.0448073701842546,0.0004187604690117,0.0443886097152428,0.0,177.289794964178,150.99885522318436,339.3392813965911,169.91269672214833,912.4,0.6593422882022737,176.63045267597573,0.2866000140159555,0.090871882431532,0.6225281035525124,2858,1.4422673198040588,0.0403632260316663,0.0888439999266664,0.0460614152202937,,,,2388,0.0,0.9551926298157454,0.0,0.0,1.0,22645.34380992681,0.0,-7.189582360212879e-15,2.6016312198721733e-13,0.0,0.0,0.0,0.0,,,0.0,450.0,50.32298624428179,0.0,0.0
immediate_greedy,2,450,2388,2279,0.954355108877722,0.045644891122278,0.0008375209380234,0.0448073701842546,0.0,173.09856027065874,145.5842180246293,326.79022070061444,165.56243693312362,911.6,0.4407949856949452,172.6577652849638,0.2870924019462755,0.089472888870994,0.6234347091827305,2837,1.3105393020796616,0.0390835389509401,0.0830560000304103,0.0555371900826446,,,,2388,0.0,0.954355108877722,0.0,0.0,1.0,22598.48801402329,0.0,-9.358220405023808e-17,2.677470648294264e-13,0.0,0.0,0.0,0.0,,,0.0,450.0,50.21886225338508,0.0,0.0
immediate_greedy,3,450,2388,2270,0.9505862646566164,0.0494137353433835,0.0,0.0494137353433835,0.0,170.79296965389332,144.93864184579525,323.61036618554334,162.59703175045527,908.0,0.212112053778945,170.5808576001144,0.2959510768381433,0.087163940288506,0.6168849828733506,2687,1.226274655749907,0.0382981391899699,0.0786420000531506,0.0520557029177718,,,,2388,0.0,0.9505862646566164,0.0,0.0,1.0,22461.3740337138,0.0,7.865465498688006e-16,2.6239245724806733e-13,0.0,0.0,0.0,0.0,,,0.0,450.0,49.91416451936399,0.0,0.0
immediate_greedy,4,450,2388,2275,0.9526800670016752,0.0473199329983249,0.0016750418760469,0.045644891122278,0.0,177.25984290581337,151.0527353024372,337.3921535750666,169.13966127016886,910.0,0.1357103231829937,177.12413258263038,0.2882217690753302,0.0915240670717369,0.6202541638529329,2674,1.229618548990277,0.0381676888559123,0.0776590000737087,0.0467445742904841,,,,2388,0.0,0.9526800670016752,0.0,0.0,1.0,22528.564717373392,0.0,6.271906071420884e-15,2.606750956726831e-13,0.0,0.0,0.0,0.0,,,0.0,450.0,50.06347714971865,0.0,0.0
immediate_greedy,5,450,2388,2274,0.9522613065326632,0.0477386934673366,0.0004187604690117,0.0473199329983249,0.0,172.97300347183352,143.3833388575979,332.2677932928345,165.36191705678752,909.6,0.3450993491628905,172.62790412267063,0.2907288200457589,0.088655875811003,0.6206153041432381,2842,1.3722730471498945,0.0385850809282951,0.0845540000523215,0.0479680213191205,,,,2388,0.0,0.9522613065326632,0.0,0.0,1.0,22619.875060141778,0.0,-8.228930094745862e-15,2.62903741579587e-13,0.0,0.0,0.0,0.0,,,0.0,450.0,50.26638902253729,0.0,0.0
immediate_greedy,0,500,2388,2286,0.957286432160804,0.0427135678391959,0.0016750418760469,0.041038525963149,0.0,164.4861855052394,133.32072571478238,327.3071696070501,157.9740492479195,914.4,0.5846981597941414,163.90148734544522,0.3619507723582729,0.0766348092932421,0.5614144183484849,2850,1.3929824561403508,0.0416581754362005,0.0891020000813113,0.0499168053244592,,,,2388,0.0,0.957286432160804,0.0,0.0,1.0,22717.18731425258,0.0,-4.091506952430925e-15,2.634516499191329e-13,0.0,0.0,0.0,0.0,,,0.0,500.0,45.43437462850516,0.0,0.0
immediate_greedy,1,500,2388,2297,0.961892797319933,0.038107202680067,0.0,0.038107202680067,0.0,158.62682093295447,129.2146522771509,314.5944236977112,152.7279879408691,918.8,0.2586103841985133,158.36821054875597,0.3610851089115647,0.0748378004589373,0.564077090629498,2685,1.2238361266294226,0.0388104283047988,0.0832000000627886,0.0539377895433487,,,,2388,0.0,0.961892797319933,0.0,0.0,1.0,22787.41454622944,0.0,8.955734620496093e-15,2.6155278784478535e-13,0.0,0.0,0.0,0.0,,,0.0,500.0,45.57482909245887,0.0,0.0
immediate_greedy,2,500,2388,2294,0.9606365159128978,0.0393634840871021,0.0008375209380234,0.0385259631490787,0.0,155.0387704860946,124.1096546319152,308.1233303287101,149.26616234483708,917.6,0.3733108705649401,154.66545961552964,0.3608290585260627,0.0736061340287479,0.5655648074451894,2800,1.2989285714285714,0.0405125000003993,0.0964030000727688,0.0527188328912466,,,,2388,0.0,0.9606365159128978,0.0,0.0,1.0,22759.423079324624,0.0,-3.7967788363063706e-15,2.617715692568004e-13,0.0,0.0,0.0,0.0,,,0.0,500.0,45.51884615864925,0.0,0.0
immediate_greedy,3,500,2388,2296,0.9614740368509213,0.0385259631490787,0.0,0.0385259631490787,0.0,159.6743272182507,127.76029570160722,310.0650235199282,153.69054886844276,918.4,0.1402159380429635,159.53411128020775,0.3611070506638464,0.075391756764667,0.5635011925714865,2657,1.1968385397064358,0.0394889725252885,0.0920159999623138,0.0457276368491321,,,,2388,0.0,0.9614740368509213,0.0,0.0,1.0,22750.47021002991,0.0,-5.197449130002595e-15,2.63337454823239e-13,0.0,0.0,0.0,0.0,,,0.0,500.0,45.50094042005983,0.0,0.0
immediate_greedy,4,500,2388,2296,0.9614740368509213,0.0385259631490787,0.0,0.0385259631490787,0.0,157.12907997275843,129.92325304131057,307.3538877353117,151.08160728685283,918.4,0.1790650573888358,156.9500149153696,0.3608724422156447,0.0741616229786602,0.5649659348056951,2590,1.172972972972973,0.0389343629328944,0.0766999999336803,0.0479520479520479,,,,2388,0.0,0.9614740368509213,0.0,0.0,1.0,22775.5856883001,0.0,-7.014230466292507e-15,2.583749126380809e-13,0.0,0.0,0.0,0.0,,,0.0,500.0,45.5511713766002,0.0,0.0
immediate_greedy,5,500,2388,2290,0.958961474036851,0.041038525963149,0.0016750418760469,0.0393634840871021,0.0,152.67745937685464,122.4400238742287,303.67705311787734,147.0747455382729,916.0,0.2105160689676118,152.46694330788705,0.3649423464195517,0.0720673423234074,0.5629903112570408,2812,1.37126600284495,0.0402209459484261,0.0890890001619481,0.0476984656437625,,,,2388,0.0,0.958961474036851,0.0,0.0,1.0,22777.95161022148,0.0,-1.431848332282942e-15,2.602598389105632e-13,0.0,0.0,0.0,0.0,,,0.0,500.0,45.55590322044295,0.0,0.0
batched_greedy@10s,0,300,2388,1854,0.7763819095477387,0.2236180904522613,0.0046063651591289,0.2190117252931323,0.0,328.2277320418465,302.5404189947151,569.7613890493919,259.0324011784516,741.6,7.720604099244876,320.5071279426016,0.0495560671367078,0.1866005783169674,0.7638433545463247,1049,4.285986653956149,0.0551877979032342,0.1388239999414508,0.055813953488372,,,,2388,0.0,0.7763819095477387,0.0,0.0,1.0,18411.119648888,0.0,-1.699707137592257e-15,2.671376244986739e-13,0.0,0.0,0.0,0.0,,,0.0,300.0,61.37039882962666,0.0,0.0
batched_greedy@10s,1,300,2388,1840,0.7705192629815746,0.2294807370184254,0.0087939698492462,0.2206867671691792,0.0,340.1520233414259,311.206903217756,590.7726322812514,268.1112707773865,736.0,9.279347826086957,330.8726755153389,0.0519995082042914,0.1884780877316779,0.7595224040640306,1062,4.765536723163842,0.0551793785295854,0.1373820000549134,0.0512048192771084,,,,2388,0.0,0.7705192629815746,0.0,0.0,1.0,18197.64470066084,0.0,-7.194245199571014e-15,2.726978063650599e-13,0.0,0.0,0.0,0.0,,,0.0,300.0,60.65881566886945,0.0,0.0
batched_greedy@10s,2,300,2388,1874,0.7847571189279732,0.2152428810720268,0.0104690117252931,0.2047738693467336,0.0,338.6650208214571,310.5197878808042,578.0733826140097,271.9101813444126,749.6,10.658484525080045,328.0065362963771,0.0456629588571213,0.1891377715120649,0.7651992696308137,1059,5.003777148253069,0.0527544853680921,0.1328259999991133,0.0544058744993324,,,,2388,0.0,0.7847571189279732,0.0,0.0,1.0,18495.485768079045,0.0,9.923995693757162e-15,2.715233469108553e-13,0.0,0.0,0.0,0.0,,,0.0,300.0,61.65161922693015,0.0,0.0
batched_greedy@10s,3,300,2388,1837,0.7692629815745393,0.2307370184254606,0.0046063651591289,0.2261306532663316,0.0,335.9494153162188,309.9244135013396,578.4313811955192,263.1850727118736,734.8,9.327163854109962,326.6222514621088,0.0599465018206518,0.1858485504596963,0.7542049477196517,1049,4.508102955195424,0.0555174451888451,0.1422480000292125,0.051,,,,2388,0.0,0.7692629815745393,0.0,0.0,1.0,18278.326278866072,0.0,1.286964244723894e-14,2.708910335507604e-13,0.0,0.0,0.0,0.0,,,0.0,300.0,60.9277542628869,0.0,0.0
batched_greedy@10s,4,300,2388,1831,0.766750418760469,0.233249581239531,0.0046063651591289,0.228643216080402,0.0,334.51780375280407,307.8191946321949,584.4749133960249,260.6069977439623,732.4,8.045330420535226,326.47247333226886,0.0531263850135312,0.1880837616491979,0.7587898533372709,1049,4.09532888465205,0.0546297426139118,0.1567279999380843,0.0465349849347171,,,,2388,0.0,0.766750418760469,0.0,0.0,1.0,18251.48795380079,0.0,6.079001614244659e-15,2.755827000546343e-13,0.0,0.0,0.0,0.0,,,0.0,300.0,60.83829317933598,0.0,0.0
batched_greedy@10s,5,300,2388,1852,0.7755443886097152,0.2244556113902847,0.0079564489112227,0.2164991624790619,0.0,332.70373012863763,306.6155008554756,559.6630913207716,263.6664854815171,740.8,8.02915766738661,324.674572461251,0.049074688878237,0.1865892610392377,0.7643360500825251,1054,4.419354838709677,0.0549686906991032,0.1510259999963638,0.0505185680829708,,,,2388,0.0,0.7755443886097152,0.0,0.0,1.0,18356.57414821611,0.0,9.968507900586828e-15,2.695985983054985e-13,0.0,0.0,0.0,0.0,,,0.0,300.0,61.1885804940537,0.0,0.0
batched_greedy@10s,0,350,2388,2104,0.88107202680067,0.1189279731993299,0.0033500837520938,0.1155778894472361,0.0,261.63839418400767,233.6326144426264,472.63049327907805,232.6226370563322,841.6,5.850760456273764,255.7876337277339,0.1165233510422737,0.1490565613832686,0.7344200875744576,1042,3.429942418426104,0.0669666026891851,0.1633799999740402,0.0603164139749505,,,,2388,0.0,0.88107202680067,0.0,0.0,1.0,20817.62606024075,0.0,6.194453484163326e-15,2.72722275687864e-13,0.0,0.0,0.0,0.0,,,0.0,350.0,59.47893160068786,0.0,0.0
batched_greedy@10s,1,350,2388,2084,0.8726968174204355,0.1273031825795645,0.0050251256281407,0.1222780569514237,0.0,261.0406124262504,235.6487697034172,468.0346616291743,230.7083308729204,833.6,6.347888675623801,254.69272375062656,0.1214168569762839,0.1455200625439003,0.7330630804798158,1038,3.683044315992293,0.0667682080888346,0.1734119999946412,0.0481444332998996,,,,2388,0.0,0.8726968174204355,0.0,0.0,1.0,20609.004541814727,0.0,2.4959774064173626e-15,2.642205072775909e-13,0.0,0.0,0.0,0.0,,,0.0,350.0,58.88287011947065,0.0,0.0
batched_greedy@10s,2,350,2388,2125,0.8898659966499163,0.1101340033500837,0.002931323283082,0.1072026800670016,0.0,261.5362625699744,236.01154188504188,458.82292662890114,234.2466346035701,850.0,6.036235294117647,255.50002727585675,0.1100028680017643,0.1491814439886373,0.7408156880095984,1038,3.319845857418112,0.0677012524111784,0.1654530000723749,0.0486991327551701,,,,2388,0.0,0.8898659966499163,0.0,0.0,1.0,20950.025557793942,0.0,1.4593293893566998e-14,2.635557654470818e-13,0.0,0.0,0.0,0.0,,,0.0,350.0,59.85721587941127,0.0,0.0
batched_greedy@10s,3,350,2388,2109,0.8831658291457286,0.1168341708542713,0.0012562814070351,0.1155778894472361,0.0,260.1584903017382,235.2942698842403,471.5073708258694,231.3789708856275,843.6,5.6704599336178285,254.48803036812035,0.1177609700876668,0.1482525769629021,0.733986452949431,1033,3.2855759922555663,0.0682707647658763,0.1630239999030889,0.0527363184079602,,,,2388,0.0,0.8831658291457286,0.0,0.0,1.0,20793.683818738635,0.0,4.1027189021899575e-15,2.6505619257833295e-13,0.0,0.0,0.0,0.0,,,0.0,350.0,59.410525196396094,0.0,0.0
batched_greedy@10s,4,350,2388,2114,0.8852596314907872,0.1147403685092127,0.0025125628140703,0.1122278056951423,0.0,257.2789293485277,234.14734122078107,449.5372483044784,229.6204515938529,845.6,5.877483443708609,251.4014459048192,0.1128320791356936,0.1476660062890588,0.7395019145752476,1029,3.4159378036929056,0.067902429547167,0.1641159999689989,0.0496335776149233,,,,2388,0.0,0.8852596314907872,0.0,0.0,1.0,20906.52947715545,0.0,8.870440385585972e-15,2.6585146362270064e-13,0.0,0.0,0.0,0.0,,,0.0,350.0,59.73294136330131,0.0,0.0
batched_greedy@10s,5,350,2388,2130,0.8919597989949749,0.1080402010050251,0.0025125628140703,0.1055276381909547,0.0,254.7681881116315,228.9942711009635,447.3428474800864,228.8185932730509,852.0,5.685915492957746,249.08227261867376,0.1060618430956599,0.1472488395136794,0.7466893173906605,1029,3.3109815354713312,0.0680347910583822,0.1528440001220588,0.0540630182421227,,,,2388,0.0,0.8919597989949749,0.0,0.0,1.0,21080.853732323565,0.0,6.9467644990583266e-15,2.6612306515998493e-13,0.0,0.0,0.0,0.0,,,0.0,350.0,60.23101066378162,0.0,0.0
batched_greedy@10s,0,400,2388,2215,0.9275544388609716,0.0724455611390284,0.0020938023450586,0.0703517587939698,0.0,207.77674519196333,183.58015575414532,383.798221675076,193.8147791436588,886.0,5.363882618510158,202.4128625734532,0.2091533762494082,0.1120181517466435,0.6788284720039481,1026,3.243664717348928,0.0799680311866788,0.1888999999550833,0.0527713242615333,,,,2388,0.0,0.9275544388609716,0.0,0.0,1.0,21936.407390899178,0.0,2.713455244293791e-15,2.621650075359099e-13,0.0,0.0,0.0,0.0,,,0.0,400.0,54.84101847724794,0.0,0.0
batched_greedy@10s,1,400,2388,2224,0.931323283082077,0.0686767169179229,0.0016750418760469,0.067001675041876,0.0,208.4503156142601,182.4665226641598,382.0142633373571,195.20381521816748,889.6,5.451438848920863,202.9988767653392,0.2050047877648775,0.1122031701060193,0.6827920421291032,1019,3.230618253189401,0.0796698724215212,0.1880140000912432,0.0518100298904018,,,,2388,0.0,0.931323283082077,0.0,0.0,1.0,21912.97302786563,0.0,5.4892141990909265e-16,2.605336010879041e-13,0.0,0.0,0.0,0.0,,,0.0,400.0,54.78243256966408,0.0,0.0
batched_greedy@10s,2,400,2388,2232,0.9346733668341708,0.0653266331658291,0.0016750418760469,0.0636515912897822,0.0,206.9956929402392,178.89378085612907,385.53630629344747,194.4687479382717,892.8,5.349462365591398,201.6462305746477,0.2009562835112947,0.1124795750336985,0.6865641414550069,1023,3.164222873900293,0.0774807429118154,0.1678240000410369,0.0464261857047428,,,,2388,0.0,0.9346733668341708,0.0,0.0,1.0,22115.827767345418,0.0,5.859510407743882e-15,2.612983505394216e-13,0.0,0.0,0.0,0.0,,,0.0,400.0,55.28956941836354,0.0,0.0
batched_greedy@10s,3,400,2388,2224,0.931323283082077,0.0686767169179229,0.0008375209380234,0.0678391959798995,0.0,208.64596653815903,180.80556915898205,388.3613709543274,195.37332312111155,889.6,5.551258992805756,203.09470754535323,0.2106021526582062,0.1123428902632981,0.6770549570784956,1031,3.1998060135790496,0.0808926285126898,0.1808199999459248,0.0479840053315561,,,,2388,0.0,0.931323283082077,0.0,0.0,1.0,21961.1171887858,0.0,3.8368588881605e-15,2.6554757593472745e-13,0.0,0.0,0.0,0.0,,,0.0,400.0,54.90279297196449,0.0,0.0
batched_greedy@10s,4,400,2388,2232,0.9346733668341708,0.0653266331658291,0.0020938023450586,0.0632328308207705,0.0,216.855538264056,190.9736525992789,390.0481641271911,203.95508321061567,892.8,5.790322580645161,211.0652156834108,0.2011282303341436,0.1167845570560398,0.6820872126098166,1026,3.333333333333333,0.0791363547740717,0.1741249998872263,0.0574636723910171,,,,2388,0.0,0.9346733668341708,0.0,0.0,1.0,22086.88938059192,0.0,8.988031346669681e-15,2.7152991125955124e-13,0.0,0.0,0.0,0.0,,,0.0,400.0,55.2172234514798,0.0,0.0
batched_greedy@10s,5,400,2388,2238,0.9371859296482412,0.0628140703517587,0.0008375209380234,0.0619765494137353,0.0,208.26614819774497,183.60176821874984,380.0289453346154,196.24298297570505,895.2,5.389633601429848,202.8765145963152,0.2023327181905105,0.1135021825731234,0.684165099236366,1021,3.1939275220372183,0.0779633692427675,0.1761999998507233,0.0505151213027583,,,,2388,0.0,0.9371859296482412,0.0,0.0,1.0,22196.21648781396,0.0,1.224936148938973e-14,2.61817178998444e-13,0.0,0.0,0.0,0.0,,,0.0,400.0,55.49054121953489,0.0,0.0
batched_greedy@10s,0,450,2388,2268,0.949748743718593,0.050251256281407,0.0016750418760469,0.0485762144053601,0.0,183.8473100569261,158.74094127221088,343.31866604414097,175.4727056354737,907.2,5.39021164021164,178.4570984167145,0.2901528883488503,0.0914925366641637,0.618354574986986,1019,3.187438665358194,0.0858879293403684,0.1936020000403004,0.0499168053244592,,,,2388,0.0,0.949748743718593,0.0,0.0,1.0,22505.405758351648,0.0,1.845476544460688e-15,2.6438913766513053e-13,0.0,0.0,0.0,0.0,,,0.0,450.0,50.01201279633699,0.0,0.0
batched_greedy@10s,1,450,2388,2276,0.9530988274706867,0.0469011725293132,0.0012562814070351,0.045644891122278,0.0,178.1671813910126,153.85159518474052,330.82054069277183,170.73678026850675,910.4,5.322056239015817,172.8451251519968,0.2892382676029733,0.0887667492073885,0.6219949831896382,1019,3.18351324828263,0.0839402355234778,0.1906379999218188,0.047047047047047,,,,2388,0.0,0.9530988274706867,0.0,0.0,1.0,22554.05891108126,0.0,-6.042861973356284e-15,2.5826563110342704e-13,0.0,0.0,0.0,0.0,,,0.0,450.0,50.120130913513925,0.0,0.0
batched_greedy@10s,2,450,2388,2273,0.9518425460636516,0.0481574539363484,0.0012562814070351,0.0469011725293132,0.0,177.85549780333852,152.51237979974258,326.8959250837011,169.94771463140418,909.2,5.279366476022878,172.57613132731564,0.2888757320045193,0.0889669692704588,0.6221572987250218,1020,3.1088235294117648,0.0824120588234501,0.1892670001620899,0.0555555555555555,,,,2388,0.0,0.9518425460636516,0.0,0.0,1.0,22589.6401380551,0.0,-3.4599101703628506e-15,2.652779496778916e-13,0.0,0.0,0.0,0.0,,,0.0,450.0,50.19920030678911,0.0,0.0
batched_greedy@10s,3,450,2388,2279,0.954355108877722,0.045644891122278,0.0008375209380234,0.0448073701842546,0.0,183.7076839053385,153.03193038324753,357.01826740853085,175.86837422638826,911.6,5.3247038174638,178.38298008787473,0.289194465883911,0.0916299154509276,0.6191756186651614,1018,3.094302554027505,0.0808373280951122,0.1890429999411936,0.0508305647840531,,,,2388,0.0,0.954355108877722,0.0,0.0,1.0,22592.9848507554,0.0,-6.038268710060911e-16,2.574783543704209e-13,0.0,0.0,0.0,0.0,,,0.0,450.0,50.20663300167866,0.0,0.0
batched_greedy@10s,4,450,2388,2269,0.9501675041876048,0.0498324958123953,0.0016750418760469,0.0481574539363484,0.0,180.1993020769584,154.11120536613362,347.11648464145185,171.8093457325669,907.6,5.118113706478625,175.0811883704798,0.2893818556163848,0.0903842802903246,0.6202338640932904,1013,3.068114511352418,0.0858812438331089,0.1966599999832396,0.0511797939514789,,,,2388,0.0,0.9501675041876048,0.0,0.0,1.0,22509.77860919993,0.0,2.2463789801913148e-15,2.636231177530316e-13,0.0,0.0,0.0,0.0,,,0.0,450.0,50.02173024266651,0.0,0.0
batched_greedy@10s,5,450,2388,2269,0.9501675041876048,0.0498324958123953,0.0008375209380234,0.0489949748743718,0.0,178.69637216117349,152.23513114577509,335.3284268588185,170.77750088489654,907.6,5.172322609078889,173.5240495520946,0.2904426982445124,0.0889287432477503,0.6206285585077372,1023,3.139784946236559,0.0826066471178223,0.1940240000749325,0.0470313542361574,,,,2388,0.0,0.9501675041876048,0.0,0.0,1.0,22607.6868084436,0.0,7.896724261710214e-15,2.620684140780893e-13,0.0,0.0,0.0,0.0,,,0.0,450.00000000000006,50.239304018763534,0.0,0.0
batched_greedy@10s,0,500,2388,2290,0.958961474036851,0.041038525963149,0.0016750418760469,0.0393634840871021,0.0,170.67688272256558,139.5526679426248,331.6163898734929,164.54279031954687,916.0,5.358078602620087,165.3188041199455,0.3595578046591708,0.0774383508925833,0.5630038444482458,1025,3.1678048780487806,0.0828691707310343,0.1838480000787966,0.0448310471729675,,,,2388,0.0,0.958961474036851,0.0,0.0,1.0,22746.234881835702,0.0,-3.021115623559678e-15,2.608662921775954e-13,0.0,0.0,0.0,0.0,,,0.0,500.0,45.492469763671416,0.0,0.0
batched_greedy@10s,1,500,2388,2296,0.9614740368509213,0.0385259631490787,0.0008375209380234,0.0376884422110552,0.0,161.89419293148222,133.4515388808045,315.35987049243977,156.2091704461395,918.4,5.284843205574913,156.6093497259073,0.360581787653424,0.074040243903333,0.565377968443243,1014,3.1094674556213016,0.0853643984124695,0.1993080000602276,0.0552248677248677,,,,2388,0.0,0.9614740368509213,0.0,0.0,1.0,22831.11108353905,0.0,1.725158923961526e-14,2.5829299984175184e-13,0.0,0.0,0.0,0.0,,,0.0,500.0,45.6622221670781,0.0,0.0
batched_greedy@10s,2,500,2388,2294,0.9606365159128978,0.0393634840871021,0.0012562814070351,0.038107202680067,0.0,159.16036940431093,128.38249111229652,306.8352679166289,153.47298301771107,917.6,5.257192676547516,153.90317672776342,0.3615526752384927,0.072839867396169,0.5656074573653382,1025,3.0790243902439025,0.0839272195112354,0.1819279999926948,0.0517928286852589,,,,2388,0.0,0.9606365159128978,0.0,0.0,1.0,22792.20803191253,0.0,3.070245791595262e-15,2.576000538520688e-13,0.0,0.0,0.0,0.0,,,0.0,500.0,45.58441606382507,0.0,0.0
batched_greedy@10s,3,500,2388,2297,0.961892797319933,0.038107202680067,0.0004187604690117,0.0376884422110552,0.0,165.77740512099763,134.90954238700215,320.1020272191664,159.8867076331603,918.8,5.144101001306051,160.6333041196916,0.3612506430775586,0.0758051072758722,0.5629442496465692,1014,3.046351084812623,0.0848108481225947,0.1899699998421056,0.0495510475557033,,,,2388,0.0,0.961892797319933,0.0,0.0,1.0,22749.1484159798,0.0,6.852739243855233e-16,2.616374683297285e-13,0.0,0.0,0.0,0.0,,,0.0,500.0,45.4982968319596,0.0,0.0
batched_greedy@10s,4,500,2388,2300,0.9631490787269682,0.0368509212730318,0.0,0.0368509212730318,0.0,161.14001036391028,133.1642447372792,306.7605537888395,155.39992622989683,920.0,5.0865217391304345,156.05348862477985,0.3603158414140299,0.0738315155295735,0.5658526430563966,1015,2.9793103448275864,0.0831590147799271,0.1863319999529267,0.0501661129568106,,,,2388,0.0,0.9631490787269682,0.0,0.0,1.0,22840.88909601552,0.0,3.852280813184141e-15,2.5938758387566017e-13,0.0,0.0,0.0,0.0,,,0.0,500.0,45.68177819203104,0.0,0.0
batched_greedy@10s,5,500,2388,2286,0.957286432160804,0.0427135678391959,0.0016750418760469,0.041038525963149,0.0,157.39994558784244,127.12029089320184,303.0552572677197,151.57711641543267,914.4,5.087926509186352,152.31201907865608,0.3661668132313006,0.0717240348920221,0.5621091518766772,1013,3.140177690029615,0.0845151036562532,0.1852519999010837,0.0461075843635148,,,,2388,0.0,0.957286432160804,0.0,0.0,1.0,22723.144294014182,0.0,2.573327960751905e-15,2.6160535777109485e-13,0.0,0.0,0.0,0.0,,,0.0,500.0,45.44628858802837,0.0,0.0
optimal@10s,0,300,2388,1836,0.7688442211055276,0.2311557788944723,0.0071189279731993,0.224036850921273,0.0,341.71816869777734,315.4427892044969,574.6857678875367,267.76494776789895,734.4,8.506535947712418,333.2116327500649,0.0488955292997463,0.1906864089564974,0.7604180617437561,1055,4.568720379146919,0.1260745023748779,0.2351480000334053,0.0499162479061976,7.79236223582011,0.0029929312301374,0.0862559241706161,2388,0.0,0.7688442211055276,0.0,0.0,1.0,18390.114959701285,0.0,2.592939177338056e-16,2.670108143302416e-13,0.0,0.0,0.0,0.0,,,0.0,300.0,61.30038319900428,0.0,0.0
optimal@10s,1,300,2388,1827,0.7650753768844221,0.2349246231155778,0.0079564489112227,0.2269681742043551,0.0,341.37205735181067,319.25347030920784,579.1097786210638,266.9474611499835,730.8,9.171319102353586,332.2007382494571,0.0507532652981774,0.1888330483690757,0.7604136863327469,1053,4.713200379867047,0.1270309591654345,0.238227999980154,0.0483059376048305,7.3042943416278,0.0026732497915752,0.0788224121557455,2388,0.0,0.7650753768844221,0.0,0.0,1.0,18245.349620476245,0.0,5.520609816154692e-15,2.7178162414753813e-13,0.0,0.0,0.0,0.0,,,0.0,300.0,60.81783206825416,0.0,0.0
optimal@10s,2,300,2388,1852,0.7755443886097152,0.2244556113902847,0.0071189279731993,0.2173366834170854,0.0,344.9330313640539,315.24091551585434,580.6192953564445,272.2472570041025,740.8,9.908747300215984,335.0242840638379,0.0433065521015814,0.1927892842577141,0.7639041636407045,1063,4.520225776105362,0.1265887111919733,0.2182860001130387,0.052052052052052,6.313324705815991,0.0024578678006631,0.0780809031044214,2388,0.0,0.7755443886097152,0.0,0.0,1.0,18425.45916416141,0.0,4.814962923212342e-15,2.6777907944786215e-13,0.0,0.0,0.0,0.0,,,0.0,300.0,61.418197213871366,0.0,0.0
optimal@10s,3,300,2388,1846,0.7730318257956449,0.2269681742043551,0.0033500837520938,0.2236180904522613,0.0,342.9604984060711,321.611244747437,583.0619071344495,269.40333263663734,738.4,9.041711809317444,333.91878659675365,0.0536769429827454,0.1924466284481404,0.7538764285691141,1050,4.349523809523809,0.1273692380898085,0.2274690000103873,0.0512649800266311,7.22004097906389,0.0030301896956103,0.0828571428571428,2388,0.0,0.7730318257956449,0.0,0.0,1.0,18275.7592048916,0.0,-6.321174473467089e-15,2.687216044964224e-13,0.0,0.0,0.0,0.0,,,0.0,300.0,60.91919734963866,0.0,0.0
optimal@10s,4,300,2388,1856,0.7772194304857621,0.2227805695142378,0.0058626465661641,0.2169179229480737,0.0,320.1091736105325,297.34928958258297,545.4320794389132,253.28688175034364,742.4,6.482219827586207,313.62695378294626,0.05322727953116,0.1844964329767391,0.7622762874921009,1051,3.9153187440532826,0.1238801141740064,0.1987999999073508,0.0484949832775919,4.570338296943074,0.0023263550417726,0.0704091341579448,2388,0.0,0.7772194304857621,0.0,0.0,1.0,18354.37627979925,0.0,9.357457337724271e-15,2.6596636770354256e-13,0.0,0.0,0.0,0.0,,,0.0,300.0,61.1812542659975,0.0,0.0
optimal@10s,5,300,2388,1857,0.7776381909547738,0.2223618090452261,0.0033500837520938,0.2190117252931323,0.0,337.05126253628936,314.3373936238131,575.1917216195318,266.6137604160609,742.8,8.277867528271406,328.773395008018,0.0507055539710412,0.1901112133055708,0.759183232723388,1056,4.205492424242424,0.1262278409069322,0.2065249999873232,0.0496997998665777,7.744719821726875,0.0034535255069743,0.0757575757575757,2388,0.0,0.7776381909547738,0.0,0.0,1.0,18304.53886238835,0.0,-1.2923306892998052e-15,2.6564330822399985e-13,0.0,0.0,0.0,0.0,,,0.0,300.0,61.01512954129449,0.0,0.0
optimal@10s,0,350,2388,2098,0.8785594639865997,0.1214405360134003,0.0025125628140703,0.1189279731993299,0.0,266.2424688331506,242.1523278470104,457.9504692571516,235.74826193671504,839.2,5.96091515729266,260.28155367585794,0.1113531385110146,0.1516319681009337,0.7370148933880516,1035,3.416425120772947,0.1280588405784833,0.2222460000575663,0.0639763779527559,3.3477445828743897,0.0026984798880911,0.0550724637681159,2388,0.0,0.8785594639865997,0.0,0.0,1.0,20803.247823258152,0.0,8.403404018611767e-16,2.675783543471888e-13,0.0,0.0,0.0,0.0,,,0.0,350.0,59.43785092359472,0.0,0.0
optimal@10s,1,350,2388,2095,0.8773031825795645,0.1226968174204355,0.0046063651591289,0.1180904522613065,0.0,262.5543936711925,239.77235011832272,459.92208408182125,232.8854635089976,838.0,6.086396181384249,256.4679974898082,0.1171401515172999,0.1476849794688246,0.7351748690138754,1040,3.5846153846153848,0.1320140384603536,0.221711000035611,0.0503501167055685,3.5027162389148896,0.0024729462306469,0.0519230769230769,2388,0.0,0.8773031825795645,0.0,0.0,1.0,20696.638658703705,0.0,3.410477946194586e-15,2.6927386335015934e-13,0.0,0.0,0.0,0.0,,,0.0,350.0,59.13325331058202,0.0,0.0
optimal@10s,2,350,2388,2122,0.8886097152428811,0.1113902847571189,0.0037688442211055,0.1076214405360134,0.0,265.5866507481369,239.3743673800664,470.5932964153694,237.6073306533168,848.8,6.126295947219604,259.4603548009173,0.1081139635378053,0.1517248578948561,0.7401611785673385,1033,3.37270087124879,0.1317440464609758,0.2201399998739359,0.0544127405441274,3.33148520445808,0.0027741882248195,0.0454985479186834,2388,0.0,0.8886097152428811,0.0,0.0,1.0,20938.10909837811,0.0,2.7072280954855845e-15,2.694621152035364e-13,0.0,0.0,0.0,0.0,,,0.0,350.0,59.823168852508886,0.0,0.0
optimal@10s,3,350,2388,2118,0.8869346733668342,0.1130653266331658,0.0012562814070351,0.1118090452261306,0.0,260.06543160109294,233.91856731313737,462.87021333610335,231.9717838405919,847.2,5.719546742209632,254.34588485888327,0.1151164441561975,0.1494754865727614,0.735408069271041,1035,3.2241545893719805,0.1285514009681728,0.216285999995307,0.0511627906976744,2.904819477919998,0.0027579355502654,0.051207729468599,2388,0.0,0.8869346733668342,0.0,0.0,1.0,20859.889809818,0.0,-1.2538496104359653e-15,2.650185180950169e-13,0.0,0.0,0.0,0.0,,,0.0,350.0,59.59968517090856,0.0,0.0
optimal@10s,4,350,2388,2127,0.8907035175879398,0.1092964824120603,0.0025125628140703,0.1067839195979899,0.0,257.77840356369586,238.39253188334624,442.4504332976421,231.3105291538147,850.8,5.976492712740949,251.80191085095493,0.1120439354231803,0.1486410348663622,0.7393150297104575,1035,3.3893719806763287,0.1287770048308546,0.2046179999888408,0.0534173855341738,3.058240763333292,0.0025520194706941,0.0502415458937198,2388,0.0,0.8907035175879398,0.0,0.0,1.0,20955.99944054702,0.0,1.0170832989485637e-14,2.630106340104479e-13,0.0,0.0,0.0,0.0,,,0.0,350.0,59.87428411584863,0.0,0.0
optimal@10s,5,350,2388,2114,0.8852596314907872,0.1147403685092127,0.0025125628140703,0.1122278056951423,0.0,262.00980054157225,237.07435001592103,461.4999279312983,233.5515623319455,845.6,5.850047303689688,256.15975323788257,0.1048492939582062,0.1500152462126513,0.7451354598291424,1035,3.322705314009662,0.1310840579680483,0.2216919999091258,0.0502830502830502,2.804288615966327,0.0024279672270898,0.0405797101449275,2388,0.0,0.8852596314907872,0.0,0.0,1.0,21050.179260017576,0.0,1.3875792137287694e-14,2.62728764424772e-13,0.0,0.0,0.0,0.0,,,0.0,350.0,60.143369314335935,0.0,0.0
optimal@10s,0,400,2388,2232,0.9346733668341708,0.0653266331658291,0.0020938023450586,0.0632328308207705,0.0,211.21103667219657,186.2047991705849,384.2883139215867,198.52773695443932,892.8,5.342293906810036,205.8687427653865,0.2001920040368278,0.1147960761000101,0.6850119198631621,1022,3.26320939334638,0.1340355185914377,0.2226910000103997,0.0515121302758391,1.4049621711180968,0.0015329614614673,0.0410958904109589,2388,0.0,0.9346733668341708,0.0,0.0,1.0,22185.76889608414,0.0,-5.330264306399273e-15,2.605995865138868e-13,0.0,0.0,0.0,0.0,,,0.0,400.0,55.46442224021035,0.0,0.0
optimal@10s,1,400,2388,2224,0.931323283082077,0.0686767169179229,0.0025125628140703,0.0661641541038526,0.0,208.98246904372547,184.37497474306332,380.2081187941689,196.00223009084908,889.6,5.420413669064748,203.5620553746608,0.2053423709834636,0.1122920159415521,0.6823656130749842,1016,3.2903543307086616,0.1391689960663248,0.2302050000253077,0.0464572192513369,1.7869251404600055,0.0018966071284113,0.0383858267716535,2388,0.0,0.931323283082077,0.0,0.0,1.0,21984.323561026533,0.0,2.0197672471373127e-15,2.6537824695543213e-13,0.0,0.0,0.0,0.0,,,0.0,400.0,54.960808902566335,0.0,0.0
optimal@10s,2,400,2388,2234,0.9355108877721944,0.0644891122278056,0.0016750418760469,0.0628140703517587,0.0,205.72987444772704,178.50836276197356,377.706682873972,193.37626589204405,893.6,5.34243509400179,200.38743935372528,0.2029302442986578,0.1116658553654621,0.68540390033588,1022,3.147749510763209,0.1334824853173459,0.2149829999370919,0.0499168053244592,1.572944288416983,0.0019667412044,0.0264187866927592,2388,0.0,0.9355108877721944,0.0,0.0,1.0,22159.27460802267,0.0,4.754776101344516e-15,2.6297217661187096e-13,0.0,0.0,0.0,0.0,,,0.0,400.0,55.39818652005668,0.0,0.0
optimal@10s,3,400,2388,2223,0.9309045226130652,0.0690954773869346,0.0008375209380234,0.0682579564489112,0.0,208.5578497273288,180.4990879656125,380.1021034054333,194.9610410285597,889.2,5.292847503373819,203.2650022239549,0.210341334640265,0.1128438473018144,0.6768148180579205,1023,3.113391984359726,0.1364787878767839,0.2123480000409471,0.0508305647840531,1.3628611276629448,0.0017690360698159,0.0273704789833822,2388,0.0,0.9309045226130652,0.0,0.0,1.0,21892.196867509105,0.0,9.777354115020967e-15,2.609916081923091e-13,0.0,0.0,0.0,0.0,,,0.0,400.0,54.73049216877276,0.0,0.0
optimal@10s,4,400,2388,2236,0.9363484087102176,0.0636515912897822,0.0020938023450586,0.0615577889447236,0.0,210.94769352781543,183.01666770069164,386.1598359987411,198.6964907997373,894.4,5.822450805008945,205.1252427228065,0.2007919052349412,0.114628753475695,0.6845793412893638,1025,3.32390243902439,0.1362990243912308,0.2163120000113849,0.0546538588936734,1.286112191362038,0.0013293451093249,0.0282926829268292,2388,0.0,0.9363484087102176,0.0,0.0,1.0,22167.75541260161,0.0,4.8039489301669566e-15,2.720662097518814e-13,0.0,0.0,0.0,0.0,,,0.0,400.0,55.41938853150404,0.0,0.0
optimal@10s,5,400,2388,2235,0.935929648241206,0.0640703517587939,0.0008375209380234,0.0632328308207705,0.0,205.321698451484,179.3695951716345,371.3451460515073,193.28961462248623,894.0,5.377628635346756,199.94406981613727,0.2050044648215442,0.11245371225152,0.6825418229269358,1027,3.185978578383642,0.1341726387530915,0.2183579999200447,0.0495675316034597,1.1943676344114609,0.0014247144381962,0.0262901655306718,2388,0.0,0.935929648241206,0.0,0.0,1.0,22095.713406483526,0.0,1.0910288332732478e-14,2.631966730068374e-13,0.0,0.0,0.0,0.0,,,0.0,400.0,55.239283516208815,0.0,0.0
optimal@10s,0,450,2388,2274,0.9522613065326632,0.0477386934673366,0.0016750418760469,0.0460636515912897,0.0,183.95489375295327,160.656425074382,343.49956069068065,176.02996241315682,909.6,5.299912049252419,178.65498170370086,0.2886583389146558,0.0919337789936284,0.6194078820917157,1014,3.184418145956608,0.1399237672543429,0.2338149999627603,0.0492840492840492,1.0017116703058055,0.0013438311445145,0.0236686390532544,2388,0.0,0.9522613065326632,0.0,0.0,1.0,22577.00339351192,0.0,7.15600743910987e-15,2.670813829063736e-13,0.0,0.0,0.0,0.0,,,0.0,450.0,50.1711186522487,0.0,0.0
optimal@10s,1,450,2388,2281,0.9551926298157454,0.0448073701842546,0.0020938023450586,0.0427135678391959,0.0,178.41035858267097,153.79974312223385,335.91706439660084,171.4948337417172,912.4,5.440157825515125,172.97020075715585,0.2867632957705008,0.0889286744399407,0.6243080297895585,1020,3.243137254901961,0.1369691176473768,0.2490719997831535,0.0461229946524064,1.2070586297137365,0.0015000643490565,0.0264705882352941,2388,0.0,0.9551926298157454,0.0,0.0,1.0,22641.87474929305,0.0,-6.137085092150871e-15,2.619967178567341e-13,0.0,0.0,0.0,0.0,,,0.0,450.0,50.315277220651225,0.0,0.0
optimal@10s,2,450,2388,2274,0.9522613065326632,0.0477386934673366,0.0012562814070351,0.0464824120603015,0.0,179.12602482219603,152.3598202174178,335.26284265850336,171.2278795973528,909.6,5.329815303430079,173.79620951876595,0.2897120664795147,0.0893536768833063,0.6209342566371789,1021,3.1165523996082274,0.1385216454446738,0.2704000000903756,0.0580474934036939,1.2880209239287783,0.0019406971370599,0.0284035259549461,2388,0.0,0.9522613065326632,0.0,0.0,1.0,22566.21520623117,0.0,-1.1340142154738741e-14,2.62747363200173e-13,0.0,0.0,0.0,0.0,,,0.0,450.0,50.14714490273594,0.0,0.0
optimal@10s,3,450,2388,2274,0.9522613065326632,0.0477386934673366,0.0008375209380234,0.0469011725293132,0.0,179.0793752084114,151.6687179873545,341.07040034842004,171.09772414416926,909.6,5.291996481970097,173.7873787264413,0.2926744023823507,0.0890293680801005,0.6182962295375487,1017,3.094395280235988,0.1422520157329113,0.3807279998727627,0.049883604921849,1.5248221606246302,0.0023557596692437,0.0265486725663716,2388,0.0,0.9522613065326632,0.0,0.0,1.0,22562.144655750228,0.0,-2.5240730057210187e-15,2.6147182728366653e-13,0.0,0.0,0.0,0.0,,,0.0,450.0,50.1380992350005,0.0,0.0
optimal@10s,4,450,2388,2262,0.9472361809045228,0.0527638190954773,0.0016750418760469,0.0510887772194304,0.0,175.91976449048116,150.5908395594356,333.3624427176612,167.17672046659106,904.8,5.178603006189213,170.74116148429195,0.29426761607406,0.0877654635123987,0.6179669204135412,1011,3.0712166172106823,0.1442785361086952,0.3476700001328927,0.0511797939514789,1.0707984812619702,0.0017535799445006,0.0237388724035608,2388,0.0,0.9472361809045228,0.0,0.0,1.0,22396.84589407049,0.0,9.519450754734676e-15,2.625160134463979e-13,0.0,0.0,0.0,0.0,,,0.0,450.0,49.77076865348999,0.0,0.0
optimal@10s,5,450,2388,2269,0.9501675041876048,0.0498324958123953,0.0008375209380234,0.0489949748743718,0.0,179.78623826955658,152.5503951833473,343.47862809979006,171.78876813779488,907.6,5.206698986337594,174.57953928321896,0.2908580464155083,0.0893280762388453,0.6198138773456464,1023,3.1417399804496577,0.1388868035176236,0.2772120000872746,0.0486180486180486,0.9121757161562856,0.0012837047043245,0.0205278592375366,2388,0.0,0.9501675041876048,0.0,0.0,1.0,22589.34733733697,0.0,-3.4836244363690014e-15,2.6317814780213066e-13,0.0,0.0,0.0,0.0,,,0.0,450.0,50.1985496385266,0.0,0.0
optimal@10s,0,500,2388,2287,0.9577051926298158,0.0422948073701842,0.0016750418760469,0.0406197654941373,0.0,170.10246402955704,141.27518553529808,325.0039273485251,163.8083991139027,914.8,5.320507214691736,164.7819568148653,0.3602621129323611,0.0773281359558756,0.5624097511117632,1020,3.179411764705882,0.1414589215657685,0.2493630001185919,0.0429098223265169,0.8693684265472341,0.0012005917850208,0.0235294117647058,2388,0.0,0.9577051926298158,0.0,0.0,1.0,22734.4483823416,0.0,1.1435734058196245e-15,2.606313843266371e-13,0.0,0.0,0.0,0.0,,,0.0,500.0,45.4688967646832,0.0,0.0
optimal@10s,1,500,2388,2299,0.9627303182579564,0.0372696817420435,0.0004187604690117,0.0368509212730318,0.0,161.0879906185252,133.12610463535566,314.63316384472074,155.49550110776576,919.6,5.230969986950848,155.85702063157433,0.3605710809215193,0.0738502289681859,0.5655786901102948,1015,3.064039408866995,0.1452497536985472,0.3077980000580285,0.0520729684908789,0.7756953069542076,0.0013759182757181,0.0167487684729064,2388,0.0,0.9627303182579564,0.0,0.0,1.0,22814.867312720075,0.0,5.472979374807231e-15,2.5939696961380764e-13,0.0,0.0,0.0,0.0,,,0.0,500.0,45.62973462544015,0.0,0.0
optimal@10s,2,500,2388,2300,0.9631490787269682,0.0368509212730318,0.0012562814070351,0.0355946398659966,0.0,159.32116992359195,127.7588426696566,307.5173026108809,154.01728930362907,920.0,5.241304347826087,154.0798655757659,0.3604802246111213,0.0734797649738306,0.5660400104150481,1023,3.0821114369501466,0.1473881720432574,0.2867239998658982,0.0508474576271186,0.660420859846308,0.0011101786684844,0.0175953079178885,2388,0.0,0.9631490787269682,0.0,0.0,1.0,22842.734291561832,0.0,1.6457849575910744e-15,2.585924228371972e-13,0.0,0.0,0.0,0.0,,,0.0,500.0,45.68546858312367,0.0,0.0
optimal@10s,3,500,2388,2297,0.961892797319933,0.038107202680067,0.0,0.038107202680067,0.0,163.74398955648425,134.11530359948392,315.3597702042462,157.8140469058812,918.8,5.177187636047018,158.56680192043723,0.3612221866341946,0.0753061411021071,0.5634716722636982,1013,3.029615004935834,0.1413215202368787,0.2428399999007524,0.0473175608130623,1.208633812367368,0.0022528370248106,0.0207305034550839,2388,0.0,0.961892797319933,0.0,0.0,1.0,22764.89933478942,0.0,1.735853274113534e-15,2.6183582946569123e-13,0.0,0.0,0.0,0.0,,,0.0,500.0,45.529798669578845,0.0,0.0
optimal@10s,4,500,2388,2295,0.9610552763819096,0.0389447236180904,0.0,0.0389447236180904,0.0,161.34048113132832,132.28942586390804,308.8223662531511,155.3108895294801,918.0,5.24880174291939,156.09167938840895,0.3611648599372849,0.0737537389433641,0.565081401119351,1014,3.029585798816568,0.1489997041391628,0.2374700000063967,0.0536246276067527,0.526699091060877,0.0010100938260768,0.0157790927021696,2388,0.0,0.9610552763819096,0.0,0.0,1.0,22778.522116442204,0.0,-2.277626163198328e-15,2.613966172539955e-13,0.0,0.0,0.0,0.0,,,0.0,500.0,45.5570442328844,0.0,0.0
optimal@10s,5,500,2388,2289,0.9585427135678392,0.0414572864321608,0.0016750418760469,0.0397822445561139,0.0,159.0923704112256,128.42184395765253,308.9148785205457,153.3581717996402,915.6,5.113149847094801,153.9792205641308,0.3631473310476553,0.0726419654557248,0.5642107034966198,1017,3.1258603736479844,0.1469305801347862,0.2440760000536106,0.0448310471729675,1.084050924436876,0.0017145736379966,0.0196656833824975,2388,0.0,0.9585427135678392,0.0,0.0,1.0,22814.030359937453,0.0,1.500304661826896e-14,2.604979481481024e-13,0.0,0.0,0.0,0.0,,,0.0,500.0,45.62806071987491,0.0,0.0
batched_greedy@10s+aware,0,300,2388,1921,0.8044388609715243,0.1955611390284757,0.088358458961474,0.1072026800670016,0.0,351.3268149938576,340.1483767841264,549.320977987797,310.98029274133955,768.4,42.09630400832899,309.2305109855285,0.0426001927863233,0.1684634932402276,0.788936313973449,1097,16.003646308113037,0.0488642661846645,0.1233440000396512,0.0486035545883206,,,,2388,0.0,0.8044388609715243,0.0,0.0,1.0,19278.851530967724,0.0,-1.2918118191786308e-15,2.653947395585991e-13,0.0,0.0,0.0,0.0,,,0.0,300.0,64.26283843655908,0.0,0.0
batched_greedy@10s+aware,1,300,2388,1905,0.7977386934673367,0.2022613065326633,0.092964824120603,0.1092964824120603,0.0,350.6177272307549,338.4443609430391,544.6123754283775,307.8187359554285,762.0,40.427296587926506,310.19043064282846,0.0503200242180124,0.1689745554644413,0.7807054203175462,1115,14.939910313901343,0.0486150672675102,0.1354199998741021,0.053352559480894,,,,2388,0.0,0.7977386934673367,0.0,0.0,1.0,18845.4814993748,0.0,2.5372529973795703e-15,2.7298548373680855e-13,0.0,0.0,0.0,0.0,,,0.0,300.0,62.81827166458266,0.0,0.0
batched_greedy@10s+aware,2,300,2388,1941,0.8128140703517588,0.1871859296482412,0.0866834170854271,0.100502512562814,0.0,349.1015974779837,338.4634150883894,537.3366728826577,311.20306472340246,776.4,40.51056156620299,308.59103591178075,0.0461572795484984,0.1700539022576531,0.7837888181938485,1121,14.915254237288137,0.0475327386258274,0.1194599999962519,0.049009009009009,,,,2388,0.0,0.8128140703517588,0.0,0.0,1.0,19103.932445256425,0.0,1.0229838614536835e-14,2.705754791324275e-13,0.0,0.0,0.0,0.0,,,0.0,300.0,63.67977481752142,0.0,0.0
batched_greedy@10s+aware,3,300,2388,1933,0.809463986599665,0.190536013400335,0.079145728643216,0.1113902847571189,0.0,338.6583529418389,326.08661636928264,537.2421914727714,298.609076813074,773.2,36.85514743921366,301.8032055026253,0.0530819873956079,0.1684619372636843,0.7784560753407077,1100,13.885454545454545,0.0485052727288927,0.1154499999142899,0.0551209103840682,,,,2388,0.0,0.809463986599665,0.0,0.0,1.0,18947.814742811715,0.0,9.820046138557204e-15,2.710483444289208e-13,0.0,0.0,0.0,0.0,,,0.0,300.0,63.15938247603905,0.0,0.0
batched_greedy@10s+aware,4,300,2388,1909,0.7994137353433836,0.2005862646566164,0.0841708542713567,0.1164154103852596,0.0,352.95190533544053,340.9617080260841,540.9892547452978,310.39029674531787,763.6,40.98952331063384,311.9623820248067,0.0481761786133063,0.1707908858347413,0.7810329355519524,1096,15.407846715328468,0.0474234489034928,0.1125150000348184,0.0392156862745098,,,,2388,0.0,0.7994137353433836,0.0,0.0,1.0,19058.36897502976,0.0,6.48105049053051e-15,2.725214268789895e-13,0.0,0.0,0.0,0.0,,,0.0,300.0,63.52789658343251,0.0,0.0
batched_greedy@10s+aware,5,300,2388,1926,0.8065326633165829,0.1934673366834171,0.0871021775544388,0.1063651591289782,0.0,356.9466516114009,348.5935042997719,552.6231131846939,315.1542890310256,770.4,42.54465212876428,314.40199948263665,0.0402321436257588,0.1719707265672138,0.7877971298070274,1098,15.230418943533698,0.046560655734997,0.122188999919217,0.0496046010064701,,,,2388,0.0,0.8065326633165829,0.0,0.0,1.0,19090.90132736545,0.0,1.6135702443046412e-14,2.671406421329624e-13,0.0,0.0,0.0,0.0,,,0.0,300.0,63.63633775788482,0.0,0.0
batched_greedy@10s+aware,0,350,2388,2129,0.8915410385259631,0.1084589614740368,0.0305695142378559,0.0778894472361809,0.0,268.0420958549238,249.56298587549827,473.8801607920228,249.3368654872511,851.6,15.83419445749178,252.20790139743204,0.1091708797562418,0.1444050932345527,0.7464240270092053,1111,7.414041404140414,0.0534106210613484,0.1411800000596487,0.0555555555555555,,,,2388,0.0,0.8915410385259631,0.0,0.0,1.0,21136.477875344164,0.0,-5.650299913771017e-15,2.6964579517614633e-13,0.0,0.0,0.0,0.0,,,0.0,350.0,60.38993678669761,0.0,0.0
batched_greedy@10s+aware,1,350,2388,2118,0.8869346733668342,0.1130653266331658,0.0322445561139028,0.0808207705192629,0.0,271.4739076763084,249.47948044207303,473.6694665201412,252.45153893722264,847.2,15.749763928234184,255.72414374807417,0.1165689816539227,0.1432833157796204,0.7401477025664568,1118,7.344364937388193,0.0529205724520719,0.1373220000323269,0.0503080082135523,,,,2388,0.0,0.8869346733668342,0.0,0.0,1.0,20942.58645223236,0.0,5.070542663741296e-15,2.681080622438085e-13,0.0,0.0,0.0,0.0,,,0.0,350.0,59.83596129209245,0.0,0.0
batched_greedy@10s+aware,2,350,2388,2143,0.8974036850921273,0.1025963149078727,0.0293132328308207,0.0732830820770519,0.0,277.4132885737366,254.9356367633718,488.1815601620725,259.45826630483435,857.2,19.09892673821745,258.3143618355192,0.1104315411210624,0.1455229418297372,0.7440455170492003,1119,7.771224307417337,0.0523004468287127,0.1432860000386425,0.0495557074504442,,,,2388,0.0,0.8974036850921273,0.0,0.0,1.0,21173.725082760782,0.0,1.2824500625656076e-14,2.70551248745117e-13,0.0,0.0,0.0,0.0,,,0.0,350.0,60.49635737931652,0.0,0.0
batched_greedy@10s+aware,3,350,2388,2136,0.8944723618090452,0.1055276381909547,0.0276381909547738,0.0778894472361809,0.0,264.75182168236887,243.7564640542605,469.5526208400149,245.42149390153497,854.4,14.85814606741573,249.8936756149532,0.1187228550297591,0.1430448756275811,0.7382322693426596,1078,6.838589981447124,0.0526665120609144,0.1223209999307073,0.052076242341729,,,,2388,0.0,0.8944723618090452,0.0,0.0,1.0,20965.668662526896,0.0,-5.418054685717524e-15,2.675071982487642e-13,0.0,0.0,0.0,0.0,,,0.0,350.0,59.90191046436256,0.0,0.0
batched_greedy@10s+aware,4,350,2388,2136,0.8944723618090452,0.1055276381909547,0.0255443886097152,0.0799832495812395,0.0,275.4600195469762,257.472996984312,474.2046500529677,256.2898556160095,854.4,16.210205992509362,259.2498135544668,0.1076938898030516,0.1468982918916957,0.7454078183052528,1080,7.339814814814815,0.0532727777744589,0.135763000055249,0.0425385934819897,,,,2388,0.0,0.8944723618090452,0.0,0.0,1.0,21189.373691526085,0.0,1.413767147462746e-15,2.662190068891055e-13,0.0,0.0,0.0,0.0,,,0.0,350.0,60.54106769007453,0.0,0.0
batched_greedy@10s+aware,5,350,2388,2129,0.8915410385259631,0.1084589614740368,0.028894472361809,0.0795644891122278,0.0,268.78196575915297,248.5689802781194,472.5952147267577,249.7863393747372,851.6,14.147487083137625,254.6344786760153,0.1090448504327149,0.1444273352984567,0.7465278142688283,1071,6.824463118580765,0.0534069094339767,0.1379199999291813,0.0517182715209254,,,,2388,0.0,0.8915410385259631,0.0,0.0,1.0,21171.735732230743,0.0,2.004346274048498e-15,2.623019488580669e-13,0.0,0.0,0.0,0.0,,,0.0,350.0,60.49067352065927,0.0,0.0
batched_greedy@10s+aware,0,400,2388,2227,0.9325795644891124,0.0674204355108877,0.0209380234505862,0.0464824120603015,0.0,216.23098719088003,190.14941697973336,404.7081727376894,208.54716019384253,890.8,11.144140098787606,205.08684709209243,0.2067461653032175,0.1116805694033304,0.6815732652934521,1093,5.897529734675206,0.0642565416290735,0.151607999969201,0.0534506089309878,,,,2388,0.0,0.9325795644891124,0.0,0.0,1.0,22072.13000803954,0.0,1.5741536697603928e-15,2.6973464124855257e-13,0.0,0.0,0.0,0.0,,,0.0,400.0,55.180325020098856,0.0,0.0
batched_greedy@10s+aware,1,400,2388,2240,0.9380234505862648,0.0619765494137353,0.0159128978224455,0.0460636515912897,0.0,222.01411746039568,194.10251119896705,418.18809062502186,213.88931992653065,896.0,11.220535714285717,210.79358174611,0.1999388882865823,0.1144084310410467,0.685652680672371,1114,5.225314183123878,0.0621720825842353,0.175674000008712,0.0527908540685944,,,,2388,0.0,0.9380234505862648,0.0,0.0,1.0,22252.225286410925,0.0,1.5478293250278544e-14,2.631968056197667e-13,0.0,0.0,0.0,0.0,,,0.0,400.0,55.63056321602731,0.0,0.0
batched_greedy@10s+aware,2,400,2388,2235,0.935929648241206,0.0640703517587939,0.0192629815745393,0.0448073701842546,0.0,208.28235808533373,177.94690881744918,394.7796650656849,201.86511677964344,894.0,11.16420581655481,197.1181522687789,0.2128978750405648,0.1076677505228067,0.6794343744366285,1113,5.516621743036837,0.0628655884981125,0.1518680000481252,0.0475059382422802,,,,2388,0.0,0.935929648241206,0.0,0.0,1.0,21999.48303970701,0.0,1.6244922384658422e-14,2.6244162200127577e-13,0.0,0.0,0.0,0.0,,,0.0,400.0,54.99870759926754,0.0,0.0
batched_greedy@10s+aware,3,400,2388,2237,0.9367671691792296,0.0632328308207705,0.0171691792294807,0.0460636515912897,0.0,209.3619417122409,182.8605494549356,396.6935560383305,202.02867146139263,894.8,9.848904783191776,199.51303692904915,0.2118744734816415,0.1096537428935923,0.6784717836247661,1086,5.198895027624309,0.0634669429123788,0.1458700000057435,0.050303848750844,,,,2388,0.0,0.9367671691792296,0.0,0.0,1.0,22089.939580473885,0.0,4.8571885102375866e-15,2.684377331753265e-13,0.0,0.0,0.0,0.0,,,0.0,400.0,55.22484895118471,0.0,0.0
batched_greedy@10s+aware,4,400,2388,2237,0.9367671691792296,0.0632328308207705,0.016750418760469,0.0464824120603015,0.0,213.9898251042489,187.99274878913457,400.8221836288669,206.86922530929056,894.8,9.727313366115332,204.2625117381336,0.2007881551906491,0.1126309405895397,0.6865809042198111,1080,5.312962962962963,0.0640676851884547,0.1527679999026077,0.0597862391449565,,,,2388,0.0,0.9367671691792296,0.0,0.0,1.0,22216.31809107948,0.0,4.480199055832013e-15,2.6732145529111253e-13,0.0,0.0,0.0,0.0,,,0.0,400.0,55.54079522769869,0.0,0.0
batched_greedy@10s+aware,5,400,2388,2240,0.9380234505862648,0.0619765494137353,0.0188442211055276,0.0431323283082077,0.0,210.4169677162724,182.44682817924263,399.4062816623449,204.2322033563587,896.0,10.102232142857142,200.31473557341525,0.2052551137206689,0.1101208138477704,0.6846240724315606,1081,5.301572617946346,0.0637479185930651,0.1610199999504402,0.0535173342308986,,,,2388,0.0,0.9380234505862648,0.0,0.0,1.0,22182.377094848045,0.0,3.401049283472243e-15,2.659434180810446e-13,0.0,0.0,0.0,0.0,,,0.0,400.0,55.45594273712012,0.0,0.0
batched_greedy@10s+aware,0,450,2388,2268,0.949748743718593,0.050251256281407,0.0159128978224455,0.0343383584589614,0.0,186.82407210787653,160.73791605520591,354.81265168232136,182.2385108043092,907.2,8.986331569664904,177.83774053821162,0.2926642534752738,0.0896215331166712,0.6177142134080549,1084,4.978782287822878,0.0707334870811896,0.1674120000097903,0.053835800807537,,,,2388,0.0,0.949748743718593,0.0,0.0,1.0,22504.43745547042,0.0,-6.796640459923071e-15,2.661654945045309e-13,0.0,0.0,0.0,0.0,,,0.0,450.0,50.009861012156485,0.0,0.0
batched_greedy@10s+aware,1,450,2388,2272,0.95142378559464,0.0485762144053601,0.0159128978224455,0.0326633165829145,0.0,179.47278818279298,150.91505889973223,350.575873506278,175.62851789775857,908.8,8.450704225352112,171.02208395744088,0.2942162607925349,0.0868097285847972,0.6189740106226679,1083,4.570637119113574,0.070953647271369,0.1690500000404428,0.0469912102772143,,,,2388,0.0,0.95142378559464,0.0,0.0,1.0,22470.48413998036,0.0,4.2495349961928746e-15,2.630112481482993e-13,0.0,0.0,0.0,0.0,,,0.0,450.0,49.93440919995635,0.0,0.0
batched_greedy@10s+aware,2,450,2388,2276,0.9530988274706867,0.0469011725293132,0.016750418760469,0.0301507537688442,0.0,181.62998075612657,151.51571214194269,356.04829868006937,178.46741052848543,910.4,9.561072056239016,172.06890869988757,0.292404911751239,0.0872350646716943,0.6203600235770667,1089,4.889807162534435,0.0735516988103979,0.1876799998444765,0.0527908540685944,,,,2388,0.0,0.9530988274706867,0.0,0.0,1.0,22533.55293156,0.0,-2.542049757569894e-15,2.658732929189165e-13,0.0,0.0,0.0,0.0,,,0.0,450.0,50.07456207013333,0.0,0.0
batched_greedy@10s+aware,3,450,2388,2276,0.9530988274706867,0.0469011725293132,0.01214405360134,0.0347571189279732,0.0,183.0437153285876,153.0564670010658,359.2073313551432,178.34088505535175,910.4,8.745166959578208,174.29854836900938,0.2930841094766193,0.088053348253571,0.6188625422698096,1077,4.548746518105849,0.0706979572899204,0.1684559999921476,0.0465587044534413,,,,2388,0.0,0.9530988274706867,0.0,0.0,1.0,22613.72134565497,0.0,5.288681033825108e-16,2.6505716192484776e-13,0.0,0.0,0.0,0.0,,,0.0,450.0,50.25271410145548,0.0,0.0
batched_greedy@10s+aware,4,450,2388,2278,0.9539363484087102,0.0460636515912897,0.0142378559463986,0.0318257956448911,0.0,184.4029616722464,156.5277239603015,357.0062893872969,180.65738661216275,911.2,9.311676909569798,175.0912847626766,0.2878040684581743,0.0891616760200047,0.6230342555218209,1078,4.8441558441558445,0.0719091836742263,0.1638150000167115,0.0552393706059591,,,,2388,0.0,0.9539363484087102,0.0,0.0,1.0,22635.1810758439,0.0,6.688630724300109e-15,2.624699794157109e-13,0.0,0.0,0.0,0.0,,,0.0,450.0,50.30040239076422,0.0,0.0
batched_greedy@10s+aware,5,450,2388,2271,0.951005025125628,0.0489949748743718,0.016750418760469,0.0322445561139028,0.0,180.55466133710144,152.51237979974258,347.8356115239658,177.52543621350048,908.4,8.546014971378247,172.00864636572322,0.2968409113388781,0.0870219592707512,0.6161371293903707,1075,4.757209302325581,0.0733960930214972,0.1659599998265548,0.0537092984222893,,,,2388,0.0,0.951005025125628,0.0,0.0,1.0,22458.648720918867,0.0,-5.6879986312257575e-16,2.63443408679952e-13,0.0,0.0,0.0,0.0,,,0.0,450.0,49.9081082687086,0.0,0.0
batched_greedy@10s+aware,0,500,2388,2287,0.9577051926298158,0.0422948073701842,0.0129815745393634,0.0293132328308207,0.0,173.4803087705054,140.64036417104853,347.6498038049831,170.89713569028504,914.8,8.646698731963271,164.8336100385421,0.3622829010539826,0.0758816951500389,0.5618354037959784,1098,4.843351548269581,0.075432513661505,0.1735930000722873,0.047313281514025,,,,2388,0.0,0.9577051926298158,0.0,0.0,1.0,22761.75565513056,0.0,2.8111895554446082e-15,2.624885199641561e-13,0.0,0.0,0.0,0.0,,,0.0,500.0,45.52351131026112,0.0,0.0
batched_greedy@10s+aware,1,500,2388,2299,0.9627303182579564,0.0372696817420435,0.0129815745393634,0.02428810720268,0.0,161.91059855480407,132.4591652778704,319.1779990907632,159.75457916308577,919.6,7.796868203566768,154.1137303512373,0.3633016089700764,0.0722471389005646,0.564451252129359,1046,4.3833652007648185,0.0768066921632653,0.1783649999424597,0.0507222035606315,,,,2388,0.0,0.9627303182579564,0.0,0.0,1.0,22830.16785513456,0.0,7.158161743981631e-15,2.576886072945758e-13,0.0,0.0,0.0,0.0,,,0.0,500.0,45.66033571026912,0.0,0.0
batched_greedy@10s+aware,2,500,2388,2299,0.9627303182579564,0.0372696817420435,0.0125628140703517,0.0247068676716917,0.0,162.00960295463975,128.85387661330606,329.2993706158061,160.05047674917003,919.6,8.13005654632449,153.87954640831526,0.3617019919502623,0.0722554993500761,0.5660425086996617,1078,4.3729128014842304,0.0752111317280148,0.1681370000528659,0.0532484929671801,,,,2388,0.0,0.9627303182579564,0.0,0.0,1.0,22841.38776247688,0.0,7.438301098738071e-15,2.609673629386353e-13,0.0,0.0,0.0,0.0,,,0.0,500.0,45.68277552495376,0.0,0.0
batched_greedy@10s+aware,3,500,2388,2295,0.9610552763819096,0.0389447236180904,0.0104690117252931,0.0284757118927973,0.0,166.23063681332718,134.3600010655664,337.58974489127525,163.0527542863386,918.0,7.934640522875817,158.29599629045137,0.3647441553769447,0.0734543196771489,0.5618015249459063,1053,4.272554605887939,0.0774492877477272,0.1854840000396507,0.0467855940760686,,,,2388,0.0,0.9610552763819096,0.0,0.0,1.0,22773.06019261816,0.0,-3.189992448358696e-15,2.617822685808937e-13,0.0,0.0,0.0,0.0,,,0.0,500.0,45.54612038523632,0.0,0.0
batched_greedy@10s+aware,4,500,2388,2301,0.96356783919598,0.0364321608040201,0.0100502512562814,0.0263819095477386,0.0,166.4404549144114,135.6046588178924,334.3452952563693,163.7151514241907,920.4,9.166014776184268,157.2744401382271,0.3599101498798093,0.0734035925077941,0.5666862576123964,1076,4.45910780669145,0.0773614312288457,0.176600000088456,0.0496477692049647,,,,2388,0.0,0.96356783919598,0.0,0.0,1.0,22906.24192018796,0.0,-9.155793608424383e-15,2.663847702468437e-13,0.0,0.0,0.0,0.0,,,0.0,500.0,45.812483840375926,0.0,0.0
batched_greedy@10s+aware,5,500,2388,2292,0.9597989949748744,0.0402010050251256,0.0146566164154103,0.0255443886097152,0.0,159.10009701661104,128.18035284939765,310.9481413279241,157.68046473842125,916.8,7.798429319371728,151.3016676972393,0.367389922607284,0.0704147948682548,0.5621952825244612,1074,4.435754189944134,0.0773513035337465,0.1815880001117874,0.0472334682860998,,,,2388,0.0,0.9597989949748744,0.0,0.0,1.0,22791.744902177463,0.0,1.6182033413460998e-15,2.6199059404381433e-13,0.0,0.0,0.0,0.0,,,0.0,500.0,45.583489804354926,0.0,0.0
optimal@10s+aware,0,300,2388,1930,0.8082077051926299,0.1917922948073701,0.083752093802345,0.1080402010050251,0.0,351.5525281253028,343.6669841951107,546.3270054241856,310.2095066485587,772.0,42.27512953367876,309.27739859162403,0.0445891654236938,0.1706611567679977,0.7847496778083084,1111,15.325832583258324,0.1234711071125925,0.2015299999357013,0.0531800215594682,6.163906121235716,0.0004921165186431,0.0459045904590459,2388,0.0,0.8082077051926299,0.0,0.0,1.0,19215.70032004161,0.0,3.338262309069797e-15,2.678276713821747e-13,0.0,0.0,0.0,0.0,,,0.0,300.0,64.0523344001387,0.0,0.0
optimal@10s+aware,1,300,2388,1910,0.7998324958123953,0.2001675041876046,0.0808207705192629,0.1193467336683417,0.0,354.457448761103,345.07041219082726,544.5798421340669,309.4848754195126,764.0,38.77434554973822,315.6831032113648,0.0463727174962503,0.173359144278348,0.7802681382254016,1115,14.252017937219732,0.120245201794568,0.203907999957664,0.055852009960868,4.747954835723819,0.0004099886186279,0.0448430493273542,2388,0.0,0.7998324958123953,0.0,0.0,1.0,18822.463906053068,0.0,8.574874376581313e-16,2.729097924959625e-13,0.0,0.0,0.0,0.0,,,0.0,300.0,62.74154635351023,0.0,0.0
optimal@10s+aware,2,300,2388,1948,0.8157453936348409,0.1842546063651591,0.0858458961474036,0.0984087102177554,0.0,361.2346985980911,354.39413067863416,543.1383405265336,322.9918413147813,779.2,43.67556468172484,317.5591339163662,0.0416358121322211,0.1748844875194079,0.7834797003483709,1120,15.648214285714284,0.1249417857094061,0.2056199999356066,0.0509874326750448,4.494862821640228,0.000350063194006,0.0419642857142857,2388,0.0,0.8157453936348409,0.0,0.0,1.0,19246.336391323533,0.0,9.794583579054462e-15,2.70246065999907e-13,0.0,0.0,0.0,0.0,,,0.0,300.0,64.15445463774512,0.0,0.0
optimal@10s+aware,3,300,2388,1928,0.8073701842546064,0.1926298157453936,0.0795644891122278,0.1130653266331658,0.0,351.0618521392849,343.00341792751306,544.2921430147719,308.4930362083181,771.2,41.302385892116185,309.75946624716875,0.0521513351783004,0.1709494032967353,0.7768992615249642,1106,14.664556962025316,0.1253021699812715,0.2138300000638083,0.051730288976097,5.676090125511558,0.0004765164806054,0.0533453887884267,2388,0.0,0.8073701842546064,0.0,0.0,1.0,18988.5550822326,0.0,1.0737376870524128e-14,2.679110967191305e-13,0.0,0.0,0.0,0.0,,,0.0,300.0,63.29518360744199,0.0,0.0
optimal@10s+aware,4,300,2388,1908,0.7989949748743719,0.2010050251256281,0.0904522613065326,0.1105527638190954,0.0,352.9360358261821,345.7079825968636,535.2344426148271,311.6660988431444,763.2,41.55765199161426,311.37838383456784,0.0500306765577103,0.1700723924135178,0.7798969310287718,1096,15.703467153284672,0.1241574817553734,0.2358750001462794,0.0463768115942029,6.30052772282452,0.0004896501759219,0.0447080291970802,2388,0.0,0.7989949748743719,0.0,0.0,1.0,18960.903754989984,0.0,4.134591574306348e-15,2.6125758905432857e-13,0.0,0.0,0.0,0.0,,,0.0,300.0,63.20301251663328,0.0,0.0
optimal@10s+aware,5,300,2388,1926,0.8065326633165829,0.1934673366834171,0.0850083752093802,0.1084589614740368,0.0,349.63401234328364,338.184278054021,543.3176008984681,309.79091211578805,770.4,39.88681204569055,309.7472002975931,0.0415891033984758,0.1712027787525931,0.787208117848931,1098,14.868852459016392,0.1256844262265845,0.2084050001622016,0.0498565279770444,5.938642553624584,0.0004913918893987,0.0482695810564663,2388,0.0,0.8065326633165829,0.0,0.0,1.0,19043.63157931248,0.0,1.309210038176872e-14,2.652001152429841e-13,0.0,0.0,0.0,0.0,,,0.0,300.0,63.47877193104159,0.0,0.0
optimal@10s+aware,0,350,2388,2132,0.8927973199329984,0.1072026800670016,0.0284757118927973,0.0787269681742043,0.0,274.8195173018208,255.4356061469557,479.2217429970033,255.1041520903236,852.8,16.7546904315197,258.0648268703011,0.1056987888772863,0.1473882617128274,0.7469129494098862,1108,7.462093862815885,0.1211653429636696,0.2169510000294395,0.0492981855528928,5.017214149223793,0.0009701265727593,0.0523465703971119,2388,0.0,0.8927973199329984,0.0,0.0,1.0,21183.842612414803,0.0,-1.9754887740234493e-15,2.6196014296684546e-13,0.0,0.0,0.0,0.0,,,0.0,350.0,60.52526460689944,0.0,0.0
optimal@10s+aware,1,350,2388,2118,0.8869346733668342,0.1130653266331658,0.0322445561139028,0.0808207705192629,0.0,267.84613404316383,249.25039695166697,463.1757344996888,249.0803228878165,847.2,15.995278564683664,251.85085547848016,0.1147065460778365,0.1427271637497688,0.7425662901723946,1128,7.323581560283688,0.1234633865332953,0.2080000000955806,0.055498808307797,3.75600302213707,0.0007426717360152,0.0390070921985815,2388,0.0,0.8869346733668342,0.0,0.0,1.0,20966.86125940356,0.0,1.918306034427868e-15,2.66514960347472e-13,0.0,0.0,0.0,0.0,,,0.0,350.0,59.90531788401018,0.0,0.0
optimal@10s+aware,2,350,2388,2151,0.9007537688442212,0.0992462311557789,0.0272194304857621,0.0720268006700167,0.0,273.2331388667532,252.57973912952912,474.5958653485977,255.54576796038884,860.4,16.13296141329614,257.1001774534571,0.1067566334390986,0.1469377126637902,0.7463056538971111,1118,6.9919499105545615,0.1235951699470559,0.2160810000509627,0.0501193317422434,4.983803958248658,0.0010489406742465,0.0456171735241502,2388,0.0,0.9007537688442212,0.0,0.0,1.0,21245.588033651165,0.0,1.4274443500247946e-14,2.656268717044404e-13,0.0,0.0,0.0,0.0,,,0.0,350.0,60.70168009614618,0.0,0.0
optimal@10s+aware,3,350,2388,2140,0.8961474036850922,0.1038525963149078,0.0276381909547738,0.076214405360134,0.0,260.62545469050497,242.3900937497665,465.9536423261499,242.78702160701675,856.0,13.331308411214954,247.29414627929,0.1196674813872475,0.1423436352895015,0.737988883323251,1095,6.531506849315068,0.1231644748796792,0.2192739998827163,0.0543109300746775,5.738279591544966,0.0013460567240728,0.0401826484018264,2388,0.0,0.8961474036850922,0.0,0.0,1.0,21069.96656721534,0.0,1.3863054006926908e-14,2.672694879535565e-13,0.0,0.0,0.0,0.0,,,0.0,350.0,60.19990447775811,0.0,0.0
optimal@10s+aware,4,350,2388,2136,0.8944723618090452,0.1055276381909547,0.0322445561139028,0.0732830820770519,0.0,276.42718964564006,258.54704336588475,476.0124527457088,257.9170062649222,854.4,17.403089887640448,259.0240997579996,0.1076234158038339,0.1475103552551996,0.7448662289409663,1098,7.555555555555555,0.1282099271414125,0.2317399999333245,0.0532241555783009,5.868089145799296,0.0011201639044958,0.0519125683060109,2388,0.0,0.8944723618090452,0.0,0.0,1.0,21171.6978634478,0.0,1.3396691163810224e-14,2.69042383045362e-13,0.0,0.0,0.0,0.0,,,0.0,350.0,60.49056532413655,0.0,0.0
optimal@10s+aware,5,350,2388,2119,0.8873534338358459,0.1126465661641541,0.0293132328308207,0.0833333333333333,0.0,260.72503148364177,242.3381785042584,452.54810784241386,241.38707289308587,847.6,12.66729589428976,248.0577355893521,0.1145129743080698,0.1413059079427467,0.7441811177491833,1093,6.358645928636779,0.1250208600170423,0.2200839999022715,0.0530251529571719,4.298093663905473,0.0010455230664868,0.0439158279963403,2388,0.0,0.8873534338358459,0.0,0.0,1.0,21104.504745548988,0.0,6.621099767245412e-15,2.721021981483994e-13,0.0,0.0,0.0,0.0,,,0.0,350.0,60.29858498728282,0.0,0.0
optimal@10s+aware,0,400,2388,2229,0.9334170854271356,0.0665829145728643,0.019681742043551,0.0469011725293132,0.0,213.9452613522845,188.006150744578,402.2171634336402,206.22349595669527,891.6,10.895020188425304,203.0502411638592,0.2073992348529062,0.1111625059193369,0.6814382592277568,1093,5.709057639524246,0.1271903934141198,0.2138159999776689,0.0495251017639077,2.068635436915095,0.0006181622523873,0.0292772186642269,2388,0.0,0.9334170854271356,0.0,0.0,1.0,22050.125046582503,0.0,-3.532391965294577e-15,2.6540436764217293e-13,0.0,0.0,0.0,0.0,,,0.0,400.0,55.125312616456256,0.0,0.0
optimal@10s+aware,1,400,2388,2242,0.9388609715242882,0.0611390284757118,0.0175879396984924,0.0435510887772194,0.0,216.40749735073905,189.6901292358025,398.7236769918616,209.3284459549569,896.8,11.7885816235504,204.6189157271886,0.2039687355274223,0.1109493487824306,0.6850819156901471,1111,5.465346534653466,0.1278367236760585,0.2209899999343181,0.0493409935789117,2.496953418829021,0.0007903036880822,0.0279027902790279,2388,0.0,0.9388609715242882,0.0,0.0,1.0,22184.742717526904,0.0,4.789706147807477e-15,2.6565983034185333e-13,0.0,0.0,0.0,0.0,,,0.0,400.0,55.46185679381726,0.0,0.0
optimal@10s+aware,2,400,2388,2232,0.9346733668341708,0.0653266331658291,0.0209380234505862,0.0443886097152428,0.0,210.9427306201005,184.1743822422295,405.25941120729067,204.05967249976385,892.8,10.560035842293908,200.3826947778066,0.2096215198925796,0.1097266262059579,0.6806518539014624,1115,5.365022421524664,0.128567443949586,0.2150500000925601,0.0488466757123473,3.077099140328064,0.0010045350579881,0.0313901345291479,2388,0.0,0.9346733668341708,0.0,0.0,1.0,22010.15690114978,0.0,-6.949836962393679e-16,2.685416604339517e-13,0.0,0.0,0.0,0.0,,,0.0,400.0,55.02539225287445,0.0,0.0
optimal@10s+aware,3,400,2388,2234,0.9355108877721944,0.0644891122278056,0.0188442211055276,0.045644891122278,0.0,208.25143265004,180.2007223873536,386.46918068593385,201.1075238365596,893.6,10.578782452999103,197.6726501970409,0.2124073100733282,0.108177398479111,0.6794152914475607,1097,5.340018231540565,0.126548495895717,0.2075399999830551,0.0461486257210722,2.5239296072409694,0.0008427367268328,0.0227894257064721,2388,0.0,0.9355108877721944,0.0,0.0,1.0,22042.251064486434,0.0,-1.2048454346021615e-15,2.652439095976214e-13,0.0,0.0,0.0,0.0,,,0.0,400.0,55.10562766121609,0.0,0.0
optimal@10s+aware,4,400,2388,2242,0.9388609715242882,0.0611390284757118,0.0163316582914572,0.0448073701842546,0.0,214.8662417068284,185.7120037326531,404.19796074309454,207.60153477311448,896.8,11.277876895628903,203.58836481119948,0.2003616609496361,0.1116726632862457,0.6879656757641182,1086,5.449355432780847,0.125378637198908,0.2175299999521485,0.0581939799331103,2.422209346544401,0.0007871915019546,0.0276243093922651,2388,0.0,0.9388609715242882,0.0,0.0,1.0,22265.71276669704,0.0,3.5495444426909554e-16,2.686418834436787e-13,0.0,0.0,0.0,0.0,,,0.0,400.0,55.6642819167426,0.0,0.0
optimal@10s+aware,5,400,2388,2234,0.9355108877721944,0.0644891122278056,0.019681742043551,0.0448073701842546,0.0,208.52375518498283,182.63972053939824,386.238070686098,201.66278800366769,893.6,9.681736794986572,198.84201838999627,0.2075055466478208,0.1094385265984935,0.6830559267536856,1067,5.216494845360825,0.1293847235201278,0.2060420000361772,0.0567304464585431,3.3505401483018384,0.0011890718199774,0.0328022492970946,2388,0.0,0.9355108877721944,0.0,0.0,1.0,22098.01866366783,0.0,2.260203364366702e-16,2.6342660272365133e-13,0.0,0.0,0.0,0.0,,,0.0,400.0,55.24504665916957,0.0,0.0
optimal@10s+aware,0,450,2388,2266,0.9489112227805696,0.0510887772194304,0.016750418760469,0.0343383584589614,0.0,186.3618223301371,158.92686320083067,357.2681608249941,182.0939076119768,906.4,8.642541924095323,177.71928040604178,0.2937132694494573,0.0898129879289529,0.6164737426215898,1085,4.999078341013825,0.1342548387088956,0.2384999999594585,0.0516368545393182,1.850069180843887,0.0007147668691707,0.0239631336405529,2388,0.0,0.9489112227805696,0.0,0.0,1.0,22461.840076258715,0.0,-2.748218442068592e-15,2.597810169392675e-13,0.0,0.0,0.0,0.0,,,0.0,450.0,49.91520016946382,0.0,0.0
optimal@10s+aware,1,450,2388,2285,0.9568676716917924,0.0431323283082077,0.0150753768844221,0.0280569514237855,0.0,181.04089089589328,153.81028844915818,344.6182168375673,177.65061674102682,914.0,8.695404814004377,172.3454860818889,0.2887660707062237,0.0879793448864615,0.6232545844073146,1094,4.487202925045704,0.1288162705662431,0.2363010000863138,0.043728813559322,1.7574886132603211,0.0008230740362198,0.0201096892138939,2388,0.0,0.9568676716917924,0.0,0.0,1.0,22616.670169060497,0.0,1.7023095794646385e-15,2.592608355085754e-13,0.0,0.0,0.0,0.0,,,0.0,450.0,50.25926704235666,0.0,0.0
optimal@10s+aware,2,450,2388,2277,0.9535175879396984,0.0464824120603015,0.0146566164154103,0.0318257956448911,0.0,181.7916307623236,151.80423016182294,352.32441187617263,178.33296870811384,910.8,9.296881862099251,172.49474890022427,0.2923265683100219,0.0873008757112889,0.620372555978689,1064,4.86936090225564,0.1347734022543245,0.2189739999948869,0.0527022490768714,1.8808420651705176,0.0007795538686522,0.0263157894736842,2388,0.0,0.9535175879396984,0.0,0.0,1.0,22530.83911328194,0.0,2.465553258068524e-15,2.639212715058256e-13,0.0,0.0,0.0,0.0,,,0.0,450.00000000000006,50.068531362848745,0.0,0.0
optimal@10s+aware,3,450,2388,2273,0.9518425460636516,0.0481574539363484,0.0113065326633165,0.0368509212730318,0.0,183.4765998005197,154.43664009930762,358.46638632063946,178.03352559958267,909.2,8.829300483941926,174.64729931657783,0.2936385841498588,0.0883650130056687,0.6179964028444725,1082,4.437153419593345,0.1354355822583099,0.226057000113542,0.0519611129735166,2.0234215686787373,0.0009859169317396,0.0194085027726432,2388,0.0,0.9518425460636516,0.0,0.0,1.0,22587.415739543543,0.0,-6.663291905823311e-15,2.659578574870769e-13,0.0,0.0,0.0,0.0,,,0.0,450.0,50.19425719898565,0.0,0.0
optimal@10s+aware,4,450,2388,2290,0.958961474036851,0.041038525963149,0.01214405360134,0.028894472361809,0.0,184.28493062389856,156.28731515729305,358.80247041745247,180.5079154113222,916.0,9.210917030567686,175.07401359333087,0.2842356364325423,0.0895150115846654,0.6262493519827922,1069,4.628624883068288,0.135211038356605,0.2313320000030208,0.0526139410187667,1.464216820339011,0.0006668459815746,0.0233863423760523,2388,0.0,0.958961474036851,0.0,0.0,1.0,22749.336874702607,0.0,5.963982340492937e-15,2.656704550675159e-13,0.0,0.0,0.0,0.0,,,0.0,450.0,50.55408194378357,0.0,0.0
optimal@10s+aware,5,450,2388,2268,0.949748743718593,0.050251256281407,0.016750418760469,0.033500837520938,0.0,181.8973156107266,152.92775704560063,354.0426092536113,178.4058163737286,907.2,8.539241622574956,173.35807398815166,0.2961772945309134,0.087801689431706,0.6160210160373805,1079,4.697868396663577,0.1306004633837897,0.2223440001171184,0.0476351351351351,2.001691776294289,0.0008721430775228,0.0213160333642261,2388,0.0,0.949748743718593,0.0,0.0,1.0,22468.89690713366,0.0,-1.955862475700976e-15,2.629757571805625e-13,0.0,0.0,0.0,0.0,,,0.0,450.0,49.93088201585258,0.0,0.0
optimal@10s+aware,0,500,2388,2287,0.9577051926298158,0.0422948073701842,0.0125628140703517,0.0297319932998324,0.0,173.24784521827962,141.3440524320049,346.406986310284,170.7466610413572,914.8,8.509838216003498,164.7380070022761,0.3625263390881589,0.0758958631574714,0.5615777977543697,1097,4.835004557885141,0.1325382862342105,0.2126879999377705,0.0460081190798376,1.487651404989316,0.00061408074197,0.0218778486782133,2388,0.0,0.9577051926298158,0.0,0.0,1.0,22772.50106412607,0.0,-4.535020758087341e-15,2.621933666633376e-13,0.0,0.0,0.0,0.0,,,0.0,500.0,45.54500212825214,0.0,0.0
optimal@10s+aware,1,500,2388,2302,0.9639865996649916,0.0360134003350083,0.01214405360134,0.0238693467336683,0.0,164.24766758294888,135.51829231357237,326.5738768654357,161.9759795774778,920.8,7.955256298870547,156.29241128407833,0.3609304929928493,0.073217247074807,0.5658522599323437,1056,4.327651515151516,0.1347976325764975,0.2368199999978061,0.0522788203753351,1.1675873783988016,0.0006335366297204,0.0142045454545454,2388,0.0,0.9639865996649916,0.0,0.0,1.0,22848.974668221323,0.0,1.997243957244873e-15,2.585503970395217e-13,0.0,0.0,0.0,0.0,,,0.0,500.0,45.69794933644264,0.0,0.0
optimal@10s+aware,2,500,2388,2300,0.9631490787269682,0.0368509212730318,0.0138190954773869,0.0230318257956448,0.0,161.9066371489797,130.0019118122584,328.91689162810303,160.28063066239864,920.0,8.12217391304348,153.78446323593622,0.3616320411014655,0.0722811455784308,0.5660868133201037,1079,4.424467099165894,0.1360972196470929,0.2527620000228126,0.0533020449212202,0.3801211594159655,0.0001930290530873,0.0129749768303985,2388,0.0,0.9631490787269682,0.0,0.0,1.0,22848.7155737522,0.0,5.814720685624825e-15,2.631816986564673e-13,0.0,0.0,0.0,0.0,,,0.0,500.0,45.6974311475044,0.0,0.0
optimal@10s+aware,3,500,2388,2301,0.96356783919598,0.0364321608040201,0.0117252931323283,0.0247068676716917,0.0,163.7696411104711,133.62702373559114,332.3278337117372,161.37522642367293,920.4,8.14993481095176,155.61970629951935,0.3643935695788367,0.0726037438866641,0.5630026865344993,1074,4.299813780260708,0.1385443202991927,0.2378350000549289,0.044579533941236,0.795583108481792,0.0004278228573214,0.015828677839851,2388,0.0,0.96356783919598,0.0,0.0,1.0,22835.527358235537,0.0,-9.018185782860242e-15,2.637331658773826e-13,0.0,0.0,0.0,0.0,,,0.0,500.0,45.67105471647108,0.0,0.0
optimal@10s+aware,4,500,2388,2304,0.964824120603015,0.0351758793969849,0.0092127303182579,0.0259631490787269,0.0,166.7394116238149,134.49772267717367,339.417452020788,163.9301833269985,921.6,9.14409722222222,157.59531440159267,0.3589213773607458,0.0737598271476986,0.5673187954915555,1069,4.423760523854069,0.1363225444377998,0.2576079998925705,0.0480188045668233,1.2385129859082846,0.0006327156558946,0.0159027128157156,2388,0.0,0.964824120603015,0.0,0.0,1.0,22929.62201255453,0.0,5.575449438552681e-15,2.645048050185937e-13,0.0,0.0,0.0,0.0,,,0.0,500.0,45.85924402510906,0.0,0.0
optimal@10s+aware,5,500,2388,2293,0.960217755443886,0.0397822445561139,0.0142378559463986,0.0255443886097152,0.0,161.36909942648654,130.6033352657514,315.17557238631395,159.66567554214592,917.2,8.081552551242913,153.2875468752436,0.3657480108205848,0.0715352312498533,0.5627167579295618,1076,4.430297397769516,0.1405419144978599,0.246875000016189,0.0475387727579231,1.2032356348334643,0.0006107790487785,0.0176579925650557,2388,0.0,0.960217755443886,0.0,0.0,1.0,22788.7527831587,0.0,4.66191992699665e-15,2.608522982343393e-13,0.0,0.0,0.0,0.0,,,0.0,500.0,45.5775055663174,0.0,0.0
batched_greedy@30s+aware,0,300,2388,1943,0.8136515912897823,0.1863484087102177,0.0996649916247906,0.0866834170854271,0.0,340.97019897354227,322.6196999692584,539.0762963520381,307.1128301788416,777.2,54.92949047864128,286.040708494901,0.0473335437326527,0.1595806110530021,0.7930858452143451,371,21.11320754716981,0.0786463611873993,0.2183200000217767,0.0511882998171846,,,,2388,0.0,0.8136515912897823,0.0,0.0,1.0,19308.42715641054,0.0,4.0948544949427285e-15,2.727388852877405e-13,0.0,0.0,0.0,0.0,,,0.0,300.0,64.3614238547018,0.0,0.0
batched_greedy@30s+aware,1,300,2388,1922,0.804857621440536,0.1951423785594639,0.1105527638190954,0.0845896147403685,0.0,350.9733019647453,336.7968517382228,545.4173048786668,316.5971630788817,768.8,54.39542143600416,296.5778805287411,0.048496146477477,0.1630521295122529,0.7884517240102701,372,21.43010752688172,0.0745411290350964,0.2297509999289107,0.0415584415584415,,,,2388,0.0,0.804857621440536,0.0,0.0,1.0,19062.945382511884,0.0,2.224235364048201e-14,2.581336693708695e-13,0.0,0.0,0.0,0.0,,,0.0,300.0,63.54315127503961,0.0,0.0
batched_greedy@30s+aware,2,300,2388,1959,0.8203517587939698,0.1796482412060301,0.1025963149078727,0.0770519262981574,0.0,344.4155157192758,327.53892337095385,542.6442343789922,313.10437965204284,783.6,54.59775395610005,289.8177617631757,0.0445669118513366,0.1623936914221513,0.793039396726512,374,20.818181818181817,0.0746556149678895,0.2143979999573272,0.0472873900293255,,,,2388,0.0,0.8203517587939698,0.0,0.0,1.0,19336.53805817287,0.0,9.35965048304716e-15,2.7523103188522616e-13,0.0,0.0,0.0,0.0,,,0.0,300.0,64.45512686057623,0.0,0.0
batched_greedy@30s+aware,3,300,2388,1940,0.8123953098827471,0.1876046901172529,0.0933835845896147,0.0942211055276382,0.0,340.0828736995477,326.22802239234693,539.5948206794984,305.62994798614415,776.0,51.646907216494846,288.4359664830528,0.0555610088908807,0.1610069475398154,0.783432043569304,369,20.24390243902439,0.0766867208663988,0.2246719999129709,0.0493110949963741,,,,2388,0.0,0.8123953098827471,0.0,0.0,1.0,19144.189284785905,0.0,5.629403014759144e-15,2.652375455581182e-13,0.0,0.0,0.0,0.0,,,0.0,300.0,63.813964282619686,0.0,0.0
batched_greedy@30s+aware,4,300,2388,1930,0.8082077051926299,0.1917922948073701,0.109715242881072,0.0820770519262981,0.0,349.5137624416866,339.0537004828448,545.1094090281127,315.7065133325052,772.0,56.23108808290156,293.282674358785,0.0465572090603984,0.1622297943208352,0.7912129966187663,365,22.02739726027397,0.0749520547898312,0.1862000000437549,0.0475488389237007,,,,2388,0.0,0.8082077051926299,0.0,0.0,1.0,19205.93248758267,0.0,2.766698787169509e-15,2.6901221607248977e-13,0.0,0.0,0.0,0.0,,,0.0,300.0,64.0197749586089,0.0,0.0
batched_greedy@30s+aware,5,300,2388,1934,0.8098827470686767,0.1901172529313232,0.100502512562814,0.0896147403685092,0.0,335.800894082417,322.60958564430985,535.731355175897,303.6689850379365,773.6,49.91882109617373,285.8820729862433,0.0495877923072018,0.1583764888939824,0.7920357187988157,364,20.48351648351648,0.0783686813223949,0.236182999913126,0.0439399487367264,,,,2388,0.0,0.8098827470686767,0.0,0.0,1.0,19139.913391818103,0.0,9.046193645942641e-15,2.642261911967255e-13,0.0,0.0,0.0,0.0,,,0.0,300.0,63.799711306060345,0.0,0.0
batched_greedy@30s+aware,0,350,2388,2138,0.8953098827470687,0.1046901172529313,0.0360134003350083,0.0686767169179229,0.0,275.2400410721317,253.7188325849056,472.1157073921263,259.38816669822774,855.2,28.49158091674462,246.74846015538705,0.1125143134781445,0.1411729524020145,0.746312734119841,371,13.35309973045822,0.0948495956827099,0.2631800000926887,0.0644723447573803,,,,2388,0.0,0.8953098827470687,0.0,0.0,1.0,21215.625801636368,0.0,1.4381178921037857e-14,2.707731139399917e-13,0.0,0.0,0.0,0.0,,,0.0,350.0,60.616073718961054,0.0,0.0
batched_greedy@30s+aware,1,350,2388,2128,0.8911222780569514,0.1088777219430485,0.0435510887772194,0.0653266331658291,0.0,271.6150845740311,250.5003637602299,467.00927108640985,257.11322425131004,851.2,28.16588345864661,243.44920111538443,0.1192076783677028,0.1378831905329752,0.7429091310993219,378,13.208994708994709,0.0941166666638473,0.2479569998740774,0.0481635481635481,,,,2388,0.0,0.8911222780569514,0.0,0.0,1.0,21065.92788591394,0.0,2.605893779792168e-15,2.64579294146098e-13,0.0,0.0,0.0,0.0,,,0.0,350.0,60.18836538832555,0.0,0.0
batched_greedy@30s+aware,2,350,2388,2164,0.9061976549413736,0.0938023450586264,0.0368509212730318,0.0569514237855946,0.0,281.4203964727666,264.1158351684621,486.55492949932153,266.99032042527097,865.6,29.682532347504623,251.737864125262,0.1117061485843222,0.1435514607574833,0.7447423906581945,367,13.277929155313352,0.0936217983661606,0.2578219999486463,0.05344295991778,,,,2388,0.0,0.9061976549413736,0.0,0.0,1.0,21289.54523017082,0.0,1.5385105389306466e-14,2.6620767615338306e-13,0.0,0.0,0.0,0.0,,,0.0,350.0,60.82727208620235,0.0,0.0
batched_greedy@30s+aware,3,350,2388,2145,0.8982412060301508,0.1017587939698492,0.033500837520938,0.0682579564489112,0.0,263.7935604048196,240.65906514952712,471.2196963345152,248.8167046204274,858.0,26.431701631701632,237.36185877311792,0.1232293394592539,0.1369178343290634,0.7398528262116827,366,12.650273224043715,0.0964860655790662,0.2372599999716843,0.0474389824682021,,,,2388,0.0,0.8982412060301508,0.0,0.0,1.0,21129.210370046112,0.0,1.4369029147055358e-14,2.6328009961233045e-13,0.0,0.0,0.0,0.0,,,0.0,350.0,60.36917248584604,0.0,0.0
batched_greedy@30s+aware,4,350,2388,2131,0.8923785594639866,0.1076214405360134,0.0372696817420435,0.0703517587939698,0.0,269.53043995664353,246.65873128636667,472.8446034985554,254.2692307238244,852.4,28.49601126231816,241.0344286943254,0.1187276622098226,0.1377105415010536,0.7435617962891238,365,13.446575342465753,0.0955682191781232,0.2734879999661644,0.0466160220994475,,,,2388,0.0,0.8923785594639866,0.0,0.0,1.0,21189.553662269875,0.0,2.113539543078055e-15,2.597327952588576e-13,0.0,0.0,0.0,0.0,,,0.0,350.0,60.54158189219964,0.0,0.0
batched_greedy@30s+aware,5,350,2388,2123,0.8890284757118928,0.1109715242881072,0.0364321608040201,0.0745393634840871,0.0,274.6954480368348,252.37116897713983,477.820039162328,257.36103436110443,849.2,27.164390014130948,247.5310580227039,0.1142628188811334,0.1401889619488237,0.7455482191700429,369,12.685636856368564,0.0958132791354205,0.2399480000076436,0.051079876585533,,,,2388,0.0,0.8890284757118928,0.0,0.0,1.0,21113.97720763964,0.0,2.79192589913744e-15,2.6214839165289013e-13,0.0,0.0,0.0,0.0,,,0.0,350.0,60.32564916468466,0.0,0.0
batched_greedy@30s+aware,0,400,2388,2227,0.9325795644891124,0.0674204355108877,0.0238693467336683,0.0435510887772194,0.0,221.8607407587008,196.0991697007776,412.87421837954224,214.6971770951739,890.8,22.313426133812303,199.5473146248885,0.2120932119818026,0.1088169811614727,0.6790898068567246,366,11.316939890710383,0.1226368852443149,0.2766600000313702,0.0529711375212224,,,,2388,0.0,0.9325795644891124,0.0,0.0,1.0,22017.690970166943,0.0,2.395728678553504e-15,2.691587410967578e-13,0.0,0.0,0.0,0.0,,,0.0,400.0,55.04422742541737,0.0,0.0
batched_greedy@30s+aware,1,400,2388,2232,0.9346733668341708,0.0653266331658291,0.0221943048576214,0.0431323283082077,0.0,218.1533284508586,194.4790670359453,397.2735810205932,211.5342867941268,892.8,21.71191756272401,196.44141088813456,0.2119107828087123,0.1070927322965371,0.6809964848947505,374,10.671122994652409,0.1199737967929402,0.2644480000458315,0.0485733695652173,,,,2388,0.0,0.9346733668341708,0.0,0.0,1.0,22039.527310880487,0.0,4.02087761732075e-15,2.6279118268167284e-13,0.0,0.0,0.0,0.0,,,0.0,400.0,55.09881827720122,0.0,0.0
batched_greedy@30s+aware,2,400,2388,2231,0.9342546063651592,0.0657453936348408,0.0276381909547738,0.038107202680067,0.0,219.1818580615464,192.31965636972564,401.98419184662725,213.0697127568521,892.4,22.50694755714926,196.6749105043972,0.2137266643973381,0.106425629069179,0.6798477065334829,373,10.900804289544237,0.1221485254709892,0.2773279999018996,0.0468376068376068,,,,2388,0.0,0.9342546063651592,0.0,0.0,1.0,22025.58551406947,0.0,1.4492914065429498e-14,2.6701346447897895e-13,0.0,0.0,0.0,0.0,,,0.0,400.0,55.06396378517367,0.0,0.0
batched_greedy@30s+aware,3,400,2388,2241,0.9384422110552764,0.0615577889447236,0.019681742043551,0.0418760469011725,0.0,216.6301912937364,190.03515030575363,405.60241843914446,210.1897926937149,896.4,22.34359660865685,194.2865946850796,0.2139360513167008,0.1068693094010618,0.6791946392822373,368,10.85054347826087,0.1272627717406254,0.2924880000387019,0.0475059382422802,,,,2388,0.0,0.9384422110552764,0.0,0.0,1.0,22121.997152027576,0.0,1.444825715759396e-15,2.692435000222549e-13,0.0,0.0,0.0,0.0,,,0.0,400.0,55.30499288006894,0.0,0.0
batched_greedy@30s+aware,4,400,2388,2233,0.9350921273031826,0.0649078726968174,0.0230318257956448,0.0418760469011725,0.0,221.07866090170705,192.27591103392115,404.5751737477236,214.84268165987427,893.2,23.08732646663681,197.99133443507017,0.2039835804579509,0.1089940106733686,0.6870224088686804,365,11.391780821917807,0.1228219178014961,0.2800919998753671,0.055686803914951,,,,2388,0.0,0.9350921273031826,0.0,0.0,1.0,22223.58443901288,0.0,6.881891185692596e-15,2.6457614026696344e-13,0.0,0.0,0.0,0.0,,,0.0,400.0,55.55896109753218,0.0,0.0
batched_greedy@30s+aware,5,400,2388,2218,0.9288107202680068,0.0711892797319933,0.0251256281407035,0.0460636515912897,0.0,221.2270433511657,196.689842344782,407.9109541171532,214.4234229887529,887.2,22.62894499549144,198.59809835567424,0.2117655239665297,0.1074427530883926,0.6807917229450776,361,11.318559556786704,0.128282271470931,0.3088800000114127,0.0479918311776718,,,,2388,0.0,0.9288107202680068,0.0,0.0,1.0,22008.572940548824,0.0,1.4445913656754742e-15,2.6826812487706695e-13,0.0,0.0,0.0,0.0,,,0.0,400.0,55.021432351372056,0.0,0.0
batched_greedy@30s+aware,0,450,2388,2276,0.9530988274706867,0.0469011725293132,0.0180067001675041,0.028894472361809,0.0,200.3352871836794,174.80420460731557,377.5699573959582,196.8382214205166,910.4,21.11731107205624,179.2179761116232,0.2913575296698771,0.0903688777260841,0.6182735926040387,366,10.702185792349727,0.1415581967223976,0.2972950000298625,0.0501185235353877,,,,2388,0.0,0.9530988274706867,0.0,0.0,1.0,22556.484803846743,0.0,7.370593102849787e-15,2.649860413110559e-13,0.0,0.0,0.0,0.0,,,0.0,450.0,50.1255217863261,0.0,0.0
batched_greedy@30s+aware,1,450,2388,2281,0.9551926298157454,0.0448073701842546,0.0192629815745393,0.0255443886097152,0.0,190.43843211136647,162.79813517158073,363.8679835902203,188.03450536493952,912.4,19.885576501534416,170.55285560983214,0.2914808624161009,0.0866983071637354,0.6218208304201637,374,9.997326203208557,0.1486649732657161,0.3338970001323105,0.0471506105834464,,,,2388,0.0,0.9551926298157454,0.0,0.0,1.0,22647.9584268229,0.0,8.936297559017043e-17,2.609848622469608e-13,0.0,0.0,0.0,0.0,,,0.0,450.0,50.32879650405089,0.0,0.0
batched_greedy@30s+aware,2,450,2388,2279,0.954355108877722,0.045644891122278,0.0209380234505862,0.0247068676716917,0.0,188.84428760508328,158.10168747710668,360.6399416506685,186.5247891315221,911.6,20.671347082053533,168.17294052302975,0.2923334848313444,0.085552290250995,0.6221142249176604,373,10.171581769436996,0.1443225201055903,0.3107759999966212,0.0571044675848169,,,,2388,0.0,0.954355108877722,0.0,0.0,1.0,22590.10806546505,0.0,-3.5213409878018785e-15,2.702036342222642e-13,0.0,0.0,0.0,0.0,,,0.0,450.0,50.20024014547791,0.0,0.0
batched_greedy@30s+aware,3,450,2388,2266,0.9489112227805696,0.0510887772194304,0.0150753768844221,0.0360134003350083,0.0,190.4837626736245,161.4280108220587,362.6409066710139,186.1539667532628,906.4,20.45631067961165,170.0274519940129,0.2997831918562196,0.085823514505931,0.6143932936378493,366,10.19672131147541,0.1428308743317727,0.3253649999351192,0.0511612251767081,,,,2388,0.0,0.9489112227805696,0.0,0.0,1.0,22479.32465093973,0.0,2.893145172291064e-15,2.658004247221182e-13,0.0,0.0,0.0,0.0,,,0.0,450.0,49.95405477986606,0.0,0.0
batched_greedy@30s+aware,4,450,2388,2268,0.949748743718593,0.050251256281407,0.0163316582914572,0.0339195979899497,0.0,190.72918722655112,161.3149029629667,364.8883095000541,186.52782097821705,907.2,21.465167548500883,169.26401967805023,0.295013168930443,0.0858650548371568,0.6191217762324002,365,10.435616438356163,0.1458983561661463,0.2879600000505888,0.047361299052774,,,,2388,0.0,0.949748743718593,0.0,0.0,1.0,22509.499438823947,0.0,3.1365758510959835e-15,2.669033424608877e-13,0.0,0.0,0.0,0.0,,,0.0,450.0,50.021109864053216,0.0,0.0
batched_greedy@30s+aware,5,450,2388,2274,0.9522613065326632,0.0477386934673366,0.0175879396984924,0.0301507537688442,0.0,191.5567594136376,164.48766473366845,366.392768114588,188.52497970419915,909.6,20.50263852242744,171.0541208912101,0.2943283644017945,0.0870291123508145,0.6186425232473909,360,10.38888888888889,0.1531836111130107,0.310570000149256,0.0473452823807913,,,,2388,0.0,0.9522613065326632,0.0,0.0,1.0,22566.44928747886,0.0,-8.711540235397562e-15,2.663149189106132e-13,0.0,0.0,0.0,0.0,,,0.0,450.0,50.14766508328636,0.0,0.0
batched_greedy@30s+aware,0,500,2388,2283,0.9560301507537688,0.0439698492462311,0.0159128978224455,0.0280569514237855,0.0,182.76672106819865,151.09711209043508,353.904964835363,180.2222022312115,913.2,20.337275514673674,162.42944555352494,0.3672151025569466,0.0749272921236588,0.5578576053193944,371,10.323450134770887,0.1519482479826265,0.3123500001493086,0.0506756756756756,,,,2388,0.0,0.9560301507537688,0.0,0.0,1.0,22627.33628973212,0.0,2.290910927160162e-15,2.646967669628373e-13,0.0,0.0,0.0,0.0,,,0.0,500.0,45.25467257946423,0.0,0.0
batched_greedy@30s+aware,1,500,2388,2298,0.9623115577889448,0.0376884422110552,0.0159128978224455,0.0217755443886097,0.0,172.74044515258817,142.08658649933204,336.9567168712117,171.2005195903657,919.2,20.043516100957355,152.6969290516308,0.3656752783047806,0.0710779800626043,0.5632467416326151,373,9.84450402144772,0.1551139410162067,0.3057880000869771,0.0428134556574923,,,,2388,0.0,0.9623115577889448,0.0,0.0,1.0,22817.68592224068,0.0,1.2808147348058106e-15,2.559017208561078e-13,0.0,0.0,0.0,0.0,,,0.0,500.0,45.63537184448136,0.0,0.0
batched_greedy@30s+aware,2,500,2388,2296,0.9614740368509213,0.0385259631490787,0.0171691792294807,0.0213567839195979,0.0,173.6375064611378,142.22116786967604,337.17376788196816,171.97385422752686,918.4,19.95339721254356,153.68410924859424,0.3647019151061386,0.0714283291987933,0.563869755695068,367,9.959128065395095,0.156164850132121,0.3071579999232195,0.0543989254533243,,,,2388,0.0,0.9614740368509213,0.0,0.0,1.0,22769.31728730948,0.0,-5.535061375557161e-15,2.6483635261580574e-13,0.0,0.0,0.0,0.0,,,0.0,500.0,45.53863457461895,0.0,0.0
batched_greedy@30s+aware,3,500,2388,2302,0.9639865996649916,0.0360134003350083,0.0125628140703517,0.0234505862646566,0.0,173.93436104208587,144.71595696775557,340.9824628094739,171.9993124033674,920.8,19.77063423110339,154.16372681098247,0.3659548246226526,0.0719793918140857,0.5620657835632616,366,9.797814207650273,0.1575530054589484,0.3264599999624811,0.0436400541271989,,,,2388,0.0,0.9639865996649916,0.0,0.0,1.0,22813.923167982244,0.0,3.5799628538184514e-15,2.62341504828258e-13,0.0,0.0,0.0,0.0,,,0.0,500.0,45.627846335964485,0.0,0.0
batched_greedy@30s+aware,4,500,2388,2298,0.9623115577889448,0.0376884422110552,0.0108877721943048,0.0268006700167504,0.0,177.30314528470973,146.155446800326,350.0313921354523,174.94383375544922,919.2,20.422541340295908,156.88060394441382,0.3596464120069301,0.0728471787835759,0.5675064092094939,365,9.98904109589041,0.1608616438392196,0.3216160001193204,0.0557038025350233,,,,2388,0.0,0.9623115577889448,0.0,0.0,1.0,22934.08222199145,0.0,1.7516691124383942e-15,2.6561013324942493e-13,0.0,0.0,0.0,0.0,,,0.0,500.0,45.868164443982906,0.0,0.0
batched_greedy@30s+aware,5,500,2388,2287,0.9577051926298158,0.0422948073701842,0.0175879396984924,0.0247068676716917,0.0,167.05014908303207,137.4326713178998,315.21705931119106,165.9535573195864,914.8,18.9982509838216,148.05189809921046,0.370592194966813,0.0691626111860931,0.5602451938470938,368,9.83695652173913,0.1641779891331373,0.2995699999860333,0.0388945752302968,,,,2388,0.0,0.9577051926298158,0.0,0.0,1.0,22683.243157809327,0.0,-3.947821033300901e-15,2.625001707523463e-13,0.0,0.0,0.0,0.0,,,0.0,500.0,45.36648631561865,0.0,0.0
optimal@30s+aware,0,300,2388,1939,0.8119765494137353,0.1880234505862646,0.1030150753768844,0.0850083752093802,0.0,351.9377688155457,342.3721744934837,546.9500753859782,316.9772442316529,775.6,57.49406910778752,294.4436997077582,0.0428153079429991,0.1630565820756839,0.7941281099813169,366,22.08469945355192,0.164166666666863,0.2716349999332125,0.052361772244599,37.06444695839149,0.0023383279545802,0.2896174863387978,2388,0.0,0.8119765494137353,0.0,0.0,1.0,19464.17063172928,0.0,4.046502403110318e-15,2.668685283072776e-13,0.0,0.0,0.0,0.0,,,0.0,300.0,64.88056877243093,0.0,0.0
optimal@30s+aware,1,300,2388,1906,0.7981574539363484,0.2018425460636516,0.1147403685092127,0.0871021775544388,0.0,350.4893916169799,337.9415144645827,538.7450516207041,314.2743662886126,762.4,55.24501573976915,295.2443758772108,0.0497681501657565,0.1620223085819023,0.7882095412523411,377,21.21750663129973,0.1580586206870519,0.2679160000207048,0.0557798165137614,43.66704717379546,0.0028653319483783,0.3076923076923077,2388,0.0,0.7981574539363484,0.0,0.0,1.0,19010.837342590527,0.0,8.224737202364749e-15,2.678841175933952e-13,0.0,0.0,0.0,0.0,,,0.0,300.0,63.36945780863509,0.0,0.0
optimal@30s+aware,2,300,2388,1968,0.8241206030150754,0.1758793969849246,0.0938023450586264,0.0820770519262981,0.0,348.6652631306764,335.0884838933134,538.5257706020062,315.92836480169467,787.2,54.635670731707314,294.0295923989691,0.0460057168584861,0.1645099271415094,0.7894843560000046,373,20.549597855227884,0.1638021447722798,0.4119279998758429,0.0503805726712577,43.40962393951741,0.0029943366532481,0.2949061662198391,2388,0.0,0.8241206030150754,0.0,0.0,1.0,19371.1468313689,0.0,7.811276467565939e-15,2.729505871549578e-13,0.0,0.0,0.0,0.0,,,0.0,300.0,64.57048943789633,0.0,0.0
optimal@30s+aware,3,300,2388,1954,0.8182579564489112,0.1817420435510887,0.0900335008375209,0.0917085427135678,0.0,346.0538068059488,335.0065599240197,529.335319084259,311.7612884923303,781.6,50.87819856704196,295.1756082389068,0.0499366563850408,0.1665847083640516,0.7834786352509076,366,20.11202185792349,0.159408469945606,0.3473350000717815,0.0481012658227848,60.94987245759478,0.004340725736644,0.3551912568306011,2388,0.0,0.8182579564489112,0.0,0.0,1.0,19174.57042676481,0.0,6.334521216448795e-15,2.6422444353019654e-13,0.0,0.0,0.0,0.0,,,0.0,300.0,63.91523475588272,0.0,0.0
optimal@30s+aware,4,300,2388,1932,0.8090452261306532,0.1909547738693467,0.1046901172529313,0.0862646566164154,0.0,352.4711246967593,342.59847039370675,543.7298630949676,318.4498659127055,772.8,56.88975155279503,295.5813731439643,0.0472326949447504,0.1628464469546724,0.7899208581005771,365,22.136986301369863,0.1593712328716196,0.3368120000050124,0.0487358006595822,54.7597863379612,0.0034432586848287,0.3287671232876712,2388,0.0,0.8090452261306532,0.0,0.0,1.0,19263.880061393767,0.0,3.427669926130504e-15,2.616614079768315e-13,0.0,0.0,0.0,0.0,,,0.0,300.0,64.21293353797923,0.0,0.0
optimal@30s+aware,5,300,2388,1938,0.8115577889447236,0.1884422110552764,0.0979899497487437,0.0904522613065326,0.0,351.8122737002107,345.84600677364506,544.3979730057819,316.6823242497459,775.2,52.40557275541796,299.4067009447928,0.0407610166213704,0.1664193939868246,0.7928195893918051,367,20.580381471389646,0.1600656675743467,0.2934719998938813,0.048,49.2109257182577,0.003392412183313,0.3106267029972752,2388,0.0,0.8115577889447236,0.0,0.0,1.0,19177.91202557828,0.0,1.1714972530637048e-14,2.733673853731935e-13,0.0,0.0,0.0,0.0,,,0.0,300.0,63.92637341859425,0.0,0.0
optimal@30s+aware,0,350,2388,2135,0.8940536013400335,0.1059463986599665,0.0343383584589614,0.071608040201005,0.0,287.1125803713581,273.06001226650324,474.2455641695184,268.7304372687488,854.0,29.26838407494145,257.84419629641667,0.1033116800410744,0.1470527220405183,0.7496355979184073,371,13.26954177897574,0.1525118598403369,0.2216200001385005,0.0505154639175257,39.0221038070816,0.0053493300105425,0.3018867924528302,2388,0.0,0.8940536013400335,0.0,0.0,1.0,21237.66642059657,0.0,8.476591793821897e-15,2.677514728278195e-13,0.0,0.0,0.0,0.0,,,0.0,350.0,60.679046915990206,0.0,0.0
optimal@30s+aware,1,350,2388,2143,0.8974036850921273,0.1025963149078727,0.0301507537688442,0.0724455611390284,0.0,272.62281989570823,250.96251249106624,473.643687040931,256.292862887265,857.2,26.87120858609426,245.751611309614,0.1150946258947727,0.1404487825031819,0.7444565916020455,374,12.41711229946524,0.155328074859251,0.2471969999396602,0.0515358361774744,40.50241898807109,0.0062876421451828,0.3048128342245989,2388,0.0,0.8974036850921273,0.0,0.0,1.0,21141.97110771609,0.0,1.4334155265767e-14,2.645161530575467e-13,0.0,0.0,0.0,0.0,,,0.0,350.0,60.405631736331685,0.0,0.0
optimal@30s+aware,2,350,2388,2160,0.9045226130653268,0.0954773869346733,0.0318257956448911,0.0636515912897822,0.0,280.27123482981966,261.35315329625064,477.103520754731,265.1803103068138,864.0,29.18703703703704,251.08419779278265,0.1096278406792899,0.1429647609481218,0.7474073983725883,374,12.877005347593585,0.1560131016105058,0.2640209998753554,0.0558202859087814,37.094499273201,0.0053883284377475,0.3155080213903743,2388,0.0,0.9045226130653268,0.0,0.0,1.0,21262.280238893065,0.0,1.996345475761161e-15,2.677837375710236e-13,0.0,0.0,0.0,0.0,,,0.0,350.0,60.74937211112304,0.0,0.0
optimal@30s+aware,3,350,2388,2148,0.8994974874371859,0.100502512562814,0.0322445561139028,0.0682579564489112,0.0,265.42889956259165,246.265316832948,463.88498685878136,249.9008649646325,859.2,24.96135940409684,240.4675401584948,0.11924164531181,0.1391906246624086,0.7415677300257812,369,12.07859078590786,0.1539493224949266,0.2403639999192818,0.0470467032967032,42.9850252823284,0.0071483189617345,0.2737127371273712,2388,0.0,0.8994974874371859,0.0,0.0,1.0,21129.156524439768,0.0,6.172591922385228e-15,2.626626414818203e-13,0.0,0.0,0.0,0.0,,,0.0,350.0,60.36901864125648,0.0,0.0
optimal@30s+aware,4,350,2388,2139,0.8957286432160804,0.1042713567839195,0.0406197654941373,0.0636515912897822,0.0,276.0015003416804,256.9764393229998,474.6490894835968,260.310318428147,855.6,28.02384291725105,247.97765742442925,0.1086760155057801,0.1420667722056941,0.7492572122885257,365,13.123287671232877,0.1540380821919925,0.2373600001010345,0.0483759502418797,45.54463982284157,0.0065036153541832,0.3260273972602739,2388,0.0,0.8957286432160804,0.0,0.0,1.0,21300.055088974503,0.0,1.2133455634435418e-14,2.6045302738592053e-13,0.0,0.0,0.0,0.0,,,0.0,350.0,60.85730025421287,0.0,0.0
optimal@30s+aware,5,350,2388,2135,0.8940536013400335,0.1059463986599665,0.0372696817420435,0.0686767169179229,0.0,274.4618703518548,259.2708156805511,460.7676004729991,257.91382232100807,854.0,25.25807962529274,249.203790726562,0.1102482349189078,0.142002814825934,0.7477489502551581,367,12.267029972752043,0.1542433242506704,0.2414279999220522,0.0498110614908966,49.027221746454025,0.0078648741879822,0.3133514986376022,2388,0.0,0.8940536013400335,0.0,0.0,1.0,21243.57344619624,0.0,8.486784005195506e-15,2.623069599154891e-13,0.0,0.0,0.0,0.0,,,0.0,350.0,60.69592413198927,0.0,0.0
optimal@30s+aware,0,400,2388,2246,0.940536013400335,0.0594639865996649,0.0209380234505862,0.0385259631490787,0.0,228.21559498531465,203.9944049067774,416.7642656791795,221.6023689635577,898.4,22.61264470169189,205.6029502836228,0.2030421988645059,0.1134186025024521,0.683539198633042,371,11.059299191374665,0.1585013477125968,0.2729500000668856,0.0528097494922139,25.991350013223915,0.005591298224874,0.2237196765498652,2388,0.0,0.940536013400335,0.0,0.0,1.0,22137.400575968244,0.0,-1.997017372878732e-16,2.632626480522636e-13,0.0,0.0,0.0,0.0,,,0.0,400.0,55.343501439920615,0.0,0.0
optimal@30s+aware,1,400,2388,2239,0.9376046901172528,0.062395309882747,0.0209380234505862,0.0414572864321608,0.0,218.52838043452616,195.7686547646481,395.696879062072,212.76387722867017,895.6,21.0960250111657,197.4323554233605,0.2063049524987406,0.107999713698249,0.6856953338030104,373,10.632707774798927,0.16203941018847,0.2462400001149943,0.0478777589134125,25.53786947446767,0.0059926665116849,0.2386058981233244,2388,0.0,0.9376046901172528,0.0,0.0,1.0,22228.521756190683,0.0,7.647894525506282e-15,2.608997331610373e-13,0.0,0.0,0.0,0.0,,,0.0,400.0,55.57130439047671,0.0,0.0
optimal@30s+aware,2,400,2388,2243,0.9392797319932998,0.0607202680067001,0.02428810720268,0.0364321608040201,0.0,218.24927576514924,192.82426919801765,402.5085093363693,213.38735098067983,897.2,22.646009808292465,195.6032659568568,0.211015015294192,0.1073916254490854,0.6815933592567226,373,10.986595174262735,0.1599471849857308,0.2409959999931743,0.0531482735274204,20.18918682526332,0.0044552636530627,0.195710455764075,2388,0.0,0.9392797319932998,0.0,0.0,1.0,22022.633469576376,0.0,1.0818710073043678e-14,2.680324877685103e-13,0.0,0.0,0.0,0.0,,,0.0,400.0,55.05658367394094,0.0,0.0
optimal@30s+aware,3,400,2388,2247,0.9409547738693468,0.0590452261306532,0.019681742043551,0.0393634840871021,0.0,224.3841162896624,200.41431748807827,408.4784533620612,217.75518003212332,898.8,22.2745883400089,202.1095279496535,0.2100821895275504,0.11061296204252,0.6793048484299296,366,10.800546448087433,0.1646221311462457,0.2578399999720204,0.0554808338937458,31.9783587900958,0.0075123073304837,0.2759562841530054,2388,0.0,0.9409547738693468,0.0,0.0,1.0,22181.867617053613,0.0,6.530898059410467e-15,2.655944000554678e-13,0.0,0.0,0.0,0.0,,,0.0,400.0,55.45466904263404,0.0,0.0
optimal@30s+aware,4,400,2388,2252,0.9430485762144054,0.0569514237855946,0.019681742043551,0.0372696817420435,0.0,230.0540547353654,203.92380156868623,416.22063160206767,223.62758520414343,900.8,23.17317939609236,206.88087533927305,0.1977898255035622,0.1128714506327566,0.6893387238636812,359,11.259052924791089,0.1626927576607384,0.2411400000210053,0.0561344537815126,38.23362912219113,0.0082823589322041,0.3008356545961003,2388,0.0,0.9430485762144054,0.0,0.0,1.0,22349.12112083154,0.0,8.481472875511186e-15,2.656249011943227e-13,0.0,0.0,0.0,0.0,,,0.0,400.0,55.87280280207885,0.0,0.0
optimal@30s+aware,5,400,2388,2240,0.9380234505862648,0.0619765494137353,0.0238693467336683,0.038107202680067,0.0,215.260165689242,183.88058480707423,395.7870990920672,209.8708647569242,896.0,20.946428571428573,194.31373711781345,0.2096233981095121,0.1072735303575051,0.6831030715329828,360,10.83611111111111,0.1701277777796248,0.258809999938876,0.051490514905149,24.49881612252421,0.0058715806361227,0.225,2388,0.0,0.9380234505862648,0.0,0.0,1.0,22151.310500962623,0.0,-7.480325882523533e-15,2.661920287369161e-13,0.0,0.0,0.0,0.0,,,0.0,400.0,55.37827625240656,0.0,0.0
optimal@30s+aware,0,450,2388,2278,0.9539363484087102,0.0460636515912897,0.0201005025125628,0.0259631490787269,0.0,198.072644675878,170.51741602632,374.8784535849204,195.37730692991963,911.2,20.432835820895523,177.63980885498245,0.2925351437217819,0.0895766052307263,0.6178882510474918,366,10.655737704918034,0.166072677598219,0.264629999958288,0.0482500849473326,22.66195295454691,0.0057543098597074,0.2076502732240437,2388,0.0,0.9539363484087102,0.0,0.0,1.0,22556.192318537687,0.0,-1.041153311258222e-14,2.591821986764127e-13,0.0,0.0,0.0,0.0,,,0.0,450.0,50.12487181897264,0.0,0.0
optimal@30s+aware,1,450,2388,2283,0.9560301507537688,0.0439698492462311,0.0184254606365159,0.0255443886097152,0.0,189.60965438064736,160.42643445794283,356.685442118349,186.8189501139024,913.2,20.18528252299605,169.4243718576513,0.2913020708506116,0.0865795404116723,0.622118388737716,374,9.925133689839573,0.166021390374046,0.2547369999729194,0.0496789455897262,19.60062575646217,0.0059329111977072,0.2058823529411764,2388,0.0,0.9560301507537688,0.0,0.0,1.0,22609.37326596109,0.0,-6.280078904953689e-15,2.634795092961972e-13,0.0,0.0,0.0,0.0,,,0.0,450.0,50.24305170213576,0.0,0.0
optimal@30s+aware,2,450,2388,2290,0.958961474036851,0.041038525963149,0.0171691792294807,0.0238693467336683,0.0,189.34839369801105,160.37403188503117,362.1410537729224,187.11914809012563,916.0,20.04104803493449,169.30734566307655,0.2907103665396417,0.0867703589884612,0.622519274471897,360,10.233333333333333,0.1707280555548449,0.2882259999068999,0.0546979865771812,15.11718105979166,0.0045431992461924,0.1805555555555555,2388,0.0,0.958961474036851,0.0,0.0,1.0,22630.983286556533,0.0,-4.654500947692698e-15,2.67171728699854e-13,0.0,0.0,0.0,0.0,,,0.0,450.0,50.29107397012563,0.0,0.0
optimal@30s+aware,3,450,2388,2285,0.9568676716917924,0.0431323283082077,0.0142378559463986,0.028894472361809,0.0,194.45324192362355,164.4657734327884,366.8809608643058,190.61843086810785,914.0,20.56542669584245,173.8878152277811,0.2929046688679292,0.0880558014846656,0.6190395296474052,366,10.068306010928962,0.1710909836060761,0.2926599999341309,0.0498484338160997,12.63775501409831,0.0038157785127006,0.1721311475409836,2388,0.0,0.9568676716917924,0.0,0.0,1.0,22669.14447825992,0.0,9.027254995063735e-15,2.620887217439905e-13,0.0,0.0,0.0,0.0,,,0.0,450.0,50.37587661835537,0.0,0.0
optimal@30s+aware,4,450,2388,2272,0.95142378559464,0.0485762144053601,0.0159128978224455,0.0326633165829145,0.0,194.80688691320887,168.4044516718659,364.0288636825976,191.123757567612,908.8,20.739436619718308,174.06745029349057,0.29202219845641,0.0882037125343852,0.6197740890092047,364,10.37912087912088,0.1734538461551732,0.3199240000458304,0.0511956887841023,17.81126726939663,0.0049771624596689,0.2142857142857142,2388,0.0,0.95142378559464,0.0,0.0,1.0,22582.66234170046,0.0,9.006488825471472e-15,2.674617178750053e-13,0.0,0.0,0.0,0.0,,,0.0,450.0,50.183694092667686,0.0,0.0
optimal@30s+aware,5,450,2388,2279,0.954355108877722,0.045644891122278,0.0159128978224455,0.0297319932998324,0.0,190.95789136741456,163.90013322447112,367.51610179056456,188.0358446439197,911.6,19.751206669591927,171.20668469782265,0.2946528484990184,0.0868328972346169,0.6185142542663645,360,10.169444444444444,0.1709269444499265,0.3091730000664939,0.0517647058823529,18.261468186195284,0.0055665361961721,0.2055555555555555,2388,0.0,0.954355108877722,0.0,0.0,1.0,22588.71267319136,0.0,-4.194392383511451e-15,2.6586562896132424e-13,0.0,0.0,0.0,0.0,,,0.0,450.0,50.19713927375858,0.0,0.0
optimal@30s+aware,0,500,2388,2293,0.960217755443886,0.0397822445561139,0.0163316582914572,0.0234505862646566,0.0,184.61281562680176,155.68473816249934,353.91497151486004,182.509706304362,917.2,19.97252507631924,164.64029055048255,0.3632612005740281,0.0761746832367236,0.5605641161892483,371,10.194070080862534,0.1725900269505931,0.2970099998719889,0.045516304347826,20.103310322444905,0.0058234906522115,0.2048517520215633,2388,0.0,0.960217755443886,0.0,0.0,1.0,22742.13322780118,0.0,-6.7635483878287285e-15,2.646757649508068e-13,0.0,0.0,0.0,0.0,,,0.0,500.0,45.48426645560236,0.0,0.0
optimal@30s+aware,1,500,2388,2296,0.9614740368509213,0.0385259631490787,0.0150753768844221,0.0234505862646566,0.0,172.7552312502332,142.5068035150166,334.056007372898,170.94864314671432,918.4,19.946428571428573,152.80880267880462,0.3660293604548688,0.0712062997299717,0.5627643398151594,371,9.814016172506738,0.1702552560555394,0.2820199999405306,0.0504880511612251,13.575361980375904,0.0045471458509288,0.183288409703504,2388,0.0,0.9614740368509213,0.0,0.0,1.0,22756.13415291899,0.0,-2.8043769397282482e-15,2.603594846492597e-13,0.0,0.0,0.0,0.0,,,0.0,500.0,45.51226830583798,0.0,0.0
optimal@30s+aware,2,500,2388,2300,0.9631490787269682,0.0368509212730318,0.0150753768844221,0.0217755443886097,0.0,170.8111237931828,140.9064666512329,323.13364770398704,169.04367282138594,920.0,19.38695652173913,151.42416727144365,0.3643118634721906,0.0710406440007695,0.5646474925270398,366,9.734972677595628,0.1755754098357862,0.2777200000423365,0.0552393706059591,10.11208370395908,0.0036266656822517,0.1612021857923497,2388,0.0,0.9631490787269682,0.0,0.0,1.0,22737.56785803948,0.0,-1.9877819197419108e-16,2.6469715308508055e-13,0.0,0.0,0.0,0.0,,,0.0,500.0,45.47513571607895,0.0,0.0
optimal@30s+aware,3,500,2388,2301,0.96356783919598,0.0364321608040201,0.0108877721943048,0.0255443886097152,0.0,173.38884542198664,144.13940867732435,346.3081407071286,171.0083496765351,920.4,18.89873967840069,154.49010574358593,0.364230940917167,0.0723029615524713,0.5634660975303616,366,9.530054644808745,0.1690204917985199,0.2640900001097183,0.0416384563303994,11.471730594959356,0.0043018440542295,0.1557377049180328,2388,0.0,0.96356783919598,0.0,0.0,1.0,22891.577555245563,0.0,-7.734408989457305e-17,2.630719535206046e-13,0.0,0.0,0.0,0.0,,,0.0,500.0,45.78315511049112,0.0,0.0
optimal@30s+aware,4,500,2388,2303,0.9644053601340034,0.0355946398659966,0.0104690117252931,0.0251256281407035,0.0,178.47057118088907,148.1661696309402,353.62622459681376,175.75152862316364,921.2,20.50673035171516,157.9638408291739,0.3580745447128187,0.0735655982003932,0.568359857086788,365,9.871232876712329,0.1623756164388222,0.2523639999344596,0.0474268415741675,15.95044354263771,0.0053958110891664,0.1698630136986301,2388,0.0,0.9644053601340034,0.0,0.0,1.0,22973.27003824483,0.0,-3.028937162840782e-15,2.663948571553277e-13,0.0,0.0,0.0,0.0,,,0.0,500.0,45.94654007648967,0.0,0.0
optimal@30s+aware,5,500,2388,2299,0.9627303182579564,0.0372696817420435,0.0159128978224455,0.0213567839195979,0.0,169.82395102269996,140.56243269309107,328.8982862583678,168.34482019152506,919.6,18.95215311004785,150.8717979126521,0.3668227439652686,0.0703351341126869,0.5628421219220445,368,9.608695652173912,0.1717100543508511,0.2527890000737897,0.0417798913043478,15.86019597702072,0.0057694539000155,0.1684782608695652,2388,0.0,0.9627303182579564,0.0,0.0,1.0,22818.035108959502,0.0,6.495360047027291e-15,2.66132145560804e-13,0.0,0.0,0.0,0.0,,,0.0,500.0,45.63607021791901,0.0,0.0
