arm,seed,drivers.num_drivers,requests,completed,completion_rate,cancel_rate,cancel_no_match_rate,cancel_eta_rate,cancel_late_rate,wait_mean_s,wait_p50_s,wait_p90_s,wait_all_mean_s,completed_per_hour,time_to_match_mean_s,pickup_mean_s,driver_idle_frac,driver_enroute_frac,driver_ontrip_frac,batches,batch_riders_mean,solve_ms_mean,solve_ms_p99,decline_rate,shadow_gap_s_per_batch,shadow_gap_frac,shadow_worse_batches_frac,app_opens,priced_out_rate,served_rate,retried_rate,surged_trip_frac,mean_multiplier_paid,revenue_per_hour,surge_revenue_per_hour,eta_error_mean_s,eta_abs_error_mean_s,eta_late_2min_frac,moves_per_driver_hour,chase_moves_per_hour,reposition_km_per_hour,moves_dispatched_frac,move_planned_mean_s,driver_reposition_frac,drivers_online_mean,earnings_per_online_hour,reserve_logons,reserve_logoffs
immediate_greedy,0,300,2503,2209,0.8825409508589692,0.1174590491410307,0.0039952057530962,0.1134638433879344,0.0,260.26639542553454,235.72497761222348,466.26267737550427,231.5814776180334,883.6,0.7909656809855634,259.475429744549,0.0982878666552393,0.1779195187393601,0.7237926146054005,2918,1.78067169294037,0.0336135709279556,0.0818829998934233,0.0506451612903225,,,,2503,0.0,0.8825409508589692,0.0,0.0,1.0,19058.544505133428,0.0,-4.839044511406036e-15,2.704689246574075e-13,0.0,0.0,0.0,0.0,,,0.0,300.0,63.52848168377809,0.0,0.0
immediate_greedy,1,300,2503,2210,0.8829404714342789,0.1170595285657211,0.0003995205753096,0.1166600079904115,0.0,261.4076227921948,240.78489973664568,458.0263310685446,231.11348191273672,884.0,0.5312019847495394,260.8764208074452,0.0909607807125325,0.1791552358470537,0.7298839834404136,2769,1.3282773564463706,0.0294771036549179,0.0630640006420435,0.0517185994217796,,,,2503,0.0,0.8829404714342789,0.0,0.0,1.0,19120.036249890745,0.0,-5.8021963302333184e-15,2.7194526168406353e-13,0.0,0.0,0.0,0.0,,,0.0,300.0,63.73345416630249,0.0,0.0
immediate_greedy,2,300,2503,2200,0.8789452656811826,0.1210547343188174,0.0023971234518577,0.1186576108669596,0.0,265.7361573472729,243.26181944726432,473.6458199808455,234.52950287490967,880.0,0.5913846109455124,265.1447727363274,0.0942130119190021,0.1829434035011721,0.7228435845798258,2865,1.486910994764398,0.030133612533554,0.0716720005584648,0.045660621761658,,,,2503,0.0,0.8789452656811826,0.0,0.0,1.0,18969.329067265386,0.0,3.340762010462971e-17,2.755067890996605e-13,0.0,0.0,0.0,0.0,,,0.0,300.0,63.231096890884615,0.0,0.0
immediate_greedy,3,300,2503,2162,0.8637634838194167,0.1362365161805833,0.0035956851777866,0.1326408310027966,0.0,275.17819526166926,248.18659862877732,507.7856460413219,239.5408775680145,864.8,1.2087452681657225,273.9694499935035,0.1052260149983609,0.1850036429367477,0.7097703420648913,3027,1.958374628344896,0.0349349851354838,0.0748999991628807,0.045425048669695,,,,2503,0.0,0.8637634838194167,0.0,0.0,1.0,18625.05644377226,0.0,2.472069213943341e-15,2.741141674832837e-13,0.0,0.0,0.0,0.0,,,0.0,300.0,62.08352147924087,0.0,0.0
immediate_greedy,4,300,2503,2203,0.8801438274071115,0.1198561725928885,0.0011985617259288,0.1186576108669596,0.0,256.8168314457905,233.41100833099333,459.3680614463159,226.9639013562384,881.2,0.4493077861300723,256.36752365966043,0.0979282873522872,0.17603872268972,0.7260329899579927,2807,1.4656216601353758,0.0294651585256838,0.0635820004026754,0.0511418462528144,,,,2503,0.0,0.8801438274071115,0.0,0.0,1.0,19054.523879536056,0.0,-9.266103796901e-15,2.7049760021026774e-13,0.0,0.0,0.0,0.0,,,0.0,300.0,63.51507959845352,0.0,0.0
immediate_greedy,5,300,2503,2202,0.8797443068318018,0.1202556931681981,0.0023971234518577,0.1178585697163403,0.0,264.12510309297653,242.03595666681716,470.7163543562376,234.2191359329966,880.8,1.4901343835049703,262.63496870947154,0.0946343218334518,0.1788564132633323,0.7265092649032159,3070,1.8403908794788275,0.0334533224796102,0.0764340001842355,0.0518018018018018,,,,2503,0.0,0.8797443068318018,0.0,0.0,1.0,18981.01297688031,0.0,-1.868623330547573e-15,2.723151202968165e-13,0.0,0.0,0.0,0.0,,,0.0,300.0,63.2700432562677,0.0,0.0
immediate_greedy,0,350,2503,2336,0.933280063923292,0.0667199360767079,0.0019976028765481,0.0647223332001598,0.0,214.1315720922629,184.9210560713732,412.63655206571775,201.0201532323821,934.4,0.4873717285043409,213.64420036375856,0.2065825109575179,0.1367554009203726,0.6566620881221096,2940,1.5591836734693878,0.0320481972699954,0.077466000111599,0.0511747666559382,,,,2503,0.0,0.933280063923292,0.0,0.0,1.0,20140.01821626881,0.0,7.885149915049645e-16,2.6595378296894453e-13,0.0,0.0,0.0,0.0,,,0.0,350.0,57.54290918933946,0.0,0.0
immediate_greedy,1,350,2503,2340,0.9348781462245306,0.0651218537754694,0.0007990411506192,0.0643228126248501,0.0,197.5385898593229,172.97601316940109,373.0218773607767,184.8541684233017,936.0,0.2319572440833893,197.30663261523955,0.2118002459975291,0.1273436022446098,0.660856151757861,2740,1.2149635036496351,0.0292711678843672,0.0630219996673986,0.0550752481588216,,,,2503,0.0,0.9348781462245306,0.0,0.0,1.0,20234.60163613512,0.0,-3.265099491822821e-15,2.645654825321772e-13,0.0,0.0,0.0,0.0,,,0.0,350.0,57.81314753181462,0.0,0.0
immediate_greedy,2,350,2503,2358,0.9420695165801038,0.0579304834198961,0.0007990411506192,0.0571314422692768,0.0,210.4984731666162,185.9324270582092,396.5854428625741,198.63013102713413,943.2,0.293801797591309,210.2046713690249,0.1978103416510017,0.1361757813643376,0.6660138769846606,2832,1.2651836158192091,0.0388463629996947,0.0761759990928112,0.0538634177621032,,,,2503,0.0,0.9420695165801038,0.0,0.0,1.0,20428.9680511463,0.0,-5.132545034537248e-15,2.648168179888324e-13,0.0,0.0,0.0,0.0,,,0.0,350.0,58.36848014613229,0.0,0.0
immediate_greedy,3,350,2503,2317,0.9256891729924092,0.0743108270075909,0.0035956851777866,0.0707151418298042,0.0,213.73563827344495,184.27646574952175,412.13161878639335,199.31038680970357,926.8,0.823216764501852,212.9124215089431,0.2094859977067685,0.1360607327736617,0.6544532695195697,3116,1.7756739409499358,0.0452628048754987,0.0979949993961781,0.054930934789592,,,,2503,0.0,0.9256891729924092,0.0,0.0,1.0,20004.10482160877,0.0,8.695772726064918e-15,2.662847643436703e-13,0.0,0.0,0.0,0.0,,,0.0,350.0,57.15458520459648,0.0,0.0
immediate_greedy,4,350,2503,2354,0.9404714342788654,0.0595285657211346,0.0007990411506192,0.0587295245705153,0.0,198.1968791247923,178.02115807950804,373.5829046749327,186.84868272288372,941.6,0.2025325618131318,197.9943465629792,0.2079132684572863,0.1279876712846037,0.66409906025811,2777,1.299603889088945,0.0399342455638327,0.0751199999649542,0.0547725816784112,,,,2503,0.0,0.9404714342788654,0.0,0.0,1.0,20282.94501909322,0.0,-4.4819241304217764e-15,2.649813720659148e-13,0.0,0.0,0.0,0.0,,,0.0,350.0,57.951271483123485,0.0,0.0
immediate_greedy,5,350,2503,2346,0.9372752696763884,0.0627247303236116,0.0003995205753096,0.062325209748302,0.0,205.45846658746848,181.33225599066463,385.9528734616374,193.09401611176568,938.4,0.2402035220496191,205.21826306541885,0.2052630167089862,0.1326927071200819,0.6620442761709319,2889,1.2859120803046036,0.0395428868157751,0.0721120013622566,0.0489690721649484,,,,2503,0.0,0.9372752696763884,0.0,0.0,1.0,20211.64996002371,0.0,7.566269293398093e-15,2.670593688410372e-13,0.0,0.0,0.0,0.0,,,0.0,350.0,57.747571314353465,0.0,0.0
immediate_greedy,0,400,2503,2412,0.9636436276468238,0.0363563723531761,0.0015980823012385,0.0347582900519376,0.0,173.9452536972031,145.8892148928121,345.3355265557546,168.33632475815838,964.8,0.1526848937285356,173.79256880347455,0.3021763583720663,0.1032073971357961,0.5946162444921375,2875,1.3787826086956525,0.0411632000215594,0.0843340004576018,0.0453221107154418,,,,2503,0.0,0.9636436276468238,0.0,0.0,1.0,20835.635430896207,0.0,-2.1805848079847502e-15,2.655098363391062e-13,0.0,0.0,0.0,0.0,,,0.0,400.0,52.08908857724052,0.0,0.0
immediate_greedy,1,400,2503,2409,0.962445065920895,0.037554934079105,0.0003995205753096,0.0371554135037954,0.0,170.4160788290747,144.96437924683414,330.79785688812336,164.18481322571162,963.6,0.1416087777097864,170.27447005136494,0.3031763108756259,0.1009354363828419,0.5958882527415321,2724,1.2114537444933922,0.0395559104317365,0.0710390001222549,0.0544522741832158,,,,2503,0.0,0.962445065920895,0.0,0.0,1.0,20749.831851057814,0.0,4.76764515971243e-15,2.654581503647551e-13,0.0,0.0,0.0,0.0,,,0.0,400.0,51.874579627644536,0.0,0.0
immediate_greedy,2,400,2503,2418,0.9660407510986816,0.0339592489013184,0.0,0.0339592489013184,0.0,170.3463484947612,140.83760729934602,340.4309999510815,164.56879174060032,967.2,0.1783978167812059,170.16795067798,0.300978145863624,0.1019021507913674,0.5971197033450085,2698,1.1782802075611565,0.0393317272077961,0.068506001298374,0.0468043899289864,,,,2503,0.0,0.9660407510986816,0.0,0.0,1.0,20869.65406282516,0.0,1.7893048498611392e-15,2.6284213294978673e-13,0.0,0.0,0.0,0.0,,,0.0,400.0,52.174135157062906,0.0,0.0
immediate_greedy,3,400,2503,2396,0.9572512984418696,0.0427487015581302,0.0027966440271673,0.0399520575309628,0.0,175.36320141726364,150.60819186169465,348.8869226302386,169.0026721388324,958.4,0.4088446274896929,174.95435678977395,0.3056444623235598,0.103405092711423,0.5909504449650171,3051,1.6483120288430022,0.046074598499949,0.0954500010266201,0.0413546076196678,,,,2503,0.0,0.9572512984418696,0.0,0.0,1.0,20624.50018886251,0.0,-4.3431220408228686e-15,2.655563582054135e-13,0.0,0.0,0.0,0.0,,,0.0,400.0,51.56125047215628,0.0,0.0
immediate_greedy,4,400,2503,2424,0.9684378745505392,0.0315621254494606,0.0015980823012385,0.0299640431482221,0.0,157.9669987848615,135.02282684473698,307.7822603739964,153.4888416876005,969.6,0.1182488789322038,157.8487499059293,0.3049888695612647,0.0953072723948952,0.5997038580438402,2786,1.3266331658291457,0.0406745513249882,0.0781149999966146,0.0523778920308483,,,,2503,0.0,0.9684378745505392,0.0,0.0,1.0,20938.936752503563,0.0,-7.412753945688245e-15,2.593064193877332e-13,0.0,0.0,0.0,0.0,,,0.0,400.0,52.347341881258906,0.0,0.0
immediate_greedy,5,400,2503,2416,0.9652417099480624,0.0347582900519376,0.0,0.0347582900519376,0.0,167.3891251294875,141.5206479266376,333.75564843158736,161.9793033955912,966.4,0.3485941132142171,167.04053101627326,0.3024820878108179,0.0999127219864884,0.5976051902026936,2866,1.3094905792044662,0.0422928820798744,0.0785050005106313,0.0458804523424878,,,,2503,0.0,0.9652417099480624,0.0,0.0,1.0,20791.68781585675,0.0,2.8586404766507338e-15,2.6513614703297e-13,0.0,0.0,0.0,0.0,,,0.0,400.0,51.97921953964187,0.0,0.0
immediate_greedy,0,450,2503,2441,0.975229724330803,0.0247702756691969,0.0011985617259288,0.023571713943268,0.0,150.89875377562367,121.60762379068046,308.65665799655744,147.73065024525408,976.4,0.1272019548183804,150.7715518208053,0.3826063021199421,0.0816081580214478,0.53578553985861,2819,1.338417878680383,0.0422973039876517,0.0848820005921879,0.047157622739018,,,,2503,0.0,0.975229724330803,0.0,0.0,1.0,21056.55190360876,0.0,-2.4530425485511343e-15,2.588697156858652e-13,0.0,0.0,0.0,0.0,,,0.0,450.0,46.79233756357501,0.0,0.0
immediate_greedy,1,450,2503,2441,0.975229724330803,0.0247702756691969,0.0,0.0247702756691969,0.0,147.6363061379756,121.85149172185628,302.12981063256484,143.9870719203399,976.4,0.1918176110318115,147.4444885269438,0.3840938688353298,0.0801448867923135,0.5357612443723566,2691,1.182831661092531,0.0408240059419465,0.0727100004951353,0.0544348382965097,,,,2503,0.0,0.975229724330803,0.0,0.0,1.0,21017.043240649808,0.0,-6.245175072154045e-15,2.673679931010705e-13,0.0,0.0,0.0,0.0,,,0.0,450.0,46.704540534777344,0.0,0.0
immediate_greedy,2,450,2503,2454,0.9804234918098282,0.0195765081901717,0.0,0.0195765081901717,0.0,145.5740685947132,116.4734355119126,304.21877851133524,142.72604647760232,981.6,0.1242556108332707,145.44981298387992,0.3812938667222146,0.0796687207745674,0.539037412503218,2656,1.1716867469879515,0.0392878388468664,0.070934999075689,0.0510925449871465,,,,2503,0.0,0.9804234918098282,0.0,0.0,1.0,21205.457352704245,0.0,-1.4803878488909686e-15,2.6426447736604764e-13,0.0,0.0,0.0,0.0,,,0.0,450.0,47.12323856156499,0.0,0.0
immediate_greedy,3,450,2503,2419,0.9664402716739912,0.0335597283260087,0.0023971234518577,0.031162604874151,0.0,151.57709289040233,121.44231849962672,314.4468549306903,147.57114101723863,967.6,0.4053555997166247,151.1717372906857,0.3880890895444819,0.0808380180635191,0.5310728923919988,3123,1.6314441242395132,0.0456004162469733,0.0929559988071559,0.0478345184227537,,,,2503,0.0,0.9664402716739912,0.0,0.0,1.0,20861.063930506247,0.0,-8.727573805817271e-15,2.66005948608006e-13,0.0,0.0,0.0,0.0,,,0.0,450.0,46.35791984556944,0.0,0.0
immediate_greedy,4,450,2503,2452,0.979624450659209,0.020375549340791,0.0003995205753096,0.0199760287654814,0.0,137.03180189628458,110.70505906642256,278.7626742213941,134.42292631098255,980.8,0.098384181243902,136.9334177150407,0.3845608012778927,0.0754532557867165,0.5399859429353907,2761,1.199927562477363,0.0399356030772395,0.0707799998053815,0.0462035541195476,,,,2503,0.0,0.979624450659209,0.0,0.0,1.0,21225.273602528297,0.0,4.672807364900711e-15,2.641567407082784e-13,0.0,0.0,0.0,0.0,,,0.0,450.0,47.1672746722851,0.0,0.0
immediate_greedy,5,450,2503,2448,0.9780263683579704,0.0219736316420295,0.0,0.0219736316420295,0.0,142.28443822268582,117.42245746395338,287.8533480055101,139.16588603992477,979.2,0.1038927687444881,142.1805454539413,0.3831746850471291,0.0778860187199688,0.538939296232902,2658,1.164785553047404,0.0390396162627718,0.0722720004523579,0.0434078393262066,,,,2503,0.0,0.9780263683579704,0.0,0.0,1.0,21101.498695657087,0.0,2.839413526377933e-15,2.65424029886386e-13,0.0,0.0,0.0,0.0,,,0.0,450.00000000000006,46.89221932368241,0.0,0.0
immediate_greedy,0,500,2503,2461,0.9832201358369956,0.0167798641630043,0.0007990411506192,0.0159808230123851,0.0,134.33953161854984,102.34199534661091,282.35125488295625,132.5588480645352,984.4,0.1276525316303114,134.21187908691954,0.4456815265222614,0.0672868057065807,0.4870316677711578,2858,1.2974107767669698,0.0433227781632,0.0791429997661907,0.0535599743425272,,,,2503,0.0,0.9832201358369956,0.0,0.0,1.0,21292.972887750733,0.0,-3.793886059525657e-15,2.644089290826478e-13,0.0,0.0,0.0,0.0,,,0.0,500.0,42.585945775501465,0.0,0.0
immediate_greedy,1,500,2503,2460,0.982820615261686,0.017179384738314,0.0,0.017179384738314,0.0,133.07560359704027,107.26685287336318,268.8093562009302,130.7903001199465,984.0,0.1869344836758341,132.88866911336444,0.4456477111628891,0.0664496356118179,0.4879026532252929,2689,1.18110821866865,0.0411361844312521,0.0715239987039239,0.0532221865982686,,,,2503,0.0,0.982820615261686,0.0,0.0,1.0,21258.630296326854,0.0,2.3113399180143403e-15,2.613135543541612e-13,0.0,0.0,0.0,0.0,,,0.0,500.0,42.517260592653706,0.0,0.0
immediate_greedy,2,500,2503,2466,0.9852177387135438,0.0147822612864562,0.0,0.0147822612864562,0.0,127.7178585726437,99.90347320529372,265.50945107564803,125.8341558253615,986.4,0.0804313683458928,127.63742720429784,0.446523408153784,0.0641754170222274,0.4893011748239885,2655,1.1634651600753296,0.0416815065608992,0.074892000084219,0.0440271932664292,,,,2503,0.0,0.9852177387135438,0.0,0.0,1.0,21313.347574887524,0.0,5.981607927726989e-15,2.611492170570252e-13,0.0,0.0,0.0,0.0,,,0.0,500.0,42.626695149775045,0.0,0.0
immediate_greedy,3,500,2503,2438,0.974031162604874,0.0259688373951258,0.0019976028765481,0.0239712345185777,0.0,132.7758513699315,101.03322282786394,284.920074973319,130.12582172697063,975.2,0.3912718764323911,132.3845794934991,0.4526503178667592,0.0654491089023942,0.4819005732308464,2972,1.4599596231493943,0.0449917564236396,0.0956029993176343,0.0478036175710594,,,,2503,0.0,0.974031162604874,0.0,0.0,1.0,21029.66508346792,0.0,-7.305613592886161e-15,2.628361478877191e-13,0.0,0.0,0.0,0.0,,,0.0,500.0,42.05933016693584,0.0,0.0
immediate_greedy,4,500,2503,2460,0.982820615261686,0.017179384738314,0.0,0.017179384738314,0.0,124.15326345918466,95.33948402759734,262.86785445079505,122.02442629327838,984.0,0.1080802501584067,124.04518320902626,0.4491088675515294,0.0622010471531484,0.4886900852953221,2669,1.162233046084676,0.0412078306530123,0.0711640004738001,0.048033526756931,,,,2503,0.0,0.982820615261686,0.0,0.0,1.0,21268.74829737217,0.0,-3.367676508029641e-16,2.605468686329282e-13,0.0,0.0,0.0,0.0,,,0.0,500.0,42.53749659474434,0.0,0.0
immediate_greedy,5,500,2503,2458,0.9820215741110668,0.0179784258889332,0.0003995205753096,0.0175789053136236,0.0,126.65720548587232,100.703807633211,254.1451758780747,124.53791318373892,983.2,0.1526779774184669,126.50452750845388,0.4480500185754029,0.0638043552964078,0.4881456261281893,2770,1.2025270758122744,0.0416218411436231,0.0725310005691426,0.0501930501930501,,,,2503,0.0,0.9820215741110668,0.0,0.0,1.0,21223.162239952893,0.0,3.4412396989479837e-15,2.6195518044752865e-13,0.0,0.0,0.0,0.0,,,0.0,500.0,42.44632447990578,0.0,0.0
batched_greedy@10s,0,300,2503,2208,0.8821414302836597,0.1178585697163403,0.0039952057530962,0.1138633639632441,0.0,271.7977612722965,244.9562645766523,478.9579653908109,242.4136104308849,883.2,6.457880434782608,265.3398808375139,0.0958327818770843,0.1795134261965006,0.7246537919264151,1041,3.798270893371758,0.0706131604505874,0.1489199992647625,0.0469559585492228,,,,2503,0.0,0.8821414302836597,0.0,0.0,1.0,19045.20644603096,0.0,1.419265268916422e-14,2.6918594165298054e-13,0.0,0.0,0.0,0.0,,,0.0,300.0,63.484021486769855,0.0,0.0
batched_greedy@10s,1,300,2503,2214,0.8845385537355174,0.1154614462644826,0.0003995205753096,0.1150619256891729,0.0,264.4024966546821,244.6700408321385,462.18984617469806,234.90882696986276,885.6,5.407407407407407,258.9950892472747,0.0954773057725986,0.1775725405224055,0.7269501537049957,1037,3.210221793635487,0.0713137898098309,0.1530960000673077,0.0532392559332905,,,,2503,0.0,0.8845385537355174,0.0,0.0,1.0,19081.037543352133,0.0,-1.6685137663759115e-14,2.66620510673904e-13,0.0,0.0,0.0,0.0,,,0.0,300.0,63.60345847784045,0.0,0.0
batched_greedy@10s,2,300,2503,2208,0.8821414302836597,0.1178585697163403,0.003196164602477,0.1146624051138633,0.0,262.9140090293986,241.5474499274669,466.4557392371911,233.8376141123477,883.2,5.9103260869565215,257.0036829424421,0.0991682261770199,0.1765026583602396,0.7243291154627404,1046,3.4923518164435947,0.0676365200959838,0.1542299991342588,0.046925566343042,,,,2503,0.0,0.8821414302836597,0.0,0.0,1.0,18988.448214076645,0.0,-6.3351095705875316e-15,2.7301872517993153e-13,0.0,0.0,0.0,0.0,,,0.0,300.0,63.29482738025549,0.0,0.0
batched_greedy@10s,3,300,2503,2177,0.8697562924490612,0.1302437075509388,0.003196164602477,0.1270475429484618,0.0,276.559622940604,247.3344243374213,498.7122081806701,243.14697233479689,870.8,6.34313275149288,270.2164901891111,0.100309827149114,0.1833400563340335,0.7163501165168523,1051,3.862036156041865,0.0686651760272717,0.1415000006090849,0.0463383020090732,,,,2503,0.0,0.8697562924490612,0.0,0.0,1.0,18838.19015119925,0.0,-8.596196280698961e-16,2.727425798097516e-13,0.0,0.0,0.0,0.0,,,0.0,300.0,62.79396717066417,0.0,0.0
batched_greedy@10s,4,300,2503,2224,0.8885337594886137,0.1114662405113863,0.0023971234518577,0.1090691170595285,0.0,252.7065177302387,229.3582903240599,441.9600660446326,226.1432080315866,889.6,5.466276978417266,247.2402407518214,0.099909200044445,0.1694660253938421,0.7306247745617128,1039,3.354186717998075,0.0733953801744544,0.146709999826271,0.0487411233053583,,,,2503,0.0,0.8885337594886137,0.0,0.0,1.0,19217.150467174943,0.0,-1.0500493360512732e-14,2.682078180652254e-13,0.0,0.0,0.0,0.0,,,0.0,300.0,64.05716822391648,0.0,0.0
batched_greedy@10s,5,300,2503,2190,0.8749500599280863,0.1250499400719137,0.0015980823012385,0.1234518577706751,0.0,265.5660141642351,244.28285010347872,479.7398396462528,234.2371729557169,876.0,5.65296803652968,259.9130461277054,0.0963198384925124,0.1771517905420798,0.7265283709654078,1046,3.416826003824092,0.0727346080463748,0.1587349997862471,0.0474806201550387,,,,2503,0.0,0.8749500599280863,0.0,0.0,1.0,18963.718140987337,0.0,2.889621570942188e-17,2.670506129778017e-13,0.0,0.0,0.0,0.0,,,0.0,300.0,63.21239380329113,0.0,0.0
batched_greedy@10s,0,350,2503,2340,0.9348781462245306,0.0651218537754694,0.0027966440271673,0.062325209748302,0.0,217.34908109770305,190.0053435728596,414.025357886841,204.73360288184068,936.0,5.358119658119658,211.99096143958337,0.2092231561956287,0.1352278386218603,0.6555490051825109,1037,3.3751205400192865,0.0825351977472702,0.1682680007070309,0.0505961972284885,,,,2503,0.0,0.9348781462245306,0.0,0.0,1.0,20176.36753730265,0.0,7.243540999681508e-15,2.610225900570561e-13,0.0,0.0,0.0,0.0,,,0.0,350.0,57.646764392293285,0.0,0.0
batched_greedy@10s,1,350,2503,2349,0.9384738314023172,0.0615261685976827,0.0007990411506192,0.0607271274470635,0.0,207.50939836856097,181.70430583705456,384.10858927942655,195.28311131653248,939.6,5.108982545764155,202.4004158227968,0.206181086560855,0.131367450721846,0.662451462717299,1032,3.0978682170542635,0.0815656976503178,0.1670500008913219,0.0520398329585608,,,,2503,0.0,0.9384738314023172,0.0,0.0,1.0,20311.26211855656,0.0,-1.3301218600602782e-14,2.678380671311261e-13,0.0,0.0,0.0,0.0,,,0.0,350.0,58.032177481590175,0.0,0.0
batched_greedy@10s,2,350,2503,2347,0.937674790251698,0.062325209748302,0.0015980823012385,0.0607271274470635,0.0,210.31622624850496,185.65380867319251,392.3702604403671,198.1110022563988,938.8,5.248402215594376,205.06782403291055,0.2049448285562216,0.1326793043769685,0.6623758670668098,1036,3.2075289575289574,0.0859163127200657,0.1702250005109818,0.0529865125240847,,,,2503,0.0,0.937674790251698,0.0,0.0,1.0,20221.953322548317,0.0,4.43398572604237e-15,2.661385764043727e-13,0.0,0.0,0.0,0.0,,,0.0,350.0,57.777009492995184,0.0,0.0
batched_greedy@10s,3,350,2503,2315,0.9248901318417898,0.0751098681582101,0.003196164602477,0.0719137035557331,0.0,215.82932598030897,182.7656335785523,423.5656712967352,201.5268658687032,926.0,5.553347732181425,210.27597824812756,0.2135389434415953,0.1333897447992817,0.6530713117591229,1041,3.603266090297791,0.0813295869066415,0.1662200003920588,0.0491114701130856,,,,2503,0.0,0.9248901318417898,0.0,0.0,1.0,19948.796075974853,0.0,-2.654272290319824e-15,2.673611751957419e-13,0.0,0.0,0.0,0.0,,,0.0,350.0,56.99656021707101,0.0,0.0
batched_greedy@10s,4,350,2503,2354,0.9404714342788654,0.0595285657211346,0.0007990411506192,0.0587295245705153,0.0,200.791479714574,177.06857592455071,373.3033682162575,189.62533836946093,941.6,5.057774001699236,195.7337057128748,0.2105911641410994,0.1268151255848169,0.6625937102740836,1038,3.132947976878613,0.0850134874939076,0.1726039993627636,0.0508201994210357,,,,2503,0.0,0.9404714342788654,0.0,0.0,1.0,20288.53575014666,0.0,-4.4743780096086906e-15,2.680315140985639e-13,0.0,0.0,0.0,0.0,,,0.0,350.0,57.96724500041904,0.0,0.0
batched_greedy@10s,5,350,2503,2337,0.9336795844986016,0.0663204155013983,0.0,0.0663204155013983,0.0,211.4804666594707,187.2201534734468,391.4331730664516,198.32235340918217,934.8,5.069747539580659,206.41071911989,0.2102452253311873,0.1326806213991594,0.6570741532696532,1033,3.154888673765731,0.0839696998649573,0.1691679990472039,0.0504823151125401,,,,2503,0.0,0.9336795844986016,0.0,0.0,1.0,20060.94919094852,0.0,-6.201191797022687e-15,2.6705638128797913e-13,0.0,0.0,0.0,0.0,,,0.0,350.0,57.31699768842434,0.0,0.0
batched_greedy@10s,0,400,2503,2423,0.9680383539752296,0.0319616460247702,0.0023971234518577,0.0295645225729125,0.0,177.2361626854909,151.1699479869785,345.6442714240723,172.5686876117896,969.2,5.004952538175815,172.2312101473151,0.3002088645924888,0.1024627880511851,0.597328347356326,1029,3.229348882410107,0.0906078717647435,0.1735239991103301,0.0481266149870801,,,,2503,0.0,0.9680383539752296,0.0,0.0,1.0,20943.428144454483,0.0,-1.1603777965093784e-14,2.643785131203895e-13,0.0,0.0,0.0,0.0,,,0.0,400.0,52.35857036113621,0.0,0.0
batched_greedy@10s,1,400,2503,2412,0.9636436276468238,0.0363563723531761,0.0007990411506192,0.0355573312025569,0.0,170.90847582596564,146.37542149344426,333.5322129537829,165.121179393582,964.8,5.060116086235489,165.84835973973017,0.3059523808664925,0.09814084432,0.5959067748135075,1033,3.0832526621490803,0.0933803484877482,0.1801680003700312,0.0565856777493606,,,,2503,0.0,0.9636436276468238,0.0,0.0,1.0,20738.191017372388,0.0,-5.956539849531188e-15,2.624637194517246e-13,0.0,0.0,0.0,0.0,,,0.0,400.0,51.845477543430974,0.0,0.0
batched_greedy@10s,2,400,2503,2420,0.9668397922493008,0.0331602077506991,0.0,0.0331602077506991,0.0,173.62675545202185,146.21075034861474,338.9885243917992,168.07381070471146,968.0,5.015289256198347,168.61146619582348,0.3003469479835868,0.100671643067313,0.5989814089491002,1030,3.0359223300970872,0.0917768931915295,0.1839259996449982,0.053525641025641,,,,2503,0.0,0.9668397922493008,0.0,0.0,1.0,20932.76715101269,0.0,3.768977783679963e-15,2.61317597496534e-13,0.0,0.0,0.0,0.0,,,0.0,400.0,52.33191787753172,0.0,0.0
batched_greedy@10s,3,400,2503,2385,0.952856572113464,0.0471434278865361,0.0027966440271673,0.0443467838593687,0.0,180.90896688297065,151.62203250532184,365.196725696231,173.74439202226182,954.0,5.230607966457023,175.67835891651362,0.3093985154931548,0.1025761978033929,0.5880252867034521,1039,3.4398460057747835,0.0866025986784197,0.1693239992164308,0.0416666666666666,,,,2503,0.0,0.952856572113464,0.0,0.0,1.0,20545.888587838683,0.0,-2.29576432404459e-15,2.663836074621136e-13,0.0,0.0,0.0,0.0,,,0.0,400.0,51.3647214695967,0.0,0.0
batched_greedy@10s,4,400,2503,2429,0.9704354774270876,0.0295645225729125,0.0011985617259288,0.0283659608469836,0.0,161.23975287241856,135.83473643529123,316.292878217649,157.09575626014822,971.6,5.011115685467271,156.2286371869513,0.304330833355165,0.0944261478471661,0.6012430187976688,1032,3.13468992248062,0.0918822674235385,0.1788519993169756,0.0538806927517639,,,,2503,0.0,0.9704354774270876,0.0,0.0,1.0,21009.951493890803,0.0,-9.97052493173041e-16,2.624921002392157e-13,0.0,0.0,0.0,0.0,,,0.0,400.0,52.52487873472701,0.0,0.0
batched_greedy@10s,5,400,2503,2402,0.9596484218937276,0.0403515781062724,0.0,0.0403515781062724,0.0,169.99830904573088,143.28716325454525,338.4330853193944,163.81459781376174,960.8,5.111157368859284,164.8871516768716,0.3081965044721165,0.0978582372731627,0.5939452582547207,1034,3.1431334622823983,0.0926609284776903,0.1870720007536874,0.0449547218628719,,,,2503,0.0,0.9596484218937276,0.0,0.0,1.0,20676.33698354017,0.0,-3.604665830327507e-15,2.6670052973366774e-13,0.0,0.0,0.0,0.0,,,0.0,400.0,51.690842458850426,0.0,0.0
batched_greedy@10s,0,450,2503,2448,0.9780263683579704,0.0219736316420295,0.0019976028765481,0.0199760287654814,0.0,156.218268733207,127.61727726413484,318.0395574296703,153.61534071423614,979.2,5.0306372549019605,151.18763147830504,0.3799624928983545,0.0822849271827803,0.5377525799188652,1032,3.1967054263565893,0.0955520348753459,0.178125000111322,0.054825264507855,,,,2503,0.0,0.9780263683579704,0.0,0.0,1.0,21159.58036258553,0.0,-5.4189586732173805e-15,2.635245870466249e-13,0.0,0.0,0.0,0.0,,,0.0,450.0,47.0212896946345,0.0,0.0
batched_greedy@10s,1,450,2503,2442,0.9756292449061128,0.0243707550938873,0.0,0.0243707550938873,0.0,150.4460400701601,125.36703225861676,296.68944124125693,146.9301757296568,976.8,5.0294840294840295,145.41655604067608,0.384603651393844,0.0792921202203844,0.5361042283857715,1032,3.0319767441860463,0.095381589115404,0.1966139993965043,0.0517019910083493,,,,2503,0.0,0.9756292449061128,0.0,0.0,1.0,21067.054631674026,0.0,1.4552923430897325e-15,2.624295357417504e-13,0.0,0.0,0.0,0.0,,,0.0,450.0,46.815676959275606,0.0,0.0
batched_greedy@10s,2,450,2503,2447,0.9776268477826608,0.0223731522173391,0.0,0.0223731522173391,0.0,148.98794301461805,120.59673407195989,301.9474328179712,145.77846446534969,978.8,5.009807928075194,143.97813508654284,0.3822097694166652,0.079060689260286,0.5387295413230487,1027,3.035053554040896,0.0964917234294619,0.1853639997352729,0.052614693615656,,,,2503,0.0,0.9776268477826608,0.0,0.0,1.0,21164.90490853148,0.0,-3.734831995958056e-15,2.6647503166049414e-13,0.0,0.0,0.0,0.0,,,0.0,450.0,47.03312201895884,0.0,0.0
batched_greedy@10s,3,450,2503,2421,0.9672393128246104,0.0327606871753895,0.0023971234518577,0.0303635637235317,0.0,156.37192402387586,125.43058503110024,321.1630670459126,152.27879206817536,968.4,5.42007434944238,150.95184967443348,0.3897851390967263,0.0809950912008174,0.5292197697024562,1044,3.4272030651340994,0.0942122605449875,0.1797419994727533,0.0475266731328807,,,,2503,0.0,0.9672393128246104,0.0,0.0,1.0,20853.08744989391,0.0,-4.438415764616704e-15,2.6319971490263345e-13,0.0,0.0,0.0,0.0,,,0.0,450.0,46.34019433309757,0.0,0.0
batched_greedy@10s,4,450,2503,2451,0.9792249300838992,0.0207750699161006,0.0003995205753096,0.020375549340791,0.0,140.23226925075554,113.55966694264134,285.7891721685578,137.63404656513578,980.4,4.947368421052632,135.2849008297029,0.3860634292614971,0.0744441326478568,0.539492438090646,1029,3.064139941690962,0.0946230320639353,0.1852480005618418,0.0498873511425812,,,,2503,0.0,0.9792249300838992,0.0,0.0,1.0,21160.730605565604,0.0,1.7155686183049032e-15,2.650059327880069e-13,0.0,0.0,0.0,0.0,,,0.0,450.0,47.02384579014579,0.0,0.0
batched_greedy@10s,5,450,2503,2443,0.9760287654814224,0.0239712345185777,0.0,0.0239712345185777,0.0,146.36655908340555,122.9987912466554,286.18401377713843,142.9746319779304,977.2,4.935325419566107,141.43123366383944,0.3837467201519496,0.0777486994324584,0.5385045804155919,1029,3.002915451895044,0.0931976676416928,0.1764000002731336,0.0437176165803108,,,,2503,0.0,0.9760287654814224,0.0,0.0,1.0,21090.92758114497,0.0,6.840755278378042e-15,2.6510671585855204e-13,0.0,0.0,0.0,0.0,,,0.0,450.0,46.86872795809993,0.0,0.0
batched_greedy@10s,0,500,2503,2462,0.9836196564123052,0.0163803435876947,0.0015980823012385,0.0147822612864562,0.0,135.30423489107687,106.74113522983134,270.8785734724482,133.8120212507406,984.8,5.08570268074736,130.21853221032953,0.4470780294367794,0.065244564076214,0.4876774064870066,1035,3.18743961352657,0.0960430918204607,0.1893279998330399,0.0581283934845097,,,,2503,0.0,0.9836196564123052,0.0,0.0,1.0,21303.324323097542,0.0,-2.4359068783185094e-15,2.616406053812706e-13,0.0,0.0,0.0,0.0,,,0.0,500.0,42.60664864619509,0.0,0.0
batched_greedy@10s,1,500,2503,2460,0.982820615261686,0.017179384738314,0.0,0.017179384738314,0.0,135.3594829944616,109.5813835938484,268.8088255501033,133.1567431747405,984.0,4.996747967479675,130.3627350269819,0.4476639615261898,0.0650666267210084,0.4872694117528017,1031,3.026188166828322,0.0936918525472617,0.1943500006746035,0.0492594977462974,,,,2503,0.0,0.982820615261686,0.0,0.0,1.0,21225.926897509577,0.0,-1.5807590105902737e-15,2.620768101180824e-13,0.0,0.0,0.0,0.0,,,0.0,500.0,42.451853795019154,0.0,0.0
batched_greedy@10s,2,500,2503,2473,0.9880143827407112,0.0119856172592888,0.0,0.0119856172592888,0.0,131.72446599109756,104.72951059988692,271.1361647927086,130.1988031945602,989.2,4.9316619490497375,126.79280404204782,0.4465649336745457,0.0638277207731645,0.4896073455522897,1025,3.0185365853658537,0.0979404877952907,0.1933280005323467,0.0455720749838396,,,,2503,0.0,0.9880143827407112,0.0,0.0,1.0,21392.80991789148,0.0,3.407796577163218e-15,2.645836104461602e-13,0.0,0.0,0.0,0.0,,,0.0,500.0,42.78561983578296,0.0,0.0
batched_greedy@10s,3,500,2503,2442,0.9756292449061128,0.0243707550938873,0.0019976028765481,0.0223731522173391,0.0,138.9537938138882,106.55530007272864,290.86921203106976,136.38096597878797,976.8,5.015970515970516,133.9378232979177,0.4522465574480523,0.0663022742429136,0.481451168309034,1038,3.1772639691714835,0.0933395953805246,0.1817860005576219,0.0478036175710594,,,,2503,0.0,0.9756292449061128,0.0,0.0,1.0,21009.85109316998,0.0,-5.659364141210651e-15,2.641234669323527e-13,0.0,0.0,0.0,0.0,,,0.0,500.0,42.01970218633996,0.0,0.0
batched_greedy@10s,4,500,2503,2468,0.986016779864163,0.0139832201358369,0.0,0.0139832201358369,0.0,127.2365859564275,99.45814311733147,257.5972981580968,125.53931048360492,987.2,5.00162074554295,122.23496521088455,0.4478771754886109,0.0616218344926551,0.4905009900187339,1032,3.0174418604651163,0.0982044573130372,0.1964019992738027,0.0517019910083493,,,,2503,0.0,0.986016779864163,0.0,0.0,1.0,21410.089613911485,0.0,-1.5893373417269674e-14,2.585372038910957e-13,0.0,0.0,0.0,0.0,,,0.0,500.0,42.82017922782297,0.0,0.0
batched_greedy@10s,5,500,2503,2456,0.9812225329604476,0.0187774670395525,0.0003995205753096,0.0183779464642429,0.0,130.25434612859596,104.20778113908182,257.0544224797732,128.05095238137622,982.4,5.034201954397394,125.22014417419857,0.4492854949475146,0.0631418847002664,0.4875726203522189,1030,3.067961165048544,0.0962672815555017,0.1884270002301492,0.0514138817480719,,,,2503,0.0,0.9812225329604476,0.0,0.0,1.0,21205.044931240693,0.0,2.672310436634396e-15,2.59519152458185e-13,0.0,0.0,0.0,0.0,,,0.0,500.0,42.410089862481385,0.0,0.0
optimal@10s,0,300,2503,2195,0.8769476628046344,0.1230523371953655,0.0035956851777866,0.1194566520175789,0.0,274.4051056543386,246.91500910297145,495.3767044305242,243.1751927787208,878.0,6.032346241457859,268.3727594128808,0.0956992124376893,0.1812626738397778,0.7230381137225329,1044,3.6628352490421454,0.1421820881426624,0.2049050006644388,0.0478654592496765,4.165406838331552,0.0028288739865173,0.0641762452107279,2503,0.0,0.8769476628046344,0.0,0.0,1.0,18965.93979074065,0.0,-8.328544131244991e-15,2.738382540212596e-13,0.0,0.0,0.0,0.0,,,0.0,300.0,63.21979930246884,0.0,0.0
optimal@10s,1,300,2503,2214,0.8845385537355174,0.1154614462644826,0.0003995205753096,0.1150619256891729,0.0,263.26296674346514,244.80810007210172,454.6007223041467,233.9492108198689,885.6,5.194670280036133,258.06829646342896,0.0917761042137108,0.1765714467602196,0.7316524490260695,1034,3.184719535783365,0.1416102514549862,0.2005550002286324,0.0517185994217796,4.651216611914291,0.0047235066833703,0.0560928433268858,2503,0.0,0.8845385537355174,0.0,0.0,1.0,19133.104987472896,0.0,-1.1208237991240615e-14,2.6867868564331296e-13,0.0,0.0,0.0,0.0,,,0.0,300.0,63.77701662490965,0.0,0.0
optimal@10s,2,300,2503,2211,0.8833399920095885,0.1166600079904115,0.0035956851777866,0.1130643228126248,0.0,266.0608269400449,239.1992355494685,477.9729649058427,237.06323019445296,884.4,5.96969696969697,260.09112997034794,0.093827038409809,0.1803043658958811,0.7258685956943098,1052,3.517110266159696,0.1421157794400559,0.2024469999560096,0.0478654592496765,5.08405341223768,0.0038352127470581,0.0703422053231939,2503,0.0,0.8833399920095885,0.0,0.0,1.0,18959.31870258493,0.0,-1.6933236058624777e-14,2.6980739367397986e-13,0.0,0.0,0.0,0.0,,,0.0,300.0,63.19772900861641,0.0,0.0
optimal@10s,3,300,2503,2171,0.8673591689972033,0.1326408310027966,0.0027966440271673,0.1298441869756292,0.0,277.88263812595704,253.1502094279485,498.4742273663069,243.4910826585869,868.4,6.150161216029479,271.7324769099275,0.1019331228778177,0.1842999690183988,0.7137669081037834,1053,3.773979107312441,0.1401045584020052,0.1854880000610137,0.0487883683360258,5.004801096986828,0.0031034974987017,0.0636277302943969,2503,0.0,0.8673591689972033,0.0,0.0,1.0,18759.192260281998,0.0,-4.0302476541091015e-15,2.688274905921725e-13,0.0,0.0,0.0,0.0,,,0.0,300.0,62.53064086760665,0.0,0.0
optimal@10s,4,300,2503,2198,0.8781462245305633,0.1218537754694366,0.0023971234518577,0.1194566520175789,0.0,264.53069015653045,244.8448146401988,459.2948146100038,233.94670844389304,879.2,5.543221110100091,258.9874690464304,0.0978198607953996,0.1750662543545724,0.7271138848500279,1040,3.3644230769230767,0.1415939423045878,0.1942439998310874,0.0499677627337201,4.817192437111593,0.0041827090648904,0.0634615384615384,2503,0.0,0.8781462245305633,0.0,0.0,1.0,19060.271862128317,0.0,-2.718379560476646e-15,2.724156963095237e-13,0.0,0.0,0.0,0.0,,,0.0,300.0,63.53423954042771,0.0,0.0
optimal@10s,5,300,2503,2203,0.8801438274071115,0.1198561725928885,0.0019976028765481,0.1178585697163403,0.0,263.3347478369986,242.23081201408604,468.7417517738776,233.74445948547563,881.2,5.824784384929641,257.509963452069,0.0972639622338459,0.1769058759673315,0.7258301617988225,1052,3.463878326996198,0.1370728136810581,0.1966489994629228,0.0539152759948652,4.112947884789456,0.0032388218223779,0.061787072243346,2503,0.0,0.8801438274071115,0.0,0.0,1.0,19023.51235515094,0.0,5.73979760175477e-15,2.736777869440828e-13,0.0,0.0,0.0,0.0,,,0.0,300.0,63.41170785050313,0.0,0.0
optimal@10s,0,350,2503,2343,0.9360767079504596,0.0639232920495405,0.0027966440271673,0.0611266480223731,0.0,220.77925279031703,191.8820057200155,415.96947400693887,208.25255594579903,937.2,5.25778915919761,215.52146363111945,0.2021303142690885,0.1372540031310411,0.6606156825998704,1036,3.367760617760618,0.1436232625835416,0.195730000086769,0.0509020618556701,2.4781754303607664,0.0024720677716914,0.0482625482625482,2503,0.0,0.9360767079504596,0.0,0.0,1.0,20242.77321118558,0.0,7.205788107330241e-16,2.6257125179008183e-13,0.0,0.0,0.0,0.0,,,0.0,350.0,57.83649488910165,0.0,0.0
optimal@10s,1,350,2503,2351,0.9392728725529365,0.0607271274470635,0.0007990411506192,0.0599280862964442,0.0,208.2479133571928,185.07621843072863,384.2535708255418,196.10383346395972,940.4,5.10761378136963,203.14029957582315,0.2035101121587078,0.1317744542325096,0.6647154336087826,1031,3.0921435499515035,0.1430319107658469,0.194779999947059,0.049291237113402,2.644680506903146,0.0037871837134021,0.049466537342386,2503,0.0,0.9392728725529365,0.0,0.0,1.0,20347.720519921764,0.0,-7.885841892052527e-15,2.671007703496596e-13,0.0,0.0,0.0,0.0,,,0.0,350.0,58.13634434263361,0.0,0.0
optimal@10s,2,350,2503,2356,0.9412704754294846,0.0587295245705153,0.0015980823012385,0.0571314422692768,0.0,207.68870466335264,181.0290090961189,396.1983134393449,196.3524745622788,942.4,5.238539898132428,202.4501647652202,0.2019825118466369,0.1321068644699815,0.6659106236833816,1035,3.2028985507246377,0.1465176811669829,0.2109699992797685,0.0511583011583011,3.040176929481791,0.003790495000755,0.0579710144927536,2503,0.0,0.9412704754294846,0.0,0.0,1.0,20360.56361976787,0.0,-5.075830342719614e-15,2.692766779221468e-13,0.0,0.0,0.0,0.0,,,0.0,350.0,58.17303891362248,0.0,0.0
optimal@10s,3,350,2503,2315,0.9248901318417898,0.0751098681582101,0.003196164602477,0.0719137035557331,0.0,217.8639140810723,187.48689961041416,420.8964526296124,203.46416968543,926.0,5.5926565874730025,212.27125749359928,0.211590758975335,0.1351215295526611,0.6532877114720038,1040,3.628846153846154,0.14710932691042,0.2033520005898023,0.053088803088803,2.3900205163296264,0.0019234394396795,0.0471153846153846,2503,0.0,0.9248901318417898,0.0,0.0,1.0,20005.004115522934,0.0,4.060970422428035e-15,2.6693646093629997e-13,0.0,0.0,0.0,0.0,,,0.0,350.0,57.15715461577981,0.0,0.0
optimal@10s,4,350,2503,2357,0.9416699960047944,0.0583300039952057,0.0011985617259288,0.0571314422692768,0.0,202.446622169021,179.17431269137705,370.3109487151105,191.44288129433383,942.8,5.098005939753924,197.3486162292671,0.2097497579152031,0.1274939185735907,0.6627563235112062,1037,3.150433944069431,0.1455717454311907,0.1992960001371103,0.0541840333440205,2.7184577952767266,0.0037127544441903,0.0395371263259402,2503,0.0,0.9416699960047944,0.0,0.0,1.0,20306.595989236423,0.0,-9.022999666998124e-15,2.6719069138884045e-13,0.0,0.0,0.0,0.0,,,0.0,350.0,58.01884568353263,0.0,0.0
optimal@10s,5,350,2503,2339,0.9344786256492208,0.065521374350779,0.0,0.065521374350779,0.0,207.20117092038268,184.348027615737,381.6166740073661,194.49082652128453,935.6,4.968790081231296,202.2323808391514,0.2102230470646128,0.1301346860115833,0.6596422669238038,1031,3.1387002909796315,0.1429215325163565,0.1941900000019814,0.049565497264242,2.044978230163867,0.0027214565061531,0.0562560620756547,2503,0.0,0.9344786256492208,0.0,0.0,1.0,20116.510720675426,0.0,7.997687828610138e-15,2.70756482646864e-13,0.0,0.0,0.0,0.0,,,0.0,350.0,57.475744916215504,0.0,0.0
optimal@10s,0,400,2503,2417,0.965641230523372,0.034358769476628,0.0019976028765481,0.0323611666000799,0.0,178.3490887912355,151.37500739321058,350.6222540309187,173.1699719929032,966.8,4.987174182871328,173.36191460836417,0.301487963520999,0.1032756632884083,0.5952363731905926,1028,3.2140077821011674,0.1470977626604331,0.2097140000842046,0.0459546925566343,1.2095792679550437,0.0017162777148095,0.0340466926070038,2503,0.0,0.965641230523372,0.0,0.0,1.0,20814.533449794508,0.0,-8.259195745376537e-15,2.67360169768542e-13,0.0,0.0,0.0,0.0,,,0.0,400.0,52.03633362448628,0.0,0.0
optimal@10s,1,400,2503,2413,0.9640431482221334,0.0359568517778665,0.0003995205753096,0.0355573312025569,0.0,172.09969645096402,147.00627832561895,336.43750056056564,166.26436583548414,965.2,5.045586406962288,167.05411004400173,0.3045334683343092,0.0988834905457547,0.596583041119936,1033,3.063891577928364,0.1435065828036253,0.2075440001499373,0.0559641829229293,1.4783018958743068,0.0027437744080776,0.0425943852855759,2503,0.0,0.9640431482221334,0.0,0.0,1.0,20778.08549816501,0.0,-2.3883828101239903e-15,2.6018594195394613e-13,0.0,0.0,0.0,0.0,,,0.0,400.0,51.94521374541253,0.0,0.0
optimal@10s,2,400,2503,2427,0.9696364362764682,0.0303635637235317,0.0,0.0303635637235317,0.0,174.95443595564365,147.5220117414883,340.2543695471912,169.83116902291135,970.8,4.996291718170581,169.95814423747308,0.2984479289361082,0.1014845053777592,0.6000675656861325,1029,3.0340136054421767,0.1475516035213399,0.2167800002644071,0.0520064205457463,1.3259900033204888,0.0025557052880017,0.032069970845481,2503,0.0,0.9696364362764682,0.0,0.0,1.0,20972.72455130432,0.0,6.862614674671034e-16,2.6178400197482183e-13,0.0,0.0,0.0,0.0,,,0.0,400.0,52.4318113782608,0.0,0.0
optimal@10s,3,400,2503,2388,0.9540551338393928,0.0459448661606072,0.0027966440271673,0.0431482221334398,0.0,180.0839628635966,153.24787663663665,360.7023491433163,173.16693189536755,955.2,5.227386934673367,174.85657592892323,0.3091334464382205,0.1029448731216098,0.5879216804401696,1038,3.4421965317919074,0.1411544315414244,0.1967229996989769,0.0435347628330084,1.0298126079112764,0.0010689968325567,0.02504816955684,2503,0.0,0.9540551338393928,0.0,0.0,1.0,20544.45802879097,0.0,-1.4126518678071768e-14,2.680765529531559e-13,0.0,0.0,0.0,0.0,,,0.0,400.0,51.36114507197743,0.0,0.0
optimal@10s,4,400,2503,2422,0.96763883339992,0.0323611666000799,0.0011985617259288,0.031162604874151,0.0,160.63060553239245,134.68259168280383,316.1363580235128,156.0653794612469,968.8,4.916184971098266,155.71442056129422,0.306512773818973,0.093570470984662,0.5999167551963648,1028,3.1235408560311284,0.1480095330081915,0.2003189996867149,0.0459249676584734,1.1590487442996324,0.0020125187303046,0.0311284046692607,2503,0.0,0.96763883339992,0.0,0.0,1.0,20952.23999650143,0.0,5.449077284446361e-15,2.616218096369724e-13,0.0,0.0,0.0,0.0,,,0.0,400.0,52.380599991253575,0.0,0.0
optimal@10s,5,400,2503,2408,0.9620455453455852,0.0379544546544147,0.0003995205753096,0.037554934079105,0.0,167.2859937343401,143.77949416866943,323.90968219939816,161.59429989254656,963.2,5.180647840531561,162.10534589380853,0.3061539338584547,0.0970816828110115,0.5967643833305337,1036,3.1515444015444016,0.1490083010968371,0.2061500000309025,0.0498873511425812,1.1914893945312943,0.0018897541488886,0.0308880308880308,2503,0.0,0.9620455453455852,0.0,0.0,1.0,20756.22854976785,0.0,-2.298825581719697e-15,2.617234594423323e-13,0.0,0.0,0.0,0.0,,,0.0,400.0,51.890571374419615,0.0,0.0
optimal@10s,0,450,2503,2449,0.97842588893328,0.0215741110667199,0.0011985617259288,0.020375549340791,0.0,155.86608768821955,128.16811903256712,316.99570821043346,153.18058370822118,979.6,4.987341772151899,150.87874591606763,0.3803773745251424,0.0819244823745744,0.5376981431002831,1028,3.1634241245136185,0.1507502918132555,0.1965919990834663,0.0499194847020934,0.8878096462868714,0.0015269974754276,0.0233463035019455,2503,0.0,0.97842588893328,0.0,0.0,1.0,21133.10641550959,0.0,-1.4483491761755523e-14,2.640219153508361e-13,0.0,0.0,0.0,0.0,,,0.0,450.0,46.96245870113242,0.0,0.0
optimal@10s,1,450,2503,2443,0.9760287654814224,0.0239712345185777,0.0,0.0239712345185777,0.0,151.49517965690185,126.30642490831816,298.7171588581441,148.02026524243354,977.2,5.041751944330741,146.45342771257108,0.3827342257354655,0.0796409465781755,0.537624827686359,1034,3.0309477756286265,0.1525194391071224,0.2081669995277479,0.0532221865982686,1.2275745918465877,0.0027317228351779,0.0319148936170212,2503,0.0,0.9760287654814224,0.0,0.0,1.0,21104.309793310083,0.0,-9.438304506438816e-15,2.661111427635977e-13,0.0,0.0,0.0,0.0,,,0.0,450.0,46.89846620735574,0.0,0.0
optimal@10s,2,450,2503,2458,0.9820215741110668,0.0179784258889332,0.0,0.0179784258889332,0.0,149.15098818421646,122.23835484341156,301.36805415805884,146.56617217611029,983.2,5.04759967453214,144.10338850968432,0.37914268944738,0.0796166944815331,0.5412406160710869,1027,3.0428432327166504,0.1513388510302905,0.2129660005084588,0.05504,0.804344980758281,0.0018566352894373,0.0331061343719571,2503,0.0,0.9820215741110668,0.0,0.0,1.0,21265.63251619801,0.0,-7.872465901302564e-15,2.65898595068681e-13,0.0,0.0,0.0,0.0,,,0.0,450.0,47.256961147106686,0.0,0.0
optimal@10s,3,450,2503,2416,0.9652417099480624,0.0347582900519376,0.0019976028765481,0.0327606871753895,0.0,154.2225073464864,122.96124180578543,316.0852189965067,149.8549624852187,966.4,5.376655629139073,148.8458517173473,0.3900339440013659,0.0801391211314306,0.5298269348672033,1048,3.3931297709923665,0.1482577290412788,0.2084650010874611,0.0481266149870801,1.0784489552118797,0.0012647740875367,0.0248091603053435,2503,0.0,0.9652417099480624,0.0,0.0,1.0,20790.78489114027,0.0,-1.2232764470251074e-14,2.641829911564478e-13,0.0,0.0,0.0,0.0,,,0.0,450.0,46.20174420253393,0.0,0.0
optimal@10s,4,450,2503,2455,0.9808230123851378,0.0191769876148621,0.0003995205753096,0.0187774670395525,0.0,141.3333623751452,115.82749891392814,284.79123849746804,138.91055982817204,982.0,4.991853360488799,136.34150901465642,0.3853065555856115,0.0749234487339595,0.5397699956804289,1031,3.064015518913676,0.1482138699964506,0.1962000005732989,0.0517185994217796,0.6748451869696895,0.0015051700220193,0.0271580989330746,2503,0.0,0.9808230123851378,0.0,0.0,1.0,21193.11226502424,0.0,-3.048025737667436e-15,2.636193142033448e-13,0.0,0.0,0.0,0.0,,,0.0,450.0,47.0958050333872,0.0,0.0
optimal@10s,5,450,2503,2441,0.975229724330803,0.0247702756691969,0.0,0.0247702756691969,0.0,146.3909969946034,122.43134234847548,292.67839815168736,142.902286721465,976.4,4.959033183121671,141.43196381148172,0.384420662110172,0.0774709597337176,0.5381083781561103,1028,3.0165369649805447,0.151023443570351,0.2119840003615536,0.0471119716037431,0.3599749633950607,0.0008418881938223,0.0194552529182879,2503,0.0,0.975229724330803,0.0,0.0,1.0,21031.59979682723,0.0,4.898080211713739e-15,2.6355794054995013e-13,0.0,0.0,0.0,0.0,,,0.0,450.0,46.73688843739384,0.0,0.0
optimal@10s,0,500,2503,2463,0.9840191769876148,0.0159808230123851,0.0011985617259288,0.0147822612864562,0.0,135.56544591550488,106.16215065380312,277.64211888462194,134.05299463168856,985.2,5.031262687779131,130.53418322772578,0.4464776568465433,0.0653779053973367,0.4881444377561199,1031,3.170708050436469,0.1531796314330923,0.1987300001928816,0.0550928891736066,0.8767757583564845,0.0016783930647723,0.020368574199806,2503,0.0,0.9840191769876148,0.0,0.0,1.0,21314.20110062445,0.0,-4.555295104448602e-15,2.6370091205612935e-13,0.0,0.0,0.0,0.0,,,0.0,500.0,42.6284022012489,0.0,0.0
optimal@10s,1,500,2503,2458,0.9820215741110668,0.0179784258889332,0.0,0.0179784258889332,0.0,137.5822726648461,111.55595486771996,274.7008589754005,135.22462093894998,983.2,5.01179820992677,132.57047445491935,0.4470772054399977,0.0656846672269747,0.4872381273330276,1034,3.018375241779497,0.1554209864663026,0.2158340009191306,0.049565497264242,0.9381718349424174,0.0023318242351021,0.0241779497098646,2503,0.0,0.9820215741110668,0.0,0.0,1.0,21249.97682414405,0.0,1.8017411087183682e-15,2.62031875268351e-13,0.0,0.0,0.0,0.0,,,0.0,500.0,42.499953648288106,0.0,0.0
optimal@10s,2,500,2503,2475,0.9888134238913304,0.0111865761086695,0.0,0.0111865761086695,0.0,130.77778716376736,103.48236815234397,266.4955885324733,129.38794375961817,990.0,4.883232323232323,125.89455484053504,0.4454006515627913,0.0634518603135223,0.4911474881236862,1025,3.0126829268292683,0.1524102439459345,0.2129480010626138,0.0437176165803108,0.9270393678220156,0.0024947460469942,0.0214634146341463,2503,0.0,0.9888134238913304,0.0,0.0,1.0,21430.07701491244,0.0,-7.835707391576662e-16,2.63324805282904e-13,0.0,0.0,0.0,0.0,,,0.0,500.0,42.86015402982488,0.0,0.0
optimal@10s,3,500,2503,2444,0.976428286056732,0.023571713943268,0.0019976028765481,0.0215741110667199,0.0,138.03450279190042,106.83156730832752,291.41025499788896,135.60915628237947,977.6,5.029459901800327,133.00504289010007,0.4521914852576109,0.0659623199386849,0.4818461948037041,1038,3.184971098265896,0.1527107899501008,0.2162929998303296,0.0502577319587628,0.6388322471779695,0.001099744620243,0.0144508670520231,2503,0.0,0.976428286056732,0.0,0.0,1.0,21038.04257348403,0.0,-9.519980730264707e-15,2.6188821069924365e-13,0.0,0.0,0.0,0.0,,,0.0,500.0,42.076085146968055,0.0,0.0
optimal@10s,4,500,2503,2464,0.9844186975629244,0.0155813024370755,0.0,0.0155813024370755,0.0,127.88504075189064,99.45814311733147,264.84831406776823,125.9911068368592,985.6,4.988636363636363,122.89640438825428,0.447773079275132,0.0618397284977143,0.4903871922271536,1032,3.016472868217054,0.1582107558142313,0.2199520012254651,0.0513973658849983,0.8402978734675145,0.0022743204158419,0.0203488372093023,2503,0.0,0.9844186975629244,0.0,0.0,1.0,21378.85112676718,0.0,-9.652181651345444e-15,2.58646188882079e-13,0.0,0.0,0.0,0.0,,,0.0,500.0,42.757702253534354,0.0,0.0
optimal@10s,5,500,2503,2456,0.9812225329604476,0.0187774670395525,0.0003995205753096,0.0183779464642429,0.0,130.4690430518726,104.34834255545957,261.3561256082867,128.26441448427977,982.4,5.039495114006515,125.42954793786608,0.449083193574474,0.0631938168839321,0.4877229895415938,1031,3.066925315227934,0.1539711930013497,0.214849999974831,0.0520231213872832,0.8366141983379094,0.0019794497244456,0.023278370514064,2503,0.0,0.9812225329604476,0.0,0.0,1.0,21189.90305118925,0.0,2.1291329177461268e-15,2.6219887643618905e-13,0.0,0.0,0.0,0.0,,,0.0,500.0,42.3798061023785,0.0,0.0
batched_greedy@10s+aware,0,300,2503,2255,0.9009188973232122,0.0990811026767878,0.0223731522173391,0.0767079504594486,0.0,275.2012038456376,257.97528108445204,479.7442339528385,255.991842980341,902.0,18.95609756097561,256.2451062846621,0.0927116778495871,0.1713424881586133,0.7359458339917995,1094,7.678244972577697,0.0593692869918012,0.1281700003346486,0.0548840248284874,,,,2503,0.0,0.9009188973232122,0.0,0.0,1.0,19411.85196552347,0.0,-5.14838233636597e-15,2.7273133246746345e-13,0.0,0.0,0.0,0.0,,,0.0,300.0,64.70617321841156,0.0,0.0
batched_greedy@10s+aware,1,300,2503,2249,0.8985217738713543,0.1014782261286456,0.0183779464642429,0.0831002796644027,0.0,281.03806268281755,269.743950012532,485.464865131805,258.6895150140963,899.6,18.81903068030236,262.21903200251523,0.087217245121043,0.1738763182334181,0.7389064366455388,1078,7.1855287569573285,0.0561726345121363,0.1315440012149338,0.0475721784776902,,,,2503,0.0,0.8985217738713543,0.0,0.0,1.0,19532.01640453461,0.0,2.9997248694696426e-15,2.629149306743248e-13,0.0,0.0,0.0,0.0,,,0.0,300.0,65.1067213484487,0.0,0.0
batched_greedy@10s+aware,2,300,2503,2253,0.9001198561725929,0.0998801438274071,0.0231721933679584,0.0767079504594486,0.0,279.4885278051843,264.43214041847386,489.0065504000537,259.24450017230043,901.2,18.523302263648468,260.9652255415358,0.0890945224151212,0.1748543620240326,0.7360511155608462,1091,7.449129239230064,0.0582802933020687,0.1268599999093564,0.0508530183727034,,,,2503,0.0,0.9001198561725929,0.0,0.0,1.0,19457.304065088443,0.0,-1.6383600103651732e-14,2.727068460087918e-13,0.0,0.0,0.0,0.0,,,0.0,300.0,64.85768021696148,0.0,0.0
batched_greedy@10s+aware,3,300,2503,2211,0.8833399920095885,0.1166600079904115,0.0283659608469836,0.0882940471434278,0.0,285.2907612581612,269.6010453704457,492.4362504481587,262.14830446937754,884.4,22.194934418815016,263.0958268393461,0.1075416783370137,0.1716141769541291,0.7208441447088572,1094,9.03747714808044,0.0598043875645049,0.129105000050913,0.0490228552500828,,,,2503,0.0,0.8833399920095885,0.0,0.0,1.0,19130.429273253423,0.0,-1.1991011229330049e-15,2.7352400459169383e-13,0.0,0.0,0.0,0.0,,,0.0,300.0,63.76809757751141,0.0,0.0
batched_greedy@10s+aware,4,300,2503,2240,0.8949260886935677,0.1050739113064322,0.023571713943268,0.0815021973631642,0.0,267.4147711534642,251.40893305131976,467.2769398997688,246.6035632924797,896.0,17.299107142857142,250.11566401060705,0.098022946486688,0.1676099095291591,0.7343671439841528,1080,7.029629629629629,0.0591973148200648,0.1239409998925112,0.0486522024983563,,,,2503,0.0,0.8949260886935677,0.0,0.0,1.0,19356.077148498807,0.0,-1.7361211674631654e-14,2.669312191917937e-13,0.0,0.0,0.0,0.0,,,0.0,300.0,64.52025716166268,0.0,0.0
batched_greedy@10s+aware,5,300,2503,2244,0.8965241709948062,0.1034758290051937,0.023571713943268,0.0799041150619256,0.0,275.3007772474056,262.10102742228446,482.18567133333727,255.5076167350595,897.6,17.521836007130126,257.77894124027546,0.0910266711395697,0.1733069506653569,0.7356663781950733,1108,7.497292418772563,0.0580700361144527,0.1260369997908129,0.0555918901242642,,,,2503,0.0,0.8965241709948062,0.0,0.0,1.0,19303.129583202302,0.0,-1.416464489768864e-14,2.6842412230356785e-13,0.0,0.0,0.0,0.0,,,0.0,300.0,64.34376527734102,0.0,0.0
batched_greedy@10s+aware,0,350,2503,2354,0.9404714342788654,0.0595285657211346,0.0127846584099081,0.0467439073112265,0.0,222.32489343886527,195.93419166999135,426.8554616144267,213.3942893426488,941.6,10.367884451996602,211.95700898686863,0.2049534342683411,0.1332213892159789,0.6618251765156798,1083,5.03601108033241,0.0694914127649562,0.1381720000790665,0.0485500162919517,,,,2503,0.0,0.9404714342788654,0.0,0.0,1.0,20346.111313713704,0.0,-8.283801285819335e-15,2.6679861944747097e-13,0.0,0.0,0.0,0.0,,,0.0,350.0,58.13174661061058,0.0,0.0
batched_greedy@10s+aware,1,350,2503,2369,0.9464642429085098,0.0535357570914902,0.0043947263284059,0.0491410307630843,0.0,211.3975749527973,189.08955018301413,388.57087159289387,201.9601449401055,947.6,7.694807935837907,203.70276701695937,0.2036289679638721,0.1306650570543142,0.6657059749818136,1066,3.928705440900563,0.0683542214132168,0.1352749998659418,0.0546272493573264,,,,2503,0.0,0.9464642429085098,0.0,0.0,1.0,20456.760746042648,0.0,-3.804001811263147e-15,2.624740629335488e-13,0.0,0.0,0.0,0.0,,,0.0,350.0,58.44788784583614,0.0,0.0
batched_greedy@10s+aware,2,350,2503,2369,0.9464642429085098,0.0535357570914902,0.0075908909308829,0.0459448661606072,0.0,217.09828604274372,193.85147723527552,411.2705158009999,208.6756260318996,947.6,8.45631067961165,208.6419753631321,0.2010334685492914,0.1329423330242124,0.6660241984264961,1063,4.416745061147696,0.0666602069683757,0.1420660003350348,0.0547856912665162,,,,2503,0.0,0.9464642429085098,0.0,0.0,1.0,20483.103565146943,0.0,-3.3887812119309863e-15,2.6585900124602765e-13,0.0,0.0,0.0,0.0,,,0.0,350.0,58.52315304327698,0.0,0.0
batched_greedy@10s+aware,3,350,2503,2339,0.9344786256492208,0.065521374350779,0.0119856172592888,0.0535357570914902,0.0,220.49730742436543,194.53034485104763,426.7498662856872,210.35683794349023,935.6,10.481402308678923,210.0159051156865,0.2162928178413516,0.1315627917362135,0.6521443904224349,1069,5.431244153414406,0.068361927059217,0.1427279997005825,0.0477124183006535,,,,2503,0.0,0.9344786256492208,0.0,0.0,1.0,20035.963936411485,0.0,1.818791186728805e-15,2.6685214296693375e-13,0.0,0.0,0.0,0.0,,,0.0,350.0,57.24561124688996,0.0,0.0
batched_greedy@10s+aware,4,350,2503,2374,0.948461845785058,0.051538154214942,0.0047942469037155,0.0467439073112265,0.0,205.08765396994164,182.47015385189388,388.0450182485888,196.6447632963192,949.6,7.676916596461668,197.41073737348,0.2021174297458107,0.1276881532000812,0.6701944170541081,1061,3.989632422243167,0.0701393967863282,0.1415199989423856,0.0509841884478864,,,,2503,0.0,0.948461845785058,0.0,0.0,1.0,20490.398288600416,0.0,3.741367414324422e-15,2.6737958472779776e-13,0.0,0.0,0.0,0.0,,,0.0,350.0,58.5439951102869,0.0,0.0
batched_greedy@10s+aware,5,350,2503,2356,0.9412704754294846,0.0587295245705153,0.006392329204954,0.0523371953655613,0.0,210.81801312821804,186.70053448051272,396.3456096472687,201.7247027212676,942.4,8.744482173174873,202.0735309550432,0.2083014238261687,0.1295114079696885,0.6621871682041427,1068,4.487827715355805,0.0671800561838963,0.1338890003353296,0.0495145631067961,,,,2503,0.0,0.9412704754294846,0.0,0.0,1.0,20140.770208679554,0.0,6.4782173211934955e-15,2.639598594407204e-13,0.0,0.0,0.0,0.0,,,0.0,350.0,57.54505773908445,0.0,0.0
batched_greedy@10s+aware,0,400,2503,2427,0.9696364362764682,0.0303635637235317,0.0071913703555733,0.0231721933679584,0.0,179.99792924331362,152.50564662704437,355.44697106369534,177.046278798413,970.8,6.481252575195715,173.5166766681179,0.3009079915745229,0.102248675239763,0.5968433331857139,1053,3.891737891737892,0.0771340930781815,0.1571840008546133,0.0510996119016817,,,,2503,0.0,0.9696364362764682,0.0,0.0,1.0,20923.274875036957,0.0,2.245605615115325e-15,2.642267670969884e-13,0.0,0.0,0.0,0.0,,,0.0,400.0,52.30818718759238,0.0,0.0
batched_greedy@10s+aware,1,400,2503,2417,0.965641230523372,0.034358769476628,0.0023971234518577,0.0319616460247702,0.0,170.9279686195142,146.98551739760296,333.8596254228809,166.17337431345277,966.8,5.886222589987588,165.0417460295266,0.3049690992267801,0.0976041373575065,0.5974267634157133,1046,3.4034416826003824,0.0778327915823982,0.163904999863007,0.0566581306017925,,,,2503,0.0,0.965641230523372,0.0,0.0,1.0,20859.23429621326,0.0,-2.216771335060408e-15,2.5975727797748255e-13,0.0,0.0,0.0,0.0,,,0.0,400.0,52.14808574053315,0.0,0.0
batched_greedy@10s+aware,2,400,2503,2428,0.970035956851778,0.0299640431482221,0.003196164602477,0.0267678785457451,0.0,172.68823402496383,146.19294983982036,343.35617811568324,168.87737271387513,971.2,5.674217462932455,167.01401656203137,0.3017261125098926,0.0994220870538658,0.5988518004362414,1043,3.430488974113135,0.0767697986450834,0.1534760004506095,0.05,,,,2503,0.0,0.970035956851778,0.0,0.0,1.0,20959.17022712718,0.0,-1.303277456666648e-15,2.631240457076053e-13,0.0,0.0,0.0,0.0,,,0.0,400.0,52.39792556781795,0.0,0.0
batched_greedy@10s+aware,3,400,2503,2391,0.9552536955653216,0.0447463044346783,0.0087894526568118,0.0359568517778665,0.0,182.58910958876865,152.29541140675883,368.9081946347751,177.54367836131772,956.4,6.866583019657047,175.7225265691116,0.3105408796367115,0.1021982465481204,0.587260873815168,1061,4.394910461828464,0.0758350612968321,0.1470999999583001,0.0481927710843373,,,,2503,0.0,0.9552536955653216,0.0,0.0,1.0,20551.347196777893,0.0,-1.2710962446634802e-14,2.704537648716209e-13,0.0,0.0,0.0,0.0,,,0.0,400.0,51.37836799194473,0.0,0.0
batched_greedy@10s+aware,4,400,2503,2424,0.9684378745505392,0.0315621254494606,0.0055932880543347,0.0259688373951258,0.0,158.75103807985,131.9983371382841,313.0888815131517,155.4272517472413,969.6,5.550742574257426,153.20029550559258,0.3079070766937074,0.0922722133167706,0.599820709989522,1052,3.444866920152091,0.0799016159677201,0.1580090002062207,0.0504038772213247,,,,2503,0.0,0.9684378745505392,0.0,0.0,1.0,20953.734154957383,0.0,9.216408347905188e-15,2.6108717315000333e-13,0.0,0.0,0.0,0.0,,,0.0,400.0,52.38433538739346,0.0,0.0
batched_greedy@10s+aware,5,400,2503,2423,0.9680383539752296,0.0319616460247702,0.0023971234518577,0.0295645225729125,0.0,172.35979151505694,149.20748578476196,340.7754188344943,168.25509952747234,969.2,5.936855138258357,166.4229363767986,0.300660122914631,0.0989226816868655,0.6004171953985035,1048,3.476145038167939,0.0761371183796113,0.1615189997028209,0.0496613995485327,,,,2503,0.0,0.9680383539752296,0.0,0.0,1.0,20933.927024604254,0.0,6.914815397946002e-15,2.6690677915640954e-13,0.0,0.0,0.0,0.0,,,0.0,400.0,52.33481756151065,0.0,0.0
batched_greedy@10s+aware,0,450,2503,2448,0.9780263683579704,0.0219736316420295,0.0043947263284059,0.0175789053136236,0.0,157.53027082254505,127.20503641251162,325.08651103940866,155.83957792919634,979.2,6.033088235294118,151.49718258725093,0.380721262356186,0.0819560331479762,0.5373227044958377,1050,3.5961904761904764,0.0823033333169102,0.1653040008568496,0.0564464400256574,,,,2503,0.0,0.9780263683579704,0.0,0.0,1.0,21157.872387080468,0.0,4.373498658362024e-15,2.6816793157902777e-13,0.0,0.0,0.0,0.0,,,0.0,450.0,47.01749419351215,0.0,0.0
batched_greedy@10s+aware,1,450,2503,2445,0.9768278066320416,0.0231721933679584,0.0011985617259288,0.0219736316420295,0.0,153.0118273376555,125.17887258171868,308.8988895965087,150.09274665034476,978.0,5.700204498977505,147.31162283867798,0.3844851732129026,0.0794356206085359,0.5360792061785614,1043,3.2722914669223395,0.0858446787949444,0.1673799998752655,0.0511418462528144,,,,2503,0.0,0.9768278066320416,0.0,0.0,1.0,21087.441580798,0.0,2.5946071013121247e-16,2.626273658895482e-13,0.0,0.0,0.0,0.0,,,0.0,450.0,46.860981290662224,0.0,0.0
batched_greedy@10s+aware,2,450,2503,2451,0.9792249300838992,0.0207750699161006,0.0015980823012385,0.0191769876148621,0.0,148.87498310724922,121.22714073654332,304.49675705889604,146.61015698816374,980.4,5.5140758873929006,143.36090721985633,0.3827133506503511,0.0785149404551733,0.5387717088944756,1038,3.2928709055876686,0.0849941232880011,0.1611259997480374,0.0551105414931111,,,,2503,0.0,0.9792249300838992,0.0,0.0,1.0,21195.96908435695,0.0,-7.689845858772514e-15,2.611303439676508e-13,0.0,0.0,0.0,0.0,,,0.0,450.00000000000006,47.102153520793216,0.0,0.0
batched_greedy@10s+aware,3,450,2503,2416,0.9652417099480624,0.0347582900519376,0.006392329204954,0.0283659608469836,0.0,154.6414692043164,123.11740376109763,321.1462268645382,151.6503637548368,966.4,6.140314569536423,148.50115463477997,0.3935073514035682,0.079231756449101,0.5272608921473307,1072,3.97294776119403,0.0813258395517061,0.1592480003273521,0.0480675544007794,,,,2503,0.0,0.9652417099480624,0.0,0.0,1.0,20749.824513216143,0.0,2.0158635614344518e-15,2.619517921192935e-13,0.0,0.0,0.0,0.0,,,0.0,450.0,46.11072114048032,0.0,0.0
batched_greedy@10s+aware,4,450,2503,2447,0.9776268477826608,0.0223731522173391,0.0035956851777866,0.0187774670395525,0.0,140.04027318093074,115.19263208516897,283.90393579053693,138.03252638819546,978.8,5.229260318757662,134.8110128621731,0.3866625241343922,0.0740212739080031,0.5393162019576047,1039,3.2906641000962464,0.0842068335124877,0.1779639995947943,0.0515463917525773,,,,2503,0.0,0.9776268477826608,0.0,0.0,1.0,21133.08346726197,0.0,3.0249607477649543e-15,2.664851039739992e-13,0.0,0.0,0.0,0.0,,,0.0,450.0,46.96240770502661,0.0,0.0
batched_greedy@10s+aware,5,450,2503,2443,0.9760287654814224,0.0239712345185777,0.0015980823012385,0.0223731522173391,0.0,147.1315961229486,122.8007073812132,299.9923552255834,144.74269748432707,977.2,5.5632419156774455,141.56835420727117,0.3836812286738622,0.0774772730257628,0.538841498300375,1042,3.356046065259117,0.0856643953934482,0.1668900004733585,0.0496293909120206,,,,2503,0.0,0.9760287654814224,0.0,0.0,1.0,21106.982668028173,0.0,-2.464940518038006e-15,2.674756763918169e-13,0.0,0.0,0.0,0.0,,,0.0,450.0,46.9044059289515,0.0,0.0
batched_greedy@10s+aware,0,500,2503,2464,0.9844186975629244,0.0155813024370755,0.0035956851777866,0.0119856172592888,0.0,135.6461387220813,107.07413745458734,278.0684886248236,135.09172121565564,985.6,5.594561688311688,130.05157703376963,0.4475598635228242,0.0649123589415321,0.4875277775356437,1044,3.477969348659004,0.0901189655207236,0.1828710006884648,0.0536804885888781,,,,2503,0.0,0.9844186975629244,0.0,0.0,1.0,21319.34205802188,0.0,-2.0987901171688227e-16,2.6261415480905097e-13,0.0,0.0,0.0,0.0,,,0.0,500.0,42.63868411604376,0.0,0.0
batched_greedy@10s+aware,1,500,2503,2460,0.982820615261686,0.017179384738314,0.0003995205753096,0.0167798641630043,0.0,136.9846618724703,110.78052165902682,272.37999996495904,134.87418061309762,984.0,5.538211382113821,131.44645049035648,0.4478288546648723,0.0651372849657903,0.4870338603693372,1036,3.168918918918919,0.0897591698800401,0.175104999652831,0.0495814552479072,,,,2503,0.0,0.982820615261686,0.0,0.0,1.0,21243.006629090894,0.0,3.502076677433451e-15,2.605611300343827e-13,0.0,0.0,0.0,0.0,,,0.0,500.0,42.4860132581818,0.0,0.0
batched_greedy@10s+aware,2,500,2503,2470,0.9868158210147824,0.0131841789852177,0.0011985617259288,0.0119856172592888,0.0,132.1701389299011,104.61482591359936,272.45357305081075,131.0092058671304,988.0,5.287449392712551,126.88268953718854,0.4468875606754294,0.063678313538365,0.4894341257862055,1032,3.2093023255813957,0.0895209302756865,0.1732040004026202,0.0456163054027822,,,,2503,0.0,0.9868158210147824,0.0,0.0,1.0,21380.15855397553,0.0,3.737001711228159e-15,2.632652530524379e-13,0.0,0.0,0.0,0.0,,,0.0,500.0,42.76031710795106,0.0,0.0
batched_greedy@10s+aware,3,500,2503,2443,0.9760287654814224,0.0239712345185777,0.0047942469037155,0.0191769876148621,0.0,139.4162370679714,106.53084342810962,299.1486668518993,137.54285660877997,977.2,6.191977077363897,133.2242599906075,0.4537658215016869,0.0654617384322046,0.4807724400661085,1059,3.7318224740321058,0.0848277620281945,0.181450000673067,0.0464285714285714,,,,2503,0.0,0.9760287654814224,0.0,0.0,1.0,21036.483833347746,0.0,1.344719578332312e-16,2.622680805418447e-13,0.0,0.0,0.0,0.0,,,0.0,500.0,42.07296766669549,0.0,0.0
batched_greedy@10s+aware,4,500,2503,2467,0.9856172592888534,0.0143827407111466,0.0007990411506192,0.0135836995605273,0.0,128.22698798329586,98.89662193125514,267.7625446606373,126.73384270061364,986.8,5.329144710174301,122.89784327312157,0.449132987220918,0.0619593455378403,0.4889076672412417,1037,3.1446480231436835,0.0896185149536403,0.1886240002204433,0.047757341077767,,,,2503,0.0,0.9856172592888534,0.0,0.0,1.0,21313.3232833326,0.0,-1.1986898435067184e-14,2.576078340870027e-13,0.0,0.0,0.0,0.0,,,0.0,500.0,42.6266465666652,0.0,0.0
batched_greedy@10s+aware,5,500,2503,2460,0.982820615261686,0.017179384738314,0.0015980823012385,0.0155813024370755,0.0,130.4352383919309,104.27576147937702,262.4391879482113,129.03749520427354,984.0,5.322357723577236,125.11288066835368,0.4474659573990883,0.0630036025374234,0.4895304400634883,1036,3.2635135135135136,0.0870815637001959,0.1739200001793507,0.0487096774193548,,,,2503,0.0,0.982820615261686,0.0,0.0,1.0,21289.28631047889,0.0,4.045724911361688e-15,2.6246502712856306e-13,0.0,0.0,0.0,0.0,,,0.0,500.0,42.57857262095778,0.0,0.0
optimal@10s+aware,0,300,2503,2254,0.9005193767479025,0.0994806232520974,0.0251697962445065,0.0743108270075909,0.0,288.7375567130849,275.7321788613965,496.823934960029,268.6519515339894,901.6,21.505767524401065,267.2317891886839,0.0895682627721072,0.1763772247080992,0.7340545125197935,1097,8.307201458523245,0.1398068368095449,0.1984359991911332,0.0475247524752475,6.51086562680995,0.0011024954246328,0.0492251595259799,2503,0.0,0.9005193767479025,0.0,0.0,1.0,19459.44298515571,0.0,-7.759739809203512e-16,2.7451126258255e-13,0.0,0.0,0.0,0.0,,,0.0,300.0,64.86480995051903,0.0,0.0
optimal@10s+aware,1,300,2503,2262,0.9037155413503796,0.0962844586496204,0.0227726727926488,0.0735117858569716,0.0,281.37976315206373,265.9962408720512,485.0552535664676,260.844550739746,904.8,18.698054818744478,262.68170833331925,0.0828684395911429,0.1756640287162245,0.7414675316926326,1080,7.252777777777778,0.1303793518824628,0.2016419997926277,0.043017868960953,6.644247958414563,0.0013529339915976,0.0462962962962962,2503,0.0,0.9037155413503796,0.0,0.0,1.0,19622.19889929922,0.0,-2.800490952213182e-15,2.7433944692535695e-13,0.0,0.0,0.0,0.0,,,0.0,300.0,65.40732966433073,0.0,0.0
optimal@10s+aware,2,300,2503,2268,0.9061126648022372,0.0938873351977626,0.0247702756691969,0.0691170595285657,0.0,281.6576840237862,270.9262702442948,484.497405681833,263.5804468245859,907.2,17.905643738977073,263.75204028480914,0.0853842125907072,0.1782219592690047,0.736393828140288,1099,7.450409463148317,0.1366761601335769,0.1921000002766959,0.0414731254147312,6.101751398988456,0.0011915643356448,0.0591446769790718,2503,0.0,0.9061126648022372,0.0,0.0,1.0,19378.517954853723,0.0,-5.808013290375907e-15,2.679882574915212e-13,0.0,0.0,0.0,0.0,,,0.0,300.0,64.59505984951241,0.0,0.0
optimal@10s+aware,3,300,2503,2200,0.8789452656811826,0.1210547343188174,0.0291650019976028,0.0918897323212145,0.0,279.824950752164,267.809749649528,489.56840280627097,256.28944793633303,880.0,19.87181818181818,259.9531325703458,0.1083745255762868,0.1691070940303279,0.7225183803933852,1094,8.589579524680072,0.1366683729688877,0.1927889986654916,0.0474452554744525,6.769518814823663,0.0010984671337333,0.053016453382084,2503,0.0,0.8789452656811826,0.0,0.0,1.0,19041.00322320127,0.0,3.458546580439113e-15,2.708188219134978e-13,0.0,0.0,0.0,0.0,,,0.0,300.0,63.47001074400424,0.0,0.0
optimal@10s+aware,4,300,2503,2245,0.8969236915701159,0.1030763084298841,0.0207750699161006,0.0823012385137834,0.0,273.870545832361,262.20152945176915,468.8616852579913,252.2581643404584,898.0,18.51314031180401,255.35740552055705,0.0961284198559666,0.1688339073401216,0.7350376728039116,1086,7.096685082872928,0.1364193370389407,0.1908849990286404,0.0510304219823356,6.563194758309154,0.0013854939374614,0.0616942909760589,2503,0.0,0.8969236915701159,0.0,0.0,1.0,19433.246739999544,0.0,1.6642960209681522e-15,2.716080268390657e-13,0.0,0.0,0.0,0.0,,,0.0,300.0,64.77748913333181,0.0,0.0
optimal@10s+aware,5,300,2503,2244,0.8965241709948062,0.1034758290051937,0.0239712345185777,0.079504594486616,0.0,275.1044994020748,263.93781237550934,479.830331352094,255.32817349910144,897.6,18.03342245989305,257.0710769421817,0.0920370395256754,0.1720535629276693,0.7359093975466553,1104,7.642210144927536,0.131862228277382,0.1940400009334553,0.0519053876478318,7.402091511929983,0.0014032423833748,0.0661231884057971,2503,0.0,0.8965241709948062,0.0,0.0,1.0,19353.05694586689,0.0,-3.990964817487205e-15,2.669612402005324e-13,0.0,0.0,0.0,0.0,,,0.0,300.0,64.5101898195563,0.0,0.0
optimal@10s+aware,0,350,2503,2362,0.9436675988813424,0.0563324011186576,0.0091889732321214,0.0471434278865361,0.0,219.61763052585647,198.55053287522853,413.6355277612994,210.73351487938783,944.8,9.037256562235394,210.58037396362107,0.2000695851847455,0.1336465363522005,0.6662838784630539,1081,4.57631822386679,0.1380547641151052,0.1985999999305932,0.0496430889033095,5.659869457160276,0.0024974594403822,0.0518038852913968,2503,0.0,0.9436675988813424,0.0,0.0,1.0,20446.64683808156,0.0,2.51219686694076e-15,2.695740422682865e-13,0.0,0.0,0.0,0.0,,,0.0,350.0,58.41899096594731,0.0,0.0
optimal@10s+aware,1,350,2503,2364,0.9444666400319616,0.0555333599680383,0.0035956851777866,0.0519376747902517,0.0,210.97600007572663,191.38799198721608,394.5716095169794,201.0310137596412,945.6,7.276649746192893,203.69935032953373,0.2012130964960636,0.1310303175106714,0.667756585993265,1061,3.816211121583412,0.14129217720202,0.1990599997952813,0.055198973042362,5.766052347929669,0.0038734218305169,0.0518378887841658,2503,0.0,0.9444666400319616,0.0,0.0,1.0,20404.727402861467,0.0,1.920723403600662e-15,2.6744662134483974e-13,0.0,0.0,0.0,0.0,,,0.0,350.0,58.29922115103276,0.0,0.0
optimal@10s+aware,2,350,2503,2382,0.951658010387535,0.048341989612465,0.0091889732321214,0.0391530163803435,0.0,216.9774493133141,194.07142961528643,405.254605232025,209.70167538146308,952.8,8.361041141897566,208.6164081714165,0.197606237999368,0.1338046212977682,0.6685891407028638,1067,4.408622305529522,0.1415948453981887,0.2002339997488889,0.0533290239172592,4.958994627658926,0.0024118738204033,0.0571696344892221,2503,0.0,0.951658010387535,0.0,0.0,1.0,20523.494927840024,0.0,1.6284203205018353e-15,2.705059797764968e-13,0.0,0.0,0.0,0.0,,,0.0,350.0,58.63855693668579,0.0,0.0
optimal@10s+aware,3,350,2503,2342,0.9356771873751498,0.0643228126248501,0.0143827407111466,0.0499400719137035,0.0,226.6892644496673,203.71526188783105,432.2193099709023,216.84876209045413,936.8,11.951750640478224,214.73751380918904,0.2107028109059198,0.1344475658152612,0.6548496232788189,1068,5.861423220973783,0.1449715355874162,0.2071989994510658,0.0484293193717277,6.666970013578248,0.0019404550909875,0.0524344569288389,2503,0.0,0.9356771873751498,0.0,0.0,1.0,20127.88248839559,0.0,3.567788440620774e-15,2.713623044839033e-13,0.0,0.0,0.0,0.0,,,0.0,350.0,57.50823568113026,0.0,0.0
optimal@10s+aware,4,350,2503,2379,0.950459448661606,0.0495405513383939,0.0047942469037155,0.0447463044346783,0.0,204.72553437910207,184.10814969614512,378.65318096077215,196.6946591041096,951.6,7.272383354350567,197.4531510247515,0.1989285670655521,0.1279458992038663,0.6731255337305815,1065,3.884507042253521,0.1449065727986938,0.1945720002549933,0.0567671584348941,3.763430817405228,0.0024608962807321,0.0413145539906103,2503,0.0,0.950459448661606,0.0,0.0,1.0,20583.8736089765,0.0,-5.946389987294554e-16,2.6795594373495493e-13,0.0,0.0,0.0,0.0,,,0.0,350.0,58.81106745421857,0.0,0.0
optimal@10s+aware,5,350,2503,2361,0.9432680783060328,0.0567319216939672,0.006392329204954,0.0503395924890131,0.0,216.85338043951575,193.48871777017484,408.3556488527129,207.6348419363784,944.4,9.310038119440916,207.54334232007488,0.2032856426765064,0.1321343079926746,0.6645800493308189,1067,4.572633552014995,0.1438626991897074,0.1972620005471977,0.0541062801932367,4.165592810896444,0.0018782019683742,0.049671977507029,2503,0.0,0.9432680783060328,0.0,0.0,1.0,20310.96047125961,0.0,4.706386346574901e-15,2.6853186717400973e-13,0.0,0.0,0.0,0.0,,,0.0,350.0,58.03131563217032,0.0,0.0
optimal@10s+aware,0,400,2503,2426,0.9692369157011588,0.0307630842988413,0.006392329204954,0.0243707550938873,0.0,176.56675880734622,151.29986621136504,350.7221882606691,173.58016299409465,970.4,6.1945589447650455,170.37219986258117,0.3016274787857216,0.1008435033308636,0.5975290178834147,1055,3.802843601895735,0.1466371564269595,0.2104299999336945,0.0424005218525766,2.0103403953899552,0.0014811902056974,0.0350710900473933,2503,0.0,0.9692369157011588,0.0,0.0,1.0,20946.91359358336,0.0,-5.6123467145086544e-15,2.650393415775163e-13,0.0,0.0,0.0,0.0,,,0.0,400.0,52.3672839839584,0.0,0.0
optimal@10s+aware,1,400,2503,2428,0.970035956851778,0.0299640431482221,0.0023971234518577,0.0275669196963643,0.0,174.54095568823996,150.47408800036237,338.20007540159554,170.22872567517442,971.2,6.282125205930807,168.25883048230915,0.3016132766522482,0.0998075039649883,0.5985792193827635,1046,3.454110898661568,0.1436797323145952,0.2000250000492087,0.0530205655526992,3.072240820123039,0.0031271897714664,0.0449330783938814,2503,0.0,0.970035956851778,0.0,0.0,1.0,20916.996991834265,0.0,-9.053713298014045e-18,2.647913921808315e-13,0.0,0.0,0.0,0.0,,,0.0,400.0,52.29249247958566,0.0,0.0
optimal@10s+aware,2,400,2503,2433,0.972033559728326,0.0279664402716739,0.0039952057530962,0.0239712345185777,0.0,176.1755313933881,148.84605157649548,346.6979946809941,172.72100279863744,973.2,6.034114262227702,170.1414171311604,0.2976379209080472,0.1014916689975212,0.6008704100944317,1051,3.514747859181732,0.1423124643170064,0.20204999964335,0.0478809446780977,4.132273221929591,0.0038693852613154,0.033301617507136,2503,0.0,0.972033559728326,0.0,0.0,1.0,20971.61116398185,0.0,-5.8688953591919394e-15,2.652562373066625e-13,0.0,0.0,0.0,0.0,,,0.0,400.0,52.42902790995464,0.0,0.0
optimal@10s+aware,3,400,2503,2390,0.954854174990012,0.045145825009988,0.0087894526568118,0.0363563723531761,0.0,184.80761625026403,157.09212630890852,372.58019625033,179.60226478216674,956.0,6.7510460251046025,178.05657022515945,0.3099065800417132,0.1034446199641484,0.5866487999941383,1060,4.375471698113207,0.1442948113281262,0.2024300001176018,0.0447712418300653,3.796383352287693,0.001959017279007,0.0367924528301886,2503,0.0,0.954854174990012,0.0,0.0,1.0,20562.16860710833,0.0,-9.690899872437275e-15,2.642088314750612e-13,0.0,0.0,0.0,0.0,,,0.0,400.0,51.405421517770826,0.0,0.0
optimal@10s+aware,4,400,2503,2425,0.968837395125849,0.031162604874151,0.0051937674790251,0.0259688373951258,0.0,161.85512004627026,135.99446312035298,323.72290348311753,158.3213596546741,970.0,5.749690721649484,156.10542932462076,0.3066402143741073,0.0936852253267867,0.5996745602991059,1037,3.4995178399228544,0.1468289295872824,0.2061639999737965,0.0470016207455429,1.6132070020267808,0.0016337938689439,0.0279652844744455,2503,0.0,0.968837395125849,0.0,0.0,1.0,20939.177506971704,0.0,2.6272683913871848e-15,2.654229642488289e-13,0.0,0.0,0.0,0.0,,,0.0,400.0,52.34794376742926,0.0,0.0
optimal@10s+aware,5,400,2503,2420,0.9668397922493008,0.0331602077506991,0.0019976028765481,0.031162604874151,0.0,172.77172701078533,147.84032599790862,338.49562399622243,168.4116344333589,968.0,6.12892561983471,166.6428013909506,0.3027793048807971,0.0988656401219576,0.5983550549972453,1049,3.526215443279314,0.1487299332794326,0.2073120004934026,0.0496453900709219,3.2251378227447067,0.0030305955739519,0.0305052430886558,2503,0.0,0.9668397922493008,0.0,0.0,1.0,20851.303886298985,0.0,-8.254370557134573e-15,2.646999240549437e-13,0.0,0.0,0.0,0.0,,,0.0,400.0,52.12825971574747,0.0,0.0
optimal@10s+aware,0,450,2503,2446,0.9772273272073512,0.0227726727926488,0.0039952057530962,0.0187774670395525,0.0,155.6869180280376,127.47680820659798,316.8875625920164,153.8007649495059,978.4,5.919460343417825,149.7674576846198,0.3807123992530408,0.0807779465115097,0.5385096542354495,1046,3.556405353728489,0.1495342256066317,0.2007300003242562,0.054305912596401,1.782814053828779,0.001754716996605,0.025812619502868,2503,0.0,0.9772273272073512,0.0,0.0,1.0,21172.88734135821,0.0,-1.4843218868066994e-15,2.6832837759667564e-13,0.0,0.0,0.0,0.0,,,0.0,450.0,47.0508607585738,0.0,0.0
optimal@10s+aware,1,450,2503,2445,0.9768278066320416,0.0231721933679584,0.0019976028765481,0.0211745904914103,0.0,153.60478198931938,128.99673796499883,308.37570849259566,150.73427816944135,978.0,5.7607361963190185,147.84404579300036,0.3832201036193288,0.0797532096809342,0.537026686699737,1045,3.29377990430622,0.1472500478720006,0.1985519994195782,0.0530035335689045,2.540479696395368,0.0033499628559041,0.0382775119617224,2503,0.0,0.9768278066320416,0.0,0.0,1.0,21114.917463239417,0.0,-7.285515067853083e-15,2.650517842016458e-13,0.0,0.0,0.0,0.0,,,0.0,450.0,46.9220388071987,0.0,0.0
optimal@10s+aware,2,450,2503,2455,0.9808230123851378,0.0191769876148621,0.0019976028765481,0.017179384738314,0.0,151.15168379096784,122.51069308398564,305.7994763022176,149.23170714362175,982.0,5.693279022403258,145.45840476856458,0.3804394266223957,0.0794195056377909,0.5401410677398133,1040,3.3663461538461537,0.1507910576859873,0.2091270003802491,0.056338028169014,2.157942703141806,0.002695215712332,0.035576923076923,2503,0.0,0.9808230123851378,0.0,0.0,1.0,21213.923455821125,0.0,-1.0495609812348435e-14,2.647213970998872e-13,0.0,0.0,0.0,0.0,,,0.0,450.0,47.14205212404694,0.0,0.0
optimal@10s+aware,3,450,2503,2421,0.9672393128246104,0.0327606871753895,0.0067918497802636,0.0259688373951258,0.0,155.23857176233383,124.12111727083266,317.9603332079114,152.54223547334934,968.4,6.2577447335811645,148.98082702875269,0.3916849146591314,0.079390251758123,0.5289248335827454,1073,3.999068033550792,0.1485884436388158,0.2078640006948261,0.0480831708901884,1.9189361687331,0.0012791498856784,0.0205032618825722,2503,0.0,0.9672393128246104,0.0,0.0,1.0,20832.470843457577,0.0,2.803760253018673e-15,2.668906446985847e-13,0.0,0.0,0.0,0.0,,,0.0,450.0,46.29437965212794,0.0,0.0
optimal@10s+aware,4,450,2503,2457,0.981622053535757,0.0183779464642429,0.0023971234518577,0.0159808230123851,0.0,141.08913523541412,114.406253560579,285.88150671770853,139.33050159189665,982.8,5.336182336182336,135.7529528992318,0.3853662528621273,0.0744873769487476,0.5401463701891251,1038,3.2552986512524087,0.1535505779725668,0.2081889997680263,0.0514966205342774,1.9189651247045891,0.0028470270671433,0.0260115606936416,2503,0.0,0.981622053535757,0.0,0.0,1.0,21225.95475221203,0.0,3.2374952897168584e-15,2.649356336901268e-13,0.0,0.0,0.0,0.0,,,0.0,450.0,47.16878833824895,0.0,0.0
optimal@10s+aware,5,450,2503,2450,0.9788254095085897,0.0211745904914103,0.0019976028765481,0.0191769876148621,0.0,148.8884486890529,124.40816031794976,302.40885623054584,146.88836444388508,980.0,5.518775510204081,143.3696731788488,0.3824205905037847,0.0783768621076767,0.5392025473885385,1044,3.348659003831417,0.1494648467630851,0.2118109991533855,0.0471881060116354,1.6113599650789732,0.0019950305252819,0.0229885057471264,2503,0.0,0.9788254095085897,0.0,0.0,1.0,21117.08312800324,0.0,6.764656861879321e-15,2.629180320169252e-13,0.0,0.0,0.0,0.0,,,0.0,450.0,46.92685139556276,0.0,0.0
optimal@10s+aware,0,500,2503,2466,0.9852177387135438,0.0147822612864562,0.0027966440271673,0.0119856172592888,0.0,136.84608925863367,107.22126067228078,284.3806141451905,136.1092842316143,986.4,5.603406326034063,131.2426829325996,0.4465130250703782,0.0652590300897877,0.4882279448398341,1045,3.413397129186603,0.1536089951901738,0.2061120001599191,0.0509020618556701,1.910606532094479,0.0023351139741419,0.0258373205741626,2503,0.0,0.9852177387135438,0.0,0.0,1.0,21342.362188129635,0.0,-1.4278026359676485e-15,2.651276512922269e-13,0.0,0.0,0.0,0.0,,,0.0,500.0,42.68472437625928,0.0,0.0
optimal@10s+aware,1,500,2503,2460,0.982820615261686,0.017179384738314,0.0003995205753096,0.0167798641630043,0.0,137.9557954882784,112.52654168016738,272.21362418335644,135.830628353764,984.0,5.503658536585366,132.45213695169303,0.4475573206382752,0.0654418586123944,0.4870008207493303,1035,3.1642512077294684,0.1533640580080845,0.2104900003178044,0.0492753623188405,1.3443360202030663,0.0023716682003002,0.0251207729468599,2503,0.0,0.982820615261686,0.0,0.0,1.0,21227.831302988187,0.0,1.4258693593498859e-15,2.616170153142254e-13,0.0,0.0,0.0,0.0,,,0.0,500.0,42.45566260597637,0.0,0.0
optimal@10s+aware,2,500,2503,2471,0.987215341590092,0.0127846584099081,0.0007990411506192,0.0119856172592888,0.0,129.40049988089987,104.72951059988692,261.483860799035,128.3167216221003,988.4,5.033184945366249,124.3673149355336,0.4471143100983932,0.0627616680408272,0.4901240218607796,1032,3.1463178294573644,0.1547421511496614,0.199669000267022,0.0425048669695003,1.2492839173353654,0.0023325563056845,0.0203488372093023,2503,0.0,0.987215341590092,0.0,0.0,1.0,21389.99756620618,0.0,-9.372421001084893e-16,2.618215909826941e-13,0.0,0.0,0.0,0.0,,,0.0,500.0,42.77999513241236,0.0,0.0
optimal@10s+aware,3,500,2503,2447,0.9776268477826608,0.0223731522173391,0.0047942469037155,0.0175789053136236,0.0,138.738533497041,106.77064469551442,295.463535473682,137.14580451194766,978.8,6.128320392317123,132.61021310472387,0.4523068877980246,0.0656458250585506,0.4820472871434247,1056,3.740530303030303,0.148456818186043,0.205814999389986,0.0485908649173955,1.5822405299976348,0.0013614470577307,0.0179924242424242,2503,0.0,0.9776268477826608,0.0,0.0,1.0,21098.19770494724,0.0,-4.8144297430342956e-15,2.6367814983160093e-13,0.0,0.0,0.0,0.0,,,0.0,500.0,42.19639540989448,0.0,0.0
optimal@10s+aware,4,500,2503,2469,0.9864163004394726,0.0135836995605273,0.0007990411506192,0.0127846584099081,0.0,128.82994912215432,99.77222253046511,268.0435379544309,127.43346915998562,987.6,5.403402187120292,123.426546935034,0.4484278937600668,0.0618452203582613,0.4897268858816719,1036,3.166988416988417,0.1550982625430148,0.2159650007342861,0.0517352185089974,1.1265352130299129,0.0020729704459778,0.0212355212355212,2503,0.0,0.9864163004394726,0.0,0.0,1.0,21357.321690281708,0.0,-5.446972696028502e-15,2.606076103758368e-13,0.0,0.0,0.0,0.0,,,0.0,500.0,42.714643380563416,0.0,0.0
optimal@10s+aware,5,500,2503,2461,0.9832201358369956,0.0167798641630043,0.0015980823012385,0.0151817818617658,0.0,129.69493298126395,103.48236815234397,261.51107416957893,128.36372118219626,984.4,5.289719626168225,124.40521335509573,0.4482956495551964,0.0624090986259429,0.4892952518188607,1036,3.256756756756757,0.1558333976748892,0.2092599994284683,0.0487096774193548,1.2151491167369903,0.0019058836254388,0.0212355212355212,2503,0.0,0.9832201358369956,0.0,0.0,1.0,21283.20428619958,0.0,-2.0306118969698308e-15,2.625215048281063e-13,0.0,0.0,0.0,0.0,,,0.0,500.0,42.56640857239916,0.0,0.0
batched_greedy@30s+aware,0,300,2503,2269,0.906512185377547,0.093487814622453,0.0323611666000799,0.0611266480223731,0.0,279.7230670786535,265.1010207980353,480.9469694623447,263.60828195548106,907.6,33.875275451740855,245.84779162691265,0.0950050248407109,0.1630877392125809,0.7419072359467082,365,14.257534246575345,0.1081638356008126,0.2632919998723083,0.0414715719063545,,,,2503,0.0,0.906512185377547,0.0,0.0,1.0,19604.18434481012,0.0,-1.3651192707460155e-14,2.733388658650487e-13,0.0,0.0,0.0,0.0,,,0.0,300.0,65.34728114936706,0.0,0.0
batched_greedy@30s+aware,1,300,2503,2264,0.9045145825009988,0.0954854174990012,0.0279664402716739,0.0675189772273272,0.0,282.8622569018372,266.1637638581433,488.3637009484352,264.97416922149927,905.6,31.59540636042403,251.26685054141316,0.0906794454198013,0.1679620036917044,0.7413585508884943,367,13.416893732970028,0.103781743875233,0.247648000113258,0.0495212941564872,,,,2503,0.0,0.9045145825009988,0.0,0.0,1.0,19554.19879277316,0.0,-3.4872968274378704e-15,2.685283287444851e-13,0.0,0.0,0.0,0.0,,,0.0,300.0,65.18066264257719,0.0,0.0
batched_greedy@30s+aware,2,300,2503,2265,0.9049141030763084,0.0950858969236915,0.0279664402716739,0.0671194566520175,0.0,279.7564548502293,263.1741855725804,486.7737710709005,263.39196682330464,906.0,31.658278145695363,248.098176704534,0.0943648088448344,0.1673836856644364,0.7382515054907292,367,13.67574931880109,0.1027111716001302,0.25313400055893,0.0437956204379562,,,,2503,0.0,0.9049141030763084,0.0,0.0,1.0,19428.2968251218,0.0,-8.926977381491513e-15,2.688332754837926e-13,0.0,0.0,0.0,0.0,,,0.0,300.0,64.76098941707265,0.0,0.0
batched_greedy@30s+aware,3,300,2503,2218,0.8861366360367559,0.1138633639632441,0.0403515781062724,0.0735117858569716,0.0,277.3327926237436,260.62343996414165,490.7940478552613,259.6182149070923,887.2,34.470694319206494,242.86209830453717,0.1173082519529142,0.1593222404652327,0.723369507581853,367,15.321525885558582,0.1119013624097669,0.2529019999929005,0.0450723175243861,,,,2503,0.0,0.8861366360367559,0.0,0.0,1.0,19127.28339141131,0.0,-9.583757492643415e-15,2.758947263614668e-13,0.0,0.0,0.0,0.0,,,0.0,300.0,63.75761130470437,0.0,0.0
batched_greedy@30s+aware,4,300,2503,2270,0.9069117059528564,0.0930882940471434,0.0303635637235317,0.0627247303236116,0.0,277.2186591330816,262.5721333307484,477.5610137063189,259.97080560874383,908.0,33.392070484581495,243.8265886485,0.0970629231864552,0.1629939773461917,0.7399430994673529,367,13.572207084468666,0.1085329700100926,0.2339200006827009,0.0482963943102877,,,,2503,0.0,0.9069117059528564,0.0,0.0,1.0,19559.14037442996,0.0,-7.94401255496765e-15,2.706317793458846e-13,0.0,0.0,0.0,0.0,,,0.0,300.0,65.1971345814332,0.0,0.0
batched_greedy@30s+aware,5,300,2503,2258,0.902117459049141,0.0978825409508589,0.0335597283260087,0.0643228126248501,0.0,275.6141692091576,260.1001843132465,477.11954514478464,261.3443747591265,903.2,30.82506643046944,244.78910277868812,0.0951047863932956,0.164235977236311,0.7406592363703933,370,14.15945945945946,0.1045021621098999,0.2432920001956517,0.0500829187396351,,,,2503,0.0,0.902117459049141,0.0,0.0,1.0,19391.620903661376,0.0,-1.171752391012044e-14,2.6824276487665005e-13,0.0,0.0,0.0,0.0,,,0.0,300.0,64.63873634553792,0.0,0.0
batched_greedy@30s+aware,0,350,2503,2362,0.9436675988813424,0.0563324011186576,0.0179784258889332,0.0383539752297243,0.0,233.3389430180176,208.986466893306,438.0946637387746,226.2147925165185,944.8,23.54657070279424,209.79237231522336,0.2058006506264111,0.1311130857635437,0.6630862636100451,364,11.362637362637363,0.1353604396192148,0.2699309993295175,0.0496894409937888,,,,2503,0.0,0.9436675988813424,0.0,0.0,1.0,20386.7194283562,0.0,-1.5952052925371958e-15,2.740800342350812e-13,0.0,0.0,0.0,0.0,,,0.0,350.0,58.24776979530344,0.0,0.0
batched_greedy@30s+aware,1,350,2503,2364,0.9444666400319616,0.0555333599680383,0.0075908909308829,0.0479424690371554,0.0,218.09271239813503,194.1239433927974,400.37365402953134,209.21619120006704,945.6,19.614636209813877,198.4780761883212,0.2103409295296547,0.1265325497914762,0.663126520678869,362,9.8646408839779,0.1370878452996309,0.2649019996351852,0.0461638491547464,,,,2503,0.0,0.9444666400319616,0.0,0.0,1.0,20355.62223021415,0.0,4.997882160770269e-16,2.6678311750000457e-13,0.0,0.0,0.0,0.0,,,0.0,350.0,58.15892065775472,0.0,0.0
batched_greedy@30s+aware,2,350,2503,2377,0.9496604075109868,0.0503395924890131,0.0107870555333599,0.0395525369556532,0.0,222.01894383056256,197.0159346603377,413.43062516626014,215.26960569384136,950.8,20.93437105595288,201.08457277460968,0.2056470973452489,0.1282893775049617,0.6660635251497894,362,10.458563535911605,0.136938950288933,0.2519600001869548,0.0555376170487568,,,,2503,0.0,0.9496604075109868,0.0,0.0,1.0,20498.22375788694,0.0,3.763548627608156e-15,2.714833920237053e-13,0.0,0.0,0.0,0.0,,,0.0,350.0,58.56635359396268,0.0,0.0
batched_greedy@30s+aware,3,350,2503,2332,0.9316819816220536,0.0683180183779464,0.0143827407111466,0.0539352776667998,0.0,228.59712473486252,204.87122418636957,435.8809498833331,218.76819525491004,932.8,22.40866209262436,206.1884626422382,0.2212710884368708,0.1275170416338252,0.6512118699293039,362,11.331491712707182,0.1349704419964978,0.2675790003922881,0.049983665468801,,,,2503,0.0,0.9316819816220536,0.0,0.0,1.0,20040.134405918616,0.0,1.8360575114791506e-15,2.702099074318632e-13,0.0,0.0,0.0,0.0,,,0.0,350.0,57.257526874053184,0.0,0.0
batched_greedy@30s+aware,4,350,2503,2379,0.950459448661606,0.0495405513383939,0.0071913703555733,0.0423491809828206,0.0,209.8674661782937,187.30313133980508,390.6714629750615,202.28741959870555,951.6,19.350147120638923,190.5173190576548,0.2087665147685488,0.1226739331728996,0.6685595520585516,363,9.705234159779614,0.1400741047173617,0.2818959992873714,0.0464587394411955,,,,2503,0.0,0.950459448661606,0.0,0.0,1.0,20452.736751136097,0.0,-1.3346850130170052e-14,2.681713615357817e-13,0.0,0.0,0.0,0.0,,,0.0,350.0,58.4363907175317,0.0,0.0
batched_greedy@30s+aware,5,350,2503,2355,0.9408709548541748,0.059129045145825,0.0071913703555733,0.0519376747902517,0.0,217.7235499827428,196.8940731041066,393.3287040381852,208.76723419470855,942.0,19.8416135881104,197.8819363946324,0.2099307449602732,0.1260550986084234,0.6640141564313033,361,10.155124653739612,0.1375919667293412,0.2640800001245225,0.049854321786986,,,,2503,0.0,0.9408709548541748,0.0,0.0,1.0,20230.690750805305,0.0,-1.4604972103136878e-16,2.6535329724979553e-13,0.0,0.0,0.0,0.0,,,0.0,350.0,57.80197357372945,0.0,0.0
batched_greedy@30s+aware,0,400,2503,2428,0.970035956851778,0.0299640431482221,0.0071913703555733,0.0227726727926488,0.0,186.2076453658694,158.31717199813147,365.2516205304667,183.34982923971884,971.2,17.934925864909392,168.27271950096005,0.3028178151070029,0.099845109261133,0.597337075631864,360,9.575,0.1521172222459831,0.2819150001414528,0.0492546986390149,,,,2503,0.0,0.970035956851778,0.0,0.0,1.0,20957.32593041941,0.0,-7.512753004362159e-16,2.6512830005749696e-13,0.0,0.0,0.0,0.0,,,0.0,400.0,52.39331482604853,0.0,0.0
batched_greedy@30s+aware,1,400,2503,2411,0.9632441070715142,0.0367558929284858,0.0047942469037155,0.0319616460247702,0.0,177.81421345102882,154.48209130476198,339.2334491473648,172.92320723671273,964.4,17.688925756947324,160.1252876940815,0.3105998620702874,0.0947453616268697,0.5946547763028428,360,9.186111111111112,0.1610680555384331,0.2831919989512244,0.0552521683263732,,,,2503,0.0,0.9632441070715142,0.0,0.0,1.0,20712.575113111263,0.0,-3.955543667163042e-16,2.648957140094541e-13,0.0,0.0,0.0,0.0,,,0.0,400.0,51.78143778277816,0.0,0.0
batched_greedy@30s+aware,2,400,2503,2425,0.968837395125849,0.031162604874151,0.0051937674790251,0.0259688373951258,0.0,182.69565172883577,156.48728946902702,351.9078094792428,179.1408356981272,970.0,17.544329896907218,165.15132183192856,0.301958844849559,0.0983143853379029,0.5997267698125379,361,9.277008310249307,0.1511432133496747,0.279659999796422,0.0513068731848983,,,,2503,0.0,0.968837395125849,0.0,0.0,1.0,20971.720051646476,0.0,-3.922910106722934e-15,2.637718680360419e-13,0.0,0.0,0.0,0.0,,,0.0,400.0,52.42930012911618,0.0,0.0
batched_greedy@30s+aware,3,400,2503,2391,0.9552536955653216,0.0447463044346783,0.0087894526568118,0.0359568517778665,0.0,190.11458568257,161.0240300423502,376.8473243555818,185.0450825916606,956.4,18.843998327059808,171.27058735551014,0.3127069337265116,0.0994240828876223,0.5878689833858661,361,10.130193905817174,0.1581678671021933,0.2816999993228818,0.041639344262295,,,,2503,0.0,0.9552536955653216,0.0,0.0,1.0,20608.390163726446,0.0,-1.5747429383997309e-15,2.713233699241169e-13,0.0,0.0,0.0,0.0,,,0.0,400.0,51.52097540931612,0.0,0.0
batched_greedy@30s+aware,4,400,2503,2435,0.9728326008789452,0.0271673991210547,0.0051937674790251,0.0219736316420295,0.0,175.12717572158326,147.59189940879878,338.56767538994643,172.16733954446795,974.0,17.212731006160165,157.9144447154231,0.3061076657144107,0.0938080275636113,0.600084306721978,360,9.172222222222222,0.1648877777420744,0.2814409995153255,0.0476190476190476,,,,2503,0.0,0.9728326008789452,0.0,0.0,1.0,21033.41803088889,0.0,-3.316261251461443e-15,2.717757572720291e-13,0.0,0.0,0.0,0.0,,,0.0,400.0,52.58354507722223,0.0,0.0
batched_greedy@30s+aware,5,400,2503,2419,0.9664402716739912,0.0335597283260087,0.0047942469037155,0.0287654814222932,0.0,181.7790139121187,154.65206685051635,349.6010174811558,178.17822476718908,967.6,17.825547747002894,163.9534661651158,0.3065380099876927,0.09701520078524,0.5964467892270672,360,9.419444444444444,0.1530508333164309,0.2897650005252221,0.0534277438043128,,,,2503,0.0,0.9664402716739912,0.0,0.0,1.0,20809.950315270125,0.0,4.485135794066507e-15,2.654959528143047e-13,0.0,0.0,0.0,0.0,,,0.0,400.00000000000006,52.02487578817531,0.0,0.0
batched_greedy@30s+aware,0,450,2503,2453,0.9800239712345186,0.0199760287654814,0.006392329204954,0.0135836995605273,0.0,165.10686474435138,133.75316412044958,330.2295738182476,163.99458938866837,981.2,17.30004076640848,147.8068239779429,0.3820561386777031,0.0800562950272501,0.5378875662950466,363,9.225895316804408,0.1676460054492034,0.3105460006190696,0.0504364694471387,,,,2503,0.0,0.9800239712345186,0.0,0.0,1.0,21208.05225419921,0.0,-1.125249279993096e-15,2.6908773709957014e-13,0.0,0.0,0.0,0.0,,,0.0,450.0,47.12900500933159,0.0,0.0
batched_greedy@30s+aware,1,450,2503,2441,0.975229724330803,0.0247702756691969,0.0023971234518577,0.0223731522173391,0.0,165.05855020006376,137.41852676534518,325.6004659929995,162.09765302434843,976.4,17.25071691929537,147.8078332807684,0.3849116432107597,0.0791516743355901,0.5359366824536501,361,9.00831024930748,0.1727002770300545,0.2979200005938764,0.0518018018018018,,,,2503,0.0,0.975229724330803,0.0,0.0,1.0,21081.36742652269,0.0,-1.4411522637555393e-15,2.6259307896681213e-13,0.0,0.0,0.0,0.0,,,0.0,450.0,46.84748317005042,0.0,0.0
batched_greedy@30s+aware,2,450,2503,2461,0.9832201358369956,0.0167798641630043,0.0019976028765481,0.0147822612864562,0.0,159.071390042268,133.52121530216755,311.6938860697601,157.4148096293246,984.4,16.789110117838277,142.28227992442973,0.3815336264364028,0.0782329987230977,0.5402333748404995,360,8.936111111111112,0.1710100000056829,0.3047639999203966,0.0474959612277867,,,,2503,0.0,0.9832201358369956,0.0,0.0,1.0,21278.45243078086,0.0,-7.5983284858844e-15,2.6468195101458736e-13,0.0,0.0,0.0,0.0,,,0.0,450.0,47.28544984617969,0.0,0.0
batched_greedy@30s+aware,3,450,2503,2423,0.9680383539752296,0.0319616460247702,0.0071913703555733,0.0247702756691969,0.0,163.4098471912182,131.19968351809985,324.7318036953406,160.69499871427325,969.2,17.325216673545192,146.08463051767302,0.3918445197319138,0.0780371827332789,0.5301182975348071,360,9.613888888888887,0.173169999981029,0.3134469989527138,0.0446836268754076,,,,2503,0.0,0.9680383539752296,0.0,0.0,1.0,20881.91725257601,0.0,-2.6829549725093447e-15,2.657796943045841e-13,0.0,0.0,0.0,0.0,,,0.0,450.0,46.40426056128003,0.0,0.0
batched_greedy@30s+aware,4,450,2503,2448,0.9780263683579704,0.0219736316420295,0.0023971234518577,0.0195765081901717,0.0,151.60366006338046,124.02326222972783,297.2578252332893,149.2274072506319,979.2,16.73651960784314,134.86714045553734,0.3889526069559509,0.0736200991039916,0.5374272939400574,361,8.869806094182826,0.1808667589644363,0.3095400006714043,0.046895213454075,,,,2503,0.0,0.9780263683579704,0.0,0.0,1.0,21140.376910445437,0.0,9.052308648495966e-15,2.6336630770201944e-13,0.0,0.0,0.0,0.0,,,0.0,450.0,46.97861535654541,0.0,0.0
batched_greedy@30s+aware,5,450,2503,2449,0.97842588893328,0.0215741110667199,0.0023971234518577,0.0191769876148621,0.0,157.27854681117853,129.20556883491827,308.7628568166722,155.43226295584196,979.6,17.092690894242548,140.185855916936,0.3840992585712665,0.076631248197436,0.5392694932312975,360,9.091666666666669,0.1812827777535454,0.3174009999747802,0.0508856682769726,,,,2503,0.0,0.97842588893328,0.0,0.0,1.0,21123.68541484989,0.0,1.9301288483642573e-15,2.630569415941121e-13,0.0,0.0,0.0,0.0,,,0.0,450.0,46.94152314411086,0.0,0.0
batched_greedy@30s+aware,0,500,2503,2467,0.9856172592888534,0.0143827407111466,0.0047942469037155,0.009588493807431,0.0,148.49664732145,119.60869744996673,297.19436859612813,148.17909595990537,986.8,17.33846777462505,131.15817954682495,0.445429276747169,0.0652809543815821,0.4892897688712489,360,9.269444444444444,0.1803394444323203,0.3233690000342903,0.0519019987105093,,,,2503,0.0,0.9856172592888534,0.0,0.0,1.0,21393.62370676968,0.0,-2.503154644333217e-15,2.6546535091308913e-13,0.0,0.0,0.0,0.0,,,0.0,500.0,42.78724741353936,0.0,0.0
batched_greedy@30s+aware,1,500,2503,2453,0.9800239712345186,0.0199760287654814,0.0007990411506192,0.0191769876148621,0.0,147.89161176112384,122.47746222480328,288.6954465282936,145.46866670404964,981.2,16.563391765185486,131.32821999593835,0.4497246290772251,0.0649077084374943,0.4853676624852805,360,8.766666666666667,0.1890208333103752,0.3392170008009999,0.0480645161290322,,,,2503,0.0,0.9800239712345186,0.0,0.0,1.0,21163.352510461373,0.0,-1.6266374033847584e-16,2.635564457711768e-13,0.0,0.0,0.0,0.0,,,0.0,500.0,42.326705020922745,0.0,0.0
batched_greedy@30s+aware,2,500,2503,2471,0.987215341590092,0.0127846584099081,0.0011985617259288,0.0115860966839792,0.0,141.8045410553924,113.82277945302847,285.21287883080004,140.9755573617444,988.4,16.371104815864022,125.4334362395284,0.4458003143674693,0.0634132295073116,0.490786456125219,360,8.852777777777778,0.1892944444585332,0.3210250006122806,0.0480800258147789,,,,2503,0.0,0.987215341590092,0.0,0.0,1.0,21406.403906006253,0.0,-9.044341335936656e-15,2.610427724513767e-13,0.0,0.0,0.0,0.0,,,0.0,500.0,42.81280781201251,0.0,0.0
batched_greedy@30s+aware,3,500,2503,2443,0.9760287654814224,0.0239712345185777,0.0043947263284059,0.0195765081901717,0.0,148.0802581278035,117.16379675241524,300.8406363838109,146.2759021740876,977.2,16.91281211625051,131.16744601155295,0.4546747315956703,0.0649983874628199,0.4803268809415097,360,9.283333333333331,0.1857211110897575,0.3308460002517677,0.0457940889899317,,,,2503,0.0,0.9760287654814224,0.0,0.0,1.0,21008.55015870394,0.0,7.68021658459482e-18,2.6541478797823824e-13,0.0,0.0,0.0,0.0,,,0.0,500.0,42.01710031740788,0.0,0.0
batched_greedy@30s+aware,4,500,2503,2465,0.984818218138234,0.0151817818617658,0.0015980823012385,0.0135836995605273,0.0,138.38059227685807,111.08930741643417,275.5658496353298,136.92331579933364,986.0,16.656389452332657,121.7242028245254,0.449373037176535,0.0614448476036778,0.4891821152197871,360,8.813888888888888,0.1948777777316637,0.3483479994793015,0.0480955455132343,,,,2503,0.0,0.984818218138234,0.0,0.0,1.0,21294.7045637436,0.0,-8.083414487690683e-15,2.622773758374496e-13,0.0,0.0,0.0,0.0,,,0.0,500.0,42.5894091274872,0.0,0.0
batched_greedy@30s+aware,5,500,2503,2467,0.9856172592888534,0.0143827407111466,0.0019976028765481,0.0123851378345984,0.0,142.81717605443865,116.15845442174486,283.77573349965155,141.92293385845016,986.8,16.513173895419538,126.30400215901912,0.4465945309989363,0.0633670125413636,0.4900384564597001,360,8.916666666666666,0.1723633332555133,0.3225820002626281,0.0428571428571428,,,,2503,0.0,0.9856172592888534,0.0,0.0,1.0,21328.487748304226,0.0,1.4908580607937653e-15,2.686844126460213e-13,0.0,0.0,0.0,0.0,,,0.0,500.0,42.65697549660845,0.0,0.0
optimal@30s+aware,0,300,2503,2269,0.906512185377547,0.093487814622453,0.0287654814222932,0.0647223332001598,0.0,280.9053011432158,268.0396005096918,473.7606437677014,264.2636738808808,907.6,31.402820625826354,249.50248051738944,0.0905342322798173,0.1678549289183832,0.7416108388017995,366,13.633879781420765,0.172216120294341,0.23593499981871,0.0558108995403808,54.31231893454011,0.0074548004688405,0.3579234972677595,2503,0.0,0.906512185377547,0.0,0.0,1.0,19572.33645398947,0.0,-1.003428279206608e-14,2.682877180784421e-13,0.0,0.0,0.0,0.0,,,0.0,300.0,65.24112151329822,0.0,0.0
optimal@30s+aware,1,300,2503,2269,0.906512185377547,0.093487814622453,0.0227726727926488,0.0707151418298042,0.0,284.23693310302406,274.7440080735578,470.0986228870581,265.2151387461621,907.6,29.451740855002203,254.78519224802184,0.0857420464277265,0.1718017687302418,0.7424561848420317,367,12.602179836512262,0.1744915531628304,0.2299640003548119,0.0511643161692358,54.326927396956336,0.0084725235616843,0.3569482288828338,2503,0.0,0.906512185377547,0.0,0.0,1.0,19573.16389239185,0.0,-5.043416837382697e-15,2.632937206000224e-13,0.0,0.0,0.0,0.0,,,0.0,300.0,65.24387964130618,0.0,0.0
optimal@30s+aware,2,300,2503,2278,0.9101078705553336,0.0898921294446664,0.0287654814222932,0.0611266480223731,0.0,285.53319588589267,274.93344876615265,476.98356927608233,268.7257513412936,911.2,32.57462686567164,252.95856902022103,0.0864476176226315,0.1705203642271684,0.7430320181502,367,13.583106267029972,0.1758433243034411,0.2351399999315617,0.049191152195444,68.73833583536329,0.009444570578928,0.3950953678474114,2503,0.0,0.9101078705553336,0.0,0.0,1.0,19604.134598030083,0.0,1.211595451807787e-16,2.678059705515366e-13,0.0,0.0,0.0,0.0,,,0.0,300.0,65.34711532676694,0.0,0.0
optimal@30s+aware,3,300,2503,2236,0.8933280063923292,0.1066719936076708,0.0351578106272473,0.0715141829804234,0.0,286.81719481376115,273.4415999561911,488.5424976802137,268.1296498552276,894.4,35.091681574239715,251.7255132395214,0.1071086678073004,0.1660110204622474,0.7268803117304521,370,14.889189189189189,0.1737616215856129,0.2475959992807475,0.0527713242615333,54.88683137760312,0.0064012572999862,0.3648648648648648,2503,0.0,0.8933280063923292,0.0,0.0,1.0,19314.696612909825,0.0,1.4350476680552896e-15,2.698881666750385e-13,0.0,0.0,0.0,0.0,,,0.0,300.0,64.38232204303273,0.0,0.0
optimal@30s+aware,4,300,2503,2251,0.8993208150219736,0.1006791849780263,0.0263683579704354,0.0743108270075909,0.0,275.9941343061582,263.86816382095776,470.6588814302959,256.6089378065378,900.4,27.9009329187028,248.09320138745537,0.0927366194099728,0.1678667847352158,0.7393965958548113,363,12.50137741046832,0.1735501377741898,0.230075999534165,0.0553010471204188,52.02784909426413,0.0084294919848782,0.3994490358126721,2503,0.0,0.8993208150219736,0.0,0.0,1.0,19449.96942108922,0.0,-4.840394830595862e-16,2.681163450594029e-13,0.0,0.0,0.0,0.0,,,0.0,300.0,64.83323140363073,0.0,0.0
optimal@30s+aware,5,300,2503,2261,0.90331602077507,0.09668397922493,0.0307630842988413,0.0659208949260887,0.0,280.93018183839143,266.5113731088213,478.9782271233416,264.37340079327794,904.4,31.2375055285272,249.69267630986425,0.0905216072393813,0.1673378141265133,0.7421405786341053,370,13.778378378378378,0.1707167568088767,0.2328229992599517,0.0524925718058765,51.21982890183711,0.0068326902963755,0.327027027027027,2503,0.0,0.90331602077507,0.0,0.0,1.0,19489.69839584161,0.0,-4.4299911913150104e-15,2.700882419086578e-13,0.0,0.0,0.0,0.0,,,0.0,300.0,64.96566131947203,0.0,0.0
optimal@30s+aware,0,350,2503,2373,0.9480623252097484,0.0519376747902517,0.0115860966839792,0.0403515781062724,0.0,230.62022715775484,209.2625028752545,425.1239232808976,223.51099442273232,949.2,22.066582385166456,208.5536447725884,0.2022074727719633,0.1320087551111851,0.6657837721168515,363,10.851239669421489,0.1771275482429355,0.2452279989302042,0.0485183979159882,42.17353866446635,0.0100295122105568,0.3168044077134986,2503,0.0,0.9480623252097484,0.0,0.0,1.0,20454.780157235808,0.0,-6.730113025382586e-15,2.710620041389304e-13,0.0,0.0,0.0,0.0,,,0.0,350.0,58.44222902067373,0.0,0.0
optimal@30s+aware,1,350,2503,2381,0.9512584898122254,0.0487415101877746,0.0059928086296444,0.0427487015581302,0.0,225.6884102297915,208.02126487660556,403.20121442959135,217.29649984776145,952.4,19.3884922301554,206.29991799963605,0.1965911340287466,0.1332022849273194,0.6702065810439339,364,9.656593406593409,0.1738145604097123,0.2336370000557508,0.0464135021097046,44.51582519986548,0.014433359850049,0.3214285714285714,2503,0.0,0.9512584898122254,0.0,0.0,1.0,20539.39816937758,0.0,-8.152235711352986e-15,2.676404060809241e-13,0.0,0.0,0.0,0.0,,,0.0,350.0,58.68399476965023,0.0,0.0
optimal@30s+aware,2,350,2503,2390,0.954854174990012,0.045145825009988,0.0075908909308829,0.037554934079105,0.0,225.36720047998375,204.4389671533804,409.0348292011908,219.21457367932464,956.0,20.491213389121334,204.87598709086245,0.1991957486654575,0.1320034093871809,0.6688008419473616,362,10.328729281767956,0.1811964087898473,0.2367069991669268,0.0581245985870263,44.02784077168446,0.0123173913817988,0.3176795580110497,2503,0.0,0.954854174990012,0.0,0.0,1.0,20609.20229350168,0.0,-7.280554587845221e-15,2.674519833866607e-13,0.0,0.0,0.0,0.0,,,0.0,350.0,58.883435124290514,0.0,0.0
optimal@30s+aware,3,350,2503,2351,0.9392728725529365,0.0607271274470635,0.0135836995605273,0.0471434278865361,0.0,230.10932792025287,206.48408106654097,432.46232898382186,221.15133666909068,940.4,22.14632071458953,207.9630072056634,0.2101502766249489,0.1311050991882997,0.6587446241867514,363,11.099173553719009,0.1796548209468527,0.2462279992687399,0.0449622579586478,38.41934255736048,0.0085562356512693,0.3168044077134986,2503,0.0,0.9392728725529365,0.0,0.0,1.0,20289.253354082244,0.0,-5.297525261695026e-16,2.68917361558136e-13,0.0,0.0,0.0,0.0,,,0.0,350.0,57.96929529737784,0.0,0.0
optimal@30s+aware,4,350,2503,2393,0.9560527367159408,0.0439472632840591,0.0067918497802636,0.0371554135037954,0.0,213.89303059834603,192.9924090931654,392.6460063390778,207.0936769431028,957.2,19.496865858754703,194.3961647395913,0.20014093865193,0.1263412921259356,0.6735177692221344,362,9.73756906077348,0.1774273480790202,0.2360409999528201,0.0541237113402061,33.441028142393336,0.0113702149053128,0.2734806629834254,2503,0.0,0.9560527367159408,0.0,0.0,1.0,20707.999148237315,0.0,-1.882043761677564e-15,2.654522374304112e-13,0.0,0.0,0.0,0.0,,,0.0,349.99999999999994,59.16571185210663,0.0,0.0
optimal@30s+aware,5,350,2503,2375,0.9488613663603676,0.0511386336396324,0.0067918497802636,0.0443467838593687,0.0,222.1195071703885,201.5863273539844,401.0993410219981,214.50614005610817,950.0,20.222315789473683,201.8971913809148,0.200658894218817,0.1292259704654642,0.6701151353157186,364,10.085164835164836,0.1786961538727864,0.246080000360962,0.0519857927026154,29.488782072728256,0.0086195333172718,0.2637362637362637,2503,0.0,0.9488613663603676,0.0,0.0,1.0,20445.993917570875,0.0,5.595243566715094e-15,2.7081766069458306e-13,0.0,0.0,0.0,0.0,,,0.0,350.0,58.417125478773926,0.0,0.0
optimal@30s+aware,0,400,2503,2427,0.9696364362764682,0.0303635637235317,0.0067918497802636,0.023571713943268,0.0,187.8464383088546,161.4109172810695,361.67039078974886,184.93756636989917,970.8,17.900700453234446,169.94573785562017,0.3016274080060654,0.1007520566605589,0.5976205353333756,362,9.530386740331492,0.1769411602701177,0.2384849999725702,0.0467684313088665,27.32685516236623,0.0107935468746521,0.2624309392265193,2503,0.0,0.9696364362764682,0.0,0.0,1.0,20929.101397644343,0.0,-8.879496963740797e-15,2.684777273455408e-13,0.0,0.0,0.0,0.0,,,0.0,400.0,52.322753494110856,0.0,0.0
optimal@30s+aware,1,400,2503,2424,0.9684378745505392,0.0315621254494606,0.0043947263284059,0.0271673991210547,0.0,183.16878322204985,160.31353108463964,341.7807670867814,179.01171471961422,969.6,18.15346534653465,165.0153178755152,0.3042489605872319,0.0973853623827559,0.5983656770300121,360,9.308333333333334,0.1822230555970034,0.2492100006566036,0.0506615037108744,23.61611477606656,0.0108254701333879,0.2305555555555555,2503,0.0,0.9684378745505392,0.0,0.0,1.0,20912.31778931272,0.0,-1.1281679660875384e-14,2.6348093124237164e-13,0.0,0.0,0.0,0.0,,,0.0,400.0,52.280794473281794,0.0,0.0
optimal@30s+aware,2,400,2503,2436,0.9732321214542548,0.0267678785457451,0.0035956851777866,0.0231721933679584,0.0,184.3544374987981,159.5333712930925,356.9450872888692,181.0249202436368,974.4,17.411740558292284,166.94269694050584,0.3003499128367798,0.0994394560069823,0.6002106311562377,360,9.175,0.1836102778169232,0.2365960010502023,0.0521571152607855,23.521244423348904,0.0113059445583038,0.2055555555555555,2503,0.0,0.9732321214542548,0.0,0.0,1.0,21019.36685401054,0.0,-9.66158370239273e-15,2.614927978583812e-13,0.0,0.0,0.0,0.0,,,0.0,400.00000000000006,52.54841713502634,0.0,0.0
optimal@30s+aware,3,400,2503,2399,0.9584498601677988,0.0415501398322013,0.0083899320815021,0.0331602077506991,0.0,194.3171059561283,167.9147431132924,377.1896531747888,189.39702156031555,959.6,18.07294706127553,176.24415889485277,0.3101602020327919,0.1025314304930555,0.5873083674741526,364,9.832417582417582,0.1753140110230271,0.2489999994759273,0.0391061452513966,25.77276082456112,0.0085737270005733,0.228021978021978,2503,0.0,0.9584498601677988,0.0,0.0,1.0,20655.078335138114,0.0,-1.540419406130389e-14,2.691894227324548e-13,0.0,0.0,0.0,0.0,,,0.0,400.0,51.637695837845285,0.0,0.0
optimal@30s+aware,4,400,2503,2434,0.9724330803036356,0.0275669196963643,0.0047942469037155,0.0227726727926488,0.0,171.97168375921598,145.93898088386072,327.80527861421774,168.89108446681684,973.6,17.11380443714051,154.8578793220755,0.3060899959632513,0.0930511848288838,0.6008588192078649,360,9.113888888888887,0.1868594444001953,0.2441100004216423,0.0491432266408018,15.986436995462842,0.0082558487877322,0.1888888888888888,2503,0.0,0.9724330803036356,0.0,0.0,1.0,21044.64687960881,0.0,-6.732403368472632e-15,2.6945641919693865e-13,0.0,0.0,0.0,0.0,,,0.0,400.0,52.61161719902204,0.0,0.0
optimal@30s+aware,5,400,2503,2418,0.9660407510986816,0.0339592489013184,0.0047942469037155,0.0291650019976028,0.0,180.96744073858855,154.98617970246778,350.83953773653275,177.22775991801203,967.2,17.299421009098428,163.66801972949014,0.3063197548052749,0.0972138629812453,0.5964663822134796,360,9.297222222222222,0.1786466666494056,0.2441760003421226,0.0512903225806451,23.635796698762423,0.0108284733880351,0.2222222222222222,2503,0.0,0.9660407510986816,0.0,0.0,1.0,20760.9338886878,0.0,7.137200489653964e-15,2.648656039462809e-13,0.0,0.0,0.0,0.0,,,0.0,400.0,51.9023347217195,0.0,0.0
optimal@30s+aware,0,450,2503,2451,0.9792249300838992,0.0207750699161006,0.0055932880543347,0.0151817818617658,0.0,168.91392452135756,136.86432037624218,333.1164210026932,167.6373756618736,980.4,17.53814769481844,151.37577682653912,0.3821449615492641,0.0816361005631355,0.5362189378876002,363,9.292011019283748,0.1840132231299028,0.2645519994257483,0.051323434473854,16.460878435468825,0.0078913234283716,0.1983471074380165,2503,0.0,0.9792249300838992,0.0,0.0,1.0,21122.47195451796,0.0,-6.151568669206202e-15,2.695116898139357e-13,0.0,0.0,0.0,0.0,,,0.0,450.00000000000006,46.93882656559545,0.0,0.0
optimal@30s+aware,1,450,2503,2440,0.9748302037554936,0.0251697962445065,0.0023971234518577,0.0227726727926488,0.0,164.10135475995693,137.72470212207986,323.3089263728783,161.04136845971053,976.0,16.65122950819672,147.45012525176023,0.3853994327128897,0.0789254038459474,0.5356751634411627,360,8.88888888888889,0.1824861110940724,0.2548989993920262,0.045660621761658,19.07990823278863,0.0115680846040615,0.1972222222222222,2503,0.0,0.9748302037554936,0.0,0.0,1.0,21050.106489688635,0.0,-4.770591936059392e-15,2.659654827886389e-13,0.0,0.0,0.0,0.0,,,0.0,450.0,46.7780144215303,0.0,0.0
optimal@30s+aware,2,450,2503,2463,0.9840191769876148,0.0159808230123851,0.0023971234518577,0.0135836995605273,0.0,159.6520834456446,134.5910609209859,307.2519258612896,158.37914194420136,985.2,16.920828258221682,142.7312551874229,0.3794438694371028,0.0780461666330574,0.5425099639298397,361,9.005540166204986,0.1856221607388426,0.2580800010036908,0.0478190630048465,21.02015600040585,0.012447206261318,0.1994459833795014,2503,0.0,0.9840191769876148,0.0,0.0,1.0,21324.11234277461,0.0,-7.494794247033081e-15,2.63114743147797e-13,0.0,0.0,0.0,0.0,,,0.0,450.0,47.3869163172769,0.0,0.0
optimal@30s+aware,3,450,2503,2432,0.9716340391530164,0.0283659608469836,0.0067918497802636,0.0215741110667199,0.0,162.7078461679753,132.13216386553836,322.9738169422003,160.46723036374416,972.8,16.95888157894737,145.7489645890279,0.3902095346571808,0.0786078938068547,0.5311825715359644,365,9.383561643835616,0.1861049314992333,0.2642959997319851,0.0459133832627808,19.293120785813468,0.0086526168054785,0.1835616438356164,2503,0.0,0.9716340391530164,0.0,0.0,1.0,20942.44364465675,0.0,4.2359208246286306e-15,2.644418857865536e-13,0.0,0.0,0.0,0.0,,,0.0,450.0,46.53876365479278,0.0,0.0
optimal@30s+aware,4,450,2503,2460,0.982820615261686,0.017179384738314,0.0019976028765481,0.0151817818617658,0.0,153.18521240599557,125.54302796085244,297.871808347121,151.37591569165048,984.0,16.726422764227642,136.45878964176794,0.3834401884898957,0.0751779793957357,0.5413818321143685,361,8.853185595567867,0.187537950041789,0.244100000054459,0.0487253952888028,10.927418169107929,0.0072935056062169,0.1385041551246537,2503,0.0,0.982820615261686,0.0,0.0,1.0,21281.804088857523,0.0,1.9821542781112551e-16,2.6489524214604337e-13,0.0,0.0,0.0,0.0,,,0.0,450.0,47.29289797523894,0.0,0.0
optimal@30s+aware,5,450,2503,2443,0.9760287654814224,0.0239712345185777,0.0023971234518577,0.0215741110667199,0.0,156.5566751105653,131.11119209040635,303.48614089831983,154.42179398042637,977.2,16.767089643880475,139.78958546668483,0.3874362574220193,0.0760602006291196,0.536503541948861,361,9.002770083102494,0.1871265928187859,0.2520000012736996,0.048433968356474,16.115151516212514,0.0095548987962762,0.1717451523545706,2503,0.0,0.9760287654814224,0.0,0.0,1.0,21004.678172763688,0.0,-6.781858469539966e-15,2.662333899979916e-13,0.0,0.0,0.0,0.0,,,0.0,450.0,46.677062606141526,0.0,0.0
optimal@30s+aware,0,500,2503,2468,0.986016779864163,0.0139832201358369,0.0035956851777866,0.0103875349580503,0.0,148.55980586125065,120.41280756249012,293.49164116904353,148.07377284984167,987.2,17.179497568881686,131.38030829236897,0.4451344763862328,0.0653442158350545,0.4895213077787126,360,9.177777777777775,0.1898258333919026,0.255567999338382,0.0506288294098677,13.565061528038704,0.0078994674618288,0.1611111111111111,2503,0.0,0.986016779864163,0.0,0.0,1.0,21380.60353510612,0.0,-3.500711336155984e-16,2.637282612715513e-13,0.0,0.0,0.0,0.0,,,0.0,500.0,42.76120707021224,0.0,0.0
optimal@30s+aware,1,500,2503,2458,0.9820215741110668,0.0179784258889332,0.0007990411506192,0.017179384738314,0.0,147.63322744596888,122.61617853574444,286.3943487371632,145.50608694657464,983.2,16.844589096826688,130.7886383491422,0.448899963334272,0.0645361202783665,0.4865639163873613,360,8.830555555555556,0.1863966667163671,0.2519500001471898,0.0489848533677086,12.88976397788328,0.009313256739573,0.1944444444444444,2503,0.0,0.9820215741110668,0.0,0.0,1.0,21173.91086076717,0.0,-9.029031026141935e-15,2.6752761474346256e-13,0.0,0.0,0.0,0.0,,,0.0,500.0,42.34782172153434,0.0,0.0
optimal@30s+aware,2,500,2503,2474,0.9884139033160207,0.0115860966839792,0.0011985617259288,0.0103875349580503,0.0,142.44876856243292,118.30325664713472,285.2150049344441,141.70317720816251,989.6,16.31002425222312,126.13874431020982,0.4463611084954769,0.0633099606316415,0.4903289308728816,360,8.827777777777778,0.1937341666790517,0.2712460007751363,0.0483870967741935,15.3029821686578,0.0114886474797934,0.1777777777777777,2503,0.0,0.9884139033160207,0.0,0.0,1.0,21412.36817209311,0.0,-4.398260252365061e-15,2.637932089599232e-13,0.0,0.0,0.0,0.0,,,0.0,500.0,42.82473634418621,0.0,0.0
optimal@30s+aware,3,500,2503,2448,0.9780263683579704,0.0219736316420295,0.0043947263284059,0.0175789053136236,0.0,148.78889947159004,118.17852928347612,304.6833854062883,147.23201695644025,979.2,16.899509803921568,131.8893896676685,0.4527354128307348,0.0650996269214213,0.4821649602478438,360,9.283333333333331,0.1942755555976166,0.2557559995511838,0.0488831337002266,13.942457527874408,0.0074321662130881,0.15,2503,0.0,0.9780263683579704,0.0,0.0,1.0,21106.386984530734,0.0,-5.350884949362708e-15,2.6681983601501706e-13,0.0,0.0,0.0,0.0,,,0.0,500.0,42.21277396906147,0.0,0.0
optimal@30s+aware,4,500,2503,2469,0.9864163004394726,0.0135836995605273,0.0011985617259288,0.0123851378345984,0.0,138.33822803496267,111.04412474344464,272.45746626331425,137.08516787379207,987.6,16.409882543539894,121.9283454914228,0.4481696598605238,0.0613326131546395,0.4904977269848367,360,8.761111111111111,0.1944730555048105,0.2685050003128708,0.0486939696871976,11.717249188143828,0.0093970650313985,0.1388888888888889,2503,0.0,0.9864163004394726,0.0,0.0,1.0,21401.48419633859,0.0,-7.00083526544717e-15,2.600397733424238e-13,0.0,0.0,0.0,0.0,,,0.0,500.0,42.80296839267719,0.0,0.0
optimal@30s+aware,5,500,2503,2468,0.986016779864163,0.0139832201358369,0.0015980823012385,0.0123851378345984,0.0,141.5777522952259,116.09686832974468,277.1861238859832,140.3754161262168,987.2,16.587520259319287,124.99023203590662,0.4464366241428258,0.0630306147042952,0.490532761152879,360,8.847222222222221,0.1964041667229644,0.2523479997216782,0.045631067961165,10.235511854043484,0.007450448181995,0.1416666666666666,2503,0.0,0.986016779864163,0.0,0.0,1.0,21354.66219458825,0.0,7.161388356086971e-15,2.646465794573171e-13,0.0,0.0,0.0,0.0,,,0.0,500.0,42.7093243891765,0.0,0.0
