arm,seed,drivers.num_drivers,requests,completed,completion_rate,cancel_rate,cancel_no_match_rate,cancel_eta_rate,cancel_late_rate,wait_mean_s,wait_p50_s,wait_p90_s,wait_all_mean_s,completed_per_hour,time_to_match_mean_s,pickup_mean_s,driver_idle_frac,driver_enroute_frac,driver_ontrip_frac,batches,batch_riders_mean,solve_ms_mean,solve_ms_p99,decline_rate,shadow_gap_s_per_batch,shadow_gap_frac,shadow_worse_batches_frac,app_opens,priced_out_rate,served_rate,retried_rate,surged_trip_frac,mean_multiplier_paid,revenue_per_hour,surge_revenue_per_hour,eta_error_mean_s,eta_abs_error_mean_s,eta_late_2min_frac,moves_per_driver_hour,chase_moves_per_hour,reposition_km_per_hour,moves_dispatched_frac,move_planned_mean_s,driver_reposition_frac,drivers_online_mean,earnings_per_online_hour,reserve_logons,reserve_logoffs
immediate_greedy,0,300,2508,1777,0.7085326953748007,0.2914673046251994,0.036682615629984,0.2547846889952153,0.0,348.42415800035906,311.3929209101334,645.7212440271848,263.7491205864013,710.8,12.850347795386842,335.5738102049722,0.0739934483199519,0.1879360034332949,0.7380705482467531,3229,7.360792815113038,0.0725924744473409,0.1648160003969678,0.0485537190082644,,,,2508,0.0,0.7085326953748007,0.0,0.0,1.0,17636.401801238233,0.0,-9.293510124535286e-15,2.742978107515563e-13,0.0,0.0,0.0,0.0,,,0.0,300.0,58.78800600412744,0.0,0.0
immediate_greedy,1,300,2508,1776,0.7081339712918661,0.291866028708134,0.0378787878787878,0.2539872408293461,0.0,356.60115332371777,318.60029183479446,665.0158340760536,271.86965061340715,710.4,14.75251037842782,341.8486429452899,0.0747487465456961,0.1905163319417993,0.7347349215125045,3242,8.11536088834053,0.0615570635500009,0.16565400048421,0.044112539076068,,,,2508,0.0,0.7081339712918661,0.0,0.0,1.0,17749.774584280938,0.0,2.3746895341016703e-14,2.6816599491547574e-13,0.0,0.0,0.0,0.0,,,0.0,300.0,59.16591528093646,0.0,0.0
immediate_greedy,2,300,2508,1808,0.7208931419457735,0.2791068580542264,0.034688995215311,0.2444178628389154,0.0,348.963270072816,310.7432173651832,660.4776836239516,268.1267323933288,723.2,12.017399735976316,336.9458703368397,0.0778399919344943,0.1919159423684453,0.7302440656970604,3246,7.145717806531115,0.0618845964287775,0.1852200000485027,0.0506849315068493,,,,2508,0.0,0.7208931419457735,0.0,0.0,1.0,17681.272847128188,0.0,-2.478720277213444e-15,2.6670025578354113e-13,0.0,0.0,0.0,0.0,,,0.0,300.0,58.93757615709396,0.0,0.0
immediate_greedy,3,300,2508,1780,0.7097288676236044,0.2902711323763955,0.043859649122807,0.2464114832535885,0.0,347.41577392627545,301.18856736645785,654.8947956519737,265.75795277914034,712.0,14.307402539402917,333.1083713868726,0.0739798762264832,0.1858383843754887,0.740181739398028,3232,8.150371287128714,0.0671197091606916,0.195444999872052,0.045581071677105,,,,2508,0.0,0.7097288676236044,0.0,0.0,1.0,17745.936049952863,0.0,-1.0371354212400016e-14,2.771549531699835e-13,0.0,0.0,0.0,0.0,,,0.0,300.0,59.153120166509545,0.0,0.0
immediate_greedy,4,300,2508,1796,0.7161084529505582,0.2838915470494418,0.0378787878787878,0.2460127591706539,0.0,338.1715150419902,299.367620854139,635.24117022368,258.8650029275715,718.4,10.639866428280078,327.5316486137101,0.0667325132876292,0.1860691241381772,0.7471983625741936,3246,7.081022797288971,0.0685134319135168,0.1806300004773221,0.0483091787439613,,,,2508,0.0,0.7161084529505582,0.0,0.0,1.0,17876.225016702432,0.0,-3.490155454918504e-16,2.683556173614695e-13,0.0,0.0,0.0,0.0,,,0.0,300.0,59.58741672234144,0.0,0.0
immediate_greedy,5,300,2508,1787,0.7125199362041468,0.2874800637958533,0.0314992025518341,0.2559808612440191,0.0,333.3352218920461,293.48332595994907,634.0717712615542,252.25111579965545,714.8,11.097484469037488,322.23773742300864,0.0780702367575819,0.1838857306145955,0.7380440326278225,3295,6.525037936267071,0.0594237025859232,0.1583419994312862,0.0557443915703603,,,,2508,0.0,0.7125199362041468,0.0,0.0,1.0,17604.184095118944,0.0,5.361998229619405e-15,2.732211025229317e-13,0.0,0.0,0.0,0.0,,,0.0,300.0,58.68061365039649,0.0,0.0
immediate_greedy,0,350,2508,1931,0.7699362041467305,0.2300637958532695,0.0299043062200956,0.2001594896331738,0.0,299.5132208693404,258.6895739320189,586.817969062804,244.98670091817075,772.4,8.975023894472127,290.53819697486824,0.1514231455024339,0.1550478622433604,0.6935289922542055,3489,6.145600458584122,0.0612191172283362,0.1456359999428968,0.0511421752471871,,,,2508,0.0,0.7699362041467305,0.0,0.0,1.0,19237.06602341504,0.0,-2.9080828889456463e-16,2.701689496437159e-13,0.0,0.0,0.0,0.0,,,0.0,350.0,54.96304578118583,0.0,0.0
immediate_greedy,1,350,2508,1936,0.7719298245614035,0.2280701754385964,0.0322966507177033,0.1957735247208931,0.0,294.7272104188897,251.7738838352645,578.0229796928047,242.76294180725463,774.4,8.536819485212314,286.1903909336773,0.1563445144018433,0.1545538489372002,0.6891016366609565,3525,6.430070921985815,0.061301815604301,0.1420919999873145,0.0494335736354273,,,,2508,0.0,0.7719298245614035,0.0,0.0,1.0,19331.35192670505,0.0,3.157483457430843e-16,2.6859701331780817e-13,0.0,0.0,0.0,0.0,,,0.0,350.0,55.23243407630014,0.0,0.0
immediate_greedy,2,350,2508,1955,0.779505582137161,0.2204944178628389,0.029505582137161,0.1909888357256778,0.0,298.7847179232056,245.50480814468483,607.4127973185855,246.39920763548184,782.0,9.609866426725707,289.1748514964799,0.1568332943217376,0.156832048851273,0.6863346568269894,3503,6.088495575221239,0.0842747073989195,0.246577999641886,0.0530251529571719,,,,2508,0.0,0.779505582137161,0.0,0.0,1.0,19352.95926200782,0.0,1.135062490147972e-14,2.575164293229604e-13,0.0,0.0,0.0,0.0,,,0.0,350.0,55.29416932002234,0.0,0.0
immediate_greedy,3,350,2508,1940,0.773524720893142,0.226475279106858,0.0263157894736842,0.2001594896331738,0.0,302.698171327849,255.52155875074916,593.837646567673,246.66964460876875,776.0,8.578546235868368,294.1196250919806,0.1499636709470865,0.1571891650131194,0.692847164039794,3484,5.80654420206659,0.0832724741656683,0.2123189996018482,0.0522920203735144,,,,2508,0.0,0.773524720893142,0.0,0.0,1.0,19316.815678758525,0.0,-8.749129713955834e-15,2.697442498462229e-13,0.0,0.0,0.0,0.0,,,0.0,350.0,55.19090193931007,0.0,0.0
immediate_greedy,4,350,2508,1949,0.7771132376395534,0.2228867623604465,0.0267145135566188,0.1961722488038277,0.0,298.37426816939296,254.323844115188,579.1854310320858,243.56887232539177,779.6,8.301302710200037,290.0729654591929,0.1402969164603241,0.156362245217725,0.7033408383219508,3490,5.673925501432665,0.0862488252210891,0.2324769998176635,0.0396278428669882,,,,2508,0.0,0.7771132376395534,0.0,0.0,1.0,19674.642847548537,0.0,-4.364560705324756e-16,2.653243909282972e-13,0.0,0.0,0.0,0.0,,,0.0,350.0,56.21326527871011,0.0,0.0
immediate_greedy,5,350,2508,1948,0.7767145135566188,0.2232854864433811,0.0283094098883572,0.1949760765550239,0.0,295.67035594359936,251.84738108279817,575.7453644794386,240.66191451211805,779.2,8.380305987396703,287.2900499562025,0.1464312180103271,0.1558196858807005,0.6977490961089723,3513,5.24935952177626,0.0735863364587556,0.2223000000230968,0.0487555404023184,,,,2508,0.0,0.7767145135566188,0.0,0.0,1.0,19380.04719785231,0.0,-4.8278743540039536e-15,2.692845946228317e-13,0.0,0.0,0.0,0.0,,,0.0,350.0,55.37156342243517,0.0,0.0
immediate_greedy,0,400,2508,2013,0.8026315789473685,0.1973684210526315,0.020334928229665,0.1770334928229665,0.0,272.43066290550445,229.06796314504663,536.277852799902,228.3568649764597,805.2,5.863946847987489,266.56671605751694,0.2274470505727331,0.1318191649841366,0.6407337844431302,3619,4.546559823155568,0.0701249792796275,0.1716640003542125,0.0464879538513742,,,,2508,0.0,0.8026315789473685,0.0,0.0,1.0,20228.595069537823,0.0,-5.141220561823539e-15,2.62334615034476e-13,0.0,0.0,0.0,0.0,,,0.0,400.0,50.57148767384456,0.0,0.0
immediate_greedy,1,400,2508,2014,0.803030303030303,0.1969696969696969,0.0163476874003189,0.180622009569378,0.0,270.1434941738921,224.1822939482231,549.0563781844894,226.2812286513008,805.6,6.103069752731716,264.0404244211604,0.2352896124910648,0.1315522603122719,0.6331581271966632,3479,4.973268180511641,0.0759751940134255,0.1845880004839272,0.0496789455897262,,,,2508,0.0,0.803030303030303,0.0,0.0,1.0,20262.644818206165,0.0,-2.5876906267107296e-15,2.666115149462131e-13,0.0,0.0,0.0,0.0,,,0.0,400.0,50.656612045515416,0.0,0.0
immediate_greedy,2,400,2508,2030,0.8094098883572568,0.1905901116427432,0.0179425837320574,0.1726475279106858,0.0,279.4878353698958,232.7633764654736,556.2207967467947,234.88364097060708,812.0,6.013790632317187,273.4740447375786,0.2320040849266298,0.1363915610492813,0.6316043540240888,3658,4.3201202843083655,0.0703643521042736,0.1732579994586557,0.0502699055330634,,,,2508,0.0,0.8094098883572568,0.0,0.0,1.0,20271.333726327597,0.0,4.168860112072768e-15,2.5979098456492005e-13,0.0,0.0,0.0,0.0,,,0.0,400.0,50.67833431581898,0.0,0.0
immediate_greedy,3,400,2508,2019,0.8050239234449761,0.1949760765550239,0.0171451355661882,0.1778309409888357,0.0,275.5023859859365,228.9784957515753,557.4713195314285,230.04674235089084,807.6,5.0416632302484,270.4607227556881,0.2327189010313374,0.1340058250859245,0.6332752738827381,3619,4.138988670903564,0.0660127106948971,0.1643560000957224,0.0486650895572828,,,,2508,0.0,0.8050239234449761,0.0,0.0,1.0,20143.17642585988,0.0,-2.28808222162718e-15,2.675782659667826e-13,0.0,0.0,0.0,0.0,,,0.0,400.0,50.3579410646497,0.0,0.0
immediate_greedy,4,400,2508,2013,0.8026315789473685,0.1973684210526315,0.0223285486443381,0.1750398724082934,0.0,273.5391892030165,228.72512001074935,541.9606513851282,229.54986110809813,805.2,6.594591944641207,266.94459725837527,0.2328881264336181,0.1318860547018096,0.6352258188645722,3653,4.8699698877634825,0.076045414731793,0.2178919998186756,0.0508646998982706,,,,2508,0.0,0.8026315789473685,0.0,0.0,1.0,20257.060628930863,0.0,6.383699662606228e-15,2.706699466866195e-13,0.0,0.0,0.0,0.0,,,0.0,400.0,50.64265157232716,0.0,0.0
immediate_greedy,5,400,2508,2031,0.8098086124401914,0.1901913875598086,0.0171451355661882,0.1730462519936204,0.0,269.374633612674,231.5204718578452,532.8200418642245,225.323257221434,812.4,4.303804579921819,265.0708290327522,0.2293644646632227,0.1325288479847042,0.6381066873520729,3600,3.6425,0.0610579166724771,0.146001000302931,0.0463464140730717,,,,2508,0.0,0.8098086124401914,0.0,0.0,1.0,20219.25384785204,0.0,-9.795654631549916e-15,2.593289662009536e-13,0.0,0.0,0.0,0.0,,,0.0,400.0,50.548134619630105,0.0,0.0
immediate_greedy,0,450,2508,2074,0.8269537480063796,0.1730462519936204,0.011164274322169,0.1618819776714513,0.0,252.31647553339195,214.10868744037,518.2915659605952,215.20790361123215,829.6,3.768502337818648,248.54797319557332,0.2974227778619195,0.1138187221336404,0.5887585000044401,3703,3.363759114231704,0.0601560626582987,0.1626759992541338,0.0445043830074173,,,,2508,0.0,0.8269537480063796,0.0,0.0,1.0,20856.50462788921,0.0,1.3638506374831118e-15,2.599304035698846e-13,0.0,0.0,0.0,0.0,,,0.0,450.0,46.34778806197603,0.0,0.0
immediate_greedy,1,450,2508,2063,0.8225677830940988,0.1774322169059011,0.0131578947368421,0.164274322169059,0.0,254.31550691382637,202.6366943232115,539.6388468705819,217.0583064078472,825.2,4.941795485526943,249.3737114282994,0.3111111005828777,0.1132806403980956,0.5756082590190266,3676,4.25272034820457,0.0712548150156385,0.161749999733729,0.0511440107671601,,,,2508,0.0,0.8225677830940988,0.0,0.0,1.0,20627.590829194025,0.0,3.991098398073236e-15,2.576080136625563e-13,0.0,0.0,0.0,0.0,,,0.0,450.0,45.83909073154228,0.0,0.0
immediate_greedy,2,450,2508,2075,0.8273524720893142,0.1726475279106858,0.0147527910685805,0.1578947368421052,0.0,262.01040857879264,215.07187697993504,524.8242489128013,223.50749223455148,830.0,4.277720953262909,257.73268762552976,0.304404216416525,0.1172910200909348,0.5783047634925401,3715,3.5082099596231493,0.0623723553235444,0.1632919997973661,0.0491748063320983,,,,2508,0.0,0.8273524720893142,0.0,0.0,1.0,20687.285741326323,0.0,5.8488154078975605e-15,2.62572186215948e-13,0.0,0.0,0.0,0.0,,,0.0,450.0,45.97174609183627,0.0,0.0
immediate_greedy,3,450,2508,2069,0.8249601275917066,0.1750398724082934,0.0147527910685805,0.1602870813397129,0.0,259.2963414743389,214.95658162913605,541.0188029623844,220.578502540999,827.6,4.7266864239530335,254.56965505038585,0.3018758938121151,0.115141269616146,0.5829828365717388,3659,3.7507515714676143,0.0648257720680267,0.1512199997159769,0.0456698240866035,,,,2508,0.0,0.8249601275917066,0.0,0.0,1.0,20837.952339516225,0.0,2.235470817104109e-16,2.621043922152155e-13,0.0,0.0,0.0,0.0,,,0.0,450.0,46.3065607544805,0.0,0.0
immediate_greedy,4,450,2508,2051,0.8177830940988836,0.1822169059011164,0.0155502392344497,0.1666666666666666,0.0,256.3933962058188,217.9092039207692,511.81557392225386,216.3406996652237,820.4,3.5767769031793586,252.81661930263945,0.3101440509412765,0.114050451610403,0.5758054974483204,3617,3.622891899364114,0.0639942770168823,0.1670159998684546,0.0434634974533107,,,,2508,0.0,0.8177830940988836,0.0,0.0,1.0,20656.3310888099,0.0,2.914944411314709e-15,2.682555407559553e-13,0.0,0.0,0.0,0.0,,,0.0,450.0,45.90295797513311,0.0,0.0
immediate_greedy,5,450,2508,2085,0.8313397129186603,0.1686602870813397,0.0163476874003189,0.1523125996810207,0.0,255.1693740167654,212.74030314809897,506.9273339075747,218.72715564425744,834.0,4.989999254583294,250.1793747621821,0.294543329362303,0.1148734598239777,0.5905832108137193,3627,3.738626964433416,0.0644364488580212,0.1597000000401749,0.0507904473595694,,,,2508,0.0,0.8313397129186603,0.0,0.0,1.0,21029.39864883502,0.0,-1.5924059300060027e-14,2.6208899159654e-13,0.0,0.0,0.0,0.0,,,0.0,450.0,46.73199699741116,0.0,0.0
immediate_greedy,0,500,2508,2140,0.8532695374800638,0.1467304625199362,0.0063795853269537,0.1403508771929824,0.0,238.67000815769973,199.269648095531,474.9540128617597,207.86559562478308,856.0,2.949501953383804,235.720506204316,0.3525152858189533,0.1015410698678743,0.5459436443131723,3578,2.7769703745109,0.0533801565085164,0.1583350000964856,0.0468854655056932,,,,2508,0.0,0.8532695374800638,0.0,0.0,1.0,21541.700495919176,0.0,5.946956323027182e-15,2.628359627554996e-13,0.0,0.0,0.0,0.0,,,0.0,500.0,43.08340099183835,0.0,0.0
immediate_greedy,1,500,2508,2122,0.8460925039872408,0.1539074960127591,0.0107655502392344,0.1431419457735247,0.0,238.61718442729745,195.4468874201648,503.22815871613193,207.53967696851493,848.8,4.308647908405105,234.3085365188923,0.3633590131924423,0.0987968888913948,0.5378440979161628,3565,3.708835904628331,0.0665644600293289,0.1860159996067523,0.0538641686182669,,,,2508,0.0,0.8460925039872408,0.0,0.0,1.0,21454.94588647113,0.0,1.0337212288378378e-14,2.626041598019428e-13,0.0,0.0,0.0,0.0,,,0.0,500.0,42.90989177294226,0.0,0.0
immediate_greedy,2,500,2508,2143,0.8544657097288676,0.1455342902711323,0.009170653907496,0.1363636363636363,0.0,244.13418560966412,201.13742945627928,501.2267243668901,213.5363595303593,857.2,3.0029507118913816,241.13123489777277,0.3589784864338075,0.1025297543239084,0.5384917592422841,3628,2.9324696802646084,0.0589041896361898,0.186364999426587,0.0467069892473118,,,,2508,0.0,0.8544657097288676,0.0,0.0,1.0,21443.361153793285,0.0,-6.814375889922788e-15,2.558725772351243e-13,0.0,0.0,0.0,0.0,,,0.0,500.0,42.886722307586574,0.0,0.0
immediate_greedy,3,500,2508,2097,0.8361244019138756,0.1638755980861244,0.0143540669856459,0.1495215311004784,0.0,242.23766208249137,192.7326160234916,527.7053925681281,209.79279281413704,838.8,5.148753962104161,237.08890812038723,0.3693000176962852,0.0986802160609326,0.5320197662427821,3760,3.953989361702128,0.070568909579398,0.2040870001837901,0.0514285714285714,,,,2508,0.0,0.8361244019138756,0.0,0.0,1.0,20986.521496162364,0.0,-2.798587939040809e-16,2.6220037109552934e-13,0.0,0.0,0.0,0.0,,,0.0,500.0,41.97304299232473,0.0,0.0
immediate_greedy,4,500,2508,2137,0.85207336523126,0.14792663476874,0.0083732057416267,0.1395534290271132,0.0,240.10299094815304,199.18611540056415,490.2877480908019,209.7038192780329,854.8,3.139283271009885,236.9637076771432,0.3587710608796977,0.1010187836383493,0.5402101554819531,3642,3.2204832509610104,0.0630646073594163,0.1822129999891332,0.0457758330528441,,,,2508,0.0,0.85207336523126,0.0,0.0,1.0,21717.77357309848,0.0,7.470029378509722e-15,2.633152885667757e-13,0.0,0.0,0.0,0.0,,,0.0,500.0,43.43554714619697,0.0,0.0
immediate_greedy,5,500,2508,2135,0.8512759170653907,0.1487240829346092,0.0087719298245614,0.1399521531100478,0.0,240.5043909645996,202.071105480989,487.0189615980272,208.9221191406042,854.0,3.114571084781964,237.3898198798176,0.353442633348114,0.101462586908675,0.545094779743211,3633,2.7588769611891,0.0568459399898846,0.1598400004513677,0.0491803278688524,,,,2508,0.0,0.8512759170653907,0.0,0.0,1.0,21642.678508650835,0.0,-6.936839861308976e-15,2.529054769405907e-13,0.0,0.0,0.0,0.0,,,0.0,500.0,43.28535701730167,0.0,0.0
batched_greedy@10s,0,300,2508,1789,0.7133173843700159,0.286682615629984,0.062200956937799,0.224481658692185,0.0,346.9887919179936,310.71646467283244,626.6893829557484,271.71844736477044,715.6,18.764114030184466,328.2246778878091,0.0718886855449682,0.1836308020289391,0.7444805124260926,1111,10.502250225022502,0.0542136813654948,0.1291800002945821,0.0472996823155665,,,,2508,0.0,0.7133173843700159,0.0,0.0,1.0,17634.30687745642,0.0,-2.8595224443084387e-15,2.664754945489821e-13,0.0,0.0,0.0,0.0,,,0.0,300.0,58.78102292485473,0.0,0.0
batched_greedy@10s,1,300,2508,1793,0.7149122807017544,0.2850877192982456,0.071371610845295,0.2137161084529505,0.0,344.78236373963495,309.74684554072974,635.9852899995592,274.9227413807908,717.2,20.373117679866144,324.4092460597688,0.0767831161179793,0.1796009002473567,0.743615983634664,1136,11.599471830985916,0.0550158450618204,0.124850000065635,0.0471428571428571,,,,2508,0.0,0.7149122807017544,0.0,0.0,1.0,17841.43233189219,0.0,-2.1943158698642663e-15,2.711962153884614e-13,0.0,0.0,0.0,0.0,,,0.0,300.0,59.4714411063073,0.0,0.0
batched_greedy@10s,2,300,2508,1825,0.7276714513556619,0.2723285486443381,0.0586124401913875,0.2137161084529505,0.0,327.4675641117435,291.1173929114325,608.8385894652417,262.1317040324152,730.0,15.498630136986302,311.9689339747572,0.081022608665074,0.1795360373752728,0.7394413539596532,1097,9.95806745670009,0.0577935277913393,0.1309679999030776,0.0467815687653886,,,,2508,0.0,0.7276714513556619,0.0,0.0,1.0,17813.876201622817,0.0,9.423208028188317e-16,2.706915969913272e-13,0.0,0.0,0.0,0.0,,,0.0,300.0,59.37958733874272,0.0,0.0
batched_greedy@10s,3,300,2508,1789,0.7133173843700159,0.286682615629984,0.0677830940988835,0.2188995215311004,0.0,340.46954298753855,298.89952564201485,631.2371001824542,270.5105022294262,715.6,18.97987702627166,321.4896659612669,0.0753692716662672,0.1789939493280619,0.7456367790056708,1093,11.488563586459286,0.0588209515014226,0.1365280002210053,0.0536155202821869,,,,2508,0.0,0.7133173843700159,0.0,0.0,1.0,17762.664649201277,0.0,-1.4489744724853513e-14,2.6748133550946983e-13,0.0,0.0,0.0,0.0,,,0.0,300.0,59.20888216400426,0.0,0.0
batched_greedy@10s,4,300,2508,1808,0.7208931419457735,0.2791068580542264,0.0645933014354067,0.2145135566188197,0.0,336.3020511461728,298.17155369295324,615.7322457236536,266.50809880115213,723.2,18.581305309734518,317.7207458364383,0.0634123039033779,0.1804313828923423,0.7561563132042798,1094,10.683729433272395,0.0606642596001992,0.1978470001449749,0.0447443181818181,,,,2508,0.0,0.7208931419457735,0.0,0.0,1.0,18105.71492458384,0.0,4.6041096205943024e-15,2.676640865686361e-13,0.0,0.0,0.0,0.0,,,0.0,300.0,60.35238308194614,0.0,0.0
batched_greedy@10s,5,300,2508,1793,0.7149122807017544,0.2850877192982456,0.0554226475279106,0.2296650717703349,0.0,331.37841714949803,292.0203260265825,600.4728690940029,259.56367585322954,717.2,18.999442275515896,312.37897487398214,0.0722417262160099,0.1756090224622772,0.7521492513217128,1090,10.353211009174313,0.0602188990592575,0.2113100001315614,0.0549947789766794,,,,2508,0.0,0.7149122807017544,0.0,0.0,1.0,17803.91210838676,0.0,2.9158060362297054e-15,2.6710851415066694e-13,0.0,0.0,0.0,0.0,,,0.0,300.0,59.34637369462254,0.0,0.0
batched_greedy@10s,0,350,2508,1945,0.7755183413078149,0.224481658692185,0.04585326953748,0.1786283891547049,0.0,295.6546428432957,253.07431194705987,566.8899792203106,248.4928124969429,778.0,13.953213367609257,281.70142947568644,0.1527759388155986,0.1512532422876539,0.6959708188967475,1097,8.777575205104831,0.0649536919119389,0.1744560000952332,0.0485605272285813,,,,2508,0.0,0.7755183413078149,0.0,0.0,1.0,19300.987189599586,0.0,7.050058908558e-15,2.6859097636659873e-13,0.0,0.0,0.0,0.0,,,0.0,350.0,55.14567768457023,0.0,0.0
batched_greedy@10s,1,350,2508,1943,0.7747208931419458,0.2252791068580542,0.0402711323763955,0.1850079744816587,0.0,298.41678697344975,258.1527379753743,571.255628185179,248.519356114868,777.2,14.487905301080804,283.9288816723689,0.1574286760798778,0.1520112279604147,0.6905600959597075,1093,8.68252516010979,0.067003934112392,0.1889440002923942,0.0504317789291882,,,,2508,0.0,0.7747208931419458,0.0,0.0,1.0,19443.697264248807,0.0,3.5162585944098247e-15,2.706774016911153e-13,0.0,0.0,0.0,0.0,,,0.0,350.0,55.553420754996594,0.0,0.0
batched_greedy@10s,2,350,2508,1953,0.7787081339712919,0.2212918660287081,0.0490430622009569,0.1722488038277512,0.0,288.7187224674064,246.25047134778333,559.2184657076383,243.6680342789324,781.2,13.88888888888889,274.82983357851754,0.1647759946305769,0.1488248725208955,0.6863991328485275,1094,8.648080438756855,0.0661320840924436,0.2042029999574877,0.0503297466157584,,,,2508,0.0,0.7787081339712919,0.0,0.0,1.0,19307.084232758403,0.0,1.6538514314090978e-14,2.704347527050503e-13,0.0,0.0,0.0,0.0,,,0.0,350.0,55.16309780788115,0.0,0.0
batched_greedy@10s,3,350,2508,1929,0.7691387559808612,0.2308612440191387,0.0418660287081339,0.1889952153110047,0.0,302.7897182180434,260.9511233037083,585.5670810755785,250.52526376871208,771.6,14.843442198030068,287.94627602001333,0.1505201311127103,0.1521162465406985,0.6973636223465911,1093,8.622140896614821,0.0633440073142526,0.1813120000224443,0.0494125777470628,,,,2508,0.0,0.7691387559808612,0.0,0.0,1.0,19338.70879519094,0.0,1.5101105090780122e-15,2.72958431389e-13,0.0,0.0,0.0,0.0,,,0.0,350.0,55.25345370054555,0.0,0.0
batched_greedy@10s,4,350,2508,1946,0.7759170653907496,0.2240829346092504,0.0454545454545454,0.1786283891547049,0.0,291.72654834642026,252.56505546207177,551.2287787942475,242.5594893275034,778.4,13.845323741007194,277.8812246054131,0.1532655772511326,0.1494030882648833,0.6973313344839841,1094,8.297989031078611,0.0672535649058776,0.2118259995222614,0.0436604959832343,,,,2508,0.0,0.7759170653907496,0.0,0.0,1.0,19548.72023065457,0.0,-2.4535586534958626e-15,2.640456084908532e-13,0.0,0.0,0.0,0.0,,,0.0,350.0,55.85348637329877,0.0,0.0
batched_greedy@10s,5,350,2508,1934,0.7711323763955343,0.2288676236044657,0.0362838915470494,0.1925837320574162,0.0,294.52280853179207,252.3902160496882,557.4512912547843,241.35021764706505,773.6,13.67683557394002,280.84597295785204,0.1508935736141383,0.1495271823265721,0.6995792440592895,1084,7.568265682656826,0.0653189114426222,0.1732400004675584,0.0503942406582104,,,,2508,0.0,0.7711323763955343,0.0,0.0,1.0,19376.66390669472,0.0,-1.742085735692845e-14,2.669578909304283e-13,0.0,0.0,0.0,0.0,,,0.0,350.0,55.36189687627061,0.0,0.0
batched_greedy@10s,0,400,2508,2023,0.8066188197767146,0.1933811802232855,0.0303030303030303,0.1630781499202551,0.0,277.1796685651028,237.1235985282456,535.5781252755033,236.4207409041993,809.2,12.294117647058824,264.8855509180439,0.2216080433951963,0.1304625947281866,0.6479293618766171,1097,7.033728350045579,0.0674955332851906,0.2073679999011799,0.0514305177111716,,,,2508,0.0,0.8066188197767146,0.0,0.0,1.0,20461.71628427995,0.0,2.848273602473832e-16,2.6573163398389226e-13,0.0,0.0,0.0,0.0,,,0.0,400.0,51.15429071069988,0.0,0.0
batched_greedy@10s,1,400,2508,2020,0.8054226475279107,0.1945773524720893,0.0307017543859649,0.1638755980861244,0.0,272.5171476236762,230.4656110740534,537.858189007639,233.15645379961688,808.0,11.878217821782178,260.638929801894,0.2357001656199892,0.1281332688061153,0.6361665655738954,1126,7.188277087033748,0.0698201598484701,0.2028750000135915,0.0541737649063032,,,,2508,0.0,0.8054226475279107,0.0,0.0,1.0,20265.387467752706,0.0,5.2240939846842136e-15,2.616702234430511e-13,0.0,0.0,0.0,0.0,,,0.0,400.0,50.66346866938176,0.0,0.0
batched_greedy@10s,2,400,2508,2025,0.8074162679425837,0.1925837320574162,0.0251196172248803,0.1674641148325359,0.0,283.13464793237534,238.5179301296785,562.5868248340852,239.96550704068068,810.0,12.420246913580248,270.7144010187951,0.2335239127689491,0.1341631693387917,0.6323129178922591,1095,6.757077625570776,0.0674393607148877,0.2014799998323719,0.0460593654042988,,,,2508,0.0,0.8074162679425837,0.0,0.0,1.0,20273.07841338354,0.0,1.0760007425525134e-14,2.693782645506131e-13,0.0,0.0,0.0,0.0,,,0.0,400.0,50.68269603345885,0.0,0.0
batched_greedy@10s,3,400,2508,2009,0.80103668261563,0.19896331738437,0.0267145135566188,0.1722488038277512,0.0,276.6872493474789,230.34110574505303,547.6641755135632,234.0156158377017,803.6,11.809357889497262,264.87789145798166,0.2389795879714266,0.1293479813334901,0.6316724306950832,1085,6.983410138248848,0.0690350230487625,0.1916160002292599,0.05071477195371,,,,2508,0.0,0.80103668261563,0.0,0.0,1.0,20059.011040398535,0.0,1.3694040094679632e-16,2.6367968148504825e-13,0.0,0.0,0.0,0.0,,,0.0,400.0,50.14752760099635,0.0,0.0
batched_greedy@10s,4,400,2508,2013,0.8026315789473685,0.1973684210526315,0.0326953748006379,0.1646730462519936,0.0,269.1240922709068,230.26598931010585,531.3087995102393,229.0544646556283,805.2,11.303527074018875,257.8205651968879,0.2382790294951829,0.1265257163594431,0.6351952541453739,1094,7.157221206581353,0.0682328153530758,0.1802239999869923,0.0428324697754749,,,,2508,0.0,0.8026315789473685,0.0,0.0,1.0,20341.616541029456,0.0,1.3974029197678882e-14,2.637335070760354e-13,0.0,0.0,0.0,0.0,,,0.0,400.0,50.854041352573645,0.0,0.0
batched_greedy@10s,5,400,2508,2032,0.810207336523126,0.189792663476874,0.0167464114832535,0.1730462519936204,0.0,271.79467112509224,230.11485081773185,527.0968708968692,228.44080988405145,812.8,9.507874015748031,262.2867971093442,0.2250364429002623,0.1310243663281406,0.6439391907715971,1083,5.5484764542936285,0.0685932594461584,0.1894720001837416,0.0533915379449294,,,,2508,0.0,0.810207336523126,0.0,0.0,1.0,20429.33596499601,0.0,-4.951201303717111e-16,2.609816343787281e-13,0.0,0.0,0.0,0.0,,,0.0,400.0,51.073339912490034,0.0,0.0
batched_greedy@10s,0,450,2508,2078,0.828548644338118,0.1714513556618819,0.0191387559808612,0.1523125996810207,0.0,258.177604293388,217.17324859801693,507.7861303661378,222.2548441962286,831.2,11.36669874879692,246.81090554459112,0.2990498028470905,0.1124497149845863,0.5885004821683232,1096,5.868613138686132,0.0709583029117185,0.1941800000167858,0.0477157360406091,,,,2508,0.0,0.828548644338118,0.0,0.0,1.0,20966.92045269187,0.0,7.465955989466765e-16,2.632554638403546e-13,0.0,0.0,0.0,0.0,,,0.0,450.0,46.59315656153749,0.0,0.0
batched_greedy@10s,1,450,2508,2073,0.8265550239234449,0.173444976076555,0.0199362041467304,0.1535087719298245,0.0,258.39867736050155,212.873066915402,530.3223908843855,223.18263949339396,829.2,11.078630004823928,247.3200473556776,0.3061191051245358,0.1116327450547383,0.5822481498207259,1089,6.4178145087236,0.0714404040565278,0.2012719999765974,0.0578151260504201,,,,2508,0.0,0.8265550239234449,0.0,0.0,1.0,20899.013968968844,0.0,1.4433327770884247e-14,2.610770044704757e-13,0.0,0.0,0.0,0.0,,,0.0,450.0,46.44225326437521,0.0,0.0
batched_greedy@10s,2,450,2508,2076,0.8277511961722488,0.1722488038277512,0.018341307814992,0.1539074960127591,0.0,267.5427041341527,222.00547498052904,539.6824944118764,230.62891776092167,830.4,10.013005780346822,257.5296983538059,0.3015481211765236,0.1164102753709911,0.5820416034524852,1090,5.870642201834863,0.0715369724767956,0.1805770001556083,0.051264755480607,,,,2508,0.0,0.8277511961722488,0.0,0.0,1.0,20821.3982282133,0.0,5.337734108277306e-15,2.607112770157167e-13,0.0,0.0,0.0,0.0,,,0.0,450.0,46.269773840474,0.0,0.0
batched_greedy@10s,3,450,2508,2071,0.8257575757575758,0.1742424242424242,0.0171451355661882,0.157097288676236,0.0,257.1446070192083,214.18910444234643,531.903242187831,220.4067682573141,828.4,8.528730082085948,248.61587693712235,0.3007812150154223,0.1130206927172473,0.5861980922673303,1061,5.547596606974552,0.0730351555232237,0.2108600001520245,0.0461016949152542,,,,2508,0.0,0.8257575757575758,0.0,0.0,1.0,20875.494139273465,0.0,-1.0297787623966432e-14,2.6319297618508583e-13,0.0,0.0,0.0,0.0,,,0.0,450.0,46.38998697616326,0.0,0.0
batched_greedy@10s,4,450,2508,2065,0.8233652312599681,0.1766347687400319,0.0195374800637958,0.157097288676236,0.0,258.4400114149736,219.3420054454191,517.5051045936431,221.2513073877018,826.0,9.246489104116224,249.1935223108574,0.306947151708267,0.1132572996082628,0.5797955486834702,1090,5.7871559633027525,0.0706018348672833,0.1906090000557012,0.0436413228775997,,,,2508,0.0,0.8233652312599681,0.0,0.0,1.0,20860.364642618028,0.0,5.7954179523701746e-15,2.571374375196745e-13,0.0,0.0,0.0,0.0,,,0.0,450.0,46.35636587248451,0.0,0.0
batched_greedy@10s,5,450,2508,2083,0.830542264752791,0.1694577352472089,0.0207336523125996,0.1487240829346092,0.0,251.26311128300352,206.22705167715503,499.3955237756223,217.46245081882367,833.2,9.693230916946712,241.5698803660568,0.2974226845260536,0.1108919933730384,0.591685322100908,1082,5.759704251386322,0.0742129389767924,0.1950649996888394,0.0526138279932546,,,,2508,0.0,0.830542264752791,0.0,0.0,1.0,21019.53758318429,0.0,-2.565078890211728e-15,2.639583756135997e-13,0.0,0.0,0.0,0.0,,,0.0,450.0,46.71008351818732,0.0,0.0
batched_greedy@10s,0,500,2508,2136,0.8516746411483254,0.1483253588516746,0.0123604465709728,0.1359649122807017,0.0,241.0327755730392,201.58163958947216,482.02529840561374,212.39628747944465,854.4,8.336142322097379,232.69663325094183,0.3536496647534436,0.0997194323694712,0.546630902877085,1088,5.103860294117647,0.0725692095374718,0.1912810003796035,0.050637156270959,,,,2508,0.0,0.8516746411483254,0.0,0.0,1.0,21587.54561706392,0.0,-1.4221873782674877e-15,2.634915797826364e-13,0.0,0.0,0.0,0.0,,,0.0,500.0,43.17509123412784,0.0,0.0
batched_greedy@10s,1,500,2508,2116,0.8437001594896332,0.1562998405103668,0.0167464114832535,0.1395534290271132,0.0,243.3086748851884,199.055965038345,508.6736376009094,213.3566593150364,846.4,9.158790170132326,234.1498847150561,0.3625703576776696,0.0983683139984631,0.5390613283238673,1089,5.692378328741965,0.0742998163357286,0.2081640000687901,0.0496621621621621,,,,2508,0.0,0.8437001594896332,0.0,0.0,1.0,21440.98882385541,0.0,1.426972381887069e-14,2.5889068246885044e-13,0.0,0.0,0.0,0.0,,,0.0,500.0,42.881977647710826,0.0,0.0
batched_greedy@10s,2,500,2508,2142,0.854066985645933,0.145933014354067,0.0059808612440191,0.1399521531100478,0.0,245.7413224593001,203.13123802859923,503.2895238116244,214.11573546473696,856.8,7.255835667600373,238.48548679169977,0.3578190253383053,0.1013736819965477,0.5408072926651469,1062,4.37758945386064,0.0761726930297964,0.2336430000195836,0.0465973851827019,,,,2508,0.0,0.854066985645933,0.0,0.0,1.0,21530.58766490857,0.0,-3.763251770585159e-15,2.5392542099490466e-13,0.0,0.0,0.0,0.0,,,0.0,500.0,43.06117532981713,0.0,0.0
batched_greedy@10s,3,500,2508,2094,0.8349282296650717,0.1650717703349282,0.0191387559808612,0.145933014354067,0.0,242.79593814961277,196.1056740748932,509.8302727909492,211.13678314222477,837.6,8.12559694364852,234.6703412059642,0.3717714180494941,0.0968463674431412,0.5313822145073646,1091,5.416131989000917,0.0723227314513842,0.2365600005759911,0.0455317703024125,,,,2508,0.0,0.8349282296650717,0.0,0.0,1.0,21020.389480455942,0.0,-4.242282000590128e-15,2.675560081246534e-13,0.0,0.0,0.0,0.0,,,0.0,500.0,42.04077896091189,0.0,0.0
batched_greedy@10s,4,500,2508,2130,0.8492822966507177,0.1507177033492823,0.0147527910685805,0.1359649122807017,0.0,242.25159002321013,202.13764380844032,485.9434855056946,212.81397096317133,852.0,8.196713615023475,234.05487640818663,0.3593320057834414,0.0994391722486456,0.541228821967913,1087,5.339466421343146,0.0740476541102651,0.196747999943911,0.0518343991921911,,,,2508,0.0,0.8492822966507177,0.0,0.0,1.0,21606.93956255928,0.0,-7.556918054281898e-15,2.5703101618921185e-13,0.0,0.0,0.0,0.0,,,0.0,500.0,43.21387912511856,0.0,0.0
batched_greedy@10s,5,500,2508,2146,0.8556618819776715,0.1443381180223285,0.0131578947368421,0.1311802232854864,0.0,243.20183000051108,205.30902597692057,479.9617155777696,214.38233189512,858.4,7.897483690587139,235.30434630992397,0.3520467661640925,0.1012066904387428,0.5467465433971646,1083,4.81994459833795,0.0744281624854883,0.194299999911891,0.0471380471380471,,,,2508,0.0,0.8556618819776715,0.0,0.0,1.0,21654.937129019487,0.0,-6.626469074190951e-15,2.568802579783141e-13,0.0,0.0,0.0,0.0,,,0.0,500.0,43.309874258038974,0.0,0.0
optimal@10s,0,300,2508,1789,0.7133173843700159,0.286682615629984,0.0526315789473684,0.2340510366826156,0.0,348.1510312985706,313.4696885465255,630.4569792280214,270.0762982407361,715.6,19.50642817216322,328.6446031264074,0.0698833775729468,0.1840054419157742,0.7461111805112789,1109,10.070333633904418,0.1361348962790264,0.3693359997487278,0.0538568450312717,5.059000611283947,0.0006550302368637,0.060414788097385,2508,0.0,0.7133173843700159,0.0,0.0,1.0,17773.027695453282,0.0,4.989115139279756e-15,2.7070588488674885e-13,0.0,0.0,0.0,0.0,,,0.0,300.0,59.24342565151095,0.0,0.0
optimal@10s,1,300,2508,1796,0.7161084529505582,0.2838915470494418,0.0649920255183413,0.2188995215311004,0.0,341.75930241777814,311.0148211693022,619.8007824043104,272.2766475208639,718.4,19.830734966592427,321.9285674511857,0.074508575807994,0.1798371408410775,0.7456542833509283,1155,11.144588744588743,0.129342251087019,0.3327719996559609,0.0502476999292285,4.199007677283067,0.0004803314005741,0.0606060606060606,2508,0.0,0.7161084529505582,0.0,0.0,1.0,17832.17992639733,0.0,-1.0992567905177787e-14,2.737136179673943e-13,0.0,0.0,0.0,0.0,,,0.0,300.0,59.44059975465777,0.0,0.0
optimal@10s,2,300,2508,1813,0.7228867623604466,0.2771132376395534,0.0502392344497607,0.2268740031897926,0.0,338.71505134918425,304.73134594694875,623.0411844684178,265.4425604259504,725.2,16.465526751241036,322.2495245979432,0.0786436214725382,0.1836067079107184,0.7377496706167433,1096,9.373175182481752,0.1352428832132962,0.3516549997129913,0.0563234277816171,3.646473667682552,0.0005169508664352,0.0602189781021897,2508,0.0,0.7228867623604466,0.0,0.0,1.0,17780.230343074334,0.0,4.2313397989822975e-15,2.710660034975067e-13,0.0,0.0,0.0,0.0,,,0.0,300.0,59.267434476914445,0.0,0.0
optimal@10s,3,300,2508,1788,0.7129186602870813,0.2870813397129186,0.0697767145135566,0.217304625199362,0.0,345.9419359272315,309.1237581086664,622.0184228311888,274.8334010009642,715.2,19.22818791946309,326.7137480077684,0.0697837278401915,0.1814989947771319,0.7487172773826766,1095,11.634703196347033,0.1304988127762476,0.2765639993594957,0.0493432729854455,4.661899141816734,0.0005106755825383,0.0584474885844748,2508,0.0,0.7129186602870813,0.0,0.0,1.0,17750.940573298598,0.0,-3.6966452767356856e-15,2.7184729734499783e-13,0.0,0.0,0.0,0.0,,,0.0,300.0,59.16980191099532,0.0,0.0
optimal@10s,4,300,2508,1803,0.7188995215311005,0.2811004784688995,0.0602073365231259,0.2208931419457735,0.0,351.2899562343706,310.38037630504004,653.6763182510855,275.3718840727046,721.2,20.973932334997222,330.31602389937336,0.060013432024469,0.1863240328572562,0.7536625351182747,1093,10.797804208600184,0.1308562671528501,0.2856080000856309,0.0489436619718309,3.5176801943076947,0.0004206386551764,0.0539798719121683,2508,0.0,0.7188995215311005,0.0,0.0,1.0,18199.6789948794,0.0,1.1984374175856667e-14,2.761088332149335e-13,0.0,0.0,0.0,0.0,,,0.0,300.0,60.66559664959798,0.0,0.0
optimal@10s,5,300,2508,1794,0.715311004784689,0.284688995215311,0.0562200956937799,0.2284688995215311,0.0,335.06298375621145,301.1689087334803,611.0685311210722,261.51879027646663,717.6,21.82385730211817,313.23912645409325,0.0705845836791959,0.1757344607905904,0.7536809555302137,1092,10.637362637362637,0.1318685897322978,0.3127129998847517,0.057003823427181,5.595364821733033,0.0006846405940085,0.0659340659340659,2508,0.0,0.715311004784689,0.0,0.0,1.0,17913.772883488524,0.0,-8.376180957804623e-15,2.707366103879811e-13,0.0,0.0,0.0,0.0,,,0.0,300.0,59.712576278295074,0.0,0.0
optimal@10s,0,350,2508,1945,0.7755183413078149,0.224481658692185,0.0442583732057416,0.1802232854864433,0.0,293.5265636446842,257.0183551988339,559.0023601913417,245.1525915191911,778.0,13.190231362467866,280.33633228221635,0.1536137443978604,0.1505274357901915,0.6958588198119481,1099,8.24294813466788,0.1383860782492919,0.3474100005951185,0.0504666436225371,3.3831612374012723,0.0005727630156547,0.0427661510464058,2508,0.0,0.7755183413078149,0.0,0.0,1.0,19304.442202378807,0.0,2.0492034233441196e-16,2.645332111031255e-13,0.0,0.0,0.0,0.0,,,0.0,350.0,55.15554914965373,0.0,0.0
optimal@10s,1,350,2508,1938,0.7727272727272727,0.2272727272727272,0.0534290271132376,0.1738437001594896,0.0,302.55513673656253,260.6053486444844,568.4196898030116,254.58295610162725,775.2,15.46749226006192,287.08764447650066,0.1588581493590138,0.1524689650028237,0.6886728856381623,1137,9.254177660510114,0.1316112576887662,0.391907999764954,0.0500174886323889,3.0478256696269006,0.0004419816762654,0.0457343887423043,2508,0.0,0.7727272727272727,0.0,0.0,1.0,19316.73200350465,0.0,4.052371326931596e-15,2.668056121179502e-13,0.0,0.0,0.0,0.0,,,0.0,350.0,55.19066286715616,0.0,0.0
optimal@10s,2,350,2508,1963,0.782695374800638,0.217304625199362,0.04585326953748,0.1714513556618819,0.0,296.8096783925723,254.10940167689927,565.9280314893764,250.04770717289648,785.2,14.80794701986755,282.0017313727048,0.1630015812520801,0.1524916253279235,0.6845067934199963,1079,8.695088044485635,0.136148934208493,0.3271179999501329,0.0515036294503975,2.7830092076365465,0.0004421621129742,0.0463392029657089,2508,0.0,0.782695374800638,0.0,0.0,1.0,19288.860227520025,0.0,1.3942206759676304e-14,2.686073472663175e-13,0.0,0.0,0.0,0.0,,,0.0,350.0,55.111029221485786,0.0,0.0
optimal@10s,3,350,2508,1945,0.7755183413078149,0.224481658692185,0.0414673046251993,0.1830143540669856,0.0,303.2362483762772,261.34184514566186,581.1982913785769,252.8435300357839,778.0,14.49254498714653,288.7437033891307,0.146296618355802,0.1541568151729668,0.6995465664712311,1089,8.626262626262626,0.1352015610687172,0.3413719994932745,0.051361599448466,3.337117659833085,0.0005332053156365,0.0486685032139577,2508,0.0,0.7755183413078149,0.0,0.0,1.0,19447.01863214827,0.0,-7.945772003797997e-15,2.708226102674082e-13,0.0,0.0,0.0,0.0,,,0.0,350.0,55.56291037756649,0.0,0.0
optimal@10s,4,350,2508,1947,0.7763157894736842,0.2236842105263158,0.0546251993620414,0.1690590111642743,0.0,291.5330815031443,255.91426589541425,545.7757256598364,245.66104128668755,778.8,15.375449409347716,276.15763209379656,0.1541616169556087,0.1484592435706123,0.6973791394737788,1098,9.245901639344265,0.1351896174779401,0.3188140002021099,0.0506993006993006,3.227423580456451,0.0004743505972607,0.0482695810564663,2508,0.0,0.7763157894736842,0.0,0.0,1.0,19479.361077893896,0.0,1.015007287258999e-14,2.724797503419038e-13,0.0,0.0,0.0,0.0,,,0.0,350.0,55.65531736541113,0.0,0.0
optimal@10s,5,350,2508,1975,0.7874800637958532,0.2125199362041467,0.0219298245614035,0.1905901116427432,0.0,296.44880835114793,258.5978807485626,553.5541779039017,243.84014178495545,790.0,11.731139240506328,284.7176691106416,0.138857234152374,0.1555745262135474,0.7055682396340786,1083,6.397968605724839,0.1367361034185063,0.3723019997050875,0.046875,3.10027704107691,0.0007376395754085,0.0572483841181902,2508,0.0,0.7874800637958532,0.0,0.0,1.0,19678.988120237344,0.0,-5.677933510141193e-15,2.7120707929780225e-13,0.0,0.0,0.0,0.0,,,0.0,350.0,56.22568034353527,0.0,0.0
optimal@10s,0,400,2508,2014,0.803030303030303,0.1969696969696969,0.0318979266347687,0.1650717703349282,0.0,280.6250436683818,240.189791761688,537.4793356931499,239.8212944379224,805.6,13.10625620655412,267.5187874618277,0.2257768243751947,0.1309951987971508,0.6432279768276544,1099,7.526842584167425,0.1418133757998112,0.3446740000617864,0.0524701873935264,2.3919718219140544,0.00045943785515,0.0436760691537761,2508,0.0,0.803030303030303,0.0,0.0,1.0,20301.05785269149,0.0,6.919434682075417e-15,2.6056449285538485e-13,0.0,0.0,0.0,0.0,,,0.0,400.0,50.75264463172873,0.0,0.0
optimal@10s,1,400,2508,2023,0.8066188197767146,0.1933811802232855,0.0283094098883572,0.1650717703349282,0.0,275.0922817660747,230.7909031944064,551.7840770926739,234.2052750477064,809.2,12.267424616905586,262.82485714916913,0.2339646478160391,0.1307632039132769,0.635272148270684,1120,7.001785714285714,0.137824374992793,0.3763740005433638,0.0518064076346284,1.859627203035396,0.0003920094391197,0.0383928571428571,2508,0.0,0.8066188197767146,0.0,0.0,1.0,20298.231256098155,0.0,-5.72837762285585e-16,2.648410408428336e-13,0.0,0.0,0.0,0.0,,,0.0,400.0,50.745578140245385,0.0,0.0
optimal@10s,2,400,2508,2025,0.8074162679425837,0.1925837320574162,0.0330940988835725,0.1594896331738437,0.0,280.28209599363686,235.3742296442615,556.1347020765992,239.17838875553227,810.0,13.76,266.52209599363687,0.2351310761009662,0.1313086024955877,0.6335603214034461,1095,7.341552511415525,0.1400187214583381,0.35513599999831,0.0493150684931506,2.586445090765828,0.0005144725588175,0.0401826484018264,2508,0.0,0.8074162679425837,0.0,0.0,1.0,20243.271206897265,0.0,2.2484072217223546e-15,2.5960347726101456e-13,0.0,0.0,0.0,0.0,,,0.0,400.0,50.60817801724316,0.0,0.0
optimal@10s,3,400,2508,2015,0.8034290271132376,0.1965709728867623,0.0303030303030303,0.166267942583732,0.0,281.2180312247421,233.25723199408685,561.03656919049,238.8490069590704,806.0,12.872952853598017,268.3450783711441,0.236075417085643,0.132052106418931,0.6318724764954259,1075,7.377674418604651,0.1381738604644386,0.3190839999115268,0.0524880708929788,2.219508327801772,0.0004410380101343,0.0362790697674418,2508,0.0,0.8034290271132376,0.0,0.0,1.0,20048.8836138687,0.0,3.4247763158635478e-15,2.670449469495575e-13,0.0,0.0,0.0,0.0,,,0.0,400.0,50.12220903467176,0.0,0.0
optimal@10s,4,400,2508,2022,0.80622009569378,0.1937799043062201,0.0350877192982456,0.1586921850079744,0.0,271.246150499373,233.182649029633,534.7012723945663,231.4859123198942,808.8,12.161226508407518,259.08492399096554,0.2336913887943895,0.1278473195164884,0.638461291689122,1093,7.27355901189387,0.1332571820562727,0.3539879999880207,0.0468803860737676,3.141658686810071,0.000633769191778,0.0420860018298261,2508,0.0,0.80622009569378,0.0,0.0,1.0,20411.29678425417,0.0,4.626807784028855e-15,2.619701356601492e-13,0.0,0.0,0.0,0.0,,,0.0,400.0,51.02824196063541,0.0,0.0
optimal@10s,5,400,2508,2038,0.8125996810207337,0.1874003189792663,0.0179425837320574,0.1694577352472089,0.0,275.2052785791262,234.6346759677917,534.3508511530833,232.11877257349727,815.2,10.209028459273798,264.9962501198524,0.2243646996611457,0.1322643465517874,0.6433709537870669,1082,5.748613678373383,0.1410339186678691,0.3579519997765607,0.0524899057873485,2.263599379792133,0.0006404384573293,0.0378927911275415,2508,0.0,0.8125996810207337,0.0,0.0,1.0,20456.42193175696,0.0,-6.479061099645161e-15,2.647117069213543e-13,0.0,0.0,0.0,0.0,,,0.0,400.0,51.1410548293924,0.0,0.0
optimal@10s,0,450,2508,2084,0.8309409888357256,0.1690590111642743,0.0223285486443381,0.1467304625199362,0.0,256.116932646694,215.55783663479812,508.1497039870485,222.4672854106252,833.6,10.554702495201536,245.56223015149249,0.2957269290841115,0.1127791019364795,0.591493968979409,1092,6.035714285714286,0.1422909340645997,0.3174260004379902,0.0504230118443316,1.8154096868030989,0.0004817213069158,0.0283882783882783,2508,0.0,0.8309409888357256,0.0,0.0,1.0,21013.3357060012,0.0,5.643491645424248e-15,2.6793868893693295e-13,0.0,0.0,0.0,0.0,,,0.0,450.0,46.69630156889156,0.0,0.0
optimal@10s,1,450,2508,2079,0.8289473684210527,0.1710526315789473,0.018341307814992,0.1527113237639553,0.0,258.1308442312424,214.98682572961025,517.7486449088851,222.95672864148787,831.6,10.555074555074556,247.5757696761678,0.3028177053118691,0.1128986378798693,0.5842836568082617,1079,6.239110287303058,0.1407225208544479,0.3290080000988383,0.0529689608636977,2.935487181574476,0.0007463807998435,0.0398517145505097,2508,0.0,0.8289473684210527,0.0,0.0,1.0,20907.213753971057,0.0,3.89971845099936e-15,2.603974435468514e-13,0.0,0.0,0.0,0.0,,,0.0,450.0,46.46047500882457,0.0,0.0
optimal@10s,2,450,2508,2091,0.833732057416268,0.166267942583732,0.0211323763955342,0.1451355661881977,0.0,267.9315463905135,220.84278377040755,541.2615779790267,232.71398441762668,836.4,10.059780009564802,257.8717663809487,0.2990178874384744,0.1177380533611287,0.5832440592003969,1074,5.953445065176909,0.1460144320170771,0.3518429998348438,0.0535894843276036,2.796105236994918,0.0007581822467036,0.0446927374301676,2508,0.0,0.833732057416268,0.0,0.0,1.0,20858.38400214165,0.0,1.0161381274641916e-15,2.602937261023445e-13,0.0,0.0,0.0,0.0,,,0.0,450.0,46.35196444920368,0.0,0.0
optimal@10s,3,450,2508,2069,0.8249601275917066,0.1750398724082934,0.0219298245614035,0.1531100478468899,0.0,261.9990922460936,216.49257341810696,533.889276692794,225.41255056218884,827.6,9.784920251329144,252.21417199476448,0.3007512314238107,0.1142133186832281,0.5850354498929611,1087,5.925482980680773,0.1422370745260435,0.3310120004061906,0.0427058421592073,2.731521618459377,0.0007393405401378,0.0404783808647654,2508,0.0,0.8249601275917066,0.0,0.0,1.0,20880.04693172393,0.0,4.452697273242895e-16,2.594392130374928e-13,0.0,0.0,0.0,0.0,,,0.0,450.0,46.40010429271983,0.0,0.0
optimal@10s,4,450,2508,2062,0.8221690590111643,0.1778309409888357,0.0239234449760765,0.1539074960127591,0.0,258.0341232530731,219.9613276582711,512.1023092017256,222.25277886181084,824.8,10.155674102812805,247.87844915026037,0.3055660431262304,0.1123594344459203,0.5820745224278493,1088,6.340992647058823,0.1408209558725141,0.368730000045616,0.0493365090166723,1.848047211656376,0.0004560695788484,0.0367647058823529,2508,0.0,0.8221690590111643,0.0,0.0,1.0,20898.91211510672,0.0,9.065816316214094e-15,2.613558685130705e-13,0.0,0.0,0.0,0.0,,,0.0,450.0,46.44202692245937,0.0,0.0
optimal@10s,5,450,2508,2102,0.8381180223285486,0.1618819776714513,0.0175438596491228,0.1443381180223285,0.0,258.8377244188108,215.35317568533264,512.4731894089128,224.5699039098763,840.8,9.379162702188392,249.4585617166224,0.2858268000798402,0.1153121303295989,0.5988610695905608,1077,5.478180129990715,0.1431017641522599,0.3574199996728566,0.0572289156626506,2.763153685931554,0.0008584978093138,0.0352831940575673,2508,0.0,0.8381180223285486,0.0,0.0,1.0,21354.7321379056,0.0,-1.206636017448694e-14,2.623858419890822e-13,0.0,0.0,0.0,0.0,,,0.0,450.0,47.45496030645688,0.0,0.0
optimal@10s,0,500,2508,2137,0.85207336523126,0.14792663476874,0.0127591706539074,0.1351674641148325,0.0,239.4639431185644,200.77711247645675,478.34306271959895,211.22831704220548,854.8,7.783809078146935,231.68013404041747,0.354544514585882,0.0994291775208388,0.5460263078932791,1090,5.001834862385321,0.1420265137679661,0.352255999305269,0.0512906469996647,3.157417353857833,0.0011398407841987,0.046788990825688,2508,0.0,0.85207336523126,0.0,0.0,1.0,21551.599687953625,0.0,-2.2068345175492466e-15,2.6022723725261005e-13,0.0,0.0,0.0,0.0,,,0.0,500.0,43.10319937590725,0.0,0.0
optimal@10s,1,500,2508,2111,0.8417065390749602,0.1582934609250398,0.0195374800637958,0.138755980861244,0.0,242.2568277735642,196.13673912548984,512.8770724095966,213.41598687258752,844.4,9.996210326859307,232.26061744670488,0.3661476464158388,0.0968892068341361,0.536963146750025,1083,6.2105263157894735,0.1457002770038513,0.3733420002936338,0.0504230118443316,1.8674101118371416,0.000482345139487,0.0332409972299169,2508,0.0,0.8417065390749602,0.0,0.0,1.0,21321.91958141655,0.0,2.5602973607201266e-15,2.583565237108316e-13,0.0,0.0,0.0,0.0,,,0.0,500.0,42.6438391628331,0.0,0.0
optimal@10s,2,500,2508,2141,0.8536682615629984,0.1463317384370016,0.0143540669856459,0.1319776714513556,0.0,248.9939505368596,206.44802013001208,498.3475982835689,219.80397186082047,856.4,8.619803829985988,240.37414670687363,0.3553790898268906,0.1021031488621081,0.5425177613110014,1073,5.221808014911463,0.1468315936689029,0.3591160003634285,0.0491251682368775,2.452072999318593,0.0008277531253359,0.0344827586206896,2508,0.0,0.8536682615629984,0.0,0.0,1.0,21502.211750879746,0.0,-2.539563867725008e-15,2.589648875224515e-13,0.0,0.0,0.0,0.0,,,0.0,500.0,43.00442350175949,0.0,0.0
optimal@10s,3,500,2508,2095,0.8353269537480064,0.1646730462519936,0.0155502392344497,0.1491228070175438,0.0,243.0856666246455,195.64686256671484,515.7131534687627,211.3933990075811,838.0,8.547971360381862,234.53769526426365,0.3707278501376898,0.0969864178541859,0.5322857320081242,1065,5.616901408450704,0.1459889201658609,0.3492840001854337,0.0492577597840755,2.3725698314354893,0.0007151362229027,0.0375586854460093,2508,0.0,0.8353269537480064,0.0,0.0,1.0,21097.573099069523,0.0,-1.0648708115237624e-14,2.662293615475476e-13,0.0,0.0,0.0,0.0,,,0.0,500.0,42.19514619813905,0.0,0.0
optimal@10s,4,500,2508,2138,0.8524720893141946,0.1475279106858054,0.0151515151515151,0.1323763955342902,0.0,244.09613973479765,201.58920925331088,496.7225249774888,215.0452673504767,855.2,7.887745556594949,236.2083941782027,0.3567015864903644,0.1007476372028813,0.5425507763067542,1084,5.271217712177122,0.1421476937278509,0.3487759999552511,0.0531271015467384,2.031782267132035,0.0006746527806161,0.0350553505535055,2508,0.0,0.8524720893141946,0.0,0.0,1.0,21754.988354869907,0.0,-5.27870025001149e-15,2.6157944950510933e-13,0.0,0.0,0.0,0.0,,,0.0,500.0,43.50997670973982,0.0,0.0
optimal@10s,5,500,2508,2142,0.854066985645933,0.145933014354067,0.0123604465709728,0.1335725677830941,0.0,246.6364928849918,208.0649481800301,484.6549032377181,216.4858254988771,856.8,8.119514472455649,238.51697841253616,0.3501852960933374,0.1020591147793272,0.5477555891273354,1075,4.813953488372093,0.1434026046525443,0.3043259996593406,0.0515912897822445,2.870657415306201,0.0011095059976862,0.0381395348837209,2508,0.0,0.854066985645933,0.0,0.0,1.0,21827.10803860948,0.0,-6.872290888657773e-15,2.535572125744128e-13,0.0,0.0,0.0,0.0,,,0.0,500.0,43.65421607721895,0.0,0.0
batched_greedy@10s+aware,0,300,2508,1827,0.7284688995215312,0.2715311004784689,0.1877990430622009,0.0837320574162679,0.0,330.38827439297586,315.09025384033384,571.200974090216,301.3943586015778,730.8,42.36288998357964,288.0253844093962,0.0848687163733411,0.1561794232004418,0.7589518604262171,1113,22.65588499550764,0.0532895776994848,0.1522400005342202,0.043827905106554,,,,2508,0.0,0.7284688995215312,0.0,0.0,1.0,18074.28689893257,0.0,5.281064158624732e-15,2.715780528759182e-13,0.0,0.0,0.0,0.0,,,0.0,300.0,60.24762299644189,0.0,0.0
batched_greedy@10s+aware,1,300,2508,1833,0.7308612440191388,0.2691387559808612,0.182615629984051,0.0865231259968102,0.0,314.81746244551096,297.9630250730006,550.2040285947321,289.09273451966146,733.2,39.9328968903437,274.8845655551672,0.1001746387928463,0.1499334323402609,0.7498919288668927,1155,21.45281385281385,0.0545059740372648,0.1525580000452465,0.0442122186495176,,,,2508,0.0,0.7308612440191388,0.0,0.0,1.0,17869.42934024577,0.0,7.8057218808261e-15,2.6566625483125537e-13,0.0,0.0,0.0,0.0,,,0.0,300.0,59.5647644674859,0.0,0.0
batched_greedy@10s+aware,2,300,2508,1835,0.731658692185008,0.268341307814992,0.184609250398724,0.0837320574162679,0.0,324.3387191815649,304.16940607238394,558.5762026112322,295.6239178136586,734.0,41.57711171662125,282.76160746494367,0.0938179851386016,0.1556633115153523,0.750518703346046,1121,22.12756467439786,0.0567984834901531,0.1520399995570187,0.0586138613861386,,,,2508,0.0,0.731658692185008,0.0,0.0,1.0,17970.286318078222,0.0,-1.296571085434175e-15,2.7546079253499923e-13,0.0,0.0,0.0,0.0,,,0.0,300.0,59.90095439359407,0.0,0.0
batched_greedy@10s+aware,3,300,2508,1828,0.7288676236044657,0.2711323763955343,0.1925837320574162,0.078548644338118,0.0,321.9767822123971,298.81928268458296,554.9708495828563,296.6281594952048,731.2,42.96006564551422,279.0167165668829,0.0911488345287041,0.1519763402034655,0.7568748252678303,1112,23.513489208633093,0.0572464028785446,0.1645909997751007,0.0553327987169206,,,,2508,0.0,0.7288676236044657,0.0,0.0,1.0,17978.902954458288,0.0,-5.5893777328366055e-15,2.629398036525614e-13,0.0,0.0,0.0,0.0,,,0.0,300.0,59.92967651486096,0.0,0.0
batched_greedy@10s+aware,4,300,2508,1829,0.7292663476874003,0.2707336523125996,0.1866028708133971,0.0841307814992025,0.0,320.19905270795863,301.23172644156784,545.69843662514,290.0237743533482,731.6,41.66976489885183,278.5292878091068,0.087870027958428,0.1516677832098628,0.7604621888317092,1102,22.08529945553539,0.0571719600836666,0.12858599970059,0.0450522928399034,,,,2508,0.0,0.7292663476874003,0.0,0.0,1.0,18242.601527751794,0.0,4.434700586826937e-15,2.725723176721078e-13,0.0,0.0,0.0,0.0,,,0.0,300.0,60.808671759172654,0.0,0.0
batched_greedy@10s+aware,5,300,2508,1835,0.731658692185008,0.268341307814992,0.1810207336523126,0.0873205741626794,0.0,326.074827342484,306.6307759925803,541.0564015015817,296.2508000802278,734.0,44.8299727520436,281.2448545904403,0.0847949885547784,0.1525262809430743,0.7626787305021472,1119,22.307417336907957,0.0552632707872195,0.1271819999783474,0.0515463917525773,,,,2508,0.0,0.731658692185008,0.0,0.0,1.0,18204.898368070288,0.0,1.52487166097208e-14,2.618496397609462e-13,0.0,0.0,0.0,0.0,,,0.0,300.0,60.682994560234285,0.0,0.0
batched_greedy@10s+aware,0,350,2508,1932,0.7703349282296651,0.2296650717703349,0.1559011164274322,0.0737639553429027,0.0,297.7325150443754,268.2118115229007,536.1500074040831,279.42926117853585,772.8,35.54451345755694,262.1880015868185,0.1628760129717097,0.13377408716699,0.7033498998613003,1120,19.255357142857143,0.0621917857228839,0.1420580001740744,0.0501736781165573,,,,2508,0.0,0.7703349282296651,0.0,0.0,1.0,19475.028610414214,0.0,-5.421818963425648e-15,2.646561368953261e-13,0.0,0.0,0.0,0.0,,,0.0,350.0,55.64293888689776,0.0,0.0
batched_greedy@10s+aware,1,350,2508,1935,0.7715311004784688,0.2284688995215311,0.1543062200956937,0.0741626794258373,0.0,280.7741819757202,251.29777931857095,521.8436551537745,267.1187370140863,774.0,33.32403100775194,247.45015096796823,0.1860019442082638,0.1260079442139282,0.687990111577808,1150,18.75217391304348,0.0616991304361916,0.1466649998110369,0.0458252427184466,,,,2508,0.0,0.7715311004784688,0.0,0.0,1.0,19159.369126140657,0.0,6.443654108710741e-15,2.659845355739504e-13,0.0,0.0,0.0,0.0,,,0.0,350.0,54.74105464611617,0.0,0.0
batched_greedy@10s+aware,2,350,2508,1962,0.7822966507177034,0.2177033492822966,0.1487240829346092,0.0689792663476874,0.0,290.73729733879395,260.7655419639,542.1325393105152,274.02006836169204,784.8,32.90927624872579,257.82802109006815,0.1721258387645974,0.1341734392971273,0.6937007219382753,1121,18.267618198037468,0.064239875117292,0.1640799999222508,0.0539403213465952,,,,2508,0.0,0.7822966507177034,0.0,0.0,1.0,19404.33122328696,0.0,4.1639587915426484e-15,2.5698245208110734e-13,0.0,0.0,0.0,0.0,,,0.0,350.0,55.44094635224845,0.0,0.0
batched_greedy@10s+aware,3,350,2508,1936,0.7719298245614035,0.2280701754385964,0.1483253588516746,0.0797448165869218,0.0,292.707734632818,260.52286108395856,531.036411762736,274.53572244747994,774.4,35.856404958677686,256.85132967414035,0.1788415543691228,0.130521748099544,0.6906366975313332,1111,19.445544554455445,0.0653305130614862,0.1786500000889646,0.0543436662839647,,,,2508,0.0,0.7719298245614035,0.0,0.0,1.0,19207.76847214499,0.0,-1.3971032778787623e-14,2.640471633811471e-13,0.0,0.0,0.0,0.0,,,0.0,350.0,54.87933849184283,0.0,0.0
batched_greedy@10s+aware,4,350,2508,1952,0.7783094098883573,0.2216905901116427,0.1507177033492823,0.0709728867623604,0.0,287.4580899686901,260.79054319435886,531.5796909180118,268.0723262181013,780.8,32.63012295081968,254.8279670178704,0.1727036626728557,0.1312212668905228,0.6960750704366214,1104,18.02536231884058,0.0642850543334898,0.1728939996064582,0.0467361915797605,,,,2508,0.0,0.7783094098883573,0.0,0.0,1.0,19413.19076932203,0.0,9.025680931238016e-15,2.638491656488908e-13,0.0,0.0,0.0,0.0,,,0.0,350.0,55.46625934092009,0.0,0.0
batched_greedy@10s+aware,5,350,2508,1968,0.784688995215311,0.215311004784689,0.1343700159489633,0.0809409888357256,0.0,291.9691926774929,261.3030866202066,533.707039604175,271.5812781562651,787.2,33.88160569105691,258.087586986436,0.159165318521507,0.1344153946644537,0.7064192868140392,1104,17.691123188405797,0.0620887681196214,0.1663160001135112,0.0494712990936555,,,,2508,0.0,0.784688995215311,0.0,0.0,1.0,19611.89638839954,0.0,-7.492989968331431e-15,2.585011021859873e-13,0.0,0.0,0.0,0.0,,,0.0,350.0,56.033989681141534,0.0,0.0
batched_greedy@10s+aware,0,400,2508,2028,0.8086124401913876,0.1913875598086124,0.1192185007974481,0.0721690590111642,0.0,275.7819839729049,244.3511590153346,524.5732512228284,261.7389835345238,811.2,30.00838264299803,245.77360132990688,0.2396997063697916,0.1174150703411681,0.6428852232890402,1112,16.049460431654676,0.0675658273291165,0.1730900000256953,0.0540340488527017,,,,2508,0.0,0.8086124401913876,0.0,0.0,1.0,20230.329229094823,0.0,-6.3399866115305406e-15,2.6361939149263895e-13,0.0,0.0,0.0,0.0,,,0.0,400.0,50.57582307273705,0.0,0.0
batched_greedy@10s+aware,1,400,2508,1999,0.7970494417862839,0.2029505582137161,0.1287878787878787,0.0741626794258373,0.0,267.77603181147856,231.7118564699258,511.2009688899213,255.624004159273,799.6,29.668834417208604,238.10719739426995,0.2644525893838736,0.1119643507298647,0.6235830598862616,1150,16.33304347826087,0.0696443478172232,0.16735700008212,0.0496800903274369,,,,2508,0.0,0.7970494417862839,0.0,0.0,1.0,19755.082244118308,0.0,1.0908954802244785e-15,2.606842539064352e-13,0.0,0.0,0.0,0.0,,,0.0,400.0,49.387705610295775,0.0,0.0
batched_greedy@10s+aware,2,400,2508,2016,0.8038277511961722,0.1961722488038277,0.1204146730462519,0.0757575757575757,0.0,278.43473168310123,248.26228521622895,527.9210133713241,261.61953129837855,806.4,29.23015873015873,249.20457295294256,0.2543617104561957,0.118139029981209,0.6274992595625951,1099,15.978161965423112,0.0678940855285921,0.1575159996536967,0.0488988428518103,,,,2508,0.0,0.8038277511961722,0.0,0.0,1.0,19879.47754317319,0.0,-3.052011905988401e-16,2.622132008877118e-13,0.0,0.0,0.0,0.0,,,0.0,400.0,49.69869385793298,0.0,0.0
batched_greedy@10s+aware,3,400,2508,2035,0.8114035087719298,0.1885964912280701,0.1172248803827751,0.071371610845295,0.0,276.2320293253005,243.7942151045249,522.2530874594753,261.7640940789674,814.0,30.13218673218673,246.09984259311383,0.2474458699423144,0.1171939303930152,0.6353601996646703,1094,16.289762340036564,0.0730007312441762,0.1498259993877581,0.0466417910447761,,,,2508,0.0,0.8114035087719298,0.0,0.0,1.0,20244.37331119065,0.0,1.0158404284285215e-16,2.5713649064225204e-13,0.0,0.0,0.0,0.0,,,0.0,400.0,50.61093327797663,0.0,0.0
batched_greedy@10s+aware,4,400,2508,2028,0.8086124401913876,0.1913875598086124,0.122408293460925,0.0689792663476874,0.0,274.7230914920047,245.7910208723624,524.0695647915544,259.10224548657874,811.2,30.002958579881657,244.72013291212303,0.2453865687250624,0.115443431692263,0.6391699995826745,1097,16.183226982680036,0.0683775752036097,0.1461680003194486,0.0415094339622641,,,,2508,0.0,0.8086124401913876,0.0,0.0,1.0,20405.989621645334,0.0,1.1528144207375022e-15,2.6671816191107497e-13,0.0,0.0,0.0,0.0,,,0.0,400.0,51.01497405411335,0.0,0.0
batched_greedy@10s+aware,5,400,2508,2046,0.8157894736842105,0.1842105263157894,0.1052631578947368,0.0789473684210526,0.0,277.34298150032623,242.7098142930597,521.2498233028316,258.929162411769,818.4,29.837732160312804,247.5052493400134,0.2405175327899684,0.1180051558408699,0.6414773113691615,1107,14.793134598012648,0.0681597109195509,0.1418960005503324,0.0484581497797356,,,,2508,0.0,0.8157894736842105,0.0,0.0,1.0,20369.58349980096,0.0,-3.8985866777721905e-15,2.5760788093759163e-13,0.0,0.0,0.0,0.0,,,0.0,400.0,50.9239587495024,0.0,0.0
batched_greedy@10s+aware,0,450,2508,2074,0.8269537480063796,0.1730462519936204,0.1052631578947368,0.0677830940988835,0.0,264.965277448392,228.8837298061189,516.8603636288265,253.7645840701122,829.6,30.43924783027965,234.52602961811232,0.3121357486009797,0.1017492722799505,0.5861149791190696,1110,15.317117117117116,0.0765222522376633,0.1660029993945502,0.0508598609586535,,,,2508,0.0,0.8269537480063796,0.0,0.0,1.0,20739.699326289065,0.0,9.952715818536975e-15,2.629007051701933e-13,0.0,0.0,0.0,0.0,,,0.0,450.0,46.088220725086806,0.0,0.0
batched_greedy@10s+aware,1,450,2508,2067,0.8241626794258373,0.1758373205741626,0.1016746411483253,0.0741626794258373,0.0,257.85456801178725,218.8947699852652,510.9992565693276,245.33701309999023,826.8,26.426221577164974,231.42834643462223,0.3231513737376791,0.1004973068929552,0.5763513193693657,1149,13.907745865970409,0.0756900783295671,0.1666000003024237,0.0505309410472354,,,,2508,0.0,0.8241626794258373,0.0,0.0,1.0,20578.80320593894,0.0,6.0450488887016376e-15,2.64197737492611e-13,0.0,0.0,0.0,0.0,,,0.0,450.0,45.73067379097542,0.0,0.0
batched_greedy@10s+aware,2,450,2508,2075,0.8273524720893142,0.1726475279106858,0.098883572567783,0.0737639553429027,0.0,265.5997198637665,231.88479483220635,519.4024136384162,250.5396587518661,830.0,26.419277108433736,239.18044275533288,0.3166249109844484,0.1039230782235025,0.579452010792049,1119,13.64343163538874,0.0740452189520014,0.1544419997298971,0.0492520977745348,,,,2508,0.0,0.8273524720893142,0.0,0.0,1.0,20730.38732804296,0.0,-3.1202884987995122e-15,2.5563369359747136e-13,0.0,0.0,0.0,0.0,,,0.0,450.0,46.06752739565103,0.0,0.0
batched_greedy@10s+aware,3,450,2508,2074,0.8269537480063796,0.1730462519936204,0.1008771929824561,0.0721690590111642,0.0,261.3759754141264,225.5921948319417,515.8742764832971,248.7823920797889,829.6,26.852459016393443,234.52351639773292,0.3136217184333382,0.1022826078471392,0.5840956737195225,1096,14.516423357664234,0.0759585766478718,0.150124999709078,0.0524781341107871,,,,2508,0.0,0.8269537480063796,0.0,0.0,1.0,20902.983872290097,0.0,-1.098863847873688e-14,2.588981209851753e-13,0.0,0.0,0.0,0.0,,,0.0,450.0,46.45107527175577,0.0,0.0
batched_greedy@10s+aware,4,450,2508,2087,0.8321371610845295,0.1678628389154705,0.1000797448165869,0.0677830940988835,0.0,260.05304107563785,228.04877455840776,504.2874021234501,247.1344054772452,834.8,26.1126018207954,233.94043925484243,0.3154223658252814,0.1020598551213217,0.5825177790533969,1112,13.973920863309353,0.0741398381159597,0.1530460004960333,0.0431098010316875,,,,2508,0.0,0.8321371610845295,0.0,0.0,1.0,20953.53343629704,0.0,9.209584593634708e-15,2.618761301085572e-13,0.0,0.0,0.0,0.0,,,0.0,450.0,46.56340763621565,0.0,0.0
batched_greedy@10s+aware,5,450,2508,2115,0.8433014354066986,0.1566985645933014,0.0853269537480063,0.071371610845295,0.0,261.6623566902792,226.1927986512046,510.6824515554972,247.78647830705404,846.0,25.56643026004728,236.09592643023188,0.3039374672046964,0.1055719610202261,0.5904905717750775,1115,12.832286995515696,0.0738740807164626,0.1529019998451985,0.0451752800867365,,,,2508,0.0,0.8433014354066986,0.0,0.0,1.0,21077.47234083834,0.0,-4.2403695474808584e-16,2.565673442022478e-13,0.0,0.0,0.0,0.0,,,0.0,450.0,46.8388274240852,0.0,0.0
batched_greedy@10s+aware,0,500,2508,2145,0.8552631578947368,0.1447368421052631,0.0773524720893142,0.0673843700159489,0.0,246.4681312290968,213.00728777703944,481.8097915789611,236.0546144688913,858.0,23.444289044289043,223.0238421848078,0.3589599237537774,0.0920892118900435,0.5489508643561791,1106,12.08499095840868,0.0788315551355783,0.1549299997350318,0.0529495380241648,,,,2508,0.0,0.8552631578947368,0.0,0.0,1.0,21645.218934103475,0.0,4.793886085817342e-16,2.615810701947853e-13,0.0,0.0,0.0,0.0,,,0.0,500.0,43.29043786820695,0.0,0.0
batched_greedy@10s+aware,1,500,2508,2130,0.8492822966507177,0.1507177033492823,0.0857256778309409,0.0649920255183413,0.0,244.35188208478556,208.4251617696177,495.21308687527056,235.0008425246202,852.0,24.56338028169014,219.7885018030954,0.3740095517273641,0.088908299711908,0.5370821485607279,1149,12.52828546562228,0.0756350739620274,0.1611879993288311,0.0473608098336948,,,,2508,0.0,0.8492822966507177,0.0,0.0,1.0,21358.74214729277,0.0,8.542879497183752e-15,2.572536862718972e-13,0.0,0.0,0.0,0.0,,,0.0,500.0,42.717484294585546,0.0,0.0
batched_greedy@10s+aware,2,500,2508,2137,0.85207336523126,0.14792663476874,0.0817384370015949,0.0661881977671451,0.0,250.40329908331296,214.98682572961025,506.1799630019621,238.75297993688432,854.8,23.84838558727188,226.55491349604105,0.3640938464915716,0.0923852176345611,0.5435209358738672,1088,12.405330882352942,0.0758694853113397,0.1576990006287812,0.0477729885057471,,,,2508,0.0,0.85207336523126,0.0,0.0,1.0,21534.06660681499,0.0,-1.3660366967474902e-15,2.5923058219859e-13,0.0,0.0,0.0,0.0,,,0.0,500.0,43.068133213629984,0.0,0.0
batched_greedy@10s+aware,3,500,2508,2100,0.8373205741626795,0.1626794258373205,0.0881180223285486,0.0745614035087719,0.0,250.5302680977485,214.11417490884105,499.3656337119939,238.85494130856296,840.0,24.914761904761903,225.6155061929866,0.3771004854339267,0.0895707472217162,0.533328767344357,1109,13.220919747520288,0.0777067628301194,0.1614959999642452,0.0511711711711711,,,,2508,0.0,0.8373205741626795,0.0,0.0,1.0,21108.80673740937,0.0,-7.125728578622721e-15,2.5298916400948833e-13,0.0,0.0,0.0,0.0,,,0.0,500.0,42.217613474818734,0.0,0.0
batched_greedy@10s+aware,4,500,2508,2133,0.8504784688995215,0.1495215311004784,0.0849282296650717,0.0645933014354067,0.0,241.33336953776347,203.78412706685685,486.5326094855012,231.9149222652945,853.2,21.01031411157993,220.32305542618357,0.3728109619932319,0.0901578111446267,0.5370312268621413,1103,12.29918404351768,0.0771329102528054,0.1522700000714394,0.0490797546012269,,,,2508,0.0,0.8504784688995215,0.0,0.0,1.0,21481.614872619684,0.0,-7.092414898334415e-15,2.614172877751721e-13,0.0,0.0,0.0,0.0,,,0.0,500.0,42.96322974523937,0.0,0.0
batched_greedy@10s+aware,5,500,2508,2169,0.8648325358851675,0.1351674641148325,0.0741626794258373,0.0610047846889952,0.0,250.15246158162847,215.86028104661452,499.13352453832607,239.8410812161912,867.6,24.96726602120793,225.1851955604205,0.355326414275691,0.0933494207682607,0.5513241649560481,1097,12.18140382862352,0.0736854147544031,0.1724359997388089,0.0511363636363636,,,,2508,0.0,0.8648325358851675,0.0,0.0,1.0,21872.36632999261,0.0,-9.363955745731957e-16,2.6001198018588e-13,0.0,0.0,0.0,0.0,,,0.0,500.0,43.74473265998522,0.0,0.0
optimal@10s+aware,0,300,2508,1832,0.7304625199362041,0.2695374800637958,0.1862041467304625,0.0833333333333333,0.0,336.8748294788364,327.35781509602043,563.2673358100958,306.1735249068108,732.8,45.93668122270742,290.9381482561289,0.0774185323521069,0.1565915468622677,0.7659899207856253,1113,23.12578616352201,0.1238615453607877,0.2221560001271426,0.048341989612465,4.225466858497427,0.000215174340598,0.0341419586702605,2508,0.0,0.7304625199362041,0.0,0.0,1.0,18276.257262313076,0.0,3.632829117586225e-15,2.701930140081555e-13,0.0,0.0,0.0,0.0,,,0.0,300.0,60.92085754104357,0.0,0.0
optimal@10s+aware,1,300,2508,1829,0.7292663476874003,0.2707336523125996,0.1834130781499202,0.0873205741626794,0.0,319.7664890127801,305.8255120302165,555.6977928198507,292.0942463443818,731.6,40.46473482777474,279.30175418500534,0.0953344867743617,0.1520183719074113,0.7526471413182269,1155,21.4995670995671,0.1201798268179023,0.2390460002243347,0.0530091669988043,4.34512993159854,0.0002389150645372,0.0406926406926406,2508,0.0,0.7292663476874003,0.0,0.0,1.0,17956.767118190175,0.0,-5.0570082111274905e-15,2.7313465261470643e-13,0.0,0.0,0.0,0.0,,,0.0,300.0,59.85589039396724,0.0,0.0
optimal@10s+aware,2,300,2508,1835,0.731658692185008,0.268341307814992,0.1850079744816587,0.0833333333333333,0.0,325.91463020588776,308.1369726064877,566.3868425754166,297.1262449191421,734.0,42.07138964577657,283.8432405601112,0.0911290885422752,0.1553094404395,0.7535614710182247,1121,22.28278322925959,0.1238785905329325,0.2309600004082312,0.0578905630452022,3.257999342287258,0.0001727408998069,0.0347903657448706,2508,0.0,0.731658692185008,0.0,0.0,1.0,18037.661192305757,0.0,8.504368871245846e-15,2.748765792638395e-13,0.0,0.0,0.0,0.0,,,0.0,300.0,60.12553730768584,0.0,0.0
optimal@10s+aware,3,300,2508,1832,0.7304625199362041,0.2695374800637958,0.1901913875598086,0.0793460925039872,0.0,321.4935967797041,300.59629977790746,558.2587392468504,295.6602397309469,732.8,43.568231441048034,277.9253653386561,0.0931933581840407,0.151648544821992,0.7551580969939672,1112,23.327338129496404,0.1200801259160765,0.2283340001940815,0.0581905141490633,4.792766292470998,0.0002424208758928,0.0386690647482014,2508,0.0,0.7304625199362041,0.0,0.0,1.0,18036.051888172693,0.0,6.269245190910068e-15,2.7069043270827143e-13,0.0,0.0,0.0,0.0,,,0.0,300.0,60.12017296057565,0.0,0.0
optimal@10s+aware,4,300,2508,1822,0.726475279106858,0.2735247208931419,0.184609250398724,0.0889154704944178,0.0,319.31129486398106,304.83136257108254,547.8755272852771,289.738338682314,728.8,39.70965971459934,279.60163514938165,0.091012067569494,0.1520961357647899,0.756891796665716,1101,22.01180744777475,0.1302901907277205,0.2227999993920093,0.0434258142340168,5.054808219894356,0.0002718612555695,0.0399636693914623,2508,0.0,0.726475279106858,0.0,0.0,1.0,18065.16013778075,0.0,2.195706721698293e-15,2.7679200558600093e-13,0.0,0.0,0.0,0.0,,,0.0,300.0,60.217200459269165,0.0,0.0
optimal@10s+aware,5,300,2508,1850,0.7376395534290271,0.2623604465709729,0.1778309409888357,0.0845295055821371,0.0,325.8794086559561,305.38428332273725,545.5536784849867,296.90167707536693,740.0,43.72432432432432,282.15508433163177,0.082488173115628,0.1541443669289057,0.7633674599554662,1097,22.41385597082953,0.1272051960168044,0.2214999997886478,0.0573448546739984,3.0799950923460706,0.0001626732644172,0.0300820419325433,2508,0.0,0.7376395534290271,0.0,0.0,1.0,18177.88191800254,0.0,1.2745720395029108e-14,2.6479539281974605e-13,0.0,0.0,0.0,0.0,,,0.0,300.0,60.592939726675134,0.0,0.0
optimal@10s+aware,0,350,2508,1941,0.7739234449760766,0.2260765550239234,0.1431419457735247,0.0829346092503987,0.0,297.9193653334117,269.0367789300544,533.0706429425827,276.92143109794284,776.4,34.77949510561566,263.13987022779605,0.1664472733735139,0.1352581160495277,0.6982946105769584,1114,18.442549371633756,0.1262404847288742,0.2119870007300051,0.0517306960821605,3.003436774879823,0.0001965572935662,0.03770197486535,2508,0.0,0.7739234449760766,0.0,0.0,1.0,19353.58740264993,0.0,-5.4547928370119865e-15,2.6692175288992333e-13,0.0,0.0,0.0,0.0,,,0.0,350.0,55.29596400757122,0.0,0.0
optimal@10s+aware,1,350,2508,1934,0.7711323763955343,0.2288676236044657,0.149920255183413,0.0789473684210526,0.0,282.9086181033452,255.1211844992536,523.263832915804,267.46876511025647,773.6,32.996897621509824,249.91172048183537,0.1846063621337881,0.1279282007138004,0.6874654371524115,1131,18.745358090185675,0.1279615384566591,0.2138800002285279,0.0478395061728395,3.727244966468,0.0002397212300664,0.0344827586206896,2508,0.0,0.7711323763955343,0.0,0.0,1.0,19136.527807623173,0.0,1.3873424987241991e-14,2.668591534122093e-13,0.0,0.0,0.0,0.0,,,0.0,350.0,54.67579373606621,0.0,0.0
optimal@10s+aware,2,350,2508,1966,0.7838915470494418,0.2161084529505582,0.1443381180223285,0.0717703349282296,0.0,290.83828292353104,258.3914593674667,536.9017158633637,274.16451061582484,786.4,32.83367243133266,258.0046104921983,0.1710936846168413,0.1348897976709222,0.6940165177122365,1121,18.180196253345223,0.1280729705778395,0.2340400000321092,0.0533536585365853,2.77536474012035,0.0001845708058107,0.0214094558429973,2508,0.0,0.7838915470494418,0.0,0.0,1.0,19405.828471630903,0.0,1.327535346261094e-14,2.5835296375386364e-13,0.0,0.0,0.0,0.0,,,0.0,350.0,55.44522420465974,0.0,0.0
optimal@10s+aware,3,350,2508,1956,0.7799043062200957,0.2200956937799043,0.1395534290271132,0.080542264752791,0.0,295.59207535141513,267.20054291315955,535.3628113283048,276.4431080744707,782.4,34.93251533742331,260.6595600139918,0.1655828312438051,0.1337469068449631,0.7006702619112317,1095,19.02648401826484,0.1271422831139292,0.2142199995796544,0.0451934124856376,3.098552717243949,0.0001963424302988,0.0356164383561643,2508,0.0,0.7799043062200957,0.0,0.0,1.0,19505.90020661038,0.0,-5.18751140657421e-15,2.624502523963969e-13,0.0,0.0,0.0,0.0,,,0.0,350.0,55.73114344745823,0.0,0.0
optimal@10s+aware,4,350,2508,1949,0.7771132376395534,0.2228867623604465,0.1467304625199362,0.0761562998405103,0.0,288.2624400814643,259.2255237326699,530.5148053955854,267.6578335332079,779.6,34.393535146228835,253.86890493523543,0.1689015668873437,0.1306768836873853,0.7004215494252709,1104,18.17481884057971,0.1255366847714498,0.2081580000958638,0.0450867052023121,3.630525565348157,0.0002418832067949,0.0371376811594202,2508,0.0,0.7771132376395534,0.0,0.0,1.0,19568.381656910944,0.0,6.8959147724511135e-15,2.6623307628944763e-13,0.0,0.0,0.0,0.0,,,0.0,350.0,55.909661876888414,0.0,0.0
optimal@10s+aware,5,350,2508,1969,0.7850877192982456,0.2149122807017544,0.1331738437001595,0.0817384370015949,0.0,289.15608497910426,260.76680525507027,527.1246181623516,268.664967652902,787.6,31.75774504824784,257.3983399308564,0.1600740766285619,0.1346747203320071,0.705251203039431,1097,17.242479489516864,0.1289656335699966,0.2183160001368375,0.0519187358916478,3.606178231529718,0.0002550797845562,0.0373746581586144,2508,0.0,0.7850877192982456,0.0,0.0,1.0,19590.383011084232,0.0,-1.9733664507786304e-15,2.6120080084513e-13,0.0,0.0,0.0,0.0,,,0.0,350.0,55.97252288881209,0.0,0.0
optimal@10s+aware,0,400,2508,2024,0.8070175438596491,0.1929824561403508,0.1228070175438596,0.0701754385964912,0.0,271.13630945662817,240.3958759729144,515.4357581085344,258.4821161402955,809.6,28.9846837944664,242.1516256621617,0.2395082552995787,0.1159919285004241,0.6444998161999972,1112,16.05845323741007,0.1351037769983914,0.2195800001209138,0.052102716784518,3.829600820559712,0.0002939462238774,0.0350719424460431,2508,0.0,0.8070175438596491,0.0,0.0,1.0,20173.155571300904,0.0,-1.4420831678555025e-15,2.610923115829223e-13,0.0,0.0,0.0,0.0,,,0.0,400.0,50.43288892825226,0.0,0.0
optimal@10s+aware,1,400,2508,2016,0.8038277511961722,0.1961722488038277,0.1204146730462519,0.0757575757575757,0.0,273.682322475143,242.6650282416076,519.158903373801,258.4919712572036,806.4,29.61359126984127,244.0687312053017,0.2562872789992342,0.1155842361917721,0.6281284848089936,1131,15.831122900088417,0.126491069854585,0.2112699999088364,0.0446529080675422,2.79136502288422,0.0002170659974721,0.0291777188328912,2508,0.0,0.8038277511961722,0.0,0.0,1.0,19955.785145633727,0.0,-2.5719065325418682e-15,2.653178602744315e-13,0.0,0.0,0.0,0.0,,,0.0,400.0,49.88946286408432,0.0,0.0
optimal@10s+aware,2,400,2508,2009,0.80103668261563,0.19896331738437,0.122408293460925,0.0765550239234449,0.0,277.0923660052407,246.63075824870796,522.1397464953407,260.6329223078477,803.6,27.890990542558487,249.20137546268228,0.2555927184186166,0.1175027304995764,0.626904551081807,1100,15.895454545454545,0.1308455454537496,0.231778000761551,0.0497010463378176,2.1728314922212864,0.0001684071694359,0.0227272727272727,2508,0.0,0.80103668261563,0.0,0.0,1.0,19900.8064716369,0.0,4.166790246726571e-17,2.6073374972811863e-13,0.0,0.0,0.0,0.0,,,0.0,400.0,49.75201617909225,0.0,0.0
optimal@10s+aware,3,400,2508,2040,0.8133971291866029,0.1866028708133971,0.1120414673046252,0.0745614035087719,0.0,276.702331389437,244.43410931176027,525.1658681883182,260.8433463070037,816.0,29.25980392156863,247.4425274678684,0.2458060604039457,0.1182882741897766,0.6359056654062776,1111,15.48064806480648,0.1292635463621329,0.2542600001106621,0.0478309232480533,3.634314816813261,0.0002902435953564,0.0378037803780378,2508,0.0,0.8133971291866029,0.0,0.0,1.0,20288.390034717515,0.0,4.847865028801946e-15,2.580570833274288e-13,0.0,0.0,0.0,0.0,,,0.0,400.0,50.720975086793786,0.0,0.0
optimal@10s+aware,4,400,2508,2040,0.8133971291866029,0.1866028708133971,0.1208133971291866,0.0657894736842105,0.0,278.816655301092,254.10650113323757,528.1317477380852,263.67891762082104,816.0,30.675980392156863,248.14067490893515,0.2425634867524359,0.1175887887812583,0.6398477244663058,1103,16.240253853127832,0.1308349954644493,0.2498900001955917,0.0496824803884945,4.265165458509043,0.0003232648293011,0.0371713508612874,2508,0.0,0.8133971291866029,0.0,0.0,1.0,20457.654583887088,0.0,2.288909802435531e-15,2.628543352477553e-13,0.0,0.0,0.0,0.0,,,0.0,400.0,51.144136459717714,0.0,0.0
optimal@10s+aware,5,400,2508,2049,0.8169856459330144,0.1830143540669856,0.106060606060606,0.0769537480063795,0.0,276.34073733913783,244.80772216629796,515.1496859967565,258.7194321203536,819.6,28.881405563689604,247.4593317754482,0.2391898896663028,0.1186979900272209,0.6421121203064764,1104,14.72554347826087,0.1299801630502638,0.2412620000359312,0.0488431876606683,3.480123772044664,0.0002946120044455,0.0353260869565217,2508,0.0,0.8169856459330144,0.0,0.0,1.0,20420.80764969487,0.0,-5.374476418378198e-15,2.5862214598611506e-13,0.0,0.0,0.0,0.0,,,0.0,400.0,51.052019124237184,0.0,0.0
optimal@10s+aware,0,450,2508,2074,0.8269537480063796,0.1730462519936204,0.1068580542264752,0.0661881977671451,0.0,265.6456187327788,230.3549827944762,521.1310391720546,254.96267118084012,829.6,30.74831243972999,234.8973062930488,0.3119983302114721,0.1019061857912384,0.5860954839972893,1110,15.515315315315314,0.1330722522382259,0.2340569996795241,0.0488431876606683,2.7091092348071144,0.0002169582239055,0.0234234234234234,2508,0.0,0.8269537480063796,0.0,0.0,1.0,20781.121331186816,0.0,-2.7618537479513174e-15,2.631876287676856e-13,0.0,0.0,0.0,0.0,,,0.0,450.0,46.18026962485959,0.0,0.0
optimal@10s+aware,1,450,2508,2081,0.8297448165869219,0.1702551834130781,0.0952950558213716,0.0749601275917065,0.0,258.26703135810016,219.3420054454191,503.7434697880181,245.4356279613824,832.4,26.18020182604517,232.08682953205496,0.3206688220754807,0.101335703317725,0.5779954746067942,1130,13.76283185840708,0.134907168137991,0.2617559998998332,0.0471146822498173,2.0407526973863925,0.0001868146214167,0.0283185840707964,2508,0.0,0.8297448165869219,0.0,0.0,1.0,20725.99675209434,0.0,2.786281003559511e-15,2.626584944523881e-13,0.0,0.0,0.0,0.0,,,0.0,450.0,46.05777056020964,0.0,0.0
optimal@10s+aware,2,450,2508,2074,0.8269537480063796,0.1730462519936204,0.098883572567783,0.0741626794258373,0.0,265.83908100095744,232.3323230025956,511.2715164449059,250.16142103722044,829.6,26.63307618129219,239.2060048196652,0.3162167416585554,0.1040978153824225,0.5796854429590219,1119,13.575513851653264,0.1348793565714274,0.2409839994288631,0.0537400145243282,2.3367574737944,0.0002171102740915,0.0277033065236818,2508,0.0,0.8269537480063796,0.0,0.0,1.0,20760.1735432215,0.0,7.850786344818007e-16,2.582112173278952e-13,0.0,0.0,0.0,0.0,,,0.0,450.0,46.13371898493667,0.0,0.0
optimal@10s+aware,3,450,2508,2076,0.8277511961722488,0.1722488038277512,0.1000797448165869,0.0721690590111642,0.0,258.1404288336109,223.22217816351983,506.30363329078136,246.3787701137028,830.4,26.34200385356455,231.79842498004632,0.313133730001129,0.1009685610914461,0.5858977089074249,1109,14.27141568981064,0.1359473399535854,0.2406760001395014,0.0454878943506969,2.20009786983941,0.000193555066648,0.0342651036970243,2508,0.0,0.8277511961722488,0.0,0.0,1.0,20941.122604430584,0.0,1.5732437831610238e-15,2.5590330539693535e-13,0.0,0.0,0.0,0.0,,,0.0,450.0,46.535828009845744,0.0,0.0
optimal@10s+aware,4,450,2508,2084,0.8309409888357256,0.1690590111642743,0.1016746411483253,0.0673843700159489,0.0,258.7367043803618,225.95206065664297,506.9465119198504,246.65727324194623,833.6,25.572456813819574,233.16424756654223,0.3143476485791621,0.1019860156137466,0.5836663358070913,1103,14.185856754306435,0.1355658204954445,0.2304720006941352,0.048440366972477,3.142142505826444,0.0002787256841813,0.028105167724388,2508,0.0,0.8309409888357256,0.0,0.0,1.0,20970.188284225653,0.0,-4.8763509758176136e-15,2.6074013922582696e-13,0.0,0.0,0.0,0.0,,,0.0,450.0,46.60041840939034,0.0,0.0
optimal@10s+aware,5,450,2508,2116,0.8437001594896332,0.1562998405103668,0.0849282296650717,0.071371610845295,0.0,263.5790497689347,232.61451129139004,505.366414221508,250.11129772133344,846.4,25.76748582230624,237.81156394662844,0.3067919156293299,0.1060266046647584,0.5871814797059116,1115,13.008968609865471,0.1356538116521525,0.2200299997275578,0.0448138778460426,3.1027444976138736,0.0003035329775669,0.0313901345291479,2508,0.0,0.8437001594896332,0.0,0.0,1.0,21020.500468166145,0.0,-6.30948769391652e-15,2.60338799457492e-13,0.0,0.0,0.0,0.0,,,0.0,450.0,46.71222326259143,0.0,0.0
optimal@10s+aware,0,500,2508,2147,0.8560606060606061,0.1439393939393939,0.0777511961722488,0.0661881977671451,0.0,245.177110170164,209.85501290646425,481.72496268249495,234.84132664143,858.8,22.93292966930601,222.244180500858,0.3593723460581877,0.09207207621702,0.5485555777247922,1106,11.919529837251355,0.1377737793638523,0.2206099996783452,0.0472103004291845,2.7186111494630945,0.0002965732692811,0.023508137432188,2508,0.0,0.8560606060606061,0.0,0.0,1.0,21568.192398324703,0.0,4.529730624644363e-15,2.618470570008779e-13,0.0,0.0,0.0,0.0,,,0.0,500.0,43.1363847966494,0.0,0.0
optimal@10s+aware,1,500,2508,2138,0.8524720893141946,0.1475279106858054,0.0829346092503987,0.0645933014354067,0.0,246.51645188026285,206.79812884390597,498.9705841136729,237.0271987937804,855.2,24.422357343311507,222.09409453695133,0.3723549771759534,0.0906616860497894,0.5369833367742571,1148,12.405052264808363,0.1354186411133714,0.2164590001666511,0.0513464991023339,2.4868773965558466,0.000257686033038,0.0296167247386759,2508,0.0,0.8524720893141946,0.0,0.0,1.0,21391.376251308928,0.0,1.2526410633219271e-14,2.586648284608548e-13,0.0,0.0,0.0,0.0,,,0.0,500.0,42.78275250261785,0.0,0.0
optimal@10s+aware,2,500,2508,2146,0.8556618819776715,0.1443381180223285,0.0817384370015949,0.0625996810207336,0.0,250.396013086911,216.4041511897658,503.6911204887451,239.5589743503372,858.4,23.55125815470643,226.84475493220455,0.3617613546294763,0.0925816285369117,0.545657016833612,1088,12.346507352941176,0.1296985294404147,0.2132779999647026,0.0612606232294617,2.2089068466328987,0.0002320132109002,0.0284926470588235,2508,0.0,0.8556618819776715,0.0,0.0,1.0,21644.70859760501,0.0,-8.461182464000203e-15,2.578805968601478e-13,0.0,0.0,0.0,0.0,,,0.0,500.0,43.28941719521002,0.0,0.0
optimal@10s+aware,3,500,2508,2099,0.8369218500797448,0.1630781499202551,0.0980861244019138,0.0649920255183413,0.0,247.7944588529786,213.60227895686148,502.1003208306349,238.63611993823565,839.6,26.171510242972843,221.62294861000572,0.3777040230216023,0.0881613827886183,0.5341345941897793,1109,13.93868349864743,0.1309771866485038,0.2169839998168754,0.048869438366156,2.604733181760638,0.00023652911911,0.0261496844003606,2508,0.0,0.8369218500797448,0.0,0.0,1.0,21080.502258715547,0.0,6.754641311897618e-15,2.575328125016917e-13,0.0,0.0,0.0,0.0,,,0.0,500.0,42.161004517431095,0.0,0.0
optimal@10s+aware,4,500,2508,2132,0.8500797448165869,0.149920255183413,0.0857256778309409,0.0641945773524721,0.0,243.5630895062507,211.2772648907876,485.6623016558879,234.53953364920596,852.8,20.24484052532833,223.3182489809224,0.3699874691952263,0.0916618489853315,0.5383506818194421,1097,12.406563354603463,0.1350552415702919,0.2226880005764541,0.0460144927536231,2.6091644048952687,0.0002715319379383,0.0246125797629899,2508,0.0,0.8500797448165869,0.0,0.0,1.0,21511.596653330293,0.0,2.1251501704949647e-15,2.642552634915795e-13,0.0,0.0,0.0,0.0,,,0.0,500.0,43.02319330666059,0.0,0.0
optimal@10s+aware,5,500,2508,2160,0.861244019138756,0.138755980861244,0.0733652312599681,0.0653907496012759,0.0,247.48685374881845,213.33508581387832,493.7690910005966,236.1648132734773,864.0,23.65462962962963,223.8322241191888,0.3600224168689586,0.0930065589549299,0.5469710241761114,1097,11.79580674567001,0.1337900638046385,0.2211480002370079,0.0497512437810945,3.5990048625253688,0.0003987117958824,0.0291704649042844,2508,0.0,0.861244019138756,0.0,0.0,1.0,21772.46588780953,0.0,-8.951584329753149e-15,2.6002584858959893e-13,0.0,0.0,0.0,0.0,,,0.0,500.0,43.54493177561907,0.0,0.0
batched_greedy@30s+aware,0,300,2508,1828,0.7288676236044657,0.2711323763955343,0.2077352472089314,0.0633971291866028,0.0,317.8726776776272,297.0320910051255,548.9442484919816,297.23517907628946,731.2,51.53227571115973,266.3404019664675,0.0921839040313971,0.1460186759554804,0.7617974200131225,373,27.571045576407503,0.0937091152876741,0.1961640003355568,0.0478919361440851,,,,2508,0.0,0.7288676236044657,0.0,0.0,1.0,18134.80611910448,0.0,9.087066134814877e-16,2.670629338875589e-13,0.0,0.0,0.0,0.0,,,0.0,300.0,60.44935373034825,0.0,0.0
batched_greedy@30s+aware,1,300,2508,1826,0.7280701754385965,0.2719298245614035,0.1973684210526315,0.0745614035087719,0.0,309.6579386299821,288.76849618156007,538.0009712565902,288.1312495042596,730.4,50.57064622124863,259.0872924087335,0.1064055160041184,0.1433077224069651,0.7502867615889164,385,26.28311688311688,0.0946223376736093,0.2087479998590423,0.0472120472120472,,,,2508,0.0,0.7280701754385965,0.0,0.0,1.0,17942.63353264163,0.0,2.329522725382708e-15,2.73821248017268e-13,0.0,0.0,0.0,0.0,,,0.0,300.0,59.80877844213877,0.0,0.0
batched_greedy@30s+aware,2,300,2508,1832,0.7304625199362041,0.2695374800637958,0.2037480063795853,0.0657894736842105,0.0,312.4333873296537,293.0554416297746,537.9489923671705,291.28362227774386,732.8,50.818231441048034,261.61515588860567,0.1073745034497832,0.1466149566531858,0.7460105398970309,375,27.08,0.0917738666709434,0.2124799996272485,0.0575131632239773,,,,2508,0.0,0.7304625199362041,0.0,0.0,1.0,17816.490516097932,0.0,1.3324736753080332e-14,2.6340707877860164e-13,0.0,0.0,0.0,0.0,,,0.0,300.0,59.38830172032644,0.0,0.0
batched_greedy@30s+aware,3,300,2508,1843,0.7348484848484849,0.2651515151515151,0.2061403508771929,0.0590111642743221,0.0,322.3259561461542,303.5541878983322,545.3397649750374,300.5526970434327,737.2,53.03038524145415,269.29557090470007,0.0940335069841733,0.1490660056826515,0.756900487333175,372,28.024193548387096,0.0957352150689202,0.2045239999824845,0.0515337423312883,,,,2508,0.0,0.7348484848484849,0.0,0.0,1.0,18176.20911940087,0.0,-1.4802049981814662e-14,2.66118712042926e-13,0.0,0.0,0.0,0.0,,,0.0,300.0,60.58736373133624,0.0,0.0
batched_greedy@30s+aware,4,300,2508,1837,0.7324561403508771,0.2675438596491228,0.2001594896331738,0.0673843700159489,0.0,314.1922314487881,292.3299488972916,545.1878825149187,290.83804372009814,734.8,51.78007621121394,262.4121552375741,0.0958281496134293,0.144947106927245,0.7592247434593256,369,27.252032520325205,0.0937509484886684,0.2088319996619247,0.0406237176856791,,,,2508,0.0,0.7324561403508771,0.0,0.0,1.0,18218.956308725494,0.0,-1.94352487892737e-15,2.757251271189513e-13,0.0,0.0,0.0,0.0,,,0.0,300.0,60.72985436241832,0.0,0.0
batched_greedy@30s+aware,5,300,2508,1835,0.731658692185008,0.268341307814992,0.1969696969696969,0.071371610845295,0.0,320.04833178759657,294.8327798187256,546.2198427519539,296.5490039441673,734.0,55.41089918256131,264.6374326050353,0.0899489216093076,0.1451096700361282,0.7649414083545641,377,27.395225464190982,0.0925549071369228,0.2373880005688991,0.0531614981876761,,,,2508,0.0,0.731658692185008,0.0,0.0,1.0,18137.78368184212,0.0,4.793017330289095e-16,2.7153683479739214e-13,0.0,0.0,0.0,0.0,,,0.0,300.0,60.45927893947373,0.0,0.0
batched_greedy@30s+aware,0,350,2508,1941,0.7739234449760766,0.2260765550239234,0.1638755980861244,0.062200956937799,0.0,291.57697988383245,261.39206711469114,520.0847787777684,278.3371755965654,776.4,44.86244204018547,246.71453784364695,0.1770560172215699,0.1271090747367468,0.6958349080416832,373,24.06166219839142,0.1097423592585466,0.2195399999254732,0.0564578499613302,,,,2508,0.0,0.7739234449760766,0.0,0.0,1.0,19238.672956783663,0.0,8.273764065534719e-15,2.6179768182150393e-13,0.0,0.0,0.0,0.0,,,0.0,350.0,54.9676370193819,0.0,0.0
batched_greedy@30s+aware,1,350,2508,1910,0.7615629984051037,0.2384370015948963,0.1706539074960127,0.0677830940988835,0.0,286.97998925447104,262.8849871533814,516.9283766316089,273.82957519586387,764.0,42.39476439790576,244.58522485656528,0.1943507745535289,0.1242900616762394,0.6813591637702315,385,23.55584415584416,0.1070262337504703,0.2340879999246679,0.0499410145497443,,,,2508,0.0,0.7615629984051037,0.0,0.0,1.0,18955.013944570917,0.0,5.612845848369338e-15,2.63176217293576e-13,0.0,0.0,0.0,0.0,,,0.0,350.0,54.15718269877405,0.0,0.0
batched_greedy@30s+aware,2,350,2508,1938,0.7727272727272727,0.2272727272727272,0.1614832535885167,0.0657894736842105,0.0,290.0273551881482,261.5665834398046,529.3447751655755,276.0143429045521,775.2,43.25902992776058,246.7683252603876,0.1910784042140484,0.1277133346731803,0.6812082611127712,368,24.119565217391305,0.1111309782340472,0.2339299998857313,0.0439043512348098,,,,2508,0.0,0.7727272727272727,0.0,0.0,1.0,18936.03941894028,0.0,3.1293623809687204e-15,2.6619332812996293e-13,0.0,0.0,0.0,0.0,,,0.0,350.0,54.10296976840078,0.0,0.0
batched_greedy@30s+aware,3,350,2508,1921,0.7659489633173844,0.2340510366826156,0.1674641148325359,0.0665869218500797,0.0,289.71707467351246,258.4436820349947,532.7606355285461,275.0802792599903,768.4,46.90213430504945,242.81494036846303,0.1939144841039476,0.1235014933293528,0.6825840225666995,372,24.801075268817204,0.1162758064325434,0.2252239999961603,0.0501960784313725,,,,2508,0.0,0.7659489633173844,0.0,0.0,1.0,19121.955850428654,0.0,-1.8869745837590507e-15,2.6813036145592383e-13,0.0,0.0,0.0,0.0,,,0.0,350.0,54.6341595726533,0.0,0.0
batched_greedy@30s+aware,4,350,2508,1954,0.7791068580542265,0.2208931419457735,0.1630781499202551,0.0578149920255183,0.0,288.9366725377366,265.5233819811956,524.2590458172173,274.3634509810154,781.6,42.65660184237461,246.28007069536204,0.171766910357232,0.1283055288545332,0.6999275607882348,367,23.58310626702997,0.1106049046403717,0.2361320000090926,0.0513818606461658,,,,2508,0.0,0.7791068580542265,0.0,0.0,1.0,19503.496724767247,0.0,2.79101204788316e-15,2.6718454584017204e-13,0.0,0.0,0.0,0.0,,,0.0,350.0,55.72427635647784,0.0,0.0
batched_greedy@30s+aware,5,350,2508,1960,0.7814992025518341,0.2185007974481658,0.1519138755980861,0.0665869218500797,0.0,288.6237167868684,258.6799586884363,524.682804282682,272.1913663309245,784.0,45.5015306122449,243.1221861746234,0.1684149075659268,0.1272044679288603,0.7043806245052129,377,22.79310344827586,0.1081090185376543,0.2267239999491721,0.0499423741836342,,,,2508,0.0,0.7814992025518341,0.0,0.0,1.0,19467.630378126567,0.0,1.3332872221238233e-15,2.653742305268127e-13,0.0,0.0,0.0,0.0,,,0.0,350.0,55.621801080361614,0.0,0.0
batched_greedy@30s+aware,0,400,2508,2017,0.8042264752791068,0.1957735247208931,0.1379585326953748,0.0578149920255183,0.0,280.63349409369926,244.57033188844247,533.0079994589526,269.43561062171347,806.8,43.03817550818047,237.5953185855188,0.2459487821570011,0.1131091146054898,0.6409421032375091,373,21.98659517426273,0.1191522788677983,0.2411920001395621,0.0524924471299093,,,,2508,0.0,0.8042264752791068,0.0,0.0,1.0,20150.98686901504,0.0,-6.642953691121053e-15,2.5664976671737585e-13,0.0,0.0,0.0,0.0,,,0.0,400.0,50.37746717253759,0.0,0.0
batched_greedy@30s+aware,1,400,2508,2007,0.8002392344497608,0.1997607655502392,0.1355661881977671,0.0641945773524721,0.0,274.6133586174659,241.50785760172403,517.5966465574153,264.3283413863402,802.8,41.25411061285501,233.3592480046109,0.2629338443808425,0.1098367844222491,0.6272293711969084,385,21.376623376623375,0.1270641558386904,0.2542880003602476,0.0521541950113378,,,,2508,0.0,0.8002392344497608,0.0,0.0,1.0,19914.486199745606,0.0,9.594384745243468e-15,2.6383645310012146e-13,0.0,0.0,0.0,0.0,,,0.0,400.0,49.78621549936401,0.0,0.0
batched_greedy@30s+aware,2,400,2508,2010,0.8014354066985646,0.1985645933014354,0.131578947368421,0.0669856459330143,0.0,280.2000122682509,248.42088290461172,520.2299302638871,266.29697583593725,804.0,39.71890547263681,240.48110679561407,0.2610547997805889,0.1139430540948992,0.6250021461245119,375,20.938666666666663,0.1187226666806964,0.249569999759842,0.0544090056285178,,,,2508,0.0,0.8014354066985646,0.0,0.0,1.0,19947.14378893515,0.0,5.352269208267546e-16,2.6028631986070933e-13,0.0,0.0,0.0,0.0,,,0.0,400.0,49.86785947233788,0.0,0.0
batched_greedy@30s+aware,3,400,2508,1990,0.7934609250398724,0.2065390749601276,0.1471291866028708,0.0594098883572567,0.0,274.402194350212,244.5202754492784,511.2939802932633,264.2516379249489,796.0,41.109547738693465,233.2926466115186,0.2692221860018531,0.1078896626047369,0.62288815139341,372,22.36021505376344,0.1245728494698704,0.243432000033863,0.0487336914811972,,,,2508,0.0,0.7934609250398724,0.0,0.0,1.0,19828.05576402048,0.0,-1.008350298847994e-15,2.59865272795566e-13,0.0,0.0,0.0,0.0,,,0.0,400.0,49.5701394100512,0.0,0.0
batched_greedy@30s+aware,4,400,2508,2011,0.8018341307814992,0.1981658692185008,0.1339712918660287,0.0641945773524721,0.0,277.51779047444865,249.68198798030332,515.6913266469483,263.28671466806753,804.4,41.57483838886127,235.94295208558736,0.2561022845812823,0.1114249310575216,0.6324727843611959,369,21.601626016260163,0.1204360433830343,0.2496119999341317,0.0477815699658703,,,,2508,0.0,0.8018341307814992,0.0,0.0,1.0,20262.42185612152,0.0,-8.149401370314165e-15,2.620608851752129e-13,0.0,0.0,0.0,0.0,,,0.0,400.0,50.6560546403038,0.0,0.0
batched_greedy@30s+aware,5,400,2508,2032,0.810207336523126,0.189792663476874,0.1236044657097288,0.0661881977671451,0.0,282.08875058673607,250.04693201155624,519.8744844723844,266.3425457917342,812.8,43.98966535433071,238.09908523240537,0.245349096279742,0.1138661419905773,0.6407847617296806,377,20.724137931034484,0.1156541114549578,0.2515360002144007,0.0535315985130111,,,,2508,0.0,0.810207336523126,0.0,0.0,1.0,20338.562760701472,0.0,-4.3170847474277615e-15,2.629232133847851e-13,0.0,0.0,0.0,0.0,,,0.0,400.0,50.84640690175368,0.0,0.0
batched_greedy@30s+aware,0,450,2508,2060,0.8213716108452951,0.1786283891547049,0.1216108452950558,0.0570175438596491,0.0,265.6835795180629,236.07976765374588,507.8213132061363,256.5344347642435,824.0,37.83834951456311,227.84523000349975,0.3165934483557507,0.0992503346874431,0.5841562169568061,373,19.99195710455764,0.1287104557838304,0.2776319995973605,0.0512820512820512,,,,2508,0.0,0.8213716108452951,0.0,0.0,1.0,20664.70841691505,0.0,-1.2668399231475208e-15,2.578281708951318e-13,0.0,0.0,0.0,0.0,,,0.0,450.0,45.92157425981123,0.0,0.0
batched_greedy@30s+aware,1,450,2508,2057,0.8201754385964912,0.1798245614035087,0.1232057416267942,0.0566188197767145,0.0,258.1733397048715,223.4325118340712,503.2082295696521,251.01002457466356,822.8,37.08167233835683,221.09166736651468,0.3306963136543752,0.0962438107978296,0.5730598755477951,385,19.67792207792208,0.1281535065053114,0.2571280005577137,0.0540238450074515,,,,2508,0.0,0.8201754385964912,0.0,0.0,1.0,20443.159479657457,0.0,9.169028092823084e-15,2.55630983350398e-13,0.0,0.0,0.0,0.0,,,0.0,450.0,45.42924328812768,0.0,0.0
batched_greedy@30s+aware,2,450,2508,2062,0.8221690590111643,0.1778309409888357,0.1204146730462519,0.0574162679425837,0.0,265.5691632401745,234.1472788459764,511.9383904643133,254.7502964033945,824.8,38.61105722599418,226.95810601418037,0.3248181569248375,0.0988594346116744,0.576322408463488,371,19.862533692722373,0.1350924528130439,0.274840000201948,0.050595238095238,,,,2508,0.0,0.8221690590111643,0.0,0.0,1.0,20548.3236635029,0.0,-2.5187309937907286e-16,2.633286411426664e-13,0.0,0.0,0.0,0.0,,,0.0,450.0,45.66294147445089,0.0,0.0
batched_greedy@30s+aware,3,450,2508,2051,0.8177830940988836,0.1822169059011164,0.122408293460925,0.0598086124401913,0.0,261.8909053110414,225.80124557748968,507.70309510900734,252.6435328128532,820.4,38.31691857630424,223.57398673473725,0.3253171989433296,0.0967714128717621,0.5779113881849083,371,20.28032345013477,0.1313175202002053,0.2660699995431061,0.0503543453935098,,,,2508,0.0,0.8177830940988836,0.0,0.0,1.0,20562.776990137358,0.0,-3.741846747939472e-15,2.58553999489967e-13,0.0,0.0,0.0,0.0,,,0.0,450.0,45.69505997808301,0.0,0.0
batched_greedy@30s+aware,4,450,2508,2073,0.8265550239234449,0.173444976076555,0.1136363636363636,0.0598086124401913,0.0,266.5157987841755,233.63944029354295,511.76401153593713,254.8511387699296,829.2,37.520984081041966,228.9948147031336,0.3207039678486801,0.0997235626896508,0.5795724694616691,370,19.65675675675676,0.1362989188901092,0.2725419999751466,0.0486265775798069,,,,2508,0.0,0.8265550239234449,0.0,0.0,1.0,20829.9682103952,0.0,-5.760841768780974e-15,2.633970653207777e-13,0.0,0.0,0.0,0.0,,,0.0,450.0,46.28881824532267,0.0,0.0
batched_greedy@30s+aware,5,450,2508,2092,0.8341307814992025,0.1658692185007974,0.1024720893141945,0.0633971291866028,0.0,267.3496543376019,237.82329752813143,505.0748106755056,254.3311275125592,836.8,39.28059273422562,228.06906160337635,0.3125125809157272,0.1010221586560921,0.5864652604281806,377,18.73740053050398,0.1246604774400984,0.253168000090227,0.0514598540145985,,,,2508,0.0,0.8341307814992025,0.0,0.0,1.0,20975.27090428412,0.0,-4.919264485879745e-15,2.568997702054931e-13,0.0,0.0,0.0,0.0,,,0.0,450.0,46.61171312063137,0.0,0.0
batched_greedy@30s+aware,0,500,2508,2126,0.8476874003189793,0.1523125996810207,0.1004784688995215,0.0518341307814992,0.0,256.80205841379785,221.0628355476429,502.5935454947808,248.88817758578537,850.4,36.46942615239888,220.33263226139897,0.3639169449308685,0.0898940731534164,0.546188981915715,373,18.396782841823057,0.1335504021654442,0.2876759999708155,0.0523446019629225,,,,2508,0.0,0.8476874003189793,0.0,0.0,1.0,21498.47686907001,0.0,3.8003466789309106e-15,2.605946189474414e-13,0.0,0.0,0.0,0.0,,,0.0,500.0,42.99695373814002,0.0,0.0
batched_greedy@30s+aware,1,500,2508,2102,0.8381180223285486,0.1618819776714513,0.1024720893141945,0.0594098883572567,0.0,248.79599448429352,213.43035031195063,493.8998312349893,241.54970310112816,840.8,35.39724072312084,213.39875376117269,0.3872457628201829,0.0856732425080524,0.5270809946717647,385,18.184415584415586,0.1410792207899284,0.3042159999677096,0.0494868035190615,,,,2508,0.0,0.8381180223285486,0.0,0.0,1.0,21019.23386553002,0.0,4.6414928143677216e-15,2.547232960556607e-13,0.0,0.0,0.0,0.0,,,0.0,500.0,42.03846773106004,0.0,0.0
batched_greedy@30s+aware,2,500,2508,2140,0.8532695374800638,0.1467304625199362,0.0944976076555023,0.0522328548644338,0.0,254.2713894655469,223.0300806237956,492.09241275701913,246.5628440317357,856.0,34.657476635514016,219.6139128300329,0.3703237129446836,0.0900206855665336,0.5396556014887827,375,17.690666666666665,0.138483466648419,0.2737319998232123,0.0503988397389412,,,,2508,0.0,0.8532695374800638,0.0,0.0,1.0,21400.8391549596,0.0,-2.5668978884300697e-15,2.5986243271440544e-13,0.0,0.0,0.0,0.0,,,0.0,500.0,42.8016783099192,0.0,0.0
batched_greedy@30s+aware,3,500,2508,2101,0.8377192982456141,0.1622807017543859,0.1024720893141945,0.0598086124401913,0.0,254.3802528015869,218.69232739627117,493.6456467386961,245.40133558884185,840.4,36.74916706330319,217.63108573828364,0.382009620614496,0.0867446272213795,0.5312457521641245,374,18.63903743315508,0.1450935828578753,0.2685139994810013,0.0416974169741697,,,,2508,0.0,0.8377192982456141,0.0,0.0,1.0,21098.441752347066,0.0,-1.824126549741095e-15,2.5986215136459996e-13,0.0,0.0,0.0,0.0,,,0.0,500.0,42.19688350469412,0.0,0.0
batched_greedy@30s+aware,4,500,2508,2122,0.8460925039872408,0.1539074960127591,0.0952950558213716,0.0586124401913875,0.0,249.10547598804743,215.8730603444901,493.2825629443042,241.2276228511513,848.8,33.05466540999058,216.05081057805685,0.3754815992841168,0.0884941344016986,0.5360242663141845,369,18.149051490514903,0.138376964739989,0.2839519994813599,0.0457205559619605,,,,2508,0.0,0.8460925039872408,0.0,0.0,1.0,21445.4557759885,0.0,5.646022972638979e-15,2.64280062908672e-13,0.0,0.0,0.0,0.0,,,0.0,500.0,42.890911551977,0.0,0.0
batched_greedy@30s+aware,5,500,2508,2137,0.85207336523126,0.14792663476874,0.087719298245614,0.0602073365231259,0.0,254.50640913809576,218.8947699852652,491.923496266887,245.033544987992,854.8,35.14506317267197,219.3613459654238,0.3647617363641861,0.0901904476178346,0.5450478160179792,370,17.748648648648647,0.1302718918653939,0.2918169996428332,0.0486837360259646,,,,2508,0.0,0.85207336523126,0.0,0.0,1.0,21526.80702122498,0.0,-2.98986125723808e-15,2.5782371090673925e-13,0.0,0.0,0.0,0.0,,,0.0,500.0,43.053614042449965,0.0,0.0
optimal@30s+aware,0,300,2508,1846,0.7360446570972887,0.2639553429027113,0.1957735247208931,0.0681818181818181,0.0,324.51162651187275,306.06367555334555,539.4195882791801,300.63661713916895,738.4,52.344528710725896,272.16709780114684,0.0837109084677583,0.1501217992450441,0.7661672922871975,373,26.96514745308311,0.1602174262717898,0.2391599998372839,0.0507655116841257,34.875352255248885,0.0016970648551721,0.2627345844504021,2508,0.0,0.7360446570972887,0.0,0.0,1.0,18282.207153800795,0.0,8.948301351131016e-15,2.693048625079508e-13,0.0,0.0,0.0,0.0,,,0.0,300.0,60.94069051266931,0.0,0.0
optimal@30s+aware,1,300,2508,1834,0.7312599681020734,0.2687400318979266,0.1993620414673046,0.069377990430622,0.0,315.7950665166875,299.7430851496056,535.2064537853497,294.13576747792746,733.6,51.03326063249728,264.7618058841902,0.0973477529611334,0.1467311621406253,0.7559210848982413,385,26.475324675324675,0.1511501298374277,0.2780279996295576,0.0453616673477727,35.40101684984595,0.0017502256100541,0.2311688311688311,2508,0.0,0.7312599681020734,0.0,0.0,1.0,18097.697182190856,0.0,1.4990674399129012e-14,2.703811971359771e-13,0.0,0.0,0.0,0.0,,,0.0,300.0,60.32565727396952,0.0,0.0
optimal@30s+aware,2,300,2508,1842,0.7344497607655502,0.2655502392344497,0.1941786283891547,0.071371610845295,0.0,322.848905981283,303.1400547010944,552.9031856342483,298.28877108279937,736.8,50.92182410423453,271.9270818770485,0.0958859353954964,0.1522994757973722,0.7518145888071313,375,26.714666666666663,0.1534256000207582,0.2423840000119525,0.0569366479550922,33.19627642637973,0.0016306158051961,0.2426666666666666,2508,0.0,0.7344497607655502,0.0,0.0,1.0,17991.57240012837,0.0,3.769333741259937e-15,2.706114979826104e-13,0.0,0.0,0.0,0.0,,,0.0,300.0,59.9719080004279,0.0,0.0
optimal@30s+aware,3,300,2508,1822,0.726475279106858,0.2735247208931419,0.1997607655502392,0.0737639553429027,0.0,323.22467296906746,304.55500505621603,551.0228607413745,298.51207105887755,728.8,52.24478594950604,270.9798870195614,0.0990140996181872,0.1485741383276596,0.752411762054153,370,27.91081081081081,0.1708289189524736,0.3043030002572777,0.05,33.489310012253306,0.0015639940411021,0.2594594594594595,2508,0.0,0.726475279106858,0.0,0.0,1.0,18085.25276252118,0.0,-5.023789653580991e-15,2.6745102047167943e-13,0.0,0.0,0.0,0.0,,,0.0,300.0,60.2841758750706,0.0,0.0
optimal@30s+aware,4,300,2508,1836,0.7320574162679426,0.2679425837320574,0.1957735247208931,0.0721690590111642,0.0,326.3332441910016,307.63507494448095,548.2484395692554,298.0608638745531,734.4,54.226579520697165,272.10666467030444,0.0886284700820239,0.1501193485879875,0.7612521813299885,369,27.26558265582656,0.1640864498683967,0.274591999768745,0.0478313741386299,34.155176276593494,0.0016430997897062,0.2411924119241192,2508,0.0,0.7320574162679426,0.0,0.0,1.0,18240.4059713338,0.0,1.5839423696640169e-15,2.75117740257224e-13,0.0,0.0,0.0,0.0,,,0.0,300.0,60.80135323777932,0.0,0.0
optimal@30s+aware,5,300,2508,1844,0.7352472089314195,0.2647527910685805,0.1937799043062201,0.0709728867623604,0.0,320.4012950279653,298.1367724267325,540.049856820264,296.410058889086,737.6,55.01030368763558,265.39099134032966,0.089977993323755,0.1458302889824056,0.7641917176938393,377,27.09018567639257,0.1525602122212236,0.2775639998435509,0.0491935483870967,36.81914427504034,0.0017842170166181,0.2625994694960212,2508,0.0,0.7352472089314195,0.0,0.0,1.0,18225.659775588872,0.0,-2.415879017684872e-15,2.6934937770170895e-13,0.0,0.0,0.0,0.0,,,0.0,300.0,60.75219925196291,0.0,0.0
optimal@30s+aware,0,350,2508,1949,0.7771132376395534,0.2228867623604465,0.1590909090909091,0.0637958532695374,0.0,296.47536648305646,275.7472403262691,519.8470528643687,280.83966127983973,779.6,43.68547973319651,252.78988674985996,0.168173382020164,0.1318966614487312,0.6999299565311048,373,23.369973190348524,0.1602018766847635,0.2567320001617189,0.0539915156189741,32.352544116617594,0.0019041482381756,0.2493297587131367,2508,0.0,0.7771132376395534,0.0,0.0,1.0,19364.753315282836,0.0,-3.224488688144259e-15,2.703426673560744e-13,0.0,0.0,0.0,0.0,,,0.0,350.0,55.32786661509381,0.0,0.0
optimal@30s+aware,1,350,2508,1935,0.7715311004784688,0.2284688995215311,0.164274322169059,0.0641945773524721,0.0,293.7574065071551,269.5330322699356,520.8272485816321,279.4027530984215,774.0,43.30749354005168,250.44991296710344,0.1800576932924177,0.1291384632033819,0.6908038435042003,385,23.27532467532468,0.1579800000092598,0.2515159997710725,0.0481409001956947,29.367187367589743,0.0017219573930532,0.1948051948051948,2508,0.0,0.7715311004784688,0.0,0.0,1.0,19235.33741684375,0.0,1.1444075661275684e-14,2.6442666603572704e-13,0.0,0.0,0.0,0.0,,,0.0,350.0,54.958106905267854,0.0,0.0
optimal@30s+aware,2,350,2508,1957,0.7803030303030303,0.2196969696969697,0.1606858054226475,0.0590111642743221,0.0,295.75933572825943,272.99217623429286,529.3976361329902,280.877955589129,782.8,45.17373530914665,250.58560041911272,0.1752592557099253,0.1306839879509848,0.6940567563390899,366,24.262295081967213,0.1674098360404979,0.2652050001415775,0.0516504854368932,28.65333603125324,0.0016201003267331,0.2076502732240437,2508,0.0,0.7803030303030303,0.0,0.0,1.0,19379.617017537694,0.0,-1.6605124134276105e-15,2.643010434368476e-13,0.0,0.0,0.0,0.0,,,0.0,350.0,55.37033433582198,0.0,0.0
optimal@30s+aware,3,350,2508,1940,0.773524720893142,0.226475279106858,0.1578947368421052,0.0685805422647528,0.0,292.18917937647086,260.47259281054767,533.5357447102671,275.5859394964073,776.0,46.044845360824745,246.14433401564617,0.1824998595605347,0.1273206290386107,0.6901795114008545,372,23.927419354838708,0.1588962365643652,0.26952700009133,0.0441578741695975,32.906850727835035,0.001882881559946,0.2231182795698924,2508,0.0,0.773524720893142,0.0,0.0,1.0,19319.659845617534,0.0,-3.350927782675331e-15,2.643606982806282e-13,0.0,0.0,0.0,0.0,,,0.0,350.0,55.19902813033583,0.0,0.0
optimal@30s+aware,4,350,2508,1961,0.7818979266347688,0.2181020733652312,0.1539074960127591,0.0641945773524721,0.0,290.7177794227913,266.0235992789467,526.4413806266894,273.8705455311901,784.4,43.380928097909226,247.33685132488205,0.1678571593287612,0.1300362085267297,0.702106632144509,369,23.02981029810298,0.1613593495925409,0.264743999832717,0.0490916119056822,30.108706190161133,0.0018156991533324,0.2195121951219512,2508,0.0,0.7818979266347688,0.0,0.0,1.0,19630.72095587097,0.0,-3.4773023035429433e-16,2.7122199324670656e-13,0.0,0.0,0.0,0.0,,,0.0,350.0,56.08777415963132,0.0,0.0
optimal@30s+aware,5,350,2508,1974,0.7870813397129187,0.2129186602870813,0.1463317384370016,0.0665869218500797,0.0,291.5612255085646,264.42822293712834,529.3600575804747,274.44992615420296,789.6,44.95238095238095,246.6088445561836,0.1663491582308274,0.1302947436487566,0.703356098120416,379,22.274406332453825,0.1728791556756144,0.263398000424786,0.0522103658536585,27.425552606341117,0.001719096150471,0.229551451187335,2508,0.0,0.7870813397129187,0.0,0.0,1.0,19579.07526734778,0.0,-9.789197483693364e-15,2.524439061483365e-13,0.0,0.0,0.0,0.0,,,0.0,350.0,55.94021504956509,0.0,0.0
optimal@30s+aware,0,400,2508,2015,0.8034290271132376,0.1965709728867623,0.1351674641148325,0.0614035087719298,0.0,276.451769379156,246.9687128578862,505.10499399470586,265.7006534760032,806.0,40.48734491315137,235.9644244660047,0.2440182259012948,0.1129603004594395,0.6430214736392655,373,21.498659517426272,0.1752410187242915,0.2725119997194269,0.0569715142428785,32.358805115687915,0.0021551372261079,0.2466487935656836,2508,0.0,0.8034290271132376,0.0,0.0,1.0,20165.388474189454,0.0,6.405683813544453e-16,2.5854554229552885e-13,0.0,0.0,0.0,0.0,,,0.0,400.0,50.41347118547365,0.0,0.0
optimal@30s+aware,1,400,2508,2008,0.8006379585326954,0.1993620414673046,0.1339712918660287,0.0653907496012759,0.0,278.6485197585836,246.9783963403156,517.0784124856325,266.5263516092381,803.2,41.56025896414343,237.08826079444012,0.2574087953028091,0.1129712738676483,0.6296199308295425,379,21.51715039577837,0.1733773086947391,0.2680140000484242,0.0538606403013182,26.47127691742792,0.0017488773686221,0.2374670184696569,2508,0.0,0.8006379585326954,0.0,0.0,1.0,20002.01231174866,0.0,-1.2691375175224486e-14,2.6472195396356295e-13,0.0,0.0,0.0,0.0,,,0.0,400.0,50.00503077937165,0.0,0.0
optimal@30s+aware,2,400,2508,2021,0.8058213716108453,0.1941786283891547,0.1271929824561403,0.0669856459330143,0.0,283.8338640360806,254.3689213821326,524.0397388240544,269.27854429712914,808.4,40.85304304799604,242.98082098808464,0.2552031271686949,0.1167613077718814,0.6280355650594237,369,21.26829268292683,0.1753338753531051,0.302208000284736,0.0459856765925367,23.65094770227376,0.0015880970138324,0.2168021680216802,2508,0.0,0.8058213716108453,0.0,0.0,1.0,19977.66715193592,0.0,1.5716714861220054e-15,2.602359473660928e-13,0.0,0.0,0.0,0.0,,,0.0,400.0,49.9441678798398,0.0,0.0
optimal@30s+aware,3,400,2508,2024,0.8070175438596491,0.1929824561403508,0.1319776714513556,0.0610047846889952,0.0,281.75771961018205,249.54911199462413,523.9170465151681,270.8026359241889,809.6,42.28260869565217,239.47511091452984,0.2487969689744721,0.1136250091762197,0.6375780218493082,372,22.03494623655914,0.1788854838636208,0.3086950003034879,0.0487528344671201,32.699676700397816,0.0021008781932583,0.2258064516129032,2508,0.0,0.8070175438596491,0.0,0.0,1.0,20254.6992228598,0.0,-4.842086327853808e-15,2.607495905622772e-13,0.0,0.0,0.0,0.0,,,0.0,400.0,50.6367480571495,0.0,0.0
optimal@30s+aware,4,400,2508,2018,0.8046251993620415,0.1953748006379585,0.131578947368421,0.0637958532695374,0.0,276.4184557091297,247.5552681096856,512.5182383966703,262.1326865237838,807.2,40.83548067393459,235.58297503519512,0.2527638187740615,0.1125494979465877,0.6346866832793507,367,21.376021798365123,0.1784975476930264,0.2994019994730476,0.0509049773755656,21.36217516917902,0.001438238877731,0.1825613079019073,2508,0.0,0.8046251993620415,0.0,0.0,1.0,20225.66357225008,0.0,1.1055686704188491e-14,2.626240817151883e-13,0.0,0.0,0.0,0.0,,,0.0,400.0,50.5641589306252,0.0,0.0
optimal@30s+aware,5,400,2508,2055,0.819377990430622,0.180622009569378,0.1164274322169059,0.0641945773524721,0.0,282.4884590788637,255.51985688867356,523.7976417508165,268.4510272799172,822.0,42.609732360097325,239.8787267187664,0.2343864575242617,0.1164394216247623,0.6491741208509759,377,20.405835543766575,0.1712830238666018,0.2818680003474584,0.0461309523809523,31.91779242164361,0.0022664282130489,0.2254641909814323,2508,0.0,0.819377990430622,0.0,0.0,1.0,20647.12006088381,0.0,5.4791532219675975e-15,2.582560280794549e-13,0.0,0.0,0.0,0.0,,,0.0,400.0,51.61780015220954,0.0,0.0
optimal@30s+aware,0,450,2508,2072,0.8261562998405104,0.1738437001594896,0.1120414673046252,0.0618022328548644,0.0,264.883637076602,230.0253407878072,507.7248508589286,254.4548292621676,828.8,38.7688223938224,226.1148146827796,0.3124310140290964,0.0997331384490109,0.5878358475218927,373,19.62466487935657,0.1788498659406123,0.3126280001015402,0.0455555555555555,23.650142428265724,0.0017942772635782,0.2198391420911528,2508,0.0,0.8261562998405104,0.0,0.0,1.0,20789.48159283173,0.0,-7.565055403220432e-15,2.567507553624906e-13,0.0,0.0,0.0,0.0,,,0.0,450.0,46.19884798407051,0.0,0.0
optimal@30s+aware,1,450,2508,2083,0.830542264752791,0.1694577352472089,0.115231259968102,0.0542264752791068,0.0,263.1282312470594,229.3140658233574,500.3257150917545,254.31250640253208,833.2,36.94671147383581,226.1815197732236,0.321385453525966,0.0997732056805345,0.5788413407934995,385,18.992207792207797,0.1724124675636087,0.3095640002356958,0.0476367696315593,25.763471623554693,0.0020216689728432,0.1948051948051948,2508,0.0,0.830542264752791,0.0,0.0,1.0,20662.312744533338,0.0,5.106173125546772e-15,2.553226206764001e-13,0.0,0.0,0.0,0.0,,,0.0,450.0,45.916250543407415,0.0,0.0
optimal@30s+aware,2,450,2508,2084,0.8309409888357256,0.1690590111642743,0.1084529505582137,0.0606060606060606,0.0,268.07870528176755,236.028080801656,509.4570238079135,256.65904118951863,833.6,37.31957773512476,230.7591275466427,0.3182855858659464,0.1019630574181774,0.5797513567158762,371,19.17789757412399,0.1881183288125828,0.3733600003215562,0.0486366985998526,23.39053396848974,0.0018292901361339,0.2318059299191374,2508,0.0,0.8309409888357256,0.0,0.0,1.0,20714.41238582666,0.0,5.055670107338166e-16,2.584557647874428e-13,0.0,0.0,0.0,0.0,,,0.0,450.0,46.03202752405925,0.0,0.0
optimal@30s+aware,3,450,2508,2066,0.8237639553429027,0.1762360446570973,0.1124401913875598,0.0637958532695374,0.0,265.6526548046006,232.3172591009436,512.6855399127303,255.2936633338752,826.4,36.34511132623427,229.3075434783663,0.3147507549940251,0.1005260696214193,0.5847231753845555,371,19.549865229110512,0.1807361186243023,0.3196399999069403,0.0474249722119303,17.580080132940644,0.0013388042262101,0.1967654986522911,2508,0.0,0.8237639553429027,0.0,0.0,1.0,20820.439242110373,0.0,-1.1408535727392098e-15,2.588318932100092e-13,0.0,0.0,0.0,0.0,,,0.0,450.0,46.26764276024527,0.0,0.0
optimal@30s+aware,4,450,2508,2084,0.8309409888357256,0.1690590111642743,0.1048644338118022,0.0641945773524721,0.0,266.55448097188963,237.13320452601465,501.3711542740445,253.16386626298845,833.6,37.57821497120921,228.9762660006804,0.3144347380458036,0.1012623294331816,0.5843029325210147,367,19.20980926430518,0.1776414168766839,0.3004820001115144,0.048582995951417,26.417773288827824,0.0020747475289043,0.2479564032697547,2508,0.0,0.8309409888357256,0.0,0.0,1.0,21025.244364355884,0.0,6.834477534988548e-15,2.6333904133874985e-13,0.0,0.0,0.0,0.0,,,0.0,450.00000000000006,46.72276525412418,0.0,0.0
optimal@30s+aware,5,450,2508,2122,0.8460925039872408,0.1539074960127591,0.0956937799043062,0.0582137161084529,0.0,266.42046928124154,236.26731168963445,497.2642165258416,254.4806879310493,848.8,37.72761545711593,228.6928538241256,0.3026487033219366,0.1031522449587662,0.5941990517192972,370,18.405405405405407,0.1766081080933036,0.3127699996366573,0.0459518599562363,25.763826163335622,0.0021528912514343,0.2162162162162162,2508,0.0,0.8460925039872408,0.0,0.0,1.0,21251.894677028216,0.0,6.149128750433301e-15,2.589719202514444e-13,0.0,0.0,0.0,0.0,,,0.0,450.0,47.22643261561826,0.0,0.0
optimal@30s+aware,0,500,2508,2143,0.8544657097288676,0.1455342902711323,0.0937001594896331,0.0518341307814992,0.0,254.9518944071529,222.8960213381424,488.3411972709964,248.45284318972676,857.2,35.46430237984134,219.4875920273116,0.3595467905001166,0.0910488277644726,0.5494043817354106,373,18.142091152815013,0.1712831099065754,0.2651279997371603,0.0496197030061571,29.2633734976974,0.0025110040195769,0.2386058981233244,2508,0.0,0.8544657097288676,0.0,0.0,1.0,21729.56612125937,0.0,7.448493007114198e-15,2.575728814660248e-13,0.0,0.0,0.0,0.0,,,0.0,500.0,43.459132242518734,0.0,0.0
optimal@30s+aware,1,500,2508,2121,0.8456937799043063,0.1543062200956937,0.0960925039872408,0.0582137161084529,0.0,250.85532520886505,217.7985272500009,496.8361789122428,243.40930501011124,848.4,34.39321074964639,216.46211445921867,0.3762985126231832,0.088540406340159,0.5351610810366577,385,17.698701298701298,0.1669558441884779,0.2578920003361417,0.0481576067128785,21.13493162051261,0.0018518436748679,0.1948051948051948,2508,0.0,0.8456937799043063,0.0,0.0,1.0,21295.657859991778,0.0,-7.618297003771548e-15,2.5779671759987457e-13,0.0,0.0,0.0,0.0,,,0.0,500.0,42.59131571998356,0.0,0.0
optimal@30s+aware,2,500,2508,2146,0.8556618819776715,0.1443381180223285,0.0909090909090909,0.0534290271132376,0.0,256.44443536176504,226.64106679131828,497.93910144198526,249.722577178393,858.4,33.3448275862069,223.09960777555816,0.3659648242636529,0.0920093886179025,0.5420257871184445,375,17.632,0.177460533324241,0.2766399996289692,0.0533141210374639,22.558114009767227,0.0020042976663388,0.1893333333333333,2508,0.0,0.8556618819776715,0.0,0.0,1.0,21553.05484720755,0.0,-6.820163156399552e-15,2.614941503468216e-13,0.0,0.0,0.0,0.0,,,0.0,500.0,43.106109694415096,0.0,0.0
optimal@30s+aware,3,500,2508,2115,0.8433014354066986,0.1566985645933014,0.1000797448165869,0.0566188197767145,0.0,255.09726433045972,221.2731581718117,504.0146638161765,247.29789052172487,846.0,35.190070921985814,219.90719340847397,0.3745967526179569,0.0886972988351775,0.5367059485468655,372,18.478494623655912,0.1751131720729679,0.2821680000397465,0.0398376982663223,25.626704273380305,0.0021257674168959,0.1962365591397849,2508,0.0,0.8433014354066986,0.0,0.0,1.0,21306.01585120436,0.0,-9.129550280983793e-16,2.593921925165352e-13,0.0,0.0,0.0,0.0,,,0.0,500.0,42.61203170240872,0.0,0.0
optimal@30s+aware,4,500,2508,2140,0.8532695374800638,0.1467304625199362,0.0885167464114832,0.0582137161084529,0.0,249.249459948204,215.42336276667535,484.8281446381748,240.306654338478,856.0,31.127570093457944,218.12188985474603,0.3697698605896735,0.0901931718075175,0.540036967602809,369,17.195121951219512,0.1579159891496991,0.2590439996129134,0.0495837857401375,23.298854465853367,0.002165381244454,0.2276422764227642,2508,0.0,0.8532695374800638,0.0,0.0,1.0,21564.66741461676,0.0,3.664462295391276e-15,2.6526620982865573e-13,0.0,0.0,0.0,0.0,,,0.0,500.0,43.12933482923352,0.0,0.0
optimal@30s+aware,5,500,2508,2165,0.863237639553429,0.1367623604465709,0.0765550239234449,0.0602073365231259,0.0,254.72439147420656,220.6849422905634,490.6573305157716,244.58990366431567,866.0,33.24064665127021,221.4837448229364,0.3595843241970254,0.0930525056026552,0.5473631702003193,377,16.389920424403183,0.1611896551543062,0.2636680001887726,0.049554367201426,26.379186523622156,0.0026168293922497,0.2175066312997347,2508,0.0,0.863237639553429,0.0,0.0,1.0,21730.88749157865,0.0,2.9952945435729973e-15,2.6026591710646616e-13,0.0,0.0,0.0,0.0,,,0.0,500.0,43.46177498315731,0.0,0.0
