arm,seed,drivers.num_drivers,requests,completed,completion_rate,cancel_rate,cancel_no_match_rate,cancel_eta_rate,cancel_late_rate,wait_mean_s,wait_p50_s,wait_p90_s,wait_all_mean_s,completed_per_hour,time_to_match_mean_s,pickup_mean_s,driver_idle_frac,driver_enroute_frac,driver_ontrip_frac,batches,batch_riders_mean,solve_ms_mean,solve_ms_p99,decline_rate,shadow_gap_s_per_batch,shadow_gap_frac,shadow_worse_batches_frac,app_opens,priced_out_rate,served_rate,retried_rate,surged_trip_frac,mean_multiplier_paid,revenue_per_hour,surge_revenue_per_hour,eta_error_mean_s,eta_abs_error_mean_s,eta_late_2min_frac,moves_per_driver_hour,chase_moves_per_hour,reposition_km_per_hour,moves_dispatched_frac,move_planned_mean_s,driver_reposition_frac,drivers_online_mean,earnings_per_online_hour,reserve_logons,reserve_logoffs
immediate_greedy,0,300,3078,1876,0.6094866796621182,0.3905133203378817,0.0136452241715399,0.3768680961663417,0.0,429.64052922804433,405.0498671215423,704.9488094680705,273.660118192992,750.4,11.98480447253676,417.65572475550766,0.0130689135552831,0.2310292275797649,0.755901858864952,3313,6.727739209175973,0.0508484756974508,0.1699640001970692,0.0464379947229551,,,,3078,0.0,0.6094866796621182,0.0,0.0,1.0,18418.0028314226,0.0,1.3510159586653932e-14,2.804409156923513e-13,0.0,0.0,0.0,0.0,,,0.0,300.0,61.393342771408655,0.0,0.0
immediate_greedy,1,300,3078,1868,0.6068875893437297,0.3931124106562703,0.0168940870695256,0.3762183235867446,0.0,433.6277514299373,407.26398800075503,719.6196246844444,276.510214718446,747.2,14.914508572401036,418.7132428575363,0.0073511615415797,0.2337273317782319,0.7589215066801882,3380,7.3801775147929,0.0550240532541966,0.1829209995048586,0.0507761115495922,,,,3078,0.0,0.6068875893437297,0.0,0.0,1.0,18344.037484771696,0.0,-4.7470949369839665e-15,2.7282102344570363e-13,0.0,0.0,0.0,0.0,,,0.0,300.0,61.14679161590565,0.0,0.0
immediate_greedy,2,300,3078,1905,0.6189083820662769,0.3810916179337232,0.0201429499675113,0.3609486679662118,0.0,434.2766415191501,411.6766962224142,723.727483474828,282.70070062323674,762.0,15.523001911965732,418.7536396071844,0.0116720458914435,0.2363767218280475,0.7519512322805089,3314,7.978575739287869,0.0544411285595805,0.1935609999327425,0.0507936507936507,,,,3078,0.0,0.6189083820662769,0.0,0.0,1.0,18186.587729618062,0.0,4.22409264172343e-16,2.7953702344999817e-13,0.0,0.0,0.0,0.0,,,0.0,300.0,60.62195909872687,0.0,0.0
immediate_greedy,3,300,3078,1887,0.6130604288499025,0.3869395711500974,0.0204678362573099,0.3664717348927875,0.0,440.9462326375721,409.9870366396399,747.383381739854,289.10332704724493,754.8,23.55457996649353,417.3916526710786,0.0093685742924155,0.2331569470731889,0.7574744786343955,3271,10.431672271476613,0.0735377560411079,0.3025400000296945,0.0552340873224618,,,,3078,0.0,0.6130604288499025,0.0,0.0,1.0,18423.095925012924,0.0,2.146313510245136e-15,2.8847959762614095e-13,0.0,0.0,0.0,0.0,,,0.0,300.0,61.41031975004308,0.0,0.0
immediate_greedy,4,300,3078,1917,0.6228070175438597,0.3771929824561403,0.0133203378817413,0.3638726445743989,0.0,417.1948446701486,387.6422472996164,709.9467524459292,269.77959865588514,766.8,11.87747126449479,405.3173734056538,0.0111253337174072,0.2284551469975706,0.7604195192850222,3382,6.425783560023655,0.048843258431834,0.1619039998513472,0.0529488859764089,,,,3078,0.0,0.6228070175438597,0.0,0.0,1.0,18515.39106112501,0.0,1.6586743570821329e-15,2.808052289505337e-13,0.0,0.0,0.0,0.0,,,0.0,300.0,61.71797020375005,0.0,0.0
immediate_greedy,5,300,3078,1876,0.6094866796621182,0.3905133203378817,0.0246913580246913,0.3658219623131903,0.0,424.5203918752405,400.2718705563932,711.5198421067394,273.3592582501365,750.4,13.146328721194438,411.3740631540461,0.0121836210494678,0.2270192215854172,0.7607971573651149,3360,7.814285714285714,0.0579184226258651,0.1994460003152197,0.0473404255319148,,,,3078,0.0,0.6094866796621182,0.0,0.0,1.0,18285.919546197816,0.0,1.1585141753764428e-14,2.8645458428884965e-13,0.0,0.0,0.0,0.0,,,0.0,300.0,60.95306515399272,0.0,0.0
immediate_greedy,0,350,3078,2259,0.7339181286549707,0.2660818713450292,0.0081221572449642,0.2579597141000649,0.0,343.3953305863582,311.03223740320664,603.6530004812614,256.7328819787438,903.6,3.561768285909137,339.8335623004491,0.034802552381417,0.1982039853167602,0.7669934623018227,3541,3.2366563117763345,0.0318210392572648,0.0821799998448113,0.0501567398119122,,,,3078,0.0,0.7339181286549707,0.0,0.0,1.0,21981.220566694,0.0,-4.081924901871049e-15,2.8806154255009053e-13,0.0,0.0,0.0,0.0,,,0.0,350.0,62.80348733341143,0.0,0.0
immediate_greedy,1,350,3078,2268,0.7368421052631579,0.2631578947368421,0.0081221572449642,0.2550357374918778,0.0,337.1506245550871,305.99343734280524,578.7591703257903,253.38093916838,907.2,4.150438680949598,333.0001858741375,0.0290468759176193,0.193173171905128,0.7777799521772526,3485,3.3862266857962697,0.0364136298449951,0.1180480000039096,0.0526178692367804,,,,3078,0.0,0.7368421052631579,0.0,0.0,1.0,22129.10665184362,0.0,-1.0776408180470919e-14,2.818212056039848e-13,0.0,0.0,0.0,0.0,,,0.0,350.0,63.22601900526748,0.0,0.0
immediate_greedy,2,350,3078,2265,0.7358674463937622,0.2641325536062378,0.0172189733593242,0.2469135802469135,0.0,354.428591888282,316.94959325147784,622.9122512788257,268.6828351233001,906.0,5.4199002866241655,349.0086916016578,0.0294039989547669,0.2049849547717637,0.7656110462734693,3605,4.636615811373093,0.0445885159446909,0.1173919999200734,0.047568710359408,,,,3078,0.0,0.7358674463937622,0.0,0.0,1.0,21792.61002064216,0.0,-1.0539717247108152e-14,2.79214277404025e-13,0.0,0.0,0.0,0.0,,,0.0,350.0,62.26460005897759,0.0,0.0
immediate_greedy,3,350,3078,2253,0.7319688109161794,0.2680311890838207,0.0097465886939571,0.2582846003898635,0.0,359.0572119444602,326.9859233568368,619.1577535781903,268.8310780047591,901.2,4.560625692225496,354.49658625223475,0.0283128041666927,0.2068363705545063,0.7648508252788009,3522,3.8929585462805214,0.0393942646150435,0.1140580001174384,0.0539624608967674,,,,3078,0.0,0.7319688109161794,0.0,0.0,1.0,21865.184836230044,0.0,-9.413981652214376e-16,2.7740023623326573e-13,0.0,0.0,0.0,0.0,,,0.0,350.0,62.47195667494298,0.0,0.0
immediate_greedy,4,350,3078,2288,0.7433398310591293,0.2566601689408707,0.0103963612735542,0.2462638076673164,0.0,340.39924270901685,315.85127514611577,581.3928048094782,258.1135605030273,915.2,3.8822214951138823,336.517021213903,0.0292712769799815,0.1967640376089019,0.7739646854111165,3569,3.588119921546652,0.0390126365969141,0.0922519998130157,0.0470681041283197,,,,3078,0.0,0.7433398310591293,0.0,0.0,1.0,22125.235736813025,0.0,-1.98287384957528e-15,2.808833197112147e-13,0.0,0.0,0.0,0.0,,,0.0,350.0,63.21495924803721,0.0,0.0
immediate_greedy,5,350,3078,2236,0.7264457439896036,0.2735542560103963,0.0100714749837556,0.2634827810266407,0.0,352.8332745250685,321.157919748287,615.4624917194374,261.9122938267189,894.4,3.700509093953345,349.1327654311152,0.0330532812001319,0.2008827458126887,0.7660639729871793,3461,3.72695752672638,0.0384474429419749,0.0988399999187096,0.0480188926790868,,,,3078,0.0,0.7264457439896036,0.0,0.0,1.0,21760.16749010729,0.0,2.6963126623096823e-15,2.813364727031164e-13,0.0,0.0,0.0,0.0,,,0.0,350.0,62.171907114592265,0.0,0.0
immediate_greedy,0,400,3078,2549,0.8281351526965562,0.1718648473034437,0.0064977257959714,0.1653671215074723,0.0,279.91394041607936,249.07415504014352,522.1651889095477,235.0099059463172,1019.6,2.4487054788651514,277.4652349372142,0.0808574778799386,0.1639063930449317,0.7552361290751297,3685,2.716146540027137,0.031321411120528,0.0819999997111153,0.0443569553805774,,,,3078,0.0,0.8281351526965562,0.0,0.0,1.0,24653.9648087363,0.0,9.177611375630286e-15,2.784277320273365e-13,0.0,0.0,0.0,0.0,,,0.0,400.0,61.63491202184075,0.0,0.0
immediate_greedy,1,400,3078,2555,0.8300844704353476,0.1699155295646523,0.0042235217673814,0.1656920077972709,0.0,287.5302960944168,258.6706217606534,510.6011301798516,241.38733025541595,1022.0,1.9091419206477265,285.62115417376907,0.0642130081956823,0.1691585642172472,0.7666284275870704,3570,2.3663865546218488,0.0290864145645988,0.0732310000967118,0.0487486965589155,,,,3078,0.0,0.8300844704353476,0.0,0.0,1.0,25031.308605662343,0.0,-2.999296831770129e-15,2.763844382755926e-13,0.0,0.0,0.0,0.0,,,0.0,400.0,62.57827151415586,0.0,0.0
immediate_greedy,2,400,3078,2566,0.8336582196231319,0.1663417803768681,0.0100714749837556,0.1562703053931124,0.0,287.8665839899724,254.512802747533,515.0843988609454,244.43956258383545,1026.4,2.0412729734907007,285.8253110164817,0.0668868620269852,0.1707391345038613,0.7623740034691534,3750,2.8866666666666667,0.0331057066607172,0.0764510000590234,0.0489913544668587,,,,3078,0.0,0.8336582196231319,0.0,0.0,1.0,24864.49463695932,0.0,-7.673432340737363e-15,2.751972028625103e-13,0.0,0.0,0.0,0.0,,,0.0,400.0,62.161236592398296,0.0,0.0
immediate_greedy,3,400,3078,2577,0.8372319688109162,0.1627680311890838,0.0090968161143599,0.1536712150747238,0.0,283.36650222336,252.3623849800024,501.787531003249,240.91604118198237,1030.8,2.0965037327925,281.2699984905675,0.0651891463561805,0.1682592317498973,0.7665516218939222,3712,2.7952586206896552,0.0308793642281753,0.074788999327211,0.0529473135106937,,,,3078,0.0,0.8372319688109162,0.0,0.0,1.0,25071.197297554623,0.0,7.136618722359582e-15,2.772690023940887e-13,0.0,0.0,0.0,0.0,,,0.0,400.0,62.67799324388656,0.0,0.0
immediate_greedy,4,400,3078,2589,0.8411306042884991,0.1588693957115009,0.0077972709551656,0.1510721247563352,0.0,274.0525507611506,243.72328802037555,495.2818795182782,234.25712816504895,1035.6,1.5893905439732054,272.46316021717746,0.0753199692416185,0.1635127022774204,0.7611673284809609,3724,2.795918367346939,0.0333703813050851,0.0715000003492605,0.0494505494505494,,,,3078,0.0,0.8411306042884991,0.0,0.0,1.0,24925.72355791963,0.0,-4.777089414570971e-15,2.702673070965213e-13,0.0,0.0,0.0,0.0,,,0.0,400.0,62.31430889479908,0.0,0.0
immediate_greedy,5,400,3078,2553,0.8294346978557505,0.1705653021442495,0.0042235217673814,0.1663417803768681,0.0,282.9673109240405,251.78473276423935,506.5246060069674,237.83754628757103,1021.2,2.01779493440174,280.9495159896388,0.0703911722235901,0.166152503920657,0.7634563238557528,3661,2.617044523354275,0.0303156514619217,0.087320000238833,0.0470096630974144,,,,3078,0.0,0.8294346978557505,0.0,0.0,1.0,24863.364887806183,0.0,-6.481301981595508e-16,2.808317185883715e-13,0.0,0.0,0.0,0.0,,,0.0,400.0,62.158412219515455,0.0,0.0
immediate_greedy,0,450,3078,2735,0.8885640025990903,0.1114359974009096,0.0029239766081871,0.1085120207927225,0.0,226.37138427489592,197.46110914835023,425.1376712781702,202.9442097657846,1094.0,1.1720330875219045,225.19935118737405,0.146209903808874,0.131455043704976,0.7223350524861499,3909,1.973650550012791,0.0267581990232802,0.0615679998009,0.0531501166709878,,,,3078,0.0,0.8885640025990903,0.0,0.0,1.0,26560.22048976717,0.0,-6.4538258953968705e-15,2.696982186633955e-13,0.0,0.0,0.0,0.0,,,0.0,450.0,59.0227121994826,0.0,0.0
immediate_greedy,1,450,3078,2719,0.8833658219623132,0.1166341780376868,0.0012995451591942,0.1153346328784925,0.0,229.48771365056896,198.94182129952603,437.34927874436994,203.85848132033723,1087.6,1.0425632766638449,228.44515037390508,0.1423398460323256,0.1315261387752975,0.7261340151923769,3547,1.7992669861855088,0.0272677191938833,0.0767079997058317,0.047643842749284,,,,3078,0.0,0.8833658219623132,0.0,0.0,1.0,26549.569963378068,0.0,-1.3257181711776292e-14,2.676806102180933e-13,0.0,0.0,0.0,0.0,,,0.0,450.0,58.99904436306237,0.0,0.0
immediate_greedy,2,450,3078,2754,0.8947368421052632,0.1052631578947368,0.0071474983755685,0.0981156595191682,0.0,231.48734280686,197.3502603909003,444.3971675542798,210.19925787758396,1101.6,1.7351093625783114,229.75223344428173,0.1358424311610276,0.1343742795717618,0.7297832892672105,4003,2.501873594803897,0.0312854858754003,0.0746979994801222,0.0491246407107394,,,,3078,0.0,0.8947368421052632,0.0,0.0,1.0,26752.32590976524,0.0,-5.4970955569312405e-15,2.707638035350529e-13,0.0,0.0,0.0,0.0,,,0.0,450.0,59.44961313281164,0.0,0.0
immediate_greedy,3,450,3078,2761,0.8970110461338532,0.1029889538661468,0.0048732943469785,0.0981156595191682,0.0,228.14364212810256,194.1539613418363,432.8501610739804,207.08525777400007,1104.4,1.3475447387394948,226.79609738936307,0.1351033462348102,0.1322210892682906,0.7326755644968992,3908,2.1796315250767657,0.0303198567001986,0.072850999467846,0.049765502866076,,,,3078,0.0,0.8970110461338532,0.0,0.0,1.0,26882.11032021426,0.0,4.6207152555496546e-15,2.688011992555542e-13,0.0,0.0,0.0,0.0,,,0.0,450.0,59.73802293380946,0.0,0.0
immediate_greedy,4,450,3078,2745,0.8918128654970761,0.1081871345029239,0.0042235217673814,0.1039636127355425,0.0,224.65458011990967,192.39498612523855,427.9155083421533,202.12725200898308,1098.0,0.869647188781726,223.78493293112805,0.1459000000278507,0.1301839046505264,0.7239160953216228,3772,1.9716330858960764,0.0318757688127067,0.0641899998208827,0.0492829204693611,,,,3078,0.0,0.8918128654970761,0.0,0.0,1.0,26536.33153458396,0.0,-2.8522013732810943e-16,2.699374826073495e-13,0.0,0.0,0.0,0.0,,,0.0,450.0,58.9696256324088,0.0,0.0
immediate_greedy,5,450,3078,2738,0.889538661468486,0.1104613385315139,0.0022742040285899,0.1081871345029239,0.0,236.2303611814364,201.7239189015363,444.9495993868833,211.59106650798327,1095.2,1.2465137557658736,234.98384742567052,0.1349652055400005,0.1370311265539784,0.7280036679060211,3569,1.9784253292238725,0.0279908377644127,0.0757639997027581,0.0489201144938849,,,,3078,0.0,0.889538661468486,0.0,0.0,1.0,26615.850925694453,0.0,-9.641179989739743e-15,2.767447824348683e-13,0.0,0.0,0.0,0.0,,,0.0,450.0,59.146335390432114,0.0,0.0
immediate_greedy,0,500,3078,2834,0.9207277452891488,0.0792722547108512,0.0012995451591942,0.0779727095516569,0.0,203.88972816164184,172.59266538557677,389.07186009142487,188.52123006856837,1133.6,0.7585913207869922,203.1311368408548,0.2081810590810073,0.1118372261341959,0.6799817147847967,3675,1.5771428571428572,0.0250656326581248,0.0531999996928789,0.0501168527655154,,,,3078,0.0,0.9207277452891488,0.0,0.0,1.0,27647.74983436685,0.0,-6.641280484073872e-15,2.6824680640316535e-13,0.0,0.0,0.0,0.0,,,0.0,500.0,55.2954996687337,0.0,0.0
immediate_greedy,1,500,3078,2835,0.9210526315789472,0.0789473684210526,0.0012995451591942,0.0776478232618583,0.0,199.9354691829012,165.57035132251258,389.34803416922273,185.2932198232677,1134.0,0.7962061809447585,199.13926300195644,0.2123259601447007,0.1086131595247424,0.6790608803305568,3771,1.6966321930522408,0.0277417130734171,0.062329999582289,0.0528223718280683,,,,3078,0.0,0.9210526315789472,0.0,0.0,1.0,27614.715013651432,0.0,-2.098576065030437e-15,2.680762137847596e-13,0.0,0.0,0.0,0.0,,,0.0,500.0,55.22943002730287,0.0,0.0
immediate_greedy,2,500,3078,2852,0.926575698505523,0.0734243014944769,0.0058479532163742,0.0675763482781026,0.0,197.74949742510404,164.69705995802724,383.9597025445075,185.6248718922134,1140.8,0.8416691858821356,196.9078282392219,0.2074991084790455,0.1090729183546717,0.6834279731662827,4042,2.10267194458189,0.029185922819058,0.0659309998718528,0.0423238696109358,,,,3078,0.0,0.926575698505523,0.0,0.0,1.0,27747.305507658584,0.0,-8.204439153926998e-16,2.693402614855671e-13,0.0,0.0,0.0,0.0,,,0.0,500.0,55.49461101531717,0.0,0.0
immediate_greedy,3,500,3078,2845,0.9243014944769332,0.0756985055230669,0.0016244314489928,0.074074074074074,0.0,201.13570348494832,169.08304474263878,387.8406614941943,187.10138705042516,1138.0,0.9904444243750108,200.14525906057327,0.2089217576443523,0.1104449005368487,0.6806333418187989,3679,1.8260396846969285,0.0261828214131463,0.0646539999797822,0.0471599791558103,,,,3078,0.0,0.9243014944769332,0.0,0.0,1.0,27699.22863592998,0.0,-1.31362993125279e-14,2.6335098913148577e-13,0.0,0.0,0.0,0.0,,,0.0,500.0,55.39845727185996,0.0,0.0
immediate_greedy,4,500,3078,2829,0.919103313840156,0.080896686159844,0.0035737491877842,0.0773229369720597,0.0,199.37102820938745,166.4046231443117,388.31300513664223,185.0036840888557,1131.6,1.1143956770385357,198.25663253234887,0.2144200711207509,0.1083292994980293,0.6772506293812197,3929,1.9949096462204123,0.0296432679998426,0.0672160002795862,0.0447643979057591,,,,3078,0.0,0.919103313840156,0.0,0.0,1.0,27487.907911508715,0.0,1.986706624200209e-15,2.66660422190908e-13,0.0,0.0,0.0,0.0,,,0.0,500.0,54.97581582301744,0.0,0.0
immediate_greedy,5,500,3078,2841,0.9230019493177388,0.0769980506822612,0.0006497725795971,0.076348278102664,0.0,204.07704733676687,173.85990162661255,393.6696055262401,189.0963942739169,1136.4,0.6474133721603299,203.4296339646066,0.2066388128145292,0.1122180185835791,0.6811431686018916,3576,1.5453020134228188,0.0252899608468016,0.055725000493112,0.052059052059052,,,,3078,0.0,0.9230019493177388,0.0,0.0,1.0,27617.699682635623,0.0,6.557389071879664e-16,2.672571382394424e-13,0.0,0.0,0.0,0.0,,,0.0,500.0,55.235399365271256,0.0,0.0
batched_greedy@10s,0,300,3078,2026,0.6582196231319039,0.3417803768680961,0.1543209876543209,0.1874593892137751,0.0,412.8286725770544,377.4223892047648,669.0061207513045,323.5432654269274,810.4,67.93534057255677,344.8933320044976,0.0120070849106757,0.1848731598712324,0.8031197552180918,1101,29.322434150772025,0.0406563124254846,0.1132000006691669,0.0502692998204667,,,,3078,0.0,0.6582196231319039,0.0,0.0,1.0,19598.407917979566,0.0,-8.206663384396024e-16,2.842732082417112e-13,0.0,0.0,0.0,0.0,,,0.0,300.0,65.32802639326522,0.0,0.0
batched_greedy@10s,1,300,3078,2014,0.654320987654321,0.345679012345679,0.1617933723196881,0.1838856400259909,0.0,404.15852338269394,378.85364600236426,646.3545301596816,316.67719122722445,805.6,67.70605759682225,336.4524657858717,0.0060892391844729,0.1802225927572391,0.8136881680582879,1097,28.64813126709207,0.0357411121216187,0.1048199995057075,0.0467289719626168,,,,3078,0.0,0.654320987654321,0.0,0.0,1.0,19698.33475280411,0.0,-1.524456385908338e-14,2.786110744077005e-13,0.0,0.0,0.0,0.0,,,0.0,300.0,65.66111584268036,0.0,0.0
batched_greedy@10s,2,300,3078,2008,0.6523716699155295,0.3476283300844704,0.1562703053931124,0.191358024691358,0.0,406.6495779443375,380.14771156466304,652.1811393496979,315.21866479648986,803.2,66.63645418326693,340.0131237610706,0.0090819068896594,0.1816615193308022,0.8092565737795383,1108,28.13176895306859,0.0374937725567241,0.1075809997655597,0.0509439616421935,,,,3078,0.0,0.6523716699155295,0.0,0.0,1.0,19504.345752962632,0.0,-4.871711710446802e-15,2.758280545092032e-13,0.0,0.0,0.0,0.0,,,0.0,300.0,65.01448584320877,0.0,0.0
batched_greedy@10s,3,300,3078,2031,0.6598440545808967,0.3401559454191033,0.1380766731643924,0.2020792722547108,0.0,409.5820165560584,380.9604411903374,658.9028216626593,316.1731725267361,812.4,63.36582964057115,346.2161869154873,0.0087450270994233,0.1883735206233694,0.8028814522772072,1093,27.03293687099725,0.0424824336579746,0.1081159994646439,0.059953434225844,,,,3078,0.0,0.6598440545808967,0.0,0.0,1.0,19760.32407108853,0.0,1.43971491547846e-14,2.719645177589105e-13,0.0,0.0,0.0,0.0,,,0.0,300.0,65.86774690362842,0.0,0.0
batched_greedy@10s,4,300,3078,2044,0.6640675763482781,0.3359324236517219,0.129304743339831,0.2066276803118908,0.0,404.7059198671742,372.7169889899178,649.9650869476438,311.89481462886533,817.6,63.44716242661448,341.2587574405597,0.0119003158715614,0.1857255721774748,0.8023741119509638,1108,25.859205776173287,0.0398468411447288,0.1140580002447678,0.0457478005865102,,,,3078,0.0,0.6640675763482781,0.0,0.0,1.0,19609.441250941123,0.0,1.322707979240304e-15,2.864366712941713e-13,0.0,0.0,0.0,0.0,,,0.0,300.0,65.36480416980375,0.0,0.0
batched_greedy@10s,5,300,3078,1993,0.647498375568551,0.352501624431449,0.1254061078622482,0.2270955165692007,0.0,411.0590075420306,386.6750618522974,658.7220024842129,311.0818881984516,797.2,55.69643753135976,355.3625700106709,0.010387566908175,0.1921590426796871,0.7974533904121378,1090,25.15412844036697,0.0403532110018922,0.1128979995974075,0.0460641399416909,,,,3078,0.0,0.647498375568551,0.0,0.0,1.0,19387.8116319715,0.0,-7.809552748030604e-15,2.813382018849418e-13,0.0,0.0,0.0,0.0,,,0.0,300.0,64.62603877323834,0.0,0.0
batched_greedy@10s,0,350,3078,2285,0.7423651721897336,0.2576348278102664,0.0172189733593242,0.2404158544509421,0.0,350.25812439452216,317.9360967803141,596.913051757244,270.3031502542047,914.0,14.26652078774617,335.991603606776,0.0313377774679997,0.194612867432667,0.7740493550993333,1072,8.215485074626866,0.0406315298464709,0.0969450001775839,0.0507761115495922,,,,3078,0.0,0.7423651721897336,0.0,0.0,1.0,22138.46232348007,0.0,-3.880776079775077e-15,2.818382531974472e-13,0.0,0.0,0.0,0.0,,,0.0,350.0,63.25274949565734,0.0,0.0
batched_greedy@10s,1,350,3078,2279,0.7404158544509422,0.2595841455490578,0.027940220922677,0.2316439246263807,0.0,351.54774345614715,321.967595306126,590.3552622794844,273.8447187499683,911.6,17.84159719175077,333.7061462643964,0.0252026998351693,0.1896765973085635,0.7851207028562671,1094,9.618829981718465,0.0355914990843628,0.0964289996318254,0.0577075098814229,,,,3078,0.0,0.7404158544509422,0.0,0.0,1.0,22343.033502807164,0.0,9.681495525313958e-15,2.7540078354912293e-13,0.0,0.0,0.0,0.0,,,0.0,350.0,63.83723857944904,0.0,0.0
batched_greedy@10s,2,350,3078,2296,0.7459389213775178,0.2540610786224821,0.0263157894736842,0.2277452891487979,0.0,348.5728357786188,317.13917041586546,596.5599986622565,272.75467190106286,918.4,14.609320557491287,333.9635152211275,0.0285575412426026,0.1936770218197866,0.7777654369376108,1094,9.023765996343691,0.0383609689207969,0.1100929999211069,0.0565091101135463,,,,3078,0.0,0.7459389213775178,0.0,0.0,1.0,22217.285921576386,0.0,4.6869206154558866e-15,2.7599602819974263e-13,0.0,0.0,0.0,0.0,,,0.0,350.0,63.47795977593253,0.0,0.0
batched_greedy@10s,3,350,3078,2276,0.7394411955815464,0.2605588044184535,0.0178687459389213,0.2426900584795321,0.0,345.83084943821854,312.76706534683854,606.4530280413251,265.34276841327573,910.4,11.278998242530756,334.5518511956878,0.0314905700341269,0.1944832220059496,0.7740262079599235,1087,7.3974241030358785,0.0393665133438056,0.0946999999905529,0.0530740935365212,,,,3078,0.0,0.7394411955815464,0.0,0.0,1.0,22137.82801171483,0.0,-1.1518222423492484e-14,2.8325711235656105e-13,0.0,0.0,0.0,0.0,,,0.0,350.0,63.250937176328094,0.0,0.0
batched_greedy@10s,4,350,3078,2282,0.7413905133203379,0.2586094866796621,0.0243664717348927,0.2342430149447693,0.0,353.34085107319106,316.9821253140008,610.0473687534163,274.1238870541281,912.8,15.178352322524102,338.16249875066694,0.026193208210163,0.1943298015339403,0.7794769902558967,1115,8.760538116591928,0.0364895964170166,0.098381999887351,0.0534108937070333,,,,3078,0.0,0.7413905133203379,0.0,0.0,1.0,22150.664643314703,0.0,1.9040178918374287e-15,2.7857354168105505e-13,0.0,0.0,0.0,0.0,,,0.0,350.0,63.28761326661344,0.0,0.0
batched_greedy@10s,5,350,3078,2260,0.7342430149447693,0.2657569850552306,0.030214424951267,0.2355425601039636,0.0,355.39645690763484,322.6368888881725,586.4033291811625,274.6021397519955,904.0,17.95575221238938,337.4407046952455,0.0323920774179914,0.1918585608426304,0.7757493617393781,1076,10.013940520446097,0.0353094795766461,0.0989749999007472,0.052617592346532,,,,3078,0.0,0.7342430149447693,0.0,0.0,1.0,21905.07668313756,0.0,-9.472855145332663e-15,2.802839573021114e-13,0.0,0.0,0.0,0.0,,,0.0,350.0,62.58593338039303,0.0,0.0
batched_greedy@10s,0,400,3078,2584,0.8395061728395061,0.1604938271604938,0.0071474983755685,0.1533463287849252,0.0,274.8090802934849,244.9726103896128,491.1843668212806,234.8517875080976,1033.6,7.950851393188855,266.8582289002961,0.0796942994028712,0.1595672473495763,0.7607384532475524,1073,5.316868592730661,0.0484855545233884,0.1065280002876534,0.0503653444676409,,,,3078,0.0,0.8395061728395061,0.0,0.0,1.0,24804.895615570687,0.0,-2.127641028616012e-16,2.7877081448200123e-13,0.0,0.0,0.0,0.0,,,0.0,400.0,62.01223903892672,0.0,0.0
batched_greedy@10s,1,400,3078,2571,0.8352826510721247,0.1647173489278752,0.0058479532163742,0.1588693957115009,0.0,280.0813594681846,249.07851236779788,497.63705703608593,237.7774690432373,1028.4,6.78685336444963,273.29450610373493,0.0724952921453315,0.1627284912078873,0.7647762166467812,1076,4.862453531598513,0.0432775092911497,0.1029499997002858,0.0495565988523735,,,,3078,0.0,0.8352826510721247,0.0,0.0,1.0,24939.187273127027,0.0,2.800992075818209e-15,2.7652714812647313e-13,0.0,0.0,0.0,0.0,,,0.0,400.0,62.34796818281757,0.0,0.0
batched_greedy@10s,2,400,3078,2562,0.8323586744639376,0.1676413255360623,0.0120207927225471,0.1556205328135152,0.0,291.6941524957401,259.0179321562398,518.9179137696703,248.9407219556407,1024.8,8.902029664324747,282.7921228314153,0.0730526323746854,0.1658990215603174,0.761048346064997,1071,6.082166199813258,0.0445813258706681,0.1048400003128335,0.0480693459416863,,,,3078,0.0,0.8323586744639376,0.0,0.0,1.0,24850.102875510835,0.0,-6.148780851292456e-15,2.780672734311789e-13,0.0,0.0,0.0,0.0,,,0.0,400.0,62.12525718877709,0.0,0.0
batched_greedy@10s,3,400,3078,2579,0.8378817413905133,0.1621182586094866,0.0100714749837556,0.1520467836257309,0.0,289.39393655239485,260.74101653867456,512.0881189812792,247.6197668476502,1031.6,7.65955796820473,281.7343785841901,0.0640252145962261,0.1668112227946282,0.7691635626091456,1089,5.509641873278237,0.0444216712563732,0.1103559997500268,0.0507587650444793,,,,3078,0.0,0.8378817413905133,0.0,0.0,1.0,25194.53674183004,0.0,-4.516657609293192e-16,2.725080511940771e-13,0.0,0.0,0.0,0.0,,,0.0,400.0,62.9863418545751,0.0,0.0
batched_greedy@10s,4,400,3078,2587,0.8404808317089019,0.1595191682910981,0.0090968161143599,0.1504223521767381,0.0,279.1329601662057,250.19652142783437,493.046974576832,239.96085512088283,1034.8,7.341321994588326,271.79163817161736,0.0764432348776571,0.1626272880244719,0.760929477097871,1074,5.635009310986964,0.0423500931066825,0.0978319996011123,0.0507454878367774,,,,3078,0.0,0.8404808317089019,0.0,0.0,1.0,24957.14709840117,0.0,-5.5566941332997776e-15,2.7386279474480697e-13,0.0,0.0,0.0,0.0,,,0.0,400.0,62.39286774600292,0.0,0.0
batched_greedy@10s,5,400,3078,2561,0.8320337881741391,0.1679662118258609,0.0068226120857699,0.1611435997400909,0.0,285.74546103438325,254.47745458042664,519.5764654128238,242.5182636082186,1024.4,7.95821944552909,277.78724158885416,0.0749544478340824,0.1646133024133986,0.760432249752519,1070,5.525233644859813,0.0426006542001461,0.101971999665693,0.0468709086148206,,,,3078,0.0,0.8320337881741391,0.0,0.0,1.0,24725.037411911035,0.0,-1.3147884447189164e-14,2.7660289781652885e-13,0.0,0.0,0.0,0.0,,,0.0,400.0,61.8125935297776,0.0,0.0
batched_greedy@10s,0,450,3078,2711,0.8807667316439246,0.1192332683560753,0.0035737491877842,0.115659519168291,0.0,233.0747926097731,202.7716752348824,435.7896065224559,207.89590095961293,1084.4,6.130210254518627,226.94458235525448,0.1490255440491512,0.1314319928888615,0.7195424630619872,1063,4.535277516462841,0.0500004703727826,0.1171700000304552,0.0474947807933194,,,,3078,0.0,0.8807667316439246,0.0,0.0,1.0,26352.33032547752,0.0,3.0743881558340005e-15,2.733797450066368e-13,0.0,0.0,0.0,0.0,,,0.0,450.0,58.56073405661671,0.0,0.0
batched_greedy@10s,1,450,3078,2746,0.8921377517868746,0.1078622482131254,0.0035737491877842,0.1042884990253411,0.0,236.39903811165632,202.25646760304403,445.6119929472379,213.276327207295,1098.4,6.770575382374362,229.628462729282,0.1374008269782518,0.1332055703798121,0.729393602641936,1092,4.485347985347985,0.0504643772960279,0.1204540000162523,0.0507020280811232,,,,3078,0.0,0.8921377517868746,0.0,0.0,1.0,26752.79460768788,0.0,-5.360768072873225e-15,2.6753318343551426e-13,0.0,0.0,0.0,0.0,,,0.0,450.0,59.45065468375085,0.0,0.0
batched_greedy@10s,2,450,3078,2764,0.8979857050032488,0.1020142949967511,0.0081221572449642,0.0938921377517868,0.0,229.23489566718595,198.4974307542418,425.78127211767537,209.08180858513245,1105.6,6.685238784370478,222.5496568828155,0.1387084107340019,0.1307673935601049,0.7305241957058931,1064,4.879699248120301,0.0502834586477957,0.1185850003093946,0.0461699895068205,,,,3078,0.0,0.8979857050032488,0.0,0.0,1.0,26772.21041608204,0.0,-7.36394383323369e-15,2.694128888464443e-13,0.0,0.0,0.0,0.0,,,0.0,450.0,59.49380092462675,0.0,0.0
batched_greedy@10s,3,450,3078,2764,0.8979857050032488,0.1020142949967511,0.0048732943469785,0.0971410006497725,0.0,233.8612329074485,203.8424365427968,432.26925599099786,212.63770065458127,1105.6,5.963458755426918,227.8977741520216,0.1352252126680005,0.1327678975461877,0.7320068897858117,1071,4.472455648926237,0.0513095238015747,0.1125000001593434,0.0490221642764015,,,,3078,0.0,0.8979857050032488,0.0,0.0,1.0,26840.60852955107,0.0,2.4368672379869388e-15,2.7049708348756893e-13,0.0,0.0,0.0,0.0,,,0.0,450.0,59.64579673233571,0.0,0.0
batched_greedy@10s,4,450,3078,2751,0.8937621832358674,0.1062378167641325,0.0090968161143599,0.0971410006497725,0.0,235.3764510200519,205.0067848658064,434.1579739437875,213.84649262987776,1100.4,6.159214830970556,229.2172361890813,0.1385881522564319,0.1326089560671025,0.7288028916764655,1068,4.829588014981273,0.0458094569168086,0.1148299997657886,0.0464810924369747,,,,3078,0.0,0.8937621832358674,0.0,0.0,1.0,26724.8312139,0.0,-5.125186595248869e-15,2.723858539263153e-13,0.0,0.0,0.0,0.0,,,0.0,450.0,59.388513808666666,0.0,0.0
batched_greedy@10s,5,450,3078,2753,0.8944119558154646,0.1055880441845354,0.0042235217673814,0.1013645224171539,0.0,234.3352962558017,202.8589800169848,431.4710323523209,212.2299795368021,1101.2,6.119142753359971,228.21615350244176,0.1372803514225306,0.1329447361556223,0.7297749124218471,1064,4.517857142857143,0.0482751879627542,0.1157329994111932,0.0472584856396866,,,,3078,0.0,0.8944119558154646,0.0,0.0,1.0,26670.44953528245,0.0,-8.954535462399865e-15,2.7748381144593933e-13,0.0,0.0,0.0,0.0,,,0.0,450.0,59.267665633961,0.0,0.0
batched_greedy@10s,0,500,3078,2816,0.9148797920727744,0.0851202079272254,0.0016244314489928,0.0834957764782326,0.0,203.13087094235937,174.8065056139808,384.1845837598589,187.10670311290815,1126.4,5.492542613636363,197.63832832872305,0.2136526652001754,0.1086632544093774,0.6776840803904471,1064,3.9953007518796992,0.0519657894802323,0.1196000002892105,0.0488946684005201,,,,3078,0.0,0.9148797920727744,0.0,0.0,1.0,27487.259253263044,0.0,-3.5458339231969112e-15,2.680437350928055e-13,0.0,0.0,0.0,0.0,,,0.0,500.0,54.97451850652609,0.0,0.0
batched_greedy@10s,1,500,3078,2829,0.919103313840156,0.080896686159844,0.0003248862897985,0.0805717998700454,0.0,206.2634264792719,173.2830951867545,403.6470972540359,190.7758325957984,1131.6,5.6436903499469775,200.6197361293249,0.2140612126946517,0.109001759808041,0.6769370274973072,1056,4.056818181818182,0.0508620265191673,0.1190800002859761,0.0518000518000518,,,,3078,0.0,0.919103313840156,0.0,0.0,1.0,27524.452967107296,0.0,-6.835269163839264e-15,2.654848180577984e-13,0.0,0.0,0.0,0.0,,,0.0,500.0,55.0489059342146,0.0,0.0
batched_greedy@10s,2,500,3078,2876,0.9343729694606888,0.0656270305393112,0.0051981806367771,0.0604288499025341,0.0,201.88492204632897,170.43123802957257,386.3822950527469,191.11122220182023,1150.4,6.1230876216968015,195.76183442463216,0.2030677460146093,0.1088856136554302,0.6880466403299604,1073,4.530288909599254,0.0560839701749826,0.1173799995376611,0.0438090241343126,,,,3078,0.0,0.9343729694606888,0.0,0.0,1.0,27979.69008688853,0.0,2.0260412108632377e-15,2.709038371468556e-13,0.0,0.0,0.0,0.0,,,0.0,500.0,55.95938017377707,0.0,0.0
batched_greedy@10s,3,500,3078,2849,0.9256010396361274,0.0743989603638726,0.0019493177387914,0.0724496426250812,0.0,202.3102187223748,172.2417703250444,388.639228674522,188.91685894519617,1139.6,5.301158301158301,197.00906042121647,0.2070390827667811,0.109085690065124,0.6838752271680948,1066,4.067542213883677,0.0520462476606468,0.1170049999473119,0.052113041223749,,,,3078,0.0,0.9256010396361274,0.0,0.0,1.0,27801.939589974358,0.0,2.172748155879264e-15,2.679840671355615e-13,0.0,0.0,0.0,0.0,,,0.0,500.0,55.60387917994871,0.0,0.0
batched_greedy@10s,4,500,3078,2833,0.9204028589993504,0.0795971410006497,0.0081221572449642,0.0714749837556855,0.0,204.324571664187,172.27729756966892,390.9697663228209,191.16617616694143,1133.2,5.723261560183551,198.60131010400343,0.2137412736967466,0.108039740730743,0.6782189855725104,1061,4.652214891611687,0.0511737040711363,0.1134799998908422,0.0439242503945291,,,,3078,0.0,0.9204028589993504,0.0,0.0,1.0,27559.70104884912,0.0,8.472651532790641e-16,2.668505883768749e-13,0.0,0.0,0.0,0.0,,,0.0,500.0,55.11940209769824,0.0,0.0
batched_greedy@10s,5,500,3078,2839,0.9223521767381416,0.0776478232618583,0.0006497725795971,0.0769980506822612,0.0,209.2782630925333,180.02531915729924,395.0158104847298,194.1917584104569,1135.6,5.513913349771046,203.76434974276228,0.2070286789524602,0.1124767872903048,0.680494533757235,1056,4.011363636363637,0.0579279356059308,0.1260700002148951,0.0535298681148176,,,,3078,0.0,0.9223521767381416,0.0,0.0,1.0,27599.4888435049,0.0,-9.077314845931361e-16,2.7188912152577546e-13,0.0,0.0,0.0,0.0,,,0.0,500.0,55.198977687009794,0.0,0.0
optimal@10s,0,300,3078,2017,0.6552956465237167,0.3447043534762833,0.124756335282651,0.2199480181936322,0.0,415.4022838899318,384.3808982463288,674.2245038150788,315.8017102127708,806.8,57.04214179474467,358.36014209518714,0.0118390366536372,0.1949487741849821,0.7932121891613805,1098,25.203096539162114,0.0848418032922817,0.1511450000543845,0.0492137449039021,7.358350667879459,0.000348320907513,0.0828779599271402,3078,0.0,0.6552956465237167,0.0,0.0,1.0,19342.12385499922,0.0,8.01430205183058e-16,2.829541812114769e-13,0.0,0.0,0.0,0.0,,,0.0,300.0,64.47374618333073,0.0,0.0
optimal@10s,1,300,3078,2015,0.6546458739441195,0.3453541260558804,0.1461988304093567,0.1991552956465237,0.0,403.43798286097785,372.50222602451686,659.3058411744477,312.5426843247752,806.0,57.90074441687345,345.5372384441044,0.0063524416093031,0.1881461439027537,0.8055014144879431,1096,26.182481751824817,0.0779031021985399,0.1380049994622822,0.0483249332938037,5.425247144080995,0.0002467166550262,0.0720802919708029,3078,0.0,0.6546458739441195,0.0,0.0,1.0,19578.00386484597,0.0,-7.154795091102944e-15,2.7623715281011895e-13,0.0,0.0,0.0,0.0,,,0.0,300.0,65.26001288281991,0.0,0.0
optimal@10s,2,300,3078,1991,0.6468486029889539,0.3531513970110461,0.1494476933073424,0.2037037037037037,0.0,412.7232109402569,382.48553712931607,657.4612092133139,317.38213495587775,796.4,58.88297338021095,353.840237560046,0.0094986695461998,0.188856910937276,0.801644419516524,1102,27.028130671506357,0.0815601633621884,0.1576820002719614,0.0542704626334519,8.912935199539408,0.0003913695357178,0.0989110707803992,3078,0.0,0.6468486029889539,0.0,0.0,1.0,19369.810357183625,0.0,-4.418141169618303e-15,2.789852728543952e-13,0.0,0.0,0.0,0.0,,,0.0,300.0,64.56603452394542,0.0,0.0
optimal@10s,3,300,3078,2006,0.6517218973359324,0.3482781026640675,0.1325536062378167,0.2157244964262508,0.0,409.127663456526,385.6320325920799,653.9341036762589,311.0466609341978,802.4,57.142073778664006,351.9855896778619,0.0085948612598903,0.1919862837973898,0.7994188549427198,1096,25.15875912408759,0.0907411496158947,0.1635049999094917,0.0563625798954096,8.953099801123326,0.0004249208825192,0.1085766423357664,3078,0.0,0.6517218973359324,0.0,0.0,1.0,19531.02493690505,0.0,1.0612093899986342e-14,2.726344684519188e-13,0.0,0.0,0.0,0.0,,,0.0,300.0,65.10341645635019,0.0,0.0
optimal@10s,4,300,3078,2030,0.6595191682910981,0.3404808317089018,0.1276803118908382,0.2128005198180636,0.0,399.085340128221,369.6542598204601,633.5562555739638,304.932553930591,812.0,53.55615763546798,345.529182492753,0.0109875308722959,0.1904306071500081,0.7985818619776959,1096,23.695255474452555,0.0810626824790379,0.1541450002605414,0.0515133876600698,9.998608948723538,0.0005068155205751,0.1058394160583941,3078,0.0,0.6595191682910981,0.0,0.0,1.0,19400.23809353692,0.0,9.240555775402288e-16,2.864852307216389e-13,0.0,0.0,0.0,0.0,,,0.0,300.0,64.66746031178974,0.0,0.0
optimal@10s,5,300,3078,1971,0.6403508771929824,0.3596491228070175,0.1471734892787524,0.2124756335282651,0.0,426.10500976346,395.8861216178957,671.1702258897167,322.6096334746475,788.4,67.37747336377474,358.7275363996853,0.0092127081842621,0.1897721446922468,0.8010151471234912,1091,28.46562786434464,0.0990228230939156,0.1606999996511148,0.043854415274463,9.294946287359048,0.00038589479184,0.0980751604032997,3078,0.0,0.6403508771929824,0.0,0.0,1.0,19282.00254882646,0.0,7.451506011243669e-15,2.758643417989353e-13,0.0,0.0,0.0,0.0,,,0.0,300.0,64.27334182942153,0.0,0.0
optimal@10s,0,350,3078,2316,0.7524366471734892,0.2475633528265107,0.0194931773879142,0.2280701754385964,0.0,349.43369916227533,321.19774879805163,595.6158859593872,274.2058453734459,926.4,13.196891191709843,336.23680797056545,0.0294308407554364,0.1969051257905218,0.7736640334540417,1093,8.13540713632205,0.0817033851673187,0.1463279994277397,0.0526177321757432,10.720554794292994,0.0019492972974929,0.1299176578225068,3078,0.0,0.7524366471734892,0.0,0.0,1.0,22151.873886908958,0.0,2.4298352621847985e-15,2.819038420468591e-13,0.0,0.0,0.0,0.0,,,0.0,350.0,63.2910682483113,0.0,0.0
optimal@10s,1,350,3078,2277,0.7397660818713451,0.260233918128655,0.0250162443144899,0.235217673814165,0.0,355.90428315651553,326.2663951553459,602.3145381408381,276.1934371551003,910.8,17.363197189284147,338.54108596723137,0.0251787065583705,0.1950918057057275,0.7797294877359018,1112,9.18705035971223,0.0822128597127034,0.1462469996477013,0.0495758218451749,8.740927255685856,0.0013463252843263,0.1160071942446043,3078,0.0,0.7397660818713451,0.0,0.0,1.0,22189.54964136928,0.0,1.6047281592649606e-15,2.8215520975132385e-13,0.0,0.0,0.0,0.0,,,0.0,350.0,63.39871326105509,0.0,0.0
optimal@10s,2,350,3078,2275,0.7391163092917479,0.2608836907082521,0.0272904483430799,0.2335932423651721,0.0,356.17238267856607,329.52992500293294,612.0474934100325,275.64148371543666,910.0,15.43956043956044,340.73282223900566,0.0290470312862091,0.1952194378496961,0.7757335308640947,1085,9.140092165898617,0.0734224884875021,0.126996000399231,0.0482537989869368,10.49544823263607,0.0016330889564458,0.1133640552995391,3078,0.0,0.7391163092917479,0.0,0.0,1.0,22137.79406041972,0.0,-1.385167926635624e-15,2.842779979671053e-13,0.0,0.0,0.0,0.0,,,0.0,350.0,63.250840172627775,0.0,0.0
optimal@10s,3,350,3078,2288,0.7433398310591293,0.2566601689408707,0.039311241065627,0.2173489278752436,0.0,355.4712953158938,327.3980496434652,600.9710920583586,281.3804743958781,915.2,20.60052447552448,334.87077084036935,0.0256638852702738,0.1923826750234496,0.7819534397062766,1086,11.48342541436464,0.0826268876721141,0.1372849996187145,0.0540106951871657,10.083646053726952,0.0011833493531887,0.1114180478821362,3078,0.0,0.7433398310591293,0.0,0.0,1.0,22239.30741733098,0.0,-1.6311738284877301e-15,2.781434756175767e-13,0.0,0.0,0.0,0.0,,,0.0,350.0,63.54087833523137,0.0,0.0
optimal@10s,4,350,3078,2296,0.7459389213775178,0.2540610786224821,0.0259909031838856,0.2280701754385964,0.0,351.81323098192325,322.41046994128874,594.811192527523,274.71340222406815,918.4,13.23911149825784,338.5741194836654,0.0259977114190135,0.1972280507097604,0.7767742378712261,1081,8.695652173913043,0.078991396851984,0.136019999808923,0.0451388888888888,10.744402128181529,0.0017864177748852,0.1174838112858464,3078,0.0,0.7459389213775178,0.0,0.0,1.0,22135.910894862107,0.0,5.073757906266046e-15,2.824020537355588e-13,0.0,0.0,0.0,0.0,,,0.0,350.0,63.24545969960602,0.0,0.0
optimal@10s,5,350,3078,2262,0.7348927875243665,0.2651072124756335,0.0321637426900584,0.232943469785575,0.0,356.47443917569404,325.29316876849407,603.0653880909776,276.63033215790506,904.8,16.00132625994695,340.4731129157471,0.0312173756765317,0.1940321566320763,0.774750467691392,1075,9.897674418604652,0.0738617674336595,0.1320379998651333,0.0496662216288384,10.464911425966893,0.0014747587428082,0.1181395348837209,3078,0.0,0.7348927875243665,0.0,0.0,1.0,22002.93013478396,0.0,-2.50511861966702e-15,2.825977981931456e-13,0.0,0.0,0.0,0.0,,,0.0,350.0,62.86551467081132,0.0,0.0
optimal@10s,0,400,3078,2585,0.8398310591293048,0.1601689408706952,0.0074723846653671,0.1526965562053281,0.0,279.79282011688224,251.69978531030029,501.3848079878731,238.70591066175265,1034.0,7.709477756286267,272.083342360596,0.0719266462190869,0.1621119207467894,0.7659614330341237,1071,5.150326797385621,0.0750378151506499,0.1254400001016619,0.050130548302872,5.722312455782773,0.0022879562328149,0.0868347338935574,3078,0.0,0.8398310591293048,0.0,0.0,1.0,25002.360560274723,0.0,2.8119350819442264e-15,2.818133433468942e-13,0.0,0.0,0.0,0.0,,,0.0,400.0,62.50590140068681,0.0,0.0
optimal@10s,1,400,3078,2578,0.8375568551007148,0.1624431448992852,0.0087719298245614,0.1536712150747238,0.0,285.95016004593765,254.69643947752596,508.0240403375862,244.14711342359487,1031.2,7.2125678820791315,278.7375921638585,0.0670235993476678,0.1656691545964085,0.7673072460559237,1095,5.1068493150684935,0.0762907762550411,0.1237059997220058,0.0504179728317659,6.528249423516455,0.0026081058782021,0.0876712328767123,3078,0.0,0.8375568551007148,0.0,0.0,1.0,24999.882329698423,0.0,-5.781772784874904e-15,2.798258134128462e-13,0.0,0.0,0.0,0.0,,,0.0,400.0,62.499705824246064,0.0,0.0
optimal@10s,2,400,3078,2557,0.8307342430149448,0.1692657569850552,0.0107212475633528,0.1585445094217024,0.0,292.4849556232848,258.57695377407344,528.5169010404227,248.2915217152433,1022.8,7.447790379350802,285.037165243934,0.0694774278745064,0.1685081955771676,0.7620143765483259,1069,5.5023386342376055,0.0854281571622619,0.1313759998083695,0.0455143383320178,6.434075520695121,0.0022607512776284,0.0944808231992516,3078,0.0,0.8307342430149448,0.0,0.0,1.0,24893.814259076644,0.0,-3.107756089580376e-15,2.765208216230484e-13,0.0,0.0,0.0,0.0,,,0.0,400.0,62.23453564769161,0.0,0.0
optimal@10s,3,400,3078,2589,0.8411306042884991,0.1588693957115009,0.0084470435347628,0.1504223521767381,0.0,285.05471131306814,258.08643874093286,502.82889994470673,244.3930887689456,1035.6,7.0204712244109695,278.0342400886572,0.0650068887871176,0.1644413957106605,0.7705517155022219,1075,5.286511627906977,0.0768247441619466,0.1419200000236742,0.0449526813880126,6.123630950436022,0.002323436198209,0.0781395348837209,3078,0.0,0.8411306042884991,0.0,0.0,1.0,25253.88272589709,0.0,-1.72810566337444e-14,2.788758452095939e-13,0.0,0.0,0.0,0.0,,,0.0,400.0,63.13470681474273,0.0,0.0
optimal@10s,4,400,3078,2573,0.8359324236517219,0.1640675763482781,0.0116959064327485,0.1523716699155295,0.0,289.49925527448227,260.9761400910029,511.68754687849,247.88918380018063,1029.2,6.877574815390594,282.6216804590917,0.0668048420692689,0.1670502167119819,0.7661449412187492,1073,5.676607642124884,0.0797043802406488,0.1318120003998046,0.0543222773570122,7.959044427602105,0.0026596444424026,0.0931966449207828,3078,0.0,0.8359324236517219,0.0,0.0,1.0,24934.667372314365,0.0,3.3997937254669777e-15,2.740349727160516e-13,0.0,0.0,0.0,0.0,,,0.0,400.0,62.33666843078591,0.0,0.0
optimal@10s,5,400,3078,2547,0.827485380116959,0.1725146198830409,0.0090968161143599,0.1634178037686809,0.0,286.35852250365707,258.1679263787555,501.2306183850328,242.2306202545953,1018.8,8.016882606988615,278.3416398966685,0.0695796038244727,0.1640827951619333,0.766337601013594,1065,5.697652582159624,0.0804612206580637,0.127344000065932,0.0519311064718162,8.11687900577498,0.0027000507468521,0.0929577464788732,3078,0.0,0.827485380116959,0.0,0.0,1.0,24952.594792632117,0.0,4.5852603221974665e-15,2.784831650715591e-13,0.0,0.0,0.0,0.0,,,0.0,400.0,62.38148698158028,0.0,0.0
optimal@10s,0,450,3078,2726,0.8856400259909032,0.1143599740090968,0.0032488628979857,0.1111111111111111,0.0,234.69529200766564,205.71722940645168,434.2896013517257,210.33911792065152,1090.4,5.965884079236977,228.72940792842863,0.1430661796521785,0.1324563485407029,0.7244774718071185,1071,4.434173669467787,0.092104948632549,0.1548000000184402,0.0487232933819697,4.8686182769229935,0.0029151054340709,0.0616246498599439,3078,0.0,0.8856400259909032,0.0,0.0,1.0,26501.935749053,0.0,-5.5102250308028306e-15,2.7296466220471383e-13,0.0,0.0,0.0,0.0,,,0.0,450.0,58.89319055345111,0.0,0.0
optimal@10s,1,450,3078,2733,0.8879142300194932,0.1120857699805068,0.0025990903183885,0.1094866796621182,0.0,237.8679593488086,204.0830586550073,447.21089869789023,213.48606873661623,1093.2,6.353457738748628,231.51450161006,0.1377839364484321,0.1337574918857697,0.7284585716657981,1062,4.469868173258004,0.0881812617421714,0.141850999534654,0.0528771384136858,3.608988612096354,0.0021784004048253,0.064030131826742,3078,0.0,0.8879142300194932,0.0,0.0,1.0,26690.99656329184,0.0,1.0165466874577357e-15,2.744312075224777e-13,0.0,0.0,0.0,0.0,,,0.0,450.0,59.31332569620409,0.0,0.0
optimal@10s,2,450,3078,2761,0.8970110461338532,0.1029889538661468,0.0077972709551656,0.0951916829109811,0.0,234.14323812012336,202.8589800169848,433.6369145782355,213.5589266423061,1104.4,6.572618616443318,227.5706195036801,0.1342046912294875,0.1325533847172738,0.7332419240532386,1070,4.907476635514018,0.088540280381987,0.1360549998571514,0.0441524310118265,3.300915524243556,0.001591729081883,0.0654205607476635,3078,0.0,0.8970110461338532,0.0,0.0,1.0,26868.606082494214,0.0,-7.014389873799794e-15,2.714914694924076e-13,0.0,0.0,0.0,0.0,,,0.0,450.0,59.70801351665382,0.0,0.0
optimal@10s,3,450,3078,2755,0.8950617283950617,0.1049382716049382,0.0051981806367771,0.0997400909681611,0.0,230.96216698146463,201.51393182874563,425.7493535343152,209.37711994623808,1102.0,5.809800362976406,225.15236661848823,0.1375879176731596,0.1310114026384156,0.7314006796884248,1067,4.435801312089972,0.0848308341217288,0.1457759997538231,0.0490349504434011,3.923741232400006,0.002421242840617,0.0581068416119962,3078,0.0,0.8950617283950617,0.0,0.0,1.0,26823.48902952443,0.0,-5.757846307021501e-16,2.75153483381554e-13,0.0,0.0,0.0,0.0,,,0.0,450.0,59.60775339894317,0.0,0.0
optimal@10s,4,450,3078,2752,0.894087069525666,0.1059129304743339,0.0110461338531513,0.0948667966211825,0.0,242.1557856319369,209.67110215163663,452.95659170766,220.5561372972214,1100.8,6.625363372093023,235.5304222598439,0.1324318040838485,0.1365881816008368,0.7309800143153146,1064,5.137218045112782,0.0786783834626517,0.1529539996499802,0.0478066719201471,3.694722535684869,0.0016104402253528,0.0573308270676691,3078,0.0,0.894087069525666,0.0,0.0,1.0,26773.256391474475,0.0,-4.641313173585575e-15,2.710677289865102e-13,0.0,0.0,0.0,0.0,,,0.0,450.0,59.496125314387726,0.0,0.0
optimal@10s,5,450,3078,2757,0.8957115009746589,0.1042884990253411,0.0025990903183885,0.1016894087069525,0.0,237.9686706451483,206.25182931239576,431.266528988454,215.1633061101041,1102.8,5.925643815741748,232.04302682940656,0.1306648872369577,0.1358703045197666,0.7334648082432756,1060,4.309433962264151,0.0865713207565691,0.1425709999784888,0.0516480664417337,4.971107865931211,0.0032839545589276,0.0764150943396226,3078,0.0,0.8957115009746589,0.0,0.0,1.0,26839.13523173806,0.0,4.7015146380499186e-15,2.72797703501316e-13,0.0,0.0,0.0,0.0,,,0.0,450.0,59.64252273719569,0.0,0.0
optimal@10s,0,500,3078,2835,0.9210526315789472,0.0789473684210526,0.0025990903183885,0.076348278102664,0.0,204.29506395764705,176.24572402943795,386.8960415725346,189.552264101676,1134.0,5.446560846560846,198.8485031110862,0.2078714672688328,0.1096020074398595,0.6825265252913075,1064,4.0281954887218046,0.0892375939846394,0.1507289997789483,0.0506625097427903,1.6869797857628823,0.0014825341068851,0.0432330827067669,3078,0.0,0.9210526315789472,0.0,0.0,1.0,27678.0983221512,0.0,-2.543918436671964e-15,2.677336306800181e-13,0.0,0.0,0.0,0.0,,,0.0,500.0,55.3561966443024,0.0,0.0
optimal@10s,1,500,3078,2844,0.9239766081871345,0.0760233918128654,0.0009746588693957,0.0750487329434697,0.0,209.25500271583724,175.30653192772638,401.2791670005606,194.71034191187883,1137.6,5.70323488045007,203.55176783538715,0.2108633017778394,0.1106375790651247,0.6784991191570359,1070,4.0710280373831775,0.0893659812909475,0.1377310001043952,0.0483745123537061,3.077712421693432,0.0025832855845966,0.0616822429906542,3078,0.0,0.9239766081871345,0.0,0.0,1.0,27628.99248142041,0.0,-7.013767594527167e-15,2.7023343712763273e-13,0.0,0.0,0.0,0.0,,,0.0,500.0,55.25798496284081,0.0,0.0
optimal@10s,2,500,3078,2874,0.9337231968810916,0.0662768031189083,0.0042235217673814,0.0620532813515269,0.0,205.10709326885728,172.13162014135514,401.1892056608247,193.99367046481743,1149.6,6.339944328462074,198.7671489403952,0.2020461607537534,0.1108091074158793,0.6871447318303672,1066,4.619136960600375,0.0850548780419479,0.1401049999458336,0.0480167014613778,1.965657013993867,0.0011824389871363,0.0403377110694183,3078,0.0,0.9337231968810916,0.0,0.0,1.0,27946.059147304088,0.0,7.80972750321568e-15,2.681368619754887e-13,0.0,0.0,0.0,0.0,,,0.0,500.0,55.892118294608174,0.0,0.0
optimal@10s,3,500,3078,2847,0.9249512670565302,0.0750487329434697,0.0019493177387914,0.0730994152046783,0.0,203.4146364415828,170.4046231443117,389.3920792732004,189.81114747365535,1138.8,5.473129610115912,197.9415068314668,0.2079680932819103,0.1094806332155246,0.682551273502565,1058,4.143667296786389,0.0914268430794534,0.1439599999594067,0.0572460030943785,2.8887188028509843,0.0024320433529231,0.0472589792060491,3078,0.0,0.9249512670565302,0.0,0.0,1.0,27759.400083369528,0.0,1.0061342540832011e-14,2.669342715878591e-13,0.0,0.0,0.0,0.0,,,0.0,500.0,55.518800166739055,0.0,0.0
optimal@10s,4,500,3078,2811,0.9132553606237817,0.0867446393762183,0.0081221572449642,0.078622482131254,0.0,202.75494887991425,172.11281525236154,386.0297929295612,188.60297589676856,1124.4,5.860547847741017,196.8944010321732,0.2203874872169693,0.105954329676508,0.6736581831065227,1065,4.756807511737089,0.0930142723108743,0.1467999999294983,0.0491760397593512,2.643163392974881,0.0014649769365537,0.0535211267605633,3078,0.0,0.9132553606237817,0.0,0.0,1.0,27349.36815217828,0.0,-8.198193300159837e-15,2.709185893529377e-13,0.0,0.0,0.0,0.0,,,0.0,500.0,54.69873630435655,0.0,0.0
optimal@10s,5,500,3078,2840,0.9226770630279402,0.0773229369720597,0.0009746588693957,0.076348278102664,0.0,209.4038956603851,180.03165511758516,392.4280035117695,194.35792266610048,1136.0,5.530281690140845,203.87361397024424,0.2069732285927652,0.1120777820196907,0.680948989387544,1065,3.9774647887323935,0.0928363380449476,0.1692839997485847,0.0547662102815809,3.9726634094558193,0.0036462087323069,0.0591549295774647,3078,0.0,0.9226770630279402,0.0,0.0,1.0,27632.65483633019,0.0,-8.490235119020775e-15,2.7146266455381823e-13,0.0,0.0,0.0,0.0,,,0.0,500.0,55.26530967266038,0.0,0.0
batched_greedy@10s+aware,0,300,3078,2092,0.6796621182586094,0.3203378817413905,0.2508122157244964,0.069525666016894,0.0,394.8576487248004,372.0737409798826,591.0460888331356,341.5999771671112,836.8,93.09847036328873,301.75917836151166,0.0119100308009524,0.1542596237226942,0.8338303454763532,1102,41.86025408348458,0.0292716878552932,0.0828480000564014,0.0514533912462412,,,,3078,0.0,0.6796621182586094,0.0,0.0,1.0,20397.22358977487,0.0,-8.469112388230449e-15,2.836142198508976e-13,0.0,0.0,0.0,0.0,,,0.0,300.0,67.99074529924955,0.0,0.0
batched_greedy@10s+aware,1,300,3078,2081,0.6760883690708253,0.3239116309291748,0.2527615334632878,0.0711500974658869,0.0,392.27505111579865,374.9294899275392,588.2379640611707,336.58252711003325,832.4,91.783277270543,300.4917738452557,0.0109185769511903,0.1529969819761528,0.8360844410726568,1121,40.121320249776986,0.0306668153435492,0.081299999692419,0.0562727573651108,,,,3078,0.0,0.6760883690708253,0.0,0.0,1.0,20293.38026123256,0.0,-2.149383239601072e-15,2.765636510449999e-13,0.0,0.0,0.0,0.0,,,0.0,300.0,67.6446008707752,0.0,0.0
batched_greedy@10s+aware,2,300,3078,2108,0.6848602988953866,0.3151397011046133,0.2449642625081221,0.0701754385964912,0.0,395.5449296803576,377.2540985554642,588.1658454699158,341.2883339990442,843.2,95.14800759013282,300.3969220902248,0.011885460806285,0.1550596902802775,0.8330548489134374,1115,40.846636771300446,0.032590941698661,0.0851860001966992,0.0562315027951331,,,,3078,0.0,0.6848602988953866,0.0,0.0,1.0,20401.44750396773,0.0,-3.067333441848629e-16,2.8008799159385925e-13,0.0,0.0,0.0,0.0,,,0.0,300.0,68.00482501322578,0.0,0.0
batched_greedy@10s+aware,3,300,3078,2081,0.6760883690708253,0.3239116309291748,0.2459389213775178,0.0779727095516569,0.0,390.47054404124685,374.2436280886095,581.7858180576113,335.45390171146613,832.4,89.82027871215762,300.6502653290892,0.0111746653146469,0.1541123440321525,0.8347129906532006,1100,40.75,0.0327686363619829,0.0851760004297829,0.0549668874172185,,,,3078,0.0,0.6760883690708253,0.0,0.0,1.0,20364.009380012147,0.0,-2.120360590615196e-15,2.748308281790784e-13,0.0,0.0,0.0,0.0,,,0.0,300.0,67.88003126670715,0.0,0.0
batched_greedy@10s+aware,4,300,3078,2109,0.6851851851851852,0.3148148148148148,0.2293697205977907,0.085445094217024,0.0,384.24509232875664,367.2800826749408,581.740763317569,330.53813915170906,843.6,81.78378378378379,302.46130854497284,0.0114639981261499,0.1586688277399774,0.8298671741338726,1097,38.161349134001824,0.0320159525939032,0.0925279996590687,0.0551232166018158,,,,3078,0.0,0.6851851851851852,0.0,0.0,1.0,20288.809662471456,0.0,8.651843268999228e-15,2.8099286766524253e-13,0.0,0.0,0.0,0.0,,,0.0,300.0,67.62936554157152,0.0,0.0
batched_greedy@10s+aware,5,300,3078,2070,0.672514619883041,0.327485380116959,0.2449642625081221,0.0825211176088369,0.0,394.9373772307161,380.3313061121965,586.7168504893425,338.79741848386624,828.0,91.75797101449275,303.1794062162233,0.0122398552186371,0.1542914338025383,0.8334687109788245,1105,41.37285067873303,0.0308904072469441,0.0801800003682729,0.0521968946151304,,,,3078,0.0,0.672514619883041,0.0,0.0,1.0,20201.37191342917,0.0,-6.007003804735146e-17,2.8219015959164233e-13,0.0,0.0,0.0,0.0,,,0.0,300.0,67.33790637809724,0.0,0.0
batched_greedy@10s+aware,0,350,3078,2395,0.7781026640675763,0.2218973359324236,0.129304743339831,0.0925925925925925,0.0,355.15143091838286,343.43225220672684,556.7502340998815,315.6094554665563,958.0,53.16659707724426,301.9848338411386,0.02831226750096,0.1661704675138349,0.805517264985205,1092,25.717032967032967,0.0325723443212078,0.0849359998483123,0.0497658079625292,,,,3078,0.0,0.7781026640675763,0.0,0.0,1.0,22997.43125098836,0.0,8.706744441636551e-15,2.8747090534973896e-13,0.0,0.0,0.0,0.0,,,0.0,350.0,65.70694643139531,0.0,0.0
batched_greedy@10s+aware,1,350,3078,2397,0.7787524366471735,0.2212475633528265,0.1393762183235867,0.0818713450292397,0.0,362.2593581824119,352.03191436085945,551.0691169882044,322.2000303531178,958.8,61.27117229870672,300.9881858837051,0.0217760598351445,0.161988400926663,0.8162355392381925,1110,26.73873873873874,0.035640630635867,0.0819739995222336,0.0528479154433352,,,,3078,0.0,0.7787524366471735,0.0,0.0,1.0,23299.903145836342,0.0,4.409766947372211e-15,2.837053819979884e-13,0.0,0.0,0.0,0.0,,,0.0,350.0,66.5711518452467,0.0,0.0
batched_greedy@10s+aware,2,350,3078,2388,0.7758284600389863,0.2241715399610136,0.1335282651072124,0.0906432748538011,0.0,364.85111655917774,350.94639651288617,547.5552234074713,322.6794361148277,955.2,58.30904522613066,306.5420713330471,0.0261405960411041,0.1656919501250232,0.8081674538338726,1105,26.488687782805428,0.0333174660445201,0.0766960001055849,0.0547584187408492,,,,3078,0.0,0.7758284600389863,0.0,0.0,1.0,23188.125079573736,0.0,-4.373943976412677e-15,2.7928078610208864e-13,0.0,0.0,0.0,0.0,,,0.0,350.0,66.25178594163926,0.0,0.0
batched_greedy@10s+aware,3,350,3078,2392,0.7771280051981806,0.2228719948018193,0.1260558804418453,0.096816114359974,0.0,354.94098332153874,342.1863201641754,550.6104687815144,314.1008182512369,956.8,59.153010033444815,295.7879732880939,0.0239490164832337,0.1601355380366844,0.8159154454800818,1104,26.50452898550725,0.0317829710136233,0.0773670000035054,0.048887587822014,,,,3078,0.0,0.7771280051981806,0.0,0.0,1.0,23487.94760075168,0.0,3.1130802135308736e-15,2.820426909487876e-13,0.0,0.0,0.0,0.0,,,0.0,350.0,67.10842171643337,0.0,0.0
batched_greedy@10s+aware,4,350,3078,2405,0.7813515269655621,0.2186484730344379,0.1325536062378167,0.0860948667966211,0.0,354.34863950214407,344.4760437464756,544.6272660628001,316.1894429123409,962.0,53.54054054054054,300.80809896160355,0.0256100054404961,0.1647475409812421,0.8096424535782617,1105,25.545701357466065,0.0344408144718731,0.0925720002487651,0.0480259281084266,,,,3078,0.0,0.7813515269655621,0.0,0.0,1.0,23137.215889123967,0.0,9.516988721693234e-15,2.796650414137184e-13,0.0,0.0,0.0,0.0,,,0.0,350.0,66.10633111178277,0.0,0.0
batched_greedy@10s+aware,5,350,3078,2376,0.7719298245614035,0.2280701754385964,0.1312540610786224,0.096816114359974,0.0,348.3770002382104,334.88508838739244,540.6516642767392,307.98514641228303,950.4,50.379629629629626,297.99737060858075,0.0343189633881814,0.1626451100522544,0.803035926559564,1100,24.845454545454544,0.0351818181893163,0.0966590006737532,0.0507480199471985,,,,3078,0.0,0.7719298245614035,0.0,0.0,1.0,22959.15264058093,0.0,-6.683766895723164e-16,2.844877345295716e-13,0.0,0.0,0.0,0.0,,,0.0,350.0,65.59757897308839,0.0,0.0
batched_greedy@10s+aware,0,400,3078,2624,0.852501624431449,0.147498375568551,0.0760233918128654,0.0714749837556855,0.0,293.83407457309227,274.9127463643579,504.439463400255,274.0770662267122,1049.6,28.583460365853657,265.25061420723864,0.0714118512283124,0.1521144104708398,0.7764737383008476,1094,16.178244972577698,0.0393086837324338,0.0923419997798191,0.0461022632020117,,,,3078,0.0,0.852501624431449,0.0,0.0,1.0,25324.49321609874,0.0,-8.088888637493805e-15,2.724705623726135e-13,0.0,0.0,0.0,0.0,,,0.0,400.0,63.31123304024685,0.0,0.0
batched_greedy@10s+aware,1,400,3078,2615,0.8495776478232618,0.1504223521767381,0.0575048732943469,0.0929174788823911,0.0,301.487269715177,285.690288904977,508.4082897114073,274.0494113472066,1046.0,26.870745697896748,274.61652401728026,0.0589738894881921,0.1560857845639534,0.7849403259478545,1095,13.712328767123289,0.038797716877849,0.0901259995771396,0.048087431693989,,,,3078,0.0,0.8495776478232618,0.0,0.0,1.0,25589.525856174598,0.0,-6.317444973775269e-15,2.785504140920796e-13,0.0,0.0,0.0,0.0,,,0.0,400.0,63.97381464043648,0.0,0.0
batched_greedy@10s+aware,2,400,3078,2636,0.8564002599090318,0.1435997400909681,0.0571799870045484,0.0864197530864197,0.0,299.6201003776898,284.9907491298768,507.2185552338201,274.2649813267804,1054.4,25.83535660091047,273.7847437767793,0.061679097705097,0.157130746753583,0.7811901555413199,1095,13.631963470319636,0.0326385387966619,0.0821360003283188,0.0463394570880175,,,,3078,0.0,0.8564002599090318,0.0,0.0,1.0,25525.79981646369,0.0,5.018747178085496e-15,2.815151585120919e-13,0.0,0.0,0.0,0.0,,,0.0,400.0,63.81449954115922,0.0,0.0
batched_greedy@10s+aware,3,400,3078,2638,0.857050032488629,0.142949967511371,0.0627030539311241,0.0802469135802469,0.0,286.5365996789927,273.5827053224641,497.257239663331,265.87356604060005,1055.2,23.673237300985598,262.8633623780071,0.0663624687205351,0.1506916218449155,0.7829459094345493,1093,14.206770356816104,0.0379892040340712,0.1014079999367822,0.0476846747519294,,,,3078,0.0,0.857050032488629,0.0,0.0,1.0,25582.52959077725,0.0,-4.4400503827882486e-15,2.798255267462847e-13,0.0,0.0,0.0,0.0,,,0.0,400.0,63.956323976943125,0.0,0.0
batched_greedy@10s+aware,4,400,3078,2636,0.8564002599090318,0.1435997400909681,0.0666016894087069,0.0769980506822612,0.0,290.2873641058965,273.5417699160821,501.1414387028226,269.5505434334493,1054.4,28.30576631259484,261.98159779330166,0.069555927310449,0.1495130600904692,0.7809310125990817,1093,15.285452881976212,0.0359939615711652,0.0994320001336745,0.0483826375449267,,,,3078,0.0,0.8564002599090318,0.0,0.0,1.0,25498.936887972497,0.0,-4.856341260674471e-15,2.82121653639353e-13,0.0,0.0,0.0,0.0,,,0.0,400.0,63.74734221993124,0.0,0.0
batched_greedy@10s+aware,5,400,3078,2623,0.8521767381416504,0.1478232618583495,0.0711500974658869,0.0766731643924626,0.0,300.4289554177199,282.9212424452662,509.01492201719054,277.2931647879107,1049.2,30.81852840259245,269.61042701512747,0.0654695070560488,0.1524340735607591,0.782096419383192,1090,16.059633027522935,0.0385732110003994,0.0921649993688332,0.0504015508169482,,,,3078,0.0,0.8521767381416504,0.0,0.0,1.0,25436.22417640554,0.0,3.706104766914934e-15,2.776307586419787e-13,0.0,0.0,0.0,0.0,,,0.0,400.0,63.59056044101385,0.0,0.0
batched_greedy@10s+aware,0,450,3078,2766,0.898635477582846,0.1013645224171539,0.0458089668615984,0.0555555555555555,0.0,244.73190627789467,217.8386873249401,460.75576796807854,233.96625129527968,1106.4,19.69342010122921,225.03848617666543,0.1460783564332281,0.1266185661288369,0.7273030774379349,1092,11.483516483516484,0.0461356227126901,0.0926519996664862,0.0454051114736269,,,,3078,0.0,0.898635477582846,0.0,0.0,1.0,26556.9392285038,0.0,-1.4910544077648342e-15,2.727833224025679e-13,0.0,0.0,0.0,0.0,,,0.0,450.0,59.015420507786224,0.0,0.0
batched_greedy@10s+aware,1,450,3078,2759,0.896361273554256,0.1036387264457439,0.0386614684860298,0.0649772579597141,0.0,244.6979060679005,219.5152615809184,459.7518186850761,231.4788980492737,1103.6,18.078651685393258,226.61925438250725,0.1353264801664265,0.125536904651915,0.7391366151816584,1085,10.215668202764975,0.0401630414927336,0.0914440002816264,0.0514193893947509,,,,3078,0.0,0.896361273554256,0.0,0.0,1.0,26990.18168044839,0.0,2.813584410358497e-16,2.741158755822748e-13,0.0,0.0,0.0,0.0,,,0.0,450.0,59.97818151210753,0.0,0.0
batched_greedy@10s+aware,2,450,3078,2790,0.9064327485380116,0.0935672514619883,0.0331384015594541,0.0604288499025341,0.0,233.9851009445798,206.1749925342037,448.2939151951914,223.50632162982305,1116.0,16.36594982078853,217.61915112379128,0.1358399005763826,0.1242983254010397,0.7398617740225777,1091,9.759853345554538,0.0425946837688051,0.1081000003978258,0.0505077498663816,,,,3078,0.0,0.9064327485380116,0.0,0.0,1.0,27150.236068251117,0.0,3.632617902221551e-15,2.763489158734637e-13,0.0,0.0,0.0,0.0,,,0.0,450.0,60.333857929446914,0.0,0.0
batched_greedy@10s+aware,3,450,3078,2796,0.9083820662768032,0.0916179337231968,0.0344379467186484,0.0571799870045484,0.0,238.1917576864058,212.3835899807268,444.58970214675537,227.32533043174303,1118.4,14.75214592274678,223.439611763659,0.1303472789095463,0.1276288560958477,0.7420238649946059,1089,9.3921028466483,0.0401863177183399,0.1058719998036394,0.0480150214592274,,,,3078,0.0,0.9083820662768032,0.0,0.0,1.0,27224.74806027257,0.0,-3.2341003186577167e-15,2.7350939824851374e-13,0.0,0.0,0.0,0.0,,,0.0,450.0,60.499440133939046,0.0,0.0
batched_greedy@10s+aware,4,450,3078,2776,0.9018843404808315,0.0981156595191682,0.0396361273554256,0.0584795321637426,0.0,240.61785433094536,213.8154738325784,451.0641220577636,229.40763575330328,1110.4,16.871397694524497,223.74645663642087,0.1372756357046891,0.1256775216164895,0.7370468426788215,1083,10.278855032317637,0.0415688827390183,0.0884820002102063,0.04670626349892,,,,3078,0.0,0.9018843404808315,0.0,0.0,1.0,26971.761186080297,0.0,-2.7515613866790623e-16,2.720225581770766e-13,0.0,0.0,0.0,0.0,,,0.0,450.0,59.93724708017844,0.0,0.0
batched_greedy@10s+aware,5,450,3078,2774,0.9012345679012346,0.0987654320987654,0.0399610136452241,0.0588044184535412,0.0,241.35736607913063,214.5429721309549,452.1254369366078,228.73642340676676,1109.6,16.396178803172315,224.9611872759584,0.1324131680483042,0.126914109401268,0.7406727225504276,1084,9.867158671586717,0.0385659594012126,0.1043019995995564,0.0515990325181402,,,,3078,0.0,0.9012345679012346,0.0,0.0,1.0,26986.31984614937,0.0,-2.4980418278660334e-15,2.7732586714931563e-13,0.0,0.0,0.0,0.0,,,0.0,450.0,59.96959965810972,0.0,0.0
batched_greedy@10s+aware,0,500,3078,2851,0.9262508122157244,0.0737491877842755,0.0253411306042884,0.048408057179987,0.0,216.1758372798143,186.40112273207612,424.4050852709597,209.0341961847833,1140.4,12.873027008067345,203.3028102717469,0.2096920939950246,0.1088098817690997,0.6814980242358756,1089,8.145087235996327,0.0477977961351739,0.1068600001599406,0.0576467491445117,,,,3078,0.0,0.9262508122157244,0.0,0.0,1.0,27614.21597013504,0.0,3.705052944753977e-15,2.6785168260860445e-13,0.0,0.0,0.0,0.0,,,0.0,500.0,55.22843194027008,0.0,0.0
batched_greedy@10s+aware,1,500,3078,2844,0.9239766081871345,0.0760233918128654,0.0194931773879142,0.0565302144249512,0.0,218.9079007201378,186.85217328155795,433.6853658915901,209.5805324122716,1137.6,12.7542194092827,206.1536813108551,0.2036493553224729,0.1086839587727582,0.6876666859047688,1082,7.600739371534196,0.0508227356849921,0.1078230000530312,0.0516061084781463,,,,3078,0.0,0.9239766081871345,0.0,0.0,1.0,27858.900827233767,0.0,-2.272599985990792e-15,2.6915272636062414e-13,0.0,0.0,0.0,0.0,,,0.0,500.0,55.717801654467536,0.0,0.0
batched_greedy@10s+aware,2,500,3078,2878,0.935022742040286,0.0649772579597141,0.0198180636777128,0.0451591942820013,0.0,202.8782245877874,172.9735876608645,403.3946691504923,196.4254981418252,1151.2,10.47776233495483,192.4004622528325,0.2089760533442412,0.104608897105784,0.6864150495499747,1107,6.894308943089431,0.0490681120019753,0.1073879993236914,0.0479343220338983,,,,3078,0.0,0.935022742040286,0.0,0.0,1.0,28003.401624853526,0.0,4.379170179133001e-16,2.6866656532896374e-13,0.0,0.0,0.0,0.0,,,0.0,500.0,56.00680324970705,0.0,0.0
batched_greedy@10s+aware,3,500,3078,2870,0.9324236517218972,0.0675763482781026,0.0181936322287199,0.0493827160493827,0.0,205.9038841126004,174.15752219767,404.5274317819769,198.35256761864983,1148.0,11.52787456445993,194.37600954814047,0.2061860626160766,0.1059423353739013,0.6878716020100221,1093,7.040256175663312,0.0434164684173521,0.1091960003759594,0.0496042216358839,,,,3078,0.0,0.9324236517218972,0.0,0.0,1.0,27969.150733979022,0.0,4.900454799983095e-15,2.68009849698425e-13,0.0,0.0,0.0,0.0,,,0.0,500.0,55.93830146795805,0.0,0.0
batched_greedy@10s+aware,4,500,3078,2846,0.9246263807667316,0.0753736192332683,0.0272904483430799,0.0480831708901884,0.0,209.50282503567612,176.36929064406195,415.1994723637172,202.37246196220545,1138.4,13.001756851721714,196.50106818395443,0.215997106702056,0.1046618473218337,0.6793410459761102,1080,8.291666666666666,0.0484809259281367,0.1066309998623183,0.0537890832008479,,,,3078,0.0,0.9246263807667316,0.0,0.0,1.0,27592.65539146667,0.0,-3.9896250588357e-15,2.6790750456688333e-13,0.0,0.0,0.0,0.0,,,0.0,500.0,55.18531078293334,0.0,0.0
batched_greedy@10s+aware,5,500,3078,2850,0.925925925925926,0.074074074074074,0.027940220922677,0.046133853151397,0.0,218.18804797413125,189.65617739333996,434.9799533283648,210.53317729100615,1140.0,13.062456140350877,205.1255918337804,0.2051167155347685,0.1099524199324077,0.6849308645328237,1091,8.176901924839596,0.0460869844254326,0.1099400002203764,0.050572265105137,,,,3078,0.0,0.925925925925926,0.0,0.0,1.0,27773.44939806035,0.0,3.122648338735177e-16,2.707364157422968e-13,0.0,0.0,0.0,0.0,,,0.0,500.0,55.54689879612071,0.0,0.0
optimal@10s+aware,0,300,3078,2095,0.6806367771280052,0.3193632228719948,0.2394411955815464,0.0799220272904483,0.0,385.5267187144831,370.14893385487176,567.1294431070789,334.47915646985194,838.0,82.50167064439141,303.02504807009166,0.0109056756344843,0.1587375301418789,0.8303567942236367,1121,38.88670829616414,0.076009545064948,0.1429800004189018,0.0527530497856907,4.782652653050096,0.0001423316192293,0.0454950936663693,3078,0.0,0.6806367771280052,0.0,0.0,1.0,20241.057697213157,0.0,-6.0014576177923506e-15,2.81010325059834e-13,0.0,0.0,0.0,0.0,,,0.0,300.0,67.47019232404385,0.0,0.0
optimal@10s+aware,1,300,3078,2079,0.6754385964912281,0.3245614035087719,0.260233918128655,0.0643274853801169,0.0,391.1151689024563,373.2213207014465,581.7191715989618,338.4212506618771,831.6,90.56902356902356,300.5461453334327,0.0117644693344301,0.1531719491285709,0.835063581536999,1118,40.78085867620752,0.0846050983672934,0.1530149997779517,0.0525787006028131,4.024834283158474,0.0001140289854489,0.0420393559928443,3078,0.0,0.6754385964912281,0.0,0.0,1.0,20283.99091318633,0.0,-1.6194837678687996e-14,2.836207032151024e-13,0.0,0.0,0.0,0.0,,,0.0,300.0,67.61330304395445,0.0,0.0
optimal@10s+aware,2,300,3078,2096,0.6809616634178037,0.3190383365821962,0.2573099415204678,0.0617283950617283,0.0,393.2902353175497,376.61423634720086,581.8505101332821,340.5139471312761,838.4,91.21087786259542,302.07935745495433,0.0126137095887381,0.155762082449841,0.8316242079614208,1115,40.55515695067265,0.0874510313933814,0.1482099999157068,0.052490805750585,2.991028191345296,8.52304293937755e-05,0.0286995515695067,3078,0.0,0.6809616634178037,0.0,0.0,1.0,20288.78979444368,0.0,-5.301950566454183e-15,2.798440020849059e-13,0.0,0.0,0.0,0.0,,,0.0,300.0,67.62929931481227,0.0,0.0
optimal@10s+aware,3,300,3078,2085,0.6773879142300195,0.3226120857699805,0.2433398310591293,0.0792722547108512,0.0,391.72348045716745,378.93915757940704,574.7548678907717,337.6070511462597,834.0,89.74964028776978,301.97384016939765,0.0085633076033001,0.1554567473904416,0.835979945006258,1106,40.52260397830018,0.0841419530104817,0.1549599997360929,0.0507294429708222,3.857636448183967,0.0001100526779566,0.0325497287522604,3078,0.0,0.6773879142300195,0.0,0.0,1.0,20389.150336482297,0.0,-3.2613400389564308e-15,2.774933493752407e-13,0.0,0.0,0.0,0.0,,,0.0,300.0,67.963834454941,0.0,0.0
optimal@10s+aware,4,300,3078,2114,0.686809616634178,0.3131903833658219,0.2342430149447693,0.0789473684210526,0.0,389.1123659085205,374.7640451548093,572.0246159766923,334.93827347417084,845.6,86.77152317880795,302.34084272971256,0.0113192875223597,0.1574919661450806,0.8311887463325597,1112,38.87679856115108,0.0850776978318895,0.1425239998025064,0.0422721268163804,7.827666207962312,0.0002331738662717,0.0521582733812949,3078,0.0,0.686809616634178,0.0,0.0,1.0,20239.169012364277,0.0,3.1023223514975048e-15,2.804828796425951e-13,0.0,0.0,0.0,0.0,,,0.0,300.0,67.4638967078809,0.0,0.0
optimal@10s+aware,5,300,3078,2072,0.673164392462638,0.3268356075373619,0.2579597141000649,0.0688758934372969,0.0,394.0367160999547,376.8229724402727,593.2697033162262,340.90326259064545,828.8,94.21332046332046,299.8233956366342,0.0116098780998611,0.1510580894530167,0.8373320324471221,1114,42.030520646319566,0.0769421903023155,0.148056999878463,0.0484033613445378,4.023230614496307,0.0001104517912443,0.0332136445242369,3078,0.0,0.673164392462638,0.0,0.0,1.0,20377.231068823785,0.0,1.031007111516767e-14,2.824938909994095e-13,0.0,0.0,0.0,0.0,,,0.0,300.0,67.92410356274594,0.0,0.0
optimal@10s+aware,0,350,3078,2390,0.7764782326185835,0.2235217673814165,0.1328784925276153,0.0906432748538011,0.0,356.68474309443553,343.29386746477667,556.4757924461308,317.4613397555899,956.0,55.22426778242678,301.4604753120087,0.0256064140574305,0.1641463463038547,0.8102472396387147,1095,26.325114155251143,0.091871232867046,0.1669479994234279,0.0476891374742419,6.449364988397924,0.0002919463921382,0.0557077625570776,3078,0.0,0.7764782326185835,0.0,0.0,1.0,23141.23452361736,0.0,1.8692625318375026e-15,2.802801226813191e-13,0.0,0.0,0.0,0.0,,,0.0,350.00000000000006,66.117812924621,0.0,0.0
optimal@10s+aware,1,350,3078,2385,0.7748538011695907,0.2251461988304093,0.1280051981806367,0.0971410006497725,0.0,357.62906931417376,347.5148472249475,541.9431331713498,315.9248795843601,954.0,55.04067085953879,302.588398454635,0.024050149631881,0.1641071679744784,0.8118426823936404,1122,24.706773618538325,0.0786147950135458,0.1485320000119827,0.0531204644412191,8.084645700440019,0.0003917506066122,0.0614973262032085,3078,0.0,0.7748538011695907,0.0,0.0,1.0,23153.624815966254,0.0,-5.419191766656697e-15,2.817771173623733e-13,0.0,0.0,0.0,0.0,,,0.0,350.0,66.15321375990358,0.0,0.0
optimal@10s+aware,2,350,3078,2382,0.7738791423001949,0.226120857699805,0.1332033788174139,0.0929174788823911,0.0,359.71060621714975,346.03574262595976,548.7034895137941,319.0207794793637,952.8,52.55331654072208,307.15728967642764,0.0249395552724373,0.1677426596328039,0.8073177850947587,1101,25.60217983651226,0.0763102634077887,0.1424000001861713,0.0536185174333431,6.337236561522929,0.0002955598722806,0.064486830154405,3078,0.0,0.7738791423001949,0.0,0.0,1.0,23045.67796241624,0.0,-8.707280628395183e-15,2.8213796631569085e-13,0.0,0.0,0.0,0.0,,,0.0,350.0,65.84479417833211,0.0,0.0
optimal@10s+aware,3,350,3078,2393,0.7774528914879792,0.2225471085120207,0.1302794022092267,0.092267706302794,0.0,364.1540233982021,352.4204006057157,555.2324339846057,321.8683750213614,957.2,60.43794400334309,303.71607939485904,0.0212985468896212,0.164718163638871,0.8139832894715076,1100,27.05727272727273,0.0894348181761663,0.1689650000662367,0.0549225825299444,5.972118447389852,0.0002626921518549,0.0509090909090909,3078,0.0,0.7774528914879792,0.0,0.0,1.0,23278.085030484595,0.0,2.820792306611346e-17,2.808098741231596e-13,0.0,0.0,0.0,0.0,,,0.0,350.00000000000006,66.50881437281312,0.0,0.0
optimal@10s+aware,4,350,3078,2406,0.7816764132553606,0.2183235867446393,0.1296296296296296,0.0886939571150097,0.0,355.0277451948695,345.7842937584419,540.3361725519703,315.4318843359612,962.4,53.30174563591022,301.72599955895924,0.0237806305589542,0.1649873445527529,0.8112320248882929,1112,24.859712230215827,0.0894597122336065,0.1594719995773635,0.0526315789473684,7.685313893943126,0.0003702324716248,0.0620503597122302,3078,0.0,0.7816764132553606,0.0,0.0,1.0,23195.828842512117,0.0,7.786142655160033e-15,2.8173787307930773e-13,0.0,0.0,0.0,0.0,,,0.0,350.0,66.27379669289175,0.0,0.0
optimal@10s+aware,5,350,3078,2366,0.7686809616634178,0.2313190383365821,0.1351526965562053,0.0961663417803768,0.0,357.1114619274718,344.04033978955863,547.4978856279531,314.4249074367443,946.4,53.64032121724429,303.4711407102276,0.0303418305296002,0.1647642383276117,0.8048939311427881,1104,25.666666666666668,0.0884779891199959,0.164543000064441,0.0551319648093841,5.947695268784913,0.0002766581963804,0.0507246376811594,3078,0.0,0.7686809616634178,0.0,0.0,1.0,22955.17069320883,0.0,1.6787548152573796e-14,2.761897032106895e-13,0.0,0.0,0.0,0.0,,,0.0,350.0,65.58620198059666,0.0,0.0
optimal@10s+aware,0,400,3078,2615,0.8495776478232618,0.1504223521767381,0.0756985055230669,0.0747238466536712,0.0,289.22527085807343,274.01109984053073,492.0813607293312,269.9937854848981,1046.0,26.48107074569789,262.74420011237555,0.0729503991466553,0.150045991255791,0.7770036095975538,1120,15.491071428571429,0.0829459821293962,0.1601389997813384,0.0521787399389397,9.695834347013536,0.000802022986739,0.0839285714285714,3078,0.0,0.8495776478232618,0.0,0.0,1.0,25301.48301714944,0.0,6.607334182652538e-15,2.803775482445755e-13,0.0,0.0,0.0,0.0,,,0.0,400.0,63.2537075428736,0.0,0.0
optimal@10s+aware,1,400,3078,2613,0.8489278752436648,0.1510721247563352,0.0620532813515269,0.0890188434048083,0.0,298.9591760942024,279.5303827342732,503.6126190095295,272.73568059369074,1045.2,25.832376578645235,273.1267995155572,0.0568616853865508,0.1551077582007206,0.7880305564127286,1096,13.735401459854014,0.0826218978035995,0.178820000382984,0.0482720789906747,6.295486396631625,0.000599989403975,0.0647810218978102,3078,0.0,0.8489278752436648,0.0,0.0,1.0,25612.402469610388,0.0,1.1979701578228554e-14,2.780838025301905e-13,0.0,0.0,0.0,0.0,,,0.0,400.0,64.03100617402598,0.0,0.0
optimal@10s+aware,2,400,3078,2636,0.8564002599090318,0.1435997400909681,0.0627030539311241,0.080896686159844,0.0,297.40843627213843,280.601883578699,494.83727618143007,274.2267964610973,1054.4,26.04059180576631,271.3678444663721,0.0619598859217651,0.1554729372328332,0.7825671768454016,1099,14.13284804367607,0.0777959963361072,0.1445000000967409,0.050480109739369,7.073045433994698,0.0006524057518056,0.0646041856232939,3078,0.0,0.8564002599090318,0.0,0.0,1.0,25507.302597235022,0.0,-1.043508560626437e-15,2.766038957482266e-13,0.0,0.0,0.0,0.0,,,0.0,400.0,63.76825649308757,0.0,0.0
optimal@10s+aware,3,400,3078,2642,0.8583495776478233,0.1416504223521767,0.0594541910331384,0.0821962313190383,0.0,294.915533371737,280.6225504579902,500.8244864091871,272.8969983451832,1056.8,24.915972747918243,269.9995606238188,0.062987000023472,0.1550475746126181,0.7819654253639099,1106,14.183544303797468,0.0813926763053699,0.1521600002433843,0.0412285556170448,7.97995517587622,0.0007315115378786,0.0605786618444846,3078,0.0,0.8583495776478233,0.0,0.0,1.0,25667.069920083886,0.0,-3.075847256262792e-15,2.7825281821277973e-13,0.0,0.0,0.0,0.0,,,0.0,400.0,64.16767480020971,0.0,0.0
optimal@10s+aware,4,400,3078,2644,0.8589993502274204,0.1410006497725796,0.0675763482781026,0.0734243014944769,0.0,291.18590904207394,277.2483494439339,490.25542457161737,271.46452190908485,1057.6,25.68948562783661,265.4964234142373,0.0689039395976425,0.1520361867398711,0.7790598736624863,1086,14.90791896869245,0.0868078268961906,0.1424349994977093,0.0470914127423822,6.933253683269399,0.0006026016480559,0.0626151012891344,3078,0.0,0.8589993502274204,0.0,0.0,1.0,25547.068027973688,0.0,3.6336709402028204e-15,2.832587081348251e-13,0.0,0.0,0.0,0.0,,,0.0,400.0,63.86767006993422,0.0,0.0
optimal@10s+aware,5,400,3078,2617,0.850227420402859,0.149772579597141,0.0688758934372969,0.080896686159844,0.0,293.9646664791756,276.45926197872086,506.18605833914665,270.6462010384672,1046.8,27.619411539931217,266.34525493924434,0.0696222815625223,0.1506625006371999,0.7797152178002777,1090,15.168807339449542,0.0841955045854457,0.1470439997774519,0.0539647577092511,6.747108439511881,0.0005740460569022,0.0669724770642201,3078,0.0,0.850227420402859,0.0,0.0,1.0,25432.1800137356,0.0,1.0572275870110281e-14,2.8098306596574336e-13,0.0,0.0,0.0,0.0,,,0.0,400.0,63.580450034339,0.0,0.0
optimal@10s+aware,0,450,3078,2777,0.9022092267706304,0.0977907732293697,0.0399610136452241,0.0578297595841455,0.0,247.08140135196933,221.2768724620837,462.750290158105,235.9850309789175,1110.8,18.325891249549876,228.75551010241944,0.1387185876419933,0.1296234644887053,0.7316579478693013,1091,10.89275893675527,0.0855592117307604,0.1423099998646645,0.0446670276123443,5.356266248068968,0.0006965006826658,0.0577451879010082,3078,0.0,0.9022092267706304,0.0,0.0,1.0,26777.16357907072,0.0,2.550514514907688e-15,2.74926722447274e-13,0.0,0.0,0.0,0.0,,,0.0,450.0,59.50480795349048,0.0,0.0
optimal@10s+aware,1,450,3078,2764,0.8979857050032488,0.1020142949967511,0.039311241065627,0.0627030539311241,0.0,245.1991764448952,219.10868090366284,456.2472557440295,232.71704546164383,1105.6,17.66425470332851,227.53492174156668,0.1319031137330728,0.1263373467521695,0.7417595395147576,1078,10.28756957328386,0.0833865491786836,0.1462459999493148,0.0504291845493562,6.899372695129979,0.0009735231991254,0.0695732838589981,3078,0.0,0.8979857050032488,0.0,0.0,1.0,27097.07952776088,0.0,2.763668053050263e-15,2.745150946887015e-13,0.0,0.0,0.0,0.0,,,0.0,450.0,60.21573228391306,0.0,0.0
optimal@10s+aware,2,450,3078,2802,0.9103313840155944,0.0896686159844054,0.0315139701104613,0.0581546458739441,0.0,236.90112125293436,209.8836460975085,445.7497531352751,226.41334469801416,1120.8,16.910064239828692,219.99105701310563,0.1326815699557554,0.1253142114992292,0.7420042185450153,1093,9.71088746569076,0.0820511436479739,0.1455159992838161,0.042776432606941,6.532815980878866,0.0009948972484851,0.061299176578225,3078,0.0,0.9103313840155944,0.0,0.0,1.0,27224.71126398486,0.0,1.9189979132278936e-15,2.679243138712826e-13,0.0,0.0,0.0,0.0,,,0.0,450.0,60.4993583644108,0.0,0.0
optimal@10s+aware,3,450,3078,2802,0.9103313840155944,0.0896686159844054,0.0341130604288499,0.0555555555555555,0.0,240.55124222166816,217.4560506077501,442.2577465022379,229.7367757274743,1120.8,15.001070663811564,225.5501715578566,0.1287592585157545,0.1288603187056179,0.7423804227786276,1088,9.373161764705882,0.0795885110295223,0.1328649998686159,0.0495314591700133,7.56567415666377,0.0012083989210841,0.0661764705882353,3078,0.0,0.9103313840155944,0.0,0.0,1.0,27234.8255983404,0.0,-5.504519039008753e-15,2.755725697598388e-13,0.0,0.0,0.0,0.0,,,0.0,450.0,60.52183466297867,0.0,0.0
optimal@10s+aware,4,450,3078,2788,0.9057829759584144,0.0942170240415854,0.0380116959064327,0.0562053281351526,0.0,239.2902237520598,214.7037591420681,444.59350397545234,228.86809826644117,1115.2,16.06671449067432,223.2235092613855,0.1389189909092127,0.1261350397290574,0.7349459693617297,1095,9.9013698630137,0.0762091324265039,0.128330000097776,0.0432900432900432,6.469772012330358,0.0009557459976044,0.0547945205479452,3078,0.0,0.9057829759584144,0.0,0.0,1.0,26966.964025051537,0.0,-5.0971501847926836e-17,2.6815788550307764e-13,0.0,0.0,0.0,0.0,,,0.0,450.0,59.92658672233675,0.0,0.0
optimal@10s+aware,5,450,3078,2765,0.8983105912930475,0.1016894087069525,0.0389863547758284,0.0627030539311241,0.0,241.7653832639709,215.32801236655,448.59225438428086,228.50768490637856,1106.0,15.862206148282098,225.9031771156888,0.1376086998442466,0.1271493572601086,0.7352419428956448,1090,9.692660550458717,0.0845639449685097,0.1439599997866019,0.0507927976350443,5.624760716411031,0.0008545352872617,0.055045871559633,3078,0.0,0.8983105912930475,0.0,0.0,1.0,26819.39194007857,0.0,1.7402193810941878e-15,2.741119366851842e-13,0.0,0.0,0.0,0.0,,,0.0,450.0,59.59864875573017,0.0,0.0
optimal@10s+aware,0,500,3078,2853,0.9269005847953216,0.0730994152046783,0.0253411306042884,0.0477582846003898,0.0,213.68769797153163,185.37205565157277,415.9875901150792,206.38212354564016,1141.2,12.250613389414651,201.437084582117,0.2082399077240042,0.1088947926821836,0.6828652995938121,1104,7.730072463768116,0.0840728260784643,0.1412010000058217,0.049641624634988,4.5686427980082245,0.0009721327009865,0.0552536231884058,3078,0.0,0.9269005847953216,0.0,0.0,1.0,27688.91187856039,0.0,-4.360417467763689e-15,2.672428621817339e-13,0.0,0.0,0.0,0.0,,,0.0,500.0,55.37782375712078,0.0,0.0
optimal@10s+aware,1,500,3078,2846,0.9246263807667316,0.0753736192332683,0.0237166991552956,0.0516569200779727,0.0,219.6829829130592,188.52445470558632,426.0192043614197,211.2128913415252,1138.4,13.704848910751933,205.97813400230723,0.2017264288224129,0.1090978635878491,0.6891757075897379,1076,8.110594795539033,0.0925901487027395,0.1522500003829918,0.0457325179473544,6.558929818166978,0.0013125274982525,0.0604089219330855,3078,0.0,0.9246263807667316,0.0,0.0,1.0,27924.15106262521,0.0,3.0363780514660465e-15,2.693553976723642e-13,0.0,0.0,0.0,0.0,,,0.0,500.0,55.848302125250406,0.0,0.0
optimal@10s+aware,2,500,3078,2887,0.937946718648473,0.0620532813515269,0.0175438596491228,0.0445094217024041,0.0,203.81228840684756,173.32091614778074,402.43332663195406,197.1182671117521,1154.8,10.872532040180118,192.9397563666674,0.204454756202038,0.1051233638852787,0.6904218799126832,1109,6.779080252479711,0.088717583396749,0.1448360001450055,0.0445623342175066,5.402057785107371,0.0014201688350561,0.060414788097385,3078,0.0,0.937946718648473,0.0,0.0,1.0,28115.96498289636,0.0,-6.177254758974304e-15,2.715364784040748e-13,0.0,0.0,0.0,0.0,,,0.0,500.0,56.23192996579272,0.0,0.0
optimal@10s+aware,3,500,3078,2873,0.9333983105912932,0.0666016894087069,0.0172189733593242,0.0493827160493827,0.0,205.13613916947597,174.41632634243797,395.9397415530337,198.12188058917607,1149.2,10.348764357814131,194.7873748116618,0.2040872555182825,0.1070188273538395,0.688893917127878,1088,6.846507352941177,0.0878693014736681,0.1423899998826524,0.0473044397463002,2.80644557449659,0.0007349792476782,0.0422794117647058,3078,0.0,0.9333983105912932,0.0,0.0,1.0,27991.102380564636,0.0,-4.860867867091862e-15,2.694174697314351e-13,0.0,0.0,0.0,0.0,,,0.0,500.0,55.98220476112927,0.0,0.0
optimal@10s+aware,4,500,3078,2852,0.926575698505523,0.0734243014944769,0.0250162443144899,0.048408057179987,0.0,207.00027039974557,176.5298545844512,414.6792916275712,200.23460789316127,1140.8,12.136044880785414,194.86422551896013,0.2172604653395891,0.1035547603381831,0.6791847743222278,1087,7.959521619135234,0.0836312787408525,0.1411260003806092,0.0473908413205537,4.775787540823701,0.0009864171821594,0.0450781968721251,3078,0.0,0.926575698505523,0.0,0.0,1.0,27570.96311188345,0.0,-1.176867548403497e-15,2.69281869671509e-13,0.0,0.0,0.0,0.0,,,0.0,500.0,55.14192622376691,0.0,0.0
optimal@10s+aware,5,500,3078,2867,0.9314489928525016,0.0685510071474983,0.0237166991552956,0.0448343079922027,0.0,213.3323467631618,186.91074734863832,412.0557917674505,205.73046772971188,1146.8,11.22636902685734,202.10597773630445,0.2036306873761544,0.1086731858496979,0.6876961267741476,1086,7.33609576427256,0.0922605893018372,0.1418449997345308,0.0556581376945397,5.056018254755861,0.001180171533468,0.0469613259668508,3078,0.0,0.9314489928525016,0.0,0.0,1.0,27928.87303640716,0.0,-5.014629954546888e-15,2.690136607061317e-13,0.0,0.0,0.0,0.0,,,0.0,500.0,55.85774607281432,0.0,0.0
batched_greedy@30s+aware,0,300,3078,2121,0.6890838206627681,0.310916179337232,0.2521117608836907,0.0588044184535412,0.0,376.7336262955032,354.9095087409541,569.1216293885809,333.89526224855763,848.4,92.53701084394152,284.1966154515617,0.0146005774457583,0.1523571324328108,0.8330422901214307,370,45.32972972972973,0.0562281081304693,0.1389249996191211,0.0456235214599526,,,,3078,0.0,0.6890838206627681,0.0,0.0,1.0,20375.825099004905,0.0,-9.564354128218228e-15,2.749274431665448e-13,0.0,0.0,0.0,0.0,,,0.0,300.0,67.91941699668301,0.0,0.0
batched_greedy@30s+aware,1,300,3078,2110,0.6855100714749838,0.3144899285250162,0.2595841455490578,0.0549057829759584,0.0,370.75058375199234,348.32378719760254,562.2390017100331,327.0829671997331,844.0,91.91137440758294,278.8392093444094,0.0125901074087993,0.1484972951135215,0.8389125974776791,374,44.24331550802139,0.0588010695274742,0.1816319995214141,0.0514978121844496,,,,3078,0.0,0.6855100714749838,0.0,0.0,1.0,20452.47486651247,0.0,-4.600006526295246e-15,2.845807844247135e-13,0.0,0.0,0.0,0.0,,,0.0,300.0,68.17491622170823,0.0,0.0
batched_greedy@30s+aware,2,300,3078,2114,0.686809616634178,0.3131903833658219,0.2605588044184535,0.0526315789473684,0.0,379.7269254408707,361.2990173594285,573.3586291561818,336.6505828641277,845.6,98.95033112582782,280.7765943150428,0.0135715333808055,0.1472798092190114,0.8391486574001831,378,45.43650793650794,0.0581566137620866,0.1767680006560113,0.0534274193548387,,,,3078,0.0,0.686809616634178,0.0,0.0,1.0,20456.00511754449,0.0,-2.870404429229544e-15,2.766478311019032e-13,0.0,0.0,0.0,0.0,,,0.0,300.0,68.18668372514828,0.0,0.0
batched_greedy@30s+aware,3,300,3078,2112,0.6861598440545809,0.3138401559454191,0.2524366471734893,0.0614035087719298,0.0,376.85920354710856,358.52260647428966,566.4882849663563,331.6353979104977,844.8,95.23674242424242,281.6224611228661,0.0113016232422695,0.1509068610576378,0.8377915157000926,370,45.36486486486486,0.0530221621596177,0.1595229998929426,0.0544058744993324,,,,3078,0.0,0.6861598440545809,0.0,0.0,1.0,20485.7063940408,0.0,9.635390128868025e-15,2.8194618357185225e-13,0.0,0.0,0.0,0.0,,,0.0,300.0,68.285687980136,0.0,0.0
batched_greedy@30s+aware,4,300,3078,2094,0.6803118908382066,0.3196881091617933,0.2462638076673164,0.0734243014944769,0.0,376.62603949212894,358.44578917570834,565.4915522833461,328.43100663870183,837.6,94.78748806112704,281.8385514310019,0.0154146339316167,0.1498009014345661,0.8347844646338172,371,44.5633423180593,0.0532973045834281,0.1746900000398456,0.049,,,,3078,0.0,0.6803118908382066,0.0,0.0,1.0,20373.871341016835,0.0,4.149922472944616e-15,2.82866588053646e-13,0.0,0.0,0.0,0.0,,,0.0,300.0,67.91290447005612,0.0,0.0
batched_greedy@30s+aware,5,300,3078,2113,0.6864847303443795,0.3135152696556205,0.2550357374918778,0.0584795321637426,0.0,377.0605286657289,354.82801963406746,571.7333838968274,330.9124204942992,845.2,94.89919545669665,282.16133320903225,0.0142701494382938,0.1498503507223364,0.8358794998393696,369,45.37127371273713,0.0577571815845998,0.1212759998088584,0.057,,,,3078,0.0,0.6864847303443795,0.0,0.0,1.0,20396.39771484075,0.0,7.433292557490305e-15,2.7952778126562334e-13,0.0,0.0,0.0,0.0,,,0.0,300.00000000000006,67.98799238280249,0.0,0.0
batched_greedy@30s+aware,0,350,3078,2391,0.776803118908382,0.2231968810916179,0.1604938271604938,0.0627030539311241,0.0,338.03557256901706,322.4589610428666,531.1358622523685,308.13623409701285,956.4,63.12086992890004,274.914702640117,0.0355673697571304,0.1519531912014885,0.8124794390413811,367,32.92370572207084,0.0651523160847469,0.1225420001901511,0.0508013305110371,,,,3078,0.0,0.776803118908382,0.0,0.0,1.0,23107.05363769971,0.0,-1.1917415332839572e-14,2.850008904000532e-13,0.0,0.0,0.0,0.0,,,0.0,350.0,66.02015325057062,0.0,0.0
batched_greedy@30s+aware,1,350,3078,2394,0.7777777777777778,0.2222222222222222,0.1432748538011695,0.0789473684210526,0.0,344.0839185194916,333.9257450500386,529.7840347204251,309.4620471677261,957.6,62.63241436925647,281.4515041502351,0.026146254148198,0.1553002292718246,0.8185535165799773,374,30.949197860962567,0.0622828876881603,0.1586889999634877,0.0545561781185491,,,,3078,0.0,0.7777777777777778,0.0,0.0,1.0,23310.033791591966,0.0,-1.551641021182888e-14,2.7554715216119453e-13,0.0,0.0,0.0,0.0,,,0.0,350.0,66.60009654740561,0.0,0.0
batched_greedy@30s+aware,2,350,3078,2415,0.7846003898635477,0.2153996101364522,0.1448992852501624,0.0705003248862898,0.0,345.395396963086,329.9110424061555,540.2781855232013,313.27716251190924,966.0,68.40124223602484,276.9941547270612,0.0298319456049697,0.1538224534617187,0.8163456009333115,367,33.253405994550405,0.053486376018257,0.1362800001697905,0.049478390461997,,,,3078,0.0,0.7846003898635477,0.0,0.0,1.0,23442.539814389136,0.0,-1.5255337825739625e-15,2.805643456231036e-13,0.0,0.0,0.0,0.0,,,0.0,350.0,66.97868518396896,0.0,0.0
batched_greedy@30s+aware,3,350,3078,2400,0.7797270955165692,0.2202729044834308,0.1435997400909681,0.0766731643924626,0.0,341.43870479879314,325.3999715968771,540.0444286915246,308.8153018594753,960.0,66.3925,275.0462047987932,0.0326651793970075,0.1519738434368884,0.815360977166104,366,33.021857923497265,0.062582786900907,0.2049550004812773,0.0466786355475763,,,,3078,0.0,0.7797270955165692,0.0,0.0,1.0,23405.31467503539,0.0,4.860556401808936e-15,2.7740994686572173e-13,0.0,0.0,0.0,0.0,,,0.0,350.0,66.87232764295827,0.0,0.0
batched_greedy@30s+aware,4,350,3078,2409,0.7826510721247564,0.2173489278752436,0.1523716699155295,0.0649772579597141,0.0,344.0213662078927,326.31547446160494,537.4410623361673,312.93736657607474,963.6,64.74802822748028,279.2733379804124,0.0317080687965385,0.1550859280382106,0.8132060031652508,369,32.579945799457995,0.0584360433664202,0.1718599997184355,0.0511822807542651,,,,3078,0.0,0.7826510721247564,0.0,0.0,1.0,23213.38081730084,0.0,7.103952590611047e-15,2.8620065590552896e-13,0.0,0.0,0.0,0.0,,,0.0,350.0,66.32394519228811,0.0,0.0
batched_greedy@30s+aware,5,350,3078,2396,0.7784275503573749,0.221572449642625,0.1491228070175438,0.0724496426250812,0.0,345.1189139164732,335.6642988059359,543.9576756398865,310.9074705901404,958.4,63.92904841402337,281.18986550244983,0.0331465203110685,0.1560759588391408,0.8107775208497906,366,32.37978142076503,0.064395628411009,0.170534999915617,0.0502242152466367,,,,3078,0.0,0.7784275503573749,0.0,0.0,1.0,23244.32696645748,0.0,-1.2834845410558072e-14,2.849822029260188e-13,0.0,0.0,0.0,0.0,,,0.0,350.0,66.41236276130708,0.0,0.0
batched_greedy@30s+aware,0,400,3078,2618,0.8505523066926576,0.1494476933073424,0.0906432748538011,0.0588044184535412,0.0,293.20041885179427,270.8596968471895,503.93411876380975,277.0144916188567,1047.2,42.21199388846448,250.9884249633298,0.0769102732836779,0.1431604673864402,0.7799292593298819,364,24.27747252747253,0.0618505494353135,0.1614560003326915,0.0598099496925656,,,,3078,0.0,0.8505523066926576,0.0,0.0,1.0,25370.40830224688,0.0,6.5062970714320095e-15,2.830493669852441e-13,0.0,0.0,0.0,0.0,,,0.0,400.0,63.4260207556172,0.0,0.0
batched_greedy@30s+aware,1,400,3078,2635,0.8560753736192332,0.1439246263807667,0.0747238466536712,0.0692007797270955,0.0,296.6620476573893,275.69585935744726,498.9111077808058,276.65061988100376,1054.0,41.49715370018976,255.1648939571995,0.0671276605535923,0.1460855426976428,0.786786796748765,374,21.77540106951872,0.0759999999637539,0.2212940001663808,0.0503875968992248,,,,3078,0.0,0.8560753736192332,0.0,0.0,1.0,25659.19871634593,0.0,1.6452367615014465e-15,2.812397584477929e-13,0.0,0.0,0.0,0.0,,,0.0,400.0,64.14799679086484,0.0,0.0
batched_greedy@30s+aware,2,400,3078,2658,0.8635477582846004,0.1364522417153996,0.0753736192332683,0.0610786224821312,0.0,301.37950558314475,284.55889765752545,509.4055480377223,283.73755134231106,1063.2,40.40519187358917,260.9743137095556,0.063325605302963,0.1499721168489633,0.7867022778480737,371,22.223719676549862,0.0695113207345489,0.1512100003310479,0.047075208913649,,,,3078,0.0,0.8635477582846004,0.0,0.0,1.0,25739.69522078231,0.0,-1.5895653658816765e-15,2.806861005640208e-13,0.0,0.0,0.0,0.0,,,0.0,400.0,64.34923805195577,0.0,0.0
batched_greedy@30s+aware,3,400,3078,2643,0.8586744639376218,0.1413255360623781,0.0730994152046783,0.0682261208576998,0.0,286.51746040531094,265.59505018111304,491.4679896533224,269.3549955587682,1057.2,38.6318577374196,247.88560266789136,0.0712896055860172,0.142797954105552,0.7859124403084308,364,22.414835164835164,0.0741623626474173,0.1857510000354523,0.0444506569751188,,,,3078,0.0,0.8586744639376218,0.0,0.0,1.0,25728.76668290461,0.0,9.197166507590948e-15,2.760391654608269e-13,0.0,0.0,0.0,0.0,,,0.0,400.0,64.32191670726154,0.0,0.0
batched_greedy@30s+aware,4,400,3078,2651,0.8612735542560104,0.1387264457439896,0.0750487329434697,0.0636777128005198,0.0,279.9729725112004,260.0076704493349,483.08106834701175,264.5650659369631,1060.4,36.06752168992833,243.90545082127204,0.0766718114736534,0.1414634650244914,0.7818647235018551,369,21.4390243902439,0.0715528455083189,0.217367999794078,0.049025069637883,,,,3078,0.0,0.8612735542560104,0.0,0.0,1.0,25551.23285445205,0.0,-6.948965900792266e-15,2.793419965352523e-13,0.0,0.0,0.0,0.0,,,0.0,400.0,63.87808213613012,0.0,0.0
batched_greedy@30s+aware,5,400,3078,2611,0.8482781026640676,0.1517218973359324,0.0825211176088369,0.0692007797270955,0.0,291.00704993864565,270.0034279051124,497.6336433517881,271.15622709097204,1044.4,39.46878590578322,251.53826403286243,0.0727024887027129,0.1438310729887968,0.7834664383084902,364,22.64010989010989,0.0723585164980629,0.1659369999015325,0.0517048630519843,,,,3078,0.0,0.8482781026640676,0.0,0.0,1.0,25387.349750734094,0.0,-3.5734639214668004e-15,2.792965654488266e-13,0.0,0.0,0.0,0.0,,,0.0,400.0,63.46837437683524,0.0,0.0
batched_greedy@30s+aware,0,450,3078,2761,0.8970110461338532,0.1029889538661468,0.0542560103963612,0.0487329434697855,0.0,251.25255237700037,225.16753093067564,462.1428990906543,242.58476746561956,1104.4,30.33828323071351,220.91426914628684,0.1477411800060949,0.1243430487750311,0.7279157712188739,374,18.294117647058822,0.0699395721964335,0.1898410002013405,0.0491132332878581,,,,3078,0.0,0.8970110461338532,0.0,0.0,1.0,26694.780899284237,0.0,-1.263217467366692e-14,2.712902541351014e-13,0.0,0.0,0.0,0.0,,,0.0,450.0,59.32173533174274,0.0,0.0
batched_greedy@30s+aware,1,450,3078,2769,0.8996101364522417,0.1003898635477582,0.0445094217024041,0.0558804418453541,0.0,251.8990917639249,233.0731709352649,460.4403416399469,240.71068582966248,1107.6,30.165763813651136,221.73332795027372,0.1351640290545105,0.1235307449825914,0.7413052259628979,363,17.606060606060606,0.079888429755348,0.2232800002821022,0.0478249121858957,,,,3078,0.0,0.8996101364522417,0.0,0.0,1.0,27098.67365866308,0.0,-3.600987731586658e-15,2.767679749360712e-13,0.0,0.0,0.0,0.0,,,0.0,450.0,60.219274797029065,0.0,0.0
batched_greedy@30s+aware,2,450,3078,2789,0.9061078622482132,0.0938921377517868,0.0454840805717998,0.048408057179987,0.0,238.1655972874237,209.49254370862127,444.326417964652,230.287406555451,1115.6,28.452491932592327,209.71310535483136,0.1465354048124166,0.118974082962119,0.7344905122254642,368,17.317934782608695,0.0823834239218226,0.1865329994234343,0.0476964769647696,,,,3078,0.0,0.9061078622482132,0.0,0.0,1.0,26968.305344433767,0.0,1.796260443283814e-15,2.783359774285249e-13,0.0,0.0,0.0,0.0,,,0.0,450.0,59.92956743207504,0.0,0.0
batched_greedy@30s+aware,3,450,3078,2786,0.9051332033788174,0.0948667966211825,0.0435347628330084,0.0513320337881741,0.0,239.75518278253384,212.4101945588659,446.1563028354094,230.70276510394,1114.4,27.28033022254128,212.4748525599926,0.1427344378447483,0.1215731706584396,0.7356923914968121,365,17.019178082191782,0.0807438356388633,0.2017599997634534,0.0478637101135749,,,,3078,0.0,0.9051332033788174,0.0,0.0,1.0,26935.753424539016,0.0,-5.535175094057223e-15,2.69157114240356e-13,0.0,0.0,0.0,0.0,,,0.0,450.0,59.85722983230893,0.0,0.0
batched_greedy@30s+aware,4,450,3078,2785,0.9048083170890188,0.0951916829109811,0.0467836257309941,0.048408057179987,0.0,243.3915827355088,218.69804464595427,451.7046002773553,234.56231001046444,1114.0,28.375224416517057,215.0163583189917,0.1456274202744616,0.121340402009381,0.7330321777161573,364,17.478021978021978,0.0992640110240784,0.2103129996521602,0.044141689373297,,,,3078,0.0,0.9048083170890188,0.0,0.0,1.0,26917.987782116863,0.0,4.3610038779854076e-15,2.752375626436141e-13,0.0,0.0,0.0,0.0,,,0.0,450.0,59.81775062692636,0.0,0.0
batched_greedy@30s+aware,5,450,3078,2788,0.9057829759584144,0.0942170240415854,0.0487329434697855,0.0454840805717998,0.0,249.6444594895267,227.4001623125241,456.0275116883383,240.7671890903597,1115.2,29.32819225251076,220.31626723701595,0.1346714614015372,0.1249695543428996,0.7403589842555631,364,17.873626373626372,0.0863008241854653,0.2023899996584078,0.0553157042633567,,,,3078,0.0,0.9057829759584144,0.0,0.0,1.0,26998.743573734864,0.0,7.502686500128282e-15,2.733936144585194e-13,0.0,0.0,0.0,0.0,,,0.0,450.0,59.99720794163303,0.0,0.0
batched_greedy@30s+aware,0,500,3078,2852,0.926575698505523,0.0734243014944769,0.0305393112410656,0.0428849902534113,0.0,222.3288469147705,195.2782627687302,423.80127947492673,215.9715696613572,1140.8,25.027699859747543,197.301147055023,0.2113955822939481,0.1057499884990347,0.6828544292070171,364,15.447802197802195,0.0980750000338218,0.2010179995704675,0.0531490831783151,,,,3078,0.0,0.926575698505523,0.0,0.0,1.0,27665.164008508327,0.0,-1.0269796545038931e-14,2.730024403517886e-13,0.0,0.0,0.0,0.0,,,0.0,500.0,55.330328017016654,0.0,0.0
batched_greedy@30s+aware,1,500,3078,2831,0.9197530864197532,0.0802469135802469,0.0311890838206627,0.0490578297595841,0.0,224.57379967244813,192.82076346710983,438.8615339201879,216.78734005036995,1132.4,26.3362769339456,198.23752273850252,0.2141949635922575,0.1036779735937434,0.6821270628139989,363,15.732782369146005,0.1046754820813112,0.2421280002272396,0.0508384349214799,,,,3078,0.0,0.9197530864197532,0.0,0.0,1.0,27581.80664431778,0.0,-1.3109337784235158e-15,2.7171781054209633e-13,0.0,0.0,0.0,0.0,,,0.0,500.0,55.16361328863556,0.0,0.0
batched_greedy@30s+aware,2,500,3078,2874,0.9337231968810916,0.0662768031189083,0.0253411306042884,0.0409356725146198,0.0,213.676029228393,187.2319310247008,405.8878092306716,208.5490046123824,1149.6,22.63917884481559,191.03685038357744,0.2097153264831754,0.103373582876633,0.6869110906401916,371,14.39622641509434,0.1020536387829018,0.2080400001432281,0.0476570820021299,,,,3078,0.0,0.9337231968810916,0.0,0.0,1.0,27976.376162842906,0.0,-1.3591540326517574e-15,2.733960896534486e-13,0.0,0.0,0.0,0.0,,,0.0,500.0,55.952752325685815,0.0,0.0
batched_greedy@30s+aware,3,500,3078,2866,0.9311241065627032,0.0688758934372969,0.0269655620532813,0.0419103313840155,0.0,211.79753855015596,183.05067777492377,400.744187053384,206.01315285622928,1146.4,22.837404047452896,188.96013450270303,0.208911118353567,0.1030068451393171,0.6880820365071159,366,14.524590163934429,0.0941224043618191,0.2091850003125729,0.0484558040468583,,,,3078,0.0,0.9311241065627032,0.0,0.0,1.0,27883.431995900864,0.0,1.1032502352171828e-15,2.6783103919530174e-13,0.0,0.0,0.0,0.0,,,0.0,500.0,55.766863991801735,0.0,0.0
batched_greedy@30s+aware,4,500,3078,2831,0.9197530864197532,0.0802469135802469,0.0360623781676413,0.0441845354126055,0.0,211.37014137105123,183.21961513465249,403.5516229479672,206.0300516441794,1132.4,23.74920522783469,187.6209361432165,0.2269053453109489,0.0994810190483591,0.673613635640692,363,15.674931129476583,0.1038203856331681,0.1982340000176918,0.0501340482573726,,,,3078,0.0,0.9197530864197532,0.0,0.0,1.0,27374.31070451513,0.0,-9.995222985950651e-15,2.6881907352025974e-13,0.0,0.0,0.0,0.0,,,0.0,500.0,54.74862140903026,0.0,0.0
batched_greedy@30s+aware,5,500,3078,2843,0.923651721897336,0.076348278102664,0.0376868096166341,0.0386614684860298,0.0,225.47884329093296,196.05195471229263,428.540449343662,219.45604594854305,1137.2,26.338023214913825,199.14082007601917,0.2127841515120019,0.1052356123950118,0.6819802360929862,365,16.167123287671235,0.0942397260138795,0.2170080005089403,0.0525046879185641,,,,3078,0.0,0.923651721897336,0.0,0.0,1.0,27673.413115583386,0.0,-2.0540883255463675e-15,2.6722330136770243e-13,0.0,0.0,0.0,0.0,,,0.0,500.0,55.346826231166766,0.0,0.0
optimal@30s+aware,0,300,3078,2117,0.6877842755035738,0.3122157244964262,0.2569850552306693,0.0552306692657569,0.0,382.0944617738489,367.1461823214049,560.9828538082163,337.43132130088986,846.8,96.68304204062352,285.41141973322544,0.0106921490542344,0.1504874372310814,0.8388204137146841,368,46.37228260869565,0.1096361412884977,0.1816660002623393,0.0493910690121786,44.97542900453719,0.0012064658410334,0.2989130434782608,3078,0.0,0.6877842755035738,0.0,0.0,1.0,20494.662899226438,0.0,-9.062188883100004e-17,2.8507296769855506e-13,0.0,0.0,0.0,0.0,,,0.0,300.0,68.31554299742145,0.0,0.0
optimal@30s+aware,1,300,3078,2095,0.6806367771280052,0.3193632228719948,0.2625081221572449,0.0568551007147498,0.0,379.0236900364754,356.7241077614508,577.4205238608149,330.8885636190652,838.0,97.44295942720764,281.58073060926773,0.0097250301470263,0.1470913809403744,0.8431835889125991,368,45.77717391304348,0.1156567934908312,0.1811660000930715,0.0464406779661017,39.75396256844872,0.0010829846446068,0.3070652173913043,3078,0.0,0.6806367771280052,0.0,0.0,1.0,20393.91019840351,0.0,4.0741740397700256e-16,2.8427093614618897e-13,0.0,0.0,0.0,0.0,,,0.0,300.0,67.97970066134503,0.0,0.0
optimal@30s+aware,2,300,3078,2094,0.6803118908382066,0.3196881091617933,0.2686809616634178,0.0510071474983755,0.0,387.341724148362,371.18183526835537,581.3633536337827,340.0032195715683,837.6,101.50764087870104,285.8340832696609,0.0103780939961971,0.1507455851648078,0.8388763208389951,378,45.81481481481482,0.1009375661452255,0.1705279998168408,0.0554241297735721,38.48050784826591,0.0010432488242981,0.2989417989417989,3078,0.0,0.6803118908382066,0.0,0.0,1.0,20425.45864534872,0.0,4.5808629096281526e-15,2.7887614747459216e-13,0.0,0.0,0.0,0.0,,,0.0,300.0,68.08486215116241,0.0,0.0
optimal@30s+aware,3,300,3078,2084,0.6770630279402209,0.322936972059779,0.2560103963612735,0.0669265756985055,0.0,379.2073575909768,360.01964353617336,571.2124926349401,329.3070321872953,833.6,95.97408829174664,283.23326929923013,0.0116720171007902,0.1494677321760544,0.8388602507231552,366,45.6448087431694,0.1111139344065833,0.2010550003888059,0.0508246381689666,41.59757809183623,0.0011372550736244,0.2896174863387978,3078,0.0,0.6770630279402209,0.0,0.0,1.0,20410.82411593122,0.0,8.063500816087509e-16,2.748596828918827e-13,0.0,0.0,0.0,0.0,,,0.0,300.0,68.0360803864374,0.0,0.0
optimal@30s+aware,4,300,3078,2122,0.6894087069525666,0.3105912930474334,0.2495126705653021,0.0610786224821312,0.0,378.0324953774138,358.1122405064202,569.496026667876,332.1628862106389,848.8,92.71724787935908,285.3152474980547,0.0120241584313433,0.1534568555709788,0.8345189859976778,371,44.22102425876011,0.1316738544364436,0.1997400003347139,0.0497828265953892,45.4648635316786,0.0012875345144959,0.3126684636118598,3078,0.0,0.6894087069525666,0.0,0.0,1.0,20252.17776116726,0.0,-1.1659329905356591e-14,2.749686539827894e-13,0.0,0.0,0.0,0.0,,,0.0,300.0,67.50725920389087,0.0,0.0
optimal@30s+aware,5,300,3078,2094,0.6803118908382066,0.3196881091617933,0.2586094866796621,0.0610786224821312,0.0,382.57430459908153,364.1624536727722,576.0466327954617,333.6309191767388,837.6,95.7316141356256,286.84269046345594,0.0134208395352658,0.1517759049441285,0.8348032555206056,368,45.70108695652174,0.1161271739212442,0.1757170002565543,0.0511440107671601,43.78408120843849,0.0011931186245601,0.296195652173913,3078,0.0,0.6803118908382066,0.0,0.0,1.0,20371.567069138084,0.0,1.4573930516187345e-15,2.840762751849663e-13,0.0,0.0,0.0,0.0,,,0.0,300.0,67.90522356379361,0.0,0.0
optimal@30s+aware,0,350,3078,2411,0.7833008447043535,0.2166991552956465,0.1481481481481481,0.0685510071474983,0.0,349.46800487747106,332.3130043654801,531.5751925733048,317.22543098107866,964.4,64.15844048112817,285.3095643963429,0.0288083222861193,0.1598733318747144,0.8113183458391663,368,32.76358695652174,0.1156008151818478,0.1749639995705365,0.0513432835820895,59.77474649024743,0.0024453463496525,0.391304347826087,3078,0.0,0.7833008447043535,0.0,0.0,1.0,23208.0629299473,0.0,3.5239795781216912e-15,2.844580186866547e-13,0.0,0.0,0.0,0.0,,,0.0,350.0,66.30875122842086,0.0,0.0
optimal@30s+aware,1,350,3078,2396,0.7784275503573749,0.221572449642625,0.145224171539961,0.076348278102664,0.0,353.911966728112,343.4843782211253,531.8619011936935,316.99408817965883,958.4,65.69949916527545,288.2124675628366,0.0201378273036287,0.1587260163808059,0.8211361563155654,374,31.39572192513369,0.0976962566642336,0.175511999759692,0.058460634547591,56.62331704793703,0.0024385492602622,0.4064171122994652,3078,0.0,0.7784275503573749,0.0,0.0,1.0,23300.79280173507,0.0,-3.879293473356349e-15,2.80034574642322e-13,0.0,0.0,0.0,0.0,,,0.0,349.99999999999994,66.57369371924307,0.0,0.0
optimal@30s+aware,2,350,3078,2398,0.7790773229369721,0.2209226770630279,0.1491228070175438,0.071799870045484,0.0,350.4890645919784,334.12355977459174,542.9907756138304,316.18331166671214,959.2,66.5838198498749,283.9052447421035,0.0278913790868476,0.1562834000159433,0.815825220897209,370,32.678378378378376,0.1001827027057761,0.1776279997284292,0.0603193376700177,52.92020052884767,0.0021751587551143,0.4189189189189189,3078,0.0,0.7790773229369721,0.0,0.0,1.0,23351.010005071606,0.0,-5.043875612792454e-15,2.8286223331185364e-13,0.0,0.0,0.0,0.0,,,0.0,350.0,66.71717144306173,0.0,0.0
optimal@30s+aware,3,350,3078,2389,0.776153346328785,0.223846653671215,0.1439246263807667,0.0799220272904483,0.0,347.01968621757266,331.80697231801787,530.9784556674999,312.14416909595684,955.6,64.09250732524069,282.927178892332,0.0255636002464818,0.1562419917626863,0.8181944079908319,367,32.3841961852861,0.1144504087590871,0.1798680001957109,0.0528660528660528,57.57940008914698,0.0023969665272727,0.3869209809264305,3078,0.0,0.776153346328785,0.0,0.0,1.0,23350.374555595063,0.0,-3.844931442670027e-15,2.728176272865243e-13,0.0,0.0,0.0,0.0,,,0.0,350.0,66.71535587312877,0.0,0.0
optimal@30s+aware,4,350,3078,2401,0.7800519818063678,0.2199480181936322,0.1487979207277452,0.0711500974658869,0.0,352.3100190270085,338.4392652999495,540.4845984739004,317.3320990251187,960.4,64.89712619741775,287.4128928295907,0.0276649857023638,0.1595063225723545,0.8128286917252816,369,32.15447154471545,0.1053121951251531,0.1698600000963779,0.0507462686567164,54.051668356865456,0.0022589751793856,0.3902439024390244,3078,0.0,0.7800519818063678,0.0,0.0,1.0,23150.59909251405,0.0,3.013370015359109e-15,2.7840268847278373e-13,0.0,0.0,0.0,0.0,,,0.0,350.0,66.14456883575443,0.0,0.0
optimal@30s+aware,5,350,3078,2380,0.7732293697205977,0.2267706302794022,0.1549707602339181,0.071799870045484,0.0,353.00649168151267,339.83057655837183,542.6376266956963,317.44533106587573,952.0,66.34159663865546,286.6648950428572,0.0320042322655718,0.1574723735672268,0.8105233941672013,366,33.439890710382514,0.1066688524548484,0.1777749999746447,0.0510357250075052,57.20806794637704,0.0022815380670504,0.4098360655737705,3078,0.0,0.7732293697205977,0.0,0.0,1.0,23104.97810458018,0.0,-8.941493670594538e-16,2.8692939714201513e-13,0.0,0.0,0.0,0.0,,,0.0,350.0,66.01422315594337,0.0,0.0
optimal@30s+aware,0,400,3078,2645,0.859324236517219,0.140675763482781,0.085445094217024,0.0552306692657569,0.0,300.0770815160685,279.9959302584048,496.03331225182114,282.8128042032961,1058.0,42.606049149338375,257.4710323667302,0.0685007564636868,0.1477814555475201,0.7837177879887932,369,23.36314363143632,0.1233092140882008,0.1854160001312266,0.0459802538787023,60.81166576453894,0.003961520317468,0.3929539295392953,3078,0.0,0.859324236517219,0.0,0.0,1.0,25632.364382391348,0.0,-2.478168898823033e-16,2.765790956898628e-13,0.0,0.0,0.0,0.0,,,0.0,400.0,64.08091095597837,0.0,0.0
optimal@30s+aware,1,400,3078,2647,0.8599740090968161,0.1400259909031838,0.0685510071474983,0.0714749837556855,0.0,302.7796132384923,289.0824710543602,497.3394604688616,280.9977587415316,1058.8,38.4578768417076,264.3217363967847,0.0592191507459007,0.1522668222058376,0.7885140270482616,373,20.57372654155496,0.0999257372143195,0.1645879999341559,0.0435385468663338,62.08978120036506,0.0048229233872393,0.4396782841823056,3078,0.0,0.8599740090968161,0.0,0.0,1.0,25712.09823879929,0.0,-6.364216126351445e-15,2.775871292889835e-13,0.0,0.0,0.0,0.0,,,0.0,400.0,64.28024559699823,0.0,0.0
optimal@30s+aware,2,400,3078,2662,0.8648473034437947,0.1351526965562053,0.0682261208576998,0.0669265756985055,0.0,295.8578967050225,280.67940442248346,493.5325666220001,276.43974125827464,1064.8,37.5694966190834,258.2884000859391,0.0633584712452055,0.1513462431646112,0.7852952855901832,367,20.950953678474114,0.1015280654217706,0.1796339999418705,0.0496688741721854,66.8823637698887,0.0051391391306551,0.4277929155313351,3078,0.0,0.8648473034437947,0.0,0.0,1.0,25630.082456272485,0.0,-8.619201020328075e-15,2.7999340887391843e-13,0.0,0.0,0.0,0.0,,,0.0,400.0,64.07520614068122,0.0,0.0
optimal@30s+aware,3,400,3078,2631,0.854775828460039,0.145224171539961,0.0730994152046783,0.0721247563352826,0.0,291.8758446797898,272.3279230973976,494.3955163064529,271.9360045100397,1052.4,36.43557582668187,255.44026885310788,0.0704549192562959,0.1463411680496115,0.7832039126940925,366,21.401639344262296,0.1025355191426361,0.1486149998072506,0.0495269894268224,64.76135154367583,0.0048276091670055,0.4316939890710382,3078,0.0,0.854775828460039,0.0,0.0,1.0,25593.150722785795,0.0,-5.136311157634894e-16,2.7821032778525093e-13,0.0,0.0,0.0,0.0,,,0.0,400.0,63.98287680696448,0.0,0.0
optimal@30s+aware,4,400,3078,2661,0.8645224171539961,0.1354775828460039,0.0769980506822612,0.0584795321637426,0.0,293.1272449345991,279.0463503195351,484.8710237841833,276.88291784446017,1064.4,37.70462232243518,255.42262261216396,0.0670407822588545,0.1484768344677403,0.7844823832734052,364,21.964285714285715,0.104350824188429,0.163674000186802,0.049554565701559,69.82116800385032,0.0050287642307135,0.4368131868131868,3078,0.0,0.8645224171539961,0.0,0.0,1.0,25574.161387101667,0.0,-7.922678338674191e-15,2.8147896139685856e-13,0.0,0.0,0.0,0.0,,,0.0,400.0,63.93540346775417,0.0,0.0
optimal@30s+aware,5,400,3078,2623,0.8521767381416504,0.1478232618583495,0.0773229369720597,0.0705003248862898,0.0,298.86249874415256,282.3479717520113,495.0526810990252,278.1315523142968,1049.2,38.50285932138773,260.3596394227649,0.0676628786170797,0.1493860553640058,0.7829510660189144,365,22.16986301369863,0.106770684974996,0.1698119996945024,0.0514603616133518,72.67035006193764,0.0051172602822437,0.4356164383561643,3078,0.0,0.8521767381416504,0.0,0.0,1.0,25487.89594493241,0.0,-1.4625654015290702e-14,2.826862309279576e-13,0.0,0.0,0.0,0.0,,,0.0,400.0,63.71973986233104,0.0,0.0
optimal@30s+aware,0,450,3078,2790,0.9064327485380116,0.0935672514619883,0.0493827160493827,0.0441845354126055,0.0,250.8488843041532,229.1035083593056,453.20780683235336,243.06828132220028,1116.0,29.406451612903226,221.44243269125,0.1381314164255869,0.125626816288105,0.7362417672863081,364,18.208791208791208,0.1096645604485564,0.1719319999847357,0.0527597402597402,45.525993908780265,0.0045898075826749,0.3324175824175824,3078,0.0,0.9064327485380116,0.0,0.0,1.0,26961.985194377823,0.0,7.0618142954150105e-15,2.7354080768702106e-13,0.0,0.0,0.0,0.0,,,0.0,450.0,59.91552265417294,0.0,0.0
optimal@30s+aware,1,450,3078,2778,0.9025341130604289,0.0974658869395711,0.0441845354126055,0.0532813515269655,0.0,247.31989669680297,230.15161756370435,442.06060619595246,236.63130187177163,1111.2,28.045716342692582,219.2741803541104,0.1335036957372027,0.1239286084780763,0.7425676957847209,363,16.90633608815427,0.1028719007908049,0.1893780000136757,0.0488397193739881,59.762555660620514,0.0069390039230526,0.3608815426997245,3078,0.0,0.9025341130604289,0.0,0.0,1.0,27162.977366811218,0.0,7.506034830561497e-15,2.749027307687184e-13,0.0,0.0,0.0,0.0,,,0.0,450.0,60.36217192624715,0.0,0.0
optimal@30s+aware,2,450,3078,2795,0.9080571799870044,0.0919428200129954,0.0425601039636127,0.0493827160493827,0.0,245.2924013682785,222.33480663515184,439.6416427126218,235.80887580331532,1118.0,27.6783542039356,217.6140471643429,0.1382099536006403,0.123395295863343,0.7383947505360167,366,16.759562841530055,0.1166401639288455,0.1736550003897719,0.044456492274329,51.97948332443077,0.0060688105832433,0.3524590163934426,3078,0.0,0.9080571799870044,0.0,0.0,1.0,27115.6384729749,0.0,-6.984355451373543e-15,2.717702032409867e-13,0.0,0.0,0.0,0.0,,,0.0,450.0,60.25697438438867,0.0,0.0
optimal@30s+aware,3,450,3078,2795,0.9080571799870044,0.0919428200129954,0.0458089668615984,0.046133853151397,0.0,242.41919530030785,216.7208084623408,434.3936549338384,234.0328057142645,1118.0,27.795706618962438,214.6234886813454,0.13433217624884,0.1225660112423174,0.7431018125088426,366,17.174863387978142,0.1200385246178126,0.1630150000437425,0.0541195476575121,52.68909886054527,0.0059633870639219,0.3879781420765027,3078,0.0,0.9080571799870044,0.0,0.0,1.0,27124.82789835136,0.0,-6.577128029246277e-15,2.668089561649337e-13,0.0,0.0,0.0,0.0,,,0.0,450.0,60.27739532966969,0.0,0.0
optimal@30s+aware,4,450,3078,2797,0.9087069525666016,0.0912930474333983,0.0464587394411955,0.0448343079922027,0.0,243.71896044043828,218.69804464595427,443.9461355685397,235.5324562509008,1118.8,28.4022166607079,215.3167437797304,0.139822631006439,0.1225132996124631,0.7376640693810979,365,17.394520547945206,0.1163512328973523,0.1921559997572331,0.0500676589986468,39.401206901929726,0.0043480591639971,0.3589041095890411,3078,0.0,0.9087069525666016,0.0,0.0,1.0,27041.04355746012,0.0,3.020505229956236e-15,2.7316710050757065e-13,0.0,0.0,0.0,0.0,,,0.0,450.0,60.09120790546694,0.0,0.0
optimal@30s+aware,5,450,3078,2796,0.9083820662768032,0.0916179337231968,0.0399610136452241,0.0516569200779727,0.0,255.0697048006976,234.6637689275381,454.2425786759982,243.3113033543469,1118.4,29.11444921316166,225.955255587536,0.1281781135449222,0.1285808532668219,0.7432410331882559,365,16.926027397260274,0.1164920547910709,0.1744880003025173,0.0508474576271186,58.17991799294022,0.0066408771242369,0.3972602739726027,3078,0.0,0.9083820662768032,0.0,0.0,1.0,27195.53046274096,0.0,-6.313023542171115e-15,2.7128942868983185e-13,0.0,0.0,0.0,0.0,,,0.0,450.0,60.43451213942436,0.0,0.0
optimal@30s+aware,0,500,3078,2867,0.9314489928525016,0.0685510071474983,0.027940220922677,0.0406107862248213,0.0,221.70875425459585,199.05264816269937,410.0074549456946,216.1247600583482,1146.8,24.295081967213115,197.41367228738272,0.2058980633918379,0.1064929360343557,0.6876090005738064,371,14.908355795148248,0.1259916442220836,0.2032599999438391,0.0477206078379098,43.72738797794932,0.0066078871120435,0.3099730458221024,3078,0.0,0.9314489928525016,0.0,0.0,1.0,27919.6556407972,0.0,-2.966274282744576e-15,2.693054863326952e-13,0.0,0.0,0.0,0.0,,,0.0,500.0,55.8393112815944,0.0,0.0
optimal@30s+aware,1,500,3078,2844,0.9239766081871345,0.0760233918128654,0.0315139701104613,0.0445094217024041,0.0,226.90444354838192,202.08554004598025,429.39543827767744,220.15053142801747,1137.6,24.924050632911392,201.98039291547053,0.2060445580267287,0.1062341257329813,0.6877213162402899,364,15.414835164835164,0.1194939560229193,0.1876390001416439,0.0521137995214038,40.73867578858253,0.0058531396121709,0.3269230769230769,3078,0.0,0.9239766081871345,0.0,0.0,1.0,27935.05382083468,0.0,-3.1970050922890937e-15,2.6989318734273e-13,0.0,0.0,0.0,0.0,,,0.0,500.0,55.87010764166936,0.0,0.0
optimal@30s+aware,2,500,3078,2877,0.9346978557504874,0.0653021442495126,0.0237166991552956,0.041585445094217,0.0,210.283706361532,185.3899243507576,394.9838692347169,205.01529281939364,1150.8,21.996176572818907,188.28752978871307,0.2088413254057848,0.1031148536119522,0.6880438209822629,371,14.040431266846362,0.1124598382503028,0.193360000048415,0.0475810738968633,32.31195655491412,0.005676084329526,0.2938005390835579,3078,0.0,0.9346978557504874,0.0,0.0,1.0,28023.58452251756,0.0,-7.998853964000779e-16,2.688362026716801e-13,0.0,0.0,0.0,0.0,,,0.0,500.0,56.04716904503512,0.0,0.0
optimal@30s+aware,3,500,3078,2868,0.9317738791423,0.0682261208576998,0.0285899935022742,0.0396361273554256,0.0,211.62988291120263,183.85817953003607,397.0408343279357,206.27102039357368,1147.2,22.693514644351463,188.9363682668512,0.2115985840112328,0.1028193977952771,0.6855820181934901,365,14.616438356164384,0.0997205479706443,0.170144000367145,0.0540683805989928,38.02010157030231,0.0062509147883033,0.3068493150684931,3078,0.0,0.9317738791423,0.0,0.0,1.0,27900.472375701425,0.0,-1.163798640597305e-15,2.648279859780272e-13,0.0,0.0,0.0,0.0,,,0.0,500.0,55.80094475140285,0.0,0.0
optimal@30s+aware,4,500,3078,2863,0.9301494476933072,0.0698505523066926,0.0292397660818713,0.0406107862248213,0.0,213.5928600218101,189.9278753398012,406.30886036741526,208.19702736419327,1145.2,22.28257073000349,191.3102892918066,0.2148514791074249,0.102701339792499,0.6824471811000761,367,14.629427792915532,0.0899828337919606,0.1671759999044297,0.0493333333333333,39.30225934868066,0.0063439946317161,0.3433242506811989,3078,0.0,0.9301494476933072,0.0,0.0,1.0,27704.376526335884,0.0,-3.011058240170945e-15,2.68707321306168e-13,0.0,0.0,0.0,0.0,,,0.0,500.0,55.40875305267176,0.0,0.0
optimal@30s+aware,5,500,3078,2871,0.932748538011696,0.067251461988304,0.030214424951267,0.037037037037037,0.0,224.22851962853863,199.82515382957445,415.5716413614282,218.39931458577763,1148.4,23.320445837687217,200.90807379085143,0.2032268670941265,0.107906541200593,0.6888665917052804,364,14.967032967032967,0.0965796703509952,0.1620610004829359,0.0499065919402188,43.78959388785257,0.0066906219929319,0.3379120879120879,3078,0.0,0.932748538011696,0.0,0.0,1.0,27944.0366987805,0.0,-7.414789398597214e-15,2.741383883704245e-13,0.0,0.0,0.0,0.0,,,0.0,500.0,55.888073397561,0.0,0.0
