arm,seed,drivers.num_drivers,requests,completed,completion_rate,cancel_rate,cancel_no_match_rate,cancel_eta_rate,cancel_late_rate,wait_mean_s,wait_p50_s,wait_p90_s,wait_all_mean_s,completed_per_hour,time_to_match_mean_s,pickup_mean_s,driver_idle_frac,driver_enroute_frac,driver_ontrip_frac,batches,batch_riders_mean,solve_ms_mean,solve_ms_p99,decline_rate,shadow_gap_s_per_batch,shadow_gap_frac,shadow_worse_batches_frac,app_opens,priced_out_rate,served_rate,retried_rate,surged_trip_frac,mean_multiplier_paid,revenue_per_hour,surge_revenue_per_hour,eta_error_mean_s,eta_abs_error_mean_s,eta_late_2min_frac,moves_per_driver_hour,chase_moves_per_hour,reposition_km_per_hour,moves_dispatched_frac,move_planned_mean_s,driver_reposition_frac,drivers_online_mean,earnings_per_online_hour,reserve_logons,reserve_logoffs
immediate_greedy,0,300,3060,1733,0.5663398692810457,0.4336601307189542,0.026797385620915,0.4068627450980392,0.0,484.3929969102497,465.161498841082,787.3753659442656,296.46556468760485,693.2,30.037213941437457,454.3557829688122,0.0140097690400148,0.2298995389764623,0.7560906919835227,3296,12.224514563106796,0.1353072208775129,0.6254199996874392,0.051664447403462,,,,3060,0.0,0.5663398692810457,0.0,0.0,1.0,18261.19713815743,0.0,1.08867201334507e-14,2.732258222966028e-13,0.0,0.0,0.0,0.0,,,0.0,300.0,60.87065712719143,0.0,0.0
immediate_greedy,1,300,3060,1753,0.572875816993464,0.4271241830065359,0.0284313725490196,0.3986928104575163,0.0,480.8838706063919,456.3392349320079,789.724634353596,298.3566033623481,701.2,34.34822480425282,446.53564580213913,0.0152420006995025,0.2267627202798255,0.7579952790206719,3327,12.998196573489633,0.1387577397060125,0.7061620000058607,0.0530949839914621,,,,3060,0.0,0.572875816993464,0.0,0.0,1.0,18306.558926776896,0.0,9.581991028732895e-15,2.8199588826184653e-13,0.0,0.0,0.0,0.0,,,0.0,300.0,61.02186308925632,0.0,0.0
immediate_greedy,2,300,3060,1746,0.5705882352941176,0.4294117647058823,0.026797385620915,0.4026143790849673,0.0,486.6558665217916,474.0885859948098,791.426434393798,300.7451568106443,698.4,32.891040713136405,453.7648258086553,0.0093491575767867,0.2314871610431762,0.759163681380037,3269,12.782502294279595,0.1357624655807432,0.6284759999471138,0.0483569329414907,,,,3060,0.0,0.5705882352941176,0.0,0.0,1.0,18305.99551547809,0.0,3.0725072479889784e-16,2.69796657968611e-13,0.0,0.0,0.0,0.0,,,0.0,300.0,61.01998505159364,0.0,0.0
immediate_greedy,3,300,3060,1769,0.5781045751633986,0.4218954248366013,0.0196078431372549,0.4022875816993464,0.0,476.6037808033271,462.469026407648,765.0749299515682,295.0590112491675,707.6,28.61757007950947,447.9862107238177,0.0104625248585175,0.2316319437972454,0.757905531344237,3249,11.211757463835026,0.1229846106472329,0.4741240004659628,0.0455514118273841,,,,3060,0.0,0.5781045751633986,0.0,0.0,1.0,18307.834977177827,0.0,-2.9421851551400416e-15,2.771217085339993e-13,0.0,0.0,0.0,0.0,,,0.0,300.0,61.02611659059276,0.0,0.0
immediate_greedy,4,300,3060,1778,0.581045751633987,0.4189542483660131,0.015359477124183,0.4035947712418301,0.0,454.78111952840135,422.3711599061139,765.8608528739823,280.73375452219614,711.2,22.937416657549058,431.8437028708523,0.0122806948250998,0.2234805816683933,0.7642387235065068,3282,9.290371724558195,0.1061615783019045,0.547132999790847,0.0501981505944517,,,,3060,0.0,0.581045751633987,0.0,0.0,1.0,18313.916884478946,0.0,1.5975222644550062e-14,2.8113394626895054e-13,0.0,0.0,0.0,0.0,,,0.0,300.0,61.04638961492982,0.0,0.0
immediate_greedy,5,300,3060,1769,0.5781045751633986,0.4218954248366013,0.0215686274509803,0.4003267973856209,0.0,461.7429757877341,435.94043821916966,754.5604023330183,282.72729947163776,707.6,23.013883988061885,438.7290917996722,0.0198654049541139,0.2246537097612589,0.755480885284627,3312,9.392512077294686,0.1084821557928836,0.5109580006592293,0.0468708388814913,,,,3060,0.0,0.5781045751633986,0.0,0.0,1.0,18256.18114776689,0.0,-8.635263222398222e-15,2.694685125749891e-13,0.0,0.0,0.0,0.0,,,0.0,300.0,60.85393715922296,0.0,0.0
immediate_greedy,0,350,3060,2076,0.6784313725490196,0.3215686274509804,0.0081699346405228,0.3133986928104575,0.0,388.67420184642094,362.28446910356206,667.714865401987,271.9060386488068,830.4,10.13626857199176,378.5379332744292,0.0289514449614103,0.1977445245512941,0.7733040304872956,3446,5.429773650609402,0.0777273360338177,0.3587300002436682,0.0557872784150156,,,,3060,0.0,0.6784313725490196,0.0,0.0,1.0,21786.445084755225,0.0,3.1197480907771256e-15,2.617045950532595e-13,0.0,0.0,0.0,0.0,,,0.0,350.0,62.246985956443496,0.0,0.0
immediate_greedy,1,350,3060,2102,0.6869281045751634,0.3130718954248366,0.0094771241830065,0.30359477124183,0.0,387.5243965525714,354.61511485329675,678.1744839083397,275.8573417726777,840.8,12.087717855917465,375.4366786966539,0.0274147053790587,0.1990236880768121,0.7735616065441292,3552,6.234797297297297,0.0883992680205214,0.3652489999694808,0.0574262594622813,,,,3060,0.0,0.6869281045751634,0.0,0.0,1.0,21845.530419627747,0.0,4.2794819384980336e-15,2.723758421472007e-13,0.0,0.0,0.0,0.0,,,0.0,350.0,62.415801198936414,0.0,0.0
immediate_greedy,2,350,3060,2092,0.6836601307189543,0.3163398692810457,0.0049019607843137,0.311437908496732,0.0,379.98453901612345,350.4092376498047,653.2916722505795,264.6263180341182,836.8,6.48650299829441,373.49803601782907,0.0222167125872309,0.19858795456877,0.7791953328439991,3406,3.846741045214328,0.0677313857984099,0.2272899999752553,0.0492275464781356,,,,3060,0.0,0.6836601307189543,0.0,0.0,1.0,21622.225556261703,0.0,6.661338147750939e-15,2.687402032372388e-13,0.0,0.0,0.0,0.0,,,0.0,350.0,61.77778730360487,0.0,0.0
immediate_greedy,3,350,3060,2132,0.6967320261437908,0.3032679738562091,0.0042483660130718,0.2990196078431372,0.0,372.7898488636334,341.0514342179408,648.0471399361953,265.82703426062733,852.8,8.216227043775739,364.5736218198577,0.0261926702171164,0.1992769051406841,0.7745304246421995,3433,4.732595397611418,0.0778633265351427,0.2973999999085208,0.0476939203354297,,,,3060,0.0,0.6967320261437908,0.0,0.0,1.0,21946.11488418359,0.0,1.4776589374654524e-14,2.7215503146914453e-13,0.0,0.0,0.0,0.0,,,0.0,350.0,62.70318538338169,0.0,0.0
immediate_greedy,4,350,3060,2101,0.6866013071895425,0.3133986928104575,0.0049019607843137,0.3084967320261438,0.0,382.0670485968938,357.71474535566176,651.874201708617,268.02502300334123,840.4,7.472483020691301,374.5945655762025,0.0248680634482103,0.1973431268381733,0.7777888097136164,3434,4.17909143855562,0.0715006115275336,0.2293050006846898,0.0524530271398747,,,,3060,0.0,0.6866013071895425,0.0,0.0,1.0,21676.503696956344,0.0,-8.691550837236827e-16,2.7017871783502453e-13,0.0,0.0,0.0,0.0,,,0.0,350.0,61.93286770558956,0.0,0.0
immediate_greedy,5,350,3060,2103,0.6872549019607843,0.3127450980392157,0.0029411764705882,0.3098039215686274,0.0,385.7899516362591,362.62119934321936,657.4578125743792,270.00056326207306,841.2,7.551139898056685,378.2388117382024,0.0280411479762493,0.1994745642855048,0.7724842877382458,3396,4.086277974087161,0.0714596878683588,0.2792599995700586,0.0501436406372421,,,,3060,0.0,0.6872549019607843,0.0,0.0,1.0,21774.200731252837,0.0,-6.093503680187069e-15,2.651898883295607e-13,0.0,0.0,0.0,0.0,,,0.0,350.0,62.21200208929381,0.0,0.0
immediate_greedy,0,400,3060,2372,0.7751633986928105,0.2248366013071895,0.0026143790849673,0.2222222222222222,0.0,327.66731214080323,296.3423033370541,592.589283967648,257.0939171910383,948.8,4.586044135791683,323.0812680050116,0.0627249000520332,0.1728942067416259,0.7643808932063407,3521,3.010224368077251,0.0586224368057637,0.2002999997785084,0.0591884207805634,,,,3060,0.0,0.7751633986928105,0.0,0.0,1.0,24781.58153018136,0.0,-9.799169158327267e-15,2.636369668573461e-13,0.0,0.0,0.0,0.0,,,0.0,400.0,61.9539538254534,0.0,0.0
immediate_greedy,1,400,3060,2407,0.7866013071895425,0.2133986928104575,0.0045751633986928,0.2088235294117647,0.0,302.9540509865279,267.7512925617102,565.6675915450174,241.6644107526455,962.8,3.385367528511196,299.56868345801666,0.0617121355283625,0.1630017314475936,0.7752861330240437,3723,2.999194198227236,0.060887778670248,0.1759340003627584,0.0529473135106937,,,,3060,0.0,0.7866013071895425,0.0,0.0,1.0,25012.852439275932,0.0,2.9933125636092296e-15,2.6909407629282695e-13,0.0,0.0,0.0,0.0,,,0.0,400.0,62.53213109818984,0.0,0.0
immediate_greedy,2,400,3060,2424,0.792156862745098,0.2078431372549019,0.0022875816993464,0.2055555555555555,0.0,310.0553285124455,282.5835460862881,555.6842364757878,247.47836578473803,969.6,2.300565551399176,307.7547629610464,0.0525287844789199,0.1685416725205389,0.7789295430005412,3484,2.3705510907003444,0.052735218139946,0.1389679999647342,0.0493730407523511,,,,3060,0.0,0.792156862745098,0.0,0.0,1.0,25154.22691693342,0.0,-9.177110849756328e-15,2.670060725506761e-13,0.0,0.0,0.0,0.0,,,0.0,400.0,62.88556729233356,0.0,0.0
immediate_greedy,3,400,3060,2422,0.7915032679738562,0.2084967320261438,0.0016339869281045,0.2068627450980392,0.0,305.9245426745798,276.3358016179691,538.7118614429128,243.5076602097957,968.8,1.8394562281034297,304.08508644647634,0.0605608938422804,0.1664401931456729,0.7729989130120467,3553,2.067830002814523,0.0506679988655464,0.1204159999542753,0.0513154467309195,,,,3060,0.0,0.7915032679738562,0.0,0.0,1.0,25010.67603113554,0.0,3.4760707020385988e-15,2.674506180335572e-13,0.0,0.0,0.0,0.0,,,0.0,400.0,62.52669007783884,0.0,0.0
immediate_greedy,4,400,3060,2428,0.7934640522875817,0.2065359477124183,0.0009803921568627,0.2055555555555555,0.0,307.4340571621599,279.0333005496386,538.6093992658919,245.6341811847112,971.2,1.8726959247026869,305.5613612374572,0.0511493859930942,0.1679152077546493,0.7809354062522563,3545,2.1170662905500706,0.0496078138224904,0.1163239996822085,0.0527683909539901,,,,3060,0.0,0.7934640522875817,0.0,0.0,1.0,25070.950284645303,0.0,-1.232987718880248e-14,2.67722874804749e-13,0.0,0.0,0.0,0.0,,,0.0,400.0,62.67737571161326,0.0,0.0
immediate_greedy,5,400,3060,2398,0.7836601307189542,0.2163398692810457,0.0009803921568627,0.215359477124183,0.0,318.5030781653304,287.63179209477266,569.1950929810604,252.31477881410856,959.2,4.437515926776087,314.0655622385543,0.0565640157686424,0.1681328193158044,0.7753031649155531,3446,2.9489262913522927,0.0579363609894536,0.2646849997290702,0.0512620348685922,,,,3060,0.0,0.7836601307189542,0.0,0.0,1.0,24918.64321174457,0.0,1.3867139296735902e-15,2.6517348228264655e-13,0.0,0.0,0.0,0.0,,,0.0,400.0,62.29660802936142,0.0,0.0
immediate_greedy,0,450,3060,2624,0.857516339869281,0.1424836601307189,0.0003267973856209,0.142156862745098,0.0,263.557406639627,230.89389366177147,505.09302245000896,226.84226737009436,1049.6,1.5335865834485245,262.0238200561785,0.1133929998102744,0.1409033289773522,0.7457036712123734,3437,1.7855688100087286,0.0463468431768949,0.1103999999395455,0.0532052945756553,,,,3060,0.0,0.857516339869281,0.0,0.0,1.0,27375.953321738103,0.0,-2.739678402840249e-15,2.698776161896437e-13,0.0,0.0,0.0,0.0,,,0.0,450.0,60.83545182608468,0.0,0.0
immediate_greedy,1,450,3060,2628,0.8588235294117647,0.1411764705882353,0.0003267973856209,0.1408496732026143,0.0,253.04467229778487,214.420258727494,486.966833964413,218.26123699634812,1051.2,0.9742664262031812,252.07040587158167,0.1121120939806401,0.1367678909930381,0.7511200150263218,3525,1.782695035460993,0.0463922553207991,0.1121320002130231,0.0497914494264859,,,,3060,0.0,0.8588235294117647,0.0,0.0,1.0,27487.258403940505,0.0,6.034408555458804e-15,2.689730731394381e-13,0.0,0.0,0.0,0.0,,,0.0,450.0,61.08279645320112,0.0,0.0
immediate_greedy,2,450,3060,2644,0.8640522875816994,0.1359477124183006,0.0009803921568627,0.1349673202614379,0.0,256.13381575887524,221.62711312906092,486.51549456598826,222.2032935821767,1057.6,1.026081350146947,255.1077344087283,0.1076338429523597,0.1384576373665512,0.753908519681089,3543,1.7530341518487158,0.0455170194793269,0.1098320001983665,0.0460732984293193,,,,3060,0.0,0.8640522875816994,0.0,0.0,1.0,27593.8515537347,0.0,7.599568982176979e-15,2.698963930142382e-13,0.0,0.0,0.0,0.0,,,0.0,450.0,61.319670119410446,0.0,0.0
immediate_greedy,3,450,3060,2643,0.8637254901960785,0.1362745098039215,0.0006535947712418,0.1356209150326797,0.0,255.51231795904576,220.5567886912777,494.073199366464,221.5879873556708,1057.2,0.5442546234866581,254.9680633355591,0.1089545499362197,0.1379441822846722,0.753101267779108,3444,1.565911730545877,0.0444004936041947,0.1099709999925835,0.0505076802915907,,,,3060,0.0,0.8637254901960785,0.0,0.0,1.0,27595.755808545546,0.0,5.848602806076799e-15,2.6361861363285626e-13,0.0,0.0,0.0,0.0,,,0.0,450.0,61.32390179676788,0.0,0.0
immediate_greedy,4,450,3060,2668,0.8718954248366013,0.1281045751633986,0.0006535947712418,0.1274509803921568,0.0,252.13992500635547,224.09770622168844,467.4000442698892,220.48579759817412,1067.2,0.6123833471996752,251.52754165915576,0.1028189044408731,0.1376333268817458,0.759547768677381,3330,1.5237237237237238,0.043543093093891,0.0934259996665787,0.0467851542080501,,,,3060,0.0,0.8718954248366013,0.0,0.0,1.0,27681.515990261614,0.0,-4.529110719647753e-15,2.636361893411013e-13,0.0,0.0,0.0,0.0,,,0.0,450.0,61.51447997835915,0.0,0.0
immediate_greedy,5,450,3060,2637,0.861764705882353,0.138235294117647,0.0,0.138235294117647,0.0,251.09407847239416,215.30193538862292,482.6658802605442,217.2193876870292,1054.8,0.9291060621046732,250.1649724102895,0.1093234183641088,0.135290248278792,0.7553863333570991,3338,1.6381066506890354,0.0444620131907898,0.123033999989275,0.05269989615784,,,,3060,0.0,0.861764705882353,0.0,0.0,1.0,27635.123326338227,0.0,8.796907078395097e-15,2.625794917107995e-13,0.0,0.0,0.0,0.0,,,0.0,450.0,61.4113851696405,0.0,0.0
immediate_greedy,0,500,3060,2792,0.9124183006535947,0.0875816993464052,0.0003267973856209,0.0872549019607843,0.0,218.53774942418295,185.51222354374613,427.0483390914329,199.6776814070232,1116.8,0.6981880637979386,217.8395613603851,0.1770755090538597,0.1148087746841195,0.7081157162620207,3402,1.4344503233392123,0.0442276014080151,0.0901990001511876,0.0585806451612903,,,,3060,0.0,0.9124183006535947,0.0,0.0,1.0,29062.120831544948,0.0,5.041494124429651e-15,2.727140385531961e-13,0.0,0.0,0.0,0.0,,,0.0,500.0,58.1242416630899,0.0,0.0
immediate_greedy,1,500,3060,2810,0.9183006535947712,0.0816993464052287,0.0,0.0816993464052287,0.0,198.2869657671888,166.81062007399123,393.1820859396849,182.2304168399809,1124.0,0.2896328983258523,197.9973328688629,0.1784275723064418,0.1058289675878314,0.7157434601057266,3345,1.3136023916292974,0.042645710014653,0.0835000000733998,0.054201244813278,,,,3060,0.0,0.9183006535947712,0.0,0.0,1.0,29284.19995923345,0.0,8.641565122633958e-16,2.7072057525735133e-13,0.0,0.0,0.0,0.0,,,0.0,500.0,58.5683999184669,0.0,0.0
immediate_greedy,2,500,3060,2816,0.9202614379084968,0.0797385620915032,0.0003267973856209,0.0794117647058823,0.0,207.9204948204899,177.61537600116026,408.19871993239167,191.4347445612119,1126.4,0.2033219625349573,207.71717285795492,0.1714110881510735,0.1110165640288921,0.7175723478200342,3304,1.2802663438256658,0.0428450060508442,0.0841939999554596,0.0500130242250586,,,,3060,0.0,0.9202614379084968,0.0,0.0,1.0,29424.073751560405,0.0,-6.2614055354711954e-15,2.7203807388560946e-13,0.0,0.0,0.0,0.0,,,0.0,500.0,58.84814750312081,0.0,0.0
immediate_greedy,3,500,3060,2810,0.9183006535947712,0.0816993464052287,0.0,0.0816993464052287,0.0,209.1334238401272,178.6209983406511,414.9489095834168,192.34602203358224,1124.0,0.1375582574939824,208.99586558263317,0.1717297344511769,0.1111837676820957,0.7170864978667273,3302,1.298001211387038,0.0418227437983209,0.086998999440766,0.0460130718954248,,,,3060,0.0,0.9183006535947712,0.0,0.0,1.0,29251.290719073568,0.0,3.0694308305010376e-15,2.703618270344476e-13,0.0,0.0,0.0,0.0,,,0.0,500.0,58.50258143814714,0.0,0.0
immediate_greedy,4,500,3060,2796,0.9137254901960784,0.0862745098039215,0.0003267973856209,0.0859477124183006,0.0,213.19932852359875,180.1630550784639,417.6291514038767,195.0224318174148,1118.4,0.2371113834149664,212.96221714018375,0.1682320348860705,0.1135770114140962,0.7181909536998331,3248,1.3091133004926108,0.0423909482748425,0.0949589999618182,0.0495049504950495,,,,3060,0.0,0.9137254901960784,0.0,0.0,1.0,29217.372556099544,0.0,3.6638948114525205e-15,2.6844207988261365e-13,0.0,0.0,0.0,0.0,,,0.0,500.0,58.43474511219909,0.0,0.0
immediate_greedy,5,500,3060,2802,0.915686274509804,0.084313725490196,0.0,0.084313725490196,0.0,213.18979456929856,180.9501442817445,429.5812181637331,195.4629293141611,1120.8,0.2518554007322049,212.93793916856637,0.1703074587026245,0.1123391186339475,0.7173534226634279,3283,1.3149558330795004,0.0422241242903616,0.0821360002737492,0.0460130718954248,,,,3060,0.0,0.915686274509804,0.0,0.0,1.0,29351.32668723322,0.0,-7.587554187138436e-15,2.725867751044622e-13,0.0,0.0,0.0,0.0,,,0.0,500.0,58.70265337446644,0.0,0.0
batched_greedy@10s,0,300,3060,1891,0.6179738562091504,0.3820261437908496,0.1666666666666666,0.215359477124183,0.0,414.2054051203976,378.51477928524537,672.0192858886821,312.1221929844405,756.4,71.57694341618192,342.62846170421574,0.0134818008567626,0.1703280680743603,0.816190131068877,1089,30.87144168962351,0.0699798898124105,0.177239999466109,0.0460506251906068,,,,3060,0.0,0.6179738562091504,0.0,0.0,1.0,19572.59872903923,0.0,-1.0718260992890989e-15,2.7530337138015377e-13,0.0,0.0,0.0,0.0,,,0.0,300.0,65.2419957634641,0.0,0.0
batched_greedy@10s,1,300,3060,1905,0.6225490196078431,0.3774509803921568,0.1738562091503268,0.20359477124183,0.0,405.8518047693363,373.6251230220423,651.5643294666166,308.9988214921915,762.0,69.9238845144357,335.9279202549006,0.014266325461963,0.1693653999230331,0.8163682746150037,1093,30.439158279963404,0.0684571820567005,0.1638280007318823,0.0452446906740535,,,,3060,0.0,0.6225490196078431,0.0,0.0,1.0,19590.82421495855,0.0,-3.696314179203461e-15,2.856642889574517e-13,0.0,0.0,0.0,0.0,,,0.0,300.0,65.30274738319517,0.0,0.0
batched_greedy@10s,2,300,3060,1907,0.623202614379085,0.376797385620915,0.1816993464052287,0.1950980392156862,0.0,419.0455436391362,390.0393201932884,670.1136089183583,319.2912953005888,762.8,72.74777136864185,346.2977722704944,0.0094132720372506,0.1742039365053021,0.8163827914574472,1094,30.821755027422306,0.0703436014617188,0.1613069995437399,0.0448638613861386,,,,3060,0.0,0.623202614379085,0.0,0.0,1.0,19669.23078372172,0.0,-1.1544922216846724e-14,2.7353659743956013e-13,0.0,0.0,0.0,0.0,,,0.0,300.0,65.56410261240572,0.0,0.0
batched_greedy@10s,3,300,3060,1902,0.6215686274509804,0.3784313725490196,0.1823529411764705,0.196078431372549,0.0,415.894185939886,388.5052332632636,649.7198014893531,315.6686372645825,760.8,73.89432176656152,341.9998641733245,0.011798670169795,0.1735901756002107,0.8146111542299942,1098,31.06648451730419,0.0707674863250558,0.1837419999719713,0.0488710176306835,,,,3060,0.0,0.6215686274509804,0.0,0.0,1.0,19661.56709346268,0.0,-2.1506806150215022e-14,2.8417600087557873e-13,0.0,0.0,0.0,0.0,,,0.0,300.0,65.53855697820893,0.0,0.0
batched_greedy@10s,4,300,3060,1924,0.6287581699346405,0.3712418300653595,0.1875816993464052,0.1836601307189542,0.0,412.7699780940632,378.6074676150088,652.7974138284393,319.79814667125487,769.6,78.87941787941789,333.8905602146453,0.0104529306461256,0.1668264506850569,0.8227206186688174,1089,32.88429752066116,0.0700390266311509,0.1838240002325616,0.0533621221468229,,,,3060,0.0,0.6287581699346405,0.0,0.0,1.0,19885.42855461317,0.0,-3.803841049027563e-15,2.794235159723529e-13,0.0,0.0,0.0,0.0,,,0.0,300.0,66.28476184871057,0.0,0.0
batched_greedy@10s,5,300,3060,1919,0.6271241830065359,0.372875816993464,0.2166666666666666,0.1562091503267973,0.0,415.2472135952381,384.70063457410106,660.6913056033961,327.4844709491336,767.6,91.51224596143824,323.7349676337999,0.0152090237937909,0.155122673867775,0.8296683023384341,1092,37.02655677655677,0.0734218864487953,0.1874010001938579,0.0516252390057361,,,,3060,0.0,0.6271241830065359,0.0,0.0,1.0,20067.58858933808,0.0,1.6810130382234785e-15,2.813216048857785e-13,0.0,0.0,0.0,0.0,,,0.0,300.0,66.89196196446026,0.0,0.0
batched_greedy@10s,0,350,3060,2159,0.7055555555555556,0.2944444444444444,0.0771241830065359,0.2173202614379085,0.0,374.6662109828629,346.14291294228315,623.9843569433582,291.99920566394906,863.6,36.71931449745252,337.9468964854104,0.026706074437763,0.1758047208163991,0.7974892047458378,1094,17.26599634369287,0.0677650822750794,0.1672430002963662,0.0519733185102834,,,,3060,0.0,0.7055555555555556,0.0,0.0,1.0,22461.080820358657,0.0,-1.3567449875734196e-15,2.713086818661751e-13,0.0,0.0,0.0,0.0,,,0.0,350.0,64.17451662959616,0.0,0.0
batched_greedy@10s,1,350,3060,2179,0.7120915032679739,0.2879084967320261,0.0686274509803921,0.2192810457516339,0.0,366.8101299132062,335.57408730193856,626.1047802919875,284.69497235711367,871.6,34.578705828361635,332.23142408484455,0.0252136721618018,0.1749218244634349,0.7998645033747632,1089,15.874196510560148,0.0694089990761075,0.1702320001277256,0.0538525269262634,,,,3060,0.0,0.7120915032679739,0.0,0.0,1.0,22709.98275319871,0.0,-6.957057947426222e-15,2.7470351728898693e-13,0.0,0.0,0.0,0.0,,,0.0,350.0,64.88566500913917,0.0,0.0
batched_greedy@10s,2,350,3060,2175,0.7107843137254902,0.2892156862745098,0.0470588235294117,0.242156862745098,0.0,362.25352485517885,335.7479499759852,599.6551122976316,275.83537583549736,870.0,26.98528735632184,335.268237498857,0.0258101200755848,0.1792764567018736,0.7949134232225414,1098,12.683970856102004,0.0663708560817085,0.1778090000698282,0.0525033829499323,,,,3060,0.0,0.7107843137254902,0.0,0.0,1.0,22457.616908599543,0.0,-2.454230943631151e-15,2.701458979886254e-13,0.0,0.0,0.0,0.0,,,0.0,350.0,64.16461973885585,0.0,0.0
batched_greedy@10s,3,350,3060,2204,0.7202614379084967,0.2797385620915033,0.0549019607843137,0.2248366013071895,0.0,374.2619002623757,349.48330891407386,617.6001171108754,289.8127632282962,881.6,32.03130671506352,342.2305935473122,0.0260670072221632,0.1838602727809157,0.790072719996921,1093,14.432753888380605,0.0673482159209889,0.1627080001344438,0.0507780507780507,,,,3060,0.0,0.7202614379084967,0.0,0.0,1.0,22434.027002706127,0.0,-9.22835109398043e-16,2.7638226452372713e-13,0.0,0.0,0.0,0.0,,,0.0,350.0,64.09722000773179,0.0,0.0
batched_greedy@10s,4,350,3060,2164,0.7071895424836602,0.2928104575163399,0.046078431372549,0.2467320261437908,0.0,367.4922223475714,338.55000192711395,615.585607188014,278.0603670085799,865.6,26.820702402957487,340.671519944614,0.0214373609786591,0.1792421879260166,0.7993204510953242,1093,12.659652333028362,0.0668967063021757,0.1825880004616915,0.0511640498105035,,,,3060,0.0,0.7071895424836602,0.0,0.0,1.0,22468.538835052303,0.0,-8.074050772800769e-15,2.766486977886656e-13,0.0,0.0,0.0,0.0,,,0.0,350.0,64.1958252430066,0.0,0.0
batched_greedy@10s,5,350,3060,2143,0.7003267973856209,0.2996732026143791,0.0477124183006535,0.2519607843137255,0.0,364.6574027856654,334.18912620495394,616.3731109398597,274.0527310680844,857.2,26.82501166588894,337.83239111977645,0.0314144356799159,0.1756843119092939,0.7929012524107901,1091,12.854262144821265,0.068135472060643,0.1702400000795022,0.0419063270336894,,,,3060,0.0,0.7003267973856209,0.0,0.0,1.0,22220.331750938632,0.0,9.838347796006332e-15,2.7258995599966894e-13,0.0,0.0,0.0,0.0,,,0.0,350.0,63.48666214553894,0.0,0.0
batched_greedy@10s,0,400,3060,2438,0.7967320261437908,0.2032679738562091,0.0261437908496732,0.1771241830065359,0.0,322.7532792073778,295.1348800708185,570.4734731465161,266.83666748679843,975.2,17.06931911402789,305.6839600933499,0.0561680248902574,0.1643068048099649,0.7795251702997776,1086,8.710865561694291,0.0736668508114261,0.1812399999380438,0.0533297957017776,,,,3060,0.0,0.7967320261437908,0.0,0.0,1.0,25427.177889683284,0.0,-1.9279082022366957e-15,2.676499073416599e-13,0.0,0.0,0.0,0.0,,,0.0,400.0,63.56794472420821,0.0,0.0
batched_greedy@10s,1,400,3060,2465,0.8055555555555556,0.1944444444444444,0.0248366013071895,0.1696078431372549,0.0,291.536056241584,260.3296575830045,528.3600176286283,244.63376149466717,986.0,14.220689655172414,277.3153665864116,0.0632719925437282,0.1519550098882402,0.7847729975680316,1086,8.2707182320442,0.0768524861693246,0.1715399992917811,0.0495603517186251,,,,3060,0.0,0.8055555555555556,0.0,0.0,1.0,25499.214986515384,0.0,2.3744810490157506e-15,2.65932509279252e-13,0.0,0.0,0.0,0.0,,,0.0,400.0,63.74803746628846,0.0,0.0
batched_greedy@10s,2,400,3060,2456,0.8026143790849674,0.1973856209150326,0.0251633986928104,0.1722222222222222,0.0,317.16599716743843,286.8194062533016,568.8159999251397,264.5310289682063,982.4,16.77972312703583,300.3862740404026,0.0482528467707478,0.1632462694309769,0.7885008837982752,1072,8.969216417910447,0.0738168843150533,0.1599999995323738,0.0492807671816728,,,,3060,0.0,0.8026143790849674,0.0,0.0,1.0,25539.974514561887,0.0,8.286531070443269e-15,2.6810114027492104e-13,0.0,0.0,0.0,0.0,,,0.0,400.0,63.84993628640472,0.0,0.0
batched_greedy@10s,3,400,3060,2453,0.8016339869281046,0.1983660130718954,0.0111111111111111,0.1872549019607843,0.0,309.7998488052544,279.7922691591375,556.0064490588396,254.20753218414177,981.2,12.094578067672238,297.70527073758217,0.0565094106138458,0.1627352237535224,0.7807553656326317,1090,6.681651376146789,0.074241467901721,0.1648110006590286,0.0502235077570339,,,,3060,0.0,0.8016339869281046,0.0,0.0,1.0,25469.75418345257,0.0,4.060709733769631e-15,2.680332741551056e-13,0.0,0.0,0.0,0.0,,,0.0,400.0,63.67438545863143,0.0,0.0
batched_greedy@10s,4,400,3060,2454,0.8019607843137255,0.1980392156862745,0.0104575163398692,0.1875816993464052,0.0,300.33952447728893,272.7259177001092,533.795669415326,246.17335785624823,981.6,10.703341483292585,289.6361829939964,0.0533425600872329,0.1588327887459864,0.7878246511667807,1075,6.226046511627907,0.0747799069849438,0.1762199999393487,0.0459224069675376,,,,3060,0.0,0.8019607843137255,0.0,0.0,1.0,25515.96619658115,0.0,-1.8690111488718202e-15,2.669471996526908e-13,0.0,0.0,0.0,0.0,,,0.0,400.0,63.78991549145288,0.0,0.0
batched_greedy@10s,5,400,3060,2459,0.8035947712418301,0.1964052287581699,0.0218954248366013,0.1745098039215686,0.0,315.46135036450016,291.34813561499504,542.0117598335065,261.37565076263314,983.6,16.16470109800732,299.2966492664928,0.0542053391381754,0.1615247476348476,0.7842699132269769,1078,8.092764378478664,0.0744754174260503,0.1680959994973819,0.053896961690885,,,,3060,0.0,0.8035947712418301,0.0,0.0,1.0,25433.64001348048,0.0,-3.366698271665257e-15,2.6718855766444575e-13,0.0,0.0,0.0,0.0,,,0.0,400.0,63.58410003370119,0.0,0.0
batched_greedy@10s,0,450,3060,2621,0.8565359477124183,0.1434640522875817,0.007516339869281,0.1359477124183006,0.0,263.07445083883385,234.93537178078805,488.4781998876852,229.52848729433407,1048.4,8.392979778710416,254.68147106012344,0.1179999168861824,0.1360438460738393,0.7459562370399783,1059,5.497639282341832,0.0861277620497001,0.1921840001523378,0.0564663023679417,,,,3060,0.0,0.8565359477124183,0.0,0.0,1.0,27404.67951391449,0.0,4.392433680333088e-15,2.6722208319957593e-13,0.0,0.0,0.0,0.0,,,0.0,450.0,60.89928780869886,0.0,0.0
batched_greedy@10s,1,450,3060,2668,0.8718954248366013,0.1281045751633986,0.0013071895424836,0.126797385620915,0.0,250.02805216064203,216.08854878610416,475.2984656458658,219.7604696211017,1067.2,6.001124437781109,244.02692772286093,0.1085861020326266,0.1336265953042429,0.7577873026631304,1071,4.265172735760971,0.0837180205571313,0.1840899997660015,0.0493343774471417,,,,3060,0.0,0.8718954248366013,0.0,0.0,1.0,27717.088492565275,0.0,2.8170036684791826e-15,2.7155023190914135e-13,0.0,0.0,0.0,0.0,,,0.0,450.0,61.59352998347839,0.0,0.0
batched_greedy@10s,2,450,3060,2655,0.8676470588235294,0.1323529411764706,0.0016339869281045,0.130718954248366,0.0,257.2861215180624,224.3606932296998,488.3101524741727,225.4151300028728,1062.0,6.449717514124294,250.83640400393807,0.1097399861868829,0.1358696600806137,0.7543903537325033,1064,4.524436090225564,0.0829928571464617,0.1898330003314184,0.0485893416927899,,,,3060,0.0,0.8676470588235294,0.0,0.0,1.0,27674.335954463397,0.0,4.307748968165165e-15,2.6981187738098654e-13,0.0,0.0,0.0,0.0,,,0.0,450.0,61.49852434325199,0.0,0.0
batched_greedy@10s,3,450,3060,2658,0.8686274509803922,0.1313725490196078,0.0016339869281045,0.1297385620915032,0.0,256.25347140343337,227.46600733342257,484.2794284601729,224.47800365113133,1063.2,6.633935289691498,249.61953611374184,0.109758413856396,0.1352094110869117,0.7550321750566922,1067,4.430178069353327,0.0828713214543915,0.1878179999766869,0.0505471599791558,,,,3060,0.0,0.8686274509803922,0.0,0.0,1.0,27659.16876218821,0.0,1.9437674444678815e-15,2.75409157898895e-13,0.0,0.0,0.0,0.0,,,0.0,450.0,61.46481947152935,0.0,0.0
batched_greedy@10s,4,450,3060,2661,0.8696078431372549,0.1303921568627451,0.0016339869281045,0.1287581699346405,0.0,258.56063257604205,223.42490344016187,485.9708835489309,226.8020438315566,1064.4,6.354002254791432,252.20663032125063,0.1049936583889303,0.1361064950404482,0.7588998465706214,1065,4.386854460093897,0.0847020657089724,0.1784880001650889,0.0552242675654653,,,,3060,0.0,0.8696078431372549,0.0,0.0,1.0,27633.13391527413,0.0,6.9208491290800815e-15,2.63533985648062e-13,0.0,0.0,0.0,0.0,,,0.0,450.0,61.406964256164734,0.0,0.0
batched_greedy@10s,5,450,3060,2665,0.8709150326797386,0.1290849673202614,0.0068627450980392,0.1222222222222222,0.0,255.0121180380868,220.87638336592863,484.1155445308275,224.9837612077752,1066.0,8.839399624765479,246.1727184133213,0.1082301551158503,0.13300610368183,0.7587637412023196,1067,5.22680412371134,0.083934864092883,0.1790339996114198,0.0465177398160315,,,,3060,0.0,0.8709150326797386,0.0,0.0,1.0,27725.42766568667,0.0,-2.5688852754403618e-15,2.653923776592589e-13,0.0,0.0,0.0,0.0,,,0.0,450.0,61.61206147930371,0.0,0.0
batched_greedy@10s,0,500,3060,2773,0.9062091503267974,0.0937908496732026,0.0006535947712418,0.0931372549019607,0.0,223.8295044673883,189.30803182456475,429.4587906778704,203.75026284530185,1109.2,5.416516408222142,218.4129880591661,0.1760718269673628,0.114464418993912,0.7094637540387252,1059,3.897072710103872,0.0913730878090096,0.1914399996712747,0.0522349272349272,,,,3060,0.0,0.9062091503267974,0.0,0.0,1.0,29062.575773970333,0.0,1.0402545515694434e-14,2.7593938673868484e-13,0.0,0.0,0.0,0.0,,,0.0,500.0,58.12515154794067,0.0,0.0
batched_greedy@10s,1,500,3060,2794,0.9130718954248366,0.0869281045751634,0.0,0.0869281045751634,0.0,211.16779376248385,176.01092764539862,416.8354876024406,193.4581097295359,1117.6,5.084824624194703,206.08296913828917,0.1751556022346325,0.1091365432400685,0.715707854525299,1055,3.7744075829383887,0.0920968720324859,0.1841220001915644,0.0490221642764015,,,,3060,0.0,0.9130718954248366,0.0,0.0,1.0,29230.078191764234,0.0,1.44670722550296e-15,2.757107355593172e-13,0.0,0.0,0.0,0.0,,,0.0,500.0,58.46015638352847,0.0,0.0
batched_greedy@10s,2,500,3060,2816,0.9202614379084968,0.0797385620915032,0.0,0.0797385620915032,0.0,212.31065944884912,182.43038734089805,414.728017021911,195.94340425096703,1126.4,5.058948863636363,207.25171058521275,0.1728425860158126,0.1100613780019662,0.717096035982221,1060,3.758490566037736,0.0934219811301344,0.1949510004396871,0.0524675324675324,,,,3060,0.0,0.9202614379084968,0.0,0.0,1.0,29405.71790091457,0.0,3.2349438784283857e-15,2.7148658952238297e-13,0.0,0.0,0.0,0.0,,,0.0,500.0,58.81143580182913,0.0,0.0
batched_greedy@10s,3,500,3060,2815,0.9199346405228758,0.0800653594771241,0.0,0.0800653594771241,0.0,210.23049215090435,179.39458278789834,411.01717975561286,194.0139984982993,1126.0,4.927886323268206,205.3026058276361,0.1723024254469574,0.1097239900231433,0.7179735845298992,1056,3.707386363636364,0.0942535037970835,0.1851649999480288,0.0452642595499738,,,,3060,0.0,0.9199346405228758,0.0,0.0,1.0,29437.33126187693,0.0,3.7742061301786495e-15,2.7065431009472233e-13,0.0,0.0,0.0,0.0,,,0.0,500.0,58.87466252375387,0.0,0.0
batched_greedy@10s,4,500,3060,2806,0.9169934640522877,0.0830065359477124,0.0003267973856209,0.0826797385620915,0.0,211.4089407950795,182.09615970368893,401.31169640169855,194.56074323850825,1122.4,5.011047754811119,206.3978930402684,0.1724204701418241,0.1098418879095436,0.7177376419486323,1057,3.75685903500473,0.0920706717020301,0.2015319999554777,0.05,,,,3060,0.0,0.9169934640522877,0.0,0.0,1.0,29126.473398671125,0.0,-7.522295133347639e-16,2.716371516727671e-13,0.0,0.0,0.0,0.0,,,0.0,500.0,58.25294679734225,0.0,0.0
batched_greedy@10s,5,500,3060,2812,0.918954248366013,0.0810457516339869,0.0,0.0810457516339869,0.0,215.4324113284416,179.3773838138145,424.2846870340538,198.5205688416921,1124.8,5.284139402560455,210.14827192588115,0.1711505857872655,0.1109808913486413,0.7178685228640931,1059,3.781869688385269,0.092436827174882,0.1967279998825691,0.0477557411273486,,,,3060,0.0,0.918954248366013,0.0,0.0,1.0,29274.027994126584,0.0,3.2820277237211948e-15,2.71563078646698e-13,0.0,0.0,0.0,0.0,,,0.0,500.0,58.54805598825316,0.0,0.0
optimal@10s,0,300,3060,1888,0.6169934640522876,0.3830065359477124,0.1787581699346405,0.2042483660130719,0.0,417.112226385002,391.5515180754378,662.2030170543073,316.9937543875569,755.2,76.1551906779661,340.957035707036,0.0118264055280476,0.1684612693077732,0.819712325164179,1087,32.500459981600734,0.1639334866515944,0.2625979997174,0.0541284403669724,5.835231865122777,0.0002106067856511,0.0791168353265869,3060,0.0,0.6169934640522876,0.0,0.0,1.0,19763.82649043223,0.0,1.0153836340470076e-14,2.7212883547320616e-13,0.0,0.0,0.0,0.0,,,0.0,300.0,65.8794216347741,0.0,0.0
optimal@10s,1,300,3060,1909,0.6238562091503268,0.3761437908496732,0.2071895424836601,0.168954248366013,0.0,407.5603092874891,379.43440789085616,649.9503008473515,318.77046658991225,763.6,78.98952331063384,328.57078597685523,0.015269007217528,0.1640056408659617,0.8207253519165102,1092,34.18589743589744,0.1642903846051269,0.2720160005264913,0.0533291259072262,6.235872329901256,0.000213411181249,0.0595238095238095,3060,0.0,0.6238562091503268,0.0,0.0,1.0,19882.13084026168,0.0,8.769191647201655e-15,2.7912530560566494e-13,0.0,0.0,0.0,0.0,,,0.0,300.0,66.27376946753893,0.0,0.0
optimal@10s,2,300,3060,1896,0.6196078431372549,0.3803921568627451,0.2071895424836601,0.1732026143790849,0.0,423.7319860431589,401.5046389229124,652.2996448767253,327.7072300154489,758.4,81.42457805907173,342.3074079840872,0.0087980674499144,0.1701424476716955,0.8210594848783901,1086,34.29926335174954,0.1656835174740575,0.2725000003010795,0.052880075542965,4.208306029357118,0.0001433786144955,0.0635359116022099,3060,0.0,0.6196078431372549,0.0,0.0,1.0,19575.429841053767,0.0,2.7807104954324595e-15,2.77164133182202e-13,0.0,0.0,0.0,0.0,,,0.0,300.0,65.25143280351256,0.0,0.0
optimal@10s,3,300,3060,1921,0.6277777777777778,0.3722222222222222,0.1797385620915032,0.1924836601307189,0.0,420.01846508911314,389.3888532240617,677.5257165899002,320.2344290524854,768.4,77.16762103071316,342.8508440584,0.0098730082421681,0.1752712280462778,0.814855763711554,1091,31.610449129239232,0.1624720439857544,0.2658900007190814,0.0434377908780639,8.07923078990846,0.0003000001263584,0.0870760769935838,3060,0.0,0.6277777777777778,0.0,0.0,1.0,19699.75147440833,0.0,8.068969172621857e-15,2.7603346180602224e-13,0.0,0.0,0.0,0.0,,,0.0,300.0,65.66583824802778,0.0,0.0
optimal@10s,4,300,3060,1903,0.6218954248366013,0.3781045751633987,0.1816993464052287,0.1964052287581699,0.0,420.5922724415783,389.3786269546527,674.643150103475,320.3000172393601,761.2,76.36836573830793,344.2239067032703,0.0102207484450036,0.1718509381133644,0.8179283134416319,1089,31.85583103764922,0.1667803489424296,0.3729479998946766,0.0507380073800738,6.63608653631391,0.0002444289704346,0.0817263544536271,3060,0.0,0.6218954248366013,0.0,0.0,1.0,19616.299986287544,0.0,-3.976500334127728e-16,2.6782009785585053e-13,0.0,0.0,0.0,0.0,,,0.0,300.0,65.38766662095848,0.0,0.0
optimal@10s,5,300,3060,1899,0.6205882352941177,0.3794117647058823,0.2133986928104575,0.1660130718954248,0.0,422.761056944457,389.5228849396863,668.1044711198349,329.2850131282984,759.6,90.75829383886256,332.0027631055945,0.016255108075737,0.1600732288316858,0.8236716630925773,1089,36.486685032139576,0.1664173553723995,0.2755079997950814,0.0523311132254995,6.199821601451378,0.0001980063868542,0.0688705234159779,3060,0.0,0.6205882352941177,0.0,0.0,1.0,19849.31906441273,0.0,-6.540435503468432e-15,2.784249923822042e-13,0.0,0.0,0.0,0.0,,,0.0,300.0,66.16439688137578,0.0,0.0
optimal@10s,0,350,3060,2163,0.7068627450980393,0.2931372549019608,0.0745098039215686,0.2186274509803921,0.0,381.1244255661933,350.7511635267292,628.346135944728,296.8287302649284,865.2,39.141470180305134,341.98295538588815,0.0256300733479203,0.1768340953819884,0.7975358312700912,1087,17.81140754369825,0.1549938362466059,0.2750879995073783,0.0529085872576177,8.662028240542735,0.0006059880405002,0.0864765409383624,3060,0.0,0.7068627450980393,0.0,0.0,1.0,22470.24444351878,0.0,-6.038627757794749e-15,2.754420721917e-13,0.0,0.0,0.0,0.0,,,0.0,350.0,64.20069841005366,0.0,0.0
optimal@10s,1,350,3060,2194,0.7169934640522876,0.2830065359477124,0.057516339869281,0.2254901960784313,0.0,361.554257726475,332.2154336872504,622.8181805249086,279.77756150252696,877.6,29.313126709206927,332.24113101726806,0.0278432480317476,0.1782162557002138,0.7939404962680385,1092,14.011904761904765,0.1569194139175947,0.2574250002999176,0.0535811919081465,7.402381109739731,0.000683448728586,0.0979853479853479,3060,0.0,0.7169934640522876,0.0,0.0,1.0,22693.32010068535,0.0,-1.456547836864654e-15,2.7483252177647023e-13,0.0,0.0,0.0,0.0,,,0.0,350.0,64.83805743052957,0.0,0.0
optimal@10s,2,350,3060,2162,0.7065359477124183,0.2934640522875817,0.0542483660130719,0.2392156862745098,0.0,379.2171969244289,353.1908041646591,629.1317279487553,288.1887025137869,864.8,26.53191489361702,352.6852820308119,0.0211085106379284,0.1871041300590021,0.7917873593030694,1087,13.219871205151794,0.1575022079307375,0.2747020006245297,0.0473713033953997,8.098019644905449,0.0007957587605966,0.0947562097516099,3060,0.0,0.7065359477124183,0.0,0.0,1.0,22239.14462726016,0.0,3.274182240985198e-15,2.792027067967044e-13,0.0,0.0,0.0,0.0,,,0.0,350.0,63.54041322074332,0.0,0.0
optimal@10s,3,350,3060,2163,0.7068627450980393,0.2931372549019608,0.0663398692810457,0.226797385620915,0.0,376.7977524126149,348.2807853058084,634.9058016139555,290.72443506792,865.2,36.22653721682848,340.5712151957864,0.0253750400748479,0.1792946337606203,0.7953303261645316,1091,16.296975252062328,0.15845847845764,0.31634999995731,0.049958597847088,9.28750869279408,0.0007177053146263,0.0989917506874427,3060,0.0,0.7068627450980393,0.0,0.0,1.0,22400.514469092344,0.0,-2.5117833533544458e-15,2.7601571308505233e-13,0.0,0.0,0.0,0.0,,,0.0,350.0,64.00146991169241,0.0,0.0
optimal@10s,4,350,3060,2128,0.6954248366013072,0.3045751633986928,0.0513071895424836,0.2532679738562091,0.0,379.6406924743818,353.36504052114697,640.9172276509404,284.8766915900759,851.2,28.038533834586467,351.60215863979533,0.0220678812732542,0.1825502941633416,0.7953818245634042,1090,13.595412844036698,0.1554814678907326,0.2730329997029911,0.0513866231647634,11.049519178962615,0.0010493702901484,0.1165137614678899,3060,0.0,0.6954248366013072,0.0,0.0,1.0,22388.42968481681,0.0,-9.712781957162412e-15,2.69425668074833e-13,0.0,0.0,0.0,0.0,,,0.0,350.0,63.966941956619465,0.0,0.0
optimal@10s,5,350,3060,2148,0.7019607843137254,0.2980392156862745,0.0660130718954248,0.2320261437908496,0.0,375.51582025696047,346.7068376989382,624.4973580806019,287.3333749089008,859.2,33.38361266294227,342.1322075940182,0.0290472796506246,0.1772476179302876,0.7937051024190878,1083,15.670360110803324,0.1531718375012358,0.2731239999593527,0.0446725860155382,8.513194431019752,0.0006880635382118,0.1043397968605724,3060,0.0,0.7019607843137254,0.0,0.0,1.0,22276.32096237792,0.0,-5.076841078714217e-15,2.7517735658919644e-13,0.0,0.0,0.0,0.0,,,0.0,350.0,63.64663132107978,0.0,0.0
optimal@10s,0,400,3060,2423,0.7918300653594771,0.2081699346405228,0.0169934640522875,0.1911764705882352,0.0,318.3914655495752,293.1345014443723,569.0642707441907,260.25218955826847,969.2,13.716054477919934,304.6754110716552,0.0607297559367565,0.1638610103551418,0.7754092337081017,1077,7.580315691736304,0.1515609099437305,0.2357359999950858,0.0539331754801368,10.018145639111603,0.002078896147039,0.1012070566388115,3060,0.0,0.7918300653594771,0.0,0.0,1.0,25175.136426323592,0.0,-6.1069139381775015e-16,2.674776986317223e-13,0.0,0.0,0.0,0.0,,,0.0,400.0,62.937841065808975,0.0,0.0
optimal@10s,1,400,3060,2465,0.8055555555555556,0.1944444444444444,0.0241830065359477,0.1702614379084967,0.0,302.59801786805684,274.1325407690929,553.3507114517809,253.3750819870149,986.0,16.425963488843813,286.172054379213,0.0609093796150261,0.1567530517536761,0.7823375686312977,1078,8.784786641929498,0.1527677179945922,0.2401060007741762,0.052561720201752,6.238966661333477,0.0010664244853346,0.0769944341372912,3060,0.0,0.8055555555555556,0.0,0.0,1.0,25467.717464107285,0.0,3.671617889145751e-15,2.706757063246608e-13,0.0,0.0,0.0,0.0,,,0.0,400.0,63.66929366026821,0.0,0.0
optimal@10s,2,400,3060,2449,0.800326797385621,0.1996732026143791,0.0160130718954248,0.1836601307189542,0.0,321.5287027573588,297.229058087014,568.1481665475604,264.5521363283377,979.6,13.360963658636178,308.1677390987226,0.0479719036484623,0.1680052578978588,0.7840228384536789,1094,7.260511882998172,0.1484939670948005,0.2252980003686388,0.0514240506329113,8.138639374803457,0.0017793277307687,0.0959780621572212,3060,0.0,0.800326797385621,0.0,0.0,1.0,25535.539126342068,0.0,3.882743226341176e-15,2.693171669071597e-13,0.0,0.0,0.0,0.0,,,0.0,400.0,63.838847815855175,0.0,0.0
optimal@10s,3,400,3060,2442,0.7980392156862746,0.2019607843137255,0.0094771241830065,0.1924836601307189,0.0,317.3811939806832,290.58899775873306,560.2687613115186,258.53914067761826,976.8,12.457821457821458,304.92337252286177,0.0558822900807595,0.164253754068114,0.7798639558511263,1076,6.657992565055762,0.1515041821480178,0.2164749998883053,0.0489087562450696,8.931100966238779,0.002230475239216,0.1022304832713754,3060,0.0,0.7980392156862746,0.0,0.0,1.0,25301.067495434403,0.0,1.3111724828087434e-14,2.673126075756116e-13,0.0,0.0,0.0,0.0,,,0.0,400.0,63.252668738586,0.0,0.0
optimal@10s,4,400,3060,2460,0.803921568627451,0.196078431372549,0.0173202614379084,0.1787581699346405,0.0,305.85435272777573,284.1869577949783,529.224391675233,253.32370238999664,984.0,13.268292682926829,292.5860600448489,0.051450781500893,0.1594899501861733,0.7890592683129337,1079,7.387395736793327,0.1519369786767198,0.2197319997867453,0.0466843501326259,6.134679011033099,0.0013253778305913,0.0667284522706209,3060,0.0,0.803921568627451,0.0,0.0,1.0,25658.48534638404,0.0,8.620385345024467e-15,2.696726311092434e-13,0.0,0.0,0.0,0.0,,,0.0,400.0,64.1462133659601,0.0,0.0
optimal@10s,5,400,3060,2459,0.8035947712418301,0.1964052287581699,0.0179738562091503,0.1784313725490196,0.0,316.60516886596656,293.6501373493284,541.1475604199624,261.17137490853645,983.6,14.244408296055306,302.36076056991124,0.0518230019961203,0.1629571402519405,0.7852198577519391,1076,7.347583643122676,0.1506325279022477,0.21352499970817,0.0529644268774703,7.56632120837493,0.0016499945025712,0.0966542750929368,3060,0.0,0.8035947712418301,0.0,0.0,1.0,25518.56792122373,0.0,4.695534549044989e-16,2.684617699171676e-13,0.0,0.0,0.0,0.0,,,0.0,400.0,63.79641980305932,0.0,0.0
optimal@10s,0,450,3060,2638,0.8620915032679739,0.1379084967320261,0.0039215686274509,0.1339869281045751,0.0,274.6304013793312,247.20027142391015,511.3113680775025,239.70060075415623,1055.2,8.639120545868082,265.9912808334631,0.1071603405183229,0.1413738363694085,0.7514658231122685,1065,5.186854460093897,0.154957840378118,0.2207720005753799,0.0540962288686606,6.590045619783979,0.0026946828999666,0.0798122065727699,3060,0.0,0.8620915032679739,0.0,0.0,1.0,27581.0393598199,0.0,4.550988513679527e-15,2.635408528589285e-13,0.0,0.0,0.0,0.0,,,0.0,450.0,61.29119857737756,0.0,0.0
optimal@10s,1,450,3060,2654,0.8673202614379085,0.1326797385620915,0.0029411764705882,0.1297385620915032,0.0,262.4653053011808,223.59370663257727,495.5098453442501,229.8123339414361,1061.6,8.441220798794273,254.02408450238653,0.106427990312794,0.1364279418919789,0.7571440677952269,1063,5.014111006585137,0.1524669802287084,0.2116520004346966,0.0491503267973856,6.408983120949683,0.0028542552223054,0.0856067732831608,3060,0.0,0.8673202614379085,0.0,0.0,1.0,27696.963881594955,0.0,3.892724709100172e-15,2.6857257103194463e-13,0.0,0.0,0.0,0.0,,,0.0,450.0,61.54880862576657,0.0,0.0
optimal@10s,2,450,3060,2653,0.8669934640522876,0.1330065359477124,0.00359477124183,0.1294117647058823,0.0,261.51456795160243,229.09552701647956,490.139792288849,229.04343859296583,1061.2,7.091971353185073,254.42259659841736,0.105603341391089,0.1368463280286806,0.7575503305802302,1066,4.706378986866792,0.1555018761936912,0.224050000088027,0.0489144650797802,4.359480591843967,0.0021935871893078,0.0572232645403377,3060,0.0,0.8669934640522876,0.0,0.0,1.0,27797.2793054826,0.0,8.643084154315165e-15,2.701813309244971e-13,0.0,0.0,0.0,0.0,,,0.0,450.0,61.77173178996133,0.0,0.0
optimal@10s,3,450,3060,2659,0.8689542483660131,0.1310457516339869,0.0003267973856209,0.130718954248366,0.0,258.510395512776,227.6424165148992,484.0902416032756,226.02883829290977,1063.6,6.243700639338097,252.26669487343787,0.1069609798473384,0.1376090805653864,0.7554299395872751,1062,4.214689265536723,0.1546462335313757,0.2147170004445797,0.0551670551670551,5.138566465685453,0.0034010009721973,0.0706214689265536,3060,0.0,0.8689542483660131,0.0,0.0,1.0,27750.72781690139,0.0,6.817161853200397e-15,2.720735341505245e-13,0.0,0.0,0.0,0.0,,,0.0,450.0,61.66828403755865,0.0,0.0
optimal@10s,4,450,3060,2663,0.8702614379084967,0.1297385620915032,0.0006535947712418,0.1290849673202614,0.0,253.34706192223055,218.2018379856604,482.7375197195468,221.99216059833915,1065.2,5.821629740893729,247.52543218133687,0.1053750583132857,0.1353785961753999,0.7592463455113143,1065,4.112676056338028,0.1523689201921213,0.2245440002661777,0.0529732537003375,5.236687694715564,0.0037141367509175,0.076056338028169,3060,0.0,0.8702614379084967,0.0,0.0,1.0,27694.273289164383,0.0,-3.3906202833914655e-15,2.651674515629239e-13,0.0,0.0,0.0,0.0,,,0.0,450.0,61.54282953147641,0.0,0.0
optimal@10s,5,450,3060,2679,0.8754901960784314,0.1245098039215686,0.0094771241830065,0.115032679738562,0.0,259.9131493126224,226.27218768591683,482.0133698781454,231.22048956101247,1071.6,9.775289287047404,250.13786002557495,0.1064629866225664,0.1352240381007834,0.7583129752766502,1066,5.691369606003752,0.1540777673527521,0.2187099998536717,0.0458618871903004,4.84843611609277,0.0016982347278881,0.0694183864915572,3060,0.0,0.8754901960784314,0.0,0.0,1.0,27836.897919489315,0.0,1.001065598463803e-14,2.67886745510024e-13,0.0,0.0,0.0,0.0,,,0.0,450.0,61.8597731544207,0.0,0.0
optimal@10s,0,500,3060,2784,0.9098039215686274,0.0901960784313725,0.0003267973856209,0.0898692810457516,0.0,226.1320719481484,192.38485521535176,439.06394433810055,206.5648123548955,1113.6,5.587643678160919,220.54442826998752,0.174766708905811,0.1157683883530157,0.7094649027411731,1059,3.922568460812087,0.1575041548768275,0.2343620003193792,0.0566330488750969,3.678254588898804,0.0033610320052562,0.0547686496694995,3060,0.0,0.9098039215686274,0.0,0.0,1.0,29004.49965855624,0.0,7.651606040979815e-15,2.751572915875731e-13,0.0,0.0,0.0,0.0,,,0.0,500.0,58.00899931711248,0.0,0.0
optimal@10s,1,500,3060,2803,0.9160130718954248,0.0839869281045751,0.0,0.0839869281045751,0.0,208.77808783560533,174.04134714710926,405.9163737434676,191.8607778441836,1121.2,5.068498037816625,203.7095897977887,0.1779070825067133,0.1080166886491971,0.7140762288440895,1054,3.769449715370019,0.1548259013109564,0.2185980004742305,0.0529732537003375,3.689836867102665,0.0041461410520611,0.0493358633776091,3060,0.0,0.9160130718954248,0.0,0.0,1.0,29050.76304785432,0.0,3.022911924345057e-16,2.7519081871946013e-13,0.0,0.0,0.0,0.0,,,0.0,500.0,58.10152609570864,0.0,0.0
optimal@10s,2,500,3060,2820,0.9215686274509804,0.0784313725490196,0.0,0.0784313725490196,0.0,214.2914301013209,184.4931036388193,408.9671148389906,198.11922643324348,1128.0,5.206737588652483,209.08469251266845,0.1702611592038591,0.1110399152280704,0.7186989255680705,1061,3.816211121583412,0.1556858623901665,0.2178800001274801,0.0534509600415153,4.050836805147579,0.0042216251271406,0.0518378887841658,3060,0.0,0.9215686274509804,0.0,0.0,1.0,29474.014107700845,0.0,3.825466342438908e-15,2.681101991325988e-13,0.0,0.0,0.0,0.0,,,0.0,500.0,58.94802821540169,0.0,0.0
optimal@10s,3,500,3060,2827,0.9238562091503268,0.0761437908496732,0.0,0.0761437908496732,0.0,217.62499265257256,186.57289270165893,426.4164259383204,201.70223994405967,1130.8,4.953307392996109,212.6716852595765,0.1683551347302987,0.1134648672532715,0.7181799980164296,1057,3.719016083254494,0.1565549668735695,0.2311720000216156,0.0452642595499738,2.6901583596818224,0.0030269798954646,0.0501419110690633,3060,0.0,0.9238562091503268,0.0,0.0,1.0,29406.753577838597,0.0,1.0543466426146624e-14,2.698161624951279e-13,0.0,0.0,0.0,0.0,,,0.0,500.0,58.81350715567719,0.0,0.0
optimal@10s,4,500,3060,2800,0.915032679738562,0.0849673202614379,0.0003267973856209,0.084640522875817,0.0,215.5447593592565,184.09827123088095,416.0907083005175,197.93127864207855,1120.0,4.946071428571429,210.5986879306851,0.1710049455291442,0.1114189105359183,0.7175761439349374,1058,3.732514177693762,0.1595211720172772,0.224060999998983,0.0485133020344287,4.383554601944084,0.0049027351624748,0.0604914933837429,3060,0.0,0.915032679738562,0.0,0.0,1.0,29197.236957352117,0.0,-4.134787750282547e-15,2.717797415690321e-13,0.0,0.0,0.0,0.0,,,0.0,500.0,58.39447391470423,0.0,0.0
optimal@10s,5,500,3060,2815,0.9199346405228758,0.0800653594771241,0.0,0.0800653594771241,0.0,214.86272762133987,180.98998325213503,418.6124574127192,198.22763995231108,1126.0,5.050799289520426,209.81192833181944,0.1700428584383664,0.1107785606719163,0.7191785808897173,1060,3.7150943396226417,0.1609784905436102,0.2286219997495212,0.043010752688172,2.8760621826782824,0.0032127883611709,0.0415094339622641,3060,0.0,0.9199346405228758,0.0,0.0,1.0,29398.59257206515,0.0,-7.135401407288928e-15,2.700109723335256e-13,0.0,0.0,0.0,0.0,,,0.0,500.0,58.7971851441303,0.0,0.0
batched_greedy@10s+aware,0,300,3060,1980,0.6470588235294118,0.3529411764705882,0.2931372549019608,0.0598039215686274,0.0,391.40966821972216,372.6817663522322,587.991495259859,338.47761956068763,792.0,102.59141414141416,288.81825407830803,0.0135512390968464,0.1360343693245052,0.8504143915786482,1109,45.2497745716862,0.0602514877881607,0.1294759993106709,0.0461592670894996,,,,3060,0.0,0.6470588235294118,0.0,0.0,1.0,20504.19752772105,0.0,-6.795013485665403e-15,2.763383237163568e-13,0.0,0.0,0.0,0.0,,,0.0,300.0,68.34732509240351,0.0,0.0
batched_greedy@10s+aware,1,300,3060,1983,0.6480392156862745,0.3519607843137255,0.2918300653594771,0.0601307189542483,0.0,390.4879834193461,375.60558760878575,586.5022600311823,336.2589567606439,793.2,101.46192637418054,289.02605704516554,0.0174266896834641,0.136779468757955,0.8457938415585808,1108,44.441335740072205,0.0609322202199897,0.133854999785399,0.0514345696291112,,,,3060,0.0,0.6480392156862745,0.0,0.0,1.0,20529.102376088023,0.0,-2.2824796907674418e-15,2.733851694921249e-13,0.0,0.0,0.0,0.0,,,0.0,300.0,68.43034125362674,0.0,0.0
batched_greedy@10s+aware,2,300,3060,1960,0.6405228758169934,0.3594771241830065,0.2980392156862745,0.061437908496732,0.0,397.398366201021,378.158551858792,592.3845408752607,338.75710323364393,784.0,101.53571428571428,295.86265191530674,0.0089531069849549,0.1388785598315927,0.8521683331834522,1098,44.85974499089253,0.05854817847569,0.1282539994099351,0.0513903555086237,,,,3060,0.0,0.6405228758169934,0.0,0.0,1.0,20435.096750036533,0.0,4.658405180876167e-15,2.708291640838256e-13,0.0,0.0,0.0,0.0,,,0.0,300.00000000000006,68.11698916678844,0.0,0.0
batched_greedy@10s+aware,3,300,3060,2008,0.6562091503267974,0.3437908496732026,0.2852941176470588,0.0584967320261437,0.0,395.25550936431233,374.66770004791147,600.652113726141,344.5531313907805,803.2,105.578187250996,289.67732211331634,0.0165165739853841,0.1384903106186276,0.8449931153959883,1113,45.63342318059299,0.0607597484208671,0.1361479995830444,0.0464223385689354,,,,3060,0.0,0.6562091503267974,0.0,0.0,1.0,20426.87133270969,0.0,-6.9338072247107376e-15,2.769966637646054e-13,0.0,0.0,0.0,0.0,,,0.0,300.0,68.08957110903229,0.0,0.0
batched_greedy@10s+aware,4,300,3060,1971,0.6441176470588236,0.3558823529411765,0.2905228758169935,0.065359477124183,0.0,394.1870058326182,375.8064302191933,588.5235142550782,339.9170521738367,788.4,102.9923896499239,291.1946161826943,0.0131614443004154,0.136944603417887,0.8498939522816975,1104,45.52989130434783,0.0595165761024952,0.1324279994059907,0.0493697478991596,,,,3060,0.0,0.6441176470588236,0.0,0.0,1.0,20597.98234221082,0.0,7.498370828924446e-16,2.683984158437899e-13,0.0,0.0,0.0,0.0,,,0.0,300.0,68.65994114070273,0.0,0.0
batched_greedy@10s+aware,5,300,3060,1937,0.6330065359477124,0.3669934640522875,0.311437908496732,0.0555555555555555,0.0,394.76116707561215,370.13307805738987,584.2363655713019,338.3197521920616,774.8,108.4981930820857,286.2629739935265,0.0204275070138168,0.1314004917358138,0.8481720012503693,1121,46.1864406779661,0.0598406779608337,0.1298000001042964,0.0465116279069767,,,,3060,0.0,0.6330065359477124,0.0,0.0,1.0,20337.19434362639,0.0,-9.761250489714128e-15,2.652338281318227e-13,0.0,0.0,0.0,0.0,,,0.0,300.0,67.79064781208797,0.0,0.0
batched_greedy@10s+aware,0,350,3060,2243,0.7330065359477124,0.2669934640522876,0.1810457516339869,0.0859477124183006,0.0,367.4569391634362,353.6771725694871,560.3829346085179,322.85405771837884,897.2,67.07534551939366,300.38159364404254,0.0294814298161593,0.1488531093199283,0.8216654608639122,1104,31.380434782608692,0.0635323369485139,0.1421579995803768,0.0574324324324324,,,,3060,0.0,0.7330065359477124,0.0,0.0,1.0,23231.597445077903,0.0,9.734720583998162e-15,2.713652357263373e-13,0.0,0.0,0.0,0.0,,,0.0,350.0,66.37599270022258,0.0,0.0
batched_greedy@10s+aware,1,350,3060,2268,0.7411764705882353,0.2588235294117647,0.1725490196078431,0.0862745098039215,0.0,355.4533271005144,348.7554930272606,551.754321744855,312.3699556442716,907.2,63.14594356261023,292.3073835379042,0.0255986393569738,0.1483504173080229,0.8260509433350032,1101,29.481380563124432,0.0629039963748935,0.1467000001866836,0.0544342507645259,,,,3060,0.0,0.7411764705882353,0.0,0.0,1.0,23385.76097059045,0.0,1.1896029918532056e-14,2.7866911208539294e-13,0.0,0.0,0.0,0.0,,,0.0,350.0,66.81645991597273,0.0,0.0
batched_greedy@10s+aware,2,350,3060,2272,0.742483660130719,0.257516339869281,0.1686274509803921,0.0888888888888888,0.0,371.3031817440074,358.0199081490628,563.9689127613256,323.8709107408271,908.8,67.82394366197182,303.4792380820356,0.0168372827531801,0.1516740950579681,0.8314886221888517,1111,29.92169216921692,0.0578438343857216,0.1449699996555866,0.0552855407047387,,,,3060,0.0,0.742483660130719,0.0,0.0,1.0,23407.990944008463,0.0,-3.637935023648488e-15,2.694143812581048e-13,0.0,0.0,0.0,0.0,,,0.0,350.0,66.87997412573846,0.0,0.0
batched_greedy@10s+aware,3,350,3060,2317,0.7571895424836601,0.2428104575163398,0.1679738562091503,0.0748366013071895,0.0,369.288649473607,354.4943186811033,568.975906024118,328.87829363495166,926.8,75.51834268450582,293.7703067891012,0.0211026909919767,0.1477825970398239,0.8311147119681992,1105,32.1185520361991,0.0632756561016449,0.1505679995898392,0.0489745944291398,,,,3060,0.0,0.7571895424836601,0.0,0.0,1.0,23786.55416009747,0.0,1.3968589388809913e-15,2.7355588661793743e-13,0.0,0.0,0.0,0.0,,,0.0,350.0,67.9615833145642,0.0,0.0
batched_greedy@10s+aware,4,350,3060,2265,0.7401960784313726,0.2598039215686274,0.1702614379084967,0.0895424836601307,0.0,366.2952832049515,350.4882697561079,564.0024791864279,321.74182265402254,906.0,67.22384105960265,299.07144214534884,0.022390131989578,0.1486603247379571,0.8289495432724648,1106,30.49276672694394,0.0611075045100411,0.1597699994817961,0.0477794793261868,,,,3060,0.0,0.7401960784313726,0.0,0.0,1.0,23557.234303805813,0.0,2.0503785081359893e-14,2.761140837677561e-13,0.0,0.0,0.0,0.0,,,0.0,350.0,67.30638372515946,0.0,0.0
batched_greedy@10s+aware,5,350,3060,2231,0.7290849673202614,0.2709150326797385,0.1937908496732026,0.0771241830065359,0.0,369.0724159625216,355.50639948280786,554.5268535245432,324.79912832398617,892.4,72.67413715822501,296.3982788042966,0.0328621544793714,0.1423190213931189,0.8248188241275097,1101,32.986376021798364,0.0619298819052168,0.1518999997642822,0.0443535703051274,,,,3060,0.0,0.7290849673202614,0.0,0.0,1.0,23220.35290889876,0.0,7.361808757102071e-15,2.6693125522587813e-13,0.0,0.0,0.0,0.0,,,0.0,350.0,66.34386545399644,0.0,0.0
batched_greedy@10s+aware,0,400,3060,2534,0.8281045751633986,0.1718954248366013,0.0967320261437908,0.0751633986928104,0.0,311.9961897119452,301.22679331928293,523.5122458453798,287.9783573877327,1013.6,41.39068666140489,270.60550305054034,0.0547385080437277,0.1405908698513464,0.8046706221049258,1100,20.39909090909091,0.0665947272657583,0.152611000539764,0.0530646992054483,,,,3060,0.0,0.8281045751633986,0.0,0.0,1.0,26135.28991755697,0.0,4.196239952900513e-15,2.6805603251416896e-13,0.0,0.0,0.0,0.0,,,0.0,400.0,65.33822479389242,0.0,0.0
batched_greedy@10s+aware,1,400,3060,2500,0.8169934640522876,0.1830065359477124,0.1019607843137254,0.0810457516339869,0.0,298.93907687145264,279.16077488343353,510.3979354712823,274.36014267499934,1000.0,40.3948,258.5442768714527,0.0681035388175862,0.1332215651306528,0.7986748960517609,1107,19.847335140018068,0.0687263776050286,0.1568340005360369,0.0533371363377067,,,,3060,0.0,0.8169934640522876,0.0,0.0,1.0,26045.79995150624,0.0,-9.028156000567831e-15,2.69331223989866e-13,0.0,0.0,0.0,0.0,,,0.0,400.0,65.1144998787656,0.0,0.0
batched_greedy@10s+aware,2,400,3060,2512,0.8209150326797385,0.1790849673202614,0.0924836601307189,0.0866013071895424,0.0,316.3073918941227,301.9720785125751,522.6913647650654,287.7129887104981,1004.8,42.36066878980892,273.9467231043138,0.0541687100968921,0.1414464354833905,0.8043848544197173,1094,20.09780621572212,0.0662231261473526,0.1592649998838163,0.0487666572157641,,,,3060,0.0,0.8209150326797385,0.0,0.0,1.0,26199.130730649696,0.0,3.438155634221345e-15,2.659861008022177e-13,0.0,0.0,0.0,0.0,,,0.0,400.0,65.49782682662425,0.0,0.0
batched_greedy@10s+aware,3,400,3060,2538,0.8294117647058824,0.1705882352941176,0.0905228758169934,0.0800653594771241,0.0,312.99290489390654,300.20195751073925,515.9687385424824,286.59995901668896,1015.2,42.16666666666666,270.82623822723986,0.0573059052705143,0.1413273104522324,0.8013667842772532,1094,19.85740402193784,0.0660734917693089,0.1544979997470363,0.046821793416572,,,,3060,0.0,0.8294117647058824,0.0,0.0,1.0,26030.605702481927,0.0,-4.773346589720137e-16,2.690025769774512e-13,0.0,0.0,0.0,0.0,,,0.0,400.0,65.07651425620482,0.0,0.0
batched_greedy@10s+aware,4,400,3060,2513,0.8212418300653594,0.1787581699346405,0.0983660130718954,0.0803921568627451,0.0,315.7100841582139,302.4699987683016,523.2242725689532,288.4142803722279,1005.2,41.03461997612416,274.67546418208974,0.0527605807445665,0.1411304522248722,0.8061089670305612,1101,19.98365122615804,0.0649029972785557,0.1616000008652918,0.0530948324815445,,,,3060,0.0,0.8212418300653594,0.0,0.0,1.0,26309.63150131934,0.0,-1.4278713949814986e-16,2.6901238454856883e-13,0.0,0.0,0.0,0.0,,,0.0,400.0,65.77407875329835,0.0,0.0
batched_greedy@10s+aware,5,400,3060,2491,0.8140522875816993,0.1859477124183006,0.0928104575163398,0.0931372549019607,0.0,325.95879347610673,316.4378620251564,528.7917120876737,292.1695106882682,996.4,40.40425531914894,285.5545381569578,0.0537531704029517,0.1472812769412309,0.7989655526558174,1099,19.010919017288444,0.0621955413812383,0.1492659992254629,0.0454933181688939,,,,3060,0.0,0.8140522875816993,0.0,0.0,1.0,25960.39785363149,0.0,-8.07169131480186e-15,2.7111084687275254e-13,0.0,0.0,0.0,0.0,,,0.0,400.0,64.90099463407873,0.0,0.0
batched_greedy@10s+aware,0,450,3060,2711,0.8859477124183006,0.1140522875816993,0.0480392156862745,0.0660130718954248,0.0,266.4337243630004,246.2785852608868,486.9546255927016,251.99394385839304,1084.4,24.3013648100332,242.13235955296724,0.1142562736439454,0.1265314452007645,0.75921228115529,1099,12.961783439490446,0.0725828935268264,0.171799999425275,0.0505847158009246,,,,3060,0.0,0.8859477124183006,0.0,0.0,1.0,28067.211663940583,0.0,-3.0786472187097294e-15,2.644684749897266e-13,0.0,0.0,0.0,0.0,,,0.0,450.0,62.37158147542352,0.0,0.0
batched_greedy@10s+aware,1,450,3060,2731,0.892483660130719,0.107516339869281,0.0441176470588235,0.0633986928104575,0.0,256.83614896542133,231.1140573982957,479.4937066465827,243.314907157382,1092.4,23.22885389967045,233.6072950657509,0.1113027941354753,0.1229213890612541,0.7657758168032704,1096,12.02463503649635,0.0728046532742195,0.1661149998199106,0.0516914749661705,,,,3060,0.0,0.892483660130719,0.0,0.0,1.0,28317.075429509438,0.0,1.0593747287920864e-14,2.718879680166612e-13,0.0,0.0,0.0,0.0,,,0.0,450.0,62.92683428779874,0.0,0.0
batched_greedy@10s+aware,2,450,3060,2723,0.8898692810457516,0.1101307189542483,0.0408496732026143,0.0692810457516339,0.0,263.7899133489452,239.00398365836463,479.0343481946679,247.0377484512453,1089.2,24.435916268821156,239.353997080124,0.1097163193198542,0.1252942583542093,0.7649894223259364,1090,12.014678899082568,0.0713767889815536,0.166141999998217,0.0479544838797073,,,,3060,0.0,0.8898692810457516,0.0,0.0,1.0,28347.395784716336,0.0,2.253879133355808e-15,2.697792207933511e-13,0.0,0.0,0.0,0.0,,,0.0,450.0,62.9942128549252,0.0,0.0
batched_greedy@10s+aware,3,450,3060,2716,0.8875816993464052,0.1124183006535947,0.0418300653594771,0.0705882352941176,0.0,269.68870507398697,253.46663936369717,480.982218816725,252.1974496143689,1086.4,24.727540500736374,244.9611645732506,0.1056022933442802,0.1283209595289525,0.7660767471267673,1098,12.024590163934429,0.0693310564453774,0.1613659995018678,0.0507970818697649,,,,3060,0.0,0.8875816993464052,0.0,0.0,1.0,28315.432721156783,0.0,-2.199189938322291e-15,2.699823673411805e-13,0.0,0.0,0.0,0.0,,,0.0,450.0,62.92318382479285,0.0,0.0
batched_greedy@10s+aware,4,450,3060,2717,0.8879084967320261,0.1120915032679738,0.0375816993464052,0.0745098039215686,0.0,267.0926945918657,246.6764057006867,480.9440928283683,249.31694054862425,1086.8,23.779904306220097,243.31279028564563,0.1015085246105147,0.1278086841346701,0.7706827912548151,1095,11.639269406392694,0.0711262100594467,0.1587039999685655,0.0539018503620273,,,,3060,0.0,0.8879084967320261,0.0,0.0,1.0,28311.83546894255,0.0,-9.640511510996096e-15,2.727034645210964e-13,0.0,0.0,0.0,0.0,,,0.0,450.0,62.915189930983445,0.0,0.0
batched_greedy@10s+aware,5,450,3060,2693,0.8800653594771242,0.1199346405228758,0.0444444444444444,0.0754901960784313,0.0,262.959330897259,242.0844599082129,481.4996122452624,245.58961697322007,1077.2,23.199405867062755,239.7599250301962,0.105461706661688,0.1250731566095955,0.7694651367287164,1090,11.985321100917432,0.0716884403660815,0.1607760004662848,0.0446379967338051,,,,3060,0.0,0.8800653594771242,0.0,0.0,1.0,28206.462281027685,0.0,-1.0184204018537011e-14,2.7042213004084026e-13,0.0,0.0,0.0,0.0,,,0.0,450.0,62.68102729117264,0.0,0.0
batched_greedy@10s+aware,0,500,3060,2825,0.923202614379085,0.076797385620915,0.0186274509803921,0.0581699346405228,0.0,230.3087223277064,201.90300765927168,454.0909367840999,219.37140589828016,1130.0,15.029026548672569,215.2796957790338,0.1781414380575043,0.1097927124136293,0.7120658495288664,1083,8.23730378578024,0.081266574324405,0.1698539997232729,0.052061310782241,,,,3060,0.0,0.923202614379085,0.0,0.0,1.0,29377.7906384537,0.0,2.5629842397859896e-15,2.7258494380065417e-13,0.0,0.0,0.0,0.0,,,0.0,500.0,58.7555812769074,0.0,0.0
batched_greedy@10s+aware,1,500,3060,2833,0.9258169934640524,0.0741830065359477,0.0163398692810457,0.0578431372549019,0.0,217.3181351224459,190.64131979257215,430.6303152973088,206.3232406983312,1133.2,12.33462760324744,204.98350751919847,0.1764065599163276,0.10650865199792,0.7170847880857523,1084,6.990774907749078,0.0792483394620646,0.180914000484336,0.0529783869267264,,,,3060,0.0,0.9258169934640524,0.0,0.0,1.0,29492.525827989542,0.0,-2.55088729681965e-15,2.7291202203959365e-13,0.0,0.0,0.0,0.0,,,0.0,500.0,58.985051655979085,0.0,0.0
batched_greedy@10s+aware,2,500,3060,2846,0.9300653594771242,0.0699346405228758,0.0147058823529411,0.0552287581699346,0.0,220.27669849882287,187.52739366022436,436.7435259649101,210.1519453016197,1138.4,12.840126493323964,207.43657200549896,0.1734792785304047,0.1070941309282707,0.7194265905413246,1086,7.347145488029466,0.0815766114245324,0.1757950001319842,0.0492063492063492,,,,3060,0.0,0.9300653594771242,0.0,0.0,1.0,29698.73434200424,0.0,-2.388969010121033e-15,2.712517491014956e-13,0.0,0.0,0.0,0.0,,,0.0,500.0,59.39746868400849,0.0,0.0
batched_greedy@10s+aware,3,500,3060,2846,0.9300653594771242,0.0699346405228758,0.0137254901960784,0.0562091503267973,0.0,226.36621171496816,196.69073775493464,439.3861709961968,215.4132850842268,1138.4,13.146872803935349,213.2193389110328,0.1700253668373631,0.1098307415686827,0.7201438915939542,1082,7.140480591497227,0.0791882624755372,0.1727319998008171,0.040745672436751,,,,3060,0.0,0.9300653594771242,0.0,0.0,1.0,29667.11442092876,0.0,-2.012601064176426e-15,2.72376483825529e-13,0.0,0.0,0.0,0.0,,,0.0,500.0,59.33422884185752,0.0,0.0
batched_greedy@10s+aware,4,500,3060,2839,0.9277777777777778,0.0722222222222222,0.0137254901960784,0.0584967320261437,0.0,227.54547038219505,201.05335169777845,436.85142336709714,215.4875944275291,1135.6,12.637196195843607,214.90827418635135,0.1647384762648869,0.1111152651072589,0.7241462586278541,1106,6.711573236889692,0.0790896925910136,0.1753749995259568,0.0515925243485127,,,,3060,0.0,0.9277777777777778,0.0,0.0,1.0,29754.625314057845,0.0,-1.1262565378374254e-17,2.72427065447112e-13,0.0,0.0,0.0,0.0,,,0.0,500.0,59.509250628115694,0.0,0.0
batched_greedy@10s+aware,5,500,3060,2838,0.9274509803921568,0.0725490196078431,0.0176470588235294,0.0549019607843137,0.0,222.6992046477864,191.1396020851878,435.6975484644395,212.541356008034,1135.2,14.555320648343905,208.1438839994425,0.1704440329453058,0.1072918924619309,0.7222640745927631,1083,7.7894736842105265,0.0805412742661796,0.1651220001076583,0.0517286883082607,,,,3060,0.0,0.9274509803921568,0.0,0.0,1.0,29695.390116297385,0.0,-1.6380288402785256e-15,2.7265700463988113e-13,0.0,0.0,0.0,0.0,,,0.0,500.0,59.39078023259477,0.0,0.0
optimal@10s+aware,0,300,3060,1976,0.6457516339869281,0.3542483660130719,0.2908496732026144,0.0633986928104575,0.0,388.8159484082139,368.2985252119775,579.054252400601,336.9581660906689,790.4,98.4994939271255,290.3164544810884,0.0153246448077541,0.1376834949779448,0.8469918602143011,1107,44.74254742547426,0.1560999096723976,0.2347079996798131,0.0520069808027923,4.166824272473352,0.0001072012765952,0.031616982836495,3060,0.0,0.6457516339869281,0.0,0.0,1.0,20393.63124116963,0.0,4.963191351380963e-15,2.801888276049751e-13,0.0,0.0,0.0,0.0,,,0.0,300.0,67.97877080389877,0.0,0.0
optimal@10s+aware,1,300,3060,1961,0.6408496732026144,0.3591503267973856,0.3003267973856209,0.0588235294117647,0.0,389.2426506430985,367.643206049308,596.1787246844615,333.8432674500436,784.4,101.91993880673124,287.32271183636726,0.0154817545979267,0.134323976801406,0.8501942686006672,1103,44.83590208522212,0.1570265639204735,0.2521240004352876,0.0512367491166077,2.613667516076569,6.710544255431045e-05,0.0317316409791477,3060,0.0,0.6408496732026144,0.0,0.0,1.0,20488.443496940898,0.0,3.820843013049595e-15,2.751641059037514e-13,0.0,0.0,0.0,0.0,,,0.0,300.0,68.29481165646965,0.0,0.0
optimal@10s+aware,2,300,3060,1954,0.6385620915032679,0.361437908496732,0.296078431372549,0.065359477124183,0.0,397.9445024489506,381.5556172166089,595.3596526296918,340.6412429813164,781.6,103.78607983623336,294.1584226127173,0.0087644180486941,0.1384184582225549,0.8528171237287508,1108,45.5442238267148,0.1573183213090635,0.2418689999467462,0.0512280701754385,4.269354660100122,0.0001077669349558,0.0306859205776173,3060,0.0,0.6385620915032679,0.0,0.0,1.0,20400.317081269925,0.0,-1.2145408072869676e-15,2.740789512779441e-13,0.0,0.0,0.0,0.0,,,0.0,300.0,68.00105693756642,0.0,0.0
optimal@10s+aware,3,300,3060,1988,0.6496732026143791,0.3503267973856209,0.2797385620915033,0.0705882352941176,0.0,401.0342986164152,381.38880333954194,609.3058162722408,343.6053960131329,795.2,106.30331991951712,294.7309786968981,0.0170903397666718,0.1411806442042257,0.8417290160291024,1118,44.91949910554562,0.1579502683311414,0.2411769999162059,0.0474870017331022,3.8221159970738983,9.78786495359e-05,0.0313059033989266,3060,0.0,0.6496732026143791,0.0,0.0,1.0,20459.485030463977,0.0,7.016966931494048e-15,2.7637092257025055e-13,0.0,0.0,0.0,0.0,,,0.0,300.0,68.19828343487991,0.0,0.0
optimal@10s+aware,4,300,3060,1997,0.6526143790849673,0.3473856209150326,0.2781045751633987,0.0692810457516339,0.0,387.1883829160824,368.0863831802362,581.0244204692823,334.45984394101924,798.8,96.07661492238356,291.11176799369883,0.015648455846858,0.1408270708747155,0.8435244732784264,1099,43.5614194722475,0.1527804367467315,0.2239360004750778,0.048999309868875,5.018068544985162,0.0001327603537549,0.0436760691537761,3060,0.0,0.6526143790849673,0.0,0.0,1.0,20332.70785326781,0.0,5.895690100923816e-15,2.773749627023041e-13,0.0,0.0,0.0,0.0,,,0.0,300.0,67.77569284422603,0.0,0.0
optimal@10s+aware,5,300,3060,1971,0.6441176470588236,0.3558823529411765,0.2944444444444444,0.061437908496732,0.0,397.8869960658896,374.3166657464344,606.419204685259,341.1723849331105,788.4,107.93455098934552,289.95244507654405,0.0206836855601991,0.1357510193981469,0.8435652950416538,1103,46.18766999093382,0.1539465095225859,0.2431839999553632,0.0513626834381551,3.4044530243561613,8.475642614379264e-05,0.0335448776065276,3060,0.0,0.6441176470588236,0.0,0.0,1.0,20367.10640778114,0.0,-5.375034089387668e-15,2.7006752435042064e-13,0.0,0.0,0.0,0.0,,,0.0,300.0,67.8903546926038,0.0,0.0
optimal@10s+aware,0,350,3060,2259,0.7382352941176471,0.2617647058823529,0.1830065359477124,0.0787581699346405,0.0,371.5508215002064,360.18178561945524,562.8331653564027,326.8703845583469,903.6,74.05400619743249,297.4968153027739,0.0286861987619366,0.1465107323076749,0.8248030689303884,1103,32.66908431550317,0.1565009066310886,0.2231720006057003,0.054337758567459,4.793756633184546,0.0001722375719546,0.0480507706255666,3060,0.0,0.7382352941176471,0.0,0.0,1.0,23342.481099000077,0.0,-1.4232872418390675e-16,2.758653076766518e-13,0.0,0.0,0.0,0.0,,,0.0,350.0,66.69280314000021,0.0,0.0
optimal@10s+aware,1,350,3060,2269,0.7415032679738562,0.2584967320261438,0.1800653594771241,0.0784313725490196,0.0,358.3690515129984,348.21019720629374,549.8654709175156,317.03357033060325,907.6,68.29484354341119,290.0742079695872,0.0238188470367305,0.1442157420110052,0.8319654109522643,1105,31.07420814479638,0.1555269683313983,0.2243400006409502,0.0510204081632653,4.99165943243377,0.0001893220733404,0.0434389140271493,3060,0.0,0.7415032679738562,0.0,0.0,1.0,23475.043395077704,0.0,1.0275312259642259e-14,2.737491933346171e-13,0.0,0.0,0.0,0.0,,,0.0,350.0,67.07155255736487,0.0,0.0
optimal@10s+aware,2,350,3060,2269,0.7415032679738562,0.2584967320261438,0.1702614379084967,0.088235294117647,0.0,371.4278257395256,362.179159714924,556.3557770020292,324.55445293121784,907.6,67.62009695901278,303.80772878051283,0.0163717459967223,0.1523962904115087,0.8312319635917689,1110,30.0981981981982,0.1541107207231107,0.2487610000753199,0.0530649588289112,5.922100418217188,0.0002318032660998,0.0513513513513513,3060,0.0,0.7415032679738562,0.0,0.0,1.0,23472.012450566035,0.0,-8.841074388429718e-15,2.695952270984524e-13,0.0,0.0,0.0,0.0,,,0.0,350.0,67.06289271590296,0.0,0.0
optimal@10s+aware,3,350,3060,2283,0.746078431372549,0.2539215686274509,0.1774509803921568,0.0764705882352941,0.0,365.0231195232894,354.0422914026404,565.3870459461796,324.2341486616118,913.2,73.28996933858957,291.7331501846998,0.0248789497641915,0.1458892001934132,0.8292318500423952,1102,32.30399274047187,0.1539568058132946,0.2220880004279024,0.0497220506485484,7.4192019956643644,0.0002700377928033,0.0589836660617059,3060,0.0,0.746078431372549,0.0,0.0,1.0,23599.58736167952,0.0,-4.679373645270743e-15,2.722455540802065e-13,0.0,0.0,0.0,0.0,,,0.0,350.0,67.42739246194148,0.0,0.0
optimal@10s+aware,4,350,3060,2252,0.7359477124183007,0.2640522875816993,0.1712418300653594,0.0928104575163398,0.0,365.7306999729809,353.9506625538916,553.090090420739,320.2072365929371,900.8,66.43872113676731,299.2919788362136,0.0225696894171113,0.1488021636578512,0.8286281469250373,1101,30.48773841961853,0.1531156221724377,0.2597000002424465,0.0486834047764849,6.16052837021402,0.0002380426334439,0.0445049954586739,3060,0.0,0.7359477124183007,0.0,0.0,1.0,23422.602068725424,0.0,9.148395481067544e-15,2.7677564207362177e-13,0.0,0.0,0.0,0.0,,,0.0,350.0,66.92172019635835,0.0,0.0
optimal@10s+aware,5,350,3060,2239,0.7316993464052287,0.2683006535947712,0.1790849673202614,0.0892156862745098,0.0,373.2034167482517,362.6025470060649,558.6521629215873,326.18012221806816,895.6,69.51228226887004,303.6911344793817,0.0286811624420418,0.1492707069607458,0.8220481305972123,1100,31.721818181818183,0.1592917272955674,0.2750760004710171,0.0478542760111145,6.787730994634087,0.0002513821851985,0.0609090909090909,3060,0.0,0.7316993464052287,0.0,0.0,1.0,23250.87803117888,0.0,5.474257343395144e-15,2.727259141066871e-13,0.0,0.0,0.0,0.0,,,0.0,350.0,66.43108008908251,0.0,0.0
optimal@10s+aware,0,400,3060,2532,0.8274509803921568,0.1725490196078431,0.0931372549019607,0.0794117647058823,0.0,312.19181702351955,301.45013223352225,519.3890164471695,287.46302497264423,1012.8,41.75513428120063,270.4366827423189,0.0577206265830552,0.1402070886964175,0.8020722847205273,1096,20.4507299270073,0.1548840328536057,0.2459150000504449,0.0494318181818181,6.354478122372318,0.000383399145017,0.0510948905109489,3060,0.0,0.8274509803921568,0.0,0.0,1.0,26219.786912981537,0.0,-2.100478821944846e-15,2.662472664666001e-13,0.0,0.0,0.0,0.0,,,0.0,400.0,65.54946728245385,0.0,0.0
optimal@10s+aware,1,400,3060,2528,0.8261437908496732,0.1738562091503268,0.0915032679738562,0.0823529411764705,0.0,308.44776757514046,296.574589295494,515.6050914573793,282.95318618004586,1011.2,42.03797468354431,266.40979289159617,0.0606347878764369,0.138615454583126,0.8007497575404371,1111,19.714671467146715,0.1551394239511465,0.2593300002445179,0.053122350946595,6.620893576331197,0.0004160531551323,0.0603060306030603,3060,0.0,0.8261437908496732,0.0,0.0,1.0,26232.994951775567,0.0,-1.0032762244049358e-14,2.6170486312496365e-13,0.0,0.0,0.0,0.0,,,0.0,400.0,65.58248737943892,0.0,0.0
optimal@10s+aware,2,400,3060,2532,0.8274509803921568,0.1725490196078431,0.0924836601307189,0.0800653594771241,0.0,319.7584249190026,304.32252941522665,527.4840941048534,292.34131268824115,1012.8,43.36255924170616,276.39586567729646,0.0501512155120536,0.1433655821107347,0.8064832023772116,1104,20.13586956521739,0.1575890398231896,0.2413760000308684,0.0509049773755656,8.143953861190846,0.00049888866369,0.0688405797101449,3060,0.0,0.8274509803921568,0.0,0.0,1.0,26344.6927768857,0.0,-7.167164878085687e-15,2.7003780991181323e-13,0.0,0.0,0.0,0.0,,,0.0,400.0,65.86173194221425,0.0,0.0
optimal@10s+aware,3,400,3060,2528,0.8261437908496732,0.1738562091503268,0.0915032679738562,0.0823529411764705,0.0,318.19102077032494,304.6462540565699,523.7859241806824,291.18981880195685,1011.2,44.79944620253165,273.3915745677932,0.0591452061878821,0.1416497885475286,0.7992050052645892,1092,20.82234432234432,0.1578968864396635,0.2617800001371504,0.049561030869442,8.326155323075843,0.0004923947464838,0.0705128205128205,3060,0.0,0.8261437908496732,0.0,0.0,1.0,26002.217869561384,0.0,-6.127306819450231e-16,2.683493371255051e-13,0.0,0.0,0.0,0.0,,,0.0,400.0,65.00554467390346,0.0,0.0
optimal@10s+aware,4,400,3060,2518,0.822875816993464,0.1771241830065359,0.1006535947712418,0.0764705882352941,0.0,314.6693585929244,300.8544093548396,519.618902753128,290.0122629124224,1007.2,42.630262112787925,272.0390964801365,0.0505309493798372,0.139922280971919,0.8095467696482436,1092,21.062271062271066,0.1560258241818204,0.2771539999503147,0.0547984099943214,7.138141200852062,0.0004168773008326,0.0613553113553113,3060,0.0,0.822875816993464,0.0,0.0,1.0,26255.31727793485,0.0,-1.0126221633340427e-14,2.7182774608579263e-13,0.0,0.0,0.0,0.0,,,0.0,400.0,65.63829319483712,0.0,0.0
optimal@10s+aware,5,400,3060,2509,0.8199346405228758,0.1800653594771241,0.0895424836601307,0.0905228758169934,0.0,330.80940429206805,322.41831639660813,528.7306500560834,297.6778186470534,1003.6,43.70864886408928,287.1007554279788,0.0510338729860204,0.1479597533120164,0.8010063737019631,1103,19.666364460562104,0.1566502266598542,0.2837259998887022,0.048601299802204,7.301789976253272,0.0004582536627787,0.0643699002719855,3060,0.0,0.8199346405228758,0.0,0.0,1.0,26124.58539556884,0.0,-1.2177496069224514e-16,2.697202100300028e-13,0.0,0.0,0.0,0.0,,,0.0,400.0,65.31146348892209,0.0,0.0
optimal@10s+aware,0,450,3060,2688,0.8784313725490196,0.1215686274509803,0.0490196078431372,0.0725490196078431,0.0,269.5987152111168,251.16555602680344,485.3662059894052,252.16004336130885,1075.2,25.535714285714285,244.06300092540252,0.1135127774226229,0.1259455141922942,0.7605417083850828,1095,13.07123287671233,0.1555440182648835,0.2216619995306244,0.0539734201247626,5.325825632279692,0.0005467209198222,0.05662100456621,3060,0.0,0.8784313725490196,0.0,0.0,1.0,28049.518841389705,0.0,9.414096486486707e-15,2.7325925913569365e-13,0.0,0.0,0.0,0.0,,,0.0,450.0,62.33226409197712,0.0,0.0
optimal@10s+aware,1,450,3060,2717,0.8879084967320261,0.1120915032679738,0.0405228758169934,0.0715686274509803,0.0,259.4071466074948,236.931640117522,476.3392442555871,243.88825560902416,1086.8,21.795730585204268,237.6114160222905,0.1120250124861271,0.1244789589109755,0.7634960286028973,1090,11.560550458715596,0.1576116513798639,0.2245290001610552,0.0530711206896551,5.215844801994444,0.0006271559742892,0.0541284403669724,3060,0.0,0.8879084967320261,0.0,0.0,1.0,28295.883196532734,0.0,-5.655313456316587e-15,2.688882527668379e-13,0.0,0.0,0.0,0.0,,,0.0,450.0,62.87974043673941,0.0,0.0
optimal@10s+aware,2,450,3060,2726,0.8908496732026144,0.1091503267973856,0.0444444444444444,0.0647058823529411,0.0,271.0177054914972,248.87119251672647,492.3252272389045,254.71437344110225,1090.4,26.83639031548056,244.1813151760166,0.1037170285109952,0.1270834017435186,0.7691995697454861,1096,12.818430656934307,0.157111313882504,0.2593450007680075,0.0475672737156836,6.935232250472399,0.0007298304084907,0.052919708029197,3060,0.0,0.8908496732026144,0.0,0.0,1.0,28479.021544446263,0.0,1.5844503503307809e-15,2.657331434867225e-13,0.0,0.0,0.0,0.0,,,0.0,450.0,63.286714543213925,0.0,0.0
optimal@10s+aware,3,450,3060,2720,0.8888888888888888,0.1111111111111111,0.0444444444444444,0.0666666666666666,0.0,269.07918485436574,251.45268125266463,483.5544347641445,251.9661270361714,1088.0,25.268014705882354,243.81117014848337,0.1048957439087233,0.1278064834136481,0.7672977726776286,1091,12.225481209899176,0.1539435380419264,0.2420699995127504,0.0483301656258484,7.762975258659747,0.0008666130270801,0.0595783684692942,3060,0.0,0.8888888888888888,0.0,0.0,1.0,28203.396437337884,0.0,-3.2911581956461626e-15,2.690387128764956e-13,0.0,0.0,0.0,0.0,,,0.0,450.0,62.6742143051953,0.0,0.0
optimal@10s+aware,4,450,3060,2720,0.8888888888888888,0.1111111111111111,0.0415032679738562,0.0696078431372549,0.0,265.0031062289697,242.988725190492,479.50194282458233,248.25053305761068,1088.0,26.33933823529412,238.6637679936756,0.1043420835721866,0.1247791294130835,0.7708787870147298,1112,12.236510791366907,0.148732104336965,0.2187569997204265,0.0533117932148626,4.847217427926407,0.0005404289111844,0.0512589928057553,3060,0.0,0.8888888888888888,0.0,0.0,1.0,28307.987001157984,0.0,3.865861878981538e-15,2.720872546876428e-13,0.0,0.0,0.0,0.0,,,0.0,450.0,62.90663778035108,0.0,0.0
optimal@10s+aware,5,450,3060,2729,0.8918300653594772,0.1081699346405228,0.042156862745098,0.0660130718954248,0.0,267.3166995258104,250.73652657330425,481.5793138808047,251.79869032159365,1091.6,23.35617442286552,243.96052510294487,0.099714837343645,0.1286655827801512,0.7716195798762037,1094,11.846435100548446,0.1527922303362016,0.2260409998416431,0.0479155387114239,6.991055024708142,0.0008125583521616,0.063071297989031,3060,0.0,0.8918300653594772,0.0,0.0,1.0,28385.39055723124,0.0,-3.021238647884303e-15,2.65358355377868e-13,0.0,0.0,0.0,0.0,,,0.0,450.0,63.07864568273608,0.0,0.0
optimal@10s+aware,0,500,3060,2826,0.923529411764706,0.0764705882352941,0.0196078431372549,0.0568627450980392,0.0,231.1887238565513,201.96337132932783,454.1642455455785,220.46842347921225,1130.4,13.54281670205237,217.6459071544989,0.174921583501543,0.1106911756599025,0.7143872408385544,1086,7.886740331491713,0.1550488029224686,0.2245900004254512,0.0538542766631467,5.155185274214218,0.0010576399147893,0.0423572744014733,3060,0.0,0.923529411764706,0.0,0.0,1.0,29445.92823639328,0.0,2.861279664879668e-15,2.7717263885493934e-13,0.0,0.0,0.0,0.0,,,0.0,500.0,58.89185647278656,0.0,0.0
optimal@10s+aware,1,500,3060,2836,0.9267973856209152,0.0732026143790849,0.0169934640522875,0.0562091503267973,0.0,219.8947122295196,192.5992340831008,432.4681805572818,209.163174748656,1134.4,13.354372355430185,206.54033987408937,0.1766132096023245,0.1063872410516597,0.7169995493460158,1079,7.359592215013902,0.1540225208715377,0.2311779997035047,0.0537549407114624,3.5790760882227746,0.0008297178709893,0.0342910101946246,3060,0.0,0.9267973856209152,0.0,0.0,1.0,29600.78102538972,0.0,-1.2611757743767294e-15,2.726191001514468e-13,0.0,0.0,0.0,0.0,,,0.0,500.0,59.20156205077944,0.0,0.0
optimal@10s+aware,2,500,3060,2850,0.931372549019608,0.0686274509803921,0.0124183006535947,0.0562091503267973,0.0,220.84664222526104,190.2303452804897,432.6448996726756,210.5359172583045,1140.0,12.217894736842103,208.62874748841887,0.1696461233917947,0.108213660515404,0.7221402160928011,1081,7.098982423681776,0.1563789084295984,0.2444399997330038,0.0506062203479177,7.597092312793803,0.0018504353892187,0.0592044403330249,3060,0.0,0.931372549019608,0.0,0.0,1.0,29799.18717731297,0.0,-1.6080704019833847e-16,2.714566193661308e-13,0.0,0.0,0.0,0.0,,,0.0,500.0,59.598374354625946,0.0,0.0
optimal@10s+aware,3,500,3060,2855,0.9330065359477124,0.0669934640522875,0.0127450980392156,0.0542483660130719,0.0,219.90918371136925,192.72303267941425,422.4412131071237,209.91533255255104,1142.0,12.333800350262695,207.57538336110656,0.1701121850936062,0.1078232028292592,0.7220646120771346,1083,6.892890120036935,0.1577552169741061,0.2231599997503512,0.0510660700184259,4.995565471112753,0.0012776200055432,0.0470914127423822,3060,0.0,0.9330065359477124,0.0,0.0,1.0,29730.05149427267,0.0,2.824749579991992e-15,2.72350657301924e-13,0.0,0.0,0.0,0.0,,,0.0,500.0,59.46010298854534,0.0,0.0
optimal@10s+aware,4,500,3060,2837,0.927124183006536,0.072875816993464,0.015032679738562,0.0578431372549019,0.0,226.2296811889887,197.51939856311583,435.2257456169053,214.61609211688568,1134.8,12.260133944307366,213.9695472446813,0.1634773407309969,0.1109008555050002,0.7256218037640028,1082,6.894639556377079,0.157527911268182,0.2185639999424896,0.0543878087230688,5.08442304333799,0.0012936679336765,0.0508317929759704,3060,0.0,0.927124183006536,0.0,0.0,1.0,29681.13274902352,0.0,-5.272091853278149e-15,2.723649058609638e-13,0.0,0.0,0.0,0.0,,,0.0,500.0,59.36226549804703,0.0,0.0
optimal@10s+aware,5,500,3060,2853,0.9323529411764706,0.0676470588235294,0.0166666666666666,0.0509803921568627,0.0,225.43542804634157,194.11153533331253,441.39148968985216,216.00758953850303,1141.2,14.056081317910971,211.37934672843056,0.1676292356114518,0.1091614663535858,0.7232092980349624,1095,7.54703196347032,0.1569328767077858,0.226865999848087,0.0476694915254237,4.293203024755575,0.0009447005783208,0.0420091324200913,3060,0.0,0.9323529411764706,0.0,0.0,1.0,29626.32502152981,0.0,-2.101991128571765e-15,2.7135111542939353e-13,0.0,0.0,0.0,0.0,,,0.0,500.0,59.25265004305963,0.0,0.0
batched_greedy@30s+aware,0,300,3060,1973,0.6447712418300654,0.3552287581699346,0.3045751633986928,0.0506535947712418,0.0,377.4390951474297,359.49615828975675,579.5979006038967,331.691510936315,789.2,109.06234161175874,268.3767535356709,0.015558356256923,0.1292176891219859,0.855223954621091,370,50.44054054054054,0.1071475675441458,0.2552619998186856,0.0481626828398144,,,,3060,0.0,0.6447712418300654,0.0,0.0,1.0,20566.67134836121,0.0,4.136129407098201e-15,2.707859278923964e-13,0.0,0.0,0.0,0.0,,,0.0,300.0,68.55557116120404,0.0,0.0
batched_greedy@30s+aware,1,300,3060,1974,0.6450980392156863,0.3549019607843137,0.3058823529411765,0.0490196078431372,0.0,373.1290562961698,354.7233112231024,568.3869888226499,328.85680847992296,789.6,102.51266464032422,270.61639165584563,0.019875329631523,0.1314011721913156,0.8487234981771612,370,48.97567567567568,0.1053010810775614,0.2674579998529225,0.0512820512820512,,,,3060,0.0,0.6450980392156863,0.0,0.0,1.0,20454.91532256599,0.0,3.253054698293772e-15,2.638969758691378e-13,0.0,0.0,0.0,0.0,,,0.0,300.0,68.18305107521998,0.0,0.0
batched_greedy@30s+aware,2,300,3060,1972,0.6444444444444445,0.3555555555555555,0.3120915032679738,0.0434640522875817,0.0,385.95691587922016,363.76725549400953,587.9530956936251,337.09243176371376,788.8,108.89300202839756,277.06391385082253,0.012235632420432,0.1330742767448683,0.8546900908346995,370,50.32432432432432,0.1039272972529697,0.2742509998006426,0.0471732084983795,,,,3060,0.0,0.6444444444444445,0.0,0.0,1.0,20567.173671986413,0.0,-2.3366478911786254e-15,2.6996840643100094e-13,0.0,0.0,0.0,0.0,,,0.0,300.0,68.55724557328804,0.0,0.0
batched_greedy@30s+aware,3,300,3060,2000,0.6535947712418301,0.3464052287581699,0.2973856209150327,0.0490196078431372,0.0,380.11132309597554,358.4969313172103,582.4046222506306,336.60982457318937,800.0,108.6775,271.4338230959756,0.0211663042415259,0.1327316006884444,0.8461020950700296,368,50.48369565217392,0.1070475543433926,0.2606750002269106,0.045760908123448,,,,3060,0.0,0.6535947712418301,0.0,0.0,1.0,20416.36310099596,0.0,-6.057376822354856e-16,2.736211257570176e-13,0.0,0.0,0.0,0.0,,,0.0,300.0,68.05454366998651,0.0,0.0
batched_greedy@30s+aware,4,300,3060,1968,0.6431372549019608,0.3568627450980392,0.3124183006535947,0.0444444444444444,0.0,374.73557340711153,352.71982037368434,566.2814058191535,331.049823496143,787.2,106.05081300813008,268.68476039898144,0.0164482438048356,0.1300051785761452,0.8535465776190191,368,50.28532608695652,0.1050010869765015,0.2831850003167346,0.0475333093266114,,,,3060,0.0,0.6431372549019608,0.0,0.0,1.0,20574.736270570727,0.0,3.622215445382726e-15,2.7326740689613133e-13,0.0,0.0,0.0,0.0,,,0.0,300.0,68.58245423523576,0.0,0.0
batched_greedy@30s+aware,5,300,3060,1957,0.6395424836601307,0.3604575163398693,0.3163398692810457,0.0441176470588235,0.0,377.0165779623145,354.3075278651486,571.1161252139157,332.9510086845322,782.8,109.25038323965254,267.766194722662,0.0226790153599334,0.1269852131969399,0.8503357714431266,369,51.235772357723576,0.1082710027151864,0.2598999998008366,0.0527259684361549,,,,3060,0.0,0.6395424836601307,0.0,0.0,1.0,20378.22087697261,0.0,-5.315455110642753e-15,2.714875959311484e-13,0.0,0.0,0.0,0.0,,,0.0,300.0,67.92740292324201,0.0,0.0
batched_greedy@30s+aware,0,350,3060,2269,0.7415032679738562,0.2584967320261438,0.1986928104575163,0.0598039215686274,0.0,357.87688593044146,342.6416815365769,546.7111546336408,323.06894964561184,907.6,82.24988981930366,275.62699611113777,0.0274569132317588,0.138121290757491,0.8344217960107501,366,39.40983606557377,0.1050882513636132,0.262849999489845,0.0519357884796978,,,,3060,0.0,0.7415032679738562,0.0,0.0,1.0,23648.18673265734,0.0,1.4379174116026623e-14,2.703530558426302e-13,0.0,0.0,0.0,0.0,,,0.0,350.0,67.5662478075924,0.0,0.0
batched_greedy@30s+aware,1,350,3060,2258,0.7379084967320262,0.2620915032679738,0.1986928104575163,0.0633986928104575,0.0,341.2441491906838,327.40043270625665,546.8934447976145,309.7528967583825,903.2,72.56244464127546,268.6817045494083,0.031228977522199,0.1369169235298021,0.8318540989479989,370,36.85675675675676,0.1097478378609151,0.2629910000086966,0.0581795433218642,,,,3060,0.0,0.7379084967320262,0.0,0.0,1.0,23584.66591999497,0.0,3.974382087090374e-15,2.6844543712233225e-13,0.0,0.0,0.0,0.0,,,0.0,350.0,67.3847597714142,0.0,0.0
batched_greedy@30s+aware,2,350,3060,2283,0.746078431372549,0.2539215686274509,0.1826797385620915,0.0712418300653594,0.0,356.1517072015194,336.85675808082306,557.8802370365742,318.56364120306506,913.2,77.63600525624179,278.5157019452776,0.0241609106792404,0.1409495015048752,0.8348895878158844,370,36.65405405405406,0.1067989189372432,0.2539969998997549,0.0557266009852216,,,,3060,0.0,0.746078431372549,0.0,0.0,1.0,23568.82210465752,0.0,5.774910408247332e-15,2.783892744498536e-13,0.0,0.0,0.0,0.0,,,0.0,350.0,67.3394917275929,0.0,0.0
batched_greedy@30s+aware,3,350,3060,2305,0.7532679738562091,0.2467320261437908,0.192156862745098,0.0545751633986928,0.0,355.3611176853963,334.54390167150086,550.3517969471468,321.88102104729654,922.0,82.11930585683297,273.24181182856336,0.0267376794613188,0.1382783502699723,0.8349839702687089,368,38.27989130434783,0.1093122282549816,0.2778260006834898,0.0432722678458622,,,,3060,0.0,0.7532679738562091,0.0,0.0,1.0,23771.156530108263,0.0,-4.172319274842931e-15,2.715429231193214e-13,0.0,0.0,0.0,0.0,,,0.0,350.0,67.91759008602362,0.0,0.0
batched_greedy@30s+aware,4,350,3060,2258,0.7379084967320262,0.2620915032679738,0.2009803921568627,0.0611111111111111,0.0,357.64743909081903,338.7521955807897,554.0061483031784,320.9586987404871,903.2,80.64924712134632,276.9981919694727,0.0250845662410545,0.138355917705414,0.8365595160535313,366,38.69672131147541,0.1100101092938803,0.281500000255619,0.0522670025188916,,,,3060,0.0,0.7379084967320262,0.0,0.0,1.0,23568.143155573787,0.0,4.248151874562158e-15,2.722687738094382e-13,0.0,0.0,0.0,0.0,,,0.0,350.0,67.33755187306797,0.0,0.0
batched_greedy@30s+aware,5,350,3060,2266,0.7405228758169935,0.2594771241830065,0.1970588235294117,0.0624183006535947,0.0,353.91138609485967,339.33730376147287,544.3859471381465,317.919715719516,906.4,78.28420123565755,275.62718485920215,0.033708483903127,0.1370966411392936,0.8291948749575794,369,37.76151761517615,0.1064783197656169,0.271164000405406,0.0546875,,,,3060,0.0,0.7405228758169935,0.0,0.0,1.0,23446.834923992126,0.0,-7.816832402506442e-15,2.6708418746224297e-13,0.0,0.0,0.0,0.0,,,0.0,350.0,66.99095692569179,0.0,0.0
batched_greedy@30s+aware,0,400,3060,2548,0.8326797385620915,0.1673202614379084,0.107516339869281,0.0598039215686274,0.0,307.14981084035827,292.57925127349813,512.8031597453617,287.74323435432416,1019.2,53.05298273155416,254.0968281088041,0.0601029610261628,0.1323103490057227,0.8075866899681144,368,27.383152173913043,0.1238853261117148,0.2888070001608865,0.060330108138873,,,,3060,0.0,0.8326797385620915,0.0,0.0,1.0,26326.638970992783,0.0,2.473514154706471e-15,2.732522040489039e-13,0.0,0.0,0.0,0.0,,,0.0,400.0,65.81659742748197,0.0,0.0
batched_greedy@30s+aware,1,400,3060,2510,0.8202614379084967,0.1797385620915032,0.1205882352941176,0.0591503267973856,0.0,301.67417970048643,282.6949283382969,519.7326485292414,282.5840747732721,1004.0,53.2406374501992,248.43354225028725,0.0660827497262276,0.1290412339103915,0.8048760163633807,367,27.99182561307902,0.1260332425006743,0.2764220001699865,0.0478971962616822,,,,3060,0.0,0.8202614379084967,0.0,0.0,1.0,26240.03894217322,0.0,-1.0410088019584854e-14,2.6970227733285305e-13,0.0,0.0,0.0,0.0,,,0.0,400.0,65.60009735543305,0.0,0.0
batched_greedy@30s+aware,2,400,3060,2538,0.8294117647058824,0.1705882352941176,0.1094771241830065,0.0611111111111111,0.0,307.02058042614755,292.76486947350395,510.21109399140295,286.1336614737035,1015.2,52.509456264775416,254.51112416137212,0.0537561385083527,0.1336076204298426,0.8126362410618047,367,27.122615803814718,0.1214923705553852,0.2846380000119097,0.0495820121072355,,,,3060,0.0,0.8294117647058824,0.0,0.0,1.0,26593.17981384388,0.0,-6.4961607584292455e-15,2.677661962222106e-13,0.0,0.0,0.0,0.0,,,0.0,400.0,66.4829495346097,0.0,0.0
batched_greedy@30s+aware,3,400,3060,2534,0.8281045751633986,0.1718954248366013,0.1140522875816993,0.0578431372549019,0.0,309.24397432299975,289.60964653781275,519.1296720076299,290.2878032591984,1013.6,54.43291239147593,254.81106193152385,0.061719809113173,0.1339118013096828,0.8043683895771441,366,28.224043715847,0.1259636612273619,0.2782399996249298,0.0470246734397677,,,,3060,0.0,0.8281045751633986,0.0,0.0,1.0,26173.68547257389,0.0,9.859341265881937e-15,2.7036130065401417e-13,0.0,0.0,0.0,0.0,,,0.0,400.0,65.43421368143473,0.0,0.0
batched_greedy@30s+aware,4,400,3060,2550,0.8333333333333334,0.1666666666666666,0.10359477124183,0.0630718954248366,0.0,316.18956674375744,297.8769970196695,524.318071237979,294.056038654682,1020.0,53.89098039215686,262.2985863516006,0.0480693338512465,0.1385409286180093,0.8133897375307442,369,27.056910569105693,0.1192777778045968,0.3131320002648863,0.0579216354344122,,,,3060,0.0,0.8333333333333334,0.0,0.0,1.0,26582.069978200707,0.0,-5.892976738394674e-15,2.71436032691924e-13,0.0,0.0,0.0,0.0,,,0.0,400.0,66.45517494550177,0.0,0.0
batched_greedy@30s+aware,5,400,3060,2535,0.8284313725490197,0.1715686274509804,0.1016339869281045,0.0699346405228758,0.0,310.8289450573192,299.4987709778461,507.7872153895254,285.8385131073905,1014.0,49.295069033530574,261.5338760237886,0.0590663293221618,0.136298824586438,0.8046348460914,365,25.52054794520548,0.1176887671247902,0.2979200004119776,0.0450243762546601,,,,3060,0.0,0.8284313725490197,0.0,0.0,1.0,26128.964838673102,0.0,-2.0019926982905387e-15,2.657058443527831e-13,0.0,0.0,0.0,0.0,,,0.0,400.0,65.32241209668275,0.0,0.0
batched_greedy@30s+aware,0,450,3060,2706,0.884313725490196,0.1156862745098039,0.0571895424836601,0.0584967320261437,0.0,263.457402081809,246.0733781598756,466.8651572924664,250.60209116200053,1082.4,36.11012564671101,227.347276435098,0.1190078690098806,0.1183198051694758,0.7626723258206435,365,20.172602739726027,0.1451213698451844,0.3157599997575746,0.0489010989010989,,,,3060,0.0,0.884313725490196,0.0,0.0,1.0,28098.73823787309,0.0,-7.11724347848393e-15,2.6583055375904323e-13,0.0,0.0,0.0,0.0,,,0.0,450.0,62.44164052860688,0.0,0.0
batched_greedy@30s+aware,1,450,3060,2729,0.8918300653594772,0.1081699346405228,0.0493464052287581,0.0588235294117647,0.0,255.26019271500047,230.70716846441337,458.5562415270388,243.239942957178,1091.6,33.58849395382924,221.6716987611712,0.11930990107139,0.1178838238097459,0.7628062751188641,367,18.8283378746594,0.1429348774129223,0.295180000230175,0.0501499046061597,,,,3060,0.0,0.8918300653594772,0.0,0.0,1.0,28265.78410718828,0.0,-1.179139030624241e-15,2.695938826603808e-13,0.0,0.0,0.0,0.0,,,0.0,450.0,62.8128535715295,0.0,0.0
batched_greedy@30s+aware,2,450,3060,2725,0.8905228758169934,0.1094771241830065,0.0539215686274509,0.0555555555555555,0.0,264.036862370266,239.80221625750983,482.052603235634,250.72257933404117,1090.0,37.55412844036697,226.48273392989907,0.114192758757322,0.1180832212370969,0.7677240200055812,365,20.087671232876712,0.1416027397245259,0.3341840002030951,0.0456671251719394,,,,3060,0.0,0.8905228758169934,0.0,0.0,1.0,28376.802143343157,0.0,1.7623741406093752e-14,2.735996953969827e-13,0.0,0.0,0.0,0.0,,,0.0,450.0,63.05956031854034,0.0,0.0
batched_greedy@30s+aware,3,450,3060,2729,0.8918300653594772,0.1081699346405228,0.0555555555555555,0.0526143790849673,0.0,269.57626563929574,248.68984297377983,482.401397143307,256.74071170963595,1091.6,38.19274459508978,231.383521044206,0.1084661943591692,0.1220312467809704,0.7695025588598603,365,20.23835616438356,0.1408616438324041,0.3173960000640363,0.0482720789906747,,,,3060,0.0,0.8918300653594772,0.0,0.0,1.0,28452.589674667524,0.0,-9.362162118392746e-15,2.718047276603892e-13,0.0,0.0,0.0,0.0,,,0.0,450.0,63.22797705481672,0.0,0.0
batched_greedy@30s+aware,4,450,3060,2724,0.8901960784313725,0.1098039215686274,0.0565359477124183,0.0532679738562091,0.0,267.8593950758936,248.2541588692127,479.13393950744415,255.73578103281963,1089.6,37.06754772393539,230.79184735195813,0.1065040699842103,0.1203911807300103,0.7731047492857792,364,20.27747252747253,0.1385304944860863,0.3356280005027657,0.0438257993384785,,,,3060,0.0,0.8901960784313725,0.0,0.0,1.0,28492.87016612218,0.0,7.220525368670806e-15,2.6943270587362054e-13,0.0,0.0,0.0,0.0,,,0.0,450.0,63.31748925804929,0.0,0.0
batched_greedy@30s+aware,5,450,3060,2709,0.8852941176470588,0.1147058823529411,0.0549019607843137,0.0598039215686274,0.0,260.9410061904604,237.1185977392088,468.4259912633988,247.6943948065617,1083.6,34.71059431524548,226.2304118752149,0.1074555608314796,0.1203603097439693,0.7721841294245511,367,19.20980926430518,0.1350869209683174,0.3014500000972472,0.0489204700737906,,,,3060,0.0,0.8852941176470588,0.0,0.0,1.0,28228.05223091934,0.0,-2.2337244641627736e-15,2.6578960516441455e-13,0.0,0.0,0.0,0.0,,,0.0,450.0,62.72900495759853,0.0,0.0
batched_greedy@30s+aware,0,500,3060,2833,0.9258169934640524,0.0741830065359477,0.026797385620915,0.0473856209150326,0.0,234.30499715772277,205.701822654426,447.8002402801292,226.2517731839307,1133.2,27.31627250264737,206.98872465507537,0.1806927395417267,0.105953225469768,0.7133540349885051,363,16.07162534435262,0.161685674922946,0.3517960000863238,0.0501600853788687,,,,3060,0.0,0.9258169934640524,0.0,0.0,1.0,29335.5091848298,0.0,8.417786999275809e-16,2.6960086906406845e-13,0.0,0.0,0.0,0.0,,,0.0,500.0,58.67101836965959,0.0,0.0
batched_greedy@30s+aware,1,500,3060,2833,0.9258169934640524,0.0741830065359477,0.0241830065359477,0.05,0.0,223.56948545654936,193.77935763098685,434.9019790520845,215.34560543878948,1133.2,25.864807624426405,197.7046778321229,0.1792818320484161,0.1018628732287283,0.7188552947228555,365,15.219178082191782,0.1607958904284328,0.325519999714743,0.0540970564836913,,,,3060,0.0,0.9258169934640524,0.0,0.0,1.0,29565.49378896595,0.0,1.1303661462156023e-14,2.725528944787866e-13,0.0,0.0,0.0,0.0,,,0.0,500.0,59.1309875779319,0.0,0.0
batched_greedy@30s+aware,2,500,3060,2868,0.9372549019607844,0.0627450980392156,0.0166666666666666,0.046078431372549,0.0,225.7265552093143,196.12354371639597,432.24499079812745,217.4189311603868,1147.2,24.819037656903767,200.90751755241052,0.1727962869532462,0.1046654795058295,0.7225382335409242,363,14.633608815426998,0.1687005509736204,0.3323640000417071,0.048036093418259,,,,3060,0.0,0.9372549019607844,0.0,0.0,1.0,29921.092364691936,0.0,-8.938456669387976e-15,2.775226197926532e-13,0.0,0.0,0.0,0.0,,,0.0,500.0,59.842184729383874,0.0,0.0
batched_greedy@30s+aware,3,500,3060,2851,0.9316993464052288,0.0683006535947712,0.0199346405228758,0.0483660130718954,0.0,226.74802100476867,202.581318421524,430.2838743847433,218.11407747486857,1140.4,25.259207295685723,201.48881370908296,0.1726214002634191,0.1044788803861217,0.722899719350459,363,14.77961432506887,0.166831129470004,0.3249940001842332,0.0450426439232409,,,,3060,0.0,0.9316993464052288,0.0,0.0,1.0,29753.96469289873,0.0,2.418113256300376e-15,2.6889780787459993e-13,0.0,0.0,0.0,0.0,,,0.0,500.0,59.50792938579747,0.0,0.0
batched_greedy@30s+aware,4,500,3060,2854,0.9326797385620916,0.0673202614379085,0.0218954248366013,0.0454248366013071,0.0,234.4354959825613,203.3627976520256,449.2998591507785,226.09100202382515,1141.6,27.48528381219341,206.95021217036796,0.1692092391955949,0.1063891300282085,0.7244016307761965,369,15.32520325203252,0.1608932249041264,0.3379199999108095,0.0551888038024821,,,,3060,0.0,0.9326797385620916,0.0,0.0,1.0,29769.35562035396,0.0,6.1017919674353025e-15,2.715040681571691e-13,0.0,0.0,0.0,0.0,,,0.0,500.0,59.53871124070792,0.0,0.0
batched_greedy@30s+aware,5,500,3060,2846,0.9300653594771242,0.0699346405228758,0.022875816993464,0.0470588235294117,0.0,227.75682776022836,200.94550155204752,435.1491925976925,219.23545883394573,1138.4,26.596626844694303,201.16020091553403,0.1718772196814621,0.1037509447857226,0.7243718355328151,363,15.234159779614323,0.1630537190217446,0.3342379999412515,0.0420348058902275,,,,3060,0.0,0.9300653594771242,0.0,0.0,1.0,29659.67270528974,0.0,-7.246955436776689e-15,2.725707533498661e-13,0.0,0.0,0.0,0.0,,,0.0,500.0,59.31934541057948,0.0,0.0
optimal@30s+aware,0,300,3060,1969,0.6434640522875817,0.3565359477124183,0.3065359477124183,0.05,0.0,381.06054620163394,364.0461574207893,574.0323529141068,334.1899169626773,787.6,105.91924834941597,275.141297852218,0.0161052873956446,0.1333186806729378,0.8505760319314174,369,50.05420054200542,0.2000886179056576,0.2869280006052576,0.0546099290780141,34.86190716954911,0.0008570897232716,0.2655826558265582,3060,0.0,0.6434640522875817,0.0,0.0,1.0,20395.768360910548,0.0,-3.1756099922239116e-15,2.7777204947891293e-13,0.0,0.0,0.0,0.0,,,0.0,300.0,67.98589453636849,0.0,0.0
optimal@30s+aware,1,300,3060,1976,0.6457516339869281,0.3542483660130719,0.3091503267973856,0.0450980392156862,0.0,379.7455996323389,357.1901943812329,581.7463544105594,332.5794679517873,790.4,107.3987854251012,272.3468142072377,0.0169838160054275,0.1309655610221111,0.8520506229724613,370,49.605405405405406,0.2051918919057022,0.2960239994990843,0.0578424414478353,33.13598384876803,0.0008232610188817,0.2513513513513513,3060,0.0,0.6457516339869281,0.0,0.0,1.0,20570.915868892705,0.0,1.40957870656862e-15,2.766657798045653e-13,0.0,0.0,0.0,0.0,,,0.0,300.0,68.56971956297566,0.0,0.0
optimal@30s+aware,2,300,3060,1975,0.6454248366013072,0.3545751633986928,0.3045751633986928,0.05,0.0,383.1308998833519,362.7424549703737,576.3834640064048,334.0168382322399,790.0,108.93367088607594,274.19722899727594,0.0120388451777939,0.1324855031327991,0.8554756516894069,369,50.016260162601625,0.2108254742616862,0.3115680000701104,0.05012442232492,34.09187356195248,0.0008382046674497,0.2574525745257452,3060,0.0,0.6454248366013072,0.0,0.0,1.0,20477.60148832925,0.0,1.6999060387172017e-15,2.6448919004307546e-13,0.0,0.0,0.0,0.0,,,0.0,300.0,68.25867162776416,0.0,0.0
optimal@30s+aware,3,300,3060,2004,0.6549019607843137,0.3450980392156862,0.3052287581699346,0.0398692810457516,0.0,384.5667143068212,365.3515989103753,585.0965678337824,339.5073043027855,801.6,112.48552894211576,272.08118536470533,0.0188067918085728,0.1323841906896419,0.8488090175017853,372,50.53225806451613,0.2032051075236258,0.3112499999679131,0.0441176470588235,36.76364442731144,0.0008938916767692,0.260752688172043,3060,0.0,0.6549019607843137,0.0,0.0,1.0,20500.087022788182,0.0,-4.203335395427139e-15,2.685933090489159e-13,0.0,0.0,0.0,0.0,,,0.0,300.0,68.33362340929393,0.0,0.0
optimal@30s+aware,4,300,3060,1977,0.6460784313725491,0.353921568627451,0.3117647058823529,0.042156862745098,0.0,378.2984228085912,355.9096655631056,576.0434089610978,336.66791106512346,790.8,107.59028831562972,270.7081344929615,0.013798663113273,0.1305410868417572,0.8556602500449697,370,51.02162162162162,0.2057683783695628,0.2830290000747482,0.046796256299496,39.09610083326636,0.0009396496847849,0.2459459459459459,3060,0.0,0.6460784313725491,0.0,0.0,1.0,20715.228303860884,0.0,1.661616946435449e-14,2.732741251856508e-13,0.0,0.0,0.0,0.0,,,0.0,300.0,69.05076101286961,0.0,0.0
optimal@30s+aware,5,300,3060,1966,0.642483660130719,0.357516339869281,0.315359477124183,0.042156862745098,0.0,383.6679952100348,364.7854711207319,577.5435383426834,335.68646708571055,786.4,115.20701932858596,268.4609758814488,0.0224494978988251,0.1257555510416081,0.8517949510595666,370,51.51891891891892,0.2082656756716165,0.2869780000310129,0.0550393137955682,32.161286254919254,0.0007664272234138,0.2108108108108108,3060,0.0,0.642483660130719,0.0,0.0,1.0,20427.46820726107,0.0,8.910697431416719e-15,2.725307263687385e-13,0.0,0.0,0.0,0.0,,,0.0,300.0,68.09156069087024,0.0,0.0
optimal@30s+aware,0,350,3060,2249,0.734967320261438,0.2650326797385621,0.2016339869281045,0.0633986928104575,0.0,361.0035489587591,345.903142957568,547.3489708094414,323.06188959820133,899.6,82.53045798132503,278.4730909774341,0.029399014501122,0.1386016535268604,0.8319993319720175,370,38.9,0.1979286486587355,0.2957290003723756,0.0520668980751025,37.90906438309915,0.0012585711545419,0.2891891891891892,3060,0.0,0.734967320261438,0.0,0.0,1.0,23364.56870426928,0.0,3.76439159474504e-15,2.711214978623966e-13,0.0,0.0,0.0,0.0,,,0.0,350.0,66.75591058362652,0.0,0.0
optimal@30s+aware,1,350,3060,2272,0.742483660130719,0.257516339869281,0.1996732026143791,0.0578431372549019,0.0,347.559325210254,333.667926194082,548.4109681637368,314.48687742938813,908.8,76.18617957746478,271.37314563278915,0.0274044120234236,0.1380524105766941,0.8345431773998822,369,37.2710027100271,0.1972387534236971,0.2702719999069813,0.0487033523086654,41.64331606970028,0.0014582174505465,0.3387533875338753,3060,0.0,0.742483660130719,0.0,0.0,1.0,23794.130246247754,0.0,-2.167280439620376e-15,2.74103118919145e-13,0.0,0.0,0.0,0.0,,,0.0,350.0,67.98322927499358,0.0,0.0
optimal@30s+aware,2,350,3060,2281,0.7454248366013072,0.2545751633986928,0.1875816993464052,0.0669934640522875,0.0,355.5961890031401,343.0215515689488,534.0424280160887,318.2862311890331,912.4,76.56641823761508,279.0297707655251,0.0198968227041311,0.1419871647206629,0.838116012575206,369,36.63143631436314,0.1993157181698618,0.2804959997229161,0.0512900217594031,47.425555547652976,0.0016898817908236,0.3143631436314363,3060,0.0,0.7454248366013072,0.0,0.0,1.0,23726.528351033827,0.0,4.2426970894575026e-15,2.7426451192458584e-13,0.0,0.0,0.0,0.0,,,0.0,350.0,67.7900810029538,0.0,0.0
optimal@30s+aware,3,350,3060,2308,0.7542483660130719,0.2457516339869281,0.1872549019607843,0.0584967320261437,0.0,361.8880906188103,347.2181170061576,550.5942285342285,327.2778159514562,923.2,85.1503466204506,276.7377439983597,0.0271026315256632,0.1400193836459815,0.8328779848283552,373,38.420911528150135,0.1972450402257252,0.2974560000438936,0.0457393483709273,40.39254164158855,0.0013620174924837,0.324396782841823,3060,0.0,0.7542483660130719,0.0,0.0,1.0,23635.456008235356,0.0,1.2145108719989579e-15,2.687055276917036e-13,0.0,0.0,0.0,0.0,,,0.0,350.0,67.52987430924387,0.0,0.0
optimal@30s+aware,4,350,3060,2276,0.7437908496732026,0.2562091503267973,0.1915032679738562,0.0647058823529411,0.0,359.2854398894743,343.26989889992,541.4654705533444,322.81267872152665,910.4,77.83084358523726,281.454596304237,0.0258887606470485,0.1421317357147462,0.8319795036382053,367,37.716621253406,0.1932752043363601,0.2689240000108837,0.0556073314694004,60.48154841116882,0.0020843633387974,0.3732970027247956,3060,0.0,0.7437908496732026,0.0,0.0,1.0,23457.40398626025,0.0,3.901585167030691e-15,2.7153050360788404e-13,0.0,0.0,0.0,0.0,,,0.0,350.0,67.02115424645787,0.0,0.0
optimal@30s+aware,5,350,3060,2234,0.7300653594771241,0.2699346405228758,0.2026143790849673,0.0673202614379085,0.0,364.6630815009428,347.7766836684966,548.8158529381781,326.57733280534904,893.6,83.73187108325872,280.93121041768404,0.0304152320685752,0.1373033199926374,0.8322814479387873,368,39.828804347826086,0.1968673913295234,0.2785259995926024,0.0495893872394188,56.286567637729526,0.0018176330144774,0.3478260869565217,3060,0.0,0.7300653594771241,0.0,0.0,1.0,23367.73159934245,0.0,5.783894203132239e-15,2.647280584339863e-13,0.0,0.0,0.0,0.0,,,0.0,350.0,66.76494742669271,0.0,0.0
optimal@30s+aware,0,400,3060,2517,0.8225490196078431,0.1774509803921568,0.1133986928104575,0.0640522875816993,0.0,306.5477359760844,295.1852352213673,502.1677069019058,285.9213123309479,1006.8,51.83631307111641,254.711422904968,0.0591523382240529,0.1321223105629383,0.8087253512130087,367,27.52316076294278,0.1887931880186348,0.267474000011134,0.0541318744601209,46.183840041121165,0.0024177605416618,0.3596730245231607,3060,0.0,0.8225490196078431,0.0,0.0,1.0,26233.62982029594,0.0,-5.536912031591047e-15,2.705500150933109e-13,0.0,0.0,0.0,0.0,,,0.0,400.0,65.58407455073986,0.0,0.0
optimal@30s+aware,1,400,3060,2532,0.8274509803921568,0.1725490196078431,0.1133986928104575,0.0591503267973856,0.0,299.5361376049935,280.6240721186846,504.4371530298924,280.4425746072482,1012.8,49.67575039494471,249.8603872100487,0.0635663152696494,0.1317164119361711,0.8047172727941794,366,26.64207650273224,0.1950814207330189,0.2806350001719693,0.0478538283062645,47.789666231790704,0.0026178241774444,0.3333333333333333,3060,0.0,0.8274509803921568,0.0,0.0,1.0,26245.754577927462,0.0,4.7608047046485375e-15,2.6926959871941853e-13,0.0,0.0,0.0,0.0,,,0.0,400.0,65.61438644481866,0.0,0.0
optimal@30s+aware,2,400,3060,2533,0.8277777777777777,0.1722222222222222,0.1088235294117647,0.0633986928104575,0.0,316.3005372606457,301.67763424620534,515.3366584716375,292.77460573002355,1013.2,54.14251875246743,262.15801850817826,0.0521379260146032,0.1382922572770255,0.8095698167083712,370,27.05945945945946,0.1872721621480564,0.2577679999649263,0.0508913168487636,53.36041816990002,0.0028334415594988,0.3837837837837838,3060,0.0,0.8277777777777777,0.0,0.0,1.0,26263.62792860521,0.0,2.759910122960792e-15,2.695598712002561e-13,0.0,0.0,0.0,0.0,,,0.0,400.0,65.65906982151303,0.0,0.0
optimal@30s+aware,3,400,3060,2544,0.8313725490196079,0.1686274509803921,0.1055555555555555,0.0630718954248366,0.0,313.41249082692985,299.6435118554591,512.637835879197,292.2304597618884,1017.6,51.958333333333336,261.4541574935965,0.0566959811766555,0.1386847222863828,0.8046192965369616,371,26.652291105121293,0.1915865229256639,0.2760099999250088,0.0458213256484149,56.32129122075476,0.0030501987902245,0.3557951482479784,3060,0.0,0.8313725490196079,0.0,0.0,1.0,26252.100461789185,0.0,-2.332166605187436e-15,2.6348594864295775e-13,0.0,0.0,0.0,0.0,,,0.0,400.0,65.63025115447296,0.0,0.0
optimal@30s+aware,4,400,3060,2544,0.8313725490196079,0.1686274509803921,0.1055555555555555,0.0630718954248366,0.0,320.0487243984125,307.0698131492927,516.3315245448908,297.3030701978076,1017.6,52.355738993710695,267.6929854047018,0.0484424978579176,0.1399157672221307,0.8116417349199516,368,26.910326086956523,0.187552717371229,0.262484000295444,0.0547788873038516,60.06037642526263,0.0032208189707454,0.4021739130434782,3060,0.0,0.8313725490196079,0.0,0.0,1.0,26494.73232581679,0.0,-6.566375675204385e-15,2.646604109872468e-13,0.0,0.0,0.0,0.0,,,0.0,400.0,66.23683081454197,0.0,0.0
optimal@30s+aware,5,400,3060,2518,0.822875816993464,0.1771241830065359,0.1091503267973856,0.0679738562091503,0.0,322.08507331269857,314.06151438829284,513.8740510760425,296.0583800022956,1007.2,53.80818109610802,268.27689221659057,0.0551390744138132,0.1383235377771322,0.8065373878090545,367,26.893732970027248,0.1939752043681412,0.2882340001451666,0.0516055045871559,64.29677570701635,0.0034504492141832,0.4196185286103542,3060,0.0,0.822875816993464,0.0,0.0,1.0,26167.610480320072,0.0,2.124150295247877e-15,2.694101230164421e-13,0.0,0.0,0.0,0.0,,,0.0,400.0,65.41902620080018,0.0,0.0
optimal@30s+aware,0,450,3060,2706,0.884313725490196,0.1156862745098039,0.0545751633986928,0.0611111111111111,0.0,271.4034146643228,255.71919257171203,476.5979218312614,258.0225632750108,1082.4,36.45048041389505,234.95293425042772,0.1136793969557586,0.1228659752329222,0.7634546278113191,366,20.31967213114754,0.1948275956441688,0.2763949995369331,0.0469522240527182,52.89173506885395,0.0043745283849838,0.3715846994535519,3060,0.0,0.884313725490196,0.0,0.0,1.0,28084.721069763305,0.0,-5.981582971402469e-15,2.6342466025704693e-13,0.0,0.0,0.0,0.0,,,0.0,450.0,62.410491266140674,0.0,0.0
optimal@30s+aware,1,450,3060,2728,0.8915032679738563,0.1084967320261438,0.0493464052287581,0.0591503267973856,0.0,259.8079103200915,238.0131822015576,467.751067089676,246.0832843032722,1091.2,33.533357771260995,226.27455254883048,0.1113654365774907,0.1201184681056941,0.7685160953168151,365,18.55890410958904,0.1935800000017928,0.2738000005774667,0.0493591491682574,50.52346963852997,0.0048982870944059,0.3616438356164383,3060,0.0,0.8915032679738563,0.0,0.0,1.0,28386.05567428497,0.0,-7.758212449792626e-15,2.7079316306406363e-13,0.0,0.0,0.0,0.0,,,0.0,450.0,63.08012372063325,0.0,0.0
optimal@30s+aware,2,450,3060,2747,0.8977124183006536,0.1022875816993464,0.0532679738562091,0.0490196078431372,0.0,270.62682154075617,248.60671411105977,479.47706675267256,258.389880855635,1098.8,38.43829632326174,232.1885252174945,0.1047583376335055,0.1227308723728323,0.7725107899936621,365,20.273972602739725,0.192833698610516,0.2807240003676272,0.0456043956043956,49.7547635095495,0.0041549893271346,0.3863013698630137,3060,0.0,0.8977124183006536,0.0,0.0,1.0,28473.973784928872,0.0,7.960303128146009e-16,2.696370005079144e-13,0.0,0.0,0.0,0.0,,,0.0,450.0,63.275497299841945,0.0,0.0
optimal@30s+aware,3,450,3060,2728,0.8915032679738563,0.1084967320261438,0.0539215686274509,0.0545751633986928,0.0,274.2811429462585,257.92896544114024,475.7553291180916,260.3831315451601,1091.2,39.933651026392965,234.3474919198656,0.1060393375156818,0.1228430148278747,0.7711176476564435,366,20.48087431693989,0.1923448087444108,0.2796849996684616,0.0500136649357748,59.22836412676117,0.0048707395351733,0.3633879781420765,3060,0.0,0.8915032679738563,0.0,0.0,1.0,28390.609815117157,0.0,5.466139108631013e-15,2.6978256709091506e-13,0.0,0.0,0.0,0.0,,,0.0,450.0,63.09024403359367,0.0,0.0
optimal@30s+aware,4,450,3060,2734,0.8934640522875817,0.1065359477124183,0.0539215686274509,0.0526143790849673,0.0,271.0572827606851,253.9656652546564,475.5281315970627,257.8483036044123,1093.6,35.39612289685443,235.66115986383065,0.1001115573008968,0.1244983163039449,0.7753901263951583,365,19.389041095890413,0.1954246575311017,0.2548520001437282,0.0520577814118288,47.54786677224743,0.0042563676026627,0.3616438356164383,3060,0.0,0.8934640522875817,0.0,0.0,1.0,28516.939381256558,0.0,1.4329754971826088e-15,2.7293358989605015e-13,0.0,0.0,0.0,0.0,,,0.0,450.0,63.37097640279234,0.0,0.0
optimal@30s+aware,5,450,3060,2714,0.8869281045751634,0.1130718954248366,0.0506535947712418,0.0624183006535947,0.0,266.9517940018042,244.53012545528827,468.15793538580857,251.83226459412083,1085.6,34.53021370670597,232.42158029509824,0.1036290790888793,0.1231391648671704,0.7732317560439501,365,18.827397260273973,0.1914361644021358,0.2580919998581522,0.0508290296276162,52.98315166748852,0.0049882794145617,0.3561643835616438,3060,0.0,0.8869281045751634,0.0,0.0,1.0,28438.76652956782,0.0,4.278244834465637e-15,2.5971626388853185e-13,0.0,0.0,0.0,0.0,,,0.0,450.0,63.19725895459516,0.0,0.0
optimal@30s+aware,0,500,3060,2834,0.9261437908496732,0.0738562091503268,0.0251633986928104,0.0486928104575163,0.0,234.9489995520828,209.8500126458184,435.8947981448779,226.3298373159534,1133.6,26.368383909668317,208.5806156424145,0.1798310422416115,0.1075115165261807,0.7126574412322078,364,15.604395604395604,0.1986137362769363,0.259777000228496,0.0571277439830732,52.099074227902506,0.0072009975379665,0.3461538461538461,3060,0.0,0.9261437908496732,0.0,0.0,1.0,29359.45083907362,0.0,7.840039289773583e-15,2.7209035620528333e-13,0.0,0.0,0.0,0.0,,,0.0,500.0,58.71890167814723,0.0,0.0
optimal@30s+aware,1,500,3060,2853,0.9323529411764706,0.0676470588235294,0.0199346405228758,0.0477124183006535,0.0,223.2645488352212,196.80665267682247,422.8476620846975,214.5385888169037,1141.2,23.97651594812478,199.28803288709645,0.1733802850976073,0.1040836301103109,0.7225360847920818,363,14.31129476584022,0.1994225895057341,0.2714279999418068,0.0529100529100529,48.45087888327644,0.0082143185495833,0.325068870523416,3060,0.0,0.9323529411764706,0.0,0.0,1.0,29765.711764975666,0.0,2.4142389221081217e-15,2.7216644640773015e-13,0.0,0.0,0.0,0.0,,,0.0,500.0,59.53142352995133,0.0,0.0
optimal@30s+aware,2,500,3060,2864,0.9359477124183008,0.0640522875816993,0.0183006535947712,0.0457516339869281,0.0,228.31690449545096,202.4684116555245,427.9503582137641,219.9098080035156,1145.6,24.110335195530727,204.20656929992023,0.1680784151622731,0.1067595881475759,0.7251619966901509,363,14.506887052341598,0.1930672176181348,0.2672540002640743,0.0506094329623741,45.06917979084236,0.0073237253111044,0.3415977961432507,3060,0.0,0.9359477124183008,0.0,0.0,1.0,29948.52654717613,0.0,-1.0508043845362794e-14,2.7237368164749404e-13,0.0,0.0,0.0,0.0,,,0.0,500.0,59.897053094352266,0.0,0.0
optimal@30s+aware,3,500,3060,2864,0.9359477124183008,0.0640522875816993,0.0163398692810457,0.0477124183006535,0.0,229.9914848153005,203.6718462936576,437.0501773759263,220.8752757427294,1145.6,24.976256983240223,205.0152278320603,0.1694801516386731,0.1066291487802905,0.7238906995810364,363,14.366391184573002,0.1970972451907138,0.2776219996485451,0.0426098535286285,45.13293533554962,0.0074440058837713,0.349862258953168,3060,0.0,0.9359477124183008,0.0,0.0,1.0,29833.329573876494,0.0,4.613938033623765e-15,2.7301066435491864e-13,0.0,0.0,0.0,0.0,,,0.0,500.0,59.66665914775299,0.0,0.0
optimal@30s+aware,4,500,3060,2859,0.934313725490196,0.0656862745098039,0.0186274509803921,0.0470588235294117,0.0,232.36881502573948,209.6061554692569,431.38598442579024,223.12992535452847,1143.6,24.3571178733823,208.0116971523572,0.164802318211562,0.1080119307602251,0.7271857510282128,363,14.366391184573002,0.2023688705102316,0.2806919999966339,0.0515463917525773,44.27578384357102,0.0073302857307613,0.3002754820936639,3060,0.0,0.934313725490196,0.0,0.0,1.0,29882.319723554014,0.0,2.3697184279372357e-15,2.729860952732605e-13,0.0,0.0,0.0,0.0,,,0.0,500.0,59.76463944710802,0.0,0.0
optimal@30s+aware,5,500,3060,2854,0.9326797385620916,0.0673202614379085,0.0245098039215686,0.0428104575163398,0.0,227.3033177119551,199.06025412272675,428.9961660473673,219.4731278027439,1141.6,25.41660826909601,201.8867094428591,0.1695765480100861,0.1045364565604503,0.7258869954294636,364,14.89010989010989,0.1994494505447369,0.2811010004552373,0.0438854696280438,32.58358779071856,0.0049926462401047,0.3104395604395604,3060,0.0,0.9326797385620916,0.0,0.0,1.0,29818.91815837788,0.0,-2.6558215254803322e-15,2.7274110712644314e-13,0.0,0.0,0.0,0.0,,,0.0,500.0,59.63783631675577,0.0,0.0
