arm,seed,drivers.num_drivers,requests,completed,completion_rate,cancel_rate,cancel_no_match_rate,cancel_eta_rate,cancel_late_rate,wait_mean_s,wait_p50_s,wait_p90_s,wait_all_mean_s,completed_per_hour,time_to_match_mean_s,pickup_mean_s,driver_idle_frac,driver_enroute_frac,driver_ontrip_frac,batches,batch_riders_mean,solve_ms_mean,solve_ms_p99,decline_rate,shadow_gap_s_per_batch,shadow_gap_frac,shadow_worse_batches_frac,app_opens,priced_out_rate,served_rate,retried_rate,surged_trip_frac,mean_multiplier_paid,revenue_per_hour,surge_revenue_per_hour,eta_error_mean_s,eta_abs_error_mean_s,eta_late_2min_frac,moves_per_driver_hour,chase_moves_per_hour,reposition_km_per_hour,moves_dispatched_frac,move_planned_mean_s,driver_reposition_frac,drivers_online_mean,earnings_per_online_hour,reserve_logons,reserve_logoffs
immediate_greedy,0,300,2422,1930,0.7968620974401321,0.2031379025598678,0.0061932287365813,0.1969446738232865,0.0,310.1179804080848,286.3635763657221,536.3507188272848,249.8671431700696,772.0,1.6865009667023143,308.4314794413825,0.0566290759413368,0.1864645192483599,0.7569064048103031,2934,2.0623721881390598,0.0352978868355314,0.0855670003511477,0.0545274289491077,,,,2422,0.0,0.7968620974401321,0.0,0.0,1.0,18509.452292451293,0.0,4.388429746248909e-15,2.7351477444468983e-13,0.0,0.0,0.0,0.0,,,0.0,300.0,61.69817430817098,0.0,0.0
immediate_greedy,1,300,2422,1923,0.7939719240297275,0.2060280759702725,0.0024772914946325,0.2035507844756399,0.0,332.71190528521646,302.0896178751409,578.101022486775,266.35623356533745,769.2,1.5492888595862109,331.16261642563023,0.0486410909666928,0.1979243343626994,0.7534345746706077,2868,1.9302649930264992,0.0355556485158468,0.0829659987357444,0.0512227362855254,,,,2422,0.0,0.7939719240297275,0.0,0.0,1.0,18493.191798059277,0.0,-1.1323235640857134e-14,2.729437407585171e-13,0.0,0.0,0.0,0.0,,,0.0,300.0,61.643972660197576,0.0,0.0
immediate_greedy,2,300,2422,1947,0.8038810900082577,0.1961189099917423,0.0061932287365813,0.189925681255161,0.0,316.37914645526746,287.18309703717296,545.876851936647,257.11317921261053,778.8,2.270645405790272,314.1085010494772,0.0605115964331974,0.1896897367505029,0.7497986668162997,3010,2.1212624584717608,0.0380241860593469,0.0988739991407781,0.0551337074942225,,,,2422,0.0,0.8038810900082577,0.0,0.0,1.0,18542.05944167782,0.0,-1.2137069868793802e-14,2.686331440350131e-13,0.0,0.0,0.0,0.0,,,0.0,300.0,61.80686480559273,0.0,0.0
immediate_greedy,3,300,2422,1933,0.7981007431874484,0.2018992568125516,0.0024772914946325,0.1994219653179191,0.0,316.33421719113136,288.0490495736949,542.4603725775887,254.4262774546604,773.2,2.2071290544488327,314.1270881366825,0.0560434442954435,0.1878276485559141,0.7561289071486423,2878,1.975677553856845,0.0345844336530955,0.0808379998852615,0.045877659574468,,,,2422,0.0,0.7981007431874484,0.0,0.0,1.0,18495.26734074776,0.0,3.944192216609351e-15,2.683888634701912e-13,0.0,0.0,0.0,0.0,,,0.0,300.0,61.650891135825866,0.0,0.0
immediate_greedy,4,300,2422,1933,0.7981007431874484,0.2018992568125516,0.0078447563996696,0.1940545004128819,0.0,314.69997536946084,292.8741699276443,529.1030660733144,255.11841179974627,773.2,1.048995858493636,313.65097951096715,0.0553613952034295,0.1885555566780679,0.7560830481185025,3004,2.175099866844208,0.037221338228018,0.0922759989043696,0.0406176569318563,,,,2422,0.0,0.7981007431874484,0.0,0.0,1.0,18442.746537653067,0.0,2.940683852085257e-17,2.654922898758872e-13,0.0,0.0,0.0,0.0,,,0.0,300.0,61.475821792176895,0.0,0.0
immediate_greedy,5,300,2422,1922,0.7935590421139554,0.2064409578860445,0.0074318744838976,0.1990090834021469,0.0,322.85653438211926,295.99685719409536,551.0932579036341,259.3088128624098,768.8,2.224089241337148,320.6324451407821,0.0484704659641973,0.1915425524981222,0.7599869815376804,2933,2.18854415274463,0.0375278895263384,0.0927679993765195,0.0523699038780245,,,,2422,0.0,0.7935590421139554,0.0,0.0,1.0,18549.25545285407,0.0,2.3660111908765047e-15,2.7078628390333017e-13,0.0,0.0,0.0,0.0,,,0.0,300.0,61.830851509513565,0.0,0.0
immediate_greedy,0,350,2422,2168,0.8951279933938894,0.1048720066061106,0.004954582989265,0.0999174236168455,0.0,244.28402921789905,221.0316225090619,426.42057895654193,220.5549946007393,867.2,0.8313374800009716,243.452691737898,0.1296931692901065,0.1447751083020261,0.7255317224078675,3094,1.6968325791855203,0.0359872333510869,0.0817069999357045,0.0519695465077788,,,,2422,0.0,0.8951279933938894,0.0,0.0,1.0,20829.554771455598,0.0,-1.0795792304399307e-14,2.729641031452195e-13,0.0,0.0,0.0,0.0,,,0.0,350.0,59.51301363273027,0.0,0.0
immediate_greedy,1,350,2422,2202,0.9091659785301404,0.0908340214698596,0.0037159372419488,0.0871180842279108,0.0,243.883451344677,222.7620241327627,428.60477612368425,223.3603307190968,880.8,0.4189193490729762,243.46453199560403,0.1196452996779853,0.1471902811670592,0.7331644191549552,2989,1.5603880896620943,0.0362758782148238,0.0786119999247603,0.0490716180371352,,,,2422,0.0,0.9091659785301404,0.0,0.0,1.0,21083.05849374993,0.0,-2.9380070885993245e-15,2.668665571097528e-13,0.0,0.0,0.0,0.0,,,0.0,350.0,60.23730998214266,0.0,0.0
immediate_greedy,2,350,2422,2156,0.8901734104046243,0.1098265895953757,0.004954582989265,0.1048720066061106,0.0,245.28449815728183,221.33673330391912,431.9755739812943,220.05326964973975,862.4,0.4884763097369365,244.7960218475449,0.1329003082559677,0.1449315520393329,0.7221681397046993,3047,1.5592385953396783,0.0408917623819725,0.0871079993521561,0.0472231459926837,,,,2422,0.0,0.8901734104046243,0.0,0.0,1.0,20780.2499280461,0.0,-4.23614967058274e-15,2.659159225530298e-13,0.0,0.0,0.0,0.0,,,0.0,350.0,59.372142651560296,0.0,0.0
immediate_greedy,3,350,2422,2174,0.8976052848885219,0.1023947151114781,0.0028901734104046,0.0995045417010734,0.0,243.3984675722417,217.87973947764385,435.41858780972416,219.62987068239377,869.6,0.3748703527053245,243.0235972195364,0.1302562599092527,0.1458911482128687,0.7238525918778784,2970,1.4144781144781144,0.0400738720309286,0.0803309992443246,0.0455603591619554,,,,2422,0.0,0.8976052848885219,0.0,0.0,1.0,20719.95618033357,0.0,2.579149201272719e-15,2.67649339265356e-13,0.0,0.0,0.0,0.0,,,0.0,350.0,59.19987480095308,0.0,0.0
immediate_greedy,4,350,2422,2177,0.8988439306358381,0.1011560693641618,0.0053674649050371,0.0957886044591247,0.0,238.6058211887809,216.8411645185888,424.8150841109099,216.7842538259494,870.8,0.4547357995905207,238.1510853891904,0.1303646656286088,0.1421449895318766,0.7274903448395146,3090,1.7262135922330095,0.0440564077866676,0.0876109995442675,0.056031641397495,,,,2422,0.0,0.8988439306358381,0.0,0.0,1.0,20810.048579949074,0.0,-9.487638562299684e-15,2.644409470655816e-13,0.0,0.0,0.0,0.0,,,0.0,350.0,59.45728165699735,0.0,0.0
immediate_greedy,5,350,2422,2159,0.8914120561519405,0.1085879438480594,0.0033030553261767,0.1052848885218827,0.0,254.2017058491215,231.9211969803528,450.19855556384135,228.29026110846277,863.6,0.364869509725537,253.836836339396,0.1226524288252964,0.1497438645902058,0.7276037065844977,2982,1.5499664654594232,0.0412337357454689,0.0811330001124588,0.0439853382205931,,,,2422,0.0,0.8914120561519405,0.0,0.0,1.0,20736.968819736398,0.0,2.3259660884597078e-15,2.638971846872416e-13,0.0,0.0,0.0,0.0,,,0.0,350.0,59.248482342103976,0.0,0.0
immediate_greedy,0,400,2422,2254,0.930635838150289,0.0693641618497109,0.0041288191577208,0.06523534269199,0.0,202.32079221805407,176.77461645942367,372.8315298018896,189.5841331899257,901.6,0.8845821176279887,201.4362101004261,0.2263322012503832,0.1109800092011076,0.6626877895485092,3183,1.543512409676406,0.0429734841599836,0.0863180002852459,0.0478246429757555,,,,2422,0.0,0.930635838150289,0.0,0.0,1.0,21780.180975480424,0.0,-8.917248286519004e-15,2.626699016039326e-13,0.0,0.0,0.0,0.0,,,0.0,400.0,54.45045243870106,0.0,0.0
immediate_greedy,1,400,2422,2296,0.9479768786127168,0.0520231213872832,0.0016515276630883,0.0503715937241948,0.0,200.6724119699036,174.43095091359146,368.75019759949487,191.1698680051482,918.4,0.4870453891125632,200.185366580791,0.2098617685352584,0.1131160066922313,0.6770222247725103,2984,1.420911528150134,0.0410508042775361,0.0796550007726183,0.0486754966887417,,,,2422,0.0,0.9479768786127168,0.0,0.0,1.0,22250.31204017609,0.0,-7.083957887961038e-15,2.689786063258009e-13,0.0,0.0,0.0,0.0,,,0.0,400.0,55.62578010044023,0.0,0.0
immediate_greedy,2,400,2422,2267,0.9360033030553262,0.0639966969446738,0.0041288191577208,0.0598678777869529,0.0,201.91667932171765,178.5946233232953,371.88833192885033,190.30293821797156,906.8,0.4532649060577999,201.46341441565983,0.2252295272515363,0.1118494040418087,0.662921068706655,3109,1.4583467352846575,0.0432007397761915,0.086084000649862,0.043695797198132,,,,2422,0.0,0.9360033030553262,0.0,0.0,1.0,21810.1371848607,0.0,1.4629281954831353e-15,2.632103230171053e-13,0.0,0.0,0.0,0.0,,,0.0,400.0,54.52534296215176,0.0,0.0
immediate_greedy,3,400,2422,2258,0.9322873658133772,0.0677126341866226,0.0028901734104046,0.064822460776218,0.0,205.74189939726173,179.69082000161052,385.1772495304892,192.85311830532368,903.2,0.2935425917568585,205.4483568055049,0.2306707791604212,0.1126876633829006,0.6566415574566781,2985,1.361139028475712,0.0411456951465571,0.0770640005066524,0.045877659574468,,,,2422,0.0,0.9322873658133772,0.0,0.0,1.0,21619.71767233384,0.0,-6.990569918029506e-15,2.7030675699922377e-13,0.0,0.0,0.0,0.0,,,0.0,400.0,54.04929418083461,0.0,0.0
immediate_greedy,4,400,2422,2270,0.9372419488026424,0.0627580511973575,0.0037159372419488,0.0590421139554087,0.0,202.20791187938016,176.90302862907745,380.1213463013004,191.1753855620141,908.0,0.633271589687772,201.5746402896924,0.2236862465950161,0.1124662299271827,0.6638475234778012,3123,1.6125520333013128,0.0457708293263901,0.092067999721621,0.0584372948128693,,,,2422,0.0,0.9372419488026424,0.0,0.0,1.0,21784.166311370605,0.0,3.202920063288645e-15,2.66042694482423e-13,0.0,0.0,0.0,0.0,,,0.0,400.0,54.46041577842651,0.0,0.0
immediate_greedy,5,400,2422,2267,0.9360033030553262,0.0639966969446738,0.0041288191577208,0.0598678777869529,0.0,203.3183509881737,179.7951135215112,378.7252865030125,192.0564536275082,906.8,0.9087997360816498,202.40955125209203,0.2226439559317564,0.1130444649592859,0.6643115791089577,3186,1.6839296924042686,0.045633898312592,0.0867899997501809,0.0512905360688285,,,,2422,0.0,0.9360033030553262,0.0,0.0,1.0,21745.176161857504,0.0,-6.117343557652296e-15,2.6690251244244884e-13,0.0,0.0,0.0,0.0,,,0.0,400.0,54.36294040464376,0.0,0.0
immediate_greedy,0,450,2422,2298,0.9488026424442608,0.051197357555739,0.0041288191577208,0.0470685383980181,0.0,176.07932168507529,152.406767447098,338.9126933010178,168.3484034833447,919.2,0.5858521405816812,175.49346954449362,0.3112891061183205,0.0893054236477035,0.599405470233976,3124,1.5147247119078104,0.0450879001193834,0.0841769992803165,0.0433767100433767,,,,2422,0.0,0.9488026424442608,0.0,0.0,1.0,22156.35773170658,0.0,3.125630496133557e-15,2.688772712842497e-13,0.0,0.0,0.0,0.0,,,0.0,450.0,49.23635051490351,0.0,0.0
immediate_greedy,1,450,2422,2314,0.9554087530966144,0.0445912469033856,0.0016515276630883,0.0429397192402972,0.0,179.63555584456935,157.54493653894724,341.1355750829021,172.24937173991876,925.6,0.5028099812907459,179.1327458632786,0.3006190061407995,0.0916871271478452,0.6076938667113553,2914,1.370624571036376,0.0429116678172492,0.0829219991101126,0.0483603842331898,,,,2422,0.0,0.9554087530966144,0.0,0.0,1.0,22414.71971430128,0.0,1.713409017087882e-15,2.71013404745836e-13,0.0,0.0,0.0,0.0,,,0.0,450.0,49.81048825400285,0.0,0.0
immediate_greedy,2,450,2422,2304,0.9512799339388934,0.0487200660611065,0.0037159372419488,0.0450041288191577,0.0,178.80750374479962,152.47973578355322,350.63119914658466,171.37753404575577,921.6,0.3925938297965495,178.41490991500308,0.3075879683420857,0.0912139707906424,0.6011980608672719,3080,1.446753246753247,0.0444055194636005,0.0818419992720009,0.0519008264462809,,,,2422,0.0,0.9512799339388934,0.0,0.0,1.0,22177.0303737864,0.0,-3.4952750570403804e-15,2.6470376816393565e-13,0.0,0.0,0.0,0.0,,,0.0,450.0,49.28228971952534,0.0,0.0
immediate_greedy,3,450,2422,2316,0.9562345169281584,0.0437654830718414,0.0012386457473162,0.0425268373245251,0.0,183.30226117265804,155.84250296082155,354.4714237490407,175.75858489725016,926.4,0.22431924126267,183.07794193139537,0.3019710704229538,0.0938038248514834,0.6042251047255628,2828,1.252828854314003,0.0407593352219674,0.0729189996127388,0.0496031746031746,,,,2422,0.0,0.9562345169281584,0.0,0.0,1.0,22313.133346861498,0.0,3.614648400208778e-15,2.751395350279124e-13,0.0,0.0,0.0,0.0,,,0.0,450.0,49.58474077080332,0.0,0.0
immediate_greedy,4,450,2422,2304,0.9512799339388934,0.0487200660611065,0.0033030553261767,0.0454170107349298,0.0,179.1290692987061,149.62236742518917,350.7265978636723,171.84067903340105,921.6,0.6281795430929002,178.5008897556132,0.3089638746974606,0.0911025814231393,0.5999335438794,3181,1.5652310594152783,0.0450744419840883,0.0900200007890815,0.0471604118233145,,,,2422,0.0,0.9512799339388934,0.0,0.0,1.0,22076.808574299223,0.0,-5.285509684248445e-15,2.653984285425379e-13,0.0,0.0,0.0,0.0,,,0.0,450.00000000000006,49.05957460955382,0.0,0.0
immediate_greedy,5,450,2422,2295,0.9475639966969448,0.0524360033030553,0.0016515276630883,0.0507844756399669,0.0,175.46827425258385,152.37941079221582,336.90790731704976,167.20116557088838,918.0,0.3789396685500859,175.08933458403376,0.3114306424636981,0.089497119366184,0.5990722381701178,2944,1.4405570652173914,0.0450112432211515,0.0871140001800086,0.0426524491836054,,,,2422,0.0,0.9475639966969448,0.0,0.0,1.0,22014.72449475548,0.0,2.570105832343587e-15,2.670545459909937e-13,0.0,0.0,0.0,0.0,,,0.0,450.0,48.92160998834551,0.0,0.0
immediate_greedy,0,500,2422,2319,0.9574731626754748,0.0425268373245251,0.0033030553261767,0.0392237819983484,0.0,164.48009065886845,135.4185301232328,326.9871313567426,158.63923356889137,927.6,0.624863057019315,163.85522760184912,0.3795189942657683,0.0763946450610679,0.5440863606731638,3144,1.5034987277353689,0.0468373091482723,0.0899570002547989,0.043347782594198,,,,2422,0.0,0.9574731626754748,0.0,0.0,1.0,22369.61017618323,0.0,-2.2397875801665945e-15,2.6592268706152337e-13,0.0,0.0,0.0,0.0,,,0.0,500.0,44.73922035236646,0.0,0.0
immediate_greedy,1,500,2422,2337,0.9649050371593724,0.0350949628406275,0.0008257638315441,0.0342691990090834,0.0,159.81766073795797,136.8473536494639,301.492133741975,154.4936975045564,934.8,0.4102964304690291,159.40736430748896,0.3714997447929895,0.0754801964592278,0.5530200587477826,2812,1.2862731152204836,0.0433801564805884,0.0851669995245174,0.0467506631299734,,,,2422,0.0,0.9649050371593724,0.0,0.0,1.0,22633.63750805032,0.0,-3.903880499426481e-15,2.654783158865243e-13,0.0,0.0,0.0,0.0,,,0.0,500.0,45.26727501610064,0.0,0.0
immediate_greedy,2,500,2422,2323,0.9591246903385632,0.0408753096614368,0.0037159372419488,0.037159372419488,0.0,157.48307812613098,130.84663459483363,314.7180551904034,152.17369110939796,929.2,0.1813238758804602,157.30175425025053,0.3799887969421265,0.0741159423827068,0.5458952606751666,3045,1.3717569786535304,0.0437010837570362,0.0833999994210898,0.0509596293845135,,,,2422,0.0,0.9591246903385632,0.0,0.0,1.0,22311.161395558127,0.0,-7.734760839661443e-15,2.617644944252325e-13,0.0,0.0,0.0,0.0,,,0.0,500.0,44.622322791116254,0.0,0.0
immediate_greedy,3,500,2422,2340,0.9661436829066888,0.0338563170933113,0.000412881915772,0.0334434351775392,0.0,163.63148560245853,136.79073052438252,318.27426105339765,158.234590625859,936.0,0.392340694955122,163.2391449075034,0.3719582005290582,0.0769471273856209,0.5510946720853208,2774,1.241888968997837,0.0431226748235799,0.0776160001805692,0.0429284525790349,,,,2422,0.0,0.9661436829066888,0.0,0.0,1.0,22527.89678102714,0.0,4.2681907391144905e-15,2.651398568884213e-13,0.0,0.0,0.0,0.0,,,0.0,500.0,45.05579356205428,0.0,0.0
immediate_greedy,4,500,2422,2324,0.9595375722543352,0.0404624277456647,0.0037159372419488,0.0367464905037159,0.0,155.44234564734776,129.83580363570945,302.241117840378,150.80952386595936,929.6,0.4178865336064246,155.02445911374136,0.3829523918606863,0.0732481703928725,0.5437994377464412,3201,1.5788815995001562,0.0461880662385585,0.0920000002224696,0.0553359683794466,,,,2422,0.0,0.9595375722543352,0.0,0.0,1.0,22217.59784682806,0.0,-6.521174879495767e-15,2.656145527276595e-13,0.0,0.0,0.0,0.0,,,0.0,500.0,44.43519569365612,0.0,0.0
immediate_greedy,5,500,2422,2332,0.962840627580512,0.037159372419488,0.0016515276630883,0.0355078447563996,0.0,157.10109511437204,133.31763209212386,306.27760378629705,152.05574325896202,932.8,0.3551045102938691,156.74599060407817,0.3752992815800438,0.0747672478449338,0.5499334705750224,2932,1.410300136425648,0.0446790586862845,0.0865069989777112,0.0558659217877094,,,,2422,0.0,0.962840627580512,0.0,0.0,1.0,22441.39593189009,0.0,-1.5379350166162545e-15,2.703924372378844e-13,0.0,0.0,0.0,0.0,,,0.0,500.0,44.88279186378018,0.0,0.0
batched_greedy@10s,0,300,2422,1920,0.7927332782824112,0.2072667217175887,0.009496284062758,0.1977704376548307,0.0,315.75938163357847,289.35186423609593,541.9544927816569,254.92317839222383,768.0,8.002604166666666,307.7567774669118,0.0572299776221362,0.1842433891581242,0.7585266332197395,1063,4.260583254938853,0.0628016933435526,0.1483219997317062,0.0499666888740839,,,,2422,0.0,0.7927332782824112,0.0,0.0,1.0,18598.90567189024,0.0,-1.3573401661896394e-14,2.7025141384010953e-13,0.0,0.0,0.0,0.0,,,0.0,300.0,61.996352239634135,0.0,0.0
batched_greedy@10s,1,300,2422,1929,0.79644921552436,0.2035507844756399,0.0045417010734929,0.1990090834021469,0.0,323.3392444828134,295.3435861558592,558.6619689231371,261.5131771592778,771.6,6.57957490927942,316.759669573534,0.0567223704226632,0.1883080207296778,0.754969608847659,1056,3.9071969696969697,0.0613529355642971,0.1464050001231953,0.0519351637446245,,,,2422,0.0,0.79644921552436,0.0,0.0,1.0,18552.245240751698,0.0,-9.345902313671924e-15,2.637010476347824e-13,0.0,0.0,0.0,0.0,,,0.0,300.0,61.84081746917232,0.0,0.0
batched_greedy@10s,2,300,2422,1931,0.7972749793559042,0.2027250206440957,0.0078447563996696,0.1948802642444261,0.0,319.1920507921648,290.8002921551242,548.9407013495766,258.9749525674846,772.4,6.857068876229933,312.33498191593486,0.0609873150258715,0.1856109400059207,0.7534017449682078,1057,4.070009460737937,0.0591521286413057,0.1397959997848375,0.045439358503174,,,,2422,0.0,0.7972749793559042,0.0,0.0,1.0,18595.67741086749,0.0,-1.3697541863630105e-15,2.684341039914611e-13,0.0,0.0,0.0,0.0,,,0.0,300.0,61.98559136955832,0.0,0.0
batched_greedy@10s,3,300,2422,1937,0.7997522708505368,0.2002477291494632,0.0074318744838976,0.1928158546655656,0.0,327.4099915116009,303.90609312703145,556.5094784863182,265.99867121747315,774.8,7.729478575116159,319.6805129364847,0.0547249340953419,0.1902787055588632,0.7549963603457949,1075,4.066046511627907,0.0594930232537715,0.1323560005039326,0.0508136831617402,,,,2422,0.0,0.7997522708505368,0.0,0.0,1.0,18525.95749147208,0.0,5.447372032027613e-16,2.728032908847445e-13,0.0,0.0,0.0,0.0,,,0.0,300.0,61.75319163824026,0.0,0.0
batched_greedy@10s,4,300,2422,1942,0.8018166804293972,0.1981833195706028,0.0082576383154417,0.189925681255161,0.0,311.3023801034976,286.1701830117036,528.2731672972366,254.73914106165205,776.8,6.444902162718846,304.8574779407787,0.0561568754107829,0.1827752412103213,0.7610678833788957,1062,4.108286252354049,0.0614453860652951,0.1410560001568228,0.0451203208556149,,,,2422,0.0,0.8018166804293972,0.0,0.0,1.0,18512.74041894493,0.0,-8.883156254292242e-15,2.724169442491055e-13,0.0,0.0,0.0,0.0,,,0.0,300.0,61.709134729816434,0.0,0.0
batched_greedy@10s,5,300,2422,1929,0.79644921552436,0.2035507844756399,0.009496284062758,0.1940545004128819,0.0,334.5687955624133,309.7162419683773,569.9333620775442,271.3684031403411,771.6,7.613789528252981,326.9550060341603,0.0455903105975298,0.194688961324758,0.7597207280777122,1057,4.248817407757805,0.0609880794584938,0.1405839997460135,0.0515292553191489,,,,2422,0.0,0.79644921552436,0.0,0.0,1.0,18432.135306640783,0.0,1.4991751863885992e-15,2.596114671662616e-13,0.0,0.0,0.0,0.0,,,0.0,300.0,61.44045102213594,0.0,0.0
batched_greedy@10s,0,350,2422,2165,0.8938893476465731,0.1061106523534269,0.0070189925681255,0.0990916597853014,0.0,255.8668383737188,233.6516604443832,444.3153440248609,231.64296971219352,866.0,5.908083140877598,249.95875523284124,0.1233472773164277,0.1476698854262803,0.728982837257292,1050,3.6266666666666665,0.0760014285853165,0.1570570007970673,0.0561241333773522,,,,2422,0.0,0.8938893476465731,0.0,0.0,1.0,20869.707950498032,0.0,6.383397787775497e-16,2.6277281608022253e-13,0.0,0.0,0.0,0.0,,,0.0,350.0,59.62773700142295,0.0,0.0
batched_greedy@10s,1,350,2422,2193,0.9054500412881916,0.0945499587118084,0.0024772914946325,0.0920726672171758,0.0,248.84751855951225,228.36223759929453,433.1215727022871,226.89893375251424,877.2,5.390788873689011,243.4567296858233,0.1200679375740128,0.1462301086187084,0.7337019538072787,1030,3.271844660194174,0.0777855339444251,0.171791000830126,0.0471291072021241,,,,2422,0.0,0.9054500412881916,0.0,0.0,1.0,21092.350489276065,0.0,1.4069912585673668e-15,2.648942523506005e-13,0.0,0.0,0.0,0.0,,,0.0,350.0,60.26385854078876,0.0,0.0
batched_greedy@10s,2,350,2422,2155,0.8897605284888522,0.1102394715111478,0.0053674649050371,0.1048720066061106,0.0,244.8373799023819,221.19079187624084,433.4057825947999,220.35969479933968,862.0,5.48584686774942,239.35153303463247,0.1418947949118468,0.1401602435939685,0.7179449614941846,1058,3.431947069943289,0.0770441398234667,0.170987000092282,0.0434201736806947,,,,2422,0.0,0.8897605284888522,0.0,0.0,1.0,20688.99389645627,0.0,1.0901926435590656e-14,2.664434282899528e-13,0.0,0.0,0.0,0.0,,,0.0,350.0,59.11141113273221,0.0,0.0
batched_greedy@10s,3,350,2422,2175,0.898018166804294,0.101981833195706,0.0016515276630883,0.1003303055326176,0.0,246.4754339866516,221.1007222119024,446.3967165438184,222.5510328502506,870.0,5.222988505747127,241.25244548090444,0.1337059682214817,0.1438703117766996,0.7224237200018186,1032,3.145348837209302,0.0760956395036958,0.1604690007843601,0.0455149501661129,,,,2422,0.0,0.898018166804294,0.0,0.0,1.0,20740.26030755719,0.0,3.590078426112024e-15,2.6576891390055376e-13,0.0,0.0,0.0,0.0,,,0.0,350.0,59.25788659302054,0.0,0.0
batched_greedy@10s,4,350,2422,2191,0.9046242774566474,0.0953757225433526,0.0057803468208092,0.0895953757225433,0.0,239.9003988969648,215.37950520543927,423.9287788647848,219.9589861676184,876.4,5.923779096303058,233.97661980066172,0.1300987818334451,0.1404855109151599,0.7294157072513949,1055,3.6492890995260665,0.0783838862223579,0.1700320008967539,0.0504145936981757,,,,2422,0.0,0.9046242774566474,0.0,0.0,1.0,20904.355594201428,0.0,8.105084127560157e-15,2.703345940023283e-13,0.0,0.0,0.0,0.0,,,0.0,350.0,59.72673026914694,0.0,0.0
batched_greedy@10s,5,350,2422,2165,0.8938893476465731,0.1061106523534269,0.0037159372419488,0.1023947151114781,0.0,257.4644022845747,234.3660787905624,457.83785720616464,232.73143961453405,866.0,5.324711316397229,252.13969096817743,0.1221986056391864,0.1491563404399102,0.7286450539209033,1052,3.425855513307985,0.0725826045584761,0.1555250002638786,0.0528576148001321,,,,2422,0.0,0.8938893476465731,0.0,0.0,1.0,20781.39169227807,0.0,-3.361539940426248e-15,2.623404188264748e-13,0.0,0.0,0.0,0.0,,,0.0,350.0,59.37540483508021,0.0,0.0
batched_greedy@10s,0,400,2422,2262,0.9339388934764656,0.0660611065235342,0.0041288191577208,0.0619322873658133,0.0,207.10472339411209,180.13855790584012,381.8239400672504,195.3072069555747,904.8,5.841290893015031,201.26343250109704,0.2269709292714772,0.1116628614496459,0.6613662092788768,1045,3.429665071770335,0.0860434449707413,0.1811399998405249,0.0459234608985024,,,,2422,0.0,0.9339388934764656,0.0,0.0,1.0,21818.837717994687,0.0,-4.4071240418718855e-15,2.6818747635274125e-13,0.0,0.0,0.0,0.0,,,0.0,400.0,54.54709429498672,0.0,0.0
batched_greedy@10s,1,400,2422,2289,0.9450867052023122,0.0549132947976878,0.0008257638315441,0.0540875309661436,0.0,207.821674938614,182.12831146401916,379.8929131614781,197.2749603308958,915.6,5.735692442114461,202.0859824964995,0.2129236820115815,0.1134816744869766,0.6735946435014418,1027,3.243427458617332,0.0856624148649645,0.1717460001236759,0.0539651201052978,,,,2422,0.0,0.9450867052023122,0.0,0.0,1.0,22098.401648037525,0.0,-1.548065107975799e-14,2.663400299782935e-13,0.0,0.0,0.0,0.0,,,0.0,400.0,55.246004120093815,0.0,0.0
batched_greedy@10s,2,400,2422,2271,0.9376548307184144,0.0623451692815854,0.004954582989265,0.0573905862923204,0.0,203.60849406417307,178.89762247506405,376.7684152727634,192.7140921643724,908.4,5.300308234258036,198.30818582991503,0.2258294874149815,0.1110153355799784,0.6631551770050401,1036,3.3194980694980694,0.0890575289799382,0.17403999936505,0.0494359654943596,,,,2422,0.0,0.9376548307184144,0.0,0.0,1.0,21807.15979997848,0.0,3.533158891929076e-15,2.635336051343964e-13,0.0,0.0,0.0,0.0,,,0.0,400.0,54.5178994999462,0.0,0.0
batched_greedy@10s,3,400,2422,2251,0.9293971924029728,0.0706028075970272,0.0020644095788604,0.0685383980181668,0.0,213.38763942866763,186.1015219234041,400.3659818938149,199.56095865333864,900.4,5.325188804975566,208.0624506236921,0.2237602877987876,0.1148652057204739,0.6613745064807384,1051,3.137963843958135,0.0866058039948385,0.1754999993863748,0.0448952444296641,,,,2422,0.0,0.9293971924029728,0.0,0.0,1.0,21626.875386270516,0.0,-5.357479601371969e-15,2.687459810937149e-13,0.0,0.0,0.0,0.0,,,0.0,400.0,54.067188465676274,0.0,0.0
batched_greedy@10s,4,400,2422,2254,0.930635838150289,0.0693641618497109,0.0041288191577208,0.06523534269199,0.0,202.6621557663329,179.2379105022551,369.2002749192208,190.7102572542381,901.6,5.374445430346052,197.2877103359868,0.2272724254068027,0.110091629784787,0.6626359448084101,1045,3.396172248803828,0.088314545476886,0.1871199996821814,0.0516043665233212,,,,2422,0.0,0.930635838150289,0.0,0.0,1.0,21580.454370603216,0.0,-1.7042859285913982e-14,2.652032197318173e-13,0.0,0.0,0.0,0.0,,,0.0,400.0,53.95113592650804,0.0,0.0
batched_greedy@10s,5,400,2422,2261,0.9335260115606936,0.0664739884393063,0.0053674649050371,0.0611065235342692,0.0,209.48485906975253,186.6426054709209,382.52855207137327,197.9472670690245,904.4,6.051304732419284,203.43355433733325,0.2229559340628883,0.1136017771563353,0.6634422887807763,1043,3.5934803451581976,0.0867346117114562,0.1865680007176703,0.0538486950776346,,,,2422,0.0,0.9335260115606936,0.0,0.0,1.0,21709.59509015617,0.0,-1.449447471477011e-14,2.7152176030675186e-13,0.0,0.0,0.0,0.0,,,0.0,400.0,54.27398772539043,0.0,0.0
batched_greedy@10s,0,450,2422,2299,0.949215524360033,0.0507844756399669,0.0028901734104046,0.0478943022295623,0.0,180.70896639002564,153.85548088131873,347.10936339906146,172.9231525117769,919.6,5.641148325358851,175.0678180646668,0.3101544221108066,0.0893354798029227,0.6005100980862706,1039,3.311838306063523,0.0898380173467777,0.1827559995217594,0.0484084880636604,,,,2422,0.0,0.949215524360033,0.0,0.0,1.0,22179.65890606221,0.0,-3.2092640854497348e-15,2.6482127109349426e-13,0.0,0.0,0.0,0.0,,,0.0,450.0,49.288130902360464,0.0,0.0
batched_greedy@10s,1,450,2422,2317,0.9566473988439308,0.0433526011560693,0.0008257638315441,0.0425268373245251,0.0,184.141253326503,161.52567723384345,343.6487913607333,176.84740873016088,926.8,5.362969356927061,178.77828396957594,0.300322174791351,0.0915520955000168,0.6081257297086322,1029,3.121477162293489,0.090872497560069,0.1870720003353199,0.0448504983388704,,,,2422,0.0,0.9566473988439308,0.0,0.0,1.0,22423.029104970126,0.0,-5.136063252633633e-15,2.6463711095891584e-13,0.0,0.0,0.0,0.0,,,0.0,450.0,49.82895356660028,0.0,0.0
batched_greedy@10s,2,450,2422,2301,0.9500412881915772,0.0499587118084227,0.0037159372419488,0.0462427745664739,0.0,182.4262573129953,157.0787457303768,353.2610623180635,174.74143195286146,920.4,5.191655801825293,177.23460151117,0.3081842244060002,0.0906861475490882,0.6011296280449117,1036,3.223938223938224,0.0929527992467934,0.1907150001898118,0.0512735693020178,,,,2422,0.0,0.9500412881915772,0.0,0.0,1.0,22168.841354323413,0.0,-9.661111545708144e-15,2.6547116429415893e-13,0.0,0.0,0.0,0.0,,,0.0,450.0,49.26409189849648,0.0,0.0
batched_greedy@10s,3,450,2422,2307,0.9525185796862098,0.0474814203137902,0.0016515276630883,0.0458298926507019,0.0,185.47750539275432,158.0286909182214,354.5070265506359,177.50656562925843,922.8,5.068053749458171,180.40945164329617,0.3035835143039156,0.0918754065134516,0.6045410791826328,1040,3.0509615384615385,0.092014711558127,0.1837610004440648,0.0455149501661129,,,,2422,0.0,0.9525185796862098,0.0,0.0,1.0,22240.22710540761,0.0,1.8028250952972525e-15,2.737848478006941e-13,0.0,0.0,0.0,0.0,,,0.0,450.0,49.4227269009058,0.0,0.0
batched_greedy@10s,4,450,2422,2315,0.9558216350123864,0.0441783649876135,0.0033030553261767,0.0408753096614368,0.0,180.1771446357413,155.06873608584283,338.1435965721741,173.81287447700925,926.0,5.464794816414687,174.71234981932668,0.3071665311514804,0.0896565390913461,0.6031769297571735,1041,3.3400576368876083,0.0907348703068839,0.181860000884626,0.047476759628154,,,,2422,0.0,0.9558216350123864,0.0,0.0,1.0,22195.329604722072,0.0,5.158340757178481e-15,2.6131820489591833e-13,0.0,0.0,0.0,0.0,,,0.0,450.0,49.32295467716017,0.0,0.0
batched_greedy@10s,5,450,2422,2303,0.9508670520231214,0.0491329479768786,0.0020644095788604,0.0470685383980181,0.0,183.86357657036072,156.41122390444434,351.4809543796593,176.0629576468064,921.2,5.358662613981763,178.50491395637897,0.3088041971825138,0.0911189930108845,0.6000768098066016,1025,3.254634146341463,0.0911119024066265,0.1896200008923187,0.0477453580901856,,,,2422,0.0,0.9508670520231214,0.0,0.0,1.0,22105.57903286088,0.0,2.591548821441561e-15,2.688630425065124e-13,0.0,0.0,0.0,0.0,,,0.0,450.00000000000006,49.12350896191306,0.0,0.0
batched_greedy@10s,0,500,2422,2313,0.9549958711808424,0.0450041288191577,0.0033030553261767,0.041701073492981,0.0,166.04565825100264,138.3338263246187,320.136163835823,160.0470015368447,925.2,5.550799827064418,160.4948584239382,0.3824512948915561,0.0744693502285206,0.5430793548799233,1036,3.3262548262548264,0.0952853281845516,0.192019999758486,0.045892916528101,,,,2422,0.0,0.9549958711808424,0.0,0.0,1.0,22290.208506338546,0.0,3.640264340145779e-16,2.6922980346059177e-13,0.0,0.0,0.0,0.0,,,0.0,500.0,44.58041701267709,0.0,0.0
batched_greedy@10s,1,500,2422,2341,0.9665565648224608,0.0334434351775392,0.0008257638315441,0.032617671345995,0.0,166.09756353820205,143.29240030333585,317.13306752581593,161.15546499994764,936.4,5.297308842375053,160.800254695827,0.3711541318120341,0.0757055327431306,0.5531403354448353,1029,3.1059280855199223,0.0952538387062426,0.1981399995565881,0.0448504983388704,,,,2422,0.0,0.9665565648224608,0.0,0.0,1.0,22638.130765414557,0.0,-8.45761355487193e-15,2.6158732496553793e-13,0.0,0.0,0.0,0.0,,,0.0,500.0,45.2762615308291,0.0,0.0
batched_greedy@10s,2,500,2422,2324,0.9595375722543352,0.0404624277456647,0.0037159372419488,0.0367464905037159,0.0,162.50156731907882,134.3700742767869,317.6338203078402,157.26489370857453,929.6,5.144148020654045,157.35741929842476,0.3803948382402736,0.0744961034412585,0.5451090583184678,1039,3.1934552454282965,0.0914518767837567,0.1846860009027295,0.0515873015873015,,,,2422,0.0,0.9595375722543352,0.0,0.0,1.0,22243.51700959333,0.0,-1.0950506135829471e-14,2.629959742047764e-13,0.0,0.0,0.0,0.0,,,0.0,500.0,44.48703401918667,0.0,0.0
batched_greedy@10s,3,500,2422,2338,0.9653179190751444,0.0346820809248554,0.0012386457473162,0.0334434351775392,0.0,168.575189100739,140.19485665837237,325.78719119330725,163.51315516184448,935.2,5.083404619332763,163.49178448140626,0.3713662407277694,0.0771411406282763,0.5514926186439542,1037,3.065573770491804,0.0918111861369236,0.1951759990333813,0.0439121756487025,,,,2422,0.0,0.9653179190751444,0.0,0.0,1.0,22547.887915961164,0.0,-2.701384406538747e-15,2.645309121452376e-13,0.0,0.0,0.0,0.0,,,0.0,500.0,45.09577583192233,0.0,0.0
batched_greedy@10s,4,500,2422,2325,0.9599504541701074,0.0400495458298926,0.0037159372419488,0.0363336085879438,0.0,161.4964065051989,135.33432656277773,308.4932942753017,156.9007359762643,930.0,5.492043010752688,156.0043634944462,0.3809774054127638,0.0738811852210123,0.5451414093662239,1046,3.405353728489484,0.0903159655833369,0.1875999996627796,0.0528401585204755,,,,2422,0.0,0.9599504541701074,0.0,0.0,1.0,22275.186806045927,0.0,8.165511277888248e-15,2.6459045229589673e-13,0.0,0.0,0.0,0.0,,,0.0,500.0,44.55037361209185,0.0,0.0
batched_greedy@10s,5,500,2422,2334,0.963666391412056,0.0363336085879438,0.0008257638315441,0.0355078447563996,0.0,162.95491986261314,136.66986786960933,316.97494060491533,157.55322608569455,933.6,5.106255355612682,157.84866450700048,0.3741836796786372,0.0752292588618043,0.5505870614595584,1020,3.0686274509803924,0.0958795098103662,0.1925289994687772,0.0495867768595041,,,,2422,0.0,0.963666391412056,0.0,0.0,1.0,22483.791329080115,0.0,-6.114979036318011e-15,2.705560235527892e-13,0.0,0.0,0.0,0.0,,,0.0,500.0,44.96758265816023,0.0,0.0
optimal@10s,0,300,2422,1924,0.7943848059454995,0.2056151940545004,0.0086705202312138,0.1969446738232865,0.0,319.3624482679207,294.2569813001626,542.0210331191405,258.3179487627509,769.6,7.338357588357589,312.0240906795632,0.0552682734434297,0.1867904585195408,0.7579412680370294,1061,4.153628652214891,0.1396883129153114,0.206739999339334,0.0493004663557628,4.65415369552463,0.0021546794925371,0.0650329877474081,2422,0.0,0.7943848059454995,0.0,0.0,1.0,18617.69990255729,0.0,3.810303885761348e-15,2.7104121672863415e-13,0.0,0.0,0.0,0.0,,,0.0,300.0,62.05899967519099,0.0,0.0
optimal@10s,1,300,2422,1906,0.786952931461602,0.213047068538398,0.0041288191577208,0.2089182493806771,0.0,336.8587717596153,311.4043898816108,576.3068232763039,269.5152451404295,762.4,6.844700944386149,330.0140708152292,0.0543095417670722,0.1933207565546023,0.7523697016783254,1057,4.037842951750236,0.138223462651033,0.1999039998918309,0.0553542009884678,6.114560149837846,0.0029473949170825,0.0719016083254493,2422,0.0,0.786952931461602,0.0,0.0,1.0,18458.91891845995,0.0,1.3268621365446676e-14,2.684209389677364e-13,0.0,0.0,0.0,0.0,,,0.0,300.0,61.52972972819983,0.0,0.0
optimal@10s,2,300,2422,1943,0.8022295623451693,0.1977704376548307,0.0074318744838976,0.1903385631709331,0.0,329.4767305094113,305.79560715731805,566.3083887784094,268.96351348019306,777.2,6.704065877509007,322.7726646319023,0.0537317626415077,0.1920601761297677,0.7542080612287245,1059,4.074598677998112,0.1398918791409697,0.2005839996854775,0.0517584605175846,7.5233810565908765,0.00358576149661,0.0944287063267233,2422,0.0,0.8022295623451693,0.0,0.0,1.0,18638.52936987605,0.0,-2.7975563193848514e-16,2.665924894919155e-13,0.0,0.0,0.0,0.0,,,0.0,300.0,62.12843123292017,0.0,0.0
optimal@10s,3,300,2422,1939,0.8005780346820809,0.1994219653179191,0.0074318744838976,0.1919900908340214,0.0,329.07761616838883,302.59955602926857,565.4006441572768,268.42261839879694,775.6,7.993295513151109,321.0843206552377,0.0554723916168973,0.1902926023340801,0.7542350060490226,1071,4.309056956115779,0.1387594771122345,0.2012700004343057,0.0479680213191205,5.984115013546155,0.0025685016695546,0.0737628384687208,2422,0.0,0.8005780346820809,0.0,0.0,1.0,18601.94953515501,0.0,-3.09282139753236e-15,2.704020034643517e-13,0.0,0.0,0.0,0.0,,,0.0,300.0,62.0064984505167,0.0,0.0
optimal@10s,4,300,2422,1948,0.8042939719240297,0.1957060280759702,0.0090834021469859,0.1866226259289843,0.0,315.9692695173833,288.67429653961653,539.0007186881331,258.92719509771,779.2,6.471252566735113,309.4980169506482,0.0527486151181224,0.1856689598395726,0.7615824250423049,1067,4.024367385192128,0.1374377694265887,0.2104800004235579,0.056821935910142,4.24867388029274,0.0020982973164291,0.0721649484536082,2422,0.0,0.8042939719240297,0.0,0.0,1.0,18517.21806735234,0.0,-2.697363208904487e-15,2.7586238107889373e-13,0.0,0.0,0.0,0.0,,,0.0,300.0,61.7240602245078,0.0,0.0
optimal@10s,5,300,2422,1921,0.7931461601981833,0.2068538398018166,0.0099091659785301,0.1969446738232865,0.0,326.36080489409125,299.6669840534196,559.6356599753562,264.03903847216185,768.4,7.304528891202499,319.05627600288875,0.0486402196158055,0.1890383277016283,0.7623214526825661,1063,4.230479774223895,0.1395635935880383,0.2049840000836409,0.0483817150483817,7.333250387465756,0.0032699464845478,0.0780809031044214,2422,0.0,0.7931461601981833,0.0,0.0,1.0,18585.087176747613,0.0,-1.0392750920364088e-14,2.596356815701635e-13,0.0,0.0,0.0,0.0,,,0.0,300.0,61.95029058915871,0.0,0.0
optimal@10s,0,350,2422,2168,0.8951279933938894,0.1048720066061106,0.0041288191577208,0.1007431874483897,0.0,246.72736875374304,224.7023379299353,433.1302925729742,223.10061472111167,867.2,5.742619926199262,240.9847488275438,0.1256987269053297,0.1437278907077156,0.7305733823869546,1043,3.4630872483221475,0.146771045071449,0.2347880002707822,0.0572368421052631,3.9920268031161066,0.0032336063891363,0.0632790028763183,2422,0.0,0.8951279933938894,0.0,0.0,1.0,20907.06623829162,0.0,-3.737068055583276e-15,2.690353065377821e-13,0.0,0.0,0.0,0.0,,,0.0,350.0,59.73447496654749,0.0,0.0
optimal@10s,1,350,2422,2200,0.9083402146985962,0.0916597853014038,0.0024772914946325,0.0891824938067712,0.0,249.26370655297123,231.4029247036269,431.20450465665306,227.8735500286612,880.0,5.493636363636363,243.7700701893349,0.1163356397622486,0.1467610310390162,0.7369033291987351,1034,3.25531914893617,0.1367923597687632,0.2100740006608247,0.0540362438220757,2.8098058761891496,0.0027366161724721,0.0522243713733075,2422,0.0,0.9083402146985962,0.0,0.0,1.0,21200.14411434342,0.0,-9.858780458671389e-16,2.653513772346824e-13,0.0,0.0,0.0,0.0,,,0.0,350.0,60.57184032669549,0.0,0.0
optimal@10s,2,350,2422,2174,0.8976052848885219,0.1023947151114781,0.0057803468208092,0.0966143682906688,0.0,241.51856076924855,218.17603406266585,424.3266846346239,219.46997614417413,869.6,5.292548298068077,236.22601247118052,0.1398860099990701,0.1389575799992146,0.7211564100017152,1051,3.4633682207421503,0.1366260703997303,0.2091499991365708,0.0469374167776298,3.226951877143855,0.0025597034011595,0.0437678401522359,2422,0.0,0.8976052848885219,0.0,0.0,1.0,20777.718216311965,0.0,-5.637931091012754e-15,2.6434216157102644e-13,0.0,0.0,0.0,0.0,,,0.0,350.0,59.36490918946275,0.0,0.0
optimal@10s,3,350,2422,2184,0.9017341040462428,0.0982658959537572,0.0028901734104046,0.0953757225433526,0.0,250.2320884949968,223.32828470181607,450.22336831129655,227.5343953532701,873.6,5.307692307692308,244.92439618730444,0.1247976281072263,0.1461830706748005,0.7290193012179731,1034,3.3181818181818183,0.1376515474036242,0.2073420004671787,0.0430143381127042,3.051737198654955,0.0027250261327382,0.0502901353965183,2422,0.0,0.9017341040462428,0.0,0.0,1.0,20951.785485784225,0.0,-1.6036012566673693e-14,2.7414131201169104e-13,0.0,0.0,0.0,0.0,,,0.0,350.0,59.86224424509779,0.0,0.0
optimal@10s,4,350,2422,2188,0.9033856317093312,0.0966143682906688,0.0057803468208092,0.0908340214698596,0.0,245.90745921639908,223.7820886837221,433.354019587217,225.04723834855616,875.2,5.739945155393053,240.167514061006,0.1275960239171294,0.1436424472619892,0.7287615288208814,1053,3.58974358974359,0.1360126305627183,0.200444000220159,0.0443925233644859,2.254197765682401,0.0016374862217061,0.0446343779677113,2422,0.0,0.9033856317093312,0.0,0.0,1.0,20889.751845603994,0.0,-1.1439153504181686e-15,2.6157503950786385e-13,0.0,0.0,0.0,0.0,,,0.0,350.0,59.68500527315428,0.0,0.0
optimal@10s,5,350,2422,2169,0.8955408753096614,0.1044591246903385,0.0037159372419488,0.1007431874483897,0.0,259.19490805747466,234.7389945897676,446.8092458125618,234.2337717204904,867.6,5.306592899953896,253.8883151575208,0.1192066529236307,0.1502372889578218,0.7305560581185475,1042,3.346449136276392,0.1353668905997677,0.2029539996692619,0.048140770252324,2.2330029840129804,0.0019042583836314,0.0403071017274472,2422,0.0,0.8955408753096614,0.0,0.0,1.0,20881.191971833097,0.0,4.491259062826636e-15,2.62720637724705e-13,0.0,0.0,0.0,0.0,,,0.0,350.0,59.66054849095171,0.0,0.0
optimal@10s,0,400,2422,2262,0.9339388934764656,0.0660611065235342,0.0041288191577208,0.0619322873658133,0.0,205.2236848303152,179.2581619530556,378.1112369285692,193.51987861894852,904.8,5.666224580017683,199.55746025029748,0.2255529625938125,0.1114935581872576,0.6629534792189299,1039,3.403272377285852,0.1428049086069614,0.2293099994130897,0.0462408516300731,2.044592654150837,0.0019394493811769,0.0375360923965351,2422,0.0,0.9339388934764656,0.0,0.0,1.0,21795.784024465996,0.0,-1.2399944515530485e-15,2.662407086229123e-13,0.0,0.0,0.0,0.0,,,0.0,400.0,54.48946006116498,0.0,0.0
optimal@10s,1,400,2422,2296,0.9479768786127168,0.0520231213872832,0.0008257638315441,0.051197357555739,0.0,207.1493725554184,181.93488615342744,375.4379669108537,197.1523944567228,918.4,5.6432926829268295,201.5060798724915,0.2120761106069037,0.1136367195784934,0.6742871698146028,1028,3.203307392996109,0.1416727625957988,0.2114190005340788,0.0520936366633696,1.060202200154075,0.0012689883492294,0.0252918287937743,2422,0.0,0.9479768786127168,0.0,0.0,1.0,22130.722179265034,0.0,-1.020186645189092e-14,2.709824234921976e-13,0.0,0.0,0.0,0.0,,,0.0,400.0,55.32680544816259,0.0,0.0
optimal@10s,2,400,2422,2251,0.9293971924029728,0.0706028075970272,0.0053674649050371,0.06523534269199,0.0,203.1260298889285,177.19800321155844,382.2432773713854,190.721949237664,900.4,5.343847179031542,197.78218270989697,0.2307885656308568,0.1097678167976038,0.6594436175715395,1041,3.334293948126801,0.1468657060220679,0.2123800008121173,0.0503978779840848,1.8167795919200167,0.0018325927303278,0.0307396733909702,2422,0.0,0.9293971924029728,0.0,0.0,1.0,21614.18945654116,0.0,-3.2169340985407024e-15,2.67527941652749e-13,0.0,0.0,0.0,0.0,,,0.0,400.0,54.035473641352894,0.0,0.0
optimal@10s,3,400,2422,2259,0.9327002477291496,0.0672997522708505,0.0016515276630883,0.0656482246077621,0.0,213.5663947743365,187.4148468694375,391.7136887837644,200.30774331065248,903.6,5.307658255865428,208.25873651847104,0.2232664765222251,0.114957185290175,0.6617763381875998,1049,3.1172545281220208,0.1472854146864583,0.2077560008183354,0.0464653169598406,2.069470316800788,0.0024799376905729,0.0343183984747378,2422,0.0,0.9327002477291496,0.0,0.0,1.0,21733.734889635318,0.0,-1.4925643722291352e-14,2.668443401416365e-13,0.0,0.0,0.0,0.0,,,0.0,400.0,54.33433722408828,0.0,0.0
optimal@10s,4,400,2422,2257,0.9318744838976052,0.0681255161023947,0.0041288191577208,0.0639966969446738,0.0,205.29486968935703,181.55532830968787,372.2731732345511,193.4018434604992,902.8,5.4120513956579535,199.8828182936991,0.2253424740248893,0.1113794086650994,0.6632781173100113,1046,3.398661567877629,0.1465619502639857,0.2076900002066394,0.0534829976890062,1.3563876466155806,0.0012948581230211,0.02868068833652,2422,0.0,0.9318744838976052,0.0,0.0,1.0,21649.857874387137,0.0,-7.135728526549566e-15,2.639133435001287e-13,0.0,0.0,0.0,0.0,,,0.0,400.0,54.12464468596784,0.0,0.0
optimal@10s,5,400,2422,2259,0.9327002477291496,0.0672997522708505,0.0053674649050371,0.0619322873658133,0.0,209.80586213540067,186.12177869863532,384.2998075771384,197.8397200343573,903.6,6.18282425852147,203.6230378768792,0.2241152505168384,0.113084957330946,0.6627997921522154,1037,3.587270973963356,0.1478900675138273,0.2127279997512232,0.0522832561217736,1.761251576633769,0.0014464701302214,0.0356798457087753,2422,0.0,0.9327002477291496,0.0,0.0,1.0,21697.561395710607,0.0,-1.440586865773023e-14,2.6627581159144333e-13,0.0,0.0,0.0,0.0,,,0.0,400.0,54.24390348927652,0.0,0.0
optimal@10s,0,450,2422,2303,0.9508670520231214,0.0491329479768786,0.0033030553261767,0.0458298926507019,0.0,181.9128830207076,156.46436807091231,345.2342161481051,174.427580422939,921.2,5.614850195397308,176.29803282531026,0.3095790019719561,0.0899696998459906,0.6004512981820533,1037,3.3278688524590163,0.1526834137291567,0.2163999996992063,0.047476759628154,1.1680161411239027,0.0012926700020217,0.026036644165863,2422,0.0,0.9508670520231214,0.0,0.0,1.0,22232.54721210748,0.0,-2.6591359981903444e-15,2.650215647843986e-13,0.0,0.0,0.0,0.0,,,0.0,450.0,49.40566047134995,0.0,0.0
optimal@10s,1,450,2422,2327,0.9607762180016516,0.0392237819983484,0.0008257638315441,0.0383980181668042,0.0,184.54327387146355,161.56948433331763,343.3177233329385,177.99807526252596,930.8,5.36140954018049,179.18186433128304,0.2982879656658907,0.0920865462577079,0.6096254880764014,1031,3.121241513094084,0.1489210475647639,0.2140300002793083,0.0467506631299734,1.037807170332427,0.0014722804541323,0.023278370514064,2422,0.0,0.9607762180016516,0.0,0.0,1.0,22543.6812705768,0.0,-1.8956330560552958e-15,2.6486476670419243e-13,0.0,0.0,0.0,0.0,,,0.0,450.0,50.09706949017068,0.0,0.0
optimal@10s,2,450,2422,2300,0.9496284062758052,0.0503715937241948,0.0041288191577208,0.0462427745664739,0.0,179.287446144132,153.31788154933815,346.8322786525397,171.81097480065145,920.0,5.1726086956521735,174.11483744847982,0.3086104233102437,0.0896175223251949,0.6017720543645613,1037,3.244937319189971,0.1500469623995569,0.2243920012551825,0.0531704095112285,1.2081059706975228,0.0014756146153589,0.0298939247830279,2422,0.0,0.9496284062758052,0.0,0.0,1.0,22163.490057279992,0.0,-7.480393116526576e-15,2.6633960737359776e-13,0.0,0.0,0.0,0.0,,,0.0,450.0,49.25220012728887,0.0,0.0
optimal@10s,3,450,2422,2309,0.953344343517754,0.046655656482246,0.0016515276630883,0.0450041288191577,0.0,184.9896714087013,160.0459717083395,354.6874551562961,177.22314132769236,923.6,5.0684278908618445,179.92124351783946,0.3045397451237832,0.091512573759661,0.6039476811165557,1039,3.061597690086622,0.1503476419486833,0.2205000000685686,0.0470978441127694,0.7719114154648468,0.0011462529395116,0.0202117420596727,2422,0.0,0.953344343517754,0.0,0.0,1.0,22229.372632036004,0.0,-4.588697450501394e-15,2.7058582505175844e-13,0.0,0.0,0.0,0.0,,,0.0,450.0,49.3986058489689,0.0,0.0
optimal@10s,4,450,2422,2321,0.958298926507019,0.041701073492981,0.0033030553261767,0.0383980181668042,0.0,182.1606980616296,155.18256485659185,344.61648845995296,176.14974085574624,928.4,5.461439034898751,176.69925902673083,0.3041884115291165,0.0912091262408332,0.6046024622300503,1040,3.3432692307692307,0.1476999038616738,0.2054999997380946,0.047476759628154,1.384241058692027,0.0015110352763108,0.0278846153846153,2422,0.0,0.958298926507019,0.0,0.0,1.0,22258.90218797533,0.0,-9.562937832100875e-16,2.646867358351752e-13,0.0,0.0,0.0,0.0,,,0.0,450.0,49.46422708438963,0.0,0.0
optimal@10s,5,450,2422,2300,0.9496284062758052,0.0503715937241948,0.0028901734104046,0.0474814203137902,0.0,182.586203003324,155.2212193590476,349.0683140159037,175.02434428397723,920.0,5.313478260869565,177.2727247424544,0.3092180724844472,0.0911516925735008,0.5996302349420518,1034,3.3085106382978724,0.1540140231957539,0.228066999479779,0.0468282962470939,1.2568475317514296,0.0014168581178299,0.0328820116054158,2422,0.0,0.9496284062758052,0.0,0.0,1.0,22043.50112286317,0.0,2.2079922431479958e-15,2.694060433676125e-13,0.0,0.0,0.0,0.0,,,0.0,450.0,48.98555805080704,0.0,0.0
optimal@10s,0,500,2422,2316,0.9562345169281584,0.0437654830718414,0.0037159372419488,0.0400495458298926,0.0,167.7575062557883,139.31028591540326,324.87008834023845,161.88616158290316,926.4,5.575129533678757,162.18237672210952,0.3816350653793205,0.0752057730375004,0.543159161583179,1039,3.3224254090471605,0.1559836381023898,0.2211699991676137,0.0484406104844061,1.36448274952825,0.001589751493409,0.0346487006737247,2422,0.0,0.9562345169281584,0.0,0.0,1.0,22286.035222346127,0.0,-1.3430055379058023e-14,2.6836717457769893e-13,0.0,0.0,0.0,0.0,,,0.0,500.0,44.57207044469225,0.0,0.0
optimal@10s,1,500,2422,2337,0.9649050371593724,0.0350949628406275,0.0008257638315441,0.0342691990090834,0.0,166.33647445074507,143.45836778250168,311.7342225733865,161.11002509427473,934.8,5.316645271715875,161.0198291790292,0.3702616029078502,0.0759574429006273,0.5537809541915224,1029,3.107871720116618,0.1570039844458233,0.2278839996870375,0.0461181154611811,1.188317079394465,0.0018584509004359,0.0204081632653061,2422,0.0,0.9649050371593724,0.0,0.0,1.0,22649.32949847589,0.0,-2.8872449527008348e-15,2.6472163499922313e-13,0.0,0.0,0.0,0.0,,,0.0,500.0,45.29865899695178,0.0,0.0
optimal@10s,2,500,2422,2325,0.9599504541701074,0.0400495458298926,0.0037159372419488,0.0363336085879438,0.0,163.23843661412684,134.75880087380574,318.9434572016402,158.0537965485026,930.0,5.079569892473118,158.15886672165374,0.3795680095995006,0.0748111435413432,0.5456208468591561,1038,3.185934489402697,0.1528087668352458,0.2122630010126158,0.0465425531914893,0.807331856062753,0.0011091975103544,0.0231213872832369,2422,0.0,0.9599504541701074,0.0,0.0,1.0,22312.177777029865,0.0,-5.776024819727266e-15,2.6545953010442053e-13,0.0,0.0,0.0,0.0,,,0.0,500.0,44.62435555405973,0.0,0.0
optimal@10s,3,500,2422,2339,0.9657308009909166,0.0342691990090834,0.0012386457473162,0.0330305532617671,0.0,168.8501241845668,141.4512749534806,323.99376678382487,163.72192822137131,935.6,5.100897819581018,163.7492263649858,0.3711406442915257,0.0769409189179885,0.5519184367904857,1037,3.040501446480232,0.1503891996392438,0.2186280002933929,0.0442301296973728,0.7847493791417752,0.0012972344795892,0.0192864030858244,2422,0.0,0.9657308009909166,0.0,0.0,1.0,22556.03673005474,0.0,-2.2969607784378184e-15,2.6588279817818244e-13,0.0,0.0,0.0,0.0,,,0.0,500.0,45.11207346010948,0.0,0.0
optimal@10s,4,500,2422,2327,0.9607762180016516,0.0392237819983484,0.0037159372419488,0.0355078447563996,0.0,162.7578265144766,136.52852689809697,314.8411625376746,158.2188730921054,930.8,5.386334336055007,157.3714921784216,0.379646468854921,0.0743161995748439,0.5460373315702349,1043,3.3854266538830298,0.1547167785011999,0.2250500005175124,0.0537776311448366,0.7197564197542349,0.0008079870652252,0.0230105465004793,2422,0.0,0.9607762180016516,0.0,0.0,1.0,22320.32036315602,0.0,6.364483499739864e-15,2.6324995757262973e-13,0.0,0.0,0.0,0.0,,,0.0,500.0,44.64064072631204,0.0,0.0
optimal@10s,5,500,2422,2330,0.9620148637489678,0.0379851362510322,0.0008257638315441,0.037159372419488,0.0,162.81441682579458,136.73821956839674,317.67116148003146,157.08535170285484,932.0,5.108154506437768,157.70626231935682,0.3736547752578631,0.0753879525933507,0.5509572721487861,1022,3.045009784735812,0.1549772015681661,0.2300189988091003,0.0508418620006602,0.9386898564025818,0.0016996379844425,0.0283757338551859,2422,0.0,0.9620148637489678,0.0,0.0,1.0,22455.042881149093,0.0,-2.2143469699734023e-15,2.693037018946289e-13,0.0,0.0,0.0,0.0,,,0.0,500.0,44.91008576229818,0.0,0.0
batched_greedy@10s+aware,0,300,2422,1991,0.8220478943022296,0.1779521056977704,0.0730800990916597,0.1048720066061106,0.0,351.7434105990196,342.37609350599905,539.172661685092,311.84266715911,796.4,38.611250627825214,313.1321599711944,0.0476367401653974,0.1777419760625783,0.7746212837720242,1099,14.098271155595995,0.0524764331520972,0.1233040002625784,0.0565110565110565,,,,2422,0.0,0.8220478943022296,0.0,0.0,1.0,19049.939982203337,0.0,1.2049962568026008e-14,2.672672061900643e-13,0.0,0.0,0.0,0.0,,,0.0,300.0,63.49979994067779,0.0,0.0
batched_greedy@10s+aware,1,300,2422,1986,0.8199834847233691,0.1800165152766308,0.0772089182493806,0.1028075970272502,0.0,350.32768816994366,341.411907496456,536.633368997791,312.31474213754666,794.4,43.22910372608258,307.09858444386106,0.0571809251608882,0.1709839797253118,0.7718350951137999,1113,15.133872416891284,0.0551101527486166,0.1274840009136821,0.0520169851380042,,,,2422,0.0,0.8199834847233691,0.0,0.0,1.0,19130.7178101861,0.0,-1.3390653697211051e-14,2.7287112929508133e-13,0.0,0.0,0.0,0.0,,,0.0,300.0,63.769059367287,0.0,0.0
batched_greedy@10s+aware,2,300,2422,1992,0.8224607762180016,0.1775392237819983,0.0763831544178365,0.1011560693641618,0.0,341.5221186383142,334.05294885094963,529.2329621879585,304.50610971505955,796.8,38.04267068273092,303.47944795558334,0.0563313901425675,0.1718262607761089,0.7718423490813235,1103,14.2792384406165,0.0535668177550064,0.1255839996156283,0.0469918120327518,,,,2422,0.0,0.8224607762180016,0.0,0.0,1.0,19130.677014892,0.0,7.968636906064577e-15,2.67990894981888e-13,0.0,0.0,0.0,0.0,,,0.0,300.0,63.76892338297333,0.0,0.0
batched_greedy@10s+aware,3,300,2422,2002,0.8265895953757225,0.1734104046242774,0.0693641618497109,0.1040462427745664,0.0,335.5901187579871,323.48033670933773,530.8827992699474,299.3613062069976,800.8,34.92357642357642,300.6665423344107,0.0570391293287104,0.1719596113370296,0.7710012593342599,1108,12.97202166064982,0.0528604693371749,0.1179930000034801,0.0448763250883392,,,,2422,0.0,0.8265895953757225,0.0,0.0,1.0,19128.250656285883,0.0,-8.542838985886921e-15,2.7406648379318154e-13,0.0,0.0,0.0,0.0,,,0.0,300.0,63.76083552095294,0.0,0.0
batched_greedy@10s+aware,4,300,2422,1993,0.8228736581337738,0.1771263418662262,0.0710156895127993,0.1061106523534269,0.0,333.2931433433053,317.4822580911241,533.0120929501751,298.10802409086017,797.2,31.760160561966885,301.53298278133843,0.0527300703545386,0.1714595527141273,0.775810376931334,1115,12.818834080717489,0.0544512108142692,0.127775999753794,0.0560420315236427,,,,2422,0.0,0.8228736581337738,0.0,0.0,1.0,19058.11522734312,0.0,7.51988091019564e-15,2.809611828467751e-13,0.0,0.0,0.0,0.0,,,0.0,300.0,63.52705075781039,0.0,0.0
batched_greedy@10s+aware,5,300,2422,1995,0.8236994219653179,0.176300578034682,0.0714285714285714,0.1048720066061106,0.0,345.8092899761847,337.36604920264745,542.669389145003,308.1416465256088,798.0,37.9358395989975,307.8734503771872,0.0466679860721127,0.1749772178705024,0.7783547960573849,1101,13.838328792007266,0.0531774750560131,0.1200999995489837,0.0580216707444949,,,,2422,0.0,0.8236994219653179,0.0,0.0,1.0,19198.17432977642,0.0,-1.7897129058619066e-15,2.6523901426645765e-13,0.0,0.0,0.0,0.0,,,0.0,300.0,63.99391443258806,0.0,0.0
batched_greedy@10s+aware,0,350,2422,2181,0.9004954582989265,0.0995045417010734,0.0322047894302229,0.0672997522708505,0.0,261.4359608730789,242.08560599526567,461.03696221124346,246.06473954895804,872.4,13.940394314534617,247.49556655854428,0.1293203741259644,0.1422716691658874,0.7284079567081482,1086,7.129834254143646,0.0611919889100439,0.1305500003581987,0.0497275204359673,,,,2422,0.0,0.9004954582989265,0.0,0.0,1.0,20927.38614335696,0.0,5.1537560708459116e-15,2.780122660180424e-13,0.0,0.0,0.0,0.0,,,0.0,350.0,59.79253183816274,0.0,0.0
batched_greedy@10s+aware,1,350,2422,2203,0.9095788604459124,0.0904211395540875,0.023534269199009,0.0668868703550784,0.0,257.8441776856443,237.1292930200316,454.18507024336645,242.6543321459201,881.2,11.412619155696778,246.43155852994752,0.1198180705318361,0.1440175970431733,0.7361643324249905,1089,5.998163452708908,0.0602682277624668,0.1412800006801258,0.0444972826086956,,,,2422,0.0,0.9095788604459124,0.0,0.0,1.0,21184.53318620501,0.0,-1.529094095504614e-14,2.666208405011295e-13,0.0,0.0,0.0,0.0,,,0.0,350.0,60.52723767487146,0.0,0.0
batched_greedy@10s+aware,2,350,2422,2186,0.902559867877787,0.097440132122213,0.0317919075144508,0.0656482246077621,0.0,257.0450430385726,237.98223299322692,457.0474786462478,241.9633026984808,874.4,12.847209515096068,244.19783352347665,0.1351773997645436,0.1420324439173009,0.7227901563181554,1096,6.735401459854015,0.0612060219026696,0.1343249986348382,0.0541638456330399,,,,2422,0.0,0.902559867877787,0.0,0.0,1.0,20882.07685301084,0.0,-2.224102776504339e-15,2.6431068373917826e-13,0.0,0.0,0.0,0.0,,,0.0,350.0,59.6630767228881,0.0,0.0
batched_greedy@10s+aware,3,350,2422,2198,0.907514450867052,0.0924855491329479,0.0255986787778695,0.0668868703550784,0.0,256.27951933551725,234.53088703815277,456.1256551663533,241.92422887450564,879.2,14.193357597816195,242.0861617377011,0.1331550189938671,0.1401118432525155,0.7267331377536174,1089,6.627180899908173,0.0617103765015657,0.1245079997170249,0.0431825909554573,,,,2422,0.0,0.907514450867052,0.0,0.0,1.0,20981.196615697183,0.0,1.2381966850068808e-14,2.703885038222486e-13,0.0,0.0,0.0,0.0,,,0.0,350.0,59.9462760448491,0.0,0.0
batched_greedy@10s+aware,4,350,2422,2196,0.906688687035508,0.0933113129644921,0.0301403798513625,0.0631709331131296,0.0,252.3145973023154,230.19941809805184,457.85475828022913,239.76888142916795,878.4,12.985428051001822,239.3291692513136,0.1298887760802183,0.1395404188288608,0.7305708050909209,1084,6.917896678966789,0.0624775830230874,0.137172000049759,0.0534325329726073,,,,2422,0.0,0.906688687035508,0.0,0.0,1.0,21028.79828205023,0.0,-7.191980263710212e-15,2.674056078772389e-13,0.0,0.0,0.0,0.0,,,0.0,350.0,60.0822808058578,0.0,0.0
batched_greedy@10s+aware,5,350,2422,2190,0.9042113955408752,0.0957886044591247,0.0264244426094137,0.0693641618497109,0.0,263.9204500615107,244.35151450516216,457.5922490955177,249.3268155236937,876.0,12.50365296803653,251.41679709347412,0.1226315950546294,0.1470148589237059,0.7303535460216645,1087,6.612695492180313,0.0592294388474431,0.1243280005655833,0.0497125464998309,,,,2422,0.0,0.9042113955408752,0.0,0.0,1.0,20933.48526808696,0.0,1.9020807252938757e-15,2.6937275342830313e-13,0.0,0.0,0.0,0.0,,,0.0,350.0,59.80995790881988,0.0,0.0
batched_greedy@10s+aware,0,400,2422,2256,0.9314616019818333,0.0685383980181668,0.0214698596201486,0.0470685383980181,0.0,210.8662000784648,185.4222021274352,398.3700381982783,203.13451538143744,902.4,10.27349290780142,200.59270717066337,0.2318350368606783,0.1091093900185095,0.6590555731208121,1078,5.3979591836734695,0.0718527829649888,0.1504970005771611,0.0527199462726662,,,,2422,0.0,0.9314616019818333,0.0,0.0,1.0,21620.657535230865,0.0,-4.3454207923050225e-15,2.685497608372066e-13,0.0,0.0,0.0,0.0,,,0.0,400.0,54.05164383807716,0.0,0.0
batched_greedy@10s+aware,1,400,2422,2273,0.9384805945499588,0.0615194054500412,0.0169281585466556,0.0445912469033856,0.0,209.146798354196,185.2978638058476,388.74312892898377,201.7020033865976,909.2,9.059392872855256,200.0874054813407,0.2210869775186938,0.1105319441501184,0.6683810783311878,1078,4.914656771799629,0.0716786641612269,0.1417370008857688,0.0518568082970893,,,,2422,0.0,0.9384805945499588,0.0,0.0,1.0,21910.32447566551,0.0,-1.5714466927699182e-14,2.6875114540314655e-13,0.0,0.0,0.0,0.0,,,0.0,400.0,54.77581118916378,0.0,0.0
batched_greedy@10s+aware,2,400,2422,2275,0.9393063583815028,0.0606936416184971,0.0218827415359207,0.0388109000825763,0.0,208.19193908788952,185.13254816650533,389.9236406601323,202.05271721060583,910.0,9.177582417582418,199.01435667030717,0.224861381800355,0.1095897856871488,0.6655488325124961,1075,5.273488372093024,0.0713366511863992,0.1521119990138686,0.0437584803256445,,,,2422,0.0,0.9393063583815028,0.0,0.0,1.0,21918.45000886101,0.0,3.765876499528531e-15,2.714593385242772e-13,0.0,0.0,0.0,0.0,,,0.0,400.0,54.79612502215254,0.0,0.0
batched_greedy@10s+aware,3,400,2422,2271,0.9376548307184144,0.0623451692815854,0.0173410404624277,0.0450041288191577,0.0,215.72832457428493,189.26922297192868,401.92434192729615,208.91750907873663,908.4,9.428885953324526,206.2994386209604,0.2232337524230103,0.1116634768021842,0.6651027707748053,1084,5.160516605166052,0.0699369926371547,0.1456079996933114,0.0419343929658437,,,,2422,0.0,0.9376548307184144,0.0,0.0,1.0,21860.334848025675,0.0,-5.236771924167625e-15,2.7253193586115135e-13,0.0,0.0,0.0,0.0,,,0.0,400.0,54.65083712006418,0.0,0.0
batched_greedy@10s+aware,4,400,2422,2265,0.935177539223782,0.064822460776218,0.0173410404624277,0.0474814203137902,0.0,209.62477948696335,183.658459328748,390.6963222693169,203.24018510314036,906.0,8.775717439293599,200.84906204766975,0.2272965706036761,0.1100356863839522,0.6626677430123715,1078,5.2430426716141,0.0725743970573728,0.1487230006205209,0.0534938147776663,,,,2422,0.0,0.935177539223782,0.0,0.0,1.0,21716.691311239658,0.0,2.7343347110679788e-15,2.660531593906055e-13,0.0,0.0,0.0,0.0,,,0.0,400.0,54.29172827809914,0.0,0.0
batched_greedy@10s+aware,5,400,2422,2271,0.9376548307184144,0.0623451692815854,0.018579686209744,0.0437654830718414,0.0,211.5619512600745,189.184748548284,395.5526922551453,205.67556708851768,908.4,9.033905768383972,202.52804549169056,0.2279852184442601,0.1106963249666678,0.661318456589072,1076,5.283457249070632,0.0712379182272052,0.1517999994575802,0.0557409879839786,,,,2422,0.0,0.9376548307184144,0.0,0.0,1.0,21720.12517487805,0.0,-1.5912121173015983e-14,2.7236298250258224e-13,0.0,0.0,0.0,0.0,,,0.0,400.0,54.30031293719512,0.0,0.0
batched_greedy@10s+aware,0,450,2422,2297,0.9483897605284888,0.0516102394715111,0.0198183319570602,0.0317919075144508,0.0,180.7662862183249,153.39391196534416,352.4459814571343,177.94683479703997,918.8,8.969090117544624,171.79719610078024,0.3140940235950433,0.0861972007344316,0.599708775670525,1075,5.187906976744186,0.0808099535077967,0.1711540001633693,0.0548494983277592,,,,2422,0.0,0.9483897605284888,0.0,0.0,1.0,22111.793833703105,0.0,-1.890424159300789e-15,2.676494927590287e-13,0.0,0.0,0.0,0.0,,,0.0,450.0,49.137319630451344,0.0,0.0
batched_greedy@10s+aware,1,450,2422,2319,0.9574731626754748,0.0425268373245251,0.0107349298100743,0.0317919075144508,0.0,185.62881289983528,164.21227002543492,352.7011727734007,181.10289786368705,927.6,7.341095299698146,178.28771760013714,0.3033977767264946,0.0906666780833483,0.6059355451901571,1059,4.12653446647781,0.0777398489689479,0.1663779996306403,0.0458500669344042,,,,2422,0.0,0.9574731626754748,0.0,0.0,1.0,22357.769671651266,0.0,-1.1617366069665392e-14,2.6545446881310453e-13,0.0,0.0,0.0,0.0,,,0.0,450.0,49.68393260366948,0.0,0.0
batched_greedy@10s+aware,2,450,2422,2293,0.9467382328654004,0.0532617671345995,0.0173410404624277,0.0359207266721717,0.0,183.8456101855692,159.94022859071083,356.57650798107085,179.2030359866703,917.2,7.659398168338421,176.18621201723073,0.3125607711594989,0.089105786639759,0.5983334422007419,1072,4.615671641791045,0.0849333955115912,0.1680580003994691,0.0512734584450402,,,,2422,0.0,0.9467382328654004,0.0,0.0,1.0,22069.351050952093,0.0,4.829784873633172e-15,2.6960378979465213e-13,0.0,0.0,0.0,0.0,,,0.0,450.0,49.043002335449096,0.0,0.0
batched_greedy@10s+aware,3,450,2422,2316,0.9562345169281584,0.0437654830718414,0.0136251032204789,0.0301403798513625,0.0,188.70185351090615,163.06768141538805,363.7625703134772,185.064727032766,926.4,8.325561312607945,180.37629219829824,0.3044494239535475,0.0906807875748012,0.6048697884716511,1068,4.52808988764045,0.07555402624532,0.164197999438329,0.0478741211918312,,,,2422,0.0,0.9562345169281584,0.0,0.0,1.0,22321.246013935142,0.0,-1.0546543488848508e-14,2.689013855183908e-13,0.0,0.0,0.0,0.0,,,0.0,450.0,49.60276891985588,0.0,0.0
batched_greedy@10s+aware,4,450,2422,2313,0.9549958711808424,0.0450041288191577,0.0152766308835673,0.0297274979355904,0.0,182.5522785120516,156.7365290937014,350.3691188506172,180.2617734064668,925.2,8.119325551232166,174.43295296081945,0.3091984654491466,0.0884128855993031,0.6023886489515502,1073,4.801491146318733,0.0768159366161141,0.1696239985903957,0.0486087831042574,,,,2422,0.0,0.9549958711808424,0.0,0.0,1.0,22176.398347263195,0.0,7.599243807118667e-16,2.6507767494687913e-13,0.0,0.0,0.0,0.0,,,0.0,450.0,49.28088521614043,0.0,0.0
batched_greedy@10s+aware,5,450,2422,2309,0.953344343517754,0.046655656482246,0.0144508670520231,0.0322047894302229,0.0,185.34850725256752,160.61011740229517,358.61979026634583,182.49907448107223,923.6,8.225638804677349,177.12286844789017,0.3099959681747656,0.0889950429059054,0.601008988919329,1067,4.803186504217432,0.0783238050739753,0.167433999813511,0.041497975708502,,,,2422,0.0,0.953344343517754,0.0,0.0,1.0,22230.94893272277,0.0,1.943298993644449e-15,2.696892802913791e-13,0.0,0.0,0.0,0.0,,,0.0,450.0,49.40210873938394,0.0,0.0
batched_greedy@10s+aware,0,500,2422,2315,0.9558216350123864,0.0441783649876135,0.0202312138728323,0.0239471511147811,0.0,169.66376666559907,141.07768662432318,334.18318101002046,168.0218172350092,926.0,8.256155507559395,161.40761115803969,0.3822783927040042,0.0738396094525966,0.5438819978433991,1071,4.84500466853408,0.0831916900067263,0.1715600003080908,0.0462525320729237,,,,2422,0.0,0.9558216350123864,0.0,0.0,1.0,22284.269941427447,0.0,-1.5695628142519276e-15,2.615115707376154e-13,0.0,0.0,0.0,0.0,,,0.0,500.0,44.56853988285489,0.0,0.0
batched_greedy@10s+aware,1,500,2422,2338,0.9653179190751444,0.0346820809248554,0.0103220478943022,0.0243600330305532,0.0,168.31107880905276,146.1727785907001,325.5652368385535,166.05411667940882,935.2,7.111633875106929,161.19944493394584,0.3730430909979369,0.0751062719395405,0.5518506370625226,1062,4.119585687382298,0.0831963276610629,0.172799999545532,0.0483817150483817,,,,2422,0.0,0.9653179190751444,0.0,0.0,1.0,22588.5626005946,0.0,-7.614477435615616e-15,2.610340420197715e-13,0.0,0.0,0.0,0.0,,,0.0,500.0,45.17712520118919,0.0,0.0
batched_greedy@10s+aware,2,500,2422,2328,0.9611890999174236,0.0388109000825763,0.0144508670520231,0.0243600330305532,0.0,164.82098507985768,135.78046090040766,337.36083876744374,162.5753748754108,931.2,7.122852233676976,157.6981328461807,0.3792103629628894,0.0737491695176643,0.5470404675194462,1071,4.2595704948646125,0.0864080298673455,0.1771800005371912,0.0495480415132239,,,,2422,0.0,0.9611890999174236,0.0,0.0,1.0,22427.622753470197,0.0,-9.885181638500963e-15,2.5976777048614365e-13,0.0,0.0,0.0,0.0,,,0.0,500.0,44.85524550694039,0.0,0.0
batched_greedy@10s+aware,3,500,2422,2334,0.963666391412056,0.0363336085879438,0.0115606936416184,0.0247729149463253,0.0,173.28046450035114,145.36845140534433,338.07993473153545,171.03255156014012,933.6,8.461868037703514,164.81859646264763,0.372184179579471,0.0758916939359294,0.5519241264845995,1068,4.442883895131086,0.0844806179472303,0.1800650002041947,0.0420309347679892,,,,2422,0.0,0.963666391412056,0.0,0.0,1.0,22578.34187013483,0.0,6.9535922292975105e-15,2.626355764306669e-13,0.0,0.0,0.0,0.0,,,0.0,500.0,45.15668374026966,0.0,0.0
batched_greedy@10s+aware,4,500,2422,2330,0.9620148637489678,0.0379851362510322,0.0148637489677952,0.0231213872832369,0.0,165.9544687762175,139.7750233226393,327.0070547583569,165.2722601925934,932.0,7.401287553648069,158.55318122256946,0.3812274961305679,0.0741332933882266,0.5446392104812054,1073,4.59645852749301,0.0850829450104346,0.1745119999395683,0.0558696375124709,,,,2422,0.0,0.9620148637489678,0.0,0.0,1.0,22283.750067363988,0.0,2.789185191822239e-15,2.6663992902043813e-13,0.0,0.0,0.0,0.0,,,0.0,500.0,44.56750013472798,0.0,0.0
batched_greedy@10s+aware,5,500,2422,2335,0.9640792733278284,0.0359207266721717,0.0111478117258464,0.0247729149463253,0.0,164.1117983248873,138.34347914857926,321.98489731473256,162.53597137088877,934.0,6.782869379014989,157.32892894587232,0.3752808371871641,0.0742483986939527,0.5504707641188832,1064,4.190789473684211,0.0831730263236298,0.1734920000671989,0.0509660226515656,,,,2422,0.0,0.9640792733278284,0.0,0.0,1.0,22528.68985786744,0.0,-1.1180397554709114e-14,2.6999140491716e-13,0.0,0.0,0.0,0.0,,,0.0,500.0,45.05737971573488,0.0,0.0
optimal@10s+aware,0,300,2422,1977,0.8162675474814203,0.1837324525185797,0.0763831544178365,0.1073492981007431,0.0,342.06304678124854,333.3361141022506,530.2789276153632,302.86497033530406,790.8,35.080930703085485,306.9821160781631,0.0538201969047533,0.1729366567349046,0.773243146360342,1098,13.620218579234972,0.1337606557425432,0.2116269995894981,0.0462633451957295,4.820581195964038,0.0004398330336655,0.0437158469945355,2422,0.0,0.8162675474814203,0.0,0.0,1.0,19077.69443821036,0.0,4.057677029201584e-15,2.717134110581656e-13,0.0,0.0,0.0,0.0,,,0.0,300.0,63.59231479403453,0.0,0.0
optimal@10s+aware,1,300,2422,1995,0.8236994219653179,0.176300578034682,0.078860445912469,0.097440132122213,0.0,350.41556257906564,340.04726181385377,541.5763985983672,313.25141350863674,798.0,43.04761904761905,307.3679435314466,0.0530968500005327,0.1713130801455113,0.775590069853956,1096,15.266423357664234,0.1431506386929171,0.2102649998050764,0.0510819439517559,6.706718811097902,0.0005402433746266,0.0492700729927007,2422,0.0,0.8236994219653179,0.0,0.0,1.0,19213.992854402983,0.0,1.4718385240744933e-15,2.705146605188118e-13,0.0,0.0,0.0,0.0,,,0.0,300.0,64.04664284800994,0.0,0.0
optimal@10s+aware,2,300,2422,1997,0.8245251857968621,0.1754748142031379,0.0755573905862923,0.0999174236168455,0.0,339.78807156277674,332.2737216187661,527.1275857286569,304.11263977131097,798.8,36.57386079118678,303.21421077159,0.0590313074022283,0.1728395801788206,0.7681291124189511,1103,14.059836808703537,0.1367972801641159,0.202191999014758,0.0476190476190476,5.669836720710034,0.000500568235696,0.0371713508612874,2422,0.0,0.8245251857968621,0.0,0.0,1.0,19068.264212599235,0.0,-5.947281836870343e-15,2.723741223662459e-13,0.0,0.0,0.0,0.0,,,0.0,300.0,63.56088070866412,0.0,0.0
optimal@10s+aware,3,300,2422,2001,0.8261767134599505,0.1738232865400495,0.0664739884393063,0.1073492981007431,0.0,335.6333557869312,326.123195375726,533.5196590216146,300.6020151730131,800.4,36.71364317841079,298.9197126085204,0.0561591771811725,0.1695969394288738,0.7742438833899536,1108,13.5956678700361,0.1365786100993748,0.208701999999903,0.049789621318373,6.634162627148578,0.0006082341993833,0.049638989169675,2422,0.0,0.8261767134599505,0.0,0.0,1.0,19244.001806644883,0.0,2.4785548703675657e-15,2.700204433416769e-13,0.0,0.0,0.0,0.0,,,0.0,300.0,64.14667268881628,0.0,0.0
optimal@10s+aware,4,300,2422,1988,0.8208092485549133,0.1791907514450867,0.0739058629232039,0.1052848885218827,0.0,329.62179634688056,312.969946483855,527.0307529827469,295.1946909406889,795.2,32.1715291750503,297.45026717183026,0.0545926829445165,0.1698676728285448,0.7755396442269387,1106,13.153707052441227,0.1356341772028906,0.200330001553084,0.0491687301025822,7.468785179876001,0.0007120101627792,0.0524412296564195,2422,0.0,0.8208092485549133,0.0,0.0,1.0,19055.60888789229,0.0,3.413321492207725e-16,2.7884692096158763e-13,0.0,0.0,0.0,0.0,,,0.0,300.0,63.5186962929743,0.0,0.0
optimal@10s+aware,5,300,2422,1998,0.8249380677126342,0.1750619322873658,0.069777043765483,0.1052848885218827,0.0,341.90295761776133,329.3575390416572,534.3523587986225,304.72515715944013,799.2,35.429929929929926,306.4730276878314,0.0477767792978944,0.1745259647756512,0.7776972559264543,1110,13.152252252252252,0.1375217117383071,0.2036920002319676,0.0539782684893095,6.036620247300204,0.0005736105077683,0.0504504504504504,2422,0.0,0.8249380677126342,0.0,0.0,1.0,19133.56444891751,0.0,-7.197890376268483e-15,2.674101625262512e-13,0.0,0.0,0.0,0.0,,,0.0,300.0,63.778548163058375,0.0,0.0
optimal@10s+aware,0,350,2422,2180,0.9000825763831544,0.0999174236168455,0.0297274979355904,0.0701899256812551,0.0,262.5587918994796,243.62996748232536,458.9912850012733,245.9828161806009,872.0,13.00183486238532,249.55695703709424,0.1231189922984483,0.1439588232955385,0.7329221844060131,1087,6.718491260349586,0.1372077276989866,0.2006419995814213,0.0454079890747695,6.165923166502753,0.0013929230932947,0.0496780128794848,2422,0.0,0.9000825763831544,0.0,0.0,1.0,21008.743577487003,0.0,-1.105904358914688e-14,2.7188526659418533e-13,0.0,0.0,0.0,0.0,,,0.0,350.0,60.02498164996286,0.0,0.0
optimal@10s+aware,1,350,2422,2205,0.9104046242774566,0.0895953757225433,0.0255986787778695,0.0639966969446738,0.0,256.94128425903807,237.5650751707972,451.2804253104434,242.1483122833932,882.0,11.629478458049888,245.3118058009882,0.1172512589103027,0.1445016184674453,0.7382471226222519,1087,6.074517019319227,0.1383623735081157,0.2069119995212532,0.0474898236092265,6.93131014682941,0.0018146357645165,0.0634774609015639,2422,0.0,0.9104046242774566,0.0,0.0,1.0,21256.140293354994,0.0,-5.694009134186381e-15,2.684772031801389e-13,0.0,0.0,0.0,0.0,,,0.0,350.0,60.7318294095857,0.0,0.0
optimal@10s+aware,2,350,2422,2171,0.8963666391412056,0.1036333608587943,0.0317919075144508,0.0718414533443435,0.0,261.05239768491924,242.58220232680287,456.3594258783192,243.5834295139184,868.4,12.342238599723627,248.7101590851956,0.1313043761286929,0.143339112229471,0.725356511641836,1097,6.526891522333637,0.1390411121284676,0.2129759996023493,0.056081081081081,5.337400018294305,0.0012544221399625,0.0510483135824977,2422,0.0,0.8963666391412056,0.0,0.0,1.0,20791.340176329828,0.0,-5.401892148189984e-15,2.6957585557339613e-13,0.0,0.0,0.0,0.0,,,0.0,350.0,59.40382907522808,0.0,0.0
optimal@10s+aware,3,350,2422,2208,0.911643270024773,0.088356729975227,0.0243600330305532,0.0639966969446738,0.0,259.9138504240087,239.2074944535998,455.1048001548658,245.7041381244628,883.2,13.639039855072465,246.2748105689362,0.1255807233127601,0.1438561753215499,0.7305631013656898,1094,6.364716636197441,0.1405053930337545,0.2180190002945891,0.0418367346938775,4.414413679835594,0.001076385959464,0.0429616087751371,2422,0.0,0.911643270024773,0.0,0.0,1.0,21202.27868677392,0.0,-6.407917674738676e-15,2.7187511501362377e-13,0.0,0.0,0.0,0.0,,,0.0,350.0,60.57793910506833,0.0,0.0
optimal@10s+aware,4,350,2422,2207,0.9112303881090008,0.0887696118909991,0.0255986787778695,0.0631709331131296,0.0,257.32018023043776,236.56443480174855,455.0810767691674,244.1737637967798,882.8,13.40326234707748,243.9169178833603,0.1236563773016471,0.142423665225219,0.7339199574731338,1097,6.651777575205105,0.1413250683467433,0.2182640007231384,0.0538720538720538,4.2261771679735824,0.0009745228215917,0.0501367365542388,2422,0.0,0.9112303881090008,0.0,0.0,1.0,21105.72656149336,0.0,-1.4555340771959282e-14,2.702090678278634e-13,0.0,0.0,0.0,0.0,,,0.0,350.0,60.30207588998102,0.0,0.0
optimal@10s+aware,5,350,2422,2201,0.9087530966143684,0.0912469033856317,0.0255986787778695,0.0656482246077621,0.0,257.5008864668909,239.54736758808207,445.7118752229581,244.0493818789773,880.4,11.817355747387552,245.68353071950327,0.1231063482447831,0.1438385866034072,0.7330550651518096,1081,6.380203515263645,0.1438617021261697,0.2072799990855856,0.0451612903225806,3.6866738599562954,0.0009003733063384,0.0407030527289546,2422,0.0,0.9087530966143684,0.0,0.0,1.0,21030.594901261786,0.0,-6.8229535303451696e-15,2.749341972723356e-13,0.0,0.0,0.0,0.0,,,0.0,350.0,60.08741400360509,0.0,0.0
optimal@10s+aware,0,400,2422,2257,0.9318744838976052,0.0681255161023947,0.0227085053674649,0.0454170107349298,0.0,211.1639445422868,186.6426054709209,401.9519551002341,203.615246186178,902.8,9.849357554275588,201.31458698801123,0.2292702468227854,0.109841042394314,0.6608887107829006,1077,5.33983286908078,0.1453509749599706,0.213143999571912,0.0553134428427757,3.135702963461232,0.0010599211903611,0.0389972144846796,2422,0.0,0.9318744838976052,0.0,0.0,1.0,21724.54790865306,0.0,-1.1864284969224224e-14,2.717208135253172e-13,0.0,0.0,0.0,0.0,,,0.0,400.0,54.311369771632656,0.0,0.0
optimal@10s+aware,1,400,2422,2292,0.9463253509496284,0.0536746490503715,0.0156895127993393,0.0379851362510322,0.0,209.94994372505667,186.5106970649717,388.7746631261822,203.34100749671325,916.8,9.112565445026178,200.8373782800305,0.2172635251462776,0.1120393568377731,0.6706971180159491,1073,4.794967381174278,0.1451797763225198,0.2097560009133303,0.047027208599261,3.726818873814577,0.0015180120256812,0.0344827586206896,2422,0.0,0.9463253509496284,0.0,0.0,1.0,21994.991312919265,0.0,-1.1189226779943831e-14,2.708732985827644e-13,0.0,0.0,0.0,0.0,,,0.0,400.0,54.98747828229816,0.0,0.0
optimal@10s+aware,2,400,2422,2278,0.9405450041288193,0.0594549958711808,0.0210569777043765,0.0383980181668042,0.0,206.3579797527419,183.4726156428087,385.6556389692588,200.14007676623345,911.2,8.932396839332748,197.4255829134092,0.2262545696928674,0.109065075211768,0.6646803550953646,1076,5.118029739776952,0.1455293680223076,0.2166250001209846,0.0456698240866035,3.096392963137205,0.0011232629893665,0.0353159851301115,2422,0.0,0.9405450041288193,0.0,0.0,1.0,21832.18820001336,0.0,-6.431300716836509e-15,2.7177362886737217e-13,0.0,0.0,0.0,0.0,,,0.0,400.0,54.5804705000334,0.0,0.0
optimal@10s+aware,3,400,2422,2278,0.9405450041288193,0.0594549958711808,0.018579686209744,0.0408753096614368,0.0,213.1506072346613,190.19191782331745,386.3085244017454,206.6948924974384,911.2,9.756804214223004,203.39380302043836,0.2234585014154837,0.1115468778794613,0.664994620705055,1080,5.161111111111111,0.1443550926153504,0.2238300004501071,0.0458530006743088,3.666866281473519,0.0013039565454017,0.0314814814814814,2422,0.0,0.9405450041288193,0.0,0.0,1.0,21875.26188263874,0.0,-8.13552717535681e-15,2.691320973513632e-13,0.0,0.0,0.0,0.0,,,0.0,400.0,54.688154706596855,0.0,0.0
optimal@10s+aware,4,400,2422,2274,0.9388934764657308,0.0611065235342692,0.0169281585466556,0.0441783649876135,0.0,212.3754076408052,191.0587838293186,391.445491118732,206.5263021838825,909.6,8.902374670184697,203.4730329706205,0.2236008304793488,0.1108461986593354,0.6655529708613158,1085,5.225806451612903,0.1405425806464638,0.1995720010017979,0.0499832271049983,3.512441639570933,0.0012249227944416,0.0350230414746543,2422,0.0,0.9388934764657308,0.0,0.0,1.0,21836.44828668644,0.0,-2.796355934847426e-15,2.653311949122327e-13,0.0,0.0,0.0,0.0,,,0.0,400.0,54.591120716716105,0.0,0.0
optimal@10s+aware,5,400,2422,2271,0.9376548307184144,0.0623451692815854,0.0206440957886044,0.041701073492981,0.0,210.61257657184532,187.0098455853445,393.6479314193657,205.0741909597875,908.4,9.29810656098635,201.31447001085905,0.2256861267510574,0.1108279132557676,0.663485959993175,1074,5.4143389199255125,0.1429896648129161,0.2115430008416296,0.0469119136010799,3.86575412083908,0.0012760230508456,0.0381750465549348,2422,0.0,0.9376548307184144,0.0,0.0,1.0,21723.5829924748,0.0,-1.7176924787859753e-15,2.700672505238769e-13,0.0,0.0,0.0,0.0,,,0.0,400.0,54.30895748118699,0.0,0.0
optimal@10s+aware,0,450,2422,2298,0.9488026424442608,0.051197357555739,0.0198183319570602,0.0313790255986787,0.0,181.28230447053363,155.60529454623477,351.1706762843616,178.34177471721608,919.2,8.478241949521323,172.80406252101233,0.3134429602412908,0.0873173404787161,0.599239699279993,1071,5.064425770308123,0.1489564892241474,0.2174100003685452,0.0551654964894684,2.87910859659,0.0011141162321509,0.0308123249299719,2422,0.0,0.9488026424442608,0.0,0.0,1.0,22099.00101332339,0.0,-5.075139612307374e-15,2.679991418806124e-13,0.0,0.0,0.0,0.0,,,0.0,450.0,49.108891140718654,0.0,0.0
optimal@10s+aware,1,450,2422,2321,0.958298926507019,0.041701073492981,0.0107349298100743,0.0309661436829066,0.0,186.37066568217327,164.46650716635668,353.27679822279606,182.0245472115438,928.4,7.389918138733305,178.98074754343995,0.3031389912573669,0.0907891462916388,0.6060718624509943,1055,4.166824644549763,0.1540367772771124,0.2247260003787233,0.0458500669344042,1.836197637855693,0.0010387447437012,0.0227488151658767,2422,0.0,0.958298926507019,0.0,0.0,1.0,22361.77182748224,0.0,-7.887797361511775e-15,2.6842485341072053e-13,0.0,0.0,0.0,0.0,,,0.0,450.0,49.69282628329387,0.0,0.0
optimal@10s+aware,2,450,2422,2298,0.9488026424442608,0.051197357555739,0.0169281585466556,0.0342691990090834,0.0,183.10466410437652,157.99652385898116,358.7430539697373,178.81769011679083,919.2,8.115317667536988,174.98934643683955,0.3113054570347872,0.0880950086111304,0.6005995343540823,1073,4.698974836905872,0.1498395153619823,0.2190599999448749,0.0487067517635203,2.371552979906382,0.0010392203646498,0.0372786579683131,2422,0.0,0.9488026424442608,0.0,0.0,1.0,22142.576155024064,0.0,-2.6707192689851463e-16,2.7134237222456624e-13,0.0,0.0,0.0,0.0,,,0.0,450.0,49.20572478894236,0.0,0.0
optimal@10s+aware,3,450,2422,2322,0.9587118084227912,0.0412881915772089,0.0127993393889347,0.0284888521882741,0.0,186.73228386616697,161.69773115233875,362.5732369332471,183.47491409980768,928.8,8.62489233419466,178.1073915319723,0.3047520830544282,0.0900228999676255,0.6052250169779462,1069,4.555659494855004,0.1475438728089319,0.2208479994442311,0.047842087654734,2.4079556954153083,0.0011244267017849,0.0261927034611786,2422,0.0,0.9587118084227912,0.0,0.0,1.0,22345.780155517103,0.0,-4.183465708983751e-15,2.7093764116160723e-13,0.0,0.0,0.0,0.0,,,0.0,450.0,49.65728923448245,0.0,0.0
optimal@10s+aware,4,450,2422,2315,0.9558216350123864,0.0441783649876135,0.0152766308835673,0.0289017341040462,0.0,185.3329482770758,160.50201924347857,355.3485339465384,183.11187025413187,926.0,7.896760259179266,177.43618801789654,0.3073102267220477,0.0896583992527787,0.6030313740251735,1078,4.742115027829313,0.1442326530450507,0.210360999826662,0.0450874831763122,2.5080765040555986,0.0010767664654722,0.0296846011131725,2422,0.0,0.9558216350123864,0.0,0.0,1.0,22216.671449485057,0.0,-2.6514907380335057e-15,2.6646541944395153e-13,0.0,0.0,0.0,0.0,,,0.0,450.0,49.37038099885568,0.0,0.0
optimal@10s+aware,5,450,2422,2315,0.9558216350123864,0.0441783649876135,0.0136251032204789,0.0305532617671346,0.0,185.14066079609825,159.0312796257008,358.94434887240493,182.23070773058657,926.0,7.95939524838013,177.1812655477181,0.3077665764584745,0.0896761765649806,0.6025572469765449,1070,4.618691588785047,0.1458997196112879,0.2157880002050658,0.0427609427609427,2.147711854488559,0.0009705660242781,0.0299065420560747,2422,0.0,0.9558216350123864,0.0,0.0,1.0,22273.049655926658,0.0,-3.1874670889281386e-15,2.7298192504162173e-13,0.0,0.0,0.0,0.0,,,0.0,450.0,49.49566590205925,0.0,0.0
optimal@10s+aware,0,500,2422,2314,0.9554087530966144,0.0445912469033856,0.0198183319570602,0.0247729149463253,0.0,167.87768004303027,139.94468534528437,328.54505033222074,166.0008707967851,925.6,8.33275713050994,159.54492291252032,0.3838342125444861,0.0728996870565949,0.5432661003989189,1077,4.779015784586815,0.1505454967430277,0.2273319999221712,0.0513595166163142,2.0780613516890525,0.000904502282044,0.0278551532033426,2422,0.0,0.9554087530966144,0.0,0.0,1.0,22240.99574735681,0.0,-1.2192014420034443e-14,2.639447289369326e-13,0.0,0.0,0.0,0.0,,,0.0,500.0,44.48199149471362,0.0,0.0
optimal@10s+aware,1,500,2422,2336,0.9644921552436004,0.0355078447563996,0.009496284062758,0.0260115606936416,0.0,169.26397377197455,147.3661467012994,325.5024991854257,166.50930788233913,934.4,6.925941780821918,162.33803199115263,0.3732951830056846,0.0752214394589214,0.551483377535394,1063,4.0,0.1524698964973741,0.239888000032806,0.0477143810477143,1.7813545298481577,0.0011360897331652,0.0253998118532455,2422,0.0,0.9644921552436004,0.0,0.0,1.0,22560.264830964763,0.0,-9.657419460780471e-15,2.6229779383498523e-13,0.0,0.0,0.0,0.0,,,0.0,500.0,45.12052966192952,0.0,0.0
optimal@10s+aware,2,500,2422,2325,0.9599504541701074,0.0400495458298926,0.0148637489677952,0.0251857968620974,0.0,163.3578507483451,137.25438002864303,326.4312873903949,161.00430456142786,930.0,6.9961290322580645,156.36172171608703,0.3809267264637342,0.0731284850817754,0.5459447884544903,1070,4.241121495327103,0.1448632710396799,0.2206169992678041,0.053053053053053,1.0528476046320614,0.0005907137826441,0.0205607476635514,2422,0.0,0.9599504541701074,0.0,0.0,1.0,22352.2302554544,0.0,-3.3250343935784477e-15,2.632346909145996e-13,0.0,0.0,0.0,0.0,,,0.0,500.0,44.7044605109088,0.0,0.0
optimal@10s+aware,3,500,2422,2335,0.9640792733278284,0.0359207266721717,0.0115606936416184,0.0243600330305532,0.0,171.70465402257682,144.6790305307568,335.7051148464017,169.48998351257606,934.0,8.40556745182013,163.29908657075669,0.3722465697664671,0.0756731727367587,0.5520802574967741,1066,4.418386491557223,0.1454948405330171,0.2299350003340805,0.0446009389671361,1.4423041360108106,0.0007353296120368,0.023452157598499,2422,0.0,0.9640792733278284,0.0,0.0,1.0,22588.769552588627,0.0,9.305903656515445e-15,2.670069732764889e-13,0.0,0.0,0.0,0.0,,,0.0,500.0,45.17753910517725,0.0,0.0
optimal@10s+aware,4,500,2422,2330,0.9620148637489678,0.0379851362510322,0.0152766308835673,0.0227085053674649,0.0,164.9558041588266,136.96529092984883,327.5262872355718,164.588563421717,932.0,7.713304721030043,157.24249943779654,0.380827502572131,0.0734561765941594,0.5457163208337096,1071,4.7329598506069095,0.1532819794381991,0.2351200002522088,0.0580816461998008,2.5677810543469817,0.0011618393564054,0.0289449112978524,2422,0.0,0.9620148637489678,0.0,0.0,1.0,22329.24535324475,0.0,5.28713934817199e-15,2.6715949433634e-13,0.0,0.0,0.0,0.0,,,0.0,500.0,44.6584907064895,0.0,0.0
optimal@10s+aware,5,500,2422,2336,0.9644921552436004,0.0355078447563996,0.0103220478943022,0.0251857968620974,0.0,166.06683487867218,138.17636211738022,335.2813921624577,164.28423235872438,934.4,7.090753424657534,158.97608145401466,0.374642346403823,0.0749231291879184,0.5504345244082585,1063,4.216368767638758,0.1529953904020473,0.2267319997190496,0.0499833388870376,2.533279322267405,0.0014478308430001,0.0282220131702728,2422,0.0,0.9644921552436004,0.0,0.0,1.0,22523.95056246357,0.0,-4.258389683493751e-17,2.680641097224733e-13,0.0,0.0,0.0,0.0,,,0.0,500.0,45.04790112492714,0.0,0.0
batched_greedy@30s+aware,0,300,2422,2004,0.8274153592072667,0.1725846407927332,0.0933113129644921,0.0792733278282411,0.0,337.9627829832199,329.13914397264944,534.7170969864385,308.70477482963105,801.6,51.40119760479042,286.5615853784294,0.0551485220044585,0.1636904367570772,0.7811610412384642,367,20.73841961852861,0.0832416893706491,0.2363019997210358,0.0449438202247191,,,,2422,0.0,0.8274153592072667,0.0,0.0,1.0,19282.28913347184,0.0,7.41921494300404e-16,2.767065795833623e-13,0.0,0.0,0.0,0.0,,,0.0,300.0,64.2742971115728,0.0,0.0
batched_greedy@30s+aware,1,300,2422,2025,0.8360858794384806,0.1639141205615194,0.0829892650701899,0.0809248554913294,0.0,329.6250033502822,315.40997782495106,522.4463218595268,301.7181022383885,810.0,47.29925925925926,282.3257440910229,0.059675204211558,0.1622456987861256,0.7780790970023165,373,18.935656836461128,0.0828930294848404,0.1942919997964051,0.055929203539823,,,,2422,0.0,0.8360858794384806,0.0,0.0,1.0,19304.288855596835,0.0,-1.6473187697332002e-14,2.742545833780803e-13,0.0,0.0,0.0,0.0,,,0.0,300.0,64.34762951865612,0.0,0.0
batched_greedy@30s+aware,2,300,2422,2014,0.8315441783649876,0.1684558216350123,0.0924855491329479,0.0759702725020644,0.0,332.61714476592647,320.94018833792234,530.4584149103403,304.1313769813983,805.6,46.85650446871897,285.7606402972075,0.0605837453765977,0.1650793732556018,0.7743368813678004,367,19.6866485013624,0.0901487738560432,0.2573620001567176,0.0442189198985139,,,,2422,0.0,0.8315441783649876,0.0,0.0,1.0,19212.24787469068,0.0,-6.278107240740309e-15,2.681557943807637e-13,0.0,0.0,0.0,0.0,,,0.0,300.0,64.04082624896893,0.0,0.0
batched_greedy@30s+aware,3,300,2422,2017,0.8327828241123039,0.1672171758876961,0.0813377374071015,0.0858794384805945,0.0,324.2601410111725,308.88646068752405,520.4427285146867,296.6143889603684,806.8,43.99504214179475,280.2650988693777,0.05864829013798,0.1619905823385073,0.7793611275235127,370,18.47297297297297,0.0901267567806408,0.2246650005508854,0.0504619758351101,,,,2422,0.0,0.8327828241123039,0.0,0.0,1.0,19338.3105501178,0.0,1.4302446738651497e-15,2.660219865687852e-13,0.0,0.0,0.0,0.0,,,0.0,300.0,64.46103516705934,0.0,0.0
batched_greedy@30s+aware,4,300,2422,2008,0.8290668868703551,0.1709331131296449,0.0850536746490503,0.0858794384805945,0.0,322.7406724141621,307.8996130046262,514.3441470880022,295.5557728382931,803.2,43.39093625498008,279.349736159182,0.0561392184971145,0.1626273216630093,0.781233459839876,372,18.642473118279568,0.0905790322273484,0.2657290003480741,0.0506600071352122,,,,2422,0.0,0.8290668868703551,0.0,0.0,1.0,19167.289215783083,0.0,4.3081961194617626e-15,2.751389200580613e-13,0.0,0.0,0.0,0.0,,,0.0,300.0,63.89096405261027,0.0,0.0
batched_greedy@30s+aware,5,300,2422,2002,0.8265895953757225,0.1734104046242774,0.0858794384805945,0.0875309661436829,0.0,331.03530224805536,317.90211993236176,525.8978626290999,301.5815080422488,800.8,45.88961038961039,285.145691858445,0.0574791526758423,0.1651818022155788,0.7773390451085789,369,19.046070460704605,0.0863092141449536,0.2334560005692765,0.0517118402282453,,,,2422,0.0,0.8265895953757225,0.0,0.0,1.0,19085.46050087341,0.0,-1.3154090981073284e-14,2.714835793179097e-13,0.0,0.0,0.0,0.0,,,0.0,300.0,63.61820166957804,0.0,0.0
batched_greedy@30s+aware,0,350,2422,2187,0.902972749793559,0.0970272502064409,0.0346820809248554,0.0623451692815854,0.0,270.77045668807864,251.1688538682647,473.5951645807189,256.63908150832583,874.8,26.649748513946044,244.12070817413257,0.1260817277363811,0.1411993435144271,0.7327189287491918,367,12.82016348773842,0.1061752043462711,0.2527279996866126,0.052076242341729,,,,2422,0.0,0.902972749793559,0.0,0.0,1.0,20992.766262426256,0.0,-5.5252251486146326e-15,2.704679948989428e-13,0.0,0.0,0.0,0.0,,,0.0,350.0,59.979332178360735,0.0,0.0
batched_greedy@30s+aware,1,350,2422,2211,0.9128819157720892,0.0871180842279108,0.0289017341040462,0.0582163501238645,0.0,268.27960746153224,247.9616752184047,460.4299195633662,255.3078979445,884.4,25.92582541836273,242.35378204316947,0.1244108679485232,0.1397635792739243,0.7358255527775523,366,12.311475409836063,0.1060636611770259,0.2558399996814846,0.0453306066802999,,,,2422,0.0,0.9128819157720892,0.0,0.0,1.0,21265.2568335077,0.0,-7.288606624621923e-15,2.68037865886201e-13,0.0,0.0,0.0,0.0,,,0.0,350.0,60.75787666716487,0.0,0.0
batched_greedy@30s+aware,2,350,2422,2191,0.9046242774566474,0.0953757225433526,0.037159372419488,0.0582163501238645,0.0,256.82050445404,233.73661184203863,452.9290628597319,243.72067842433236,876.4,25.429027841168416,231.3914766128716,0.1409338354426299,0.1347087416651242,0.7243574228922459,367,12.553133514986376,0.1092155313012472,0.2264959995227396,0.0486134885313248,,,,2422,0.0,0.9046242774566474,0.0,0.0,1.0,20999.53589801364,0.0,-1.3823315432119703e-16,2.683397395964204e-13,0.0,0.0,0.0,0.0,,,0.0,350.0,59.99867399432468,0.0,0.0
batched_greedy@30s+aware,3,350,2422,2197,0.90710156895128,0.09289843104872,0.0301403798513625,0.0627580511973575,0.0,261.38090360371496,241.1514463233434,459.2751616948903,248.54692991799183,878.8,24.46244879380974,236.9184548099052,0.133524919976843,0.1377293249494239,0.728745755073733,366,12.065573770491802,0.1065510929445815,0.2746299996942981,0.0485898742779476,,,,2422,0.0,0.90710156895128,0.0,0.0,1.0,21028.62029340668,0.0,5.336347355503711e-17,2.7043799860214697e-13,0.0,0.0,0.0,0.0,,,0.0,350.0,60.08177226687624,0.0,0.0
batched_greedy@30s+aware,4,350,2422,2212,0.9132947976878611,0.0867052023121387,0.0338563170933113,0.0528488852188274,0.0,257.7219438705273,235.53760290727405,454.7718488011142,248.35672027868583,884.8,25.71157323688969,232.01037063363768,0.1308444571418137,0.1354668148596597,0.7336887279985264,368,12.763586956521738,0.1160554348475868,0.2741650000461959,0.0519877675840978,,,,2422,0.0,0.9132947976878611,0.0,0.0,1.0,21087.386958238312,0.0,5.633428222600704e-16,2.6807449167872173e-13,0.0,0.0,0.0,0.0,,,0.0,350.0,60.24967702353804,0.0,0.0
batched_greedy@30s+aware,5,350,2422,2199,0.907927332782824,0.0920726672171758,0.0297274979355904,0.0623451692815854,0.0,264.0310253060862,243.89825853781485,463.20503220187095,251.8376148989084,879.6,24.58526603001364,239.4457592760725,0.1298927624058632,0.1403674232784212,0.7297398143157154,365,12.315068493150685,0.1119402739925434,0.253463999470114,0.0562668463611859,,,,2422,0.0,0.907927332782824,0.0,0.0,1.0,20953.96317194193,0.0,-4.504304564118143e-15,2.674503537135028e-13,0.0,0.0,0.0,0.0,,,0.0,350.0,59.86846620554838,0.0,0.0
batched_greedy@30s+aware,0,400,2422,2251,0.9293971924029728,0.0706028075970272,0.0268373245251857,0.0437654830718414,0.0,220.65789765183945,197.00654834104807,405.9501983733644,213.9667860807724,900.4,22.070191026210573,198.5877066256289,0.2336666310196918,0.1071972916345651,0.6591360773457432,363,11.264462809917354,0.1390209366815497,0.28750800051057,0.0491192411924119,,,,2422,0.0,0.9293971924029728,0.0,0.0,1.0,21654.162821347243,0.0,3.497079224256868e-15,2.746041707859796e-13,0.0,0.0,0.0,0.0,,,0.0,400.0,54.135407053368105,0.0,0.0
batched_greedy@30s+aware,1,400,2422,2289,0.9450867052023122,0.0549132947976878,0.0198183319570602,0.0350949628406275,0.0,220.09054575118532,197.17095509379212,398.7839420186655,214.3279672352736,915.6,21.480122324159023,198.61042342702632,0.2177542621342264,0.1094243349633843,0.6728214029023893,363,10.677685950413224,0.1409652891761502,0.3067100001499057,0.0449324324324324,,,,2422,0.0,0.9450867052023122,0.0,0.0,1.0,22166.33134646751,0.0,-1.8933449536595723e-14,2.68835582405686e-13,0.0,0.0,0.0,0.0,,,0.0,400.0,55.415828366168775,0.0,0.0
batched_greedy@30s+aware,2,400,2422,2252,0.9298100743187449,0.0701899256812551,0.0309661436829066,0.0392237819983484,0.0,213.51079558405647,190.19584427394284,396.250371816417,207.34620418075164,900.8,21.43339253996448,192.077403044092,0.2370166955506406,0.1047938885107694,0.6581894159385898,364,11.18956043956044,0.1497494505291707,0.2915769994615403,0.0521856997627922,,,,2422,0.0,0.9298100743187449,0.0,0.0,1.0,21595.77214290868,0.0,4.828977162881143e-15,2.6862743330319346e-13,0.0,0.0,0.0,0.0,,,0.0,400.0,53.989430357271694,0.0,0.0
batched_greedy@30s+aware,3,400,2422,2273,0.9384805945499588,0.0615194054500412,0.0206440957886044,0.0408753096614368,0.0,220.03110994432404,195.77198826161293,401.8273599478874,214.07012022722907,909.2,20.948526176858778,199.08258376746528,0.2278086248878514,0.1082843805783439,0.6639069945338045,366,10.653005464480874,0.1384669398984209,0.276134998784983,0.0491417031302591,,,,2422,0.0,0.9384805945499588,0.0,0.0,1.0,21825.289862316647,0.0,-1.3582526119127302e-15,2.748390555566564e-13,0.0,0.0,0.0,0.0,,,0.0,400.0,54.56322465579162,0.0,0.0
batched_greedy@30s+aware,4,400,2422,2268,0.9364161849710982,0.0635838150289017,0.023534269199009,0.0400495458298926,0.0,217.5980664305663,193.29981169377425,396.9802040020455,212.8933820020748,907.2,21.440917107583772,196.1571493229825,0.2293947939770084,0.1066187221373533,0.6639864838856382,363,11.294765840220386,0.1426603306623973,0.274524000378733,0.0569323509711989,,,,2422,0.0,0.9364161849710982,0.0,0.0,1.0,21744.07660212835,0.0,-1.709391006168892e-15,2.659761495901018e-13,0.0,0.0,0.0,0.0,,,0.0,400.0,54.36019150532087,0.0,0.0
batched_greedy@30s+aware,5,400,2422,2265,0.935177539223782,0.064822460776218,0.0231213872832369,0.041701073492981,0.0,219.0630212362236,196.34669424136155,400.1391633092263,213.32639151959435,906.0,20.70066225165563,198.36235898456792,0.2301395048286045,0.1084076454472821,0.6614528497241133,363,10.917355371900827,0.1449261707979826,0.2855780002573738,0.0489368882888963,,,,2422,0.0,0.935177539223782,0.0,0.0,1.0,21688.747826459206,0.0,4.961643065989265e-15,2.7420244147369945e-13,0.0,0.0,0.0,0.0,,,0.0,400.0,54.221869566148015,0.0,0.0
batched_greedy@30s+aware,0,450,2422,2296,0.9479768786127168,0.0520231213872832,0.0243600330305532,0.0276630883567299,0.0,195.18261512756885,170.34243959428386,366.6277507096929,192.58861233244383,918.4,20.88283972125436,174.2997754063145,0.315255947164702,0.0871036138775657,0.5976404389577322,363,10.807162534435262,0.1597743801178972,0.3010660002837539,0.0509274873524451,,,,2422,0.0,0.9479768786127168,0.0,0.0,1.0,22070.56518647809,0.0,-1.1655020734819283e-14,2.704166739543877e-13,0.0,0.0,0.0,0.0,,,0.0,450.0,49.04570041439575,0.0,0.0
batched_greedy@30s+aware,1,450,2422,2320,0.9578860445912468,0.042113955408753,0.0123864574731626,0.0297274979355904,0.0,192.0253235713195,170.75227226916513,353.7184222222066,188.2693744068835,928.0,19.09568965517241,172.92963391614708,0.3076419506024756,0.0881244356902884,0.604233613707236,361,9.825484764542937,0.1636933517611119,0.3054600008908891,0.0472045530632741,,,,2422,0.0,0.9578860445912468,0.0,0.0,1.0,22302.677115426737,0.0,-5.994630079687246e-15,2.6684918642588245e-13,0.0,0.0,0.0,0.0,,,0.0,450.0,49.56150470094831,0.0,0.0
batched_greedy@30s+aware,2,450,2422,2295,0.9475639966969448,0.0524360033030553,0.0198183319570602,0.032617671345995,0.0,192.31901952664867,166.19552379303423,361.6497898944668,188.09504399208703,918.0,19.143355119825703,173.17566440682296,0.3168683988377177,0.0867878595091664,0.5963437416531159,362,10.157458563535911,0.1644555248185999,0.2979500001129053,0.0459304289091523,,,,2422,0.0,0.9475639966969448,0.0,0.0,1.0,22028.20314793744,0.0,1.4160543955044698e-15,2.645413300182126e-13,0.0,0.0,0.0,0.0,,,0.0,450.0,48.95156255097209,0.0,0.0
batched_greedy@30s+aware,3,450,2422,2306,0.9521056977704376,0.0478943022295623,0.0173410404624277,0.0305532617671346,0.0,197.86222300163988,174.22179330425115,368.0459949555898,194.7228036845595,922.4,20.34605377276669,177.51616922887317,0.3094508715954889,0.0893789547546799,0.601170173649831,366,10.297814207650273,0.1546368852051457,0.2991449986438966,0.0435222672064777,,,,2422,0.0,0.9521056977704376,0.0,0.0,1.0,22168.265700076867,0.0,-1.3807977600281652e-15,2.713215601886975e-13,0.0,0.0,0.0,0.0,,,0.0,450.0,49.26281266683748,0.0,0.0
batched_greedy@30s+aware,4,450,2422,2296,0.9479768786127168,0.0520231213872832,0.0189925681255161,0.0330305532617671,0.0,192.16383970201957,167.496722242362,356.5959031788316,189.62971261676057,918.4,19.839285714285715,172.32455398773385,0.3161674075679349,0.0861643147352026,0.5976682776968625,362,10.599447513812157,0.1621812154442935,0.3165340004852623,0.0455465587044534,,,,2422,0.0,0.9479768786127168,0.0,0.0,1.0,21973.23522304653,0.0,-4.120397403064409e-15,2.681503876861763e-13,0.0,0.0,0.0,0.0,,,0.0,450.0,48.82941160677006,0.0,0.0
batched_greedy@30s+aware,5,450,2422,2301,0.9500412881915772,0.0499587118084227,0.018579686209744,0.0313790255986787,0.0,195.98943843075253,167.79429195157445,364.2962371622744,193.0500709769849,920.4,20.31334202520643,175.67609640554608,0.3118515425111552,0.0884415763365876,0.599706881152257,362,10.544198895027623,0.1612113259880413,0.3321469994625657,0.0464802963960929,,,,2422,0.0,0.9500412881915772,0.0,0.0,1.0,22117.041724170635,0.0,4.606484685224379e-15,2.7425143135757426e-13,0.0,0.0,0.0,0.0,,,0.0,450.0,49.14898160926808,0.0,0.0
batched_greedy@30s+aware,0,500,2422,2310,0.953757225433526,0.0462427745664739,0.0227085053674649,0.023534269199009,0.0,178.85176797955728,149.7713950160521,340.5189109268275,177.40878857601845,924.0,19.86190476190476,158.98986321765253,0.3857318424864376,0.0730637446930247,0.5412044128205377,363,10.457300275482094,0.1713633608749199,0.3116120000413502,0.0508588750421017,,,,2422,0.0,0.953757225433526,0.0,0.0,1.0,22184.73384371308,0.0,-1.6810026194497609e-15,2.6795381690296826e-13,0.0,0.0,0.0,0.0,,,0.0,500.0,44.369467687426166,0.0,0.0
batched_greedy@30s+aware,1,500,2422,2337,0.9649050371593724,0.0350949628406275,0.0107349298100743,0.0243600330305532,0.0,180.6658682091554,156.63167978455022,339.7684219807285,178.10174844953124,934.8,18.52545999144202,162.14040821771337,0.3751224636989468,0.0750612373316637,0.5498162989693893,361,9.623268698060942,0.1733753462728381,0.3136800005449913,0.05,,,,2422,0.0,0.9649050371593724,0.0,0.0,1.0,22541.04701944178,0.0,-2.1183644388389083e-14,2.685685078978986e-13,0.0,0.0,0.0,0.0,,,0.0,500.0,45.08209403888356,0.0,0.0
batched_greedy@30s+aware,2,500,2422,2323,0.9591246903385632,0.0408753096614368,0.0165152766308835,0.0243600330305532,0.0,172.76335316485248,144.87430210281218,339.18384308186654,170.7904889949547,929.2,18.71459319845028,154.04875996640217,0.3834052391179336,0.0722157674716558,0.5443789934104105,362,9.917127071823204,0.1755439226290237,0.32050700061518,0.053440213760855,,,,2422,0.0,0.9591246903385632,0.0,0.0,1.0,22327.26465949266,0.0,-9.213847458951128e-15,2.666705044951344e-13,0.0,0.0,0.0,0.0,,,0.0,500.0,44.65452931898532,0.0,0.0
batched_greedy@30s+aware,3,500,2422,2339,0.9657308009909166,0.0342691990090834,0.0123864574731626,0.0218827415359207,0.0,182.80575648910687,153.51644955478332,346.4125979089557,181.2876633328221,935.6,19.470713980333475,163.33504250877337,0.3754576987986041,0.0751393603422141,0.5494029408591818,366,9.841530054644808,0.1679437158639953,0.3304200007733016,0.0478260869565217,,,,2422,0.0,0.9657308009909166,0.0,0.0,1.0,22540.65959867529,0.0,8.08587912316993e-15,2.680741952111407e-13,0.0,0.0,0.0,0.0,,,0.0,500.0,45.08131919735058,0.0,0.0
batched_greedy@30s+aware,4,500,2422,2326,0.9603633360858794,0.0396366639141205,0.0181668042939719,0.0214698596201486,0.0,175.85027366217406,146.1591922374364,334.39149391824776,175.93574261280529,930.4,18.53568357695615,157.31459008521796,0.3840468290803456,0.073197070612104,0.5427561003075502,363,10.28099173553719,0.1755991735148545,0.3198759994120337,0.0582168995342648,,,,2422,0.0,0.9603633360858794,0.0,0.0,1.0,22222.226707628004,0.0,-8.30710297531222e-15,2.657742183396822e-13,0.0,0.0,0.0,0.0,,,0.0,500.0,44.44445341525601,0.0,0.0
batched_greedy@30s+aware,5,500,2422,2344,0.967795210569777,0.0322047894302229,0.0119735755573905,0.0202312138728323,0.0,178.0821746482802,150.00488031120472,339.8121527516444,177.0811821009744,937.6,19.014931740614333,159.06724290766587,0.3752678083562453,0.0748835985331486,0.5498485931106061,363,9.87603305785124,0.1791349862064472,0.340728000483068,0.0484625668449197,,,,2422,0.0,0.967795210569777,0.0,0.0,1.0,22548.099084638387,0.0,-1.068163381030142e-15,2.7318951045227697e-13,0.0,0.0,0.0,0.0,,,0.0,500.0,45.09619816927677,0.0,0.0
optimal@30s+aware,0,300,2422,2026,0.8364987613542527,0.1635012386457473,0.0780346820809248,0.0854665565648224,0.0,334.69145741084265,322.9141505853804,527.005877047668,306.0819507186851,810.4,45.59970384995064,289.091753560892,0.0553217263845166,0.168095569058979,0.7765827045565044,367,19.11716621253406,0.179146321545958,0.250856000020576,0.0450321658327376,55.59447835602704,0.0042562942320468,0.335149863760218,2422,0.0,0.8364987613542527,0.0,0.0,1.0,19230.26880979096,0.0,-7.483319656604708e-15,2.718571227517077e-13,0.0,0.0,0.0,0.0,,,0.0,300.0,64.10089603263651,0.0,0.0
optimal@30s+aware,1,300,2422,2002,0.8265895953757225,0.1734104046242774,0.0962014863748967,0.0772089182493806,0.0,340.8495604566749,330.5091170084461,533.3013581216263,311.0850691438235,800.8,54.20829170829171,286.6412687483832,0.0561056609602458,0.1622059321776487,0.7816884068621054,369,20.929539295392956,0.176597289886519,0.2606119994743494,0.0524802300503235,50.88362845575392,0.0034609855779204,0.3062330623306233,2422,0.0,0.8265895953757225,0.0,0.0,1.0,19340.19701435548,0.0,-6.856098550472395e-15,2.739129824279386e-13,0.0,0.0,0.0,0.0,,,0.0,300.0,64.46732338118493,0.0,0.0
optimal@30s+aware,2,300,2422,2020,0.8340214698596201,0.1659785301403798,0.0842279108175061,0.0817506193228736,0.0,332.47413462564003,320.90377929484293,524.2335489260246,302.2624531290191,808.0,45.4490099009901,287.02512472465,0.0567446532998285,0.1673353630941995,0.775919983605972,367,18.85558583106267,0.176548773878784,0.2496400000018183,0.0524251069900142,47.81439936227542,0.0037404096320821,0.329700272479564,2422,0.0,0.8340214698596201,0.0,0.0,1.0,19267.902897593038,0.0,-1.0615930576851398e-14,2.699816168207672e-13,0.0,0.0,0.0,0.0,,,0.0,300.0,64.22634299197678,0.0,0.0
optimal@30s+aware,3,300,2422,1999,0.8253509496284063,0.1746490503715937,0.0900082576383154,0.0846407927332782,0.0,332.68204589039243,323.6389735055818,521.0718049261085,302.65253616005515,799.6,45.31065532766383,287.3713905627286,0.0587428306499391,0.1658609993889623,0.7753961699610986,370,18.93513513513513,0.1746178377927847,0.2656570002545778,0.050179211469534,49.3172777063175,0.0038152033576911,0.3135135135135135,2422,0.0,0.8253509496284063,0.0,0.0,1.0,19125.651571232866,0.0,2.2624334732931655e-15,2.70790004837638e-13,0.0,0.0,0.0,0.0,,,0.0,300.0,63.75217190410954,0.0,0.0
optimal@30s+aware,4,300,2422,2024,0.8356729975227085,0.1643270024772914,0.0838150289017341,0.0805119735755574,0.0,339.8088193841172,326.3128353542395,527.4415235409344,311.51923802907424,809.6,49.634387351778656,290.1744320323386,0.0440175796146822,0.1673443898507631,0.7886380305345546,372,19.747311827956988,0.1725991934812731,0.2478889995654754,0.0536412078152753,53.39346812541893,0.0039217630063431,0.325268817204301,2422,0.0,0.8356729975227085,0.0,0.0,1.0,19347.58700254275,0.0,1.3984421876978058e-14,2.63555536639435e-13,0.0,0.0,0.0,0.0,,,0.0,300.0,64.49195667514249,0.0,0.0
optimal@30s+aware,5,300,2422,2012,0.8307184145334434,0.1692815854665565,0.0780346820809248,0.0912469033856317,0.0,336.1752952184855,322.8328169524857,529.2674482288338,304.5476644142205,804.8,44.64314115308151,291.532154065404,0.0525608940120892,0.1688525463560914,0.7785865596318193,369,18.279132791327918,0.1713707317129426,0.2431439993961248,0.0476021314387211,55.09649668478191,0.0044603431409779,0.3495934959349593,2422,0.0,0.8307184145334434,0.0,0.0,1.0,19203.739549523725,0.0,-1.4558709881565673e-15,2.696292493450886e-13,0.0,0.0,0.0,0.0,,,0.0,300.0,64.01246516507909,0.0,0.0
optimal@30s+aware,0,350,2422,2194,0.9058629232039636,0.0941370767960363,0.0293146160198183,0.064822460776218,0.0,275.1528775616004,258.4140001255232,467.00629286269935,259.879055934679,877.6,27.15132178669097,248.00155577490943,0.1248266172853896,0.1434643889134804,0.7317089938011299,363,12.760330578512397,0.1721484848520941,0.247725999688555,0.0508819538670284,53.06757836656463,0.0080875794099672,0.3415977961432507,2422,0.0,0.9058629232039636,0.0,0.0,1.0,21097.32096083533,0.0,6.347601468048297e-16,2.72014154338935e-13,0.0,0.0,0.0,0.0,,,0.0,350.0,60.27805988810095,0.0,0.0
optimal@30s+aware,1,350,2422,2202,0.9091659785301404,0.0908340214698596,0.0297274979355904,0.0611065235342692,0.0,266.8443559398041,247.91366095715648,456.3023551141592,252.8284873978672,880.8,24.43369663941871,242.4106593003854,0.1169341224843981,0.1414845805453438,0.741581296970258,365,11.983561643835616,0.1776397259587387,0.2478079988941317,0.0508646998982706,39.778263171504754,0.0068290292577403,0.2931506849315068,2422,0.0,0.9091659785301404,0.0,0.0,1.0,21287.071489511865,0.0,-3.520042265541777e-15,2.683779124860545e-13,0.0,0.0,0.0,0.0,,,0.0,350.0,60.82020425574819,0.0,0.0
optimal@30s+aware,2,350,2422,2200,0.9083402146985962,0.0916597853014038,0.037159372419488,0.0545004128819157,0.0,266.8953798833692,250.16057008270536,455.52522314570615,253.91486070722368,880.0,24.72909090909091,242.16628897427825,0.1305388844520575,0.140934291293216,0.7285268242547264,367,12.449591280653951,0.1776852860711106,0.2663439998286775,0.0479616306954436,34.40286909925003,0.0054461478035588,0.2888283378746594,2422,0.0,0.9083402146985962,0.0,0.0,1.0,20974.738214550416,0.0,-1.1723955140041654e-15,2.682557206671018e-13,0.0,0.0,0.0,0.0,,,0.0,350.0,59.92782347014404,0.0,0.0
optimal@30s+aware,3,350,2422,2216,0.9149463253509496,0.0850536746490503,0.0276630883567299,0.0573905862923204,0.0,262.85730570987374,242.12076935914277,444.5508193691039,250.7035415703102,886.4,24.96028880866426,237.89701690120947,0.1285522601494023,0.1391839982123484,0.7322637416382491,369,11.845528455284551,0.1723333332990643,0.2420639992487849,0.0416666666666666,43.04585266182723,0.0075085620001537,0.3089430894308943,2422,0.0,0.9149463253509496,0.0,0.0,1.0,21265.269454471996,0.0,-1.7194428792931125e-15,2.773016473484869e-13,0.0,0.0,0.0,0.0,,,0.0,350.0,60.75791272706284,0.0,0.0
optimal@30s+aware,4,350,2422,2225,0.9186622625928984,0.0813377374071015,0.0313790255986787,0.0499587118084227,0.0,258.9321780845299,240.5919230342552,445.2424422321003,249.4634634732413,890.0,24.797752808988765,234.13442527554116,0.1256788023922306,0.1385760890833907,0.7357451085243785,366,12.37431693989071,0.1773142075663336,0.2423500001896173,0.0447557225828493,43.19556052611586,0.007072077353206,0.3551912568306011,2422,0.0,0.9186622625928984,0.0,0.0,1.0,21243.546115259796,0.0,-1.2647261515217558e-14,2.706109992768586e-13,0.0,0.0,0.0,0.0,,,0.0,350.0,60.69584604359941,0.0,0.0
optimal@30s+aware,5,350,2422,2205,0.9104046242774566,0.0895953757225433,0.0272502064409578,0.0623451692815854,0.0,266.03635475847955,246.0346791292636,447.2025024228202,252.93944648910636,882.0,24.905668934240364,241.1306858242392,0.1230864519425757,0.1419040460343066,0.7350095020231178,364,12.115384615384617,0.1739612637340922,0.2437369994186156,0.0539083557951482,45.430959658896896,0.0076723182872027,0.3021978021978022,2422,0.0,0.9104046242774566,0.0,0.0,1.0,21093.075120922986,0.0,-2.1914040247331345e-14,2.641801113972088e-13,0.0,0.0,0.0,0.0,,,0.0,350.0,60.26592891692282,0.0,0.0
optimal@30s+aware,0,400,2422,2270,0.9372419488026424,0.0627580511973575,0.0214698596201486,0.0412881915772089,0.0,221.27863911238785,200.6734581421479,400.85714741897857,215.0641855952552,908.0,21.74757709251101,199.53106201987683,0.2282860914028653,0.1089481114087804,0.6627657971883543,363,10.983471074380166,0.1818044077158108,0.2703240000118967,0.0501852475581003,35.07899404147331,0.0080196652609714,0.2782369146005509,2422,0.0,0.9372419488026424,0.0,0.0,1.0,21802.137807858584,0.0,4.117313440750845e-15,2.673679192874998e-13,0.0,0.0,0.0,0.0,,,0.0,400.0,54.50534451964646,0.0,0.0
optimal@30s+aware,1,400,2422,2287,0.944260941370768,0.055739058629232,0.0177539223781998,0.0379851362510322,0.0,217.97648672916463,194.0000112877169,397.14882853963206,211.99223153328728,914.8,20.787057280279843,197.1894294488848,0.2187607809378521,0.1098204448724054,0.6714187741897425,363,10.50137741046832,0.1814046831908648,0.2529080007661832,0.0496644295302013,27.13876096782468,0.0069715274717172,0.2258953168044077,2422,0.0,0.944260941370768,0.0,0.0,1.0,22017.11373209401,0.0,-3.5439755876578456e-15,2.7041964838978724e-13,0.0,0.0,0.0,0.0,,,0.0,400.0,55.04278433023504,0.0,0.0
optimal@30s+aware,2,400,2422,2269,0.9368290668868704,0.0631709331131296,0.0243600330305532,0.0388109000825763,0.0,218.00714677484584,196.62304910670173,397.20750341565474,211.42885305394591,907.6,20.326134861172324,197.6810119136736,0.2287934407951537,0.1083584117560488,0.6628481474487975,364,10.653846153846152,0.1820576923249633,0.254828999604797,0.0483761840324763,28.777505780195096,0.0069897036182809,0.2307692307692307,2422,0.0,0.9368290668868704,0.0,0.0,1.0,21823.497690333308,0.0,-6.3851768982584585e-15,2.6721135465421543e-13,0.0,0.0,0.0,0.0,,,0.0,400.0,54.55874422583327,0.0,0.0
optimal@30s+aware,3,400,2422,2271,0.9376548307184144,0.0623451692815854,0.0210569777043765,0.0412881915772089,0.0,221.6230277261753,199.9198729912632,398.3379665001648,215.11919052498607,908.4,20.18582122413034,201.43720650204497,0.227489484625838,0.1092029805060101,0.6633075348681517,365,10.468493150684932,0.1773586300758275,0.2633079997758614,0.0453008789722785,25.433536107569523,0.0063938779788506,0.2657534246575342,2422,0.0,0.9376548307184144,0.0,0.0,1.0,21770.13340767463,0.0,-1.6321207314366193e-14,2.723934879701017e-13,0.0,0.0,0.0,0.0,,,0.0,400.0,54.42533351918658,0.0,0.0
optimal@30s+aware,4,400,2422,2274,0.9388934764657308,0.0611065235342692,0.0202312138728323,0.0408753096614368,0.0,220.42264588117465,197.84670236631973,395.3329172911607,214.9685351290213,909.6,20.89094107299912,199.5317048081755,0.2271911895194386,0.109291860663404,0.6635169498171574,362,10.977900552486188,0.1827834253791122,0.2538459994138975,0.0510752688172043,29.5448548359377,0.0068400215191194,0.2541436464088398,2422,0.0,0.9388934764657308,0.0,0.0,1.0,21762.155131442072,0.0,-5.341178491380481e-15,2.7183063774117725e-13,0.0,0.0,0.0,0.0,,,0.0,400.0,54.40538782860518,0.0,0.0
optimal@30s+aware,5,400,2422,2272,0.9380677126341866,0.0619322873658133,0.0198183319570602,0.042113955408753,0.0,223.3441381902308,202.1068351627548,406.75490871539006,217.75844619020063,908.8,21.61663732394366,201.7275008662871,0.2254528066807002,0.1105757476634469,0.6639714456558529,363,11.090909090909092,0.1854429752190296,0.251351999650069,0.0519959745051996,33.03629302528167,0.0073441037247868,0.2699724517906336,2422,0.0,0.9380677126341866,0.0,0.0,1.0,21747.45816351756,0.0,-3.0445129985143376e-15,2.7277397867839653e-13,0.0,0.0,0.0,0.0,,,0.0,400.0,54.368645408793896,0.0,0.0
optimal@30s+aware,0,450,2422,2304,0.9512799339388934,0.0487200660611065,0.0218827415359207,0.0268373245251857,0.0,195.69255467003205,171.29464977757516,362.3869110620221,193.39477776822017,921.6,20.49392361111111,175.19863105892094,0.3133638132004218,0.0879610437425142,0.5986751430570639,360,10.772222222222222,0.1921486111364679,0.2827690004596664,0.0489038785834738,21.8702765052908,0.0056641283741178,0.2305555555555555,2422,0.0,0.9512799339388934,0.0,0.0,1.0,22130.61340025412,0.0,-1.5230872119076366e-15,2.7207518645451973e-13,0.0,0.0,0.0,0.0,,,0.0,450.0,49.1791408894536,0.0,0.0
optimal@30s+aware,1,450,2422,2323,0.9591246903385632,0.0408753096614368,0.0119735755573905,0.0289017341040462,0.0,196.5263912981215,176.2233940317492,363.28088500475207,192.8562020532084,929.2,19.077916487300904,177.44847481082058,0.3035359501682431,0.0894356597793203,0.6070283900524366,362,9.803867403314918,0.1836679558733491,0.2556119997279893,0.0522636484687083,19.400410168925056,0.0065159762349535,0.2071823204419889,2422,0.0,0.9591246903385632,0.0,0.0,1.0,22421.41928352004,0.0,-6.8198185416233905e-15,2.703736694043059e-13,0.0,0.0,0.0,0.0,,,0.0,450.0,49.82537618560009,0.0,0.0
optimal@30s+aware,2,450,2422,2296,0.9479768786127168,0.0520231213872832,0.0189925681255161,0.0330305532617671,0.0,190.2065761732096,168.37898769527987,355.3939064678957,186.54084993552485,918.4,18.99172473867596,171.2148514345336,0.3152298510064892,0.0866084384741698,0.598161710519341,361,10.246537396121884,0.1889983379991352,0.2655199994478606,0.0471857094708459,26.69181526232785,0.007846192929179,0.2216066481994459,2422,0.0,0.9479768786127168,0.0,0.0,1.0,22073.94267388205,0.0,-4.946488437589504e-15,2.7661999674981935e-13,0.0,0.0,0.0,0.0,,,0.0,450.0,49.05320594196012,0.0,0.0
optimal@30s+aware,3,450,2422,2310,0.953757225433526,0.0462427745664739,0.0161023947151114,0.0301403798513625,0.0,196.85705501471224,173.60805240733362,359.65881953641474,193.57404609196803,924.0,19.68831168831169,177.16874332640054,0.3092616513304527,0.0891072754877768,0.6016310731817704,366,10.05464480874317,0.1895519125966649,0.2792449999105885,0.0457296570275722,21.27367236857865,0.0063716011360191,0.2021857923497267,2422,0.0,0.953757225433526,0.0,0.0,1.0,22222.63797029008,0.0,-3.6878629058674246e-15,2.7155055500993136e-13,0.0,0.0,0.0,0.0,,,0.0,450.0,49.383639933977946,0.0,0.0
optimal@30s+aware,4,450,2422,2302,0.9504541701073492,0.0495458298926507,0.0189925681255161,0.0305532617671346,0.0,192.758247374858,169.22074980838897,360.1720187520645,190.50336528660128,920.8,19.51042571676803,173.24782165808998,0.3133849366846466,0.0874154174669393,0.599199645848414,362,10.497237569060774,0.1864903315637088,0.2575810000053024,0.0439337614058803,19.38343772230048,0.005293305184943,0.2016574585635359,2422,0.0,0.9504541701073492,0.0,0.0,1.0,22075.765747247988,0.0,-1.9472790982739066e-15,2.6571080503344213e-13,0.0,0.0,0.0,0.0,,,0.0,450.0,49.05725721610664,0.0,0.0
optimal@30s+aware,5,450,2422,2302,0.9504541701073492,0.0495458298926507,0.0177539223781998,0.0317919075144508,0.0,191.6561982709088,167.18476797701078,359.9874478260042,189.1182155676948,920.8,18.987836663770636,172.66836160713817,0.3136918763783133,0.0875674330464279,0.5987406905752588,363,10.267217630853995,0.1865953168170796,0.2577459994063247,0.0477310924369747,20.135823266888625,0.0058546655486025,0.2203856749311294,2422,0.0,0.9504541701073492,0.0,0.0,1.0,22082.36434220528,0.0,1.2312961732358861e-14,2.711996087687393e-13,0.0,0.0,0.0,0.0,,,0.0,450.0,49.07192076045618,0.0,0.0
optimal@30s+aware,0,500,2422,2309,0.953344343517754,0.046655656482246,0.023534269199009,0.0231213872832369,0.0,178.21804354091097,152.05369929433255,340.408004615394,176.79967156598343,923.6,19.51797314854916,158.70007039236182,0.3855960397721609,0.072598681072847,0.541805279154992,363,10.399449035812673,0.193185950470264,0.269027998947422,0.0476834629692255,14.27451285426008,0.0041575577997879,0.1735537190082644,2422,0.0,0.953344343517754,0.0,0.0,1.0,22186.92588249831,0.0,1.7675096745439913e-15,2.643852126303808e-13,0.0,0.0,0.0,0.0,,,0.0,500.0,44.37385176499662,0.0,0.0
optimal@30s+aware,1,500,2422,2340,0.9661436829066888,0.0338563170933113,0.0099091659785301,0.0239471511147811,0.0,179.8354946671396,155.71688228379094,340.4090851390079,177.47705232847994,936.0,18.08162393162393,161.75387073551568,0.3716664323184682,0.0754917300756128,0.552841837605919,360,9.552777777777775,0.193809722238964,0.2631379993727024,0.0406996300033636,16.200860555559085,0.0061624031962536,0.1972222222222222,2422,0.0,0.9661436829066888,0.0,0.0,1.0,22599.838596825342,0.0,-1.7356012164022585e-14,2.6137942712407336e-13,0.0,0.0,0.0,0.0,,,0.0,500.0,45.199677193650686,0.0,0.0
optimal@30s+aware,2,500,2422,2323,0.9591246903385632,0.0408753096614368,0.0152766308835673,0.0255986787778695,0.0,174.1873356840791,147.10869709264625,340.1243716875243,171.74709020130123,929.2,18.315970727507533,155.87136495657157,0.3813502542213839,0.0729249005191954,0.5457248452594207,362,9.74585635359116,0.192899999991778,0.2575509999405767,0.0549633577614923,15.930411521129972,0.0057989371219162,0.1988950276243093,2422,0.0,0.9591246903385632,0.0,0.0,1.0,22334.535234113377,0.0,-1.963703987765753e-15,2.647857539484655e-13,0.0,0.0,0.0,0.0,,,0.0,500.0,44.66907046822675,0.0,0.0
optimal@30s+aware,3,500,2422,2337,0.9649050371593724,0.0350949628406275,0.0132122213047068,0.0218827415359207,0.0,181.84468445680355,154.62183641702904,342.6026281455383,180.0735836918226,934.8,19.204963628583656,162.6397208282199,0.3746058072085094,0.0750143405675287,0.5503798522239618,366,9.74863387978142,0.1877245901342859,0.2569199996287353,0.0427321668909825,18.5505182286241,0.0063932235750797,0.1885245901639344,2422,0.0,0.9649050371593724,0.0,0.0,1.0,22552.897706831813,0.0,8.024769932378324e-15,2.6549617826809295e-13,0.0,0.0,0.0,0.0,,,0.0,500.0,45.10579541366362,0.0,0.0
optimal@30s+aware,4,500,2422,2326,0.9603633360858794,0.0396366639141205,0.0169281585466556,0.0227085053674649,0.0,175.6347239452474,147.96687222260243,332.76648221287087,175.02002913057348,930.4,19.306534823731727,156.32818912151566,0.3840669733656343,0.0727441270424923,0.5431888995918734,362,10.314917127071825,0.2014643646638312,0.2661750006154761,0.0499497150519611,16.475750178603736,0.0050419432105703,0.1988950276243093,2422,0.0,0.9603633360858794,0.0,0.0,1.0,22246.419398740876,0.0,6.854171381606727e-15,2.643014306506094e-13,0.0,0.0,0.0,0.0,,,0.0,500.0,44.49283879748175,0.0,0.0
optimal@30s+aware,5,500,2422,2334,0.963666391412056,0.0363336085879438,0.0127993393889347,0.023534269199009,0.0,175.40365723985914,148.8152620629021,334.2982230343811,173.92679691620265,933.6,17.836760925449873,157.56689631440926,0.3746305754103924,0.0740832921440297,0.5512861324455779,363,9.647382920110193,0.1918495867603244,0.2628099999128607,0.046262152195776,13.80337100511893,0.0050936468878561,0.18732782369146,2422,0.0,0.963666391412056,0.0,0.0,1.0,22537.794650543605,0.0,-8.722052880947642e-15,2.735976731280518e-13,0.0,0.0,0.0,0.0,,,0.0,500.0,45.07558930108721,0.0,0.0
