arm,seed,drivers.num_drivers,requests,completed,completion_rate,cancel_rate,cancel_no_match_rate,cancel_eta_rate,cancel_late_rate,wait_mean_s,wait_p50_s,wait_p90_s,wait_all_mean_s,completed_per_hour,time_to_match_mean_s,pickup_mean_s,driver_idle_frac,driver_enroute_frac,driver_ontrip_frac,batches,batch_riders_mean,solve_ms_mean,solve_ms_p99,decline_rate,shadow_gap_s_per_batch,shadow_gap_frac,shadow_worse_batches_frac,app_opens,priced_out_rate,served_rate,retried_rate,surged_trip_frac,mean_multiplier_paid,revenue_per_hour,surge_revenue_per_hour,eta_error_mean_s,eta_abs_error_mean_s,eta_late_2min_frac,moves_per_driver_hour,chase_moves_per_hour,reposition_km_per_hour,moves_dispatched_frac,move_planned_mean_s,driver_reposition_frac,drivers_online_mean,earnings_per_online_hour,reserve_logons,reserve_logoffs
immediate_greedy,0,300,2788,1778,0.6377331420373027,0.3622668579626972,0.0147058823529411,0.3475609756097561,0.0,411.0212332107173,382.5661070125957,689.1476041291104,270.9929939339912,711.2,8.158090372664512,402.8631428380528,0.0178429305629553,0.2186225240071669,0.7635345454298778,3168,5.014204545454546,0.0492640151358987,0.1529990002563863,0.0462460747930345,,,,2788,0.0,0.6377331420373027,0.0,0.0,1.0,18241.675504584746,0.0,-1.5205934249534203e-14,2.744221547913967e-13,0.0,0.0,0.0,0.0,,,0.0,300.0,60.80558501528248,0.0,0.0
immediate_greedy,1,300,2788,1762,0.6319942611190817,0.3680057388809182,0.011119081779053,0.3568866571018651,0.0,420.6575652767356,393.71584214640575,708.2575530474253,273.53206910657474,704.8,10.018156966677754,410.6394083100579,0.0177947280388909,0.2201730397656366,0.7620322321954724,3161,5.256248022777602,0.0555339765857969,0.1789400001143805,0.0475919065260758,,,,2788,0.0,0.6319942611190817,0.0,0.0,1.0,18120.73880707291,0.0,-4.358223959550104e-15,2.769231432637105e-13,0.0,0.0,0.0,0.0,,,0.0,300.0,60.40246269024304,0.0,0.0
immediate_greedy,2,300,2788,1840,0.6599713055954088,0.3400286944045911,0.0132711621233859,0.3267575322812052,0.0,399.8458567397784,371.3734173681505,667.094010298916,272.5746217910176,736.0,8.921637704436225,390.92421903534216,0.0177198864304488,0.2158094422971158,0.7664706712724354,3162,5.206831119544592,0.0542499051130524,0.1366170002074795,0.0499857994887815,,,,2788,0.0,0.6599713055954088,0.0,0.0,1.0,18437.45632544565,0.0,1.0542291677310182e-15,2.7692630797189297e-13,0.0,0.0,0.0,0.0,,,0.0,300.0,61.45818775148551,0.0,0.0
immediate_greedy,3,300,2788,1757,0.6302008608321378,0.3697991391678623,0.0107604017216642,0.3590387374461979,0.0,422.737856043624,396.8173488546663,707.1432354457869,273.88107200687654,702.8,8.652289375169593,414.0855666684545,0.01744095652698,0.2213231924873458,0.7612358509856741,3142,5.00604710375557,0.05542094206965,0.1690950004740444,0.0479041916167664,,,,2788,0.0,0.6302008608321378,0.0,0.0,1.0,18007.04887903643,0.0,-1.6261197157036783e-14,2.8041162637945124e-13,0.0,0.0,0.0,0.0,,,0.0,300.0,60.02349626345477,0.0,0.0
immediate_greedy,4,300,2788,1778,0.6377331420373027,0.3622668579626972,0.0104017216642754,0.3518651362984218,0.0,418.36441679044793,397.26919997852383,691.6523033833198,275.0318583965872,711.2,10.166911347746725,408.1975054427013,0.0164421213455857,0.219670767292291,0.7638871113621232,3103,5.038994521430873,0.0500975507610908,0.1385840003422345,0.0417262074878536,,,,2788,0.0,0.6377331420373027,0.0,0.0,1.0,18095.19537997993,0.0,-8.452181586797592e-16,2.762904266078637e-13,0.0,0.0,0.0,0.0,,,0.0,300.0,60.31731793326643,0.0,0.0
immediate_greedy,5,300,2788,1813,0.650286944045911,0.3497130559540889,0.0143472022955523,0.3353658536585366,0.0,398.9364800488506,365.6824825353947,675.1238485098256,269.23190334969087,725.2,7.554239725460111,391.3822403233905,0.0157145208851986,0.216477421652802,0.7678080574619993,3173,5.458871730223763,0.0528923416516103,0.141728000016883,0.0547052154195011,,,,2788,0.0,0.650286944045911,0.0,0.0,1.0,18405.143265176823,0.0,6.924166455621385e-15,2.7133777237689376e-13,0.0,0.0,0.0,0.0,,,0.0,300.0,61.35047755058941,0.0,0.0
immediate_greedy,0,350,2788,2164,0.776183644189383,0.2238163558106169,0.0060975609756097,0.2177187948350071,0.0,330.9401969037871,299.14261496498466,569.4323630401362,260.8498402049966,865.6,3.25005620915712,327.69014069463,0.0336603244639389,0.1889563539129024,0.7773833216231585,3322,2.9446116797110173,0.0443618302344343,0.1371479988665668,0.04375,,,,2788,0.0,0.776183644189383,0.0,0.0,1.0,21697.10937923998,0.0,9.940703015312862e-16,2.7458257479200653e-13,0.0,0.0,0.0,0.0,,,0.0,350.0,61.9917410835428,0.0,0.0
immediate_greedy,1,350,2788,2107,0.755738880918221,0.244261119081779,0.0043041606886657,0.2399569583931133,0.0,335.9563000817386,308.2456069862901,577.8794550592594,256.51464274987336,842.8,2.4122415693449195,333.54405851239375,0.0345579087370203,0.1865945740145997,0.7788475172483799,3247,2.595934708962119,0.0396963966792068,0.0938699997641378,0.0480497456189937,,,,2788,0.0,0.755738880918221,0.0,0.0,1.0,21656.7205714242,0.0,8.064002453186234e-15,2.710120268263343e-13,0.0,0.0,0.0,0.0,,,0.0,350.0,61.87634448978343,0.0,0.0
immediate_greedy,2,350,2788,2142,0.7682926829268293,0.2317073170731707,0.0096843615494978,0.2220229555236728,0.0,346.146048831543,315.2688326690236,604.7993686488428,271.0558329315026,856.8,4.303379421076933,341.84266941046604,0.0325320908998515,0.1935062600827301,0.7739616490174184,3313,3.492906731059463,0.0614926652556059,0.1833200002147352,0.0425106990014265,,,,2788,0.0,0.7682926829268293,0.0,0.0,1.0,21651.911897870643,0.0,-3.388927275541141e-15,2.6726167704915783e-13,0.0,0.0,0.0,0.0,,,0.0,350.0,61.86260542248755,0.0,0.0
immediate_greedy,3,350,2788,2103,0.7543041606886657,0.2456958393113343,0.0078909612625538,0.2378048780487804,0.0,356.0284587933469,328.6558783433484,608.6210654602362,273.35088100332297,841.2,3.934139916303333,352.0943188770435,0.0315670161064473,0.1950045647723229,0.7734284191212297,3281,3.5467845169155745,0.0598379457589211,0.1392400008626282,0.0501274426508071,,,,2788,0.0,0.7543041606886657,0.0,0.0,1.0,21487.861631149564,0.0,7.397263443199095e-16,2.7832314568962016e-13,0.0,0.0,0.0,0.0,,,0.0,350.0,61.393890374713045,0.0,0.0
immediate_greedy,4,350,2788,2126,0.7625538020086083,0.2374461979913917,0.0043041606886657,0.2331420373027259,0.0,348.9980352019703,327.1710249308421,590.6554193546121,268.60942171334153,850.4,2.9542167219653166,346.0438184800049,0.0282996637720502,0.1941885994621889,0.7775117367657608,3218,2.3738346799254195,0.0501891858573634,0.1166489993556751,0.0504083356800901,,,,2788,0.0,0.7625538020086083,0.0,0.0,1.0,21554.51812327928,0.0,-1.4588518539947497e-15,2.751548335890189e-13,0.0,0.0,0.0,0.0,,,0.0,350.0,61.58433749508367,0.0,0.0
immediate_greedy,5,350,2788,2138,0.766857962697274,0.2331420373027259,0.0068149210903873,0.2263271162123385,0.0,333.63598435216244,303.37832466642385,570.6037974386697,260.29102115499654,855.2,3.9064524368132063,329.72953191534924,0.0320022292473654,0.1873904475177321,0.7806073232349023,3374,3.2691167753408417,0.0578310906967542,0.141880999381101,0.052423900789177,,,,2788,0.0,0.766857962697274,0.0,0.0,1.0,21707.693107264266,0.0,2.455991963174528e-15,2.663471771376133e-13,0.0,0.0,0.0,0.0,,,0.0,350.0,62.02198030646932,0.0,0.0
immediate_greedy,0,400,2788,2399,0.8604734576757532,0.1395265423242467,0.001793400286944,0.1377331420373027,0.0,263.97706013722683,234.19140299557372,477.2006231469712,229.1350360508456,959.6,1.2566807422527055,262.7203793949741,0.0848408629127517,0.1509071804404388,0.7642519566468093,3323,1.99879626843214,0.0464470659095561,0.1224339999316725,0.0492402926280247,,,,2788,0.0,0.8604734576757532,0.0,0.0,1.0,24343.47110914756,0.0,-2.539953334036144e-15,2.745424655527296e-13,0.0,0.0,0.0,0.0,,,0.0,400.0,60.8586777728689,0.0,0.0
immediate_greedy,1,400,2788,2398,0.8601147776183644,0.1398852223816356,0.0021520803443328,0.1377331420373027,0.0,269.21265970797816,240.54992445702877,478.8935793489056,233.1667060038129,959.2,1.4062684939706027,267.80639121400753,0.0851984235483173,0.1521556240564055,0.7626459523952772,3359,2.1122357844596604,0.0486040190643436,0.1551420008036075,0.0449787835926449,,,,2788,0.0,0.8601147776183644,0.0,0.0,1.0,24360.999988641364,0.0,3.910133268045965e-15,2.6707836202097763e-13,0.0,0.0,0.0,0.0,,,0.0,400.0,60.902499971603405,0.0,0.0
immediate_greedy,2,400,2788,2443,0.8762553802008608,0.1237446197991391,0.0021520803443328,0.1215925394548063,0.0,272.5060061590503,244.45259737160632,479.1537134233431,240.25281636504909,977.2,1.3864762182736123,271.11952994077666,0.0704796022204533,0.1562498285088497,0.7732705692706968,3290,1.8458966565349544,0.0454861397889616,0.1056990000506631,0.0465707027942421,,,,2788,0.0,0.8762553802008608,0.0,0.0,1.0,24726.000311258817,0.0,1.7110977209654685e-15,2.7470107873038443e-13,0.0,0.0,0.0,0.0,,,0.0,400.0,61.81500077814704,0.0,0.0
immediate_greedy,3,400,2788,2378,0.8529411764705882,0.1470588235294117,0.0032281205164992,0.1438307030129124,0.0,269.44136789002823,237.2583538708434,480.4094821532568,231.51838080265665,951.2,1.4429787104914582,267.9983891795368,0.0865919879429604,0.1532091024109935,0.7601989096460461,3458,2.070561017929439,0.0481679872760538,0.1032000000122934,0.0477131564088085,,,,2788,0.0,0.8529411764705882,0.0,0.0,1.0,24185.88013718741,0.0,1.438714580607604e-15,2.6875278005287783e-13,0.0,0.0,0.0,0.0,,,0.0,400.0,60.46470034296853,0.0,0.0
immediate_greedy,4,400,2788,2408,0.8637015781922525,0.1362984218077474,0.001793400286944,0.1345050215208034,0.0,271.4606586298391,247.73509596625445,468.1349352131197,235.6630503742685,963.2,0.8624873633735619,270.5981712664656,0.077612734622291,0.1543853754678381,0.7680018899098708,3184,1.6827889447236182,0.0423787688566961,0.0980170005641412,0.0449406444318824,,,,2788,0.0,0.8637015781922525,0.0,0.0,1.0,24444.39795199454,0.0,-8.585970620340331e-15,2.757432525207383e-13,0.0,0.0,0.0,0.0,,,0.0,400.0,61.11099487998635,0.0,0.0
immediate_greedy,5,400,2788,2421,0.8683644189383071,0.1316355810616929,0.0046628407460545,0.1269727403156384,0.0,257.3309849679436,228.1458468353981,459.54989883791313,226.09360997173133,968.4,1.5341875899475597,255.796797377996,0.0874418098138537,0.1477974548688533,0.7647607353172929,3412,2.3563892145369283,0.0493922332931716,0.1459780003460764,0.0552284833193159,,,,2788,0.0,0.8683644189383071,0.0,0.0,1.0,24608.88608277195,0.0,6.194870216875801e-15,2.708918499585845e-13,0.0,0.0,0.0,0.0,,,0.0,400.0,61.52221520692988,0.0,0.0
immediate_greedy,0,450,2788,2530,0.9074605451936872,0.0925394548063127,0.0025107604017216,0.0900286944045911,0.0,213.8990438734287,183.79498326119847,405.2017764280727,195.792549022126,1012.0,0.6758881442650818,213.2231557291636,0.1665745345123487,0.117296813974701,0.7161286515129501,3295,1.829742033383915,0.046761122897687,0.1295300001947907,0.0460451977401129,,,,2788,0.0,0.9074605451936872,0.0,0.0,1.0,25610.983119032164,0.0,3.261159458420677e-15,2.6815212325538106e-13,0.0,0.0,0.0,0.0,,,0.0,450.0,56.91329582007148,0.0,0.0
immediate_greedy,1,450,2788,2533,0.9085365853658536,0.0914634146341463,0.0007173601147776,0.0907460545193687,0.0,227.24825649417463,200.3651742119673,421.7309573409115,207.2759372320868,1013.2,0.9173865016726972,226.33086999250187,0.1574203871056762,0.1234232754683553,0.7191563374259684,3169,1.6207005364468283,0.0429395708467177,0.1142320003418717,0.0467869222096956,,,,2788,0.0,0.9085365853658536,0.0,0.0,1.0,25864.820448526385,0.0,9.26117979515188e-15,2.686625760656281e-13,0.0,0.0,0.0,0.0,,,0.0,450.0,57.47737877450308,0.0,0.0
immediate_greedy,2,450,2788,2557,0.917144906743185,0.0828550932568149,0.0014347202295552,0.0814203730272596,0.0,221.87029581060008,192.8532382529993,407.56847861462,204.19245468931535,1022.8,0.7595755578048732,221.1107202527952,0.1542077148147823,0.1224546652166245,0.723337619968593,3390,1.5448377581120945,0.0417473451285696,0.0872880001224985,0.0462884561106407,,,,2788,0.0,0.917144906743185,0.0,0.0,1.0,26006.407449039783,0.0,-4.798664398966457e-15,2.7312650034134733e-13,0.0,0.0,0.0,0.0,,,0.0,450.0,57.79201655342174,0.0,0.0
immediate_greedy,3,450,2788,2541,0.911406025824964,0.0885939741750358,0.0003586800573888,0.088235294117647,0.0,225.31206985111507,193.87086499997625,429.5783610776516,205.6994149308308,1016.4,0.4639223155137474,224.8481475356013,0.1539307447276354,0.1240183273590552,0.7220509279133093,3256,1.4167690417690415,0.0388488329265378,0.0804900008915864,0.0491987630025302,,,,2788,0.0,0.911406025824964,0.0,0.0,1.0,25931.90328749197,0.0,7.760987619760617e-15,2.6735621019530934e-13,0.0,0.0,0.0,0.0,,,0.0,450.0,57.62645174998215,0.0,0.0
immediate_greedy,4,450,2788,2548,0.9139167862266858,0.0860832137733142,0.0021520803443328,0.0839311334289813,0.0,229.3044652600828,200.59318980559829,426.2033408745186,210.6164062458569,1019.2,0.4866239597051263,228.8178413003777,0.1516754683992251,0.1253470331933219,0.722977498407453,3300,1.5457575757575757,0.0425205757611283,0.0879019999229057,0.0489864864864864,,,,2788,0.0,0.9139167862266858,0.0,0.0,1.0,25862.474680604875,0.0,-4.5604545780756426e-15,2.714699213723235e-13,0.0,0.0,0.0,0.0,,,0.0,450.0,57.47216595689972,0.0,0.0
immediate_greedy,5,450,2788,2553,0.9157101865136298,0.0842898134863701,0.001793400286944,0.0824964131994261,0.0,213.73346434352803,179.56297235656348,411.7594232673172,197.0136246904104,1021.2,0.6100858923811439,213.1233784511469,0.1619267359064466,0.1176731477391446,0.7204001163544088,3343,1.728387675740353,0.0452619503551769,0.1151960005881846,0.0449533502968617,,,,2788,0.0,0.9157101865136298,0.0,0.0,1.0,25954.34889175973,0.0,4.845669063373754e-15,2.707839610370323e-13,0.0,0.0,0.0,0.0,,,0.0,450.0,57.67633087057719,0.0,0.0
immediate_greedy,0,500,2788,2608,0.9354375896700144,0.0645624103299856,0.0007173601147776,0.063845050215208,0.0,185.42154499461964,156.05619475268873,364.7555468781388,174.00668391004788,1043.2,0.5047610662001857,184.91678392841948,0.2362822170495221,0.0964277302934809,0.667290052656997,3190,1.486206896551724,0.0436768338741702,0.108011000265833,0.0537213206491326,,,,2788,0.0,0.9354375896700144,0.0,0.0,1.0,26568.844149343844,0.0,5.774351685285841e-15,2.676906072403906e-13,0.0,0.0,0.0,0.0,,,0.0,500.0,53.137688298687685,0.0,0.0
immediate_greedy,1,500,2788,2618,0.9390243902439024,0.0609756097560975,0.0003586800573888,0.0606169296987087,0.0,190.13786985712267,163.57879298216403,356.0204673696393,178.85235611500036,1047.2,0.4162058308444162,189.72166402627823,0.2263148124834733,0.0992646352856953,0.6744205522308313,3157,1.3538169147925243,0.0407605637961664,0.0799439993716077,0.0478468899521531,,,,2788,0.0,0.9390243902439024,0.0,0.0,1.0,26834.309480156317,0.0,1.1188232243728258e-14,2.656947745595184e-13,0.0,0.0,0.0,0.0,,,0.0,500.0,53.66861896031263,0.0,0.0
immediate_greedy,2,500,2788,2636,0.945480631276901,0.0545193687230989,0.0007173601147776,0.0538020086083213,0.0,193.02223530838413,165.13320617989052,375.6598877025449,182.90769618450963,1054.4,0.3860321752123404,192.63620313317173,0.2288328258811256,0.1001455840550544,0.67102159006382,3204,1.3729712858926342,0.041870692906271,0.0781820006704946,0.0473239436619718,,,,2788,0.0,0.945480631276901,0.0,0.0,1.0,26814.698978598797,0.0,-2.71709817012967e-15,2.69171297963642e-13,0.0,0.0,0.0,0.0,,,0.0,500.0,53.62939795719759,0.0,0.0
immediate_greedy,3,500,2788,2595,0.9307747489239598,0.0692252510760401,0.0007173601147776,0.0685078909612625,0.0,196.5341762636899,165.92543102135096,385.2594681111876,183.2912401472105,1038.0,0.3583853969882243,196.17579086670167,0.232639638588207,0.1008177458339401,0.6665426155778529,3193,1.3529595991230818,0.0429488255661468,0.0843079998594475,0.04839617332583,,,,2788,0.0,0.9307747489239598,0.0,0.0,1.0,26551.92779628488,0.0,2.247185524795235e-15,2.6412967296096e-13,0.0,0.0,0.0,0.0,,,0.0,500.0,53.10385559256976,0.0,0.0
immediate_greedy,4,500,2788,2623,0.9408177905308464,0.0591822094691535,0.0007173601147776,0.0584648493543758,0.0,191.51597359543936,163.62709930182154,369.620647129813,180.50625672705047,1049.2,0.327625890627491,191.1883477048119,0.2290570986673965,0.0996902029466407,0.6712526983859627,3088,1.3694948186528495,0.0414682642701379,0.0803260002248862,0.0502667789946644,,,,2788,0.0,0.9408177905308464,0.0,0.0,1.0,26827.44659791527,0.0,5.966506993643178e-15,2.645903151763739e-13,0.0,0.0,0.0,0.0,,,0.0,500.0,53.65489319583054,0.0,0.0
immediate_greedy,5,500,2788,2605,0.934361549497848,0.065638450502152,0.0010760401721664,0.0645624103299856,0.0,184.7430696995919,155.45928375145013,362.33666053845246,173.65168623821228,1042.0,0.4433737743840231,184.2996959252079,0.2449148353351525,0.0955485818602855,0.659536582804562,3281,1.583053946967388,0.0450429137562933,0.106180000148015,0.044375353306953,,,,2788,0.0,0.934361549497848,0.0,0.0,1.0,26411.669740290985,0.0,2.8128917408170807e-15,2.648510116701554e-13,0.0,0.0,0.0,0.0,,,0.0,500.0,52.82333948058197,0.0,0.0
batched_greedy@10s,0,300,2788,1843,0.6610473457675753,0.3389526542324246,0.0609756097560975,0.2779770444763271,0.0,405.4744529949103,376.6891182728932,665.5094654516355,293.5640688336841,737.2,32.381443298969074,373.0930096959412,0.0152450068162096,0.2013182540223946,0.7834367391613957,1077,14.54874651810585,0.0598284122190498,0.1414240006852196,0.0547703180212014,,,,2788,0.0,0.6610473457675753,0.0,0.0,1.0,18649.4110569471,0.0,2.858748988421673e-15,2.876965561544117e-13,0.0,0.0,0.0,0.0,,,0.0,300.0,62.16470352315701,0.0,0.0
batched_greedy@10s,1,300,2788,1827,0.6553084648493543,0.3446915351506456,0.0566714490674318,0.2880200860832138,0.0,405.8767471271629,384.43349367943847,671.0062610283795,290.4148932790287,730.8,31.950191570881227,373.9265555562816,0.0154242226224358,0.2007400636578375,0.7838357137197266,1093,14.10704483074108,0.0573222324100778,0.1368079994426807,0.0488744075829383,,,,2788,0.0,0.6553084648493543,0.0,0.0,1.0,18648.22768922742,0.0,3.758837187258549e-15,2.785292522074383e-13,0.0,0.0,0.0,0.0,,,0.0,300.0,62.16075896409141,0.0,0.0
batched_greedy@10s,2,300,2788,1852,0.6642754662840746,0.3357245337159254,0.0376614060258249,0.2980631276901004,0.0,401.0233643547955,371.4801826890396,661.6606717465248,284.7651677505086,740.8,21.728941684665227,379.2944226701303,0.0147431065225496,0.2076309527717942,0.7776259407056562,1082,10.738447319778189,0.0566817005420453,0.1374570000552921,0.0493755445832123,,,,2788,0.0,0.6642754662840746,0.0,0.0,1.0,18574.82600803659,0.0,-1.3063704186086076e-15,2.712243676590532e-13,0.0,0.0,0.0,0.0,,,0.0,300.0,61.9160866934553,0.0,0.0
batched_greedy@10s,3,300,2788,1832,0.6571018651362984,0.3428981348637016,0.058106169296987,0.2847919655667145,0.0,410.4134025218278,381.5060314149391,672.9177827124839,293.56112700744063,732.8,31.025655021834066,379.38774749999374,0.0147173788612839,0.2020858622218553,0.7831967589168608,1083,13.693444136657432,0.0566835641959291,0.1345520003087586,0.0514488468361916,,,,2788,0.0,0.6571018651362984,0.0,0.0,1.0,18662.62292305662,0.0,-5.5520847502215256e-15,2.740728556283821e-13,0.0,0.0,0.0,0.0,,,0.0,300.0,62.208743076855406,0.0,0.0
batched_greedy@10s,4,300,2788,1831,0.6567431850789096,0.3432568149210904,0.0430416068866571,0.3002152080344333,0.0,423.9064357206741,395.89259723726855,703.8984852435997,300.48507278965366,732.4,34.39432004369197,389.5121156769821,0.0154123114114914,0.2048489602312861,0.7797387283572224,1086,13.70534069981584,0.0544654695938834,0.130724999962695,0.052600988084859,,,,2788,0.0,0.6567431850789096,0.0,0.0,1.0,18532.159533201877,0.0,-2.5010638623560054e-15,2.815219991102368e-13,0.0,0.0,0.0,0.0,,,0.0,300.0,61.77386511067292,0.0,0.0
batched_greedy@10s,5,300,2788,1853,0.6646341463414634,0.3353658536585366,0.046987087517934,0.2883787661406026,0.0,415.7476455384444,393.0928922683052,672.0812985470536,297.62435065700487,741.2,32.29033998920669,383.4573055492377,0.0126633029131706,0.2044506351440165,0.7828860619428127,1088,13.574448529411764,0.0565554228394242,0.1370819985277192,0.057832025573961,,,,2788,0.0,0.6646341463414634,0.0,0.0,1.0,18755.26973015756,0.0,-9.826042959445533e-16,2.787327243751632e-13,0.0,0.0,0.0,0.0,,,0.0,300.0,62.517565767191854,0.0,0.0
batched_greedy@10s,0,350,2788,2169,0.7779770444763271,0.2220229555236728,0.0096843615494978,0.212338593974175,0.0,334.59897479398944,303.06806566397063,575.209214260853,266.45140897589647,867.6,9.68326417704011,324.9157106169493,0.0325245687169442,0.1864493229892337,0.781026108293822,1068,5.727528089887641,0.0633816479309102,0.1423559993236265,0.0482269503546099,,,,2788,0.0,0.7779770444763271,0.0,0.0,1.0,21800.5409243974,0.0,-2.083472475534457e-15,2.718243641547526e-13,0.0,0.0,0.0,0.0,,,0.0,350.0,62.28725978399257,0.0,0.0
batched_greedy@10s,1,350,2788,2133,0.7650645624103299,0.23493543758967,0.0086083213773314,0.2263271162123385,0.0,340.6822739102536,307.43672318017707,584.4471190648812,266.1998108872233,853.2,9.338021565869669,331.344252344384,0.034949385825622,0.1853016801820728,0.7797489339923052,1069,5.548175865294668,0.0626890551911235,0.1516479998099384,0.0509193776520509,,,,2788,0.0,0.7650645624103299,0.0,0.0,1.0,21780.51459737518,0.0,9.614645902895402e-16,2.732753857553012e-13,0.0,0.0,0.0,0.0,,,0.0,350.0,62.230041706786224,0.0,0.0
batched_greedy@10s,2,350,2788,2154,0.772596843615495,0.227403156384505,0.0154232424677187,0.2119799139167862,0.0,354.3177515295312,324.28409141582324,601.9559279033456,281.1892526950912,861.6,12.206128133704736,342.1116233958265,0.0286661651651693,0.1913996425069121,0.7799341923279185,1072,6.601679104477612,0.0626168843419732,0.1437739999710174,0.0429922613929492,,,,2788,0.0,0.772596843615495,0.0,0.0,1.0,21835.147525449047,0.0,-2.9506985939526908e-15,2.693316528225292e-13,0.0,0.0,0.0,0.0,,,0.0,350.0,62.38613578699728,0.0,0.0
batched_greedy@10s,3,350,2788,2132,0.7647058823529411,0.2352941176470588,0.0147058823529411,0.2205882352941176,0.0,342.3868843239183,312.2653587392897,588.107821515686,269.1203731801472,852.8,9.78611632270169,332.60076800121664,0.0371312339993582,0.1850516520608875,0.7778171139397543,1077,6.192200557103064,0.0621646239717137,0.1391359999979613,0.0522875816993464,,,,2788,0.0,0.7647058823529411,0.0,0.0,1.0,21736.81556473481,0.0,-4.166981539892356e-15,2.7343668292702786e-13,0.0,0.0,0.0,0.0,,,0.0,350.0,62.10518732781374,0.0,0.0
batched_greedy@10s,4,350,2788,2125,0.7621951219512195,0.2378048780487804,0.0050215208034433,0.2327833572453371,0.0,338.06759617880505,306.19150286597323,572.9007372884771,262.0159689196237,850.0,7.942588235294117,330.125007943511,0.0340304868512952,0.1849029728673096,0.7810665402813951,1066,4.802063789868668,0.0615699812392987,0.1469350001571001,0.0466760961810466,,,,2788,0.0,0.7621951219512195,0.0,0.0,1.0,21606.270353947417,0.0,6.4684466933078305e-15,2.7739755590600375e-13,0.0,0.0,0.0,0.0,,,0.0,350.0,61.732201011278335,0.0,0.0
batched_greedy@10s,5,350,2788,2147,0.7700860832137734,0.2299139167862267,0.0136298421807747,0.2162840746054519,0.0,337.44475592815604,313.1291271590071,565.5038677679017,267.8049730310348,858.8,10.138798323241732,327.3059576049143,0.0348925481221695,0.1825615257344851,0.7825459261433454,1081,6.412580943570768,0.0619648473459281,0.1560000000608853,0.056731583403895,,,,2788,0.0,0.7700860832137734,0.0,0.0,1.0,21910.222328994223,0.0,-2.2041055520085083e-15,2.663558966100612e-13,0.0,0.0,0.0,0.0,,,0.0,350.0,62.60063522569778,0.0,0.0
batched_greedy@10s,0,400,2788,2403,0.8619081779053085,0.1380918220946915,0.0028694404591104,0.135222381635581,0.0,263.69341203564767,234.7657332375402,482.0423619670127,229.9145336657695,961.2,6.1090303786933005,257.58438165695435,0.0864251184333948,0.147089266016534,0.7664856155500711,1055,4.15260663507109,0.0771006635301669,0.1588459990671253,0.0457885811192764,,,,2788,0.0,0.8619081779053085,0.0,0.0,1.0,24401.27659327159,0.0,-8.956445886880331e-15,2.723421894900053e-13,0.0,0.0,0.0,0.0,,,0.0,400.0,61.003191483178966,0.0,0.0
batched_greedy@10s,1,400,2788,2411,0.8647776183644189,0.135222381635581,0.0050215208034433,0.1302008608321377,0.0,274.8464339656257,244.21831610028312,483.657670526738,240.59284746296197,964.4,6.5972625466611365,268.24917141896464,0.0803180850415775,0.1523482166987105,0.767333698259712,1058,4.465028355387524,0.0776991493233603,0.1675159993828857,0.0467289719626168,,,,2788,0.0,0.8647776183644189,0.0,0.0,1.0,24550.58115191025,0.0,9.939051747618988e-16,2.6533436952718853e-13,0.0,0.0,0.0,0.0,,,0.0,400.0,61.37645287977563,0.0,0.0
batched_greedy@10s,2,400,2788,2445,0.8769727403156384,0.1230272596843615,0.0046628407460545,0.118364418938307,0.0,270.37700739424935,240.11174014287008,474.1993896006771,239.911945017588,978.0,6.769734151329243,263.6072732429201,0.0726245878952714,0.1527369984787445,0.7746384136259841,1059,4.356940509915014,0.0765886685529398,0.1661260000037146,0.0514912774338773,,,,2788,0.0,0.8769727403156384,0.0,0.0,1.0,24772.709830653774,0.0,-1.7469325236555837e-15,2.733311872679854e-13,0.0,0.0,0.0,0.0,,,0.0,400.0,61.93177457663443,0.0,0.0
batched_greedy@10s,3,400,2788,2397,0.8597560975609756,0.1402439024390244,0.0071736011477761,0.1330703012912482,0.0,276.8930954470696,243.40584196772943,493.55958238349774,241.3956731595973,958.8,7.546099290780142,269.3469961562895,0.0797310387351183,0.1530690161014653,0.7671999451634163,1065,4.730516431924882,0.0745923004867104,0.1680200002010677,0.0481313703284258,,,,2788,0.0,0.8597560975609756,0.0,0.0,1.0,24468.314196475218,0.0,2.3103013962579395e-15,2.7030896873731325e-13,0.0,0.0,0.0,0.0,,,0.0,400.0,61.17078549118804,0.0,0.0
batched_greedy@10s,4,400,2788,2404,0.8622668579626973,0.1377331420373027,0.003586800573888,0.1341463414634146,0.0,273.4683860809176,244.9024380704213,487.191989107014,237.8120985171772,961.6,5.759151414309485,267.7092346666081,0.0807389109174966,0.1532476946940329,0.7660133943884705,1051,3.904852521408183,0.0752204567238208,0.1664500005063018,0.0439217908756021,,,,2788,0.0,0.8622668579626973,0.0,0.0,1.0,24306.03332660429,0.0,1.7357163959031566e-15,2.651981056645547e-13,0.0,0.0,0.0,0.0,,,0.0,400.0,60.76508331651073,0.0,0.0
batched_greedy@10s,5,400,2788,2430,0.8715925394548063,0.1284074605451937,0.0039454806312769,0.1244619799139167,0.0,262.7628803470865,234.60807948393995,464.960602428598,232.01089323316563,972.0,6.414814814814815,256.3480655322717,0.0870834321450921,0.1481718238122359,0.7647447440426719,1061,4.41564561734213,0.0803749292681185,0.1625199991394766,0.0522912566769749,,,,2788,0.0,0.8715925394548063,0.0,0.0,1.0,24488.09409304308,0.0,1.8055972812010775e-16,2.697277243806852e-13,0.0,0.0,0.0,0.0,,,0.0,400.0,61.2202352326077,0.0,0.0
batched_greedy@10s,0,450,2788,2536,0.90961262553802,0.0903873744619799,0.0043041606886657,0.0860832137733142,0.0,218.70378343268425,187.88769787929868,410.64989979855545,201.426479809694,1014.4,6.182570977917981,212.52121245476627,0.1634386986383376,0.1166681722400737,0.7198931291215886,1049,4.208770257387989,0.0880843660609088,0.18701999928453,0.0488011283497884,,,,2788,0.0,0.90961262553802,0.0,0.0,1.0,25826.06478815982,0.0,5.238711672663436e-15,2.712929775675361e-13,0.0,0.0,0.0,0.0,,,0.0,450.0,57.3912550847996,0.0,0.0
batched_greedy@10s,1,450,2788,2521,0.904232424677188,0.095767575322812,0.0010760401721664,0.0946915351506456,0.0,230.15801122942312,202.8736869956465,416.0716306483446,209.31518782776928,1008.4,5.3407378024593415,224.8172734269638,0.1631487999058225,0.1211242881748395,0.7157269119193378,1045,3.672727272727273,0.0887982775239969,0.182671999791637,0.0534714445688689,,,,2788,0.0,0.904232424677188,0.0,0.0,1.0,25793.393051662628,0.0,1.650933786082819e-15,2.7271129072190336e-13,0.0,0.0,0.0,0.0,,,0.0,450.0,57.31865122591695,0.0,0.0
batched_greedy@10s,2,450,2788,2570,0.9218077474892395,0.0781922525107604,0.0028694404591104,0.0753228120516499,0.0,226.02501228621568,197.91144186107613,411.701240010214,209.78515120099257,1028.0,5.942801556420234,220.08221072979543,0.1491947390008947,0.1225639494280035,0.7282413115711017,1057,3.923368022705771,0.0871319773280205,0.1823440005682641,0.046879412595312,,,,2788,0.0,0.9218077474892395,0.0,0.0,1.0,26108.680567673488,0.0,-3.651899362245612e-15,2.65676283394121e-13,0.0,0.0,0.0,0.0,,,0.0,450.0,58.01929015038553,0.0,0.0
batched_greedy@10s,3,450,2788,2540,0.9110473457675752,0.0889526542324246,0.0025107604017216,0.086441893830703,0.0,228.939121915484,195.8707468909363,430.95504274421023,210.2728928154561,1016.0,5.966929133858268,222.9721927816257,0.1569681240567921,0.1219542322549206,0.7210776436882872,1052,4.003802281368821,0.0871354562862752,0.176154000164388,0.0471218961625282,,,,2788,0.0,0.9110473457675752,0.0,0.0,1.0,25826.207781272773,0.0,-6.154613127102143e-15,2.7278157860256153e-13,0.0,0.0,0.0,0.0,,,0.0,450.0,57.391572847272826,0.0,0.0
batched_greedy@10s,4,450,2788,2547,0.913558106169297,0.086441893830703,0.0010760401721664,0.0853658536585365,0.0,228.95044314695772,202.6644961819584,414.2101450690256,210.1885699695752,1018.8,5.218688653317629,223.73175449364007,0.1537188795953097,0.123307082845322,0.7229740375593683,1048,3.594465648854962,0.0877796755628337,0.1753829991321253,0.0500140488901376,,,,2788,0.0,0.913558106169297,0.0,0.0,1.0,25887.634970281844,0.0,-3.508601166004244e-15,2.6791446956505666e-13,0.0,0.0,0.0,0.0,,,0.0,450.0,57.52807771173743,0.0,0.0
batched_greedy@10s,5,450,2788,2538,0.9103299856527975,0.0896700143472023,0.0028694404591104,0.0868005738880918,0.0,217.77718545740456,184.28005968644925,404.1614229585516,200.2819729976566,1015.2,5.899921197793538,211.87726425961105,0.1673970622775268,0.1163553525630956,0.7162475851593776,1052,4.067490494296578,0.088068060864565,0.178123000459891,0.0516999157066591,,,,2788,0.0,0.9103299856527975,0.0,0.0,1.0,25750.4512218888,0.0,-3.1182481515910028e-15,2.657656950653092e-13,0.0,0.0,0.0,0.0,,,0.0,450.0,57.22322493753066,0.0,0.0
batched_greedy@10s,0,500,2788,2619,0.9393830703012912,0.0606169296987087,0.0010760401721664,0.0595408895265423,0.0,189.4513054555817,160.50959925035295,371.3754143955339,179.06001673008285,1047.6,5.3329515082092405,184.11835394737247,0.2355522103497839,0.0962914766076459,0.6681563130425701,1048,3.683206106870229,0.0957169847271926,0.1933890006694127,0.0518788558609085,,,,2788,0.0,0.9393830703012912,0.0,0.0,1.0,26649.160117297502,0.0,4.51770477970035e-15,2.6762029866795214e-13,0.0,0.0,0.0,0.0,,,0.0,500.0,53.298320234595,0.0,0.0
batched_greedy@10s,1,500,2788,2624,0.9411764705882352,0.0588235294117647,0.0007173601147776,0.058106169296987,0.0,193.1699281894279,165.9361750788189,361.4415151934201,182.56835677037503,1049.6,5.328125,187.84180318942796,0.2285443232767493,0.0977615173644725,0.6736941593587782,1047,3.602674307545368,0.0936408787059024,0.1841000003696535,0.0494659921304103,,,,2788,0.0,0.9411764705882352,0.0,0.0,1.0,26770.104945146966,0.0,1.2187067073667303e-14,2.6367424503955065e-13,0.0,0.0,0.0,0.0,,,0.0,500.0,53.54020989029394,0.0,0.0
batched_greedy@10s,2,500,2788,2631,0.943687230989957,0.056312769010043,0.001793400286944,0.0545193687230989,0.0,195.22491267873124,162.52980457971353,379.8454365484322,185.42126539537705,1052.4,5.323831242873432,189.9010814358578,0.2300732065074639,0.0992221526730343,0.6707046408195018,1046,3.713193116634799,0.0958810707419942,0.1945100004377309,0.0468265162200282,,,,2788,0.0,0.943687230989957,0.0,0.0,1.0,26757.844156369345,0.0,4.99351394306509e-15,2.711303878737493e-13,0.0,0.0,0.0,0.0,,,0.0,500.0,53.51568831273869,0.0,0.0
batched_greedy@10s,3,500,2788,2606,0.9347202295552368,0.0652797704447632,0.0007173601147776,0.0645624103299856,0.0,197.580000677437,164.64250485366892,391.38919927000006,185.61732958398383,1042.4,5.09823484267076,192.48176583476624,0.2320357222646356,0.0999510502497848,0.6680132274855795,1050,3.563809523809524,0.0919460000070449,0.1861610004561953,0.0475922275415375,,,,2788,0.0,0.9347202295552368,0.0,0.0,1.0,26591.03183623004,0.0,2.748930954103539e-15,2.652096586172524e-13,0.0,0.0,0.0,0.0,,,0.0,500.0,53.18206367246008,0.0,0.0
batched_greedy@10s,4,500,2788,2628,0.9426111908177904,0.0573888091822094,0.0007173601147776,0.0566714490674318,0.0,195.3154980430148,167.53970406160988,367.9550637860592,184.75417019646684,1051.2,5.146499238964992,190.1689988040498,0.2291116446874339,0.0991965754071277,0.6716917799054383,1046,3.524856596558317,0.0970792542661485,0.1880749993688368,0.0481283422459893,,,,2788,0.0,0.9426111908177904,0.0,0.0,1.0,26800.83142278123,0.0,1.1541756895726456e-14,2.663675131977797e-13,0.0,0.0,0.0,0.0,,,0.0,500.0,53.60166284556246,0.0,0.0
batched_greedy@10s,5,500,2788,2600,0.932568149210904,0.0674318507890961,0.0014347202295552,0.0659971305595408,0.0,190.84523961210232,162.07173591648095,371.10081459575656,179.428849570046,1040.0,5.393076923076923,185.45216268902536,0.2446865767370777,0.0950337859902236,0.6602796372726987,1049,3.775023832221163,0.0967670161978793,0.199064000189537,0.0473506200676437,,,,2788,0.0,0.932568149210904,0.0,0.0,1.0,26458.52311576287,0.0,-7.91119306816549e-16,2.644339021255877e-13,0.0,0.0,0.0,0.0,,,0.0,500.0,52.91704623152574,0.0,0.0
optimal@10s,0,300,2788,1832,0.6571018651362984,0.3428981348637016,0.0304878048780487,0.3124103299856528,0.0,410.1540541676141,390.03940997970585,656.9919387838371,286.9193651409195,732.8,21.28002183406113,388.874032333553,0.0117111988051593,0.2125092256721242,0.7757795755227164,1082,10.521256931608134,0.1471343807990669,0.1984760008417652,0.055348437051907,10.008537114160315,0.00125162894748,0.1155268022181146,2788,0.0,0.6571018651362984,0.0,0.0,1.0,18649.158520920944,0.0,-5.096360015222553e-15,2.738614769215102e-13,0.0,0.0,0.0,0.0,,,0.0,300.0,62.16386173640315,0.0,0.0
optimal@10s,1,300,2788,1819,0.6524390243902439,0.3475609756097561,0.0369440459110473,0.3106169296987087,0.0,416.19889343794233,386.8059919957923,679.762352803028,288.33197663954854,727.6,28.76195711929632,387.436936318646,0.0168036690510781,0.2093487602854482,0.7738475706634736,1087,11.66421343146274,0.1433350506113924,0.211595999862766,0.0458528037383177,11.46448769554924,0.0012657674394138,0.124195032198712,2788,0.0,0.6524390243902439,0.0,0.0,1.0,18488.5584580328,0.0,2.723616946172237e-15,2.7613218046490064e-13,0.0,0.0,0.0,0.0,,,0.0,300.0,61.62852819344266,0.0,0.0
optimal@10s,2,300,2788,1857,0.6660688665710186,0.3339311334289813,0.0430416068866571,0.2908895265423242,0.0,404.1253327251817,376.4997985521218,664.7326415412765,288.4348841986616,742.8,23.90037695207324,380.2249557731084,0.0130964906672737,0.2080993970833152,0.778804112249411,1088,11.323529411764708,0.1429249080682465,0.2104949991007741,0.0470897923369406,9.595120350885532,0.0010992083019359,0.1102941176470588,2788,0.0,0.6660688665710186,0.0,0.0,1.0,18650.347989533813,0.0,-5.095666603923066e-15,2.719815636994259e-13,0.0,0.0,0.0,0.0,,,0.0,300.0,62.16782663177938,0.0,0.0
optimal@10s,3,300,2788,1841,0.6603299856527977,0.3396700143472023,0.0878766140602582,0.251793400286944,0.0,423.0037729027074,399.01566149233895,682.2787647127516,310.56146849949147,736.4,47.656165127648016,375.3476077750594,0.015112957573706,0.1957596467886327,0.7891273956376612,1091,18.412465627864343,0.1474343721054489,0.2200300008553312,0.049574209245742,8.029201559745099,0.0005306417174183,0.0971585701191567,2788,0.0,0.6603299856527977,0.0,0.0,1.0,18766.224652838195,0.0,-1.3211231855007186e-14,2.6840066773617e-13,0.0,0.0,0.0,0.0,,,0.0,300.0,62.55408217612732,0.0,0.0
optimal@10s,4,300,2788,1836,0.6585365853658537,0.3414634146341463,0.0681492109038737,0.2733142037302726,0.0,435.18866648961176,406.3743338123304,703.0413280462876,312.9791912556136,734.4,49.061546840958606,386.1271196486532,0.0120801269829539,0.2011509957991644,0.7867688772178817,1078,17.352504638218925,0.142592671620491,0.2078140001685824,0.0480310262529832,10.789664912782325,0.0007615724614765,0.1048237476808905,2788,0.0,0.6585365853658537,0.0,0.0,1.0,18644.132906312858,0.0,-1.3009201559137128e-14,2.8361530021138925e-13,0.0,0.0,0.0,0.0,,,0.0,300.0,62.14710968770952,0.0,0.0
optimal@10s,5,300,2788,1835,0.6581779053084649,0.3418220946915351,0.0459110473457675,0.2959110473457675,0.0,417.67563444554,395.0828165451376,669.2335354265398,296.7398028366871,734.0,29.455040871934607,388.22059357360536,0.0114578455210677,0.2055600234388978,0.7829821310400343,1089,13.18732782369146,0.1466370982653285,0.2114360015548299,0.0522933099620216,8.816323208032408,0.0008466658010825,0.1000918273645546,2788,0.0,0.6581779053084649,0.0,0.0,1.0,18768.11746854474,0.0,5.375536528168714e-15,2.7464993646001143e-13,0.0,0.0,0.0,0.0,,,0.0,300.0,62.5603915618158,0.0,0.0
optimal@10s,0,350,2788,2151,0.7715208034433285,0.2284791965566714,0.0114777618364418,0.2170014347202295,0.0,331.18829106028915,307.3839299680767,562.8571647493345,262.4907907619967,860.4,9.306834030683405,321.88145702960577,0.0341396748541504,0.1836074821320722,0.7822528430137773,1066,5.863039399624766,0.1397572232952363,0.1997350002056919,0.0477544059124502,5.334254955348278,0.0015263760669745,0.0778611632270168,2788,0.0,0.7715208034433285,0.0,0.0,1.0,21688.73205777286,0.0,-3.096856414575053e-15,2.71454742562482e-13,0.0,0.0,0.0,0.0,,,0.0,350.0,61.96780587935103,0.0,0.0
optimal@10s,1,350,2788,2132,0.7647058823529411,0.2352941176470588,0.0086083213773314,0.2266857962697274,0.0,337.310115419296,308.7564825032953,567.6161968320469,263.351082692376,852.8,9.553001876172608,327.7571135431234,0.0368015229058091,0.1827636881448613,0.7804347889493295,1068,5.559925093632959,0.1406698501995471,0.1931980001609189,0.0455192034139402,10.695218969077263,0.0032854177959631,0.1142322097378277,2788,0.0,0.7647058823529411,0.0,0.0,1.0,21680.9287082395,0.0,-8.098587466684068e-16,2.6729837855316695e-13,0.0,0.0,0.0,0.0,,,0.0,350.0,61.94551059497,0.0,0.0
optimal@10s,2,350,2788,2171,0.7786944045911047,0.2213055954088952,0.0125538020086083,0.2087517934002869,0.0,340.1685151458545,312.3462997720508,578.6014880336288,271.7430418183554,868.4,10.027637033625057,330.1408781122294,0.0304787202727302,0.1880188331185648,0.7815024466087049,1070,6.046728971962617,0.137802336455288,0.1901309998356737,0.0464387464387464,8.173706275058143,0.002216041766229,0.114018691588785,2788,0.0,0.7786944045911047,0.0,0.0,1.0,21746.60886995289,0.0,-1.0290555449068215e-14,2.7697318311637533e-13,0.0,0.0,0.0,0.0,,,0.0,350.0,62.1331681998654,0.0,0.0
optimal@10s,3,350,2788,2126,0.7625538020086083,0.2374461979913917,0.0164992826398852,0.2209469153515064,0.0,349.5533437298088,320.36498744314804,596.8728965321438,274.93147892423167,850.4,11.436970837253057,338.1163728925557,0.0344103530806544,0.1888912522736245,0.7766983946457211,1069,6.847521047708138,0.1413366697458069,0.2039400002831824,0.0518223234624145,9.7554802036693,0.0022010526699832,0.1066417212347988,2788,0.0,0.7625538020086083,0.0,0.0,1.0,21629.183599481017,0.0,6.042412311069032e-15,2.819730442657432e-13,0.0,0.0,0.0,0.0,,,0.0,350.0,61.79766742708863,0.0,0.0
optimal@10s,4,350,2788,2146,0.7697274031563845,0.2302725968436155,0.0046628407460545,0.2256097560975609,0.0,338.8793218652774,310.2758997794697,572.5308734768473,265.1734602678135,858.4,7.691519105312209,331.1878027599652,0.0327798736261133,0.1864173065106676,0.780802819863219,1067,4.762886597938144,0.1404091846469652,0.1915079999525913,0.0493513818386914,9.154500080799572,0.0036227353694383,0.1068416119962511,2788,0.0,0.7697274031563845,0.0,0.0,1.0,21667.531953180343,0.0,3.863948614315177e-15,2.7247956402319404e-13,0.0,0.0,0.0,0.0,,,0.0,350.0,61.90723415194384,0.0,0.0
optimal@10s,5,350,2788,2163,0.7758249641319943,0.2241750358680057,0.0096843615494978,0.2144906743185078,0.0,332.0879732343956,306.13594471319266,561.6910565523386,264.7724569819889,865.2,9.699491447064265,322.38848178733133,0.0361578184509599,0.1822041722728685,0.7816380092761716,1074,6.179702048417132,0.1405424580948496,0.1878859993121295,0.0557589411433399,6.693139224725922,0.0017767781255778,0.084729981378026,2788,0.0,0.7758249641319943,0.0,0.0,1.0,21948.11156705704,0.0,7.736144903906777e-16,2.711050678140427e-13,0.0,0.0,0.0,0.0,,,0.0,349.99999999999994,62.708890191591536,0.0,0.0
optimal@10s,0,400,2788,2413,0.8654949784791965,0.1345050215208034,0.0039454806312769,0.1305595408895265,0.0,267.40666167774174,236.63559537428048,488.1000589495648,234.11757126266863,965.2,6.022378781599668,261.38428289614205,0.0823001177173886,0.1507359416798773,0.7669639406027341,1054,4.15370018975332,0.1471298861392056,0.2042509999409959,0.0527941589441168,4.258195382242116,0.002581398728833,0.0654648956356736,2788,0.0,0.8654949784791965,0.0,0.0,1.0,24497.62228271413,0.0,-8.026180907903472e-15,2.685904176694943e-13,0.0,0.0,0.0,0.0,,,0.0,400.0,61.24405570678533,0.0,0.0
optimal@10s,1,400,2788,2403,0.8619081779053085,0.1380918220946915,0.0071736011477761,0.1309182209469153,0.0,267.91319886981995,239.99549471889983,470.0307166148872,234.27935945912375,961.2,6.948813982521847,260.96438488729814,0.0839554643001971,0.1484107174894602,0.7676338182103426,1060,4.681132075471698,0.1390926415159862,0.2022229994690861,0.0497737556561085,4.397442959735304,0.0020418272962877,0.0622641509433962,2788,0.0,0.8619081779053085,0.0,0.0,1.0,24488.94440000792,0.0,-4.387298311211189e-15,2.6631824779867253e-13,0.0,0.0,0.0,0.0,,,0.0,400.0,61.2223610000198,0.0,0.0
optimal@10s,2,400,2788,2433,0.8726685796269728,0.1273314203730272,0.0039454806312769,0.1233859397417503,0.0,272.30057299919446,244.75743269548184,483.7061465644158,240.26939313195564,973.2,6.441430332922318,265.85914266627213,0.0729871036530429,0.1534118252212827,0.7736010711256744,1061,4.219604147031102,0.1415878416458161,0.1958600001671584,0.0549173437937797,5.492909221349035,0.0031787559137678,0.0772855796418473,2788,0.0,0.8726685796269728,0.0,0.0,1.0,24662.617318300305,0.0,1.7593817894553037e-15,2.775440744014883e-13,0.0,0.0,0.0,0.0,,,0.0,400.0,61.65654329575076,0.0,0.0
optimal@10s,3,400,2788,2392,0.8579626972740315,0.1420373027259684,0.0039454806312769,0.1380918220946915,0.0,279.93685578220226,244.3737370715589,504.7805699188272,242.8720976845935,956.8,7.115802675585284,272.82105310661694,0.0810740559664995,0.154611965904928,0.7643139781285724,1061,4.485391140433554,0.1441931196601152,0.194480000573094,0.0536215609208309,5.873893969242134,0.0029349473088293,0.0763430725730443,2788,0.0,0.8579626972740315,0.0,0.0,1.0,24410.06593763935,0.0,-9.216150696558094e-15,2.721526088844387e-13,0.0,0.0,0.0,0.0,,,0.0,400.0,61.02516484409837,0.0,0.0
optimal@10s,4,400,2788,2432,0.8723098995695839,0.127690100430416,0.0025107604017216,0.1251793400286944,0.0,276.7141178955357,251.6396596615391,481.5160819135168,243.26036963864635,972.8,5.907483552631579,270.8066343429041,0.0733500604221742,0.155305671668062,0.7713442679097638,1051,3.9219790675547097,0.1380071360915422,0.2039000009972369,0.0463146003953685,5.4588473594515285,0.0037083215052505,0.0922930542340628,2788,0.0,0.8723098995695839,0.0,0.0,1.0,24604.1103404026,0.0,4.240759790114249e-15,2.727058345224003e-13,0.0,0.0,0.0,0.0,,,0.0,400.0,61.5102758510065,0.0,0.0
optimal@10s,5,400,2788,2427,0.8705164992826399,0.1294835007173601,0.0046628407460545,0.1248206599713055,0.0,266.9676025899825,238.88856970472895,465.96104334756313,235.54839552373468,970.8,6.238566131025958,260.72903645895656,0.0821882271502335,0.1498822575111582,0.7679295153386084,1060,4.417924528301887,0.1475449056447102,0.2048069996999404,0.0563025210084033,4.182680278791218,0.0022106682991832,0.0613207547169811,2788,0.0,0.8705164992826399,0.0,0.0,1.0,24620.754953015217,0.0,9.206754298646786e-15,2.696380865232351e-13,0.0,0.0,0.0,0.0,,,0.0,400.0,61.55188738253804,0.0,0.0
optimal@10s,0,450,2788,2543,0.9121233859397416,0.0878766140602582,0.0025107604017216,0.0853658536585365,0.0,218.5182768627869,188.62180329628973,406.1209689628717,201.2192875544714,1017.2,5.7947306331105,212.7235462296764,0.1650534360870607,0.1174363540579781,0.7175102098549611,1053,3.9525166191832857,0.1482606837529556,0.2026640000258339,0.0545912653975363,3.0423385369182387,0.0023857072016302,0.0455840455840455,2788,0.0,0.9121233859397416,0.0,0.0,1.0,25713.38682504744,0.0,-4.274293157801861e-15,2.693922334300363e-13,0.0,0.0,0.0,0.0,,,0.0,450.0,57.14085961121653,0.0,0.0
optimal@10s,1,450,2788,2541,0.911406025824964,0.0885939741750358,0.0007173601147776,0.0878766140602582,0.0,225.33905092804795,200.42045016263543,407.9393253812559,206.4270576598951,1016.4,5.223140495867769,220.11591043218016,0.1587878225755825,0.1206779389813435,0.7205342384430738,1045,3.616267942583732,0.150484688987072,0.2011359997413819,0.0515984296130117,2.7940103505613334,0.0028669025092624,0.0516746411483253,2788,0.0,0.911406025824964,0.0,0.0,1.0,25935.180947245564,0.0,1.3834750827127493e-15,2.670344596107624e-13,0.0,0.0,0.0,0.0,,,0.0,450.0,57.63373543832348,0.0,0.0
optimal@10s,2,450,2788,2569,0.9214490674318508,0.0785509325681492,0.0025107604017216,0.0760401721664275,0.0,221.3568988557335,191.37811167491736,411.6658485144071,205.20311266672843,1027.6,5.589723627870767,215.76717522786277,0.1544794494652355,0.1196802783694524,0.725840272165312,1059,3.777148253068933,0.1467135033128148,0.2113760004067446,0.047941342357586,2.101723658995021,0.0018341305050058,0.0453257790368272,2788,0.0,0.9214490674318508,0.0,0.0,1.0,26060.68478471221,0.0,2.048100022695034e-15,2.689095864369156e-13,0.0,0.0,0.0,0.0,,,0.0,450.0,57.91263285491603,0.0,0.0
optimal@10s,3,450,2788,2537,0.9099713055954088,0.0900286944045911,0.0032281205164992,0.0868005738880918,0.0,225.2114670947345,193.14882156631396,413.8525847756058,206.86862218073736,1014.8,5.421757981868349,219.78970911286612,0.1590773949801473,0.1205994458680252,0.7203231591518274,1054,3.925996204933586,0.1499208728276277,0.2041290001761808,0.0463407742300084,2.259750583406769,0.0017389999557836,0.0379506641366223,2788,0.0,0.9099713055954088,0.0,0.0,1.0,25845.743189610257,0.0,8.346584055449589e-16,2.655852588610984e-13,0.0,0.0,0.0,0.0,,,0.0,450.0,57.434984865800566,0.0,0.0
optimal@10s,4,450,2788,2559,0.9178622668579628,0.0821377331420373,0.0,0.0821377331420373,0.0,226.77075988299757,201.62621107623815,409.56805049780985,209.1410956027944,1023.6,5.169988276670575,221.60077160632696,0.1539863003937833,0.1224100435544301,0.7236036560517866,1047,3.585482330468004,0.1477109838090914,0.2050540006894152,0.0505050505050505,2.295877568104854,0.0024019254192609,0.0544412607449856,2788,0.0,0.9178622668579628,0.0,0.0,1.0,25975.540966161352,0.0,-5.974986907048713e-15,2.677401524836321e-13,0.0,0.0,0.0,0.0,,,0.0,450.0,57.72342436924745,0.0,0.0
optimal@10s,5,450,2788,2542,0.9117647058823528,0.088235294117647,0.0060975609756097,0.0821377331420373,0.0,218.9336719052487,183.7565717663288,416.8859232823109,202.76706102774324,1016.8,6.004327301337529,212.92934460391115,0.1658785167444046,0.117149691834151,0.7169717914214443,1059,4.357884796978281,0.1440467422741261,0.202742000510625,0.0421172453044963,2.39767620484298,0.0014288392119196,0.0481586402266288,2788,0.0,0.9117647058823528,0.0,0.0,1.0,25804.23368239549,0.0,6.037132503850753e-15,2.644289193589155e-13,0.0,0.0,0.0,0.0,,,0.0,450.0,57.34274151643442,0.0,0.0
optimal@10s,0,500,2788,2615,0.937948350071736,0.0620516499282639,0.0010760401721664,0.0609756097560975,0.0,187.7988119497731,156.7430904372659,363.1413733425652,177.10912873169264,1046.0,5.35640535372849,182.4424065960446,0.2345003730580963,0.0948331521955377,0.670666474746366,1048,3.6536259541984735,0.1512596374078655,0.2101830003630311,0.0470687711386696,1.43079675102785,0.0015978527819283,0.032442748091603,2788,0.0,0.937948350071736,0.0,0.0,1.0,26694.306491616408,0.0,-8.268380668902428e-15,2.640012703879592e-13,0.0,0.0,0.0,0.0,,,0.0,500.0,53.38861298323282,0.0,0.0
optimal@10s,1,500,2788,2632,0.9440459110473458,0.0559540889526542,0.0003586800573888,0.0555954088952654,0.0,193.1342423881602,166.56348865760356,363.7939924460148,182.82836435757457,1052.8,5.159574468085107,187.97466792007512,0.2275273847269556,0.0983417707528846,0.6741308445201597,1049,3.4890371782650145,0.1503684461489869,0.209351999728824,0.0478468899521531,2.27720691673657,0.0030475461896833,0.0438512869399428,2788,0.0,0.9440459110473458,0.0,0.0,1.0,26824.851976775277,0.0,4.9033725408254816e-15,2.643948889611848e-13,0.0,0.0,0.0,0.0,,,0.0,500.0,53.64970395355055,0.0,0.0
optimal@10s,2,500,2788,2632,0.9440459110473458,0.0559540889526542,0.001793400286944,0.0541606886657101,0.0,192.4470505699796,162.1279678328824,369.8750373170906,182.9420300447473,1052.8,5.320288753799392,187.1267618161802,0.231909622957543,0.0975522748773827,0.6705381021650741,1045,3.736842105263158,0.1499346411520583,0.2009680004994151,0.0422335600907029,1.763763511605543,0.0017923078008924,0.0325358851674641,2788,0.0,0.9440459110473458,0.0,0.0,1.0,26788.94187716004,0.0,-2.7839939067348153e-16,2.64124082281166e-13,0.0,0.0,0.0,0.0,,,0.0,500.0,53.57788375432007,0.0,0.0
optimal@10s,3,500,2788,2612,0.9368723098995696,0.0631276901004304,0.0007173601147776,0.0624103299856527,0.0,197.94242150706108,163.98902384016492,384.5305174794152,186.2655086410293,1044.8,5.325803981623277,192.6166175254378,0.2311299460159612,0.1000593717348283,0.6688106822492105,1048,3.599236641221374,0.1486687022715791,0.2052600000024539,0.0531914893617021,2.274947390107364,0.0026573708973538,0.0458015267175572,2788,0.0,0.9368723098995696,0.0,0.0,1.0,26722.03870613793,0.0,-5.0493470218355835e-15,2.6405400751765e-13,0.0,0.0,0.0,0.0,,,0.0,500.0,53.44407741227585,0.0,0.0
optimal@10s,4,500,2788,2626,0.9418938307030128,0.058106169296987,0.0007173601147776,0.0573888091822094,0.0,192.4237807403838,162.34352952968084,359.7070434454852,181.798545866196,1050.4,5.293602437166793,187.13017830321695,0.2312625418937287,0.0977108670979001,0.6710265910083711,1046,3.534416826003824,0.148876386242026,0.2065999997284962,0.0566248256624825,1.8603142996349904,0.0024234539790589,0.0382409177820267,2788,0.0,0.9418938307030128,0.0,0.0,1.0,26777.913320061296,0.0,9.84521764274223e-15,2.642454250673063e-13,0.0,0.0,0.0,0.0,,,0.0,500.0,53.5558266401226,0.0,0.0
optimal@10s,5,500,2788,2601,0.9329268292682928,0.0670731707317073,0.0021520803443328,0.0649210903873744,0.0,187.302260331298,157.80302120457918,362.561544649132,176.2999840530694,1040.4,6.115340253748558,181.18692007754947,0.2473426947503797,0.0935925114726222,0.659064793776998,1054,3.9639468690702087,0.1553998102935261,0.2157470002566697,0.0463015245623941,1.6904278450064083,0.0014163706842068,0.0332068311195445,2788,0.0,0.9329268292682928,0.0,0.0,1.0,26397.838167811125,0.0,2.542329625901536e-15,2.6742224992172033e-13,0.0,0.0,0.0,0.0,,,0.0,500.0,52.795676335622254,0.0,0.0
batched_greedy@10s+aware,0,300,2788,1963,0.7040889526542324,0.2959110473457675,0.2022955523672883,0.0936154949784792,0.0,392.4099589697553,375.7635457462329,587.9635709456966,339.16550035473074,785.2,79.71319409067753,312.69676487907776,0.0150362418787748,0.1600049614176593,0.8249587967035658,1103,33.73526745240254,0.0515214868345911,0.1189880002493737,0.0501706484641638,,,,2788,0.0,0.7040889526542324,0.0,0.0,1.0,19686.14245975037,0.0,-7.892707260952106e-15,2.749235717667805e-13,0.0,0.0,0.0,0.0,,,0.0,300.0,65.62047486583457,0.0,0.0
batched_greedy@10s+aware,1,300,2788,1966,0.7051649928263989,0.2948350071736011,0.2033715925394548,0.0914634146341463,0.0,386.2932484437703,368.25519778609646,580.8454196231032,331.15008326812193,786.4,77.00762970498474,309.2856187387855,0.0182040748743719,0.1583133578032365,0.8234825673223914,1101,32.64577656675749,0.0544912806297817,0.1189000013255281,0.0487469962238242,,,,2788,0.0,0.7051649928263989,0.0,0.0,1.0,19630.21865163944,0.0,-1.0478336859880318e-14,2.785166694313157e-13,0.0,0.0,0.0,0.0,,,0.0,300.0,65.43406217213146,0.0,0.0
batched_greedy@10s+aware,2,300,2788,1924,0.6901004304160688,0.3098995695839311,0.2245337159253945,0.0853658536585365,0.0,396.4755236886141,382.9177588274033,590.8402721757524,341.61692464625594,769.6,87.28430353430353,309.19122015431054,0.0132901553375065,0.152092704899058,0.8346171397634354,1109,36.07574391343553,0.0525919747912123,0.1277039999695262,0.0586805555555555,,,,2788,0.0,0.6901004304160688,0.0,0.0,1.0,19690.452523936005,0.0,-6.3797431186360335e-15,2.7600559860257134e-13,0.0,0.0,0.0,0.0,,,0.0,300.0,65.63484174645335,0.0,0.0
batched_greedy@10s+aware,3,300,2788,1944,0.697274031563845,0.3027259684361549,0.2263271162123385,0.0763988522238163,0.0,398.9524682046154,383.4444794555802,599.4265153717246,344.910595179036,777.6,88.02006172839506,310.9324064762204,0.0148552752535597,0.1544678943576955,0.8306768303887446,1104,36.02445652173913,0.0544543478112693,0.1271459990675794,0.0494736842105263,,,,2788,0.0,0.697274031563845,0.0,0.0,1.0,19727.19946668572,0.0,-3.198173321965472e-15,2.762161784162887e-13,0.0,0.0,0.0,0.0,,,0.0,300.0,65.75733155561907,0.0,0.0
batched_greedy@10s+aware,4,300,2788,1917,0.6875896700143472,0.3124103299856528,0.229196556671449,0.0832137733142037,0.0,401.6643899856976,385.5564611541959,606.8596214710029,342.91549678898105,766.8,93.0396452790819,308.6247447066157,0.0234129404555643,0.1499527969642918,0.8266342625801437,1107,36.59530261969287,0.0557327913315334,0.1305639995189267,0.0445387062566277,,,,2788,0.0,0.6875896700143472,0.0,0.0,1.0,19507.84322005848,0.0,1.114740364005478e-15,2.697124966999023e-13,0.0,0.0,0.0,0.0,,,0.0,300.0,65.0261440668616,0.0,0.0
batched_greedy@10s+aware,5,300,2788,1951,0.6997847919655668,0.3002152080344333,0.2177187948350071,0.0824964131994261,0.0,394.6210750484829,380.97646345213343,586.2262806251651,340.3440121011207,780.4,85.83444387493593,308.78663117354694,0.0132344261869304,0.1541970235953563,0.8325685502177131,1102,35.171506352087114,0.0534044464771686,0.1166819991340162,0.055939226519337,,,,2788,0.0,0.6997847919655668,0.0,0.0,1.0,19893.272853678343,0.0,-2.0263761054685793e-14,2.7444940790061323e-13,0.0,0.0,0.0,0.0,,,0.0,300.0,66.31090951226115,0.0,0.0
batched_greedy@10s+aware,0,350,2788,2226,0.7984218077474893,0.2015781922525107,0.0950502152080344,0.1065279770444763,0.0,349.7508639038322,340.76284325003417,544.4877728465581,310.5423935302638,890.4,43.54492362982929,306.2059402740029,0.0275780809165536,0.1655483296460587,0.8068735894373875,1101,19.25340599455041,0.0547822888458522,0.1271000000997446,0.044,,,,2788,0.0,0.7984218077474893,0.0,0.0,1.0,22517.293202537283,0.0,-2.2790993411173024e-15,2.7215127426283085e-13,0.0,0.0,0.0,0.0,,,0.0,350.0,64.3351234358208,0.0,0.0
batched_greedy@10s+aware,1,350,2788,2221,0.7966284074605452,0.2033715925394548,0.0972022955523672,0.1061692969870875,0.0,351.1518170113084,341.3441014846503,541.8481225046216,309.267476224469,888.4,43.69248086447546,307.4593361468329,0.0305597007647117,0.1646154509006415,0.8048248483346467,1100,19.259090909090908,0.0554990909321614,0.1337630012312728,0.0503530856616518,,,,2788,0.0,0.7966284074605452,0.0,0.0,1.0,22529.35637298732,0.0,-7.703678107655657e-15,2.7331581392537043e-13,0.0,0.0,0.0,0.0,,,0.0,350.0,64.36958963710661,0.0,0.0
batched_greedy@10s+aware,2,350,2788,2227,0.7987804878048781,0.2012195121951219,0.1000717360114777,0.1011477761836441,0.0,355.87601196545484,342.9850906787942,553.010507802353,315.1742849185867,890.8,45.981589582397845,309.894422383057,0.0234134502513872,0.1649181191223883,0.8116684306262244,1108,19.916064981949457,0.0536436822707013,0.1242789988828008,0.0446096654275092,,,,2788,0.0,0.7987804878048781,0.0,0.0,1.0,22661.462045634187,0.0,-6.259125333980138e-15,2.7452490213720017e-13,0.0,0.0,0.0,0.0,,,0.0,350.0,64.74703441609768,0.0,0.0
batched_greedy@10s+aware,3,350,2788,2215,0.7944763271162123,0.2055236728837876,0.1076040172166427,0.0979196556671449,0.0,353.656430824143,339.64161953986513,550.0489901838746,313.4878376715847,886.0,47.44785553047405,306.20857529366896,0.0307155520429534,0.1627882158367118,0.8064962321203348,1098,20.59927140255009,0.055819763166439,0.1312240003608167,0.0552469135802469,,,,2788,0.0,0.7944763271162123,0.0,0.0,1.0,22619.174379889475,0.0,-1.0356801947279767e-14,2.702759009826296e-13,0.0,0.0,0.0,0.0,,,0.0,350.0,64.62621251396993,0.0,0.0
batched_greedy@10s+aware,4,350,2788,2211,0.7930416068866571,0.2069583931133429,0.0997130559540889,0.1072453371592539,0.0,358.1878314043279,346.82263580219114,544.5095087462851,314.63023920003144,884.4,49.14654002713704,309.0412913771908,0.0291052800369553,0.1617262198920683,0.8091685000709764,1105,20.217194570135742,0.0532482353169987,0.1110920001519844,0.0518563976679963,,,,2788,0.0,0.7930416068866571,0.0,0.0,1.0,22556.58362297972,0.0,-4.378627216070269e-16,2.7227107447362745e-13,0.0,0.0,0.0,0.0,,,0.0,350.0,64.44738177994206,0.0,0.0
batched_greedy@10s+aware,5,350,2788,2235,0.8016499282639885,0.1983500717360115,0.0893113342898134,0.1090387374461979,0.0,349.1937056731888,341.95031690961514,535.1822328937899,307.77245571305843,894.0,42.04653243847875,307.14717323471,0.027637729579056,0.1657387074529368,0.8066235629680071,1097,18.56426618049225,0.052009753848276,0.1267640006699366,0.0511415525114155,,,,2788,0.0,0.8016499282639885,0.0,0.0,1.0,22601.029216512343,0.0,7.924856396268411e-15,2.729286843756277e-13,0.0,0.0,0.0,0.0,,,0.0,350.0,64.57436919003527,0.0,0.0
batched_greedy@10s+aware,0,400,2788,2463,0.883428981348637,0.1165710186513629,0.0390961262553802,0.0774748923959827,0.0,282.30556590042414,261.3636301380466,494.846222890372,261.6792428566768,985.2,20.04181892001624,262.2637469804079,0.0772841005589299,0.1460571608682926,0.7766587385727775,1098,9.876138433515482,0.0572569216573984,0.1394299991807201,0.0446976336546888,,,,2788,0.0,0.883428981348637,0.0,0.0,1.0,24838.00123725236,0.0,-3.966331481234948e-15,2.787527956464209e-13,0.0,0.0,0.0,0.0,,,0.0,400.0,62.095003093130885,0.0,0.0
batched_greedy@10s+aware,1,400,2788,2426,0.870157819225251,0.1298421807747489,0.0416068866571018,0.088235294117647,0.0,282.34057716348696,259.4615576233725,496.5009653543748,261.42304403053765,970.4,22.00618301731245,260.3343941461745,0.0881572976819691,0.1416364725618394,0.7702062297561914,1098,11.325136612021858,0.0632961749204345,0.1393680012552066,0.0504079254079254,,,,2788,0.0,0.870157819225251,0.0,0.0,1.0,24619.1358890884,0.0,-4.701195007159649e-15,2.7189133055464017e-13,0.0,0.0,0.0,0.0,,,0.0,400.0,61.547839722720994,0.0,0.0
batched_greedy@10s+aware,2,400,2788,2462,0.8830703012912482,0.1169296987087517,0.0416068866571018,0.0753228120516499,0.0,297.9917340148117,278.77108970508743,502.554264410211,276.7033622382022,984.8,24.17668562144598,273.81504839336577,0.0657915560591855,0.150441901106022,0.7837665428347924,1108,11.025270758122744,0.0602745487366936,0.1434230012091576,0.0509461426491994,,,,2788,0.0,0.8830703012912482,0.0,0.0,1.0,25126.22504920758,0.0,3.2864766057953457e-15,2.715567638974779e-13,0.0,0.0,0.0,0.0,,,0.0,400.0,62.81556262301895,0.0,0.0
batched_greedy@10s+aware,3,400,2788,2440,0.8751793400286944,0.1248206599713055,0.0451936872309899,0.0796269727403156,0.0,285.9932889309537,261.3610006506101,498.6695143483836,266.0095234309687,976.0,23.47377049180328,262.51951843915043,0.080293331277191,0.144077644531583,0.7756290241912259,1100,11.610909090909091,0.0621349090827359,0.1417340003172284,0.0464432686654908,,,,2788,0.0,0.8751793400286944,0.0,0.0,1.0,24835.76007992989,0.0,-9.137499500214095e-15,2.670368480074021e-13,0.0,0.0,0.0,0.0,,,0.0,400.0,62.08940019982472,0.0,0.0
batched_greedy@10s+aware,4,400,2788,2454,0.8802008608321378,0.1197991391678622,0.0351506456241033,0.0846484935437589,0.0,286.57717409441244,269.6710505279882,484.4668018864858,264.0030720089001,981.6,19.60880195599022,266.96837213842224,0.0732841223314719,0.1476235846010891,0.779092293067439,1089,9.616161616161616,0.0601743801828289,0.1347759996133385,0.0487097709481008,,,,2788,0.0,0.8802008608321378,0.0,0.0,1.0,24862.476351256733,0.0,-3.561400020313461e-15,2.70886455528818e-13,0.0,0.0,0.0,0.0,,,0.0,400.0,62.15619087814183,0.0,0.0
batched_greedy@10s+aware,5,400,2788,2435,0.8733859397417504,0.1266140602582496,0.0408895265423242,0.0857245337159254,0.0,275.0700945144916,251.22733926258024,493.2407066942662,253.51230675870775,974.0,19.878028747433262,255.19206576705824,0.0866392314832009,0.140788896360547,0.772571872156252,1091,10.322639780018331,0.0647637946760592,0.1491699997131942,0.0509758228954267,,,,2788,0.0,0.8733859397417504,0.0,0.0,1.0,24804.9381080016,0.0,2.2304768116904584e-15,2.6454986957639695e-13,0.0,0.0,0.0,0.0,,,0.0,400.0,62.012345270004,0.0,0.0
batched_greedy@10s+aware,0,450,2788,2561,0.9185796269727404,0.0814203730272596,0.0265423242467718,0.0548780487804878,0.0,225.5846440413347,193.4209416657568,442.6193420165091,216.60349010930705,1024.4,12.740726278797345,212.84391776253736,0.1650192786368695,0.1148715301247975,0.720109191238333,1087,7.457221711131555,0.0744452622021554,0.1527140002508531,0.0507890961262553,,,,2788,0.0,0.9185796269727404,0.0,0.0,1.0,25905.692467227786,0.0,3.234863026065177e-15,2.6620538391109364e-13,0.0,0.0,0.0,0.0,,,0.0,450.0,57.5682054827284,0.0,0.0
batched_greedy@10s+aware,1,450,2788,2554,0.9160688665710186,0.0839311334289813,0.0200860832137733,0.063845050215208,0.0,233.14992240621189,208.26285394996148,427.594231346998,220.3789637757848,1021.6,11.490211433046202,221.6597109731657,0.1589670692985258,0.1184656711474482,0.7225672595540259,1078,6.525046382189239,0.0718679962701639,0.1578919994972238,0.0537542662116041,,,,2788,0.0,0.9160688665710186,0.0,0.0,1.0,26063.692040141992,0.0,-3.663301281566609e-15,2.714244038783984e-13,0.0,0.0,0.0,0.0,,,0.0,450.0,57.91931564475998,0.0,0.0
batched_greedy@10s+aware,2,450,2788,2586,0.9275466284074604,0.0724533715925394,0.024390243902439,0.0480631276901004,0.0,226.35300255852724,198.73738237268208,422.4732055034283,218.16174032035508,1034.4,12.98723897911833,213.3657635794089,0.155164090086785,0.1159626213376602,0.7288732885755548,1094,7.302559414990859,0.0739396709167284,0.1532430001680037,0.0469199769717904,,,,2788,0.0,0.9275466284074604,0.0,0.0,1.0,26267.21147402657,0.0,1.2762498800323648e-14,2.732872792034534e-13,0.0,0.0,0.0,0.0,,,0.0,450.0,58.37158105339239,0.0,0.0
batched_greedy@10s+aware,3,450,2788,2557,0.917144906743185,0.0828550932568149,0.0269010043041606,0.0559540889526542,0.0,229.6869070999763,200.4090779868457,429.9776633096297,219.56539754861117,1022.8,13.996871333594056,215.69003576638224,0.1597730364867537,0.1154863040349949,0.7247406594782514,1099,7.67697907188353,0.0727243857709072,0.1660699997955816,0.0503307448950244,,,,2788,0.0,0.917144906743185,0.0,0.0,1.0,26066.10000978996,0.0,-1.0146622168466071e-14,2.695905898033576e-13,0.0,0.0,0.0,0.0,,,0.0,450.0,57.924666688422136,0.0,0.0
batched_greedy@10s+aware,4,450,2788,2572,0.9225251076040172,0.0774748923959827,0.0164992826398852,0.0609756097560975,0.0,240.40360366565213,216.462012596171,439.2904757306477,227.5400130212146,1028.8,11.852643856920684,228.55095980873145,0.143844170928921,0.1234511716416664,0.7327046574294126,1079,6.4355885078776645,0.0706915662241222,0.1559440010532853,0.0495867768595041,,,,2788,0.0,0.9225251076040172,0.0,0.0,1.0,26304.431395339925,0.0,3.838298263984017e-15,2.6585991055099233e-13,0.0,0.0,0.0,0.0,,,0.0,450.0,58.45429198964428,0.0,0.0
batched_greedy@10s+aware,5,450,2788,2562,0.9189383070301292,0.0810616929698708,0.0258249641319942,0.0552367288378766,0.0,225.92910736395385,197.3126081796488,424.8530079237112,216.68877479787008,1024.8,12.00039032006245,213.9287170438914,0.1648857161131728,0.1157118566322185,0.7194024272546086,1081,7.37372802960222,0.0750796484542082,0.1546799998322969,0.0524505588993981,,,,2788,0.0,0.9189383070301292,0.0,0.0,1.0,26017.46103370529,0.0,-5.794480170209892e-15,2.684581674837753e-13,0.0,0.0,0.0,0.0,,,0.0,450.0,57.816580074900656,0.0,0.0
batched_greedy@10s+aware,0,500,2788,2633,0.9444045911047346,0.0555954088952654,0.0172166427546628,0.0383787661406025,0.0,191.8125330359231,163.0068772989689,382.1917087675921,186.69222473888772,1053.2,8.923661222939613,182.88887181298347,0.2332200490528467,0.0943008220289184,0.6724791289182348,1081,5.667900092506938,0.0819582793853335,0.1688999993348261,0.0579259677875105,,,,2788,0.0,0.9444045911047346,0.0,0.0,1.0,26800.822459826035,0.0,8.6271033360541985e-16,2.64404103962112e-13,0.0,0.0,0.0,0.0,,,0.0,500.0,53.60164491965208,0.0,0.0
batched_greedy@10s+aware,1,500,2788,2643,0.9479913916786228,0.0520086083213773,0.0129124820659971,0.0390961262553802,0.0,195.10967227354,167.6415339344603,374.982046234702,188.7406798918928,1057.2,7.975406734771093,187.1342655387689,0.2311225250745444,0.0965898147900216,0.672287660135434,1076,4.955390334572491,0.0811533457510862,0.1696499998615763,0.0475106685633001,,,,2788,0.0,0.9479913916786228,0.0,0.0,1.0,26844.67016686896,0.0,-4.223132122728519e-15,2.650720270513969e-13,0.0,0.0,0.0,0.0,,,0.0,500.0,53.68934033373792,0.0,0.0
batched_greedy@10s+aware,2,500,2788,2642,0.947632711621234,0.0523672883787661,0.0190100430416068,0.0333572453371592,0.0,195.94460588959836,164.26311882249138,390.54790115252257,191.7468218559377,1056.8,11.3334595003785,184.6111463892198,0.2332891777898423,0.0943259283074327,0.6723848939027249,1084,6.399446494464945,0.0844039667640153,0.173327000338759,0.0458715596330275,,,,2788,0.0,0.947632711621234,0.0,0.0,1.0,26987.646576989133,0.0,-2.0674857233746287e-16,2.666878409586867e-13,0.0,0.0,0.0,0.0,,,0.0,500.0,53.97529315397827,0.0,0.0
batched_greedy@10s+aware,3,500,2788,2622,0.9404591104734576,0.0595408895265423,0.0218794835007173,0.0376614060258249,0.0,201.8962809549893,167.34096499256157,403.6826645708118,197.7083743185379,1048.8,11.337147215865752,190.5591337391236,0.2319879526415532,0.0968060288329054,0.6712060185255413,1084,6.787822878228782,0.081320387462625,0.1671379993422307,0.0497854077253218,,,,2788,0.0,0.9404591104734576,0.0,0.0,1.0,26837.89033291481,0.0,-4.0196255511323706e-15,2.668018784967497e-13,0.0,0.0,0.0,0.0,,,0.0,500.0,53.67578066582961,0.0,0.0
batched_greedy@10s+aware,4,500,2788,2640,0.9469153515064562,0.0530846484935437,0.011119081779053,0.0419655667144906,0.0,202.57750522479787,173.25638246658968,390.0729442000317,195.70317220257104,1056.0,9.486742424242424,193.09076280055544,0.2261546498048185,0.0991243944832817,0.6747209557118997,1079,5.439295644114921,0.0805472660074013,0.168687999866961,0.0469416785206258,,,,2788,0.0,0.9469153515064562,0.0,0.0,1.0,26987.08943070025,0.0,9.115603894611702e-16,2.690098985320419e-13,0.0,0.0,0.0,0.0,,,0.0,500.0,53.974178861400496,0.0,0.0
batched_greedy@10s+aware,5,500,2788,2618,0.9390243902439024,0.0609756097560975,0.0211621233859397,0.0398134863701578,0.0,193.5645858005297,163.3624567755569,380.29255843717567,188.7377446804533,1047.2,11.178762414056532,182.3858233864732,0.2439913601802856,0.092780651683558,0.6632279881361564,1080,6.564814814814815,0.0847397221992583,0.1749569998537481,0.0492272467086433,,,,2788,0.0,0.9390243902439024,0.0,0.0,1.0,26603.3996191268,0.0,3.805503573750484e-15,2.6646671457927593e-13,0.0,0.0,0.0,0.0,,,0.0,500.0,53.20679923825361,0.0,0.0
optimal@10s+aware,0,300,2788,1953,0.7005021520803444,0.2994978479196556,0.2040889526542324,0.0954088952654232,0.0,397.058539311525,382.24023285122985,587.8083545730584,340.44240209571035,781.2,80.29493087557604,316.763608435949,0.0139135220074106,0.1610252102141766,0.8250612677784128,1105,33.59457013574661,0.1442777375843137,0.2185080001072493,0.0486301369863013,4.616031725938472,0.0001595078266617,0.0479638009049773,2788,0.0,0.7005021520803444,0.0,0.0,1.0,19696.413577656014,0.0,-1.4407318144444432e-14,2.73338841462654e-13,0.0,0.0,0.0,0.0,,,0.0,300.0,65.65471192552006,0.0,0.0
optimal@10s+aware,1,300,2788,1942,0.6965566714490674,0.3034433285509326,0.2119799139167862,0.0914634146341463,0.0,396.063701713193,378.47377962208793,597.0133388408436,339.2328843073022,776.8,87.03553038105046,309.0281713321425,0.018435834378764,0.1552339756617343,0.8263301899595016,1102,35.28675136116153,0.1457569873055497,0.2114990006521111,0.0589444825222755,6.005381462336956,0.000197390592646,0.0462794918330308,2788,0.0,0.6965566714490674,0.0,0.0,1.0,19813.079432820294,0.0,-4.801285813600368e-15,2.755081893257034e-13,0.0,0.0,0.0,0.0,,,0.0,300.0,66.04359810940097,0.0,0.0
optimal@10s+aware,2,300,2788,1952,0.7001434720229556,0.2998565279770445,0.2241750358680057,0.0756814921090387,0.0,399.0323951445948,386.8523997009497,589.3790463330223,346.5026632322863,780.8,88.31198770491804,310.7204074396768,0.0122999975666763,0.1545011477087825,0.8331988547245411,1110,36.26486486486486,0.1386234234306758,0.2168479996907992,0.0457746478873239,4.24455486355201,0.0001354189703316,0.0405405405405405,2788,0.0,0.7001434720229556,0.0,0.0,1.0,19748.514496874384,0.0,1.440195867845715e-14,2.730438825857223e-13,0.0,0.0,0.0,0.0,,,0.0,300.0,65.82838165624794,0.0,0.0
optimal@10s+aware,3,300,2788,1948,0.6987087517934003,0.3012912482065997,0.2062410329985652,0.0950502152080344,0.0,394.7237503818395,377.1966628445744,589.5801199847273,337.1236838737358,779.2,81.84599589322382,312.87775448861566,0.016433942872854,0.1582437246487741,0.8253223324783717,1103,33.60652765185857,0.1463314596481411,0.2106520000234014,0.0452504317789291,4.3293133010547695,0.0001495676123873,0.0444242973708068,2788,0.0,0.6987087517934003,0.0,0.0,1.0,19651.37126443233,0.0,-4.419006798631219e-15,2.731376612451525e-13,0.0,0.0,0.0,0.0,,,0.0,300.0,65.5045708814411,0.0,0.0
optimal@10s+aware,4,300,2788,1923,0.68974175035868,0.3102582496413199,0.2152080344332855,0.0950502152080344,0.0,397.1428108318279,381.57576361330666,588.9718499792986,340.0123201140213,769.2,84.52938117524701,312.6134296565809,0.0211468887635651,0.1545534677158869,0.824299643520548,1107,35.02077687443541,0.1490738030760914,0.217169998686586,0.0531767955801105,3.248034881595929,0.0001074400842433,0.030713640469738,2788,0.0,0.68974175035868,0.0,0.0,1.0,19541.08340116193,0.0,-9.686363919891327e-15,2.799918960807345e-13,0.0,0.0,0.0,0.0,,,0.0,300.0,65.13694467053976,0.0,0.0
optimal@10s+aware,5,300,2788,1943,0.6969153515064562,0.3030846484935438,0.2152080344332855,0.0878766140602582,0.0,397.87596806640624,384.4222585382977,589.4418445363029,340.44067336932505,777.2,84.91147709727225,312.964490969134,0.0130780571897163,0.1558947968720887,0.8310271459381948,1111,34.42304230423042,0.1431275427351913,0.2232399985587109,0.0547898001378359,5.862045883961936,0.0001975482736937,0.0522052205220522,2788,0.0,0.6969153515064562,0.0,0.0,1.0,19879.344829807596,0.0,-5.024630565797106e-15,2.6677350784199334e-13,0.0,0.0,0.0,0.0,,,0.0,300.0,66.26448276602531,0.0,0.0
optimal@10s+aware,0,350,2788,2225,0.7980631276901005,0.2019368723098995,0.0946915351506456,0.1072453371592539,0.0,356.6185180634027,345.1032917937837,551.319431270703,315.6184532384677,890.0,48.91685393258427,307.7016641308184,0.024060966511817,0.1635041268690624,0.8124349066191205,1099,20.342129208371247,0.1406546860651772,0.2132400008486001,0.0492204218893304,7.798166307843717,0.0004640721620547,0.0709736123748862,2788,0.0,0.7980631276901005,0.0,0.0,1.0,22703.04327282657,0.0,1.1504405418318026e-15,2.778661196265439e-13,0.0,0.0,0.0,0.0,,,0.0,350.0,64.8658379223616,0.0,0.0
optimal@10s+aware,1,350,2788,2231,0.8002152080344332,0.1997847919655667,0.0914634146341463,0.1083213773314203,0.0,353.0708710348423,341.1345219349041,540.436098395081,310.47656304981905,892.4,44.81039892424921,308.2604721105931,0.0263481971760521,0.1649394573126631,0.8087123455112847,1105,19.02171945701357,0.1402202714988524,0.198376000917051,0.0454266421117249,6.513114415339602,0.0004168139831432,0.0615384615384615,2788,0.0,0.8002152080344332,0.0,0.0,1.0,22659.89626125876,0.0,-4.7948098999857945e-15,2.72199017148546e-13,0.0,0.0,0.0,0.0,,,0.0,350.0,64.7425607464536,0.0,0.0
optimal@10s+aware,2,350,2788,2231,0.8002152080344332,0.1997847919655667,0.1007890961262553,0.0989956958393113,0.0,363.4461469070102,352.3834137516151,554.3206625420617,322.2337800468847,892.4,49.94666069027342,313.4994862167368,0.0241903863466681,0.1669561472080742,0.8088534664452576,1098,21.01001821493625,0.1422205828360716,0.2090629998019721,0.0458204334365325,8.014225461097226,0.0004595672483028,0.0746812386156648,2788,0.0,0.8002152080344332,0.0,0.0,1.0,22675.92037330025,0.0,-3.5129029024804597e-15,2.7081519456366133e-13,0.0,0.0,0.0,0.0,,,0.0,350.0,64.788343923715,0.0,0.0
optimal@10s+aware,3,350,2788,2216,0.7948350071736011,0.2051649928263988,0.1043758967001434,0.1007890961262553,0.0,349.4108998663618,340.1809174697337,533.4305963046386,309.9460529503677,886.4,41.744584837545126,307.66631502881665,0.0314339223621022,0.1643615547688293,0.8042045228690685,1103,19.29193109700816,0.14166210337562,0.195540001441259,0.0465983224603914,9.847265733308497,0.0006203739457103,0.0743427017225748,2788,0.0,0.7948350071736011,0.0,0.0,1.0,22556.620286212958,0.0,-1.6292623087008163e-16,2.7360003552757504e-13,0.0,0.0,0.0,0.0,,,0.0,350.0,64.44748653203702,0.0,0.0
optimal@10s+aware,4,350,2788,2197,0.7880200860832137,0.2119799139167862,0.1004304160688665,0.1115494978479196,0.0,366.552955686837,358.7242615736395,546.9133277921906,320.5510335025392,878.8,50.10741920801093,316.4455364788261,0.0301012454688492,0.164405374113206,0.8054933804179447,1109,20.5653742110009,0.1458112714566705,0.2041720003035153,0.0454124189063948,6.910931632178174,0.0004047793318222,0.0631199278629395,2788,0.0,0.7880200860832137,0.0,0.0,1.0,22360.24614569203,0.0,-7.631785255848413e-15,2.6844495371861417e-13,0.0,0.0,0.0,0.0,,,0.0,350.0,63.88641755912008,0.0,0.0
optimal@10s+aware,5,350,2788,2218,0.7955523672883787,0.2044476327116212,0.095767575322812,0.1086800573888091,0.0,355.47926882193536,345.7167116349283,544.6342655652674,311.1836862325398,887.2,42.39720468890893,313.08206413302645,0.0263653887530561,0.1675317492678051,0.8061028619791387,1102,18.600725952813068,0.1472056261055808,0.2080980002392607,0.0543179737564845,7.605657136470547,0.0004988207509831,0.058076225045372,2788,0.0,0.7955523672883787,0.0,0.0,1.0,22635.171966520964,0.0,-3.9619645106010104e-15,2.648493587552501e-13,0.0,0.0,0.0,0.0,,,0.0,350.0,64.67191990434561,0.0,0.0
optimal@10s+aware,0,400,2788,2456,0.8809182209469153,0.1190817790530846,0.0401721664275466,0.078909612625538,0.0,283.2111059522755,264.5326438946149,487.7030345338176,262.1985550703076,982.4,19.25732899022801,263.95377696204747,0.075613628397221,0.1470487122552102,0.7773376593475688,1103,9.753399818676336,0.1461780598273371,0.2051939999728347,0.0472440944881889,8.201536177066272,0.0011732072511319,0.0625566636446056,2788,0.0,0.8809182209469153,0.0,0.0,1.0,24850.95948515762,0.0,-8.867318750426331e-15,2.7619600417824663e-13,0.0,0.0,0.0,0.0,,,0.0,400.0,62.12739871289405,0.0,0.0
optimal@10s+aware,1,400,2788,2441,0.8755380200860832,0.1244619799139167,0.0383787661406025,0.0860832137733142,0.0,275.38153422712577,255.8839566801089,478.5384699597371,254.365772396254,976.4,18.09217533797624,257.2893588891495,0.0839977900366376,0.142367120248876,0.7736350897144864,1091,9.976168652612282,0.1433830430618496,0.2020299996729588,0.0492137449039021,8.54710937181626,0.0011949325148854,0.0687442713107241,2788,0.0,0.8755380200860832,0.0,0.0,1.0,24762.034028628368,0.0,-4.385221759207665e-15,2.750726043229244e-13,0.0,0.0,0.0,0.0,,,0.0,400.0,61.90508507157092,0.0,0.0
optimal@10s+aware,2,400,2788,2456,0.8809182209469153,0.1190817790530846,0.0437589670014347,0.0753228120516499,0.0,288.0641407854788,271.82951083672015,486.3472102887709,267.9841450095209,982.4,20.57939739413681,267.484743391342,0.067960843183555,0.1481015632896387,0.7839375935268061,1092,10.514652014652016,0.1458628205396869,0.2150479991178139,0.0504667444574095,7.05563096073025,0.0009194266598638,0.0622710622710622,2788,0.0,0.8809182209469153,0.0,0.0,1.0,25061.97793497283,0.0,-2.195131517744202e-15,2.7053205857183644e-13,0.0,0.0,0.0,0.0,,,0.0,400.0,62.65494483743208,0.0,0.0
optimal@10s+aware,3,400,2788,2444,0.8766140602582496,0.1233859397417503,0.0441176470588235,0.0792682926829268,0.0,290.81514627063166,271.22355386878417,497.61163351936426,269.9405487673188,977.6,21.72381342062193,269.09133285000974,0.0770365738277692,0.1475167144905491,0.7754467116816816,1098,11.041894353369765,0.1379270491722552,0.1957030003723048,0.0438751472320376,6.636213298082395,0.0008116486243246,0.0610200364298725,2788,0.0,0.8766140602582496,0.0,0.0,1.0,24970.810004851413,0.0,4.959662431611072e-15,2.7226538899393865e-13,0.0,0.0,0.0,0.0,,,0.0,400.0,62.42702501212854,0.0,0.0
optimal@10s+aware,4,400,2788,2454,0.8802008608321378,0.1197991391678622,0.0322812051649928,0.0875179340028694,0.0,283.8222295126495,266.71652029564166,483.22483037011295,260.80807131612164,981.6,17.684189079054605,266.13804043359494,0.0712571201318309,0.1476267573484893,0.7811161225196797,1087,9.045078196872126,0.1376794848247492,0.2015660011966249,0.0488580514599595,8.459510171954339,0.0013334425008169,0.0735970561177552,2788,0.0,0.8802008608321378,0.0,0.0,1.0,24966.937814333018,0.0,4.6341631971639785e-15,2.720880661047775e-13,0.0,0.0,0.0,0.0,,,0.0,400.0,62.41734453583254,0.0,0.0
optimal@10s+aware,5,400,2788,2445,0.8769727403156384,0.1230272596843615,0.0362266857962697,0.0868005738880918,0.0,276.4319295866032,259.2179005294184,478.3133259426457,254.9485952035044,978.0,17.03558282208589,259.39634676451726,0.0802684454761092,0.1440573264114225,0.7756742281124681,1102,9.44464609800363,0.1412444646051676,0.1946930000667635,0.0540775014459225,8.660706065175514,0.0012952360884585,0.0707803992740471,2788,0.0,0.8769727403156384,0.0,0.0,1.0,24942.32938663208,0.0,6.100641464394235e-15,2.681325282232703e-13,0.0,0.0,0.0,0.0,,,0.0,400.0,62.35582346658019,0.0,0.0
optimal@10s+aware,0,450,2788,2571,0.9221664275466284,0.0778335724533716,0.0265423242467718,0.0512912482065997,0.0,229.86618821486215,200.87086499997625,438.6454243773605,221.10560666851467,1028.4,12.823803967327889,217.04238424753427,0.1608311271655081,0.1173838866406448,0.721784986193847,1087,7.428702851885925,0.1480900644037403,0.2019139986077789,0.0548571428571428,5.705143222288619,0.0012341888997812,0.0597976080956761,2788,0.0,0.9221664275466284,0.0,0.0,1.0,25947.98136941692,0.0,-6.8233590263348985e-15,2.698333367109462e-13,0.0,0.0,0.0,0.0,,,0.0,450.0,57.66218082092648,0.0,0.0
optimal@10s+aware,1,450,2788,2561,0.9185796269727404,0.0814203730272596,0.0208034433285509,0.0606169296987087,0.0,232.9750123650145,207.91233088773424,427.329140104247,220.76291687220757,1024.4,11.69074580242093,221.2842665625936,0.1593563294163961,0.1187587030729559,0.7218849675106479,1086,6.517495395948434,0.1465449355742902,0.2113400005328006,0.051625784369652,5.551932534239079,0.0014564506455105,0.0488029465930018,2788,0.0,0.9185796269727404,0.0,0.0,1.0,26006.30165870278,0.0,-7.943318439988938e-15,2.67607707003658e-13,0.0,0.0,0.0,0.0,,,0.0,450.0,57.79178146378396,0.0,0.0
optimal@10s+aware,2,450,2788,2592,0.9296987087517934,0.0703012912482066,0.0236728837876614,0.0466284074605451,0.0,226.51077889490307,199.54461661101777,422.2978377919475,218.3621225936105,1036.8,12.184413580246911,214.32636531465616,0.1525166399617496,0.1167526805988304,0.7307306794394199,1084,7.074723247232472,0.148883856066804,0.2119040003708506,0.0534285714285714,5.750135922975286,0.001346872679698,0.0535055350553505,2788,0.0,0.9296987087517934,0.0,0.0,1.0,26318.615898489115,0.0,9.423531913647048e-15,2.6675061336755297e-13,0.0,0.0,0.0,0.0,,,0.0,450.0,58.48581310775359,0.0,0.0
optimal@10s+aware,3,450,2788,2555,0.9164275466284074,0.0835724533715925,0.0283357245337159,0.0552367288378766,0.0,229.911033401403,200.8532382529993,433.49846026498994,220.15307247300527,1022.0,12.869275929549902,217.0417574718531,0.1571765616178363,0.1156673707553174,0.7271560676268463,1089,7.618916437098255,0.1505981634581016,0.2110120005818316,0.0448885027512308,3.5361706597225937,0.0007331581831388,0.0449954086317722,2788,0.0,0.9164275466284074,0.0,0.0,1.0,26122.66670619561,0.0,-1.0331852790142783e-14,2.7346487761799813e-13,0.0,0.0,0.0,0.0,,,0.0,450.0,58.05037045821248,0.0,0.0
optimal@10s+aware,4,450,2788,2574,0.9232424677187948,0.0767575322812051,0.0182926829268292,0.0584648493543758,0.0,242.6556057521147,218.94761912632748,445.441461591699,229.81053441610368,1029.6,12.252136752136751,230.40346899997795,0.1456730019913725,0.1244547336953143,0.7298722643133131,1083,6.518928901200369,0.1465941828161131,0.1971799994498724,0.0499286733238231,6.239863486536275,0.0016207599577017,0.0600184672206832,2788,0.0,0.9232424677187948,0.0,0.0,1.0,26247.236022260226,0.0,9.935417765204178e-15,2.709525602244354e-13,0.0,0.0,0.0,0.0,,,0.0,450.0,58.32719116057828,0.0,0.0
optimal@10s+aware,5,450,2788,2564,0.9196556671449068,0.0803443328550932,0.0251076040172166,0.0552367288378766,0.0,224.44587496998983,193.13324141830208,418.68377385035416,214.75214893363236,1025.6,11.683307332293293,212.76256763769652,0.1662424873016257,0.1152902942950861,0.7184672184032881,1080,7.117592592592593,0.145976388869342,0.201784000491898,0.0455856895556837,4.212969231330862,0.0009734492941718,0.0509259259259259,2788,0.0,0.9196556671449068,0.0,0.0,1.0,25972.792357506325,0.0,-2.799805802350336e-15,2.666982599402709e-13,0.0,0.0,0.0,0.0,,,0.0,450.0,57.71731635001406,0.0,0.0
optimal@10s+aware,0,500,2788,2641,0.947274031563845,0.0527259684361549,0.0154232424677187,0.0373027259684361,0.0,193.6840143250016,164.57973473547827,380.9487161775424,188.3544407321206,1056.4,8.542597500946611,185.14141682405497,0.2305563938736021,0.0956173488641626,0.6738262572622352,1084,5.4012915129151295,0.1512181734461186,0.2147339995099173,0.0500711237553342,3.805391248023301,0.0014412929176767,0.0378228782287822,2788,0.0,0.947274031563845,0.0,0.0,1.0,26928.35226465521,0.0,3.003865825354608e-15,2.692091995075472e-13,0.0,0.0,0.0,0.0,,,0.0,500.0,53.85670452931041,0.0,0.0
optimal@10s+aware,1,500,2788,2633,0.9444045911047346,0.0555954088952654,0.0132711621233859,0.0423242467718794,0.0,197.3935082117424,168.13395706886695,381.2986380427585,190.5499272784279,1053.2,9.41663501709077,187.97687319465163,0.2329329570692504,0.0961653478461807,0.6709016950845689,1083,5.354570637119114,0.1443576177231904,0.2042140004414251,0.0450784593437945,3.848045003700664,0.0014743535095071,0.0397045244690674,2788,0.0,0.9444045911047346,0.0,0.0,1.0,26776.308230495582,0.0,1.1646167846618618e-15,2.635341411271683e-13,0.0,0.0,0.0,0.0,,,0.0,500.0,53.552616460991175,0.0,0.0
optimal@10s+aware,2,500,2788,2642,0.947632711621234,0.0523672883787661,0.0175753228120516,0.0347919655667144,0.0,199.271136065215,167.63062787869194,400.32879499971074,194.61692483584716,1056.8,10.543527630582892,188.7276084346321,0.230967912858557,0.0962229756653792,0.6728091114760637,1083,6.142197599261311,0.1483167128609404,0.2098979995571427,0.0515229148875604,2.887084418494142,0.0008716988532192,0.0397045244690674,2788,0.0,0.947632711621234,0.0,0.0,1.0,26977.22920799911,0.0,-2.893807659643709e-15,2.705010914562865e-13,0.0,0.0,0.0,0.0,,,0.0,500.0,53.95445841599822,0.0,0.0
optimal@10s+aware,3,500,2788,2625,0.941535150645624,0.0584648493543758,0.0204447632711621,0.0380200860832137,0.0,202.67360515060545,168.55992098255774,403.88307069681207,197.57434885820584,1050.0,11.291809523809524,191.38179562679588,0.2327673604813949,0.0970505698101899,0.6701820697084151,1087,6.485740570377185,0.1521886844505145,0.211178000608925,0.054054054054054,4.868492159368359,0.0013366744535548,0.0487580496780128,2788,0.0,0.941535150645624,0.0,0.0,1.0,26863.70522243322,0.0,-7.830773067022771e-16,2.677231558138937e-13,0.0,0.0,0.0,0.0,,,0.0,500.0,53.72741044486644,0.0,0.0
optimal@10s+aware,4,500,2788,2642,0.947632711621234,0.0523672883787661,0.0114777618364418,0.0408895265423242,0.0,200.73531679223424,173.2450872587881,388.9240956181909,194.3626621276337,1056.8,9.092732778198334,191.64258401403592,0.2275733835873471,0.0986603654303187,0.6737662509823341,1077,5.411327762302693,0.1537159702382365,0.2172239998617442,0.0544889892715979,4.5596752472154005,0.0017253803175732,0.0464252553389043,2788,0.0,0.947632711621234,0.0,0.0,1.0,26966.535352853956,0.0,1.5180051681135185e-15,2.667481846476861e-13,0.0,0.0,0.0,0.0,,,0.0,500.0,53.93307070570791,0.0,0.0
optimal@10s+aware,5,500,2788,2622,0.9404591104734576,0.0595408895265423,0.0190100430416068,0.0405308464849354,0.0,190.08819159542767,160.82877692525926,373.808154938092,185.32538858572357,1048.8,11.109839816933638,178.97835177849407,0.2453252254578915,0.0915941937185113,0.6630805808235971,1082,6.434380776340111,0.1547231978022321,0.2314279996971891,0.0499571795603768,2.8596941461816714,0.0008062207183139,0.0341959334565619,2788,0.0,0.9404591104734576,0.0,0.0,1.0,26589.863433752307,0.0,1.0846904356148983e-15,2.666458883509557e-13,0.0,0.0,0.0,0.0,,,0.0,500.0,53.17972686750461,0.0,0.0
batched_greedy@30s+aware,0,300,2788,1976,0.7087517934002869,0.291248206599713,0.2245337159253945,0.0667144906743185,0.0,380.0963273777863,362.8917228925875,575.1695552590738,337.40009645659933,790.4,89.83097165991903,290.2653557178673,0.0171058715721069,0.1507044581600876,0.8321896702678054,367,40.02452316076294,0.0927038146898991,0.2669880004032165,0.0511204481792717,,,,2788,0.0,0.7087517934002869,0.0,0.0,1.0,19812.74695121757,0.0,-1.4076009813425668e-14,2.809574435451001e-13,0.0,0.0,0.0,0.0,,,0.0,300.0,66.04248983739191,0.0,0.0
batched_greedy@30s+aware,1,300,2788,1971,0.7069583931133429,0.2930416068866571,0.2191535150645624,0.0738880918220946,0.0,377.2403291218294,361.7228970864944,575.8624591255721,330.11431587104414,788.4,89.18822932521563,288.0520997966138,0.0182380159283415,0.1492104106814898,0.8325515733901687,364,39.69230769230769,0.0934170329606126,0.2755109989266203,0.0490883590462833,,,,2788,0.0,0.7069583931133429,0.0,0.0,1.0,19973.348894379265,0.0,-4.275513366877112e-15,2.767006985452385e-13,0.0,0.0,0.0,0.0,,,0.0,300.0,66.57782964793088,0.0,0.0
batched_greedy@30s+aware,2,300,2788,1956,0.7015781922525107,0.2984218077474892,0.2317073170731707,0.0667144906743185,0.0,380.24975963584336,361.8236823214138,574.1192078550926,334.82586114663513,782.4,87.83946830265849,292.41029133318483,0.0172954533213908,0.1511305510174742,0.831573995661135,371,39.3989218328841,0.0897870619925344,0.2765600000202539,0.0529287226534933,,,,2788,0.0,0.7015781922525107,0.0,0.0,1.0,19726.665414714127,0.0,-1.9040438392058105e-14,2.727179990583929e-13,0.0,0.0,0.0,0.0,,,0.0,300.0,65.75555138238042,0.0,0.0
batched_greedy@30s+aware,3,300,2788,1971,0.7069583931133429,0.2930416068866571,0.2227403156384505,0.0703012912482066,0.0,377.19240374597166,355.8581634117327,572.6334871490117,331.4317223932027,788.4,88.26027397260275,288.9321297733689,0.0193726119744327,0.1502462875109883,0.8303811005145789,366,38.95355191256831,0.0939715847166578,0.2686250005353942,0.0501226778829302,,,,2788,0.0,0.7069583931133429,0.0,0.0,1.0,19759.54345010554,0.0,-2.5036627599461678e-15,2.7573996978278253e-13,0.0,0.0,0.0,0.0,,,0.0,300.0,65.86514483368514,0.0,0.0
batched_greedy@30s+aware,4,300,2788,1950,0.6994261119081779,0.3005738880918221,0.2266857962697274,0.0738880918220946,0.0,380.1277244007845,361.04011816908815,574.3562613034279,330.2686515202711,780.0,91.70153846153846,288.42618593924607,0.0190709340626038,0.1476679535930996,0.8332611123442966,369,39.42547425474255,0.0925368563754598,0.2638399998977546,0.0479717813051146,,,,2788,0.0,0.6994261119081779,0.0,0.0,1.0,19789.02430300441,0.0,-6.688211238398277e-15,2.7365187039462264e-13,0.0,0.0,0.0,0.0,,,0.0,300.0,65.96341434334803,0.0,0.0
batched_greedy@30s+aware,5,300,2788,1981,0.710545193687231,0.289454806312769,0.2148493543758967,0.0746054519368723,0.0,376.54099978683615,357.86612439479086,569.6955290718488,330.61239783426225,792.4,81.96163553760726,294.5793642492289,0.014810627392599,0.1541376513391127,0.8310517212682882,368,37.61413043478261,0.0916880435101041,0.2660660008223203,0.0490947075208913,,,,2788,0.0,0.710545193687231,0.0,0.0,1.0,20024.14686106314,0.0,-2.552896477421763e-15,2.703012529155229e-13,0.0,0.0,0.0,0.0,,,0.0,300.0,66.7471562035438,0.0,0.0
batched_greedy@30s+aware,0,350,2788,2254,0.8084648493543759,0.1915351506456241,0.1176470588235294,0.0738880918220946,0.0,337.11925541780533,316.2207858086504,543.8318798163257,307.50290346354893,901.6,55.82165039929015,281.2976050185152,0.0333913036161534,0.1553349477639657,0.8112737486198809,367,26.13351498637602,0.0938152588638797,0.2895760002866154,0.0494367959949937,,,,2788,0.0,0.8084648493543759,0.0,0.0,1.0,22698.31739763711,0.0,-1.0549384495213732e-14,2.738395136202679e-13,0.0,0.0,0.0,0.0,,,0.0,350.0,64.85233542182031,0.0,0.0
batched_greedy@30s+aware,1,350,2788,2234,0.8012912482065997,0.1987087517934002,0.1165710186513629,0.0821377331420373,0.0,348.6678533033733,330.22886935062456,549.1731710583998,314.7506194500997,893.6,62.0,286.6678533033733,0.030596183538759,0.1519866027427203,0.8174172137185207,366,28.153005464480877,0.0968994535037009,0.2731749993472481,0.0510331872260488,,,,2788,0.0,0.8012912482065997,0.0,0.0,1.0,22836.158787438257,0.0,-9.509154629537867e-15,2.72359077497426e-13,0.0,0.0,0.0,0.0,,,0.0,350.0,65.2461679641093,0.0,0.0
batched_greedy@30s+aware,2,350,2788,2235,0.8016499282639885,0.1983500717360115,0.1154949784791965,0.0828550932568149,0.0,346.0785047024616,330.0588714247583,536.0088576207921,312.57275869501456,894.0,59.50022371364653,286.5782809888151,0.0304595097795749,0.1539944990385784,0.8155459911818467,368,27.222826086956523,0.0944750000381527,0.2813589990910258,0.0434919634415379,,,,2788,0.0,0.8016499282639885,0.0,0.0,1.0,22686.54504154875,0.0,-5.8194562765497235e-15,2.723000050646811e-13,0.0,0.0,0.0,0.0,,,0.0,350.0,64.81870011871071,0.0,0.0
batched_greedy@30s+aware,3,350,2788,2216,0.7948350071736011,0.2051649928263988,0.1273314203730272,0.0778335724533716,0.0,347.8734510770955,329.61628710433706,550.0881063657089,314.20225623362313,886.4,58.08754512635379,289.7859059507417,0.0338607476524612,0.1556198969656342,0.8105193553819046,365,27.673972602739727,0.0940076712489428,0.2605519993812777,0.0464376590330788,,,,2788,0.0,0.7948350071736011,0.0,0.0,1.0,22618.1945566301,0.0,-7.65633044328594e-15,2.7469342484568964e-13,0.0,0.0,0.0,0.0,,,0.0,350.0,64.62341301894314,0.0,0.0
batched_greedy@30s+aware,4,350,2788,2232,0.8005738880918221,0.1994261119081779,0.1090387374461979,0.0903873744619799,0.0,337.2226431033446,320.03834910761407,539.3829742335877,303.4191260955959,892.8,53.16756272401434,284.0550803793302,0.0346068093229258,0.1536859190703377,0.8117072716067365,367,25.46866485013624,0.0931523161218549,0.2892560001782839,0.0485678704856787,,,,2788,0.0,0.8005738880918221,0.0,0.0,1.0,22606.50366290805,0.0,4.1615456600465546e-15,2.7084427890420033e-13,0.0,0.0,0.0,0.0,,,0.0,350.0,64.59001046545156,0.0,0.0
batched_greedy@30s+aware,5,350,2788,2241,0.8038020086083214,0.1961979913916786,0.1140602582496413,0.0821377331420373,0.0,340.4712862547836,323.79221087915903,534.5862539961081,308.5073391775109,896.4,54.570281124498,285.9010051302856,0.0327740208157692,0.1546916965779034,0.8125342826063273,365,26.416438356164385,0.0957750684915793,0.2716840007633436,0.0564516129032258,,,,2788,0.0,0.8038020086083214,0.0,0.0,1.0,22824.733267011325,0.0,-4.771036062628339e-15,2.7172869537287055e-13,0.0,0.0,0.0,0.0,,,0.0,350.0,65.21352362003236,0.0,0.0
batched_greedy@30s+aware,0,400,2788,2476,0.8880918220946915,0.1119081779053084,0.048780487804878,0.0631276901004304,0.0,278.30221574496863,253.2421509524479,478.53916774977097,262.5042231296497,990.4,32.19264943457189,246.1095663103968,0.0793495561845685,0.1389541650301844,0.781696278785247,368,16.83695652173913,0.117912228283192,0.3182129990818793,0.0509218612818261,,,,2788,0.0,0.8880918220946915,0.0,0.0,1.0,24943.937333187096,0.0,4.3852912685113213e-16,2.6963371402790973e-13,0.0,0.0,0.0,0.0,,,0.0,400.0,62.359843332967735,0.0,0.0
batched_greedy@30s+aware,1,400,2788,2436,0.8737446197991392,0.1262553802008608,0.0484218077474892,0.0778335724533716,0.0,275.3226597636313,254.4671299994461,481.4804465818506,256.53967287425263,974.4,32.63423645320197,242.68842331042936,0.0915974275022669,0.1345344538045666,0.7738681186931664,364,17.46153846153846,0.1209090659568363,0.2689620003729942,0.0512745385291532,,,,2788,0.0,0.8737446197991392,0.0,0.0,1.0,24783.81889457507,0.0,8.567312158006442e-15,2.6931294268199913e-13,0.0,0.0,0.0,0.0,,,0.0,400.0,61.95954723643768,0.0,0.0
batched_greedy@30s+aware,2,400,2788,2477,0.8884505021520803,0.1115494978479196,0.0480631276901004,0.0634863701578192,0.0,294.20573170658554,274.4406686042048,500.3433382693955,276.7560837477651,990.8,34.56923698021801,259.6364947263675,0.0681246104745017,0.1449009307938781,0.7869744587316201,365,17.586301369863012,0.1086205478938223,0.301660000550328,0.0523391812865497,,,,2788,0.0,0.8884505021520803,0.0,0.0,1.0,25252.775809613056,0.0,7.815754951232793e-15,2.774067702324355e-13,0.0,0.0,0.0,0.0,,,0.0,400.0,63.13193952403264,0.0,0.0
batched_greedy@30s+aware,3,400,2788,2428,0.8708751793400287,0.1291248206599713,0.0591822094691535,0.0699426111908178,0.0,285.8539761945643,258.93068393047065,505.1288964531392,268.96894661033906,971.2,36.7829489291598,249.07102726540452,0.0882450061910001,0.136706509723764,0.7750484840852359,366,19.10928961748634,0.1199953551908724,0.2933200002189551,0.043010752688172,,,,2788,0.0,0.8708751793400287,0.0,0.0,1.0,24784.3130588277,0.0,2.324152219754837e-15,2.750757703258291e-13,0.0,0.0,0.0,0.0,,,0.0,400.0,61.96078264706925,0.0,0.0
batched_greedy@30s+aware,4,400,2788,2443,0.8762553802008608,0.1237446197991391,0.0480631276901004,0.0756814921090387,0.0,284.2325080855155,262.5412066226263,489.652546302115,265.36778468507595,977.2,32.518215309046255,251.71429277646925,0.0791840336184184,0.1383371141390314,0.7824788522425502,362,17.2707182320442,0.1112980662985127,0.2941719993395963,0.0489592494869539,,,,2788,0.0,0.8762553802008608,0.0,0.0,1.0,24893.02785746817,0.0,-9.072653484902426e-16,2.7238083531060284e-13,0.0,0.0,0.0,0.0,,,0.0,400.0,62.23256964367042,0.0,0.0
batched_greedy@30s+aware,5,400,2788,2454,0.8802008608321378,0.1197991391678622,0.0502152080344332,0.0695839311334289,0.0,269.8781298620532,249.58532472397724,481.8140443967313,254.15456015459563,981.6,31.36837815810921,238.50975170394392,0.0917535924928757,0.1330507335791931,0.7751956739279311,364,17.244505494505493,0.1170038461438437,0.299511000757775,0.0541252194265652,,,,2788,0.0,0.8802008608321378,0.0,0.0,1.0,24868.270468899776,0.0,1.3491336093211846e-14,2.72820614239037e-13,0.0,0.0,0.0,0.0,,,0.0,400.0,62.17067617224944,0.0,0.0
batched_greedy@30s+aware,0,450,2788,2571,0.9221664275466284,0.0778335724533716,0.0297704447632711,0.0480631276901004,0.0,235.69615290087117,207.52453049068845,438.2106748909919,227.37069974159104,1028.4,25.064177362893812,210.63197553797733,0.1648684773245109,0.1134009083177962,0.7217306143576929,363,14.140495867768594,0.1479253444039168,0.3147920000992599,0.0528280218202698,,,,2788,0.0,0.9221664275466284,0.0,0.0,1.0,25998.679423975944,0.0,-1.139155324372292e-14,2.6592393527705423e-13,0.0,0.0,0.0,0.0,,,0.0,450.0,57.77484316439099,0.0,0.0
batched_greedy@30s+aware,1,450,2788,2565,0.9200143472022956,0.0799856527977044,0.0251076040172166,0.0548780487804878,0.0,241.60320789728345,215.5038171629876,438.8508428821034,230.3830413683428,1026.0,25.702923976608187,215.9002839206753,0.1555559501339992,0.1165294739549315,0.7279145759110693,364,13.728021978021978,0.1442596153887839,0.3089320005528861,0.0542392235226948,,,,2788,0.0,0.9200143472022956,0.0,0.0,1.0,26179.06108400636,0.0,1.6027032419423118e-15,2.680544978100312e-13,0.0,0.0,0.0,0.0,,,0.0,450.0,58.17569129779191,0.0,0.0
batched_greedy@30s+aware,2,450,2788,2589,0.9286226685796268,0.071377331420373,0.0301291248206599,0.041248206599713,0.0,233.62322410231445,208.70636752475275,432.1001018424181,226.84530753310955,1035.6,24.40169949787563,209.22152460443883,0.1529600042689162,0.113270085388357,0.7337699103427268,364,14.035714285714286,0.1473549451065492,0.335552999877109,0.0443735498839907,,,,2788,0.0,0.9286226685796268,0.0,0.0,1.0,26415.529091879213,0.0,1.784075655330437e-15,2.7143868029623783e-13,0.0,0.0,0.0,0.0,,,0.0,450.0,58.70117575973158,0.0,0.0
batched_greedy@30s+aware,3,450,2788,2554,0.9160688665710186,0.0839311334289813,0.0344332855093256,0.0494978479196556,0.0,234.5629865954201,204.8698689962077,435.3699348062334,226.4952349607873,1021.6,25.96750195771339,208.59548463770676,0.1601514521813493,0.1120591281358107,0.7277894196828399,365,14.816438356164385,0.1446197260321079,0.300743999396218,0.0457192778101339,,,,2788,0.0,0.9160688665710186,0.0,0.0,1.0,26207.517029548428,0.0,-7.060696758840654e-15,2.696679997550633e-13,0.0,0.0,0.0,0.0,,,0.0,450.0,58.23892673232984,0.0,0.0
batched_greedy@30s+aware,4,450,2788,2556,0.9167862266857962,0.0832137733142037,0.0258249641319942,0.0573888091822094,0.0,243.596410144562,220.70705082682616,442.6393024473323,232.0605433132037,1022.4,24.218701095461658,219.3777090491004,0.1541852904019195,0.1173455301796952,0.7284691794183852,364,13.557692307692308,0.1411769231248859,0.292100000406208,0.045021645021645,,,,2788,0.0,0.9167862266857962,0.0,0.0,1.0,26098.170986462028,0.0,-4.821564813203869e-15,2.7420232664168973e-13,0.0,0.0,0.0,0.0,,,0.0,450.0,57.995935525471175,0.0,0.0
batched_greedy@30s+aware,5,450,2788,2567,0.9207317073170732,0.0792682926829268,0.0233142037302725,0.0559540889526542,0.0,235.43343144670928,204.70596273046704,441.99736610090537,225.3831675861919,1026.8,24.09583171016751,211.33759973654176,0.1667020155005453,0.1138651452006242,0.7194328392988305,363,13.663911845730029,0.1440647382760765,0.3114380006081774,0.0463442717328727,,,,2788,0.0,0.9207317073170732,0.0,0.0,1.0,26024.438177233707,0.0,1.1679182920521126e-15,2.6791104503469163e-13,0.0,0.0,0.0,0.0,,,0.0,450.0,57.83208483829713,0.0,0.0
batched_greedy@30s+aware,0,500,2788,2637,0.9458393113342898,0.0541606886657101,0.0197274031563845,0.0344332855093256,0.0,201.7515766017918,167.87395617987568,398.5862817097546,197.40980641888825,1054.8,21.348881304512705,180.40269529727908,0.23672212946538,0.093308269669448,0.6699696008651719,364,12.48076923076923,0.1699074175901062,0.3417209994040604,0.042314335060449,,,,2788,0.0,0.9458393113342898,0.0,0.0,1.0,26756.86695404196,0.0,3.5618076557940175e-15,2.641655486612613e-13,0.0,0.0,0.0,0.0,,,0.0,500.0,53.51373390808392,0.0,0.0
batched_greedy@30s+aware,1,500,2788,2620,0.93974175035868,0.0602582496413199,0.0150645624103299,0.0451936872309899,0.0,204.38835463661272,177.54233594600055,385.2210478619181,197.65311718607856,1048.0,21.05,183.33835463661268,0.2338098361410084,0.0938140180473257,0.6723761458116658,362,12.19889502762431,0.1679019337065838,0.325122000012925,0.0454285714285714,,,,2788,0.0,0.93974175035868,0.0,0.0,1.0,26772.48398875181,0.0,6.501838931541432e-15,2.694233301259853e-13,0.0,0.0,0.0,0.0,,,0.0,500.0,53.54496797750362,0.0,0.0
batched_greedy@30s+aware,2,500,2788,2646,0.9490674318507892,0.0509325681492109,0.0215208034433285,0.0294117647058823,0.0,205.18410261400652,174.5652600951048,399.3362943630018,201.1631186114838,1058.4,22.625472411186696,182.55863020281984,0.2318120280719945,0.0936966007774494,0.6744913711505559,362,12.8646408839779,0.1694817679257419,0.3331289999186992,0.0465116279069767,,,,2788,0.0,0.9490674318507892,0.0,0.0,1.0,27029.00203093798,0.0,-3.648714823182298e-16,2.6605038823730144e-13,0.0,0.0,0.0,0.0,,,0.0,500.0,54.05800406187596,0.0,0.0
batched_greedy@30s+aware,3,500,2788,2613,0.9372309899569584,0.0627690100430416,0.0240315638450502,0.0387374461979913,0.0,209.16821285727136,179.06155461750495,402.82398349671337,204.07228189459695,1045.2,22.652506697282817,186.51570615998855,0.2400276708371474,0.0941397258207231,0.6658326033421293,363,13.148760330578511,0.1633300275810671,0.3237780008566914,0.0468929804372842,,,,2788,0.0,0.9372309899569584,0.0,0.0,1.0,26677.224781744422,0.0,-2.008301251624848e-15,2.62678640160982e-13,0.0,0.0,0.0,0.0,,,0.0,500.0,53.354449563488856,0.0,0.0
batched_greedy@30s+aware,4,500,2788,2634,0.9447632711621234,0.0552367288378766,0.0172166427546628,0.0380200860832137,0.0,205.20581622549645,176.3724961415387,398.2036110484233,199.4319322571197,1053.6,21.00721336370539,184.19860286179104,0.2318859055564389,0.0950255421891487,0.6730885522544123,362,12.23756906077348,0.1678533149287085,0.3214559997650212,0.0498859749144811,,,,2788,0.0,0.9447632711621234,0.0,0.0,1.0,26851.85812664783,0.0,9.97514734274068e-15,2.652691194183152e-13,0.0,0.0,0.0,0.0,,,0.0,500.0,53.70371625329566,0.0,0.0
batched_greedy@30s+aware,5,500,2788,2615,0.937948350071736,0.0620516499282639,0.0247489239598278,0.0373027259684361,0.0,201.96300195552084,169.20966695054813,393.65958203313966,198.12909463680992,1046.0,23.13040152963671,178.83260042588412,0.2481352005079096,0.0909493880981961,0.6609154113938942,362,13.447513812154696,0.1687560773095069,0.3350690003207997,0.0510028653295128,,,,2788,0.0,0.937948350071736,0.0,0.0,1.0,26524.68195636409,0.0,7.874771580516202e-15,2.672744116531017e-13,0.0,0.0,0.0,0.0,,,0.0,500.0,53.049363912728175,0.0,0.0
optimal@30s+aware,0,300,2788,1971,0.7069583931133429,0.2930416068866571,0.2220229555236728,0.0710186513629842,0.0,388.7626890722271,366.4083739659154,582.1805954691454,340.92429629262244,788.4,90.324200913242,298.4384881589851,0.0138768619409686,0.1556315604920193,0.830491577567012,367,39.76294277929156,0.1890509537407606,0.2557899993917089,0.0474016853932584,51.30671007720516,0.0016194087786289,0.3378746594005449,2788,0.0,0.7069583931133429,0.0,0.0,1.0,19795.605636111984,0.0,-2.2484297528847007e-14,2.738599695965882e-13,0.0,0.0,0.0,0.0,,,0.0,300.0,65.98535212037328,0.0,0.0
optimal@30s+aware,1,300,2788,1957,0.7019368723098995,0.2980631276901004,0.2241750358680057,0.0738880918220946,0.0,387.0429727014732,367.9143436100967,587.2736484596089,336.1293573435129,782.8,94.5707715891671,292.4722011123061,0.0193437809651679,0.1505489849670274,0.8301072340678046,367,40.3133514986376,0.1904411443761104,0.2522379997753887,0.0579406631762652,44.03070802838747,0.001372932140768,0.3024523160762943,2788,0.0,0.7019368723098995,0.0,0.0,1.0,19813.69591227132,0.0,-3.2159592651993294e-15,2.742569698284453e-13,0.0,0.0,0.0,0.0,,,0.0,300.0,66.0456530409044,0.0,0.0
optimal@30s+aware,2,300,2788,1965,0.7048063127690101,0.2951936872309899,0.23493543758967,0.0602582496413199,0.0,387.49479942823575,370.4428330435421,579.0220730820433,341.6196009343636,786.0,91.3913486005089,296.1034508277269,0.0167053189838908,0.1525842816019657,0.8307103994141435,372,40.08870967741935,0.1868067204580462,0.2626960001180123,0.046718972895863,43.37727827173387,0.0013537520314741,0.3118279569892473,2788,0.0,0.7048063127690101,0.0,0.0,1.0,19854.622635920525,0.0,-8.398145057520778e-15,2.722897395258992e-13,0.0,0.0,0.0,0.0,,,0.0,300.0,66.1820754530684,0.0,0.0
optimal@30s+aware,3,300,2788,1973,0.7076757532281205,0.2923242467718794,0.2213055954088952,0.0710186513629842,0.0,385.11943918098274,368.8670279313456,574.4184796652842,336.8322424853867,789.2,90.98580841358336,294.1336307673994,0.0161458814234525,0.1540167844288122,0.8298373341477352,368,39.28804347826087,0.183645108702125,0.2493960006358974,0.0520614954577218,39.52640119015619,0.0012672142736856,0.2771739130434782,2788,0.0,0.7076757532281205,0.0,0.0,1.0,19739.469642648703,0.0,-2.377779225978744e-15,2.739253887636527e-13,0.0,0.0,0.0,0.0,,,0.0,300.0,65.79823214216235,0.0,0.0
optimal@30s+aware,4,300,2788,1928,0.6915351506456241,0.3084648493543759,0.2439024390243902,0.0645624103299856,0.0,388.1585893174715,364.0842793265674,588.175396093232,338.13500843374004,771.2,96.87396265560166,291.2846266618699,0.0202381759777777,0.1466087815143001,0.833153042507922,370,41.32702702702703,0.1921956757222368,0.2671490001193888,0.0505376344086021,37.26951100408649,0.0011254605184656,0.254054054054054,2788,0.0,0.6915351506456241,0.0,0.0,1.0,19715.49382498112,0.0,-1.3412968292525336e-14,2.6790004055622973e-13,0.0,0.0,0.0,0.0,,,0.0,300.0,65.71831274993706,0.0,0.0
optimal@30s+aware,5,300,2788,1947,0.6983500717360115,0.3016499282639885,0.2159253945480631,0.0857245337159254,0.0,380.0374501294192,361.8214888625516,564.6559939772878,330.39002640280324,778.8,84.61838726245506,295.4190628669641,0.0148546911889243,0.1533831180815024,0.8317621907295731,369,38.1869918699187,0.1859111110386795,0.2536520003923215,0.0566298342541436,52.57070879678796,0.0017400814197931,0.3170731707317073,2788,0.0,0.6983500717360115,0.0,0.0,1.0,19895.167410447066,0.0,-4.850996052948707e-15,2.7584075524778243e-13,0.0,0.0,0.0,0.0,,,0.0,300.0,66.31722470149022,0.0,0.0
optimal@30s+aware,0,350,2788,2256,0.8091822094691535,0.1908177905308465,0.1029411764705882,0.0878766140602582,0.0,353.9925864775772,337.3902710909699,554.7137308323754,318.1660286397935,902.4,58.848404255319146,295.14418222225805,0.0253286147870614,0.1613091422153918,0.8133622429975467,369,25.943089430894307,0.1721655826209643,0.2454119994217762,0.0493979623340537,63.13674173688512,0.0033824184047673,0.3631436314363143,2788,0.0,0.8091822094691535,0.0,0.0,1.0,22783.80593978965,0.0,-1.004791206896569e-14,2.8169665182047613e-13,0.0,0.0,0.0,0.0,,,0.0,350.0,65.096588399399,0.0,0.0
optimal@30s+aware,1,350,2788,2245,0.8052367288378766,0.1947632711621233,0.1086800573888091,0.0860832137733142,0.0,346.871658192345,332.25739443799694,529.4781981824457,312.38410167561074,898.0,58.8347438752784,288.0369143170666,0.0295436475586654,0.1557758224258857,0.8146805300154488,367,26.825613079019075,0.1848809263816535,0.2805839987559003,0.0488487865588052,57.47105428651275,0.0029650966549791,0.3596730245231607,2788,0.0,0.8052367288378766,0.0,0.0,1.0,22739.569570583768,0.0,-4.377987702628769e-15,2.7603002783754813e-13,0.0,0.0,0.0,0.0,,,0.0,350.0,64.97019877309648,0.0,0.0
optimal@30s+aware,2,350,2788,2239,0.8030846484935438,0.1969153515064562,0.1111908177905308,0.0857245337159254,0.0,351.02434948373605,335.7538700472105,541.1751540139812,315.71085922486844,895.6,55.69807949977669,295.3262699839593,0.0252318060754535,0.1598860586664299,0.8148821352581166,369,26.005420054200545,0.1738756098318371,0.2474479998636525,0.0487043396815485,70.41902200915877,0.0037482570355197,0.4173441734417344,2788,0.0,0.8030846484935438,0.0,0.0,1.0,22681.519669450343,0.0,-2.3721781821378963e-16,2.697769554769191e-13,0.0,0.0,0.0,0.0,,,0.0,350.0,64.80434191271526,0.0,0.0
optimal@30s+aware,3,350,2788,2216,0.7948350071736011,0.2051649928263988,0.1219512195121951,0.0832137733142037,0.0,349.59235260092754,338.98816433706133,544.6225002073352,314.27294614712264,886.4,57.33980144404333,292.25255115688424,0.0311724915997781,0.1568611817783121,0.8119663266219098,365,27.065753424657533,0.1824695889908606,0.2560479987732833,0.0560075093867334,69.63764378183838,0.0035443388349258,0.4082191780821917,2788,0.0,0.7948350071736011,0.0,0.0,1.0,22643.742356203707,0.0,-5.021454571847031e-15,2.714878061630355e-13,0.0,0.0,0.0,0.0,,,0.0,350.0,64.6964067320106,0.0,0.0
optimal@30s+aware,4,350,2788,2223,0.7973457675753228,0.2026542324246772,0.1197991391678622,0.0828550932568149,0.0,354.3456259463096,339.0214641097,548.0675784621311,317.35875093219727,889.2,61.01529464687359,293.33033129943595,0.0314361414138643,0.156083730333599,0.8124801282525367,370,27.10810810810811,0.1763494594834392,0.2289999993081437,0.0409004438807863,60.187146654899045,0.0030362135394406,0.3810810810810811,2788,0.0,0.7973457675753228,0.0,0.0,1.0,22592.81576914544,0.0,-4.572340906454446e-15,2.689130969184379e-13,0.0,0.0,0.0,0.0,,,0.0,350.0,64.5509021975584,0.0,0.0
optimal@30s+aware,5,350,2788,2240,0.8034433285509326,0.1965566714490674,0.1097560975609756,0.0868005738880918,0.0,347.45300776073003,332.6562149961805,540.9823950723938,312.4962690375747,896.0,53.752232142857146,293.70077561787286,0.0281873026250125,0.1593859050452645,0.8124267923297229,365,25.85753424657534,0.1801978082331105,0.2348119996167952,0.0500621890547263,66.48988944506331,0.0035899441040119,0.4136986301369863,2788,0.0,0.8034433285509326,0.0,0.0,1.0,22761.574538343717,0.0,2.964295475749168e-15,2.707278845548444e-13,0.0,0.0,0.0,0.0,,,0.0,350.0,65.03307010955346,0.0,0.0
optimal@30s+aware,0,400,2788,2467,0.8848637015781923,0.1151362984218077,0.0426829268292682,0.0724533715925394,0.0,280.84063035026395,261.947577360339,477.68868075629,262.3256423810632,986.8,30.33360356708553,250.50702678317845,0.0749906076031012,0.1417049851174724,0.7833044072794264,364,16.22252747252747,0.1779909340946907,0.2349580006921315,0.0558934260063712,50.39933281588007,0.005650453179296,0.3736263736263736,2788,0.0,0.8848637015781923,0.0,0.0,1.0,24979.530419049843,0.0,-4.17699474072187e-15,2.695490095146512e-13,0.0,0.0,0.0,0.0,,,0.0,400.0,62.44882604762461,0.0,0.0
optimal@30s+aware,1,400,2788,2452,0.8794835007173601,0.1205164992826398,0.0477044476327116,0.0728120516499282,0.0,284.3637418926382,269.43768780730625,483.9661633257959,265.8722507226192,980.8,30.835236541598697,253.5285053510395,0.0808122387844037,0.1409551938832962,0.7782325673323001,364,17.013736263736263,0.1806582417684894,0.2485139999589591,0.0501466275659824,69.8885863501045,0.0071530382062061,0.4285714285714285,2788,0.0,0.8794835007173601,0.0,0.0,1.0,24924.178730449283,0.0,-5.780404250234339e-15,2.714935399931157e-13,0.0,0.0,0.0,0.0,,,0.0,400.0,62.3104468261232,0.0,0.0
optimal@30s+aware,2,400,2788,2465,0.8841463414634146,0.1158536585365853,0.0498565279770444,0.0659971305595408,0.0,301.06655628247563,283.6879043293475,493.8691845468754,282.8063438277494,986.0,33.819878296146044,267.2466779863296,0.0641501909149687,0.147528947713226,0.7883208613718051,368,17.543478260869566,0.1736603260714337,0.2423900006942858,0.0428867199053534,67.68096024648978,0.006460069163113,0.4021739130434782,2788,0.0,0.8841463414634146,0.0,0.0,1.0,25284.547909302164,0.0,4.800487255847776e-15,2.778845443136832e-13,0.0,0.0,0.0,0.0,,,0.0,400.0,63.21136977325541,0.0,0.0
optimal@30s+aware,3,400,2788,2438,0.8744619799139168,0.1255380200860832,0.0552367288378766,0.0703012912482066,0.0,287.15638989541526,266.13765723153824,486.5090985809136,268.909243639856,975.2,33.4667760459393,253.689613849476,0.0820151636588202,0.1401397116463551,0.7778451246948247,364,17.90934065934066,0.1837607142678589,0.2443570005198126,0.0457108934401899,54.385366109805226,0.0051284648490147,0.3653846153846153,2788,0.0,0.8744619799139168,0.0,0.0,1.0,24871.19838888736,0.0,4.537797537237391e-15,2.7553203543379765e-13,0.0,0.0,0.0,0.0,,,0.0,400.0,62.1779959722184,0.0,0.0
optimal@30s+aware,4,400,2788,2457,0.8812769010043041,0.1187230989956958,0.0491391678622668,0.0695839311334289,0.0,292.1876479955609,276.5264314548372,477.2602838685772,272.9675955859544,982.8,32.57061457061457,259.6170334249463,0.0697058204825566,0.1436318174675305,0.7866623620499128,363,17.074380165289256,0.1760628099211978,0.2649780007413936,0.0509367681498829,65.73685313078435,0.0066541470460409,0.3939393939393939,2788,0.0,0.8812769010043041,0.0,0.0,1.0,25094.60462114223,0.0,-4.566690262951438e-15,2.737024643920264e-13,0.0,0.0,0.0,0.0,,,0.0,400.0,62.73651155285557,0.0,0.0
optimal@30s+aware,5,400,2788,2466,0.8845050215208035,0.1154949784791965,0.0448350071736011,0.0706599713055954,0.0,290.8391790297702,272.79804939319274,487.7318627447985,272.7103351171491,986.4,33.74858069748581,257.0905983322844,0.0751907543505446,0.1427044752332816,0.7821047704161738,365,17.47945205479452,0.1821326027398654,0.2577440004824894,0.0502923976608187,53.30803732367815,0.005224723888387,0.3863013698630137,2788,0.0,0.8845050215208035,0.0,0.0,1.0,25082.009618399446,0.0,1.1077378538644384e-14,2.7241073234225173e-13,0.0,0.0,0.0,0.0,,,0.0,400.0,62.70502404599861,0.0,0.0
optimal@30s+aware,0,450,2788,2583,0.9264705882352942,0.0735294117647058,0.0272596843615494,0.0462697274031563,0.0,238.60447489113804,212.6248484637117,434.5765052992345,229.85462068370657,1033.2,24.591560201316295,214.0129146898217,0.1571552377376417,0.1158049914750425,0.7270397707873156,365,13.6986301369863,0.1799873972518133,0.2492119994712993,0.0502729100833093,42.48158542471302,0.0069350915269211,0.3342465753424657,2788,0.0,0.9264705882352942,0.0,0.0,1.0,26172.440488707965,0.0,-7.754282440053242e-15,2.739065910463133e-13,0.0,0.0,0.0,0.0,,,0.0,450.0,58.160978863795485,0.0,0.0
optimal@30s+aware,1,450,2788,2569,0.9214490674318508,0.0785509325681492,0.0233142037302725,0.0552367288378766,0.0,246.12150497749545,222.2304482645432,433.2441062514207,235.33659223711024,1027.6,24.93149085247178,221.1900141250236,0.1555111860077081,0.1186411672487447,0.7258476467435471,365,13.63013698630137,0.186956438388634,0.2515239997592289,0.0473729543496985,49.05724243740047,0.0079589415970193,0.3589041095890411,2788,0.0,0.9214490674318508,0.0,0.0,1.0,26154.461631011385,0.0,3.0282424204567525e-15,2.696677706620625e-13,0.0,0.0,0.0,0.0,,,0.0,450.0,58.12102584669197,0.0,0.0
optimal@30s+aware,2,450,2788,2596,0.9311334289813488,0.0688665710186513,0.0251076040172166,0.0437589670014347,0.0,238.2693578795917,213.88595301278087,431.75986343891327,230.43428344742992,1038.4,24.88828967642527,213.3810682031664,0.1478397005094976,0.1165156564644243,0.7356446430260781,363,13.887052341597796,0.1905564737827956,0.2542899995023617,0.045021645021645,43.89834510911757,0.0069870553445506,0.349862258953168,2788,0.0,0.9311334289813488,0.0,0.0,1.0,26525.896434973176,0.0,9.511309733306423e-17,2.718352849785595e-13,0.0,0.0,0.0,0.0,,,0.0,450.0,58.94643652216261,0.0,0.0
optimal@30s+aware,3,450,2788,2556,0.9167862266857962,0.0832137733142037,0.0333572453371592,0.0498565279770444,0.0,243.78058400501635,218.39900506555887,446.56741473029206,234.87762460827517,1022.4,26.40962441314554,217.3709595918708,0.1569010454753749,0.1161179694232882,0.7269809851013368,365,14.832876712328767,0.1854350684630869,0.2408760003891075,0.046761545164101,41.32874125899045,0.0056925780590736,0.3232876712328767,2788,0.0,0.9167862266857962,0.0,0.0,1.0,26234.797234803817,0.0,-1.0047214321168606e-14,2.6687116262293943e-13,0.0,0.0,0.0,0.0,,,0.0,450.0,58.29954941067515,0.0,0.0
optimal@30s+aware,4,450,2788,2579,0.9250358680057388,0.0749641319942611,0.0225968436154949,0.0523672883787661,0.0,242.20504313668135,220.22038915616668,435.4475409394404,231.65409555146357,1031.6,23.49282667700659,218.7122164596748,0.1513055323925682,0.118163306166264,0.7305311614411678,363,13.195592286501377,0.1861876033457941,0.2374280002550222,0.0438040345821325,50.38768044507322,0.0087548279328524,0.3691460055096419,2788,0.0,0.9250358680057388,0.0,0.0,1.0,26276.32031060289,0.0,-4.541453594643487e-15,2.679560937445284e-13,0.0,0.0,0.0,0.0,,,0.0,450.0,58.39182291245087,0.0,0.0
optimal@30s+aware,5,450,2788,2572,0.9225251076040172,0.0774748923959827,0.0290530846484935,0.0484218077474892,0.0,234.00021726695712,204.00257276647065,431.6893391046353,225.62946515344436,1028.8,22.85031104199067,211.1499062249665,0.1660677185633766,0.1146949531757027,0.7192373282609206,361,13.692520775623269,0.1857734071934103,0.2490800001396564,0.0473851488009245,45.89416758030186,0.0075568724579113,0.3795013850415512,2788,0.0,0.9225251076040172,0.0,0.0,1.0,25984.123022727388,0.0,-9.850423569963481e-16,2.701818378494981e-13,0.0,0.0,0.0,0.0,,,0.0,450.0,57.742495606060864,0.0,0.0
optimal@30s+aware,0,500,2788,2638,0.9461979913916786,0.0538020086083213,0.0204447632711621,0.0333572453371592,0.0,201.02287431967807,167.98282653643537,388.982751715308,196.81212471553243,1055.2,21.191053828658077,179.83182049101998,0.2357171678000219,0.0931270321685364,0.6711558000314416,362,12.527624309392266,0.1904674032801126,0.2612640003644627,0.0497284938553872,27.661018447539465,0.0060698515342744,0.2624309392265193,2788,0.0,0.9461979913916786,0.0,0.0,1.0,26808.599830590043,0.0,-2.959472444717248e-15,2.6618619699978666e-13,0.0,0.0,0.0,0.0,,,0.0,500.0,53.61719966118009,0.0,0.0
optimal@30s+aware,1,500,2788,2648,0.9497847919655668,0.0502152080344332,0.0129124820659971,0.0373027259684361,0.0,204.72010248352348,180.2551786840736,379.76592797752,199.12586306847749,1059.2,19.751132930513595,184.96896955300988,0.227454413150909,0.0958556970101283,0.6766898898389626,368,11.505434782608695,0.1925304347878409,0.2571650009667792,0.0483366505544498,28.701571990289462,0.0076518127686348,0.2472826086956521,2788,0.0,0.9497847919655668,0.0,0.0,1.0,26999.048790808803,0.0,1.3832842223131748e-14,2.6922103351613493e-13,0.0,0.0,0.0,0.0,,,0.0,500.0,53.99809758161761,0.0,0.0
optimal@30s+aware,2,500,2788,2652,0.951219512195122,0.048780487804878,0.0208034433285509,0.0279770444763271,0.0,204.7576638234916,175.12487976130797,397.30679010197616,201.1304390916268,1060.8,22.262443438914023,182.49522038457755,0.2302216085651072,0.0941177270794228,0.6756606643554699,363,12.743801652892564,0.1895068870665256,0.2518840006814571,0.0437410071942446,26.847946574440787,0.0055735648494866,0.2506887052341597,2788,0.0,0.951219512195122,0.0,0.0,1.0,27077.611418800545,0.0,4.3209947100192356e-15,2.663383172462454e-13,0.0,0.0,0.0,0.0,,,0.0,500.0,54.15522283760109,0.0,0.0
optimal@30s+aware,3,500,2788,2632,0.9440459110473458,0.0559540889526542,0.0193687230989956,0.0365853658536585,0.0,213.8005667019775,183.60646485202165,406.907272627776,208.36381403214423,1052.8,23.25645896656535,190.54410773541213,0.2304769906993143,0.0973471203067043,0.6721758889939814,369,12.785907859078591,0.1907349593623407,0.2516680002008797,0.0529914529914529,30.976416697149183,0.0061629982388105,0.2764227642276423,2788,0.0,0.9440459110473458,0.0,0.0,1.0,26968.216115177707,0.0,-1.1322714127319791e-14,2.697198678519771e-13,0.0,0.0,0.0,0.0,,,0.0,500.0,53.936432230355415,0.0,0.0
optimal@30s+aware,4,500,2788,2635,0.945121951219512,0.0548780487804878,0.0150645624103299,0.0398134863701578,0.0,210.48704017012372,182.26822167152204,399.5042993374132,204.48127424741585,1054.0,20.810246679316887,189.6767934908069,0.2297440614161711,0.0969711606282343,0.6732847779555946,363,12.140495867768594,0.1915382920143745,0.2769320000152219,0.0449084668192219,36.74298033891045,0.008410769500167,0.3195592286501377,2788,0.0,0.945121951219512,0.0,0.0,1.0,26898.28220317996,0.0,4.4066795331877e-15,2.671312043589207e-13,0.0,0.0,0.0,0.0,,,0.0,500.0,53.79656440635992,0.0,0.0
optimal@30s+aware,5,500,2788,2628,0.9426111908177904,0.0573888091822094,0.0225968436154949,0.0347919655667144,0.0,204.5149047014501,173.30447534997256,391.6704557745853,199.9805078217616,1051.2,23.12062404870624,181.39428065274384,0.2451233221650385,0.0927904307729855,0.6620862470619759,362,13.10220994475138,0.1923325966576288,0.2586389994394267,0.0514579759862778,31.032840919482,0.0061001697185927,0.2651933701657458,2788,0.0,0.9426111908177904,0.0,0.0,1.0,26636.40631874865,0.0,-3.225856923034716e-15,2.6767996748644144e-13,0.0,0.0,0.0,0.0,,,0.0,500.0,53.272812637497296,0.0,0.0
