arm,seed,drivers.num_drivers,requests,completed,completion_rate,cancel_rate,cancel_no_match_rate,cancel_eta_rate,cancel_late_rate,wait_mean_s,wait_p50_s,wait_p90_s,wait_all_mean_s,completed_per_hour,time_to_match_mean_s,pickup_mean_s,driver_idle_frac,driver_enroute_frac,driver_ontrip_frac,batches,batch_riders_mean,solve_ms_mean,solve_ms_p99,decline_rate,shadow_gap_s_per_batch,shadow_gap_frac,shadow_worse_batches_frac,app_opens,priced_out_rate,served_rate,retried_rate,surged_trip_frac,mean_multiplier_paid,revenue_per_hour,surge_revenue_per_hour,eta_error_mean_s,eta_abs_error_mean_s,eta_late_2min_frac,moves_per_driver_hour,chase_moves_per_hour,reposition_km_per_hour,moves_dispatched_frac,move_planned_mean_s,driver_reposition_frac,drivers_online_mean,earnings_per_online_hour,reserve_logons,reserve_logoffs
immediate_greedy,0,300,3359,1717,0.5111640369157487,0.4888359630842512,0.0270913962488835,0.4617445668353677,0.0,525.9546647421621,516.3371765915217,828.9418781226487,300.1410117809384,686.8,54.69938694650149,471.25527779566073,0.0123899969440786,0.2344143708157778,0.7531956322401436,3464,19.25433025404157,0.1183076501053869,0.35629499989227,0.053352559480894,,,,3359,0.0,0.5111640369157487,0.0,0.0,1.0,18188.81561902757,0.0,2.8626554307632457e-15,2.7833142507902665e-13,0.0,0.0,0.0,0.0,,,0.0,300.0,60.62938539675855,0.0,0.0
immediate_greedy,1,300,3359,1754,0.5221792200059542,0.4778207799940459,0.0199464126228044,0.4578743673712414,0.0,523.1324875116258,511.2706678959039,827.3228322272998,300.1115316564534,701.6,46.88992033725805,476.2425671743677,0.0089947310874318,0.2432050240383111,0.747800244874257,3535,17.496746817538895,0.1095639038052355,0.3313559996604451,0.0470219435736677,,,,3359,0.0,0.5221792200059542,0.0,0.0,1.0,17882.317873180116,0.0,5.237923359964706e-15,2.8244681394185563e-13,0.0,0.0,0.0,0.0,,,0.0,300.0,59.60772624393372,0.0,0.0
immediate_greedy,2,300,3359,1759,0.5236677582613873,0.4763322417386126,0.0321524263173563,0.4441798154212563,0.0,538.7482669344081,530.2531331051268,832.2202331609999,312.4550626035261,703.6,51.52952105025668,487.21874588415136,0.0082519508773463,0.2473889539206644,0.7443590952019892,3466,18.4532602423543,0.1049710905855764,0.3255250004258413,0.0529113312394298,,,,3359,0.0,0.5236677582613873,0.0,0.0,1.0,18117.24538367989,0.0,-2.140918987793366e-16,2.8335668723913445e-13,0.0,0.0,0.0,0.0,,,0.0,300.0,60.39081794559964,0.0,0.0
immediate_greedy,3,300,3359,1770,0.5269425424233403,0.4730574575766597,0.0422744864543018,0.4307829711223578,0.0,543.5256720531764,539.6449830524136,837.1201228438248,323.93548554430333,708.0,63.76723146009758,479.7584405930789,0.0085729085131236,0.2459377431540428,0.7454893483328335,3510,22.53760683760684,0.1304093162414372,0.3718189997016451,0.0469172193564234,,,,3359,0.0,0.5269425424233403,0.0,0.0,1.0,18203.888251272583,0.0,-5.066129562312127e-15,2.8094940059269135e-13,0.0,0.0,0.0,0.0,,,0.0,300.0,60.67962750424194,0.0,0.0
immediate_greedy,4,300,3359,1725,0.5135456981244418,0.4864543018755582,0.034831795177136,0.4516225066984221,0.0,537.0826817812715,518.6700441447674,842.3429784041793,311.65160517565226,690.0,56.70078394623828,480.3818978350332,0.0085348617382222,0.2406280427474869,0.7508370955142908,3491,21.210827843024923,0.1320149241018458,0.394240001332946,0.0489646772228989,,,,3359,0.0,0.5135456981244418,0.0,0.0,1.0,17941.50758857505,0.0,1.33334889023504e-14,2.848143621109109e-13,0.0,0.0,0.0,0.0,,,0.0,300.0,59.80502529525016,0.0,0.0
immediate_greedy,5,300,3359,1719,0.511759452217922,0.488240547782078,0.0345340875260494,0.4537064602560285,0.0,538.8661252072324,530.9110106823682,835.8558832923733,313.275345877616,687.6,63.256870857455965,475.60925434977634,0.0121418995353468,0.2396899777515972,0.7481681227130559,3502,22.87378640776699,0.1321657338666202,0.3498890012815534,0.0477233990747504,,,,3359,0.0,0.511759452217922,0.0,0.0,1.0,18004.63530374718,0.0,-1.2813743344132116e-16,2.796000132345577e-13,0.0,0.0,0.0,0.0,,,0.0,300.0,60.01545101249061,0.0,0.0
immediate_greedy,0,350,3359,2044,0.6085144388210777,0.3914855611789223,0.0026793688597796,0.3888061923191426,0.0,439.3489648961096,416.172730112271,738.9832601431895,276.1629493146364,817.6,13.58972233925314,425.75924255685646,0.0208343476182974,0.2205935461737209,0.7585721062079815,3628,6.540518191841235,0.0497879547866756,0.182764999790379,0.0518501060570351,,,,3359,0.0,0.6085144388210777,0.0,0.0,1.0,21197.827483925477,0.0,-2.67496396852934e-15,2.652611767986593e-13,0.0,0.0,0.0,0.0,,,0.0,350.0,60.56522138264421,0.0,0.0
immediate_greedy,1,350,3359,2090,0.6222089907710628,0.3777910092289371,0.0050610300684727,0.3727299791604644,0.0,426.3780276968445,400.23246391306566,702.9782411196062,272.5954541966533,836.0,10.325114847858494,416.052912848986,0.0211134139039588,0.2183304069636709,0.7605561791323704,3674,5.667120304844856,0.0464321448017829,0.1703080007064272,0.0488383119962067,,,,3359,0.0,0.6222089907710628,0.0,0.0,1.0,21397.8066546362,0.0,-1.455082731604416e-15,2.6737145193231136e-13,0.0,0.0,0.0,0.0,,,0.0,350.0,61.13659044181773,0.0,0.0
immediate_greedy,2,350,3359,2065,0.6147662994938969,0.385233700506103,0.0074426912771658,0.3777910092289371,0.0,443.9520614058837,419.2681432673244,748.3260629327372,282.57651965732487,826.0,13.48474157202996,430.4673198338537,0.0146300158460007,0.2242803502274174,0.7610896339265819,3632,6.834526431718062,0.054598843616125,0.1957039989247278,0.0452920143027413,,,,3359,0.0,0.6147662994938969,0.0,0.0,1.0,21448.63712223097,0.0,6.451659223003331e-16,2.7561660244916183e-13,0.0,0.0,0.0,0.0,,,0.0,350.0,61.28182034923135,0.0,0.0
immediate_greedy,3,350,3359,2120,0.6311402203036618,0.3688597796963382,0.008038106579339,0.3608216731169991,0.0,425.5805152241915,399.94829114904,702.0142859582862,277.1664510177608,848.0,9.851932163711478,415.72858306048,0.013400592809035,0.2212937260615909,0.7653056811293739,3691,5.846924952587375,0.0470945543115172,0.1683399992543854,0.0528185693983893,,,,3359,0.0,0.6311402203036618,0.0,0.0,1.0,21590.531194584462,0.0,4.320233898088534e-15,2.748258643719656e-13,0.0,0.0,0.0,0.0,,,0.0,350.0,61.68723198452703,0.0,0.0
immediate_greedy,4,350,3359,2070,0.6162548377493302,0.3837451622506698,0.008038106579339,0.3757070556713308,0.0,432.3854312276277,406.5748417264722,723.3270329415408,275.6433726032784,828.0,12.193191438628734,420.19223978899896,0.0189932774661873,0.2197732525726976,0.761233469961115,3640,6.3865384615384615,0.0520423351670135,0.2178199987793052,0.0469271081467365,,,,3359,0.0,0.6162548377493302,0.0,0.0,1.0,21305.289721892623,0.0,1.458157266429423e-14,2.7665685094408056e-13,0.0,0.0,0.0,0.0,,,0.0,350.0,60.87225634826464,0.0,0.0
immediate_greedy,5,350,3359,2067,0.6153617147960703,0.3846382852039297,0.0047633224173861,0.3798749627865436,0.0,420.9777353200004,400.61144007431903,708.0456054026939,265.7598034724812,826.8,9.210424350922487,411.7673109690778,0.0243139949397186,0.2151225828633134,0.7605634221969679,3666,5.000272776868521,0.0402705673653021,0.1398350003910307,0.0519357884796978,,,,3359,0.0,0.6153617147960703,0.0,0.0,1.0,21334.89974998884,0.0,-8.076107110916233e-16,2.798975908865096e-13,0.0,0.0,0.0,0.0,,,0.0,350.0,60.95685642853953,0.0,0.0
immediate_greedy,0,400,3359,2395,0.7130098243524858,0.2869901756475141,0.0005954153021732,0.2863947603453409,0.0,376.8966716037995,352.02378913120265,640.9144326118852,271.62298109607383,958.0,4.347444490297299,372.5492271135022,0.0353730971524947,0.1967699124083414,0.7678569904391638,3660,3.099180327868853,0.0322090710519933,0.1146230000085779,0.0539652745190051,,,,3359,0.0,0.7130098243524858,0.0,0.0,1.0,24791.06304927344,0.0,-9.7458575656448e-16,2.734358320837804e-13,0.0,0.0,0.0,0.0,,,0.0,400.0,61.9776576231836,0.0,0.0
immediate_greedy,1,400,3359,2428,0.7228341768383447,0.2771658231616553,0.0026793688597796,0.2744864543018755,0.0,360.6651005886087,330.5078838623549,623.0758026279378,264.1627045554861,971.2,4.047991522219203,356.6171090663895,0.0386757923385256,0.1927594025306476,0.7685648051308267,3791,3.273278818253759,0.0321772619355342,0.096529999973427,0.0489593188268685,,,,3359,0.0,0.7228341768383447,0.0,0.0,1.0,24783.331055905008,0.0,-4.973506505042382e-15,2.703457081116889e-13,0.0,0.0,0.0,0.0,,,0.0,400.0,61.95832763976252,0.0,0.0
immediate_greedy,2,400,3359,2435,0.7249181303959512,0.2750818696040488,0.0032747841619529,0.2718070854420958,0.0,362.3914202919425,337.7286470255649,617.0391820353428,265.81845321740946,974.0,3.3814893383850606,359.00993095355744,0.0282254433681624,0.1950239516992229,0.7767506049326146,3708,3.035059331175836,0.0314143203939056,0.096495000652794,0.0516509433962264,,,,3359,0.0,0.7249181303959512,0.0,0.0,1.0,25129.204055659484,0.0,-4.823702468716348e-15,2.7211835340373484e-13,0.0,0.0,0.0,0.0,,,0.0,400.0,62.82301013914872,0.0,0.0
immediate_greedy,3,400,3359,2459,0.7320631140220304,0.2679368859779696,0.0050610300684727,0.2628758559094968,0.0,361.4627621204937,335.33007636326147,613.9546128189031,268.2275769701626,983.6,2.994795451030759,358.467966669463,0.026779531108237,0.1955073118495821,0.7777131570421809,3849,3.073265783320343,0.0296901273041759,0.0747160003811586,0.0499881544657664,,,,3359,0.0,0.7320631140220304,0.0,0.0,1.0,25218.91514554099,0.0,1.83270325398879e-15,2.6179194368773184e-13,0.0,0.0,0.0,0.0,,,0.0,400.0,63.04728786385247,0.0,0.0
immediate_greedy,4,400,3359,2432,0.7240250074426913,0.2759749925573087,0.0026793688597796,0.273295623697529,0.0,355.5138963557512,325.5498120459997,612.6990607725372,260.9368034565087,972.8,2.866145055674514,352.6477513000766,0.0317378378258574,0.1893366509443735,0.778925511229769,3692,2.8992416034669555,0.0285103737774064,0.093617000802624,0.0504955167531854,,,,3359,0.0,0.7240250074426913,0.0,0.0,1.0,25158.875646249588,0.0,-6.53680326242292e-15,2.7601349568491015e-13,0.0,0.0,0.0,0.0,,,0.0,400.0,62.897189115623966,0.0,0.0
immediate_greedy,5,400,3359,2451,0.7296814528133373,0.2703185471866627,0.0014885382554331,0.2688300089312295,0.0,348.9115559558551,322.90017785736745,599.5185369960418,257.0087801488067,980.4,3.329576238323906,345.5819797175312,0.0395867852114961,0.1887578047746537,0.7716554100138502,3705,2.736302294197031,0.0268804858187183,0.0896799991460284,0.0517768886796893,,,,3359,0.0,0.7296814528133373,0.0,0.0,1.0,25074.946142528323,0.0,5.1768734817772305e-15,2.64711956964677e-13,0.0,0.0,0.0,0.0,,,0.0,400.0,62.6873653563208,0.0,0.0
immediate_greedy,0,450,3359,2725,0.8112533492110747,0.1887466507889252,0.0,0.1887466507889252,0.0,300.4703060935882,275.7217370960197,527.6724228523161,244.3038543836595,1090.0,0.6498620733312529,299.82044402025696,0.0609859301353333,0.1629489818227293,0.7760650880419372,3579,1.510757194747136,0.0195381670784963,0.0467000008939066,0.0440758293838862,,,,3359,0.0,0.8112533492110747,0.0,0.0,1.0,28266.78087599342,0.0,4.459144572446757e-15,2.636116809040319e-13,0.0,0.0,0.0,0.0,,,0.0,450.0,62.81506861331872,0.0,0.0
immediate_greedy,1,450,3359,2779,0.8273295623697529,0.1726704376302471,0.0008931229532598,0.1717773146769872,0.0,291.3202222827377,267.3655532959856,510.8351214212769,242.10286405735775,1111.6,1.1587997370985994,290.1614225456391,0.0630394356325727,0.1620406334912256,0.7749199308762016,3867,1.8820791311093872,0.0235914662540676,0.0551339996309252,0.0486307837582625,,,,3359,0.0,0.8273295623697529,0.0,0.0,1.0,28326.086901147424,0.0,-7.0347949607842594e-15,2.739785928016675e-13,0.0,0.0,0.0,0.0,,,0.0,450.0,62.946859780327614,0.0,0.0
immediate_greedy,2,450,3359,2755,0.8201845787436737,0.1798154212563263,0.0011908306043465,0.1786245906519797,0.0,291.622240868506,258.85138628250934,524.6205046867769,240.3145839956604,1102.0,1.4763310793391744,290.14590978916686,0.0565362767371472,0.1607626051893072,0.7827011180735456,3800,1.9313157894736843,0.023917078947067,0.0636999993730569,0.0441176470588235,,,,3359,0.0,0.8201845787436737,0.0,0.0,1.0,28425.582109323022,0.0,-6.083135608465213e-15,2.6583873235418704e-13,0.0,0.0,0.0,0.0,,,0.0,450.0,63.16796024294006,0.0,0.0
immediate_greedy,3,450,3359,2833,0.8434057755284311,0.1565942244715689,0.0035724918130395,0.1530217326585293,0.0,283.4817407306812,257.9873772495848,502.4845195089587,240.7735144272267,1133.2,0.7532046037641641,282.7285361269171,0.0536765480616963,0.162240931969427,0.7840825199688767,3878,2.0288808664259927,0.0204232851893388,0.0465690008786623,0.0444602948169281,,,,3359,0.0,0.8434057755284311,0.0,0.0,1.0,28755.72407605545,0.0,4.44245965660105e-16,2.716970077559552e-13,0.0,0.0,0.0,0.0,,,0.0,450.0,63.901609057901,0.0,0.0
immediate_greedy,4,450,3359,2756,0.8204822863947604,0.1795177136052396,0.0011908306043465,0.1783268830008931,0.0,298.55966680472835,273.3635184784032,519.9792299404157,246.3873919553418,1102.4,0.7316050009885704,297.8280618037398,0.0556017985566125,0.1646961344137009,0.7797020670296865,3632,1.827367841409692,0.0227449889772059,0.0533379992521077,0.0459280303030303,,,,3359,0.0,0.8204822863947604,0.0,0.0,1.0,28409.259221423,0.0,4.962809714866502e-15,2.67883280467004e-13,0.0,0.0,0.0,0.0,,,0.0,450.0,63.131687158717774,0.0,0.0
immediate_greedy,5,450,3359,2782,0.8282226853230128,0.1717773146769872,0.0011908306043465,0.1705864840726406,0.0,292.51359747855406,264.38493577500503,512.989254165968,242.8799271204732,1112.8,0.8052140684874469,291.7083834100666,0.0586387595767595,0.164415436001489,0.7769458044217514,3652,1.6248630887185105,0.022139156635653,0.0513409999257417,0.0502003299552203,,,,3359,0.0,0.8282226853230128,0.0,0.0,1.0,28360.46673249989,0.0,3.1753495910630645e-15,2.686340645896033e-13,0.0,0.0,0.0,0.0,,,0.0,450.0,63.02325940555532,0.0,0.0
immediate_greedy,0,500,3359,2994,0.891336707353379,0.108663292646621,0.0,0.108663292646621,0.0,247.92735553062104,218.5183944149744,457.5097109891571,221.17587959373608,1197.6,0.3267053580723064,247.60065017254877,0.1078491097779016,0.1360365114077842,0.7561143788143141,3553,1.3357725865465804,0.0204734590614883,0.0463959995249752,0.0510468125147024,,,,3359,0.0,0.891336707353379,0.0,0.0,1.0,30804.108478461312,0.0,-9.97554299240351e-15,2.6356027135848937e-13,0.0,0.0,0.0,0.0,,,0.0,500.0,61.60821695692262,0.0,0.0
immediate_greedy,1,500,3359,3062,0.91158082762727,0.0884191723727299,0.0011908306043465,0.0872283417683834,0.0,227.8562455068732,202.4658618406352,418.4649925485185,208.19429735818235,1224.8,0.3197240467892429,227.536521460084,0.101051339348379,0.1297092908201431,0.7692393698314778,3730,1.442091152815013,0.020998310997702,0.0459710007999092,0.0513182674199623,,,,3359,0.0,0.91158082762727,0.0,0.0,1.0,31409.26543381731,0.0,-6.586501429173986e-15,2.662722354096089e-13,0.0,0.0,0.0,0.0,,,0.0,500.0,62.81853086763462,0.0,0.0
immediate_greedy,2,500,3359,3016,0.8978862756772849,0.1021137243227151,0.0,0.1021137243227151,0.0,248.5826857830672,225.55657641930043,450.4318527798144,223.30164297892105,1206.4,0.2752436384390482,248.3074421446281,0.1005269898748503,0.1385927124896855,0.760880297635464,3529,1.3003683763105696,0.0197317370492821,0.0412720000895205,0.0508235294117647,,,,3359,0.0,0.8978862756772849,0.0,0.0,1.0,30928.14648959035,0.0,-1.3190156305825137e-15,2.672459954483045e-13,0.0,0.0,0.0,0.0,,,0.0,500.0,61.85629297918069,0.0,0.0
immediate_greedy,3,500,3359,3059,0.9106877046740102,0.0893122953259898,0.0017862459065197,0.08752604941947,0.0,229.1260636926153,200.37202692506344,429.2137651768746,209.5497867362526,1223.6,0.5886494282484251,228.5374142643669,0.1048615419886617,0.1321091371041548,0.7630293209071835,3905,1.7049935979513444,0.02319162611296,0.0556840003264369,0.0520367318106899,,,,3359,0.0,0.9106877046740102,0.0,0.0,1.0,31210.949133606027,0.0,-8.812100371983916e-16,2.637791187757264e-13,0.0,0.0,0.0,0.0,,,0.0,500.0,62.42189826721206,0.0,0.0
immediate_greedy,4,500,3359,3035,0.903542721047931,0.096457278952069,0.0005954153021732,0.0958618636498958,0.0,239.9406910964872,211.74366326382005,440.1680160277701,217.49225802080085,1214.0,0.2782599004666666,239.6624311960205,0.098550925064635,0.1349697020964514,0.7664793728389134,3697,1.498241817690019,0.0212407357365044,0.0488200004474492,0.0506239698610784,,,,3359,0.0,0.903542721047931,0.0,0.0,1.0,31130.260969314004,0.0,-4.184242189414297e-15,2.6404915230336336e-13,0.0,0.0,0.0,0.0,,,0.0,500.0,62.260521938628,0.0,0.0
immediate_greedy,5,500,3359,3041,0.9053289669544508,0.0946710330455492,0.0002977076510866,0.0943733253944626,0.0,235.7881326230373,208.1491394788909,436.1625755109799,213.6733016775154,1216.4,0.2618082624709598,235.5263243605664,0.1016076054458795,0.1337615341677933,0.764630860386327,3603,1.3430474604496254,0.0219543435943436,0.048098000625032,0.0494932830544426,,,,3359,0.0,0.9053289669544508,0.0,0.0,1.0,31109.58107180341,0.0,-3.326653140540752e-16,2.6629318064452776e-13,0.0,0.0,0.0,0.0,,,0.0,500.0,62.21916214360682,0.0,0.0
batched_greedy@10s,0,300,3359,1997,0.5945221792200059,0.405477820779994,0.3048526347127121,0.1006251860672819,0.0,403.0200992191853,376.1900928696041,617.9378189457284,329.8761613025466,798.8,117.98948422633951,285.0306149928458,0.0147656012782,0.1347121072423861,0.8505222914794139,1106,52.05424954792044,0.0366168173960394,0.0995000009424984,0.0531677809614772,,,,3359,0.0,0.5945221792200059,0.0,0.0,1.0,20604.21594440865,0.0,-1.3924431629429904e-14,2.697767453151449e-13,0.0,0.0,0.0,0.0,,,0.0,300.0,68.6807198146955,0.0,0.0
batched_greedy@10s,1,300,3359,2003,0.5963084251265257,0.4036915748734742,0.2601964870497171,0.143495087823757,0.0,416.0319167642276,383.12527137856887,658.8617549092082,329.3300797254519,801.2,105.37044433349976,310.6614724307278,0.0068531252864264,0.151849815711167,0.8412970590024066,1095,47.12328767123287,0.0418572602939093,0.1061179985845228,0.0538089480048367,,,,3359,0.0,0.5963084251265257,0.0,0.0,1.0,20381.70492233814,0.0,-1.1085601843486335e-16,2.6886663971932773e-13,0.0,0.0,0.0,0.0,,,0.0,300.0,67.9390164077938,0.0,0.0
batched_greedy@10s,2,300,3359,2008,0.5977969633819589,0.4022030366180411,0.3215242631735636,0.0806787734444775,0.0,401.7369720729139,367.0882042049189,632.2628097496525,333.61960730293293,803.2,113.03187250996017,288.70509956295376,0.0113545781082129,0.1374608702988206,0.8511845515929665,1097,52.4721969006381,0.0398407474952869,0.1024040011543547,0.0565610859728506,,,,3359,0.0,0.5977969633819589,0.0,0.0,1.0,20493.532120083448,0.0,-5.396303147580442e-15,2.737394197991314e-13,0.0,0.0,0.0,0.0,,,0.0,300.0,68.31177373361149,0.0,0.0
batched_greedy@10s,3,300,3359,2029,0.6040488240547782,0.3959511759452218,0.2622804406073236,0.1336707353378982,0.0,407.2428723538217,374.2152766606923,633.6711207278943,325.02614127417297,811.6,105.49630359783144,301.74656875599027,0.0061883268543451,0.1484179432698213,0.8453937298758335,1095,46.0703196347032,0.0430402740401978,0.1131780008654458,0.0461725394896719,,,,3359,0.0,0.6040488240547782,0.0,0.0,1.0,20526.800564668905,0.0,-1.0488297159199114e-15,2.755795701160052e-13,0.0,0.0,0.0,0.0,,,0.0,300.0,68.42266854889635,0.0,0.0
batched_greedy@10s,4,300,3359,1998,0.5948198868710926,0.4051801131289074,0.3048526347127121,0.1003274784161953,0.0,408.64569909333926,376.4297459759277,641.0968267070559,332.84342378711744,799.2,114.71171171171171,293.9339873816276,0.0072802723543836,0.1371059566883008,0.8556137709573156,1099,50.35395814376706,0.0463074613155593,0.1190120002502226,0.0477859190825103,,,,3359,0.0,0.5948198868710926,0.0,0.0,1.0,20596.94372520143,0.0,7.814903212376478e-15,2.770245383326947e-13,0.0,0.0,0.0,0.0,,,0.0,300.0,68.65647908400476,0.0,0.0
batched_greedy@10s,5,300,3359,2010,0.5983923786841322,0.4016076213158678,0.2860970526942542,0.1155105686216135,0.0,412.726645160708,381.54754554654505,644.488194442466,333.5245444618989,804.0,119.00298507462686,293.7236600860811,0.0139431047301215,0.1415266041114546,0.8445302911584238,1095,52.02831050228311,0.0424075799311891,0.1123900001039145,0.053125,,,,3359,0.0,0.5983923786841322,0.0,0.0,1.0,20398.948578996988,0.0,-1.4877209469882496e-14,2.74052091136487e-13,0.0,0.0,0.0,0.0,,,0.0,300.0,67.9964952633233,0.0,0.0
batched_greedy@10s,0,350,3359,2276,0.6775826138731765,0.3224173861268234,0.150044656147663,0.1723727299791604,0.0,406.63032478406296,378.1552650364697,641.2511656923684,323.86437304015044,910.4,76.76801405975395,329.862310724309,0.0216212828017935,0.1660058857255442,0.8123728314726623,1088,33.43106617647059,0.0455944852700775,0.1114949996735957,0.0524475524475524,,,,3359,0.0,0.6775826138731765,0.0,0.0,1.0,22715.02171709558,0.0,3.1897936742657395e-15,2.679075473475607e-13,0.0,0.0,0.0,0.0,,,0.0,350.0,64.90006204884452,0.0,0.0
batched_greedy@10s,1,350,3359,2286,0.6805596903840428,0.3194403096159571,0.1155105686216135,0.2039297409943435,0.0,403.88590904134736,372.6217087851155,655.6975758840517,313.74602404664097,914.4,63.23184601924759,340.65406302209976,0.014599626466157,0.1768919478955964,0.8085084256382464,1108,27.36101083032491,0.0422907039928792,0.1070950013308903,0.0503916449086161,,,,3359,0.0,0.6805596903840428,0.0,0.0,1.0,22941.841445307928,0.0,-3.435377772085961e-15,2.747766046969212e-13,0.0,0.0,0.0,0.0,,,0.0,350.0,65.5481184151655,0.0,0.0
batched_greedy@10s,2,350,3359,2256,0.6716284608514439,0.3283715391485561,0.1476629949389699,0.1807085442095861,0.0,415.2102036154653,383.3845837946744,659.0702003547021,325.5925081814444,902.4,73.85505319148936,341.355150423976,0.0118657730490501,0.171812089834436,0.8163221371165138,1088,32.0983455882353,0.0396779411593851,0.107816999661736,0.0479525862068965,,,,3359,0.0,0.6716284608514439,0.0,0.0,1.0,23071.467375358552,0.0,1.9999762287573738e-15,2.776502432222147e-13,0.0,0.0,0.0,0.0,,,0.0,350.0,65.91847821531015,0.0,0.0
batched_greedy@10s,3,350,3359,2267,0.6749032450133968,0.3250967549866032,0.1134266150640071,0.211670139922596,0.0,408.94149109931226,376.2853723660746,665.6537398889203,313.943032970575,906.8,62.276576973974414,346.6649141253378,0.0137957184508695,0.1777611082091386,0.8084431733399918,1098,26.885245901639344,0.0397846994344047,0.0956690003840776,0.0566770186335403,,,,3359,0.0,0.6749032450133968,0.0,0.0,1.0,22972.0321499964,0.0,5.35962981098267e-16,2.654552556791616e-13,0.0,0.0,0.0,0.0,,,0.0,350.0,65.63437757141827,0.0,0.0
batched_greedy@10s,4,350,3359,2237,0.6659720154807979,0.3340279845192021,0.1104495385531408,0.2235784459660613,0.0,406.7165872450524,377.7054717110386,650.5865778266353,308.43656990158644,894.8,63.49307107733572,343.22351616771664,0.0152988261574949,0.17412785933083,0.810573314511675,1085,27.19078341013825,0.0388268202643579,0.1059800002985867,0.0471845672575599,,,,3359,0.0,0.6659720154807979,0.0,0.0,1.0,22785.013876955152,0.0,-1.07280200716573e-15,2.751828467573898e-13,0.0,0.0,0.0,0.0,,,0.0,350.0,65.1000396484433,0.0,0.0
batched_greedy@10s,5,350,3359,2261,0.6731169991068771,0.3268830008931229,0.1562965168204823,0.1705864840726406,0.0,403.173101410164,376.0764538518033,640.1288655323915,319.8525470859194,904.4,76.71826625386997,326.454835156294,0.0171839605344572,0.1643497969715831,0.8184662424939596,1099,33.03002729754322,0.0429272975343238,0.1067099993815645,0.054820415879017,,,,3359,0.0,0.6731169991068771,0.0,0.0,1.0,23257.27792974982,0.0,-1.3344281697131029e-14,2.7525360240633224e-13,0.0,0.0,0.0,0.0,,,0.0,350.0,66.44936551357091,0.0,0.0
batched_greedy@10s,0,400,3359,2481,0.7386126823459362,0.2613873176540637,0.0178624590651979,0.2435248585888657,0.0,371.1401474434958,343.2460569767254,627.4591720547796,284.4742180287544,992.4,21.75493752519145,349.3852099183043,0.0327635438516512,0.1856693149955102,0.7815671411528385,1090,10.6,0.0316247706463183,0.0791330002721224,0.0513616817964644,,,,3359,0.0,0.7386126823459362,0.0,0.0,1.0,25265.17133980548,0.0,1.0596566393842688e-15,2.754376958498983e-13,0.0,0.0,0.0,0.0,,,0.0,400.0,63.1629283495137,0.0,0.0
batched_greedy@10s,1,400,3359,2491,0.7415897588568027,0.2584102411431974,0.016969336111938,0.2414409050312593,0.0,353.58227095800424,330.38047181199727,594.5741070991226,270.842930662224,996.4,16.83099156965074,336.7512793883535,0.0324138595908444,0.181532356298467,0.7860537841106885,1078,9.205009276437847,0.0347193877343589,0.0941670003703621,0.0527194656488549,,,,3359,0.0,0.7415897588568027,0.0,0.0,1.0,25435.59949528169,0.0,-4.1941560621969376e-15,2.682038542369376e-13,0.0,0.0,0.0,0.0,,,0.0,400.0,63.58899873820423,0.0,0.0
batched_greedy@10s,2,400,3359,2460,0.732360821673117,0.267639178326883,0.0241143197380172,0.2435248585888657,0.0,373.297811148592,345.1870490873512,637.8723080073155,285.82595647296023,984.0,21.767479674796743,351.5303314737953,0.02852952010999,0.185346605746197,0.7861238741438129,1077,11.40761374187558,0.0396035283535817,0.1060559993493371,0.0502403846153846,,,,3359,0.0,0.732360821673117,0.0,0.0,1.0,25454.18137714483,0.0,4.08345444179204e-16,2.6835227806825014e-13,0.0,0.0,0.0,0.0,,,0.0,400.0,63.63545344286207,0.0,0.0
batched_greedy@10s,3,400,3359,2511,0.7475439118785353,0.2524560881214647,0.0101220601369455,0.2423340279845192,0.0,358.2586940451221,325.5600111679669,615.3493335577587,274.509509458316,1004.4,13.033452807646356,345.22524123747576,0.026227262463852,0.1877006941414163,0.7860720433947316,1079,7.634847080630213,0.036672381855867,0.1077200000872835,0.0510931558935361,,,,3359,0.0,0.7475439118785353,0.0,0.0,1.0,25577.72060809274,0.0,4.952717735022363e-15,2.6967586975849165e-13,0.0,0.0,0.0,0.0,,,0.0,400.0,63.944301520231846,0.0,0.0
batched_greedy@10s,4,400,3359,2485,0.7398035129502828,0.2601964870497171,0.0300684727597499,0.2301280142899672,0.0,366.6765168504282,336.30649855429874,608.6119282937747,284.99149777671346,994.0,26.206841046277667,340.4696758041505,0.028233701611122,0.1779902146810269,0.793776083707851,1085,12.602764976958523,0.0349506912469994,0.1052919999347069,0.0513872135102533,,,,3359,0.0,0.7398035129502828,0.0,0.0,1.0,25749.16972530904,0.0,-1.4722316815238576e-14,2.732333474163924e-13,0.0,0.0,0.0,0.0,,,0.0,400.0,64.37292431327259,0.0,0.0
batched_greedy@10s,5,400,3359,2472,0.7359333134861566,0.2640666865138434,0.0110151830902054,0.2530515034236379,0.0,367.6247941706004,341.4088521945537,618.0620716253092,278.27543078835595,988.8,17.751618122977348,349.873176047623,0.0360505949082176,0.1862873818752267,0.7776620232165555,1090,8.796330275229359,0.0331587155890643,0.0976609991084837,0.0428742514970059,,,,3359,0.0,0.7359333134861566,0.0,0.0,1.0,25294.90051658481,0.0,3.9738079781081644e-16,2.6789286359180083e-13,0.0,0.0,0.0,0.0,,,0.0,400.0,63.23725129146202,0.0,0.0
batched_greedy@10s,0,450,3359,2762,0.8222685323012802,0.1777314676987198,0.0005954153021732,0.1771360523965466,0.0,307.37051030973544,279.5266252626352,530.5002536564011,254.7987396048573,1104.8,6.7139753801593045,300.65653492957614,0.056295719035831,0.1643774050859164,0.7793268758782526,1076,4.75,0.0390052045022931,0.1098249995266087,0.0508474576271186,,,,3359,0.0,0.8222685323012802,0.0,0.0,1.0,28369.07404638979,0.0,2.498926321321388e-15,2.6515019964825457e-13,0.0,0.0,0.0,0.0,,,0.0,450.0,63.04238676975508,0.0,0.0
batched_greedy@10s,1,450,3359,2794,0.8317951771360524,0.1682048228639476,0.0011908306043465,0.167013992259601,0.0,292.79800721180203,262.82619209747327,516.8611464491952,245.74149025613863,1117.6,6.58554044380816,286.2124667679939,0.057937488645332,0.1593804355445148,0.782682075810153,1067,4.885660731021556,0.042779475160623,0.0981379996301256,0.0515536723163841,,,,3359,0.0,0.8317951771360524,0.0,0.0,1.0,28646.994134939898,0.0,-1.0389843761445561e-14,2.688529427718474e-13,0.0,0.0,0.0,0.0,,,0.0,450.0,63.65998696653311,0.0,0.0
batched_greedy@10s,2,450,3359,2802,0.8341768383447454,0.1658231616552545,0.0014885382554331,0.1643346233998213,0.0,295.63625593089125,268.1871568664287,514.9002172773069,248.77283785949183,1120.8,6.849750178443968,288.7865057524473,0.0535673663012324,0.1616000543066489,0.7848325793921186,1068,4.871722846441948,0.0389422284536109,0.1077329999679932,0.0481927710843373,,,,3359,0.0,0.8341768383447454,0.0,0.0,1.0,28725.784895991685,0.0,3.142541346505012e-15,2.693361435220122e-13,0.0,0.0,0.0,0.0,,,0.0,450.0,63.835077546648186,0.0,0.0
batched_greedy@10s,3,450,3359,2839,0.8451920214349509,0.1548079785650491,0.0044656147662994,0.1503423637987496,0.0,281.88852025551324,251.09622090798985,505.8696665401929,241.23291534455527,1135.6,6.176822824938359,275.7116974305749,0.0564459765524173,0.157658658777274,0.7858953646703085,1067,5.045923149015932,0.0434068416140349,0.1075720005246693,0.0442646358876725,,,,3359,0.0,0.8451920214349509,0.0,0.0,1.0,28927.322188011545,0.0,-2.3466806361995908e-15,2.668624196030802e-13,0.0,0.0,0.0,0.0,,,0.0,450.0,64.28293819558121,0.0,0.0
batched_greedy@10s,4,450,3359,2745,0.8172075022328074,0.1827924977671926,0.0032747841619529,0.1795177136052396,0.0,306.74581393311274,284.5026322267822,528.4312391736498,254.08478153590133,1098.0,7.804007285974499,298.94180664713826,0.0555905292546541,0.1622704885115848,0.782138982233761,1070,5.447663551401869,0.0422909346236559,0.1033479994475782,0.0439638783269962,,,,3359,0.0,0.8172075022328074,0.0,0.0,1.0,28439.528221907334,0.0,1.9575517082643926e-16,2.669514882371481e-13,0.0,0.0,0.0,0.0,,,0.0,450.0,63.19895160423853,0.0,0.0
batched_greedy@10s,5,450,3359,2774,0.8258410241143197,0.1741589758856802,0.0020839535576064,0.1720750223280738,0.0,301.4805162582421,274.0257818929949,525.9046693067943,251.50915786927,1109.6,7.678803172314348,293.80171308592776,0.0639463785819424,0.1619632860238402,0.7740903353942175,1069,5.193638914873714,0.0443655752681133,0.1088959991466253,0.046186641402179,,,,3359,0.0,0.8258410241143197,0.0,0.0,1.0,28310.63894832204,0.0,2.217404342333532e-15,2.675365336622494e-13,0.0,0.0,0.0,0.0,,,0.0,450.0,62.9125309962712,0.0,0.0
batched_greedy@10s,0,500,3359,2994,0.891336707353379,0.108663292646621,0.0,0.108663292646621,0.0,250.2447618759776,219.94033594676512,454.6068367481601,223.9701747712643,1197.6,5.212090848363394,245.03267102761416,0.1053788787343367,0.1352703595509602,0.759350761714703,1062,4.177024482109228,0.0500818267391193,0.1263889997972005,0.0465610966674545,,,,3359,0.0,0.891336707353379,0.0,0.0,1.0,30897.488753005156,0.0,3.4948663869362644e-15,2.6595485258889e-13,0.0,0.0,0.0,0.0,,,0.0,500.0,61.79497750601031,0.0,0.0
batched_greedy@10s,1,500,3359,3043,0.905924382256624,0.094075617743376,0.0011908306043465,0.0928847871390294,0.0,234.22931154883568,207.69425317239305,424.50932270841497,213.25069308902025,1217.2,5.476174827472889,228.7531367213628,0.1025458004307582,0.1299308329901986,0.7675233665790431,1063,4.296331138287864,0.0508929444767042,0.1154999997743289,0.0531015037593985,,,,3359,0.0,0.905924382256624,0.0,0.0,1.0,31277.390149229508,0.0,-4.838427099365421e-15,2.6908420356260324e-13,0.0,0.0,0.0,0.0,,,0.0,500.0,62.554780298459015,0.0,0.0
batched_greedy@10s,2,500,3359,3026,0.9008633521881512,0.0991366478118487,0.0,0.0991366478118487,0.0,244.7893256452067,218.36971230087104,440.6176008872353,221.23652855087693,1210.4,5.336087243886318,239.4532384013204,0.1035269199213312,0.1347953043189428,0.7616777757597258,1058,4.161625708884688,0.0505060491503169,0.1206150000871275,0.0503766478342749,,,,3359,0.0,0.9008633521881512,0.0,0.0,1.0,31020.2684519961,0.0,6.989635425488742e-15,2.698543452292232e-13,0.0,0.0,0.0,0.0,,,0.0,500.0,62.040536903992205,0.0,0.0
batched_greedy@10s,3,500,3359,3068,0.9133670735337898,0.0866329264662101,0.0017862459065197,0.0848466805596903,0.0,227.601778886274,200.65601140207443,415.8033021157273,209.29050934550276,1227.2,5.500651890482399,222.1011269957916,0.1054767764711647,0.1286602883347641,0.7658629351940712,1062,4.489642184557439,0.0481296610437936,0.1169340005981212,0.0437054631828978,,,,3359,0.0,0.9133670735337898,0.0,0.0,1.0,31343.11074280793,0.0,4.637171423323535e-15,2.6936471306404814e-13,0.0,0.0,0.0,0.0,,,0.0,500.0,62.68622148561586,0.0,0.0
batched_greedy@10s,4,500,3359,3037,0.9041381363501042,0.0958618636498958,0.0011908306043465,0.0946710330455492,0.0,240.52290327962635,216.61485627699585,431.2554851756366,218.789324179931,1214.8,5.32927230819888,235.19363097142747,0.1009919043368607,0.132377866105408,0.7666302295577313,1062,4.342749529190207,0.0473457627148355,0.1182650004011524,0.048855322161907,,,,3359,0.0,0.9041381363501042,0.0,0.0,1.0,31146.627589242045,0.0,6.115182995037741e-16,2.714980400889666e-13,0.0,0.0,0.0,0.0,,,0.0,500.0,62.29325517848409,0.0,0.0
batched_greedy@10s,5,500,3359,3051,0.9083060434653172,0.0916939565346829,0.0008931229532598,0.090800833581423,0.0,237.1700933090094,208.6327625316926,442.0633564271338,216.23190286593177,1220.4,5.467059980334317,231.70303332867508,0.1038409157515272,0.1313403252123184,0.7648187590361543,1063,4.2427093132643465,0.0535636876655767,0.1109940006426766,0.0495166234378684,,,,3359,0.0,0.9083060434653172,0.0,0.0,1.0,31225.443230113797,0.0,-6.976465364835628e-15,2.6385827497210685e-13,0.0,0.0,0.0,0.0,,,0.0,500.0,62.45088646022759,0.0,0.0
optimal@10s,0,300,3359,1982,0.5900565644537065,0.4099434355462935,0.2893718368562072,0.1205715986900863,0.0,408.24107659146176,377.3666016970292,645.458155457304,329.132977363398,792.8,113.41775983854691,294.8233167529148,0.0130191608652073,0.1389866121301196,0.847994227004673,1098,51.2304189435337,0.0920484517005844,0.1629239998692355,0.0415213946117274,3.2594182582786617,7.327650603456441e-05,0.0464480874316939,3359,0.0,0.5900565644537065,0.0,0.0,1.0,20382.442806626823,0.0,-6.032622545914776e-15,2.73305316039813e-13,0.0,0.0,0.0,0.0,,,0.0,300.0,67.9414760220894,0.0,0.0
optimal@10s,1,300,3359,2034,0.6055373623102114,0.3944626376897886,0.2697231318844894,0.1247395058052992,0.0,413.8510835748911,374.7743959194079,664.4682858133475,333.08494027057293,813.6,108.26745329400195,305.58363028088905,0.00771603780632,0.1493899859881613,0.8428939762055188,1099,47.956323930846224,0.096039035467184,0.1947620014107084,0.0438136377661215,3.691537864135547,8.890933511699177e-05,0.0518653321201091,3359,0.0,0.6055373623102114,0.0,0.0,1.0,20493.244602727187,0.0,-2.540522146418549e-15,2.756610628607735e-13,0.0,0.0,0.0,0.0,,,0.0,300.0,68.31081534242395,0.0,0.0
optimal@10s,2,300,3359,2014,0.5995832092884787,0.4004167907115213,0.3024709735040191,0.0979458172075022,0.0,405.8973231313799,368.97036781720544,648.2631289377463,334.0825257571248,805.6,109.12164846077458,296.7756746706053,0.0104081824480502,0.1424722575753283,0.8471195599766214,1095,50.88767123287671,0.0957658447551282,0.1948800001264315,0.0465116279069767,3.0172719734949034,6.830666592580985e-05,0.0410958904109589,3359,0.0,0.5995832092884787,0.0,0.0,1.0,20536.777448620247,0.0,-2.088586393098209e-15,2.7837469723145455e-13,0.0,0.0,0.0,0.0,,,0.0,300.0,68.45592482873415,0.0,0.0
optimal@10s,3,300,3359,2036,0.6061327776123846,0.3938672223876153,0.2786543614170884,0.1152128609705269,0.0,415.52096082490704,385.0675234959822,660.1862656703347,336.1911792000369,814.4,108.03585461689588,307.4851062080112,0.0053809968017773,0.1514656889384485,0.8431533142597742,1088,48.28216911764706,0.0994522978066256,0.1884210012940455,0.0461300309597523,4.824448145365322,0.0001154399137489,0.0505514705882352,3359,0.0,0.6061327776123846,0.0,0.0,1.0,20665.538987127995,0.0,3.721973613399543e-15,2.727580222369071e-13,0.0,0.0,0.0,0.0,,,0.0,300.0,68.88512995709331,0.0,0.0
optimal@10s,4,300,3359,2010,0.5983923786841322,0.4016076213158678,0.2926466210181602,0.1089610002977076,0.0,414.7797164650016,379.8244124319681,664.7602436167551,335.4156874626888,804.0,118.24278606965174,296.5369303953499,0.00870554766436,0.1399113213974505,0.8513831309381893,1097,50.432999088422974,0.1034592524553417,0.1923320005153069,0.048680904522613,2.589806600611533,5.9206515597915e-05,0.0428441203281677,3359,0.0,0.5983923786841322,0.0,0.0,1.0,20540.337684086087,0.0,1.0035974262800618e-14,2.795190281556561e-13,0.0,0.0,0.0,0.0,,,0.0,300.0,68.46779228028696,0.0,0.0
optimal@10s,5,300,3359,1993,0.5933313486156594,0.4066686513843405,0.3036618041083656,0.1030068472759749,0.0,405.6006659563732,378.7826810565693,626.7210111879496,335.1192409390242,797.2,118.99949824385348,286.60116771251967,0.0148789606146807,0.1364692467299287,0.8486517926553906,1105,53.25972850678733,0.0898181900482917,0.1869279996753903,0.0573874445149017,3.2566199657579893,7.034046007374495e-05,0.0425339366515837,3359,0.0,0.5933313486156594,0.0,0.0,1.0,20512.458641238416,0.0,-9.740995432917882e-15,2.7792007419848933e-13,0.0,0.0,0.0,0.0,,,0.0,300.0,68.37486213746139,0.0,0.0
optimal@10s,0,350,3359,2258,0.6722238761536171,0.3277761238463828,0.1473652872878833,0.1804108365584995,0.0,406.26375930004014,376.4330353109285,648.4782290341036,320.8735021500645,903.2,74.57085916740478,331.6929001326354,0.0184399060243738,0.1660334819965607,0.8155266119790654,1093,32.47575480329369,0.0864753888185217,0.1552079999237317,0.0556001069232825,5.797828358081437,0.0002116559498134,0.0658737419945105,3359,0.0,0.6722238761536171,0.0,0.0,1.0,23080.031706466085,0.0,-6.4925921149558306e-15,2.811702253762292e-13,0.0,0.0,0.0,0.0,,,0.0,350.0,65.94294773276023,0.0,0.0
optimal@10s,1,350,3359,2235,0.6653766001786245,0.3346233998213754,0.1134266150640071,0.2211967847573682,0.0,417.43357801822793,382.1254802825879,665.8683078723819,317.1607553681531,894.0,61.86308724832215,355.5704907699058,0.0114649476588167,0.1822752681023306,0.8062597842388526,1095,27.273059360730592,0.0900760730112542,0.1765300010811185,0.0497914494264859,9.997987224060235,0.0004392895168375,0.1159817351598173,3359,0.0,0.6653766001786245,0.0,0.0,1.0,22936.80574366433,0.0,-6.389321088115711e-15,2.706841959127792e-13,0.0,0.0,0.0,0.0,,,0.0,350.0,65.5337306961838,0.0,0.0
optimal@10s,2,350,3359,2254,0.6710330455492706,0.3289669544507294,0.1551056862161357,0.1738612682345936,0.0,412.2642332951396,385.0203793263713,658.1595350183993,324.9587818846147,901.6,76.47692990239574,335.78730339274387,0.0150607937913207,0.1686249324372846,0.8163142737713946,1095,33.0,0.0800167123454072,0.1627360002021305,0.0467264330345015,7.502948365499396,0.0002688558669153,0.0931506849315068,3359,0.0,0.6710330455492706,0.0,0.0,1.0,23103.11159077994,0.0,-5.6561282326422346e-15,2.819040475766045e-13,0.0,0.0,0.0,0.0,,,0.0,350.0,66.00889025937126,0.0,0.0
optimal@10s,3,350,3359,2291,0.682048228639476,0.3179517713605239,0.1298005358737719,0.188151235486752,0.0,407.6146867362101,379.65327909768894,645.8792611981589,318.96634978388926,916.4,73.60104757747709,334.013639158733,0.0119057417681218,0.1687740655240735,0.8193201927078047,1087,30.44618215271389,0.0909700092400839,0.1714120002361597,0.0502778512834083,8.879579669365745,0.000347680844993,0.1030358785648574,3359,0.0,0.682048228639476,0.0,0.0,1.0,23413.55176376248,0.0,-2.2981761990320133e-15,2.765658113310145e-13,0.0,0.0,0.0,0.0,,,0.0,350.0,66.89586218217852,0.0,0.0
optimal@10s,4,350,3359,2234,0.6650788925275379,0.334921107472462,0.134563858291158,0.2003572491813039,0.0,409.0024213080394,378.8254068116021,657.1798833335909,316.5808467996319,893.6,74.77887197851388,334.22354932952555,0.0170133931349593,0.1636232662464515,0.8193633406185891,1104,31.11141304347826,0.0935985507306912,0.1845330010655746,0.0479488545551411,6.486972791464779,0.0002476093906912,0.0769927536231884,3359,0.0,0.6650788925275379,0.0,0.0,1.0,23056.61358817922,0.0,-1.1042991846728146e-14,2.756040695572256e-13,0.0,0.0,0.0,0.0,,,0.0,350.0,65.8760388233692,0.0,0.0
optimal@10s,5,350,3359,2292,0.6823459362905626,0.3176540637094373,0.1262280440607323,0.1914260196487049,0.0,402.5457871117226,378.2874831483912,627.5402420362759,314.7587375756956,916.8,74.20157068062828,328.3442164310943,0.0174806364268187,0.1673971834418681,0.8151221801313131,1086,30.43186003683241,0.0881805709111845,0.1605449998351105,0.0496042216358839,5.336809672570601,0.0002089813479733,0.0847145488029466,3359,0.0,0.6823459362905626,0.0,0.0,1.0,23104.135508381307,0.0,-1.5924434545879996e-14,2.739317401959769e-13,0.0,0.0,0.0,0.0,,,0.0,350.0,66.0118157382323,0.0,0.0
optimal@10s,0,400,3359,2455,0.7308722834176838,0.2691277165823161,0.0142899672521583,0.2548377493301578,0.0,380.2298887950001,354.7160113901191,635.408538504217,286.68747121965254,982.0,20.413441955193484,359.8164468398066,0.0314496945126686,0.1890815232195055,0.7794687822678258,1079,9.866543095458756,0.081650787787507,0.1300000003539025,0.0503099666189795,12.83894977290114,0.0018617046584466,0.144578313253012,3359,0.0,0.7308722834176838,0.0,0.0,1.0,25163.51598790446,0.0,1.1852026488544235e-14,2.642234925988231e-13,0.0,0.0,0.0,0.0,,,0.0,400.0,62.908789969761145,0.0,0.0
optimal@10s,1,400,3359,2493,0.7421851741589759,0.2578148258410241,0.0264959809467103,0.2313188448943137,0.0,366.7634652286043,337.8170381839136,613.7918798026691,283.6553874246951,997.2,23.25992779783393,343.50353743077034,0.0307046713901063,0.1821395771861984,0.7871557514236952,1088,11.394301470588236,0.0771282168610763,0.1402290003534286,0.0443851564394858,12.206540779365437,0.0014790101525464,0.1176470588235294,3359,0.0,0.7421851741589759,0.0,0.0,1.0,25661.52003324373,0.0,-9.809864735837524e-15,2.711224301178876e-13,0.0,0.0,0.0,0.0,,,0.0,400.0,64.15380008310932,0.0,0.0
optimal@10s,2,400,3359,2426,0.7222387615361715,0.2777612384638285,0.0142899672521583,0.2634712712116701,0.0,381.0180159596965,356.58459106727014,635.1919333752494,284.14485501850805,970.4,18.307089859851608,362.7109260998449,0.0311101730994059,0.189581316662532,0.7793085102380619,1081,9.40795559666975,0.0766235892945627,0.1412000001437264,0.0478011472275334,15.050191157715338,0.0023095203694357,0.1489361702127659,3359,0.0,0.7222387615361715,0.0,0.0,1.0,25160.69010536464,0.0,-7.903909275723826e-15,2.724558693523226e-13,0.0,0.0,0.0,0.0,,,0.0,400.0,62.90172526341159,0.0,0.0
optimal@10s,3,400,3359,2505,0.7457576659720154,0.2542423340279845,0.0128014289967252,0.2414409050312593,0.0,363.72624854400414,337.1232941260014,614.5042066269667,280.1238913708816,1002.0,13.910578842315369,349.8156697016888,0.0238281217051869,0.1912594511376706,0.7849124271571424,1081,8.508788159111933,0.0850025902239173,0.1357199998892612,0.0545799715234931,14.191552128528768,0.0025278489505962,0.1369102682701202,3359,0.0,0.7457576659720154,0.0,0.0,1.0,25507.291513678854,0.0,-3.183968945671506e-16,2.726888575223516e-13,0.0,0.0,0.0,0.0,,,0.0,400.0,63.76822878419715,0.0,0.0
optimal@10s,4,400,3359,2447,0.7284906222089907,0.2715093777910092,0.0130991366478118,0.2584102411431974,0.0,367.2207689269076,340.7780486658821,618.0886692326663,276.5693259137379,978.8,15.311401716387412,351.9093672105202,0.0314931729866216,0.1863948357001292,0.7821119913132492,1084,8.642988929889299,0.0729008302472405,0.1375400004144468,0.0542911332385016,13.550930996093651,0.0023494074157756,0.1236162361623616,3359,0.0,0.7284906222089907,0.0,0.0,1.0,25394.222667231435,0.0,-4.467388634928133e-15,2.696113323061925e-13,0.0,0.0,0.0,0.0,,,0.0,400.0,63.48555666807859,0.0,0.0
optimal@10s,5,400,3359,2475,0.7368264364394165,0.2631735635605835,0.0193509973206311,0.2438225662399523,0.0,367.37307265315263,348.2037134967313,610.5125504140366,280.52969821511016,990.0,21.8589898989899,345.5140827541627,0.0339460209955528,0.1829246524302997,0.7831293265741474,1080,10.463888888888889,0.0846956481651701,0.1535470005728715,0.0456950456950457,10.850283683520455,0.0014653566534384,0.1361111111111111,3359,0.0,0.7368264364394165,0.0,0.0,1.0,25510.429071926592,0.0,-4.970210550645145e-15,2.667944428792154e-13,0.0,0.0,0.0,0.0,,,0.0,400.0,63.77607267981647,0.0,0.0
optimal@10s,0,450,3359,2748,0.8181006251860673,0.1818993748139327,0.0011908306043465,0.1807085442095861,0.0,315.20498273983304,289.27116767721736,542.2053303373912,260.23655225341,1099.2,7.993085880640466,307.2118968591926,0.0556481426719879,0.16696055902427,0.777391298303742,1071,5.185807656395892,0.0829689075692354,0.1766699995641827,0.0535462658525129,11.170231079070769,0.0046948301085606,0.1251167133520074,3359,0.0,0.8181006251860673,0.0,0.0,1.0,28459.077900304583,0.0,4.1723053929799546e-15,2.62686524643078e-13,0.0,0.0,0.0,0.0,,,0.0,450.0,63.24239533401019,0.0,0.0
optimal@10s,1,450,3359,2784,0.828818100625186,0.1711818993748139,0.0014885382554331,0.1696933611193807,0.0,297.4359523398897,267.11573492880143,525.8568963975716,248.7124037427104,1113.6,6.84375,290.5922023398897,0.0596609387992953,0.1624923418464339,0.7778467193542707,1067,4.943767572633552,0.0847127459885441,0.1545239995539301,0.0535714285714285,10.33284692988886,0.0049206450210562,0.1115276476101218,3359,0.0,0.828818100625186,0.0,0.0,1.0,28415.83575395029,0.0,-1.0392708405226751e-14,2.639804084138036e-13,0.0,0.0,0.0,0.0,,,0.0,450.0,63.14630167544509,0.0,0.0
optimal@10s,2,450,3359,2775,0.8261387317654064,0.1738612682345936,0.0005954153021732,0.1732658529324203,0.0,298.0653183793933,269.5689868181562,521.3802287059306,248.1380512115512,1110.0,6.666666666666667,291.39865171272663,0.0581538618524355,0.1602717438543418,0.7815743942932227,1072,4.702425373134329,0.0837649253699326,0.1435209999908691,0.0512941176470588,9.6183237808413,0.0050520262508724,0.1119402985074626,3359,0.0,0.8261387317654064,0.0,0.0,1.0,28640.394066688004,0.0,-2.8508126790158615e-15,2.6978891593226997e-13,0.0,0.0,0.0,0.0,,,0.0,450.0,63.645320148195566,0.0,0.0
optimal@10s,3,450,3359,2847,0.847573682643644,0.152426317356356,0.0047633224173861,0.1476629949389699,0.0,291.03337446136265,259.2307868168514,517.9273085321955,249.89434283803777,1138.8,7.1738672286617495,283.8595072327009,0.0519180700584266,0.1623316761024439,0.7857502538391294,1073,5.361602982292638,0.085188350397954,0.1409799999237292,0.0433643078389325,6.917906279630337,0.002790888759779,0.1006523765144454,3359,0.0,0.847573682643644,0.0,0.0,1.0,28904.620136900143,0.0,7.41583744808278e-15,2.7195324398551824e-13,0.0,0.0,0.0,0.0,,,0.0,450.0,64.23248919311142,0.0,0.0
optimal@10s,4,450,3359,2749,0.8183983328371539,0.1816016671628461,0.002381661208693,0.179220005954153,0.0,307.75624103193974,283.2469091013454,527.3209129938334,254.28511847320144,1099.6,6.683521280465624,301.0727197514741,0.0569778490067785,0.1637916130441797,0.7792305379490417,1066,4.869606003752345,0.0801401501228791,0.1329450002231169,0.0495750708215297,10.686183842286336,0.0051367952377077,0.1219512195121951,3359,0.0,0.8183983328371539,0.0,0.0,1.0,28306.885269281254,0.0,-1.775387565024441e-15,2.634730072044233e-13,0.0,0.0,0.0,0.0,,,0.0,450.0,62.90418948729168,0.0,0.0
optimal@10s,5,450,3359,2781,0.8279249776719262,0.1720750223280738,0.0032747841619529,0.1688002381661208,0.0,310.3967693196441,286.8060005242405,534.2763821495969,259.6446050967974,1112.4,8.121539014742899,302.2752303049012,0.0555400644889331,0.167006455548491,0.7774534799625757,1069,5.359214218896165,0.0877997194007842,0.1402199994481633,0.0489361702127659,10.645531337736264,0.004231112376364,0.137511693171188,3359,0.0,0.8279249776719262,0.0,0.0,1.0,28502.21097580689,0.0,-9.414180250809274e-15,2.6824680955858706e-13,0.0,0.0,0.0,0.0,,,0.0,450.0,63.33824661290421,0.0,0.0
optimal@10s,0,500,3359,3034,0.9032450133968444,0.0967549866031557,0.0,0.0967549866031557,0.0,247.77342914441536,222.02901446179797,440.5652082903093,224.4488192986473,1213.6,5.157877389584707,242.61555175483065,0.1001516198827314,0.1351112495785522,0.7647371305387164,1062,4.096045197740113,0.0785993408923826,0.1385510007821722,0.0449810606060606,5.2772226562293705,0.004835318419087,0.0790960451977401,3359,0.0,0.9032450133968444,0.0,0.0,1.0,31138.41823737688,0.0,-7.437981966954773e-15,2.6860049378415777e-13,0.0,0.0,0.0,0.0,,,0.0,500.0,62.27683647475375,0.0,0.0
optimal@10s,1,500,3359,3051,0.9083060434653172,0.0916939565346829,0.0011908306043465,0.0905031259303364,0.0,241.48039902534927,214.69115600791704,437.1106764617544,220.2810302081729,1220.4,5.668960996394625,235.81143802895463,0.1019557426427419,0.1325196360393496,0.7655246213179083,1064,4.31484962406015,0.0839904135325485,0.158920000012585,0.052433576299083,4.601869382806158,0.0036980898768258,0.0864661654135338,3359,0.0,0.9083060434653172,0.0,0.0,1.0,31260.000411853696,0.0,-3.292460808524554e-16,2.7329840928676945e-13,0.0,0.0,0.0,0.0,,,0.0,500.0,62.52000082370739,0.0,0.0
optimal@10s,2,500,3359,3029,0.9017564751414112,0.0982435248585888,0.0,0.0982435248585888,0.0,242.78351418630265,217.96607305030196,436.1601723408858,219.5606622418311,1211.6,5.241003631561571,237.54251055474103,0.1031604534799029,0.1335738387037486,0.7632657078163484,1062,4.093220338983051,0.0835802259998518,0.1658340000540193,0.0452071005917159,5.766506943404058,0.0053508238690918,0.0753295668549905,3359,0.0,0.9017564751414112,0.0,0.0,1.0,31090.557433324997,0.0,1.3774242741965462e-15,2.6574348165671843e-13,0.0,0.0,0.0,0.0,,,0.0,500.0,62.18111486664999,0.0,0.0
optimal@10s,3,500,3359,3066,0.9127716582316164,0.0872283417683834,0.0017862459065197,0.0854420958618636,0.0,232.66206946563028,207.082164246169,435.6231898765095,213.70540882705492,1226.4,5.41617742987606,227.24589203575425,0.1013399554703501,0.1312479545125612,0.7674120900170885,1063,4.437441204139229,0.0851764816137064,0.1624700008323996,0.0464234959734722,4.688254422495487,0.0034868743064895,0.0780809031044214,3359,0.0,0.9127716582316164,0.0,0.0,1.0,31347.19735104291,0.0,-3.150339306666296e-15,2.67409780627399e-13,0.0,0.0,0.0,0.0,,,0.0,500.0,62.694394702085816,0.0,0.0
optimal@10s,4,500,3359,3046,0.906817505209884,0.0931824947901161,0.0011908306043465,0.0919916641857695,0.0,239.9117809162279,214.8057852392767,435.7919779166296,218.8974101167545,1218.4,5.558108995403808,234.3536719208241,0.1006695100209144,0.1330947728413414,0.7662357171377442,1066,4.401500938086304,0.0855832083048389,0.1593099997080571,0.0513182674199623,4.218901233129301,0.0031756116449033,0.0684803001876172,3359,0.0,0.906817505209884,0.0,0.0,1.0,31199.61726249668,0.0,1.8778296201145132e-16,2.6220508218875365e-13,0.0,0.0,0.0,0.0,,,0.0,500.0,62.39923452499337,0.0,0.0
optimal@10s,5,500,3359,3045,0.9065197975587972,0.0934802024412027,0.0005954153021732,0.0928847871390294,0.0,239.0752761731176,212.84768545006227,436.0698860093609,217.3843912909478,1218.0,5.173399014778325,233.9018771583393,0.099501291893849,0.1333237467724923,0.7671749613336586,1062,4.099811676082863,0.0870193032005601,0.1491780001560983,0.0497289653547018,3.8931895869807502,0.0036989114080756,0.0734463276836158,3359,0.0,0.9065197975587972,0.0,0.0,1.0,31270.300555346854,0.0,-8.715815881464513e-15,2.672658664351164e-13,0.0,0.0,0.0,0.0,,,0.0,500.0,62.54060111069371,0.0,0.0
batched_greedy@10s+aware,0,300,3359,2025,0.6028579934504317,0.3971420065495683,0.3542721047930932,0.0428699017564751,0.0,390.1684794436012,367.3459039151239,592.3093513658231,340.0899082569234,810.0,120.1274074074074,270.0410720361938,0.0176557955800874,0.1230724400766845,0.8592717643432279,1112,58.42176258992806,0.034047482074175,0.0746340009754931,0.0475043029259896,,,,3359,0.0,0.6028579934504317,0.0,0.0,1.0,20810.251161982535,0.0,-9.520395445931316e-15,2.6995272958034253e-13,0.0,0.0,0.0,0.0,,,0.0,300.0,69.36750387327513,0.0,0.0
batched_greedy@10s+aware,1,300,3359,2021,0.6016671628460851,0.3983328371539149,0.3524858588865734,0.0458469782673414,0.0,389.56632268198695,371.05700590154174,586.4664945098111,335.61901750164697,808.4,120.2894606630381,269.27686201894886,0.0159642431944958,0.1237237084014735,0.8603120484040305,1108,57.45938628158845,0.035213718379859,0.0937460001114233,0.0463598901098901,,,,3359,0.0,0.6016671628460851,0.0,0.0,1.0,20735.269184093107,0.0,7.977345212467429e-15,2.735255531885207e-13,0.0,0.0,0.0,0.0,,,0.0,300.0,69.11756394697703,0.0,0.0
batched_greedy@10s+aware,2,300,3359,2041,0.6076213158678178,0.3923786841321822,0.3533789818398333,0.0389997022923489,0.0,396.5798168090853,373.986417764344,593.4152637824427,342.2086217235975,816.4,124.2219500244978,272.3578667845875,0.011073248040767,0.1239105467055774,0.8650162052536554,1100,59.12090909090909,0.0330660908928786,0.0821349994112096,0.0484869325997249,,,,3359,0.0,0.6076213158678178,0.0,0.0,1.0,20826.14631796773,0.0,-5.9931372837384236e-15,2.759993768725765e-13,0.0,0.0,0.0,0.0,,,0.0,300.0,69.4204877265591,0.0,0.0
batched_greedy@10s+aware,3,300,3359,2040,0.6073236082167311,0.3926763917832688,0.3450431676094075,0.0476332241738612,0.0,398.2205493699908,375.9441755675839,603.4580759359131,339.72753720215906,816.0,121.55980392156864,276.6607454484221,0.0117794881529979,0.128615913509957,0.8596045983370451,1109,56.35076645626691,0.0342564472334862,0.089527999807615,0.0506585612968591,,,,3359,0.0,0.6073236082167311,0.0,0.0,1.0,20833.042567472923,0.0,-1.0734768194179553e-14,2.7182091000712736e-13,0.0,0.0,0.0,0.0,,,0.0,300.0,69.44347522490975,0.0,0.0
batched_greedy@10s+aware,4,300,3359,2009,0.5980946710330456,0.4019053289669544,0.3581423042572194,0.043763024709735,0.0,391.6697560869281,372.82455077107534,596.8152253090274,336.8799810634833,803.6,118.90990542558488,272.7598506613432,0.0143472952820424,0.1252576978648495,0.860395006853108,1113,56.722371967654986,0.0307122192577291,0.0793759991211117,0.0520013684570646,,,,3359,0.0,0.5980946710330456,0.0,0.0,1.0,20866.40465863836,0.0,6.944503044623976e-15,2.739869058362148e-13,0.0,0.0,0.0,0.0,,,0.0,300.0,69.5546821954612,0.0,0.0
batched_greedy@10s+aware,5,300,3359,2041,0.6076213158678178,0.3923786841321822,0.3444477523072343,0.0479309318249479,0.0,390.36095742623394,373.2552368817742,594.2029395153222,335.81412013188026,816.4,120.62322390984812,269.73773351638584,0.0233027374803144,0.1238268491367461,0.8528704133829393,1114,57.29892280071813,0.0307512567361207,0.0743000000511528,0.0477164280845262,,,,3359,0.0,0.6076213158678178,0.0,0.0,1.0,20750.638099801297,0.0,-1.1940146731862831e-14,2.759584710560886e-13,0.0,0.0,0.0,0.0,,,0.0,300.00000000000006,69.1687936660043,0.0,0.0
batched_greedy@10s+aware,0,350,3359,2320,0.6906817505209883,0.3093182494790116,0.2521583804703781,0.0571598690086335,0.0,384.4321877390704,367.0612478462506,577.8053664641966,337.7059773738648,928.0,105.77629310344828,278.65589463562213,0.0263862955502109,0.130313705435302,0.8432999990144872,1115,47.2,0.0325182959472086,0.0933720000102766,0.0580143540669856,,,,3359,0.0,0.6906817505209883,0.0,0.0,1.0,23885.823117926277,0.0,2.5114010488072505e-15,2.7672730007860334e-13,0.0,0.0,0.0,0.0,,,0.0,350.0,68.24520890836078,0.0,0.0
batched_greedy@10s+aware,1,350,3359,2343,0.6975290264959809,0.3024709735040191,0.2426317356356058,0.0598392378684132,0.0,382.0948807329579,363.7140906970608,583.5802495598197,335.4244490422075,937.2,100.29150661545027,281.80337411750764,0.0200319705539701,0.1337405957879142,0.8462274336581156,1107,45.67479674796748,0.031172809397404,0.0662939992253086,0.048984468339307,,,,3359,0.0,0.6975290264959809,0.0,0.0,1.0,24036.42614438289,0.0,-1.0295743012827745e-15,2.69819733493024e-13,0.0,0.0,0.0,0.0,,,0.0,350.0,68.6755032696654,0.0,0.0
batched_greedy@10s+aware,2,350,3359,2355,0.7011015183090206,0.2988984816909794,0.2476927657040785,0.0512057159869008,0.0,381.0572970253554,359.4131636411812,578.6351043904248,336.7765164517247,942.0,99.5647558386412,281.4925411867142,0.0206452308509173,0.1340730132340657,0.8452817559150169,1105,45.902262443438914,0.0301368325998494,0.0661800002126256,0.0508525276697577,,,,3359,0.0,0.7011015183090206,0.0,0.0,1.0,24049.65889100099,0.0,-8.635130826944402e-15,2.7571773597437473e-13,0.0,0.0,0.0,0.0,,,0.0,350.0,68.71331111714568,0.0,0.0
batched_greedy@10s+aware,3,350,3359,2331,0.6939565346829414,0.3060434653170586,0.2470973504019053,0.0589461149151533,0.0,378.863980024706,362.3768566098315,571.1256982250306,331.813156883346,932.4,94.13470613470614,284.72927388999983,0.0223980671573478,0.1359488736270462,0.841653059215606,1117,43.18979409131602,0.0330564906151579,0.0905959994270231,0.0527256478999106,,,,3359,0.0,0.6939565346829414,0.0,0.0,1.0,23846.93086678774,0.0,-9.431989961929172e-15,2.729653102054795e-13,0.0,0.0,0.0,0.0,,,0.0,350.0,68.13408819082211,0.0,0.0
batched_greedy@10s+aware,4,350,3359,2342,0.6972313188448943,0.3027686811551057,0.2429294432866924,0.0598392378684132,0.0,380.70992419330287,363.8858860712046,582.6250051807489,333.67631219311454,936.8,99.38087105038429,281.3290531429185,0.0212890869867344,0.1329509098438664,0.8457600031693993,1110,44.667567567567566,0.029229549557033,0.0941010005044518,0.0520214030915576,,,,3359,0.0,0.6972313188448943,0.0,0.0,1.0,23965.756105303783,0.0,-4.332429661252874e-15,2.725698971965122e-13,0.0,0.0,0.0,0.0,,,0.0,350.0,68.47358887229653,0.0,0.0
batched_greedy@10s+aware,5,350,3359,2366,0.7043763024709735,0.2956236975290265,0.2247692765704078,0.0708544209586186,0.0,376.9579446112169,359.58958172185703,566.8595621895074,329.47472402523846,946.4,92.3643279797126,284.59361663150423,0.0200896601515923,0.1382860594828462,0.8416242803655615,1104,42.54166666666666,0.0315375905598636,0.0671819987655908,0.0480797420111404,,,,3359,0.0,0.7043763024709735,0.0,0.0,1.0,23956.472063307217,0.0,-1.759314024415303e-14,2.7867254854792394e-13,0.0,0.0,0.0,0.0,,,0.0,350.0,68.44706303802062,0.0,0.0
batched_greedy@10s+aware,0,400,3359,2623,0.7808871688002381,0.2191128311997618,0.141113426615064,0.0779994045846978,0.0,369.1034881241839,356.9917035170829,559.3498682033792,330.3642526318107,1049.2,74.42470453678993,294.678783587394,0.034846451846058,0.1446073162802545,0.8205462318736875,1093,33.52424519670631,0.0401314729990152,0.0937240004714112,0.0523784072688401,,,,3359,0.0,0.7808871688002381,0.0,0.0,1.0,26621.904907168228,0.0,2.760362362712704e-15,2.656137689596539e-13,0.0,0.0,0.0,0.0,,,0.0,400.0,66.55476226792057,0.0,0.0
batched_greedy@10s+aware,1,400,3359,2625,0.7814825841024114,0.2185174158975885,0.1324799047335516,0.0860375111640369,0.0,357.34261846328445,343.8219965918306,550.3513610432177,319.0597629691338,1050.0,64.70476190476191,292.63785655852257,0.0356195347315243,0.1449495839966169,0.8194308812718587,1106,30.630198915009043,0.0369900542808424,0.1019399999677262,0.0516369443705083,,,,3359,0.0,0.7814825841024114,0.0,0.0,1.0,26778.35627670489,0.0,3.649990362862895e-15,2.743691411632469e-13,0.0,0.0,0.0,0.0,,,0.0,400.0,66.94589069176222,0.0,0.0
batched_greedy@10s+aware,2,400,3359,2616,0.7788032152426317,0.2211967847573682,0.1390294730574575,0.0821673116999106,0.0,368.857390708538,356.2084556987384,559.5186754798724,326.2306610617506,1046.4,68.59136085626912,300.26602985226896,0.0243165067629541,0.1494736362605375,0.8262098569765083,1096,31.24543795620438,0.0372971715471704,0.0797850010712863,0.0474276527331189,,,,3359,0.0,0.7788032152426317,0.0,0.0,1.0,26771.771836551547,0.0,-5.039461882113517e-15,2.6877480872941444e-13,0.0,0.0,0.0,0.0,,,0.0,400.0,66.92942959137886,0.0,0.0
batched_greedy@10s+aware,3,400,3359,2638,0.7853527835665377,0.2146472164334623,0.1342661506400714,0.0803810657933909,0.0,360.7282963420984,350.7296729357068,552.5068700077564,322.04076133641973,1055.2,67.36959818043972,293.3586981616586,0.0308327903772078,0.1467431034967166,0.8224241061260755,1102,30.5989110707804,0.0326237749143311,0.0948890004656277,0.0510910058541777,,,,3359,0.0,0.7853527835665377,0.0,0.0,1.0,26736.325934883356,0.0,-9.557850257182394e-15,2.7211254898749013e-13,0.0,0.0,0.0,0.0,,,0.0,400.0,66.84081483720838,0.0,0.0
batched_greedy@10s+aware,4,400,3359,2597,0.7731467698719857,0.2268532301280142,0.1443882107770169,0.0824650193509973,0.0,367.8679456787634,353.5214118472868,561.3427194367316,324.38376493234995,1038.8,72.63919907585675,295.22874660290665,0.0314070187204675,0.1447464967990146,0.8238464844805178,1093,32.15279048490393,0.0377176578676764,0.0969760006410066,0.0578358208955223,,,,3359,0.0,0.7731467698719857,0.0,0.0,1.0,26814.688818341925,0.0,-3.1908758782449627e-16,2.71124927155584e-13,0.0,0.0,0.0,0.0,,,0.0,400.0,67.03672204585482,0.0,0.0
batched_greedy@10s+aware,5,400,3359,2599,0.7737421851741589,0.226257814825841,0.1309913664781185,0.0952664483477225,0.0,359.83557178098494,350.6610158999701,549.4895920793274,316.64851800932416,1039.6,64.77222008464794,295.0633516963369,0.0331393902264086,0.1462116930369436,0.8206489167366477,1097,29.775752051048315,0.0376332725684823,0.092844001119374,0.0501592356687898,,,,3359,0.0,0.7737421851741589,0.0,0.0,1.0,26617.87370770711,0.0,5.9189112078515456e-15,2.65779617543878e-13,0.0,0.0,0.0,0.0,,,0.0,400.0,66.54468426926778,0.0,0.0
batched_greedy@10s+aware,0,450,3359,2847,0.847573682643644,0.152426317356356,0.0538850848466805,0.0985412325096755,0.0,326.83068137470053,316.6305105007832,517.1730214989402,295.20121340864193,1138.8,37.17140850017562,289.6592728745249,0.052125848247958,0.1489728698535814,0.7989012818984605,1098,17.543715846994534,0.0372064662957044,0.1070659998549671,0.050308261405672,,,,3359,0.0,0.847573682643644,0.0,0.0,1.0,29180.13799036619,0.0,-4.868290916550915e-15,2.72869811669775e-13,0.0,0.0,0.0,0.0,,,0.0,450.0,64.84475108970264,0.0,0.0
batched_greedy@10s+aware,1,450,3359,2859,0.8511461744566835,0.1488538255433164,0.0479309318249479,0.1009228937183685,0.0,311.7131116436896,300.32095394311136,516.2402619771773,281.33692240096855,1143.6,29.84994753410283,281.8631641095867,0.0542736398744077,0.1479920173307807,0.7977343427948116,1084,15.62361623616236,0.0360425276699312,0.0986990013916514,0.0490027086924402,,,,3359,0.0,0.8511461744566835,0.0,0.0,1.0,29422.577363323584,0.0,2.2654918242963145e-15,2.7006200315173984e-13,0.0,0.0,0.0,0.0,,,0.0,450.0,65.38350525183019,0.0,0.0
batched_greedy@10s+aware,2,450,3359,2860,0.8514438821077702,0.1485561178922298,0.0643048526347127,0.0842512652575171,0.0,320.63177411003363,311.4211462432879,526.906786791578,292.268492467817,1144.0,40.962937062937065,279.66883704709653,0.0533462604805947,0.1443416484006796,0.8023120911187257,1098,19.145719489981783,0.0350778688594114,0.0988119992871361,0.0479640269797651,,,,3359,0.0,0.8514438821077702,0.0,0.0,1.0,29494.322874042187,0.0,-5.6560816636357975e-15,2.651638038901024e-13,0.0,0.0,0.0,0.0,,,0.0,450.0,65.54293972009376,0.0,0.0
batched_greedy@10s+aware,3,450,3359,2898,0.8627567728490623,0.1372432271509377,0.0479309318249479,0.0893122953259898,0.0,302.8646148387003,286.19983021951475,510.3332721309856,277.0252662648732,1159.2,30.218771566597653,272.64584327210264,0.0529153920492948,0.1451775921119055,0.8019070158387995,1089,15.437098255280072,0.0339710743970696,0.0832919999083968,0.0473489519112207,,,,3359,0.0,0.8627567728490623,0.0,0.0,1.0,29443.22056365628,0.0,-7.41681082013217e-15,2.675145589290168e-13,0.0,0.0,0.0,0.0,,,0.0,450.0,65.42937903034728,0.0,0.0
batched_greedy@10s+aware,4,450,3359,2834,0.8437034831795177,0.1562965168204823,0.0503125930336409,0.1059839237868413,0.0,327.1400521441526,316.86390313874654,523.7933703520838,292.8950076637845,1133.6,36.3923782639379,290.74767388021473,0.0497192282951463,0.1496609547022468,0.8006198170026068,1103,16.901178603807796,0.0352564823392562,0.1077620004798518,0.0468788551690106,,,,3359,0.0,0.8437034831795177,0.0,0.0,1.0,29294.7939346844,0.0,-1.0744953112003808e-14,2.73679612650696e-13,0.0,0.0,0.0,0.0,,,0.0,450.0,65.09954207707644,0.0,0.0
batched_greedy@10s+aware,5,450,3359,2867,0.8535278356653766,0.1464721643346234,0.0503125930336409,0.0961595713009824,0.0,317.33229265786207,306.65891414986254,522.8053044531279,285.8170367140131,1146.8,33.92291594000697,283.4093767178551,0.0533807715762894,0.1494570902612972,0.7971621381624132,1089,16.258953168044076,0.0360796143522464,0.1015800007007781,0.0558549730524252,,,,3359,0.0,0.8535278356653766,0.0,0.0,1.0,29322.502138467346,0.0,1.0307609511500668e-14,2.66882125436949e-13,0.0,0.0,0.0,0.0,,,0.0,450.0,65.16111586326076,0.0,0.0
batched_greedy@10s+aware,0,500,3359,3053,0.9089014587674904,0.0910985412325096,0.0119083060434653,0.0791902351890443,0.0,252.36824264062463,231.45753675183005,451.98521219248255,234.62978935250123,1221.2,12.590239109073044,239.7780035315516,0.0991969250885816,0.1306191233522273,0.7701839515591911,1080,7.5777777777777775,0.0383020370093247,0.1022309998188575,0.0490592998332936,,,,3359,0.0,0.9089014587674904,0.0,0.0,1.0,31449.531136670324,0.0,1.4871824701955586e-15,2.712525403913259e-13,0.0,0.0,0.0,0.0,,,0.0,500.0,62.89906227334065,0.0,0.0
batched_greedy@10s+aware,1,500,3359,3092,0.9205120571598692,0.0794879428401309,0.0139922596010717,0.0654956832390592,0.0,250.5027183680309,228.8087010238787,456.118216591254,235.80576093985,1236.8,14.046248382923674,236.45646998510728,0.1026691087384827,0.1287065351549193,0.768624356106598,1086,8.210865561694291,0.0427739410888551,0.1042149998284005,0.0521676989042401,,,,3359,0.0,0.9205120571598692,0.0,0.0,1.0,31584.777513199835,0.0,-8.623546034222982e-15,2.730720637393748e-13,0.0,0.0,0.0,0.0,,,0.0,500.0,63.16955502639967,0.0,0.0
batched_greedy@10s+aware,2,500,3359,3072,0.9145579041381364,0.0854420958618636,0.0196487049717177,0.0657933908901458,0.0,258.87449007111013,240.40434793586928,468.7225021427648,242.53639314001475,1228.8,16.670247395833332,242.2042426752768,0.0961593153874285,0.1313806313116226,0.7724600533009488,1087,8.931002759889605,0.0419311867636347,0.1029099999141182,0.0464053859100745,,,,3359,0.0,0.9145579041381364,0.0,0.0,1.0,31587.73818862033,0.0,6.463290550910253e-16,2.647362942291102e-13,0.0,0.0,0.0,0.0,,,0.0,500.0,63.17547637724066,0.0,0.0
batched_greedy@10s+aware,3,500,3359,3085,0.9184281036022626,0.0815718963977374,0.016969336111938,0.0646025602857993,0.0,245.2156923440193,222.21759640415985,449.9013549665148,231.5732374669687,1234.0,14.557860615883309,230.657831728136,0.1018618021871303,0.126681512351712,0.7714566854611575,1082,8.600739371534196,0.0431254158663995,0.1063269989754191,0.0438342967244701,,,,3359,0.0,0.9184281036022626,0.0,0.0,1.0,31529.39795919616,0.0,-2.762422021725349e-15,2.687570317563976e-13,0.0,0.0,0.0,0.0,,,0.0,500.0,63.05879591839232,0.0,0.0
batched_greedy@10s+aware,4,500,3359,3078,0.9163441500446562,0.0836558499553438,0.0157785055075915,0.0678773444477523,0.0,259.5565865200476,236.26761283067435,468.3912010909954,243.2275549331468,1231.2,15.1588693957115,244.39771712433603,0.0924916580768281,0.1329210619633598,0.7745872799598119,1090,8.381651376146788,0.0432430275479185,0.1078309991135027,0.0478697941598851,,,,3359,0.0,0.9163441500446562,0.0,0.0,1.0,31501.94700358113,0.0,5.081488619531906e-16,2.703706870690464e-13,0.0,0.0,0.0,0.0,,,0.0,500.0,63.00389400716226,0.0,0.0
batched_greedy@10s+aware,5,500,3359,3083,0.9178326883000892,0.0821673116999106,0.0142899672521583,0.0678773444477523,0.0,255.89111946400703,230.8218166725369,465.8003241394261,239.2725191515818,1233.2,13.657152124554006,242.23396733945305,0.0959789162985427,0.1336819493846009,0.7703391343168563,1080,7.8314814814814815,0.0415908333235603,0.1090299998031697,0.0525814894123245,,,,3359,0.0,0.9178326883000892,0.0,0.0,1.0,31478.566514681483,0.0,-5.2273750974566235e-15,2.687539166597313e-13,0.0,0.0,0.0,0.0,,,0.0,500.0,62.95713302936296,0.0,0.0
optimal@10s+aware,0,300,3359,2014,0.5995832092884787,0.4004167907115213,0.3599285501637392,0.040488240547782,0.0,391.9076651935974,369.8769298218242,591.1385651377904,338.8020671749167,805.6,125.14250248262164,266.76516271097574,0.0191946133650095,0.1209118219021706,0.8598935647328197,1108,59.34476534296029,0.0834467509037245,0.1621870011149443,0.0458651841556636,2.4275475896792,4.677969132962784e-05,0.0288808664259927,3359,0.0,0.5995832092884787,0.0,0.0,1.0,20704.701420955706,0.0,2.597502925538102e-15,2.689310762386748e-13,0.0,0.0,0.0,0.0,,,0.0,300.0,69.01567140318566,0.0,0.0
optimal@10s+aware,1,300,3359,2041,0.6076213158678178,0.3923786841321822,0.3450431676094075,0.0473355165227746,0.0,394.9314257357736,372.82668993358857,596.3853790265784,338.99209461670114,816.4,122.62616364527192,272.30526209050174,0.0104686177412967,0.1251233909584108,0.8644079913002923,1102,57.489110707804,0.0822362069187851,0.1407980007388687,0.0465986394557823,3.049375312501248,6.072940010211079e-05,0.028130671506352,3359,0.0,0.6076213158678178,0.0,0.0,1.0,20938.53536336129,0.0,-2.588380813511193e-15,2.670314293599944e-13,0.0,0.0,0.0,0.0,,,0.0,300.0,69.79511787787098,0.0,0.0
optimal@10s+aware,2,300,3359,2026,0.6031557011015183,0.3968442988984817,0.3539743971420065,0.0428699017564751,0.0,393.3486070541677,373.3575539028871,599.1464598038547,339.0976919452208,810.4,120.8563672260612,272.4922398281064,0.0147489881032484,0.1241408300715419,0.8611101818252096,1106,58.12748643761302,0.0859778481484168,0.184684998748708,0.0475206611570247,3.5793688915038686,7.04437268100653e-05,0.0406871609403255,3359,0.0,0.6031557011015183,0.0,0.0,1.0,20636.132313535032,0.0,2.753090066987555e-16,2.7814451411169745e-13,0.0,0.0,0.0,0.0,,,0.0,300.0,68.78710771178345,0.0,0.0
optimal@10s+aware,3,300,3359,2047,0.6094075617743376,0.3905924382256624,0.3465317058648407,0.0440607323608216,0.0,395.36003005124377,374.2266698177773,591.7527806860505,340.55866538400466,818.8,122.55153883732292,272.8084912139209,0.015940105071842,0.1260033087592518,0.8580565861689061,1118,56.5912343470483,0.0867461538629952,0.1530220002132407,0.0513166779203241,2.808385627749947,5.6836101849463145e-05,0.0313059033989266,3359,0.0,0.6094075617743376,0.0,0.0,1.0,20781.50152196353,0.0,-1.0449872525675532e-14,2.6958796699646344e-13,0.0,0.0,0.0,0.0,,,0.0,300.0,69.27167173987844,0.0,0.0
optimal@10s+aware,4,300,3359,2012,0.5989877939863054,0.4010122060136945,0.3572491813039595,0.043763024709735,0.0,395.6402221891743,374.3537832077982,605.4022665754032,339.4632227712322,804.8,125.08648111332008,270.55374107585425,0.0135524312158287,0.1226688742689249,0.8637786945152464,1117,57.816472694718,0.074478692899735,0.1530519992957122,0.0480274442538593,2.894827743753535,5.727958167681515e-05,0.0304386750223813,3359,0.0,0.5989877939863054,0.0,0.0,1.0,20731.572360358063,0.0,3.607452309040469e-15,2.7932063554096164e-13,0.0,0.0,0.0,0.0,,,0.0,300.0,69.10524120119354,0.0,0.0
optimal@10s+aware,5,300,3359,2048,0.6097052694254242,0.3902947305745757,0.3468294135159273,0.0434653170586484,0.0,394.2709973090323,374.1599044872746,598.8488990722217,339.2473949027615,819.2,124.2734375,269.9975598090323,0.019754480211928,0.1239018622571675,0.8563436575309044,1108,58.28610108303249,0.0790075812650625,0.1474089990733774,0.0461538461538461,1.7449686456892646,3.4264440491010945e-05,0.0252707581227436,3359,0.0,0.6097052694254242,0.0,0.0,1.0,20849.414328606013,0.0,-9.564397884798126e-15,2.7616364056681775e-13,0.0,0.0,0.0,0.0,,,0.0,300.0,69.49804776202005,0.0,0.0
optimal@10s+aware,0,350,3359,2332,0.694254242334028,0.305745757665972,0.2476927657040785,0.0580529919618934,0.0,389.5237255698631,369.0625170199573,587.7518109806924,340.42393332569463,932.8,109.80531732418524,279.71840824567784,0.0210011938069231,0.131176468411219,0.8478223377818579,1100,47.89363636363636,0.0782544545439701,0.159040001071844,0.0483483483483483,3.9423633272051113,9.52251174851371e-05,0.0372727272727272,3359,0.0,0.694254242334028,0.0,0.0,1.0,23912.445402426914,0.0,1.2858020346945208e-15,2.7266163407518e-13,0.0,0.0,0.0,0.0,,,0.0,349.99999999999994,68.32127257836262,0.0,0.0
optimal@10s+aware,1,350,3359,2348,0.6990175647514141,0.3009824352485858,0.2298303066388806,0.0711521286097052,0.0,381.8192857849575,362.1964594423757,575.6029302789284,335.0625716895134,939.2,91.99574105621804,289.8235447287395,0.0195139789774554,0.1397790143467023,0.8407070066758423,1104,43.83876811594203,0.0859295290094609,0.1645170007941489,0.0494699646643109,4.299649909976314,0.0001138645393582,0.0389492753623188,3359,0.0,0.6990175647514141,0.0,0.0,1.0,23889.962499007812,0.0,-1.0939574062064574e-15,2.696597440895002e-13,0.0,0.0,0.0,0.0,,,0.0,350.0,68.2570357114509,0.0,0.0
optimal@10s+aware,2,350,3359,2340,0.6966359035427211,0.3033640964572789,0.2435248585888657,0.0598392378684132,0.0,384.0460712798395,361.7068273610344,576.8568916586275,336.9267853644339,936.0,102.4931623931624,281.5529088866772,0.0163044621297067,0.1332732703863006,0.8504222674839926,1111,45.97389738973897,0.0813822682534227,0.1492199997301216,0.0514727759595358,3.986561389448264,0.0001004638703217,0.036003600360036,3359,0.0,0.6966359035427211,0.0,0.0,1.0,24075.292590365985,0.0,-3.071427253082656e-15,2.731657255570363e-13,0.0,0.0,0.0,0.0,,,0.0,350.0,68.78655025818853,0.0,0.0
optimal@10s+aware,3,350,3359,2331,0.6939565346829414,0.3060434653170586,0.2372729979160464,0.0687704674010122,0.0,381.54729280143,362.4760666360107,573.2946993867736,332.632144355362,932.4,94.74946374946374,286.79782905196623,0.0194917454575693,0.1378518832759126,0.842656371266518,1108,43.35649819494585,0.0860740072062646,0.1552510001965857,0.053886925795053,4.925488750477102,0.0001320116935998,0.0415162454873646,3359,0.0,0.6939565346829414,0.0,0.0,1.0,23899.484398232,0.0,-4.1204467741901135e-15,2.635935228133971e-13,0.0,0.0,0.0,0.0,,,0.0,350.0,68.28424113780571,0.0,0.0
optimal@10s+aware,4,350,3359,2330,0.6936588270318547,0.3063411729681453,0.2453111044953855,0.0610300684727597,0.0,382.037956177753,369.0145049527996,573.4681794192542,333.58630721788563,932.0,99.29957081545064,282.7383853623024,0.0204498915870131,0.132868588840478,0.8466815195725088,1119,44.20017873100983,0.0852559428011113,0.1711680005973901,0.0447313119183428,3.833974231123407,0.0001006038963883,0.03485254691689,3359,0.0,0.6936588270318547,0.0,0.0,1.0,23957.494724068783,0.0,-3.2713936471529933e-15,2.724939015489081e-13,0.0,0.0,0.0,0.0,,,0.0,350.0,68.44998492591081,0.0,0.0
optimal@10s+aware,5,350,3359,2323,0.6915748734742483,0.3084251265257517,0.2432271509377791,0.0651979755879726,0.0,391.3294627761686,373.7481206461016,580.91720205777,339.2805102157048,929.2,103.44511407662506,287.8843486995436,0.0219832132883008,0.136763969689071,0.8412528170226281,1098,46.10382513661202,0.0849880692117793,0.1572540000779553,0.0562462995855535,4.5419097734215335,0.0001141367005031,0.0428051001821493,3359,0.0,0.6915748734742483,0.0,0.0,1.0,23808.693724492587,0.0,-1.4490728414392917e-15,2.647979888642771e-13,0.0,0.0,0.0,0.0,,,0.0,350.0,68.02483921283597,0.0,0.0
optimal@10s+aware,0,400,3359,2602,0.7746353081274189,0.2253646918725811,0.152426317356356,0.072938374516225,0.0,374.4385641497484,357.3311148064877,560.0815951255186,334.6265121739067,1040.8,78.24327440430439,296.19528974544403,0.0322178904361967,0.1432122886009176,0.8245698209628858,1099,34.86078252957234,0.0760998180065059,0.141914000014367,0.0506089309878213,6.548475806800064,0.0002216950427962,0.0600545950864422,3359,0.0,0.7746353081274189,0.0,0.0,1.0,26823.237636365357,0.0,-9.837548830037514e-16,2.690811959618637e-13,0.0,0.0,0.0,0.0,,,0.0,400.0,67.05809409091339,0.0,0.0
optimal@10s+aware,1,400,3359,2621,0.7802917534980649,0.2197082465019351,0.1342661506400714,0.0854420958618636,0.0,359.39351735978715,346.7498285586553,545.9859821335904,319.46849092567254,1048.4,62.72033574971385,296.67318161007336,0.0349239953699063,0.1486953788675124,0.8163806257625813,1100,29.978181818181817,0.0808190909265249,0.1454009993904037,0.0509469191784475,5.596041570293549,0.0002226853529179,0.0581818181818181,3359,0.0,0.7802917534980649,0.0,0.0,1.0,26748.527513630328,0.0,-1.5616826582174849e-15,2.676810826919391e-13,0.0,0.0,0.0,0.0,,,0.0,400.0,66.87131878407583,0.0,0.0
optimal@10s+aware,2,400,3359,2601,0.7743376004763323,0.2256623995236677,0.1539148556117892,0.0717475439118785,0.0,371.1161490952039,360.9019210976003,560.3434146301424,330.7384707237628,1040.4,74.17301038062284,296.94313871458104,0.0273165149899364,0.144387251725621,0.8282962332844425,1101,33.62579473206176,0.0893289736803631,0.1574999987496994,0.0483432916892992,6.821378857495344,0.0002398485971581,0.0590372388737511,3359,0.0,0.7743376004763323,0.0,0.0,1.0,26853.270732244346,0.0,-6.825075768760632e-15,2.711498418677984e-13,0.0,0.0,0.0,0.0,,,0.0,400.0,67.13317683061085,0.0,0.0
optimal@10s+aware,3,400,3359,2630,0.7829711223578446,0.2170288776421554,0.1300982435248585,0.0869306341172968,0.0,359.9691955650621,352.7713013474204,544.0938002984681,317.7610898650989,1052.0,64.18441064638783,295.78478491867423,0.0309307400788306,0.1476121050836097,0.8214571548375595,1102,28.92831215970962,0.0843802178006938,0.1461590000144497,0.0438034188034188,9.598747391161286,0.0003970162755897,0.0662431941923775,3359,0.0,0.7829711223578446,0.0,0.0,1.0,26652.368914616287,0.0,-4.655000508420732e-15,2.724364038124739e-13,0.0,0.0,0.0,0.0,,,0.0,400.0,66.63092228654072,0.0,0.0
optimal@10s+aware,4,400,3359,2611,0.7773146769871986,0.2226853230128014,0.1363501041976778,0.0863352188151235,0.0,364.4701435528805,353.013427452338,551.6645073590471,322.1158828523843,1044.4,70.15051704327844,294.3196265096021,0.0309600489565416,0.1443973497974005,0.8246426012460578,1098,31.1712204007286,0.0738668488259071,0.1402999988022202,0.0447841244301421,8.755140254375652,0.0003341857859414,0.0628415300546448,3359,0.0,0.7773146769871986,0.0,0.0,1.0,26941.93781722118,0.0,-5.813129457776883e-15,2.76764355507713e-13,0.0,0.0,0.0,0.0,,,0.0,400.0,67.35484454305295,0.0,0.0
optimal@10s+aware,5,400,3359,2600,0.7740398928252457,0.2259601071747544,0.1342661506400714,0.0916939565346829,0.0,360.55665240402766,347.4574014746522,549.4772778497779,317.00764931746403,1040.0,65.3423076923077,295.21434471172,0.0330114737760891,0.145991026947141,0.8209974992767698,1097,29.807657247037376,0.0807783044522875,0.1381199986644785,0.0472504004271222,7.075980082525126,0.0002832525418235,0.0592525068368277,3359,0.0,0.7740398928252457,0.0,0.0,1.0,26771.796861028837,0.0,-1.4441781104324038e-14,2.69562150378988e-13,0.0,0.0,0.0,0.0,,,0.0,400.0,66.92949215257208,0.0,0.0
optimal@10s+aware,0,450,3359,2853,0.8493599285501637,0.1506400714498362,0.0535873771955939,0.0970526942542423,0.0,338.2431820103966,328.2387606253251,530.4373430374793,305.0056244432531,1141.2,41.2968804766912,296.94630153370537,0.0504713581706557,0.1517078023197415,0.7978208395096027,1096,18.525547445255476,0.0800580292012906,0.1316749998295562,0.0572687224669603,9.07995981124244,0.0006192240659111,0.0821167883211678,3359,0.0,0.8493599285501637,0.0,0.0,1.0,29316.30793255515,0.0,-5.5507259808108085e-16,2.686031480579623e-13,0.0,0.0,0.0,0.0,,,0.0,450.0,65.14735096123367,0.0,0.0
optimal@10s+aware,1,450,3359,2851,0.8487645132479905,0.1512354867520095,0.0562667460553736,0.0949687406966359,0.0,317.0848858581984,307.7878762716291,515.4550696585466,287.6274686625269,1140.4,34.99684321290775,282.0880426452906,0.0567608823770242,0.1465497525525494,0.7966893650704262,1098,17.483606557377048,0.0803022769091901,0.1443269983246864,0.048162859980139,10.76620324878877,0.000786497234295,0.0783242258652094,3359,0.0,0.8487645132479905,0.0,0.0,1.0,29445.69115158535,0.0,1.394418311672312e-15,2.7020437409425e-13,0.0,0.0,0.0,0.0,,,0.0,450.0,65.43486922574522,0.0,0.0
optimal@10s+aware,2,450,3359,2867,0.8535278356653766,0.1464721643346234,0.0574575766597201,0.0890145876749032,0.0,325.0455512721931,317.5632424842506,521.1610617464739,294.58351103125506,1146.8,37.416811998604814,287.62873927358834,0.0473344015645449,0.1494538791682,0.803211719267255,1098,17.517304189435336,0.0770264116400359,0.1398600003631144,0.0490827962320277,10.111169442184554,0.0007355385625536,0.0810564663023679,3359,0.0,0.8535278356653766,0.0,0.0,1.0,29540.77940099917,0.0,-2.492909572140533e-15,2.687698530966779e-13,0.0,0.0,0.0,0.0,,,0.0,450.0,65.64617644666482,0.0,0.0
optimal@10s+aware,3,450,3359,2901,0.8636498958023221,0.1363501041976778,0.0503125930336409,0.0860375111640369,0.0,304.6419268330953,294.6552834908789,504.1676019654078,278.2287567540827,1160.4,30.957945536022063,273.6839812970732,0.051603401751081,0.1469124036809306,0.8014841945679884,1093,15.382433668801465,0.0766956084199506,0.1347319997148588,0.0476778656126482,10.005883072371,0.0008523904349858,0.0933211344922232,3359,0.0,0.8636498958023221,0.0,0.0,1.0,29382.056784694305,0.0,-6.153567065685218e-15,2.724460513181005e-13,0.0,0.0,0.0,0.0,,,0.0,450.0,65.2934595215429,0.0,0.0
optimal@10s+aware,4,450,3359,2844,0.846680559690384,0.1533194403096159,0.055075915451027,0.0982435248585888,0.0,334.59431076419435,323.179062509289,528.3190233913112,300.49526994794536,1137.6,37.9662447257384,296.628066038456,0.0507228690492658,0.1524835822190619,0.7967935487316723,1094,17.560329067641682,0.0865926873681764,0.1424560002305951,0.0512946979038224,10.955135072458765,0.000793206409233,0.0776965265082266,3359,0.0,0.846680559690384,0.0,0.0,1.0,29202.78762755749,0.0,-1.2101587117925406e-15,2.6844068458955654e-13,0.0,0.0,0.0,0.0,,,0.0,450.0,64.89508361679442,0.0,0.0
optimal@10s+aware,5,450,3359,2872,0.8550163739208098,0.1449836260791902,0.0482286394760345,0.0967549866031557,0.0,316.77977011095805,308.256193915377,512.0872609754017,285.2275589240357,1148.8,31.36142061281337,285.41834949814466,0.0518674979938535,0.1511347483203586,0.7969977536857878,1094,15.346435100548446,0.0947030164409989,0.1680679997298282,0.048780487804878,12.175712888694878,0.0010343093153859,0.0850091407678245,3359,0.0,0.8550163739208098,0.0,0.0,1.0,29380.64048081071,0.0,4.4393458268785856e-16,2.646470167740075e-13,0.0,0.0,0.0,0.0,,,0.0,450.0,65.29031217957936,0.0,0.0
optimal@10s+aware,0,500,3359,3063,0.9118785352783566,0.0881214647216433,0.0142899672521583,0.0738314974694849,0.0,261.00538518854404,242.8374468379416,465.0300647658119,244.13388062523248,1225.2,15.681684622918707,245.32370056562533,0.0972333500823344,0.1322394702183042,0.7705271796993614,1083,8.714681440443213,0.0896674053529731,0.1651819997641726,0.0445936226324622,6.0467158276686765,0.0010991870807762,0.0655586334256694,3359,0.0,0.9118785352783566,0.0,0.0,1.0,31401.48676871972,0.0,-1.0574629647281804e-14,2.6875240887163815e-13,0.0,0.0,0.0,0.0,,,0.0,500.0,62.80297353743944,0.0,0.0
optimal@10s+aware,1,500,3359,3080,0.9169395653468294,0.0830604346531705,0.0122060136945519,0.0708544209586186,0.0,248.68384742900017,227.661367248284,449.5878712425321,233.34265685899305,1232.0,13.099350649350647,235.58449677964956,0.1012358836307986,0.1293548506851779,0.7694092656840233,1079,8.012974976830398,0.0875690453958382,0.1518880006915424,0.0493797709923664,8.517571469188653,0.0017739662629183,0.0750695088044485,3359,0.0,0.9169395653468294,0.0,0.0,1.0,31499.88645421823,0.0,-1.333421108017331e-15,2.70170610270406e-13,0.0,0.0,0.0,0.0,,,0.0,500.0,62.99977290843646,0.0,0.0
optimal@10s+aware,2,500,3359,3079,0.9166418576957428,0.0833581423042572,0.0151830902054182,0.0681750520988389,0.0,265.87013981146475,245.29003465949745,476.719017696616,248.61262265921084,1231.6,16.1178954205911,249.75224439087364,0.0939099986064787,0.1345049465377841,0.7715850548557371,1085,8.539170506912443,0.0920716128796891,0.1791040005628021,0.0439481268011527,6.510301747309776,0.0012123256533789,0.0672811059907834,3359,0.0,0.9166418576957428,0.0,0.0,1.0,31620.62050832375,0.0,-6.786098513623075e-16,2.6652405518045545e-13,0.0,0.0,0.0,0.0,,,0.0,500.0,63.2412410166475,0.0,0.0
optimal@10s+aware,3,500,3359,3096,0.9217028877642156,0.0782971122357844,0.0163739208097648,0.0619231914260196,0.0,245.3406119242821,221.17949175904096,454.8246733467895,231.6422881304852,1238.4,15.113372093023257,230.22723983125888,0.1011277339553541,0.1276201386028007,0.7712521274418451,1086,8.480662983425415,0.0903109576414474,0.2141400002983576,0.0481667864845434,6.034234898699771,0.001156714065994,0.0672191528545119,3359,0.0,0.9217028877642156,0.0,0.0,1.0,31577.157878766237,0.0,-2.987274510444898e-15,2.696812053028173e-13,0.0,0.0,0.0,0.0,,,0.0,500.0,63.15431575753247,0.0,0.0
optimal@10s+aware,4,500,3359,3075,0.9154510270913964,0.0845489729086037,0.0142899672521583,0.0702590056564453,0.0,257.6862292113837,234.5110675896885,467.3500137966104,241.1391393764428,1230.0,14.256585365853658,243.42964384553,0.0932742028238519,0.1330071396408031,0.7737186575353449,1083,8.132040627885504,0.0919685133932846,0.1861059996372206,0.0484949832775919,5.5150871311228045,0.0011133604699368,0.061865189289012,3359,0.0,0.9154510270913964,0.0,0.0,1.0,31519.32581075553,0.0,-1.2859090486194985e-15,2.6536807078768533e-13,0.0,0.0,0.0,0.0,,,0.0,500.0,63.038651621511065,0.0,0.0
optimal@10s+aware,5,500,3359,3075,0.9154510270913964,0.0845489729086037,0.0160762131586781,0.0684727597499255,0.0,255.0398938600868,230.60205349681385,462.0863974594969,238.95656157817183,1230.0,13.697235772357724,241.34265808772903,0.0982761273052999,0.1319854767594109,0.7697383959352891,1085,8.129032258064516,0.0864339170472246,0.1543159996799659,0.0506208213944603,7.4676074541734465,0.0015072414978141,0.0709677419354838,3359,0.0,0.9154510270913964,0.0,0.0,1.0,31438.223384711757,0.0,5.612132258462905e-16,2.688338440748339e-13,0.0,0.0,0.0,0.0,,,0.0,500.0,62.8764467694235,0.0,0.0
batched_greedy@30s+aware,0,300,3359,2020,0.6013694551949985,0.3986305448050015,0.364096457278952,0.0345340875260494,0.0,384.4620142161104,357.8650242828321,592.2881546510771,337.25375188090214,808.0,128.00742574257427,256.45458847353615,0.0184335488605215,0.1209034129381854,0.8606630382012931,372,63.163978494623656,0.0705231182403241,0.1541350008847075,0.0425008781173164,,,,3359,0.0,0.6013694551949985,0.0,0.0,1.0,20915.839163613637,0.0,-9.221226642550013e-15,2.761654491448576e-13,0.0,0.0,0.0,0.0,,,0.0,299.99999999999994,69.71946387871212,0.0,0.0
batched_greedy@30s+aware,1,300,3359,2039,0.6070259005656445,0.3929740994343554,0.3569514736528729,0.0360226257814825,0.0,376.2975038017432,358.5606755997041,585.277492971881,330.8957533179623,815.6,121.194212849436,255.1032909523072,0.0137560531650115,0.1211078016671049,0.8651361451678835,369,61.30352303523036,0.0578506774600149,0.1815159995021531,0.0429958391123439,,,,3359,0.0,0.6070259005656445,0.0,0.0,1.0,21057.702298332897,0.0,2.9542060041227317e-15,2.705019468186658e-13,0.0,0.0,0.0,0.0,,,0.0,300.0,70.19234099444299,0.0,0.0
batched_greedy@30s+aware,2,300,3359,2064,0.6144685918428103,0.3855314081571896,0.3506996129800536,0.034831795177136,0.0,385.3707377976425,357.0814043204764,587.2791183228092,336.4123735133919,825.6,124.22286821705428,261.14786958058824,0.0102833067246871,0.1263794172375953,0.8633372760377176,372,61.21236559139785,0.0622040322835551,0.1891029995204008,0.0539249146757679,,,,3359,0.0,0.6144685918428103,0.0,0.0,1.0,20766.995316922177,0.0,-1.1606564116352606e-14,2.696809184234828e-13,0.0,0.0,0.0,0.0,,,0.0,300.0,69.22331772307392,0.0,0.0
batched_greedy@30s+aware,3,300,3359,2041,0.6076213158678178,0.3923786841321822,0.3548675200952664,0.0375111640369157,0.0,381.7009568171933,358.54381139299767,590.981441216094,334.9428396542137,816.4,124.31945124938755,257.3815055678058,0.0152057716608619,0.1235300207185923,0.8612642076205457,375,60.49333333333333,0.0549845334365575,0.1570500008165252,0.0496065685939103,,,,3359,0.0,0.6076213158678178,0.0,0.0,1.0,20722.87018245789,0.0,-5.276850326939597e-15,2.6782778727672693e-13,0.0,0.0,0.0,0.0,,,0.0,300.0,69.0762339415263,0.0,0.0
batched_greedy@30s+aware,4,300,3359,2034,0.6055373623102114,0.3944626376897886,0.3593331348615659,0.0351295028282226,0.0,383.363857907248,357.9145050577531,585.4869524232379,331.4904257784635,813.6,124.9242871189774,258.4395707882706,0.0136790535010082,0.1230499840830813,0.8632709624159105,372,60.14784946236559,0.0561897848808345,0.1191290007227507,0.0453287197231833,,,,3359,0.0,0.6055373623102114,0.0,0.0,1.0,20819.668518734776,0.0,-2.3684757858670005e-15,2.821106180520079e-13,0.0,0.0,0.0,0.0,,,0.0,300.0,69.39889506244926,0.0,0.0
batched_greedy@30s+aware,5,300,3359,2047,0.6094075617743376,0.3905924382256624,0.355165227746353,0.0354272104793093,0.0,381.46004007212827,357.5615862675113,584.5394074348766,335.2996554737194,818.8,130.19785051294576,251.2621895591825,0.021087318405192,0.1189489806224462,0.8599637009723617,371,63.39353099730458,0.0517921833115685,0.1459900002373616,0.0490162236796686,,,,3359,0.0,0.6094075617743376,0.0,0.0,1.0,20847.81913398662,0.0,-5.7725088889547946e-15,2.744735991439101e-13,0.0,0.0,0.0,0.0,,,0.0,300.0,69.49273044662206,0.0,0.0
batched_greedy@30s+aware,0,350,3359,2334,0.6948496576362012,0.3051503423637987,0.2563262875855909,0.0488240547782078,0.0,365.8532645857471,345.74122585133,564.2652708805855,328.10987254829166,933.6,102.5484147386461,263.304849847101,0.024785436050997,0.1276028649735612,0.8476116989754416,370,50.88378378378378,0.0597837837926203,0.1407580001068709,0.0515463917525773,,,,3359,0.0,0.6948496576362012,0.0,0.0,1.0,23903.76836700261,0.0,-4.231595555726389e-15,2.741632494675031e-13,0.0,0.0,0.0,0.0,,,0.0,350.0,68.29648104857888,0.0,0.0
batched_greedy@30s+aware,1,350,3359,2355,0.7011015183090206,0.2988984816909794,0.244120273891039,0.0547782077999404,0.0,364.0857340276263,346.4329301979751,557.1214959278292,324.3784509481009,942.0,98.08492569002124,266.00080833760506,0.0216628993164059,0.1310349693428778,0.8473021313407163,370,48.85945945945946,0.0652754053835697,0.1868019994617498,0.0505836575875486,,,,3359,0.0,0.7011015183090206,0.0,0.0,1.0,24097.071088561293,0.0,8.329642708066652e-15,2.7326251664857944e-13,0.0,0.0,0.0,0.0,,,0.0,350.0,68.84877453874655,0.0,0.0
batched_greedy@30s+aware,2,350,3359,2338,0.6960404882405478,0.3039595117594522,0.2601964870497171,0.043763024709735,0.0,368.4535144314453,348.48520031102635,572.6019614235869,329.55861026198573,935.2,104.8798118049615,263.5737026264838,0.0205753351323131,0.1283915074842654,0.8510331573834214,371,51.11320754716981,0.0694269541257363,0.1720399995974733,0.0492850623668999,,,,3359,0.0,0.6960404882405478,0.0,0.0,1.0,24057.959371227123,0.0,-8.387929643703492e-16,2.6856266474073695e-13,0.0,0.0,0.0,0.0,,,0.0,350.0,68.73702677493465,0.0,0.0
batched_greedy@30s+aware,3,350,3359,2391,0.7118189937481393,0.2881810062518606,0.2337005061030068,0.0544805001488538,0.0,365.1158535805677,345.5368265891393,555.9949972971208,327.02566126102374,956.4,98.14387285654536,266.9719807240224,0.0181392854851647,0.1326420089770916,0.8492187055377436,369,48.05149051490515,0.0601406504004846,0.1615479996689827,0.0445500445500445,,,,3359,0.0,0.7118189937481393,0.0,0.0,1.0,24191.11936634943,0.0,3.739190285529678e-15,2.717305910000668e-13,0.0,0.0,0.0,0.0,,,0.0,350.0,69.11748390385551,0.0,0.0
batched_greedy@30s+aware,4,350,3359,2359,0.7022923489133671,0.2977076510866329,0.2500744269127716,0.0476332241738612,0.0,371.8431939678604,350.7589271125016,579.5422917174875,330.6271995697882,943.6,105.58117846545146,266.26201550240893,0.0236159240036581,0.1309751469678995,0.8454089290284423,371,49.94878706199461,0.0608412398448144,0.1563800002259086,0.0456055572334642,,,,3359,0.0,0.7022923489133671,0.0,0.0,1.0,24044.301514521096,0.0,-9.668682415387544e-16,2.7553636448436815e-13,0.0,0.0,0.0,0.0,,,0.0,350.0,68.69800432720314,0.0,0.0
batched_greedy@30s+aware,5,350,3359,2352,0.7002083953557606,0.2997916046442394,0.2467996427508187,0.0529919618934206,0.0,367.9214814219144,349.14969453606363,568.9621520639362,326.46755346415534,940.8,100.28018707482993,267.6412943470844,0.0238815094880096,0.1318419934502985,0.8442764970616918,368,49.20923913043478,0.0610521739239946,0.1897290010492724,0.0506898620275944,,,,3359,0.0,0.7002083953557606,0.0,0.0,1.0,23807.880236367404,0.0,-1.3062869002664428e-14,2.759198765159231e-13,0.0,0.0,0.0,0.0,,,0.0,350.0,68.02251496104972,0.0,0.0
batched_greedy@30s+aware,0,400,3359,2636,0.7847573682643644,0.2152426317356356,0.1464721643346234,0.0687704674010122,0.0,354.9439445389996,336.0218039980832,554.384474667655,320.04749821206906,1054.4,78.16464339908953,276.77930113991,0.0317514682755264,0.1392320614254384,0.8290164702990351,371,37.47708894878706,0.0593086253129783,0.1834299997426569,0.047529030515798,,,,3359,0.0,0.7847573682643644,0.0,0.0,1.0,26868.84707355375,0.0,-1.1297993395661951e-14,2.666479412924985e-13,0.0,0.0,0.0,0.0,,,0.0,400.0,67.17211768388437,0.0,0.0
batched_greedy@30s+aware,1,400,3359,2669,0.7945817207502233,0.2054182792497767,0.1390294730574575,0.0663888061923191,0.0,342.9419762386922,322.50267507401986,544.6948905119077,312.6979728323989,1067.6,72.4870738104159,270.4549024282763,0.0345645957241692,0.1385226771514627,0.826912727124368,368,36.74728260869565,0.0604383152301085,0.1913620001505478,0.0471063257065948,,,,3359,0.0,0.7945817207502233,0.0,0.0,1.0,27164.6300006039,0.0,-2.5583798016690005e-15,2.695909354795141e-13,0.0,0.0,0.0,0.0,,,0.0,400.0,67.91157500150975,0.0,0.0
batched_greedy@30s+aware,2,400,3359,2652,0.7895206906817506,0.2104793093182494,0.1521286097052694,0.05835069961298,0.0,355.95613914017326,336.4693604003394,553.9436062315186,323.4190288352817,1060.8,78.97134238310709,276.9847967570662,0.0266729500307019,0.1402950606994039,0.8330319892698942,368,38.58695652173913,0.0604543478373117,0.1749880000716073,0.0423381589729582,,,,3359,0.0,0.7895206906817506,0.0,0.0,1.0,27078.60654687508,0.0,-5.598002370017946e-15,2.6997576287835814e-13,0.0,0.0,0.0,0.0,,,0.0,400.0,67.6965163671877,0.0,0.0
batched_greedy@30s+aware,3,400,3359,2675,0.796367966656743,0.2036320333432569,0.1342661506400714,0.0693658827031854,0.0,342.97717107624635,324.35164563066064,541.2411525005211,312.4495690612567,1070.0,70.00598130841121,272.97118976783514,0.0295272311726797,0.1408032883929805,0.8296694804343397,365,35.706849315068496,0.0704942465570838,0.1935119996051073,0.0498533724340175,,,,3359,0.0,0.796367966656743,0.0,0.0,1.0,27055.965958518373,0.0,7.652611669999434e-15,2.665013381315093e-13,0.0,0.0,0.0,0.0,,,0.0,400.0,67.63991489629593,0.0,0.0
batched_greedy@30s+aware,4,400,3359,2608,0.7764215540339386,0.2235784459660613,0.1622506698422149,0.0613277761238463,0.0,353.9643979669197,334.0710126390195,554.6353756207145,318.9240576572777,1043.2,80.66947852760737,273.2949194393124,0.031432874580013,0.1370875885651964,0.8314795368547906,370,38.66486486486487,0.0642508108531065,0.1944680006272392,0.0497675690456658,,,,3359,0.0,0.7764215540339386,0.0,0.0,1.0,27026.15816158742,0.0,4.721853446756992e-15,2.719123494872513e-13,0.0,0.0,0.0,0.0,,,0.0,400.0,67.56539540396855,0.0,0.0
batched_greedy@30s+aware,5,400,3359,2640,0.7859481988687109,0.214051801131289,0.152426317356356,0.061625483774933,0.0,346.1301823051059,324.75000648128434,539.4384830693383,314.4788791242792,1056.0,76.37992424242424,269.7502580626817,0.0330853054648227,0.1358354561535562,0.831079238381621,366,37.90163934426229,0.0611896175094622,0.1783399998203101,0.0501490918948224,,,,3359,0.0,0.7859481988687109,0.0,0.0,1.0,27092.674586437868,0.0,-9.617222843010524e-15,2.739135517730795e-13,0.0,0.0,0.0,0.0,,,0.0,400.0,67.73168646609467,0.0,0.0
batched_greedy@30s+aware,0,450,3359,2865,0.8529324203632034,0.1470675796367966,0.0779994045846978,0.0690681750520988,0.0,320.92500184740965,305.6500941462928,523.8668119432689,297.6782127873306,1146.0,56.16439790575916,264.7606039416505,0.0598762532631532,0.1358754520614233,0.8042482946754235,367,28.23433242506812,0.0649264306301055,0.1878480000232227,0.0491927346115035,,,,3359,0.0,0.8529324203632034,0.0,0.0,1.0,29378.690014393676,0.0,-7.716146899244719e-16,2.6810742883118953e-13,0.0,0.0,0.0,0.0,,,0.0,450.0,65.28597780976372,0.0,0.0
batched_greedy@30s+aware,1,450,3359,2893,0.8612682345936291,0.1387317654063709,0.0595415302173265,0.0791902351890443,0.0,300.2327984109581,284.11599018351444,504.2051908023652,277.4986168586076,1157.2,43.58866228828206,256.644136122676,0.0636072108767112,0.1376353671411816,0.7987574219821072,367,23.99182561307902,0.0796975477017165,0.1979499995650256,0.0497388709276299,,,,3359,0.0,0.8612682345936291,0.0,0.0,1.0,29527.844754391903,0.0,-6.6234224772245075e-15,2.6615879681120865e-13,0.0,0.0,0.0,0.0,,,0.0,450.0,65.61743278753757,0.0,0.0
batched_greedy@30s+aware,2,450,3359,2888,0.8597796963381958,0.1402203036618041,0.0708544209586186,0.0693658827031854,0.0,312.7865460095412,295.42354477580443,512.6701031017676,289.8338172177716,1155.2,48.05574792243768,264.7307980871036,0.0515350121521237,0.1397644578268011,0.8087005300210751,369,25.49051490514905,0.0634558265121731,0.2071680000517517,0.0436537976280595,,,,3359,0.0,0.8597796963381958,0.0,0.0,1.0,29596.940641729954,0.0,6.049331549688872e-15,2.7048907896519857e-13,0.0,0.0,0.0,0.0,,,0.0,450.0,65.77097920384433,0.0,0.0
batched_greedy@30s+aware,3,450,3359,2938,0.8746650788925275,0.1253349211074724,0.0509080083358142,0.0744269127716582,0.0,297.3839435717588,279.8599584077017,499.5083117070661,277.33519151402675,1175.2,42.801225323349215,254.5827182484096,0.0511624356687561,0.1392085823763888,0.809628981954855,366,23.366120218579237,0.0729576503560013,0.1838450007198844,0.0507639231148348,,,,3359,0.0,0.8746650788925275,0.0,0.0,1.0,29981.344069262464,0.0,-5.747161312770279e-15,2.684297077785126e-13,0.0,0.0,0.0,0.0,,,0.0,450.0,66.62520904280548,0.0,0.0
batched_greedy@30s+aware,4,450,3359,2850,0.8484668055969038,0.1515331944030961,0.0765108663292646,0.0750223280738315,0.0,322.4284645933988,309.7395958827401,513.9150959538739,295.6631952077157,1140.0,50.399298245614034,272.0291663477848,0.0577143183658083,0.1408468651790983,0.8014388164550934,365,26.326027397260276,0.067187123348871,0.208175999505329,0.0498614958448753,,,,3359,0.0,0.8484668055969038,0.0,0.0,1.0,29311.565186195723,0.0,1.999180548202212e-15,2.662344418998449e-13,0.0,0.0,0.0,0.0,,,0.0,450.0,65.13681152487938,0.0,0.0
batched_greedy@30s+aware,5,450,3359,2904,0.864543018755582,0.135456981244418,0.0678773444477523,0.0675796367966656,0.0,316.56066716675053,299.78477648334865,517.6385413863582,292.6185288357421,1161.6,49.17940771349862,267.3812594532519,0.0528866373041723,0.141670323939089,0.8054430387567386,365,25.55068493150685,0.0749789040825929,0.1972240003669867,0.0505505505505505,,,,3359,0.0,0.864543018755582,0.0,0.0,1.0,29585.695302734373,0.0,-4.385533870550997e-15,2.6755977292934044e-13,0.0,0.0,0.0,0.0,,,0.0,450.0,65.74598956163194,0.0,0.0
batched_greedy@30s+aware,0,500,3359,3090,0.9199166418576956,0.0800833581423042,0.0244120273891039,0.0556713307532003,0.0,257.8770654437971,236.6863651045708,456.6794264604589,245.50716911924303,1236.0,28.788673139158576,229.0883923046385,0.1002722173215991,0.1251695694144596,0.7745582132639413,366,17.185792349726775,0.0886530054186386,0.1973699989321179,0.0516082573211713,,,,3359,0.0,0.9199166418576956,0.0,0.0,1.0,31690.3484877974,0.0,-2.933575712446433e-15,2.6357398823736577e-13,0.0,0.0,0.0,0.0,,,0.0,500.0,63.3806969755948,0.0,0.0
batched_greedy@30s+aware,1,500,3359,3086,0.9187258112533492,0.0812741887466508,0.0238166120869306,0.0574575766597201,0.0,253.5418408658764,231.63002073105872,452.5206942081384,241.4553298929734,1234.4,27.98055735580039,225.561283510076,0.1052057567550663,0.1233590709668617,0.771435172278072,362,17.37292817679558,0.0943848066355853,0.220806999986962,0.0546369518332135,,,,3359,0.0,0.9187258112533492,0.0,0.0,1.0,31496.789128744,0.0,-1.0024673537451412e-14,2.69504588588988e-13,0.0,0.0,0.0,0.0,,,0.0,500.0,62.993578257488,0.0,0.0
batched_greedy@30s+aware,2,500,3359,3098,0.9222983030663888,0.0777016969336111,0.020244120273891,0.0574575766597201,0.0,267.6137025100061,245.81666223443608,473.12217089848247,253.93821659974876,1239.2,30.321497740477728,237.2922047695284,0.093476919837599,0.1291788470354221,0.7773442331269788,364,17.445054945054945,0.0686068681086628,0.2022119993489468,0.0503114518447532,,,,3359,0.0,0.9222983030663888,0.0,0.0,1.0,31759.703447731517,0.0,2.0629076239355228e-15,2.674989560609209e-13,0.0,0.0,0.0,0.0,,,0.0,500.0,63.51940689546303,0.0,0.0
batched_greedy@30s+aware,3,500,3359,3093,0.9208097648109556,0.0791902351890443,0.0264959809467103,0.052694254242334,0.0,249.31669827073443,225.6561896517001,451.1158639229063,238.01279579813155,1237.2,26.742967992240544,222.5737302784939,0.1004831903773336,0.123703900605245,0.7758129090174213,361,17.013850415512465,0.0830714681363629,0.2106599997205192,0.0490101400289715,,,,3359,0.0,0.9208097648109556,0.0,0.0,1.0,31620.38001508442,0.0,-8.003369135293304e-15,2.6584274172035053e-13,0.0,0.0,0.0,0.0,,,0.0,500.0,63.24076003016884,0.0,0.0
batched_greedy@30s+aware,4,500,3359,3070,0.9139624888359632,0.0860375111640369,0.0270913962488835,0.0589461149151533,0.0,263.30068143095286,242.6202967725885,463.5700362981205,249.65237364347303,1228.0,30.24397394136808,233.0567074895848,0.0976190373306686,0.1251662948410395,0.7772146678282918,365,17.85753424657534,0.084228767146881,0.2223759995104046,0.0473887814313346,,,,3359,0.0,0.9139624888359632,0.0,0.0,1.0,31653.367191635472,0.0,6.237500563105765e-16,2.697169306573397e-13,0.0,0.0,0.0,0.0,,,0.0,500.0,63.30673438327095,0.0,0.0
batched_greedy@30s+aware,5,500,3359,3102,0.9234891336707354,0.0765108663292646,0.023518904435844,0.0529919618934206,0.0,258.24542039431464,231.88458917102523,464.5036290966354,246.102135337127,1240.8,28.986782720825275,229.25863767348932,0.0974158482203001,0.1256045801888481,0.7769795715908517,362,17.38950276243094,0.0824116022113481,0.2153279996491618,0.0470559845559845,,,,3359,0.0,0.9234891336707354,0.0,0.0,1.0,31699.850601448205,0.0,-2.3429929105113228e-15,2.697242100132724e-13,0.0,0.0,0.0,0.0,,,0.0,500.0,63.39970120289641,0.0,0.0
optimal@30s+aware,0,300,3359,2040,0.6073236082167311,0.3926763917832688,0.3569514736528729,0.0357249181303959,0.0,384.543342202231,361.2221822848815,587.5940350512162,338.9318828083145,816.0,129.99117647058824,254.5521657316428,0.0186453055707693,0.120777319354412,0.8605773750748186,377,62.771883289124666,0.1037297081529204,0.2043399993999628,0.0403899721448468,22.723727311291636,0.0004379136570377,0.2122015915119363,3359,0.0,0.6073236082167311,0.0,0.0,1.0,20796.310668100563,0.0,-4.926777939865989e-15,2.724513425324831e-13,0.0,0.0,0.0,0.0,,,0.0,300.0,69.3210355603352,0.0,0.0
optimal@30s+aware,1,300,3359,2052,0.6108961000297708,0.3891038999702292,0.3512950282822268,0.0378088716880023,0.0,385.6814387084335,361.1285402539156,590.5583017259792,334.7844805077211,820.8,124.7933723196881,260.88806638874536,0.0112955368080905,0.1262820249993406,0.8624224381925688,370,60.997297297297294,0.1111413513049105,0.2032209998651524,0.0502564102564102,25.621047024303724,0.0005103788513383,0.2324324324324324,3359,0.0,0.6108961000297708,0.0,0.0,1.0,21057.01736412928,0.0,4.6434591065024086e-15,2.635656475395507e-13,0.0,0.0,0.0,0.0,,,0.0,300.0,70.19005788043094,0.0,0.0
optimal@30s+aware,2,300,3359,2021,0.6016671628460851,0.3983328371539149,0.3679666567430783,0.0303661804108365,0.0,381.8192557215483,352.177024511996,584.5832566697154,334.10677194500266,808.4,126.85155863433944,254.9676970872088,0.0119642910535832,0.1187883057494769,0.8692474031969398,371,62.81940700808625,0.1179983827007844,0.1917699994010037,0.0450704225352112,24.811081719204736,0.0004781344104562,0.215633423180593,3359,0.0,0.6016671628460851,0.0,0.0,1.0,20936.26733067713,0.0,-4.06250436007321e-15,2.759672747619269e-13,0.0,0.0,0.0,0.0,,,0.0,300.0,69.78755776892378,0.0,0.0
optimal@30s+aware,3,300,3359,2028,0.6037511164036916,0.3962488835963084,0.3608216731169991,0.0354272104793093,0.0,379.03558824746216,357.6920136814533,582.892996482889,333.1732369125,811.2,123.61439842209072,255.42118982537144,0.017591384209823,0.1197148791847004,0.8626937366054764,371,61.69541778975741,0.1200967655083976,0.1917399991725688,0.0438260869565217,23.73400178299454,0.0004666979909708,0.2048517520215633,3359,0.0,0.6037511164036916,0.0,0.0,1.0,20897.571490344315,0.0,4.712425934898101e-16,2.716897493745024e-13,0.0,0.0,0.0,0.0,,,0.0,300.0,69.65857163448105,0.0,0.0
optimal@30s+aware,4,300,3359,2038,0.6067281929145579,0.393271807085442,0.3587377195593926,0.0345340875260494,0.0,382.7264362874988,356.4562904553577,589.6774071007909,332.74068616240686,815.2,130.5314033366045,252.19503295089424,0.0139847550142651,0.1179863938966773,0.8680288510890576,370,62.14054054054054,0.1239799999648066,0.2056469998206012,0.0490162236796686,18.59453274771308,0.0003632964636163,0.1864864864864865,3359,0.0,0.6067281929145579,0.0,0.0,1.0,21006.181326407288,0.0,7.121116475907776e-15,2.7190462290395773e-13,0.0,0.0,0.0,0.0,,,0.0,300.0,70.02060442135762,0.0,0.0
optimal@30s+aware,5,300,3359,2025,0.6028579934504317,0.3971420065495683,0.3596308425126526,0.0375111640369157,0.0,379.86387579588654,358.7700722869531,574.0069552249767,331.38206725755464,810.0,125.76641975308642,254.09745604280016,0.0212226936114044,0.1202310305968275,0.858546275791768,371,62.09703504043127,0.1157905660536955,0.2148100003978471,0.0561488115742335,25.850146119628157,0.0005052510568133,0.2129380053908355,3359,0.0,0.6028579934504317,0.0,0.0,1.0,20727.325677579087,0.0,-4.0658834324050175e-15,2.792371546609412e-13,0.0,0.0,0.0,0.0,,,0.0,300.0,69.0910855919303,0.0,0.0
optimal@30s+aware,0,350,3359,2314,0.6888955046144686,0.3111044953855314,0.2721047930931825,0.0389997022923489,0.0,372.8605617578262,352.2780360970455,563.102571381525,333.7127198894636,925.6,109.68539325842696,263.17516849939926,0.0240561751472691,0.1262026536060119,0.8497411712467189,369,53.18970189701897,0.1136615175813695,0.2001040003960951,0.0464396284829721,33.07650242312631,0.0007756351992268,0.2574525745257452,3359,0.0,0.6888955046144686,0.0,0.0,1.0,23890.20850011049,0.0,8.352101301933762e-16,2.715154520115956e-13,0.0,0.0,0.0,0.0,,,0.0,350.0,68.25773857174424,0.0,0.0
optimal@30s+aware,1,350,3359,2358,0.7019946412622804,0.2980053587377195,0.2482881810062518,0.0497171777314677,0.0,370.33448924093307,353.59396727381045,567.3681775161974,330.2863846570208,943.2,101.73070398642918,268.60378525450386,0.0236989279904367,0.1322963444288888,0.8440047275806745,369,49.924119241192415,0.1234262872803268,0.2008519999799318,0.0501350945661963,42.809225639487295,0.0010803504636075,0.3387533875338753,3359,0.0,0.7019946412622804,0.0,0.0,1.0,23993.396213338445,0.0,5.597256707694598e-16,2.6749990404825934e-13,0.0,0.0,0.0,0.0,,,0.0,350.0,68.55256060953842,0.0,0.0
optimal@30s+aware,2,350,3359,2358,0.7019946412622804,0.2980053587377195,0.246501935099732,0.0515034236379874,0.0,372.11149670559473,353.12959498975056,571.986050068771,331.73199590392545,943.2,102.04495335029686,270.0665433552979,0.0153957459876926,0.1332281554480331,0.8513760985642741,370,49.87027027027027,0.113292162190978,0.1959860003262292,0.0499700777977259,31.918766907678915,0.0008054877761239,0.2594594594594595,3359,0.0,0.7019946412622804,0.0,0.0,1.0,23942.242098492447,0.0,-1.438412107358286e-14,2.709328379401792e-13,0.0,0.0,0.0,0.0,,,0.0,350.0,68.40640599569271,0.0,0.0
optimal@30s+aware,3,350,3359,2364,0.7037808871688003,0.2962191128311998,0.2473950580529919,0.0488240547782078,0.0,365.6610779674157,345.0947596063361,553.9458377047703,327.6267644853337,945.6,96.6188663282572,269.0422116391585,0.0186982625420047,0.1330771296755199,0.8482246077824752,369,48.333333333333336,0.114063685618918,0.1902919994608964,0.0559523809523809,38.73688587531199,0.0010156365259108,0.3062330623306233,3359,0.0,0.7037808871688003,0.0,0.0,1.0,24048.15535564468,0.0,-3.8555359318793075e-15,2.7017831476490524e-13,0.0,0.0,0.0,0.0,,,0.0,350.0,68.70901530184196,0.0,0.0
optimal@30s+aware,4,350,3359,2357,0.7016969336111938,0.2983030663888062,0.2494790116105984,0.0488240547782078,0.0,369.4408456009572,346.6366522531762,570.492426660545,328.6540435105461,942.8,105.54094187526516,263.899903725692,0.0214268105850165,0.1293388661843651,0.8492343232306183,368,50.12228260869565,0.1113459239782652,0.1954330001899507,0.054958183990442,33.76768995950832,0.0008501345996402,0.2527173913043478,3359,0.0,0.7016969336111938,0.0,0.0,1.0,24063.23802121616,0.0,-3.10504462381376e-16,2.719597045560529e-13,0.0,0.0,0.0,0.0,,,0.0,350.0,68.75210863204619,0.0,0.0
optimal@30s+aware,5,350,3359,2337,0.6957427805894612,0.3042572194105388,0.2470973504019053,0.0571598690086335,0.0,367.4715834442824,349.68293746275776,558.3307261842001,325.9964702153761,934.8,101.60718870346598,265.86439474081646,0.0232044454820573,0.130126600475549,0.8466689540423936,369,49.53658536585366,0.1119409213815077,0.1906720001716166,0.0486632622409131,41.2359147112156,0.0010497910301961,0.2981029810298103,3359,0.0,0.6957427805894612,0.0,0.0,1.0,23949.76863176213,0.0,-1.7607747618616516e-14,2.705193079955968e-13,0.0,0.0,0.0,0.0,,,0.0,350.0,68.42791037646323,0.0,0.0
optimal@30s+aware,0,400,3359,2654,0.7901161059839238,0.2098838940160762,0.1589758856802619,0.0509080083358142,0.0,357.4213457545412,342.081904307257,541.5744923209836,328.27921766391336,1061.6,83.38884702336097,274.0324987311802,0.0311115502818508,0.1377587705546157,0.8311296791635334,366,40.60655737704918,0.1154281420040305,0.184684998839657,0.0537459283387622,62.14584910722729,0.0020268265892258,0.4016393442622951,3359,0.0,0.7901161059839238,0.0,0.0,1.0,27030.164544286243,0.0,-9.472787621715053e-15,2.6809401219992833e-13,0.0,0.0,0.0,0.0,,,0.0,400.0,67.5754113607156,0.0,0.0
optimal@30s+aware,1,400,3359,2637,0.785055075915451,0.2149449240845489,0.1449836260791902,0.0699612980053587,0.0,345.26949123257,328.4015757211687,531.8328679976927,313.1476766176355,1054.8,73.25445582100872,272.01503541156126,0.0384493956166882,0.1387158587820691,0.8228347456012427,367,37.4141689373297,0.1077613078673704,0.1759159994981015,0.0522066738428417,59.27085807930808,0.0021346519204158,0.3814713896457766,3359,0.0,0.785055075915451,0.0,0.0,1.0,27005.191443003125,0.0,2.996970640307817e-15,2.659611038965368e-13,0.0,0.0,0.0,0.0,,,0.0,400.0,67.51297860750782,0.0,0.0
optimal@30s+aware,2,400,3359,2645,0.7874367371241441,0.2125632628758559,0.1548079785650491,0.0577552843108067,0.0,359.2382454470093,346.4329301979751,547.586999478951,325.674315937369,1058.0,83.3069943289225,275.93125111808683,0.0275717427272449,0.1386391931702131,0.8337890641025419,367,39.73024523160763,0.1168381470537551,0.2023220013870736,0.0517895878524945,55.65963467611416,0.0018589065673852,0.3896457765667575,3359,0.0,0.7874367371241441,0.0,0.0,1.0,27073.412984734787,0.0,-4.26426380029183e-15,2.7080576806419004e-13,0.0,0.0,0.0,0.0,,,0.0,400.0,67.68353246183696,0.0,0.0
optimal@30s+aware,3,400,3359,2659,0.791604644239357,0.208395355760643,0.1506400714498362,0.0577552843108067,0.0,351.2951544551837,336.20012076971943,540.6049176806547,320.9508679068065,1063.6,76.14027830011283,275.15487615507084,0.0307598811245657,0.1399570396844147,0.8292830791910196,368,37.73641304347826,0.1095211957125803,0.1943660005599667,0.0500812127774769,48.0897949642137,0.0017121595387486,0.3369565217391304,3359,0.0,0.791604644239357,0.0,0.0,1.0,27061.553855967533,0.0,5.6069811782949616e-15,2.7474742217222415e-13,0.0,0.0,0.0,0.0,,,0.0,400.0,67.65388463991883,0.0,0.0
optimal@30s+aware,4,400,3359,2630,0.7829711223578446,0.2170288776421554,0.1571896397737421,0.0598392378684132,0.0,363.9917107701857,348.7942116437514,557.4291280126404,327.4410807164332,1052.0,85.25133079847909,278.7403799717066,0.0280860831436624,0.1401584922454574,0.83175542461088,369,39.52303523035231,0.1077826558275897,0.1792760007083415,0.0500680272108843,62.42199990513417,0.0020935970750143,0.4498644986449864,3359,0.0,0.7829711223578446,0.0,0.0,1.0,27197.591901484702,0.0,-4.601642261153577e-15,2.719183560193864e-13,0.0,0.0,0.0,0.0,,,0.0,400.0,67.99397975371176,0.0,0.0
optimal@30s+aware,5,400,3359,2636,0.7847573682643644,0.2152426317356356,0.1527240250074427,0.0625186067281929,0.0,353.0333893981377,337.9057947327133,541.3367042900568,319.4555682531043,1054.4,76.65288315629742,276.3805062418403,0.0322673034556421,0.1389626218153401,0.8287700747290178,367,37.76294277929156,0.1165694822395494,0.1881999997931413,0.0431458219552157,55.89038351234578,0.0019801692628784,0.3732970027247956,3359,0.0,0.7847573682643644,0.0,0.0,1.0,26892.8225081624,0.0,7.773245881062932e-15,2.681510383828939e-13,0.0,0.0,0.0,0.0,,,0.0,400.0,67.232056270406,0.0,0.0
optimal@30s+aware,0,450,3359,2859,0.8511461744566835,0.1488538255433164,0.0732360821673117,0.0756177433760047,0.0,326.0199615078872,313.9087497737128,517.5470812960572,301.1840044084,1143.6,53.96922000699545,272.0507415008918,0.0596205088560587,0.1397215448120424,0.8006579463318988,366,27.683060109289617,0.1188005464746062,0.171870000212948,0.0532766383191595,75.46819932711722,0.0040676260569548,0.4316939890710382,3359,0.0,0.8511461744566835,0.0,0.0,1.0,29236.04892203148,0.0,5.544979577904e-15,2.688148565040007e-13,0.0,0.0,0.0,0.0,,,0.0,450.0,64.9689976045144,0.0,0.0
optimal@30s+aware,1,450,3359,2900,0.8633521881512355,0.1366478118487645,0.0669842214944924,0.0696635903542721,0.0,310.25597540392425,297.60357765494405,507.8179113208571,288.5327390550658,1160.0,46.53758620689655,263.7183891970277,0.0566294247371836,0.140031585740846,0.8033389895219704,365,25.44931506849315,0.1127301370503766,0.2022400008718251,0.0549888031848718,74.12553393133832,0.0045215652772313,0.4520547945205479,3359,0.0,0.8633521881512355,0.0,0.0,1.0,29639.074248411973,0.0,-9.182233517596363e-15,2.678449033447609e-13,0.0,0.0,0.0,0.0,,,0.0,450.0,65.86460944091549,0.0,0.0
optimal@30s+aware,2,450,3359,2902,0.8639476034534087,0.1360523965465912,0.067281929145579,0.0687704674010122,0.0,323.2922682009893,309.9303452270799,517.5024935969718,299.1785840536753,1160.8,50.294624396967606,272.99764380402166,0.0478051695668088,0.144806507437752,0.8073883229954392,366,26.0,0.1173103825495956,0.2106799997818598,0.0444723618090452,85.00067300782075,0.0049748767170251,0.4808743169398907,3359,0.0,0.8639476034534087,0.0,0.0,1.0,29712.768508354,0.0,-7.326094704466541e-15,2.711750725953284e-13,0.0,0.0,0.0,0.0,,,0.0,450.0,66.02837446300889,0.0,0.0
optimal@30s+aware,3,450,3359,2921,0.8696040488240547,0.1303959511759452,0.0631140220303661,0.067281929145579,0.0,308.489161982412,297.11305038359933,506.523060937152,286.69966921921247,1168.4,46.372475179732966,262.11668680267894,0.0525173946928027,0.1414735884856553,0.8060090168215418,367,24.45231607629428,0.1165850135740095,0.1967379989218896,0.0427135678391959,72.16051683348057,0.0046406171676357,0.4495912806539509,3359,0.0,0.8696040488240547,0.0,0.0,1.0,29740.881420737285,0.0,-3.0944853739432305e-15,2.7215021289842573e-13,0.0,0.0,0.0,0.0,,,0.0,450.0,66.0908476016384,0.0,0.0
optimal@30s+aware,4,450,3359,2856,0.8502530515034237,0.1497469484965763,0.0720452515629651,0.0777016969336111,0.0,329.7015998552682,316.2845002584504,519.0523814543808,301.4255254953372,1142.4,51.79796918767507,277.9036306675931,0.052223419371678,0.1443603186061713,0.8034162620221507,368,26.168478260869566,0.1202578804247383,0.1881519994276458,0.0455919395465994,82.04640810353858,0.0047271400766574,0.4701086956521739,3359,0.0,0.8502530515034237,0.0,0.0,1.0,29370.28382874312,0.0,-1.02597668922713e-14,2.7189050886228454e-13,0.0,0.0,0.0,0.0,,,0.0,450.0,65.26729739720693,0.0,0.0
optimal@30s+aware,5,450,3359,2898,0.8627567728490623,0.1372432271509377,0.0681750520988389,0.0690681750520988,0.0,320.3304486377126,311.6202437840702,511.7604264360015,296.10259317390893,1159.2,48.36887508626639,271.96157355144624,0.052651348368229,0.1429001349783318,0.8044485166534391,366,25.494535519125684,0.1183846994297441,0.2344399997127769,0.0431491294473883,74.88360378703723,0.0045002501806192,0.4426229508196721,3359,0.0,0.8627567728490623,0.0,0.0,1.0,29578.887574136337,0.0,-4.5601127352374615e-15,2.68742623431342e-13,0.0,0.0,0.0,0.0,,,0.0,450.0,65.73086127585853,0.0,0.0
optimal@30s+aware,0,500,3359,3072,0.9145579041381364,0.0854420958618636,0.0208395355760643,0.0646025602857993,0.0,262.5023341183989,245.6804170818505,454.0400159317381,247.647426716575,1228.8,27.658854166666668,234.8434799517323,0.100518385587819,0.1274608665415864,0.7720207478705946,363,16.763085399449036,0.1152564738140301,0.1933459994688746,0.0432158377595364,79.34745630975546,0.0100238885250901,0.4517906336088154,3359,0.0,0.9145579041381364,0.0,0.0,1.0,31446.97950871646,0.0,-2.8114085133997455e-15,2.68665298341908e-13,0.0,0.0,0.0,0.0,,,0.0,500.0,62.89395901743293,0.0,0.0
optimal@30s+aware,1,500,3359,3084,0.918130395951176,0.081869604048824,0.023518904435844,0.05835069961298,0.0,255.374844980968,239.43589531581983,448.64237403503176,243.25853864214255,1233.6,27.22892347600519,228.1459215049628,0.1049749841313074,0.1248413882470383,0.7701836276216542,363,17.228650137741045,0.1186556473138489,0.1822959994024131,0.0539438983457204,81.9584029122658,0.0100227685558912,0.4628099173553719,3359,0.0,0.918130395951176,0.0,0.0,1.0,31568.126000797794,0.0,3.9167401128150785e-17,2.689786713004172e-13,0.0,0.0,0.0,0.0,,,0.0,500.0,63.1362520015956,0.0,0.0
optimal@30s+aware,2,500,3359,3094,0.9211074724620424,0.0788925275379577,0.0223280738314974,0.0565644537064602,0.0,269.80418664788266,251.5500090160176,463.637103743325,256.0925667059757,1237.6,29.37330316742081,240.43088348046183,0.0915331782671455,0.130613517850657,0.7778533038821974,363,17.34710743801653,0.1008831956370502,0.1868000000104074,0.0487980769230769,81.1398545011781,0.0095603387229194,0.4738292011019284,3359,0.0,0.9211074724620424,0.0,0.0,1.0,31822.35819387504,0.0,-1.5688090057082042e-16,2.706786888287048e-13,0.0,0.0,0.0,0.0,,,0.0,500.0,63.64471638775008,0.0,0.0
optimal@30s+aware,3,500,3359,3121,0.9291455790413814,0.0708544209586186,0.0217326585293242,0.0491217624292944,0.0,252.62596434695308,233.46553355234028,446.222555702695,241.931991057652,1248.4,26.093239346363344,226.5327250005897,0.0945335757534358,0.1268129954951641,0.7786534287514,362,16.400552486187845,0.0938386740308889,0.1915389996429439,0.049963968292097,69.68264164857543,0.0094280844656408,0.4558011049723757,3359,0.0,0.9291455790413814,0.0,0.0,1.0,31873.08293490135,0.0,4.6460752579379184e-15,2.677028380736017e-13,0.0,0.0,0.0,0.0,,,0.0,500.0,63.7461658698027,0.0,0.0
optimal@30s+aware,4,500,3359,3068,0.9133670735337898,0.0866329264662101,0.0223280738314974,0.0643048526347127,0.0,269.0864107984441,255.1730624472052,456.2383600176965,253.5771909691111,1227.2,27.91232073011734,241.1740900683268,0.0923543176909967,0.129852022591944,0.7777936597170592,364,16.876373626373628,0.1018478021730945,0.1908180010286742,0.0497237569060773,87.1419861439737,0.0107737459789631,0.4807692307692308,3359,0.0,0.9133670735337898,0.0,0.0,1.0,31641.35648241416,0.0,-8.984845317409742e-15,2.663128301108283e-13,0.0,0.0,0.0,0.0,,,0.0,500.0,63.28271296482831,0.0,0.0
optimal@30s+aware,5,500,3359,3103,0.923786841321822,0.076213158678178,0.0187555820184578,0.0574575766597201,0.0,263.55704887531067,243.5594071218584,461.28712919068425,250.17386617988788,1241.2,26.128585240090235,237.4284636352204,0.0883940417124106,0.1310773855756615,0.7805285727119278,362,16.328729281767956,0.1086665745672624,0.2131080000253857,0.0471040615236721,59.45699562842848,0.0079211034904431,0.4502762430939226,3359,0.0,0.923786841321822,0.0,0.0,1.0,31922.261108448824,0.0,-9.804596709122814e-15,2.682762523607789e-13,0.0,0.0,0.0,0.0,,,0.0,500.0,63.84452221689765,0.0,0.0
