arm,seed,drivers.num_drivers,requests,completed,completion_rate,cancel_rate,cancel_no_match_rate,cancel_eta_rate,cancel_late_rate,wait_mean_s,wait_p50_s,wait_p90_s,wait_all_mean_s,completed_per_hour,time_to_match_mean_s,pickup_mean_s,driver_idle_frac,driver_enroute_frac,driver_ontrip_frac,batches,batch_riders_mean,solve_ms_mean,solve_ms_p99,decline_rate,shadow_gap_s_per_batch,shadow_gap_frac,shadow_worse_batches_frac,app_opens,priced_out_rate,served_rate,retried_rate,surged_trip_frac,mean_multiplier_paid,revenue_per_hour,surge_revenue_per_hour,eta_error_mean_s,eta_abs_error_mean_s,eta_late_2min_frac,moves_per_driver_hour,chase_moves_per_hour,reposition_km_per_hour,moves_dispatched_frac,move_planned_mean_s,driver_reposition_frac,drivers_online_mean,earnings_per_online_hour,reserve_logons,reserve_logoffs
immediate_greedy,0,300,2748,1777,0.6466521106259098,0.3533478893740902,0.0043668122270742,0.348981077147016,0.0,411.1205961683372,383.7296829621373,681.4420821744322,272.37545647083635,710.8,7.618760885402779,403.5018352829344,0.0200693576641753,0.2162854592348297,0.7636451831009948,3042,4.173570019723866,0.0470220578626918,0.1332799992997027,0.0497829232995658,,,,2748,0.0,0.6466521106259098,0.0,0.0,1.0,18253.9510797381,0.0,-2.7530032277480528e-15,2.778374041807692e-13,0.0,0.0,0.0,0.0,,,0.0,300.0,60.846503599127,0.0,0.0
immediate_greedy,1,300,2748,1806,0.6572052401746725,0.3427947598253275,0.0043668122270742,0.3384279475982533,0.0,393.0906545807546,366.6639258820885,667.1702365463702,263.9701151607534,722.4,5.867628546782613,387.223026033972,0.0199573824716427,0.2119481238392298,0.7680944936891273,3060,3.679411764705882,0.0444273856237189,0.1319410005817189,0.0472737819025522,,,,2748,0.0,0.6572052401746725,0.0,0.0,1.0,18496.91029159614,0.0,6.090366306515144e-15,2.769542931400692e-13,0.0,0.0,0.0,0.0,,,0.0,300.0,61.656367638653805,0.0,0.0
immediate_greedy,2,300,2748,1765,0.6422852983988355,0.3577147016011645,0.0076419213973799,0.3500727802037846,0.0,416.0342166012516,385.27751952336985,707.3393141197462,274.5252460497396,706.0,9.695445659702628,406.3387709415489,0.0202382401390546,0.2181438670001617,0.7616178928607836,3067,4.885881969351157,0.0504848712110996,0.1486780012055535,0.0479930191972076,,,,2748,0.0,0.6422852983988355,0.0,0.0,1.0,18031.33180750138,0.0,-4.589341182813112e-15,2.772284133449492e-13,0.0,0.0,0.0,0.0,,,0.0,300.0,60.104439358337935,0.0,0.0
immediate_greedy,3,300,2748,1785,0.6495633187772926,0.3504366812227074,0.0069141193595342,0.3435225618631732,0.0,411.52489527322064,383.2042756690835,697.762671961383,274.5413017059809,714.0,8.428544642047783,403.09635063117287,0.0174663311493717,0.2183385513562559,0.7641951174943723,3116,4.5099486521181005,0.0517842426279516,0.1423700002305849,0.0421545667447306,,,,2748,0.0,0.6495633187772926,0.0,0.0,1.0,18142.45251583389,0.0,-3.260137258193401e-15,2.84778363355817e-13,0.0,0.0,0.0,0.0,,,0.0,300.0,60.47484171944632,0.0,0.0
immediate_greedy,4,300,2748,1783,0.6488355167394468,0.3511644832605531,0.0054585152838427,0.3457059679767103,0.0,404.3141814904943,375.0057214245153,684.5179614002951,268.2979394976828,713.2,8.284103479147609,396.0300780113467,0.0220356031197262,0.2142133727925312,0.7637510240877425,3048,4.1371391076115485,0.0474449803169206,0.1698179996674299,0.0392271662763466,,,,2748,0.0,0.6488355167394468,0.0,0.0,1.0,18039.781910553396,0.0,-3.1283008837446926e-16,2.772929888447963e-13,0.0,0.0,0.0,0.0,,,0.0,300.0,60.13260636851131,0.0,0.0
immediate_greedy,5,300,2748,1774,0.6455604075691412,0.3544395924308588,0.0043668122270742,0.3500727802037846,0.0,400.0429889871223,370.96116759953566,673.798271874032,265.38071412075,709.6,8.532276844953458,391.5107121421688,0.0177537018845104,0.2127556982335638,0.7694905998819257,3078,4.462962962962963,0.0472775828529138,0.1272460003747255,0.0470246734397677,,,,2748,0.0,0.6455604075691412,0.0,0.0,1.0,18243.44071017977,0.0,1.4861718269660945e-14,2.772498502856935e-13,0.0,0.0,0.0,0.0,,,0.0,300.0,60.81146903393257,0.0,0.0
immediate_greedy,0,350,2748,2085,0.7587336244541485,0.2412663755458515,0.0014556040756914,0.2398107714701601,0.0,338.04170405978107,312.43664301490026,582.2252758465908,258.23054945482284,834.0,2.403882666473434,335.6378213933076,0.049453066564101,0.1850413464353157,0.7655055870005831,3150,2.033015873015873,0.0344014920460361,0.0837549992502316,0.0515404549380938,,,,2748,0.0,0.7587336244541485,0.0,0.0,1.0,21261.42429021757,0.0,1.5020225936991086e-15,2.7809909983702177e-13,0.0,0.0,0.0,0.0,,,0.0,350.0,60.74692654347877,0.0,0.0
immediate_greedy,1,350,2748,2139,0.7783842794759825,0.2216157205240174,0.0007278020378457,0.2208879184861717,0.0,321.3278697910358,293.30642716644115,559.8634401252002,251.7373672720569,855.6,1.217363486298438,320.1105063047374,0.0488296085918884,0.1817403642176706,0.769430027190441,3127,1.9334825711544608,0.0314637032456396,0.0798479995864908,0.049062049062049,,,,2748,0.0,0.7783842794759825,0.0,0.0,1.0,21556.556761331696,0.0,2.9481378120013513e-16,2.7273596606434473e-13,0.0,0.0,0.0,0.0,,,0.0,350.0,61.59016217523342,0.0,0.0
immediate_greedy,2,350,2748,2119,0.7711062590975255,0.2288937409024745,0.0025473071324599,0.2263464337700145,0.0,327.82259998097675,299.9234549189496,563.0071365441614,254.6299408135866,847.6,1.2293509346790203,326.5932490462977,0.0450854511661885,0.1843482276344885,0.7705663211993229,3124,2.0774647887323945,0.0467917093438175,0.1098630009255429,0.0532527345998848,,,,2748,0.0,0.7711062590975255,0.0,0.0,1.0,21489.01815234513,0.0,-5.987973998978758e-15,2.766229382832157e-13,0.0,0.0,0.0,0.0,,,0.0,350.0,61.39719472098609,0.0,0.0
immediate_greedy,3,350,2748,2113,0.7689228529839883,0.2310771470160116,0.0007278020378457,0.2303493449781659,0.0,343.2258095209368,315.6663940175449,596.6051295619191,265.51642338852105,845.2,1.981606546072092,341.24420297486466,0.0457461989499692,0.1893055980612101,0.7649482029888205,3089,2.0297831013272902,0.0439689867162429,0.1046479996875859,0.0479630164692285,,,,2748,0.0,0.7689228529839883,0.0,0.0,1.0,21293.290771189982,0.0,3.4602388788317232e-15,2.8186991574483253e-13,0.0,0.0,0.0,0.0,,,0.0,350.0,60.83797363197138,0.0,0.0
immediate_greedy,4,350,2748,2102,0.764919941775837,0.235080058224163,0.0007278020378457,0.2343522561863173,0.0,326.2885056333945,303.26623857170125,568.4481635557415,250.7752412685589,840.8,1.2301701915820262,325.0583354418125,0.0506139151901713,0.1811143323728852,0.7682717524369433,3040,1.793092105263158,0.0429228289566421,0.1023999993776669,0.0507058484586574,,,,2748,0.0,0.764919941775837,0.0,0.0,1.0,21460.46127908828,0.0,1.089307310174559e-15,2.7073047261042043e-13,0.0,0.0,0.0,0.0,,,0.0,350.0,61.31560365453795,0.0,0.0
immediate_greedy,5,350,2748,2115,0.769650655021834,0.2303493449781659,0.0018195050946142,0.2285298398835516,0.0,329.5292532846163,305.7193854063944,569.3888754510341,255.35060294457716,846.0,1.451740802642565,328.07751248197377,0.0432601548664902,0.1847556477721805,0.7719841973613292,3105,2.003220611916264,0.0443453139961706,0.0981920001504477,0.045546852335364,,,,2748,0.0,0.769650655021834,0.0,0.0,1.0,21520.449628061364,0.0,1.879662698145513e-15,2.7644143869214054e-13,0.0,0.0,0.0,0.0,,,0.0,350.0,61.48699893731818,0.0,0.0
immediate_greedy,0,400,2748,2373,0.8635371179039302,0.1364628820960698,0.0003639010189228,0.136098981077147,0.0,263.33828265993014,235.9721162857468,466.0992159700534,227.6119799517195,949.2,0.6189463003254293,262.7193363596047,0.0958082344122166,0.1475183900047821,0.7566733755830013,3065,1.3464926590538335,0.0405201631310981,0.0785079998604488,0.0493079584775086,,,,2748,0.0,0.8635371179039302,0.0,0.0,1.0,24117.937835574565,0.0,-1.8779378015185034e-14,2.7339202213608097e-13,0.0,0.0,0.0,0.0,,,0.0,400.0,60.29484458893641,0.0,0.0
immediate_greedy,1,400,2748,2419,0.8802765647743813,0.1197234352256186,0.0003639010189228,0.1193595342066957,0.0,259.14916565397635,237.42917301760644,453.9934157815941,228.46230804844188,967.6,0.3858033351511677,258.7633623188252,0.0872816009715256,0.1485325861674837,0.7641858128609906,3055,1.4324058919803602,0.0400750900248098,0.082592000508157,0.0582857142857142,,,,2748,0.0,0.8802765647743813,0.0,0.0,1.0,24484.748674687184,0.0,-4.322296964328183e-15,2.7282755541230884e-13,0.0,0.0,0.0,0.0,,,0.0,400.0,61.21187168671796,0.0,0.0
immediate_greedy,2,400,2748,2425,0.8824599708879185,0.1175400291120815,0.0010917030567685,0.1164483260553129,0.0,265.724417225005,244.40864812344444,467.05931922033295,235.07692492341704,970.0,0.3628785304246167,265.3615386945804,0.0832354600786153,0.1531773959542115,0.7635871439671731,3091,1.4458104173406665,0.0399668715715635,0.0754099994082935,0.0515404549380938,,,,2748,0.0,0.8824599708879185,0.0,0.0,1.0,24474.227286643705,0.0,-1.3886349115262082e-14,2.723100095929263e-13,0.0,0.0,0.0,0.0,,,0.0,400.0,61.18556821660926,0.0,0.0
immediate_greedy,3,400,2748,2393,0.8708151382823872,0.1291848617176128,0.0007278020378457,0.1284570596797671,0.0,271.19928326727035,242.891823719654,475.6711708769338,236.6642833450817,957.2,1.088633483333738,270.11064978393665,0.0901933470440621,0.1526471749024912,0.7571594780534465,3115,1.567255216693419,0.0403330016237112,0.0848299991412205,0.0471370734528629,,,,2748,0.0,0.8708151382823872,0.0,0.0,1.0,24292.12108396095,0.0,-1.0025318551826194e-14,2.6762378356039884e-13,0.0,0.0,0.0,0.0,,,0.0,400.0,60.73030270990237,0.0,0.0
immediate_greedy,4,400,2748,2394,0.87117903930131,0.1288209606986899,0.0003639010189228,0.1284570596797671,0.0,263.9681776891172,243.15435343356648,459.28066667515634,230.48569267505616,957.6,0.4759748038785618,263.49220288523867,0.0914628306710583,0.1500963069281122,0.7584408624008294,3076,1.4440832249674902,0.0385789336711673,0.0767000001360429,0.0563985113083309,,,,2748,0.0,0.87117903930131,0.0,0.0,1.0,24300.28619700282,0.0,-1.0955313515173351e-14,2.746968159298025e-13,0.0,0.0,0.0,0.0,,,0.0,400.0,60.75071549250705,0.0,0.0
immediate_greedy,5,400,2748,2385,0.8679039301310044,0.1320960698689956,0.0010917030567685,0.131004366812227,0.0,266.0432186979553,245.77370680178137,459.0427612970459,231.5028083774144,954.0,0.5265412074609667,265.51667749049443,0.0889248689966552,0.1501579310000273,0.7609172000033174,3078,1.4834307992202729,0.039556042878364,0.078291999107023,0.0421634195987205,,,,2748,0.0,0.8679039301310044,0.0,0.0,1.0,24189.37055459871,0.0,-4.2464983311700316e-15,2.7193788800099094e-13,0.0,0.0,0.0,0.0,,,0.0,400.0,60.47342638649678,0.0,0.0
immediate_greedy,0,450,2748,2575,0.9370451237263464,0.0629548762736535,0.0003639010189228,0.0625909752547307,0.0,207.60791983546227,186.2221535777808,377.4868058050248,194.69397336221112,1030.0,0.4918561832211971,207.1160636522411,0.1597399521076875,0.1158370271035228,0.7244230207887895,3053,1.3363904356370784,0.0392938421297465,0.0750440003321273,0.0487593768032313,,,,2748,0.0,0.9370451237263464,0.0,0.0,1.0,25999.93940455473,0.0,-1.8111941288719835e-15,2.686496548413893e-13,0.0,0.0,0.0,0.0,,,0.0,450.0,57.77764312123273,0.0,0.0
immediate_greedy,1,450,2748,2557,0.9304949053857352,0.0695050946142649,0.0003639010189228,0.069141193595342,0.0,205.92987642687507,181.25979252700108,381.01464411821416,191.8173177925354,1022.8,0.2357864416547226,205.6940899852204,0.1659934503965777,0.1148265267954055,0.7191800228080166,3029,1.306701881809178,0.0392740838385869,0.0723319993267067,0.0547748781187267,,,,2748,0.0,0.9304949053857352,0.0,0.0,1.0,25871.07180071358,0.0,-1.0211967716063291e-14,2.680056671960876e-13,0.0,0.0,0.0,0.0,,,0.0,450.0,57.4912706682524,0.0,0.0
immediate_greedy,2,450,2748,2556,0.9301310043668122,0.0698689956331877,0.0007278020378457,0.069141193595342,0.0,212.10767207544708,186.0850669727088,397.23394641472487,197.5910963298211,1022.4,0.2846621056828162,211.82300996976423,0.1660519895105625,0.1183185859096128,0.7156294245798246,3081,1.3437195715676729,0.0401670561588864,0.0782400005846283,0.0487875288683602,,,,2748,0.0,0.9301310043668122,0.0,0.0,1.0,25669.225485744148,0.0,-1.4375911346406057e-14,2.632993805596393e-13,0.0,0.0,0.0,0.0,,,0.0,450.0,57.04272330165366,0.0,0.0
immediate_greedy,3,450,2748,2557,0.9304949053857352,0.0695050946142649,0.0003639010189228,0.069141193595342,0.0,224.2624347580976,198.6591306110513,411.6414947444137,208.85760766170725,1022.8,0.4225528580304628,223.8398819000671,0.1545437406189261,0.1242205532000365,0.7212357061810373,3044,1.3380420499342969,0.0394664257567285,0.0722139995014004,0.0531456478023556,,,,2748,0.0,0.9304949053857352,0.0,0.0,1.0,25948.27116800582,0.0,6.312423316859748e-15,2.6847823924927573e-13,0.0,0.0,0.0,0.0,,,0.0,450.0,57.66282481779072,0.0,0.0
immediate_greedy,4,450,2748,2544,0.925764192139738,0.074235807860262,0.0003639010189228,0.0738719068413391,0.0,202.84688328404184,178.989084621026,370.0976819230076,188.029904217113,1017.6,0.2480308763043534,202.5988524077375,0.1712897100235191,0.1133312042508679,0.7153790857256129,3045,1.3323481116584566,0.0404349096904681,0.0774239991733338,0.0536893482629916,,,,2748,0.0,0.925764192139738,0.0,0.0,1.0,25763.07203246198,0.0,1.2655844227252178e-15,2.6366574891266906e-13,0.0,0.0,0.0,0.0,,,0.0,450.0,57.25127118324884,0.0,0.0
immediate_greedy,5,450,2748,2575,0.9370451237263464,0.0629548762736535,0.0003639010189228,0.0625909752547307,0.0,207.7331675038423,185.15136466435345,380.22134854744655,194.83805022735652,1030.0,0.1443319986881525,207.58883550515412,0.1549870792826535,0.1159794727037718,0.7290334480135746,2989,1.2525928404148543,0.0382176982285821,0.0727000006008893,0.0462962962962962,,,,2748,0.0,0.9370451237263464,0.0,0.0,1.0,26116.877279700635,0.0,-5.507396049457049e-15,2.656557174887691e-13,0.0,0.0,0.0,0.0,,,0.0,450.0,58.037505066001415,0.0,0.0
immediate_greedy,0,500,2748,2636,0.9592430858806404,0.0407569141193595,0.0,0.0407569141193595,0.0,177.61814142053427,157.40823659536363,340.4925841931308,170.40501233172586,1054.4,0.1116864339806038,177.50645498655368,0.2379930712889928,0.093495680550291,0.6685112481607162,2897,1.2074559889540903,0.0396382119554417,0.0759240012121153,0.0465452442902573,,,,2748,0.0,0.9592430858806404,0.0,0.0,1.0,26658.96188568511,0.0,-3.005183355578686e-15,2.659848399533597e-13,0.0,0.0,0.0,0.0,,,0.0,500.0,53.31792377137021,0.0,0.0
immediate_greedy,1,500,2748,2629,0.9566957787481803,0.0433042212518195,0.0003639010189228,0.0429403202328966,0.0,175.76970322107562,152.24849002077465,339.59913448988925,168.343562212398,1051.6,0.1164338979644014,175.6532693231112,0.2369978155693374,0.0929975207873106,0.670004663643352,2996,1.27803738317757,0.0413544058715045,0.0800999988314288,0.0520563704342824,,,,2748,0.0,0.9566957787481803,0.0,0.0,1.0,26739.39760435319,0.0,1.7136877268653045e-15,2.652381505335176e-13,0.0,0.0,0.0,0.0,,,0.0,500.0,53.47879520870638,0.0,0.0
immediate_greedy,2,500,2748,2621,0.9537845705967976,0.0462154294032023,0.0003639010189228,0.0458515283842794,0.0,190.11489594306093,163.88075161064808,366.8388476301207,181.58488425776608,1048.4,0.2303698775487157,189.88452606551223,0.2375478452417425,0.0994830624568355,0.6629690923014219,3042,1.3307034845496384,0.0425547665871053,0.0795899996592199,0.0509645839331989,,,,2748,0.0,0.9537845705967976,0.0,0.0,1.0,26474.315490927605,0.0,-7.544941821680003e-16,2.65647523479188e-13,0.0,0.0,0.0,0.0,,,0.0,500.0,52.94863098185521,0.0,0.0
immediate_greedy,3,500,2748,2638,0.9599708879184862,0.0400291120815138,0.0003639010189228,0.0396652110625909,0.0,180.5955066266212,159.02535966546884,337.76694176313407,173.4558966829606,1055.2,0.1981073609700573,180.39739926565116,0.2359476320494652,0.0948343798977362,0.6692179880527984,2973,1.2674066599394551,0.0405144634957592,0.0760680010716897,0.0462962962962962,,,,2748,0.0,0.9599708879184862,0.0,0.0,1.0,26765.39445514757,0.0,-3.784353842846629e-15,2.638327598679808e-13,0.0,0.0,0.0,0.0,,,0.0,500.0,53.530788910295136,0.0,0.0
immediate_greedy,4,500,2748,2617,0.9523289665211062,0.0476710334788937,0.0,0.0476710334788937,0.0,183.0521506244548,159.0698087798155,347.0065191812144,174.48440026467765,1046.8,0.1909587156169666,182.86119190883787,0.2442722663639995,0.0955379411045196,0.6601897925314808,3000,1.2526666666666666,0.0414651999750882,0.0774140000066833,0.054743479507022,,,,2748,0.0,0.9523289665211062,0.0,0.0,1.0,26439.7244025,0.0,-1.1078642779622158e-14,2.639634360875921e-13,0.0,0.0,0.0,0.0,,,0.0,500.0,52.879448805,0.0,0.0
immediate_greedy,5,500,2748,2645,0.9625181950509462,0.0374818049490538,0.0,0.0374818049490538,0.0,171.56438079242292,146.86635106590802,329.97157997887405,165.16252689766736,1058.0,0.1237907423025983,171.4405900501203,0.2347295512344397,0.0910763162157286,0.6741941325498317,2907,1.204334365325077,0.0403199174420292,0.0725639997835969,0.0517538815411155,,,,2748,0.0,0.9625181950509462,0.0,0.0,1.0,26859.694857961244,0.0,3.147073024359007e-15,2.613138439093079e-13,0.0,0.0,0.0,0.0,,,0.0,500.0,53.71938971592248,0.0,0.0
batched_greedy@10s,0,300,2748,1813,0.6597525473071325,0.3402474526928675,0.0713245997088791,0.2689228529839884,0.0,414.1552152904601,387.3704325701001,676.1266623066336,301.0145957324383,725.2,42.61334804191947,371.5418672485406,0.0231450821877132,0.1911126833885212,0.7857422344237656,1076,16.32527881040892,0.0599320632213455,0.1392749986734998,0.0464615384615384,,,,2748,0.0,0.6597525473071325,0.0,0.0,1.0,18717.75680803048,0.0,4.614804585535124e-15,2.7578503310168014e-13,0.0,0.0,0.0,0.0,,,0.0,300.0,62.39252269343493,0.0,0.0
batched_greedy@10s,1,300,2748,1831,0.6663027656477438,0.3336972343522562,0.0356622998544395,0.2980349344978166,0.0,394.5894097685258,364.14751848449305,653.1631953315036,280.28158581326693,732.4,26.092845439650464,368.49656432887537,0.018100128810549,0.1968593166325412,0.7850405545569097,1073,11.146318732525629,0.0589251630942092,0.1390639995224773,0.0527720130447672,,,,2748,0.0,0.6663027656477438,0.0,0.0,1.0,18772.48060047781,0.0,6.4030339377616895e-15,2.817024482484828e-13,0.0,0.0,0.0,0.0,,,0.0,300.0,62.574935334926046,0.0,0.0
batched_greedy@10s,2,300,2748,1856,0.6754002911208151,0.3245997088791849,0.0538573508005822,0.2707423580786026,0.0,403.3158617189575,378.8256187347265,650.8074778783946,294.12765050733714,742.4,34.37230603448276,368.9435556844747,0.0189303860029796,0.1993509359398198,0.7817186780572005,1073,14.299161230195711,0.0592048462277393,0.1301519994740374,0.044762484774665,,,,2748,0.0,0.6754002911208151,0.0,0.0,1.0,18590.647724016024,0.0,1.3352346048746172e-14,2.730373398638277e-13,0.0,0.0,0.0,0.0,,,0.0,300.0,61.96882574672007,0.0,0.0
batched_greedy@10s,3,300,2748,1839,0.6692139737991266,0.3307860262008734,0.0705967976710334,0.2601892285298399,0.0,421.3786467369745,395.6226608087127,684.8880283574598,308.95741673211825,735.6,43.25448613376835,378.1241606032061,0.0160006365408528,0.1973992669462825,0.7866000965128646,1075,16.452093023255813,0.0592733953360652,0.1409220008281408,0.0444444444444444,,,,2748,0.0,0.6692139737991266,0.0,0.0,1.0,18703.774559194328,0.0,3.2127041043204093e-15,2.725080145828819e-13,0.0,0.0,0.0,0.0,,,0.0,300.0,62.345915197314426,0.0,0.0
batched_greedy@10s,4,300,2748,1836,0.6681222707423581,0.3318777292576419,0.071688500727802,0.2601892285298399,0.0,404.1327701946868,379.6148644490256,655.1992689570075,298.81594812610945,734.4,42.33660130718954,361.7961688874972,0.0205598337665945,0.1893604463465288,0.7900797198868768,1076,16.644981412639407,0.0609234200806239,0.1432500012015225,0.0496780128794848,,,,2748,0.0,0.6681222707423581,0.0,0.0,1.0,18723.14474398418,0.0,-7.488563146491252e-15,2.731719474202747e-13,0.0,0.0,0.0,0.0,,,0.0,300.0,62.41048247994727,0.0,0.0
batched_greedy@10s,5,300,2748,1862,0.6775836972343523,0.3224163027656477,0.0647743813682678,0.2576419213973799,0.0,399.4634767902581,372.92027000887583,657.8161455786171,295.03242380575654,744.8,36.035445757250265,363.4280310330078,0.0206480741719192,0.1950443490336681,0.7843075767944125,1066,14.636960600375234,0.0622291744707112,0.1434150002751263,0.0450367647058823,,,,2748,0.0,0.6775836972343523,0.0,0.0,1.0,18717.32420376994,0.0,-9.978889656351568e-16,2.746713228029451e-13,0.0,0.0,0.0,0.0,,,0.0,300.0,62.39108067923313,0.0,0.0
batched_greedy@10s,0,350,2748,2125,0.7732896652110626,0.2267103347889374,0.0025473071324599,0.2241630276564774,0.0,332.1379681158009,302.05564562163454,568.0633060952653,260.4696214808623,850.0,8.993882352941176,323.14408576285973,0.0512034779420866,0.1793696935274997,0.7694268285304137,1053,4.735992402659069,0.0645659069290566,0.1526360002753791,0.0540385168151767,,,,2748,0.0,0.7732896652110626,0.0,0.0,1.0,21487.866684948214,0.0,2.643218977027573e-15,2.743881984369021e-13,0.0,0.0,0.0,0.0,,,0.0,350.0,61.39390481413776,0.0,0.0
batched_greedy@10s,1,350,2748,2121,0.7718340611353712,0.2281659388646288,0.0050946142649199,0.2230713245997088,0.0,325.32814534464706,301.6476907720489,559.9513134476911,255.82701720945423,848.4,8.465346534653465,316.8627988099936,0.0513192824682093,0.1756686130929572,0.7730121044388335,1052,5.0361216730038025,0.0642812737750121,0.1472620001914038,0.0508964719491035,,,,2748,0.0,0.7718340611353712,0.0,0.0,1.0,21742.01036889757,0.0,-7.821916408099311e-15,2.805056726473677e-13,0.0,0.0,0.0,0.0,,,0.0,350.0,62.12002962542164,0.0,0.0
batched_greedy@10s,2,350,2748,2160,0.7860262008733624,0.2139737991266375,0.0014556040756914,0.2125181950509461,0.0,324.10534123848805,296.7624728017304,548.845086727962,258.69058287958245,864.0,7.368981481481481,316.7363597570066,0.046657996203036,0.1806502417872684,0.7726917620096955,1055,4.707109004739337,0.0637642653807677,0.139830000771326,0.053735632183908,,,,2748,0.0,0.7860262008733624,0.0,0.0,1.0,21661.393997349584,0.0,-1.3680826019371695e-14,2.726514487434357e-13,0.0,0.0,0.0,0.0,,,0.0,350.0,61.88969713528453,0.0,0.0
batched_greedy@10s,3,350,2748,2121,0.7718340611353712,0.2281659388646288,0.0032751091703056,0.2248908296943231,0.0,339.0969890026174,313.34137665877006,583.759045702579,265.0495498972256,848.4,7.5134370579915135,331.5835519446259,0.0447918497014245,0.1855937783218249,0.7696143719767504,1052,4.431558935361217,0.0639705323553205,0.1534469997386622,0.0480602200347423,,,,2748,0.0,0.7718340611353712,0.0,0.0,1.0,21407.0559326991,0.0,5.3608958646869405e-15,2.712197903009036e-13,0.0,0.0,0.0,0.0,,,0.0,350.0,61.16301695056885,0.0,0.0
batched_greedy@10s,4,350,2748,2120,0.7714701601164483,0.2285298398835516,0.0014556040756914,0.2270742358078602,0.0,330.5824471679805,305.5945669954681,554.5943266316579,257.9829127571268,848.0,7.286792452830189,323.2956547151503,0.0421353207540306,0.1811986040133358,0.7766660752326334,1045,4.303349282296651,0.0627178947431393,0.1409479996073059,0.0490903840600635,,,,2748,0.0,0.7714701601164483,0.0,0.0,1.0,21633.67806316347,0.0,-3.59544679144645e-15,2.770689338337932e-13,0.0,0.0,0.0,0.0,,,0.0,350.00000000000006,61.81050875189562,0.0,0.0
batched_greedy@10s,5,350,2748,2135,0.7769286754002911,0.2230713245997088,0.004730713245997,0.2183406113537118,0.0,333.671940927226,306.4766906351656,568.148455161569,263.32071398322245,854.0,8.75831381733021,324.9136271098958,0.0415147346820921,0.1821618990183363,0.7763233662995717,1047,4.94937917860554,0.0638408786846964,0.1482560006843413,0.0431486880466472,,,,2748,0.0,0.7769286754002911,0.0,0.0,1.0,21722.378867889794,0.0,-9.03986747544905e-16,2.795790141161072e-13,0.0,0.0,0.0,0.0,,,0.0,349.99999999999994,62.06393962254228,0.0,0.0
batched_greedy@10s,0,400,2748,2389,0.8693595342066958,0.1306404657933042,0.0007278020378457,0.1299126637554585,0.0,268.403244544486,242.83739831870295,471.274701689186,234.6684040368259,955.6,6.417748011720385,261.9854965327656,0.0923292098733297,0.1475723097031616,0.7600984804235086,1043,3.8187919463087248,0.074326174515151,0.1643160004823584,0.0520563704342824,,,,2748,0.0,0.8693595342066958,0.0,0.0,1.0,24257.6201108654,0.0,-4.7572754535298456e-15,2.721878348030701e-13,0.0,0.0,0.0,0.0,,,0.0,400.0,60.64405027716351,0.0,0.0
batched_greedy@10s,1,400,2748,2388,0.868995633187773,0.131004366812227,0.0010917030567685,0.1299126637554585,0.0,265.0481911445349,241.7780014074383,460.6782607720549,231.58298322813204,955.2,5.332914572864322,259.71527657167053,0.0892668885453359,0.146840161185501,0.763892950269163,1033,3.669893514036786,0.0766282672147771,0.1605080009903758,0.0575107296137339,,,,2748,0.0,0.868995633187773,0.0,0.0,1.0,24438.18230384831,0.0,1.6115900722615757e-15,2.654228967638948e-13,0.0,0.0,0.0,0.0,,,0.0,400.0,61.095455759620776,0.0,0.0
batched_greedy@10s,2,400,2748,2427,0.8831877729257642,0.1168122270742358,0.0018195050946142,0.1149927219796215,0.0,271.1271678905643,247.823691897298,477.04511736412775,240.7217124812072,970.8,5.279357231149567,265.84781065941473,0.0873268587966223,0.1524009878928172,0.7602721533105604,1035,3.6473429951690814,0.0772521739003388,0.1636979998875176,0.0496535796766743,,,,2748,0.0,0.8831877729257642,0.0,0.0,1.0,24443.613570536523,0.0,-4.646194155959122e-15,2.683784614220371e-13,0.0,0.0,0.0,0.0,,,0.0,400.0,61.10903392634131,0.0,0.0
batched_greedy@10s,3,400,2748,2394,0.87117903930131,0.1288209606986899,0.0007278020378457,0.1280931586608442,0.0,275.3137689032307,247.78855516209435,491.9515497763253,241.18608258918223,957.6,5.596073517126149,269.71769538610454,0.0871686177838863,0.1531103690074903,0.7597210132086233,1035,3.681159420289855,0.0749276328544669,0.1590840006247162,0.0507058484586574,,,,2748,0.0,0.87117903930131,0.0,0.0,1.0,24329.87113800352,0.0,8.632099954537516e-15,2.6895964338082884e-13,0.0,0.0,0.0,0.0,,,0.0,400.0,60.82467784500879,0.0,0.0
batched_greedy@10s,4,400,2748,2410,0.8770014556040757,0.1229985443959243,0.0003639010189228,0.1226346433770014,0.0,262.3923394621798,238.62460373019712,459.2595484028853,231.290660527014,964.0,5.495020746887967,256.8973187152919,0.0905911421525095,0.1468319022017358,0.7625769556457546,1038,3.635838150289018,0.0772248555127547,0.1581819995590193,0.0468478889531521,,,,2748,0.0,0.8770014556040757,0.0,0.0,1.0,24476.88982442277,0.0,-4.6804422946853066e-17,2.664737955420224e-13,0.0,0.0,0.0,0.0,,,0.0,400.0,61.19222456105694,0.0,0.0
batched_greedy@10s,5,400,2748,2381,0.866448326055313,0.133551673944687,0.0025473071324599,0.131004366812227,0.0,274.80806533810033,250.53496930815027,479.0244376555584,239.57367640730297,952.4,5.839143217135657,268.9689221209647,0.0913894299491507,0.1519025932557106,0.7567079767951386,1036,3.775096525096525,0.0748736486573228,0.1509649999206885,0.044437990124891,,,,2748,0.0,0.866448326055313,0.0,0.0,1.0,24068.217786824986,0.0,-1.0127695965921207e-14,2.7092090295931466e-13,0.0,0.0,0.0,0.0,,,0.0,400.0,60.17054446706246,0.0,0.0
batched_greedy@10s,0,450,2748,2566,0.9337700145560408,0.0662299854439592,0.0003639010189228,0.0658660844250363,0.0,213.52383594351332,192.37998070543424,384.24772203625525,199.91059391187773,1026.4,5.301247077162899,208.22258886635043,0.1614904097335373,0.1158190795930416,0.722690510673421,1037,3.456123432979749,0.087797396332662,0.1701640005921945,0.0498559077809798,,,,2748,0.0,0.9337700145560408,0.0,0.0,1.0,25915.37124855736,0.0,2.897829200985756e-15,2.692177476012789e-13,0.0,0.0,0.0,0.0,,,0.0,450.0,57.58971388568303,0.0,0.0
batched_greedy@10s,1,450,2748,2551,0.928311499272198,0.071688500727802,0.0007278020378457,0.0709606986899563,0.0,213.83385596167065,186.4087688719619,396.2142603955826,199.229484132254,1020.4,5.105056840454724,208.72879912121596,0.1654804886980485,0.1158838721837139,0.7186356391182375,1024,3.529296875,0.0876876953324057,0.1762389989926305,0.0523439746908254,,,,2748,0.0,0.928311499272198,0.0,0.0,1.0,25840.568372983784,0.0,-2.7104935309155135e-15,2.672487432799298e-13,0.0,0.0,0.0,0.0,,,0.0,450.0,57.4234852732973,0.0,0.0
batched_greedy@10s,2,450,2748,2563,0.9326783114992722,0.0673216885007278,0.0003639010189228,0.0669577874818049,0.0,221.7932259743194,195.57132648395415,406.87767917489737,207.52507458813264,1025.2,5.129925868123293,216.6633001061961,0.1611388173150985,0.1200524150005752,0.7188087676843261,1023,3.5347018572825024,0.0818418377443905,0.1699779995760764,0.04959630911188,,,,2748,0.0,0.9326783114992722,0.0,0.0,1.0,25879.772352474905,0.0,-7.322013979650389e-15,2.6585089529284743e-13,0.0,0.0,0.0,0.0,,,0.0,450.0,57.51060522772201,0.0,0.0
batched_greedy@10s,3,450,2748,2565,0.933406113537118,0.0665938864628821,0.0003639010189228,0.0662299854439592,0.0,219.64823503771345,192.97157639279797,399.0392428922296,205.50605783959423,1026.0,5.185185185185185,214.46304985252823,0.1586939480481382,0.1188947704327566,0.7224112815191052,1030,3.460194174757281,0.087074368916414,0.1715710003918502,0.0504177470469605,,,,2748,0.0,0.933406113537118,0.0,0.0,1.0,25963.38185951121,0.0,-2.8951500066716362e-15,2.698521501554009e-13,0.0,0.0,0.0,0.0,,,0.0,450.0,57.696404132247125,0.0,0.0
batched_greedy@10s,4,450,2748,2540,0.9243085880640466,0.0756914119359534,0.0007278020378457,0.0749636098981077,0.0,206.9119958918692,179.41750904464016,387.7737446425282,191.97001626571705,1016.0,5.2551181102362206,201.65687778163297,0.1760041072636888,0.1124400024090691,0.711555890327242,1033,3.4966118102613746,0.0891228460350002,0.181492000556318,0.0555873925501432,,,,2748,0.0,0.9243085880640466,0.0,0.0,1.0,25647.636347673844,0.0,-6.5455952119553714e-15,2.656545150088507e-13,0.0,0.0,0.0,0.0,,,0.0,450.0,56.99474743927521,0.0,0.0
batched_greedy@10s,5,450,2748,2574,0.9366812227074236,0.0633187772925764,0.0,0.0633187772925764,0.0,213.82606141557736,189.2985334961168,390.62011063300565,200.8225189533101,1029.6,5.098679098679098,208.7273823168983,0.1510762057416665,0.1170119762707433,0.7319118179875901,1028,3.4464980544747084,0.0912420233266804,0.1699660001577286,0.0476603119584055,,,,2748,0.0,0.9366812227074236,0.0,0.0,1.0,26201.232527558604,0.0,-8.539832054840093e-15,2.65911440324432e-13,0.0,0.0,0.0,0.0,,,0.0,450.0,58.22496117235245,0.0,0.0
batched_greedy@10s,0,500,2748,2643,0.9617903930131004,0.0382096069868995,0.0,0.0382096069868995,0.0,181.80160944670837,159.16866501621735,343.54664143259663,175.04536163306045,1057.2,5.067347710934544,176.7342617357738,0.2330741415772263,0.0932089236846574,0.6737169347381162,1021,3.4015670910871694,0.0953115572567459,0.1825800001824972,0.0487453129506778,,,,2748,0.0,0.9617903930131004,0.0,0.0,1.0,26836.01173728429,0.0,-7.857169743098233e-15,2.6786123661761375e-13,0.0,0.0,0.0,0.0,,,0.0,500.0,53.67202347456858,0.0,0.0
batched_greedy@10s,1,500,2748,2612,0.950509461426492,0.049490538573508,0.0003639010189228,0.0491266375545851,0.0,182.55020825204124,158.2062720468084,351.39898978235595,174.00389207918442,1044.8,4.991960183767228,177.55824806827405,0.2414341896521377,0.0929730176653298,0.6655927926825324,1024,3.458984375,0.0936453125071068,0.1829540001745044,0.0465721724038183,,,,2748,0.0,0.950509461426492,0.0,0.0,1.0,26608.782765330096,0.0,-4.7882405884407775e-15,2.672854280937269e-13,0.0,0.0,0.0,0.0,,,0.0,500.0,53.21756553066019,0.0,0.0
batched_greedy@10s,2,500,2748,2622,0.9541484716157204,0.0458515283842794,0.0007278020378457,0.0451237263464337,0.0,199.2628595703233,170.7763415649506,387.335187831008,190.743071188054,1048.8,5.247520976353928,194.01533859396935,0.2370484448704678,0.1002235547394432,0.6627280003900891,1031,3.5431619786614936,0.0924814742634212,0.1813999999285445,0.0542479908151549,,,,2748,0.0,0.9541484716157204,0.0,0.0,1.0,26498.31419881313,0.0,-3.1274245842415736e-15,2.6675822327408043e-13,0.0,0.0,0.0,0.0,,,0.0,500.0,52.99662839762627,0.0,0.0
batched_greedy@10s,3,500,2748,2633,0.958151382823872,0.041848617176128,0.0003639010189228,0.0414847161572052,0.0,187.66661525596376,162.66037437455816,351.0228573722292,180.12231515299223,1053.2,5.18533991644512,182.48127533951865,0.2374751973437756,0.095332679377146,0.6671921232790784,1024,3.4716796875,0.095358203122231,0.1823849998982041,0.0580165761646184,,,,2748,0.0,0.958151382823872,0.0,0.0,1.0,26676.461844177964,0.0,-3.3486316643992188e-15,2.651848441643133e-13,0.0,0.0,0.0,0.0,,,0.0,500.0,53.35292368835593,0.0,0.0
batched_greedy@10s,4,500,2748,2613,0.9508733624454148,0.0491266375545851,0.0,0.0491266375545851,0.0,186.6920071566182,162.43442113998026,353.15117056518807,177.89418293313076,1045.2,5.043628013777267,181.64837914284087,0.2445874402652292,0.0945306902903171,0.6608818694444536,1033,3.3959341723136496,0.0951004840528488,0.1843399993231287,0.0501152073732718,,,,2748,0.0,0.9508733624454148,0.0,0.0,1.0,26442.73435019906,0.0,-6.148927521000867e-16,2.655884612035176e-13,0.0,0.0,0.0,0.0,,,0.0,500.0,52.88546870039812,0.0,0.0
batched_greedy@10s,5,500,2748,2652,0.965065502183406,0.0349344978165938,0.0,0.0349344978165938,0.0,176.79819073687665,152.44588504329204,332.6376345400302,170.80669644621426,1060.8,5.040723981900452,171.75746675497618,0.2343855729215407,0.0910141482238487,0.6746002788546105,1020,3.397058823529412,0.0936947058731925,0.1808000011988042,0.0473714615829,,,,2748,0.0,0.965065502183406,0.0,0.0,1.0,26932.62661748099,0.0,-8.599288534475968e-15,2.67768880639816e-13,0.0,0.0,0.0,0.0,,,0.0,500.0,53.865253234961976,0.0,0.0
optimal@10s,0,300,2748,1847,0.6721251819505094,0.3278748180494905,0.0807860262008733,0.2470887918486171,0.0,428.91842557718223,396.3555568237998,702.2186741826007,318.58707303625994,738.8,50.44125609095831,378.4771694862239,0.0169994855401946,0.1952154848744487,0.7877850295853567,1072,18.357276119402982,0.1512778918239027,0.2188740006567968,0.0483121709507587,7.2788797019862175,0.0004831763313239,0.0802238805970149,2748,0.0,0.6721251819505094,0.0,0.0,1.0,18807.060110106628,0.0,-6.653403689751453e-15,2.7420525093741493e-13,0.0,0.0,0.0,0.0,,,0.0,300.0,62.69020036702209,0.0,0.0
optimal@10s,1,300,2748,1851,0.6735807860262009,0.3264192139737991,0.0363901018922852,0.2900291120815138,0.0,392.0475926644913,369.1015628928708,637.2656141146699,281.2551558526336,740.4,25.888708806050783,366.15888385844056,0.0208815240951551,0.2001254251458379,0.7789930507590069,1065,11.499530516431925,0.1365649765313651,0.2063960003579267,0.0497467977360738,10.328942839120534,0.001167172962842,0.1098591549295774,2748,0.0,0.6735807860262009,0.0,0.0,1.0,18677.08084626421,0.0,1.031745671550086e-14,2.813831765586328e-13,0.0,0.0,0.0,0.0,,,0.0,300.0,62.25693615421402,0.0,0.0
optimal@10s,2,300,2748,1836,0.6681222707423581,0.3318777292576419,0.0607714701601164,0.2711062590975254,0.0,409.2668213652891,380.8877111086672,661.4653010190077,297.9095415798438,734.4,33.3442265795207,375.9225947857684,0.0149410516330003,0.2006789904642984,0.7843799579027012,1072,14.742537313432836,0.141681249997147,0.2199579990519851,0.0551515151515151,10.067025279651869,0.0008514442245242,0.0951492537313432,2748,0.0,0.6681222707423581,0.0,0.0,1.0,18702.27591224101,0.0,-4.825962916627696e-15,2.732841791160102e-13,0.0,0.0,0.0,0.0,,,0.0,300.0,62.34091970747003,0.0,0.0
optimal@10s,3,300,2748,1828,0.6652110625909753,0.3347889374090247,0.0487627365356623,0.2860262008733624,0.0,418.6729313629819,387.4060010339356,695.3901472883879,299.5668086804205,731.2,34.12144420131291,384.551487161669,0.0184277574786263,0.2052436957864157,0.7763285467349579,1077,13.290622098421542,0.1447164345771107,0.2045240009465488,0.0510970844604749,9.916863922100514,0.0009439335726274,0.1030640668523676,2748,0.0,0.6652110625909753,0.0,0.0,1.0,18396.848119833903,0.0,-9.058642481886837e-15,2.77183576358975e-13,0.0,0.0,0.0,0.0,,,0.0,300.0,61.32282706611301,0.0,0.0
optimal@10s,4,300,2748,1827,0.6648471615720524,0.3351528384279476,0.0462154294032023,0.2889374090247453,0.0,404.7380249724224,382.514694733276,664.9039626698071,289.28825778020973,730.8,29.886699507389164,374.8513254650332,0.0213809646416966,0.1985765697652228,0.7800424655930804,1080,12.24351851851852,0.1386715740527169,0.2100999994763697,0.0477764423076923,9.474155341780486,0.0009904390317239,0.1148148148148148,2748,0.0,0.6648471615720524,0.0,0.0,1.0,18630.44806688313,0.0,1.5556491204380957e-17,2.7327699186455923e-13,0.0,0.0,0.0,0.0,,,0.0,300.0,62.10149355627711,0.0,0.0
optimal@10s,5,300,2748,1851,0.6735807860262009,0.3264192139737991,0.0782387190684134,0.2481804949053857,0.0,406.16932259950784,381.1374292000446,653.5681400882522,302.9883465843096,740.4,44.49432739059968,361.6749952089082,0.0170687914659005,0.1900673820829046,0.7928638264511947,1073,17.225535880708293,0.145815191039268,0.2107480004633543,0.0482076637824474,8.272720694968656,0.0005905180904523,0.0950605778191985,2748,0.0,0.6735807860262009,0.0,0.0,1.0,18857.92537333248,0.0,2.656378028881628e-15,2.743554828066457e-13,0.0,0.0,0.0,0.0,,,0.0,300.00000000000006,62.859751244441576,0.0,0.0
optimal@10s,0,350,2748,2093,0.7616448326055313,0.2383551673944687,0.0032751091703056,0.235080058224163,0.0,343.71221900081804,318.7909170246221,593.7982573304488,266.3584877552509,837.2,9.208791208791208,334.5034277920268,0.0462788745066747,0.1834153253250604,0.7703058001682649,1062,4.955743879472693,0.1364463277105846,0.1887560006798594,0.0521613832853025,8.739183516953656,0.0032145487391078,0.103578154425612,2748,0.0,0.7616448326055313,0.0,0.0,1.0,21499.175444740347,0.0,-7.04686614311528e-15,2.796756296850096e-13,0.0,0.0,0.0,0.0,,,0.0,350.0,61.426215556401,0.0,0.0
optimal@10s,1,350,2748,2124,0.7729257641921398,0.2270742358078602,0.0025473071324599,0.2245269286754002,0.0,326.7966513481223,307.6601797915432,553.3394249392427,256.7451800634329,849.6,7.466101694915254,319.330549653207,0.047198332321402,0.1789212781023946,0.7738803895762033,1049,4.702573879885605,0.1372523355434163,0.1830160000827163,0.049421965317919,8.696620576151949,0.0035489814481401,0.0915157292659675,2748,0.0,0.7729257641921398,0.0,0.0,1.0,21679.24826066058,0.0,9.565062698785624e-15,2.785710561577166e-13,0.0,0.0,0.0,0.0,,,0.0,350.0,61.94070931617309,0.0,0.0
optimal@10s,2,350,2748,2145,0.7805676855895196,0.2194323144104803,0.0029112081513828,0.2165211062590975,0.0,330.0438380923484,300.7721618759724,574.2256538604181,261.22593106107126,858.0,7.317948717948718,322.7258893743996,0.043301539398225,0.1827040350337846,0.7739944255679904,1049,4.63584366062917,0.1398030505252757,0.193575999510358,0.057323015190599,8.709120472809433,0.0036423423187485,0.0934223069590085,2748,0.0,0.7805676855895196,0.0,0.0,1.0,21654.79596126993,0.0,-5.24832702550074e-15,2.744868823298987e-13,0.0,0.0,0.0,0.0,,,0.0,350.0,61.87084560362838,0.0,0.0
optimal@10s,3,350,2748,2116,0.7700145560407569,0.229985443959243,0.0029112081513828,0.2270742358078602,0.0,351.36421822739817,327.81305417018984,598.2821456787706,274.4605907654929,846.4,9.291587901701323,342.0726303256968,0.0394908786972272,0.1887374705562386,0.7717716507465341,1053,4.9335232668566,0.1451203229213501,0.2101559998845914,0.0521613832853025,9.16424443853758,0.0034006221239841,0.1092117758784425,2748,0.0,0.7700145560407569,0.0,0.0,1.0,21482.08475395893,0.0,1.1900583438250451e-14,2.7342799312257884e-13,0.0,0.0,0.0,0.0,,,0.0,350.0,61.37738501131124,0.0,0.0
optimal@10s,4,350,2748,2143,0.779839883551674,0.220160116448326,0.0021834061135371,0.2179767103347889,0.0,327.98594338629914,305.95099921166457,553.7381322571557,258.6993693248195,857.2,6.416238917405506,321.56970446889363,0.0454674590525088,0.1808634473620343,0.7736690935854568,1048,4.118320610687023,0.1407330152187916,0.186953000138601,0.046363372935381,8.605150266607945,0.0044892043820039,0.0944656488549618,2748,0.0,0.779839883551674,0.0,0.0,1.0,21726.620480730915,0.0,-4.148700877833996e-15,2.749457218128167e-13,0.0,0.0,0.0,0.0,,,0.0,350.0,62.07605851637404,0.0,0.0
optimal@10s,5,350,2748,2135,0.7769286754002911,0.2230713245997088,0.007278020378457,0.2157933042212518,0.0,349.8972879429195,324.87068000822865,591.632425840477,276.3635067657213,854.0,9.576580796252928,340.32070714666656,0.0342147878905241,0.1910223804136946,0.7747628316957813,1050,5.20952380952381,0.1411990476169324,0.200252999584336,0.048241790177274,10.381009079918242,0.0035230608497655,0.1133333333333333,2748,0.0,0.7769286754002911,0.0,0.0,1.0,21661.08999007842,0.0,-1.552086588318125e-14,2.774207613566673e-13,0.0,0.0,0.0,0.0,,,0.0,350.0,61.8888285430812,0.0,0.0
optimal@10s,0,400,2748,2388,0.868995633187773,0.131004366812227,0.0003639010189228,0.1306404657933042,0.0,279.2038538687668,254.40907692554583,483.4643115613483,243.9381193877001,955.2,5.917922948073702,273.2859309206931,0.0892890752624507,0.1535522653345972,0.7571586594029521,1037,3.71648987463838,0.1451363548709519,0.1987559995177435,0.0495820121072355,4.607094815228099,0.0035360948830986,0.0655737704918032,2748,0.0,0.868995633187773,0.0,0.0,1.0,24119.285001932225,0.0,-1.1484206476164475e-14,2.7590325334275164e-13,0.0,0.0,0.0,0.0,,,0.0,400.0,60.29821250483056,0.0,0.0
optimal@10s,1,400,2748,2399,0.8729985443959243,0.1270014556040757,0.0018195050946142,0.1251819505094614,0.0,269.8754935569882,246.74262831285432,476.3930012179322,236.98307567367684,959.6,5.341392246769487,264.5341013102187,0.0870378089201906,0.150841877018538,0.7621203140612713,1037,3.693346190935391,0.1400412729234874,0.1933359998656672,0.0537510778959471,3.933528436245128,0.0031604742168951,0.0636451301832208,2748,0.0,0.8729985443959243,0.0,0.0,1.0,24376.24906246151,0.0,9.189073937872909e-16,2.6960861406872224e-13,0.0,0.0,0.0,0.0,,,0.0,400.0,60.94062265615378,0.0,0.0
optimal@10s,2,400,2748,2424,0.8820960698689956,0.1179039301310043,0.0007278020378457,0.1171761280931586,0.0,269.6283959868628,246.90706016108695,470.7272782730465,238.99800209077807,969.6,5.41542904290429,264.21296694395846,0.0860147497500983,0.1529125543915719,0.7610726958583297,1036,3.6447876447876446,0.1456096525231597,0.1996649999455259,0.0476878612716763,4.825418099714959,0.0039501009130934,0.0694980694980695,2748,0.0,0.8820960698689956,0.0,0.0,1.0,24390.44591398365,0.0,1.1036276403204526e-15,2.7270008766707053e-13,0.0,0.0,0.0,0.0,,,0.0,400.0,60.97611478495913,0.0,0.0
optimal@10s,3,400,2748,2405,0.8751819505094615,0.1248180494905385,0.0014556040756914,0.1233624454148471,0.0,277.6378289091276,250.50686212965684,493.8569067198237,244.314569522719,962.0,5.844074844074844,271.7937540650527,0.0868588523357341,0.1540899800876485,0.7590511675766173,1034,3.745647969052224,0.1427693423553784,0.1976680002189823,0.0540074691180695,4.57139210425059,0.0035385643855398,0.06963249516441,2748,0.0,0.8751819505094615,0.0,0.0,1.0,24362.85378935805,0.0,-4.200843876960052e-15,2.642543148957697e-13,0.0,0.0,0.0,0.0,,,0.0,400.0,60.907134473395125,0.0,0.0
optimal@10s,4,400,2748,2416,0.8791848617176128,0.1208151382823871,0.0003639010189228,0.1204512372634643,0.0,266.9518229070291,247.80620415428075,456.5361029782485,235.7728534089386,966.4,5.379139072847682,261.5726838341814,0.0862363687926485,0.1503360812204504,0.7634275499869011,1035,3.6028985507246376,0.143386473440411,0.2003500007776892,0.0440835266821345,3.3854540034037583,0.0029040464543032,0.051207729468599,2748,0.0,0.8791848617176128,0.0,0.0,1.0,24551.927955310977,0.0,-1.2405455617872816e-14,2.74180604636725e-13,0.0,0.0,0.0,0.0,,,0.0,400.0,61.379819888277446,0.0,0.0
optimal@10s,5,400,2748,2383,0.8671761280931587,0.1328238719068413,0.0014556040756914,0.1313682678311499,0.0,272.70551536770955,251.17844338799569,469.3819286958174,237.79381914968545,953.2,5.53629878304658,267.169216584663,0.0861647682276073,0.1513540789155212,0.7624811528568715,1030,3.683495145631068,0.1447210679632087,0.1989429997411208,0.0399416909620991,4.163879707124371,0.0033285846216984,0.0631067961165048,2748,0.0,0.8671761280931587,0.0,0.0,1.0,24196.01310307721,0.0,-1.4143020694058311e-14,2.689231315369503e-13,0.0,0.0,0.0,0.0,,,0.0,400.0,60.49003275769303,0.0,0.0
optimal@10s,0,450,2748,2565,0.933406113537118,0.0665938864628821,0.0003639010189228,0.0662299854439592,0.0,214.39903585782545,192.9937145736858,380.1417773424399,200.56793159174205,1026.0,5.402729044834308,208.99630681299115,0.1612860366668601,0.1160140567547802,0.7226999065783597,1033,3.472410454985479,0.1460587608116108,0.2038440004980657,0.0525862068965517,2.055133510074633,0.0025098869825912,0.0445304937076476,2748,0.0,0.933406113537118,0.0,0.0,1.0,25944.85370514304,0.0,-6.357487635748265e-15,2.676772383994022e-13,0.0,0.0,0.0,0.0,,,0.0,450.0,57.655230455873415,0.0,0.0
optimal@10s,1,450,2748,2565,0.933406113537118,0.0665938864628821,0.0003639010189228,0.0662299854439592,0.0,211.7449151726182,185.7812007286625,392.471113263028,198.2231655374937,1026.0,5.02495126705653,206.71996390556168,0.1635184280286231,0.1155627536453655,0.7209188183260113,1024,3.4765625,0.151330078164591,0.20511700087809,0.047949162333911,2.468550474208953,0.003026307750877,0.0400390625,2748,0.0,0.933406113537118,0.0,0.0,1.0,25887.27553530886,0.0,-3.121436399371064e-15,2.6767083243419193e-13,0.0,0.0,0.0,0.0,,,0.0,450.0,57.52727896735303,0.0,0.0
optimal@10s,2,450,2748,2547,0.9268558951965066,0.0731441048034934,0.0003639010189228,0.0727802037845705,0.0,223.20567878227865,196.0955200372609,419.7439808826119,207.6647491464598,1018.8,5.089517078916372,218.11616170336228,0.162020251320382,0.1205536009956737,0.7174261476839443,1027,3.533592989289192,0.1502292113038268,0.2019479998125462,0.0449145175311503,2.6320385335172225,0.0028708518205202,0.0408958130477117,2748,0.0,0.9268558951965066,0.0,0.0,1.0,25769.681934162105,0.0,-1.0407763295787175e-14,2.6741040128642443e-13,0.0,0.0,0.0,0.0,,,0.0,450.0,57.265959853693566,0.0,0.0
optimal@10s,3,450,2748,2563,0.9326783114992722,0.0673216885007278,0.0003639010189228,0.0669577874818049,0.0,217.79675750717624,193.4503178319233,391.39241561396966,203.6029889237128,1025.2,5.257510729613734,212.5392467775625,0.1606337798256904,0.1175759453907581,0.7217902747835514,1030,3.4747572815533982,0.1495887378483018,0.2101000009133713,0.0526013222190284,2.1613278907668025,0.0026432268667001,0.0252427184466019,2748,0.0,0.9326783114992722,0.0,0.0,1.0,25952.30494928813,0.0,-9.072033885809431e-15,2.693232120175431e-13,0.0,0.0,0.0,0.0,,,0.0,450.0,57.67178877619584,0.0,0.0
optimal@10s,4,450,2748,2543,0.9254002911208152,0.0745997088791848,0.0003639010189228,0.074235807860262,0.0,209.5854880110891,183.86816656047813,384.5644766027508,194.5437019783772,1017.2,5.06252457727094,204.52296343381812,0.1729568600455136,0.113499696879035,0.7135434430754513,1031,3.4219204655674105,0.1459431619634687,0.2060200000414625,0.0482101616628175,2.508226342242347,0.003239672883555,0.0455868089233753,2748,0.0,0.9254002911208152,0.0,0.0,1.0,25704.835426435457,0.0,-1.1064684363389684e-15,2.713858324939956e-13,0.0,0.0,0.0,0.0,,,0.0,450.0,57.1218565031899,0.0,0.0
optimal@10s,5,450,2748,2567,0.9341339155749636,0.0658660844250363,0.0003639010189228,0.0655021834061135,0.0,216.07294934509076,191.684048151149,395.3833912055709,202.28331480297015,1026.8,5.091156992598364,210.9817923524924,0.1528774797648568,0.1167288245592894,0.7303936956758538,1025,3.4253658536585365,0.15155151223575,0.2041999996436061,0.0443606842563061,2.6070850089143773,0.0033660157122848,0.0448780487804878,2748,0.0,0.9341339155749636,0.0,0.0,1.0,26110.593266288102,0.0,-7.788774602987737e-15,2.64427012079035e-13,0.0,0.0,0.0,0.0,,,0.0,450.0,58.023540591751335,0.0,0.0
optimal@10s,0,500,2748,2638,0.9599708879184862,0.0400291120815138,0.0,0.0400291120815138,0.0,184.5983260187323,160.86981202270772,348.7296576596642,177.40661718974377,1055.2,4.993555724033358,179.60477029469897,0.2321556837887466,0.0943401171826208,0.6735041990286325,1022,3.37866927592955,0.1543318004186316,0.2071429992611228,0.0448885027512308,2.1305027678781063,0.0035425635964855,0.0362035225048923,2748,0.0,0.9599708879184862,0.0,0.0,1.0,26822.25499073779,0.0,-1.2785661671005404e-15,2.6519886446916855e-13,0.0,0.0,0.0,0.0,,,0.0,500.0,53.64450998147559,0.0,0.0
optimal@10s,1,500,2748,2613,0.9508733624454148,0.0491266375545851,0.0003639010189228,0.0487627365356623,0.0,182.3037385645416,157.0527316815187,350.1306232361024,173.80939605109694,1045.2,5.044776119402985,177.25896244513862,0.2406245342275106,0.0928709134045127,0.6665045523679766,1026,3.4580896686159845,0.1585225146525375,0.2195999991272401,0.0498702796194868,1.2849401719344948,0.0018841911691976,0.0292397660818713,2748,0.0,0.9508733624454148,0.0,0.0,1.0,26602.14848277416,0.0,-1.0251441656695723e-14,2.6788946534135144e-13,0.0,0.0,0.0,0.0,,,0.0,500.0,53.20429696554832,0.0,0.0
optimal@10s,2,500,2748,2625,0.9552401746724892,0.0447598253275109,0.0007278020378457,0.0440320232896652,0.0,192.4905303974649,164.47123142216878,375.3788553718492,184.48158083141556,1050.0,5.206095238095238,187.28443515936965,0.2380561721825796,0.0979586224802791,0.6639852053371411,1029,3.5383867832847424,0.1482373178065604,0.2042200005234918,0.0446506233690924,1.1675061687689146,0.0014470530594243,0.0262390670553935,2748,0.0,0.9552401746724892,0.0,0.0,1.0,26500.7535339623,0.0,-4.254628395626371e-15,2.675963154767184e-13,0.0,0.0,0.0,0.0,,,0.0,500.0,53.0015070679246,0.0,0.0
optimal@10s,3,500,2748,2641,0.9610625909752548,0.0389374090247452,0.0003639010189228,0.0385735080058224,0.0,185.70991899833876,163.93404836340596,345.1076953648371,178.77322421618732,1056.4,5.075350246118894,180.63456875221985,0.2354864024044793,0.0948668488375944,0.6696467487579262,1023,3.44672531769306,0.1522177908190513,0.2055360009035211,0.051783659378596,0.7870753021347258,0.0012053191670686,0.0205278592375366,2748,0.0,0.9610625909752548,0.0,0.0,1.0,26773.616409003345,0.0,-1.0646034098457843e-14,2.621891933232153e-13,0.0,0.0,0.0,0.0,,,0.0,500.0,53.54723281800669,0.0,0.0
optimal@10s,4,500,2748,2608,0.9490538573508006,0.0509461426491994,0.0,0.0509461426491994,0.0,184.11337018183053,158.17374421404747,351.2577145893001,175.10286369512883,1043.2,5.057898773006135,179.0554714088244,0.2462046734741197,0.0937617005758384,0.6600336259500419,1033,3.393998063891578,0.1517840271295366,0.2070239997556199,0.0520264443805691,1.2815695181358069,0.0020115234183574,0.0300096805421103,2748,0.0,0.9490538573508006,0.0,0.0,1.0,26366.615832662625,0.0,-2.752229255677363e-15,2.6604706849289343e-13,0.0,0.0,0.0,0.0,,,0.0,500.0,52.73323166532525,0.0,0.0
optimal@10s,5,500,2748,2652,0.965065502183406,0.0349344978165938,0.0,0.0349344978165938,0.0,174.28653135404147,151.38878055173927,327.5436873794737,168.41334830819432,1060.8,5.020361990950226,169.26616936309125,0.2336658816412458,0.0902398253628135,0.6760942929959406,1021,3.396669931439765,0.1499414299683425,0.2057599998806835,0.048470859780727,1.6294459596619435,0.0028522009018702,0.029382957884427,2748,0.0,0.965065502183406,0.0,0.0,1.0,26944.88979470053,0.0,-1.4187411091755922e-14,2.6751116823636225e-13,0.0,0.0,0.0,0.0,,,0.0,500.0,53.889779589401066,0.0,0.0
batched_greedy@10s+aware,0,300,2748,1941,0.7063318777292577,0.2936681222707423,0.2066957787481805,0.0869723435225618,0.0,393.2575198566748,378.4861141257761,590.0363898842916,335.44053316368235,776.4,83.66202988150438,309.5954899751704,0.0237105955369532,0.1547650306895182,0.8215243737735285,1100,31.99090909090909,0.0526008181738937,0.1178010002149676,0.0480701754385964,,,,2748,0.0,0.7063318777292577,0.0,0.0,1.0,19684.14823471418,0.0,-1.1944878654225692e-14,2.8562646552128713e-13,0.0,0.0,0.0,0.0,,,0.0,300.0,65.61382744904726,0.0,0.0
batched_greedy@10s+aware,1,300,2748,1955,0.7114264919941776,0.2885735080058224,0.1990538573508005,0.0895196506550218,0.0,380.2137310115453,368.4833885937205,573.6975585031844,328.5259901233239,782.0,76.02915601023018,304.1845750013151,0.0271148456175652,0.1550308100495873,0.8178543443328473,1098,31.693078324225866,0.0525314207796837,0.1211030016747827,0.0444915254237288,,,,2748,0.0,0.7114264919941776,0.0,0.0,1.0,19705.26964308031,0.0,4.120602693954034e-15,2.7437398758218694e-13,0.0,0.0,0.0,0.0,,,0.0,300.0,65.68423214360104,0.0,0.0
batched_greedy@10s+aware,2,300,2748,1980,0.7205240174672489,0.2794759825327511,0.1874090247452693,0.0920669577874818,0.0,385.3000904576782,373.9871129978528,579.0306793497157,333.3054999669615,792.0,73.81111111111112,311.48897934656713,0.0220323352927248,0.1627952850080898,0.8151723796991854,1135,30.30660792951542,0.0540314537448919,0.1184980007019476,0.051442474800139,,,,2748,0.0,0.7205240174672489,0.0,0.0,1.0,19679.59471338025,0.0,8.492421132203421e-15,2.7559189498384113e-13,0.0,0.0,0.0,0.0,,,0.0,300.0,65.59864904460085,0.0,0.0
batched_greedy@10s+aware,3,300,2748,1945,0.7077874818049491,0.2922125181950509,0.2096069868995633,0.0826055312954876,0.0,399.4874402759035,386.3171301782641,597.6679993934919,342.890714892688,778.0,85.21850899742931,314.2689312784742,0.0176861889882959,0.1569149557122716,0.8253988552994325,1103,33.33000906618314,0.0562842248382284,0.1170740003726678,0.0455030216850337,,,,2748,0.0,0.7077874818049491,0.0,0.0,1.0,19732.71269003665,0.0,4.906215393963057e-15,2.7923050903765173e-13,0.0,0.0,0.0,0.0,,,0.0,300.0,65.77570896678884,0.0,0.0
batched_greedy@10s+aware,4,300,2748,1928,0.7016011644832606,0.2983988355167394,0.207787481804949,0.0906113537117904,0.0,394.4422773901695,381.0419142348956,586.7847703571559,338.26175152318365,771.2,85.1390041493776,309.30327324079195,0.0246183605726305,0.1544903611812726,0.8208912782460969,1103,33.66455122393472,0.0534310063463266,0.1128899992909282,0.0552233556102708,,,,2748,0.0,0.7016011644832606,0.0,0.0,1.0,19527.60285806678,0.0,-1.4052383046956754e-14,2.7760182350170933e-13,0.0,0.0,0.0,0.0,,,0.0,300.0,65.09200952688927,0.0,0.0
batched_greedy@10s+aware,5,300,2748,1943,0.7070596797671034,0.2929403202328967,0.2117903930131004,0.0811499272197962,0.0,396.65181041107206,380.3439746859949,590.249348139015,341.8510284442544,777.2,88.02316006176017,308.6286503493119,0.0223388820036021,0.1526058058729451,0.8250553121234526,1104,33.694746376811594,0.0554955616056416,0.1234639999711362,0.045809659090909,,,,2748,0.0,0.7070596797671034,0.0,0.0,1.0,19954.206541037544,0.0,-1.0217480204393823e-14,2.7889990882902626e-13,0.0,0.0,0.0,0.0,,,0.0,300.0,66.51402180345848,0.0,0.0
batched_greedy@10s+aware,0,350,2748,2204,0.8020378457059679,0.197962154294032,0.1091703056768559,0.0887918486171761,0.0,359.6946387572637,348.93548878517413,553.9586434177994,319.81966925955726,881.6,57.84119782214156,301.85344093512214,0.045119005987444,0.153854147101704,0.801026846910852,1098,21.49544626593807,0.0556658469361724,0.1278869999805464,0.0504441624365482,,,,2748,0.0,0.8020378457059679,0.0,0.0,1.0,22443.1243704843,0.0,-3.708265797677202e-15,2.768013686782136e-13,0.0,0.0,0.0,0.0,,,0.0,350.0,64.123212487098,0.0,0.0
batched_greedy@10s+aware,1,350,2748,2198,0.7998544395924309,0.2001455604075691,0.0953420669577874,0.1048034934497816,0.0,344.1188212815151,334.78838139330946,533.5730581958621,305.91054216614657,879.2,45.67970882620564,298.4391124553095,0.04565710710348,0.1566722441169371,0.7976706487795829,1097,19.56700091157703,0.057536189575967,0.1303079990611877,0.0488958990536277,,,,2748,0.0,0.7998544395924309,0.0,0.0,1.0,22389.473653700104,0.0,-6.773269641043448e-15,2.707683435467791e-13,0.0,0.0,0.0,0.0,,,0.0,350.0,63.96992472485744,0.0,0.0
batched_greedy@10s+aware,2,350,2748,2222,0.8085880640465793,0.1914119359534206,0.0971615720524017,0.0942503639010189,0.0,351.01868416231065,345.9380329975138,542.073025486151,312.8097410368492,888.8,48.315481548154814,302.7032026141558,0.0420759797192268,0.1597363169507213,0.7981877033300518,1136,19.44806338028169,0.0566556337668169,0.1223000002028131,0.0579029733959311,,,,2748,0.0,0.8085880640465793,0.0,0.0,1.0,22445.560499755826,0.0,1.0598582717528724e-14,2.737648092019975e-13,0.0,0.0,0.0,0.0,,,0.0,350.0,64.13017285644521,0.0,0.0
batched_greedy@10s+aware,3,350,2748,2221,0.8082241630276564,0.1917758369723435,0.0833333333333333,0.1084425036390101,0.0,359.2600727632702,348.69485081181847,552.6182332130584,315.83460744938134,888.4,49.36154885186853,309.8985239114017,0.0377134277994836,0.1635124608599102,0.798774111340606,1103,18.674524025385317,0.0551855848007751,0.1288820010449854,0.0520930232558139,,,,2748,0.0,0.8082241630276564,0.0,0.0,1.0,22352.017410052456,0.0,-4.064585978312505e-15,2.7747797556077735e-13,0.0,0.0,0.0,0.0,,,0.0,350.0,63.86290688586416,0.0,0.0
batched_greedy@10s+aware,4,350,2748,2197,0.799490538573508,0.2005094614264919,0.0858806404657933,0.1146288209606987,0.0,352.2071377659061,344.65302086017846,542.4467202249037,308.910041665446,878.8,46.4446973145198,305.7624404513863,0.0459475178946221,0.1602883232544247,0.7937641588509531,1085,18.968663594470048,0.0556043317906417,0.1290600008360344,0.0505460218408736,,,,2748,0.0,0.799490538573508,0.0,0.0,1.0,22256.17482921096,0.0,5.3856681416682146e-15,2.684158463694024e-13,0.0,0.0,0.0,0.0,,,0.0,350.0,63.58907094060274,0.0,0.0
batched_greedy@10s+aware,5,350,2748,2229,0.8111353711790393,0.1888646288209607,0.0913391557496361,0.0975254730713246,0.0,346.45285137908184,338.0689349959248,542.2939602584162,308.9270209484621,891.6,46.53611484970839,299.91673652937345,0.0394806385918326,0.1588294936670419,0.8016898677411254,1103,18.533091568449684,0.0565353581070851,0.1253439998981776,0.0476489028213166,,,,2748,0.0,0.8111353711790393,0.0,0.0,1.0,22445.395525337644,0.0,-4.069921210774823e-15,2.727707895555853e-13,0.0,0.0,0.0,0.0,,,0.0,350.0,64.1297015009647,0.0,0.0
batched_greedy@10s+aware,0,400,2748,2440,0.8879184861717613,0.1120815138282387,0.0265647743813682,0.0855167394468704,0.0,278.871998556351,264.45590919135384,479.81560725182,256.6462220255036,976.0,18.799590163934425,260.0724083924166,0.0887009727196794,0.1424922138614061,0.7688068134189143,1094,8.49908592321755,0.060575502757141,0.1346070008730748,0.047886491279929,,,,2748,0.0,0.8879184861717613,0.0,0.0,1.0,24671.06481499695,0.0,-6.9860328815101645e-15,2.694937169597652e-13,0.0,0.0,0.0,0.0,,,0.0,400.0,61.677662037492375,0.0,0.0
batched_greedy@10s+aware,1,400,2748,2416,0.8791848617176128,0.1208151382823871,0.0280203784570596,0.0927947598253275,0.0,282.6730453093297,269.2263025444249,479.3553145984247,259.05839996085325,966.4,18.57450331125828,264.0985419980714,0.0841724262993313,0.1443944885363332,0.7714330851643355,1096,8.940693430656934,0.0608104926662893,0.1425900009053292,0.0566480774875256,,,,2748,0.0,0.8791848617176128,0.0,0.0,1.0,24716.51273493685,0.0,-6.091521694714849e-16,2.713212289130381e-13,0.0,0.0,0.0,0.0,,,0.0,400.0,61.79128183734212,0.0,0.0
batched_greedy@10s+aware,2,400,2748,2454,0.8930131004366813,0.1069868995633187,0.032023289665211,0.0749636098981077,0.0,278.125249421265,260.85389026310645,478.29992434831655,258.36775466964383,981.6,17.792176039119806,260.3330733821452,0.0804081908044318,0.1456093856010416,0.7739824235945265,1074,9.088454376163874,0.0605536312444707,0.1489559992296562,0.0529899348727057,,,,2748,0.0,0.8930131004366813,0.0,0.0,1.0,24801.694670744608,0.0,-1.2754444788195768e-15,2.721409080156479e-13,0.0,0.0,0.0,0.0,,,0.0,400.0,62.00423667686152,0.0,0.0
batched_greedy@10s+aware,3,400,2748,2449,0.891193595342067,0.108806404657933,0.0291120815138282,0.0796943231441048,0.0,285.96225193753713,268.2102545659727,484.9928833593133,264.1185994441943,979.6,20.389138423846468,265.57311351369066,0.0860400849425202,0.1455988854613615,0.7683610295961183,1100,8.940909090909091,0.0611783636238463,0.1386140003523905,0.0527867885579475,,,,2748,0.0,0.891193595342067,0.0,0.0,1.0,24676.918063798686,0.0,1.2870064344588951e-14,2.7147106304215324e-13,0.0,0.0,0.0,0.0,,,0.0,400.0,61.69229515949672,0.0,0.0
batched_greedy@10s+aware,4,400,2748,2426,0.8828238719068413,0.1171761280931586,0.0276564774381368,0.0895196506550218,0.0,269.3092317635666,252.7117069889423,461.1748688652051,246.8117290089677,970.4,15.3239901071723,253.98524165639424,0.0965195326391279,0.1418577656848923,0.7616227016759797,1081,7.977798334875116,0.061462349677286,0.1452999997127335,0.0485638140361267,,,,2748,0.0,0.8828238719068413,0.0,0.0,1.0,24409.615796918024,0.0,-1.2780470096171342e-14,2.6708140142107873e-13,0.0,0.0,0.0,0.0,,,0.0,400.0,61.02403949229506,0.0,0.0
batched_greedy@10s+aware,5,400,2748,2423,0.8817321688500728,0.1182678311499272,0.0309315866084425,0.0873362445414847,0.0,282.03820116920656,267.7655780972645,479.1377130304889,259.33893208914094,969.2,19.53776310359059,262.5004380656159,0.086306201951657,0.1423892944863992,0.7713045035619437,1075,9.217674418604652,0.0593025116270223,0.1412260003417031,0.0437890974084003,,,,2748,0.0,0.8817321688500728,0.0,0.0,1.0,24620.193114664533,0.0,-2.8162917039026258e-15,2.631027875961792e-13,0.0,0.0,0.0,0.0,,,0.0,400.0,61.55048278666133,0.0,0.0
batched_greedy@10s+aware,0,450,2748,2587,0.9414119359534208,0.0585880640465793,0.0090975254730713,0.049490538573508,0.0,225.7682444770936,203.3089709792971,411.9705731961503,216.0197189336296,1034.8,10.486277541553925,215.2819669355397,0.1555236786751399,0.1172765596929688,0.7271997616318913,1066,5.4962476547842405,0.0711276735456295,0.1559950007504081,0.0472165549402506,,,,2748,0.0,0.9414119359534208,0.0,0.0,1.0,26231.652726662367,0.0,1.647267127066564e-15,2.650252993054947e-13,0.0,0.0,0.0,0.0,,,0.0,450.0,58.29256161480527,0.0,0.0
batched_greedy@10s+aware,1,450,2748,2561,0.9319505094614264,0.0680494905385735,0.0156477438136826,0.0524017467248908,0.0,216.8451517070717,191.439554098502,408.09710004601766,207.333874965986,1024.4,9.98438110113237,206.86077060593925,0.1659267899116108,0.1128797469670353,0.7211934631213538,1086,5.724677716390423,0.0714746776934313,0.1536450000457989,0.0494152046783625,,,,2748,0.0,0.9319505094614264,0.0,0.0,1.0,25889.353585543045,0.0,3.3943952685728135e-15,2.695683929449992e-13,0.0,0.0,0.0,0.0,,,0.0,450.0,57.53189685676232,0.0,0.0
batched_greedy@10s+aware,2,450,2748,2582,0.9395924308588064,0.0604075691411935,0.0138282387190684,0.0465793304221251,0.0,229.58924345795165,205.8268815034835,427.3311735669467,220.8185065820999,1032.8,11.991866769945778,217.59737668800588,0.1583815924647798,0.1184597128006387,0.7231586947345814,1127,6.005323868677906,0.0712692990378522,0.1545480003915145,0.0479672418835916,,,,2748,0.0,0.9395924308588064,0.0,0.0,1.0,26102.49725894654,0.0,6.2072732701350725e-15,2.6890926012314335e-13,0.0,0.0,0.0,0.0,,,0.0,450.0,58.00554946432564,0.0,0.0
batched_greedy@10s+aware,3,450,2748,2579,0.938500727802038,0.0614992721979621,0.012372634643377,0.0491266375545851,0.0,227.51891480320484,203.1244719476217,419.7369239052693,217.1152673288048,1031.6,10.939899185730903,216.57901561747397,0.1561548614230641,0.1182675066626247,0.7255776319143111,1091,5.463794683776352,0.0697973418845481,0.1543099999253172,0.0456540825285338,,,,2748,0.0,0.938500727802038,0.0,0.0,1.0,26111.372137082857,0.0,-2.423463179305848e-15,2.6668736582743826e-13,0.0,0.0,0.0,0.0,,,0.0,450.0,58.02527141573968,0.0,0.0
batched_greedy@10s+aware,4,450,2748,2561,0.9319505094614264,0.0680494905385735,0.012372634643377,0.0556768558951965,0.0,217.5373872896248,192.8294288754505,409.0850127193521,207.12107484977457,1024.4,10.320968371729792,207.216418917895,0.1736787549090007,0.1127785115768067,0.7135427335141926,1074,5.659217877094972,0.0723030726701538,0.1602780005850945,0.0523560209424083,,,,2748,0.0,0.9319505094614264,0.0,0.0,1.0,25701.63677318349,0.0,3.33977281597509e-16,2.641767233620753e-13,0.0,0.0,0.0,0.0,,,0.0,450.0,57.114748384852206,0.0,0.0
batched_greedy@10s+aware,5,450,2748,2583,0.9399563318777292,0.0600436681222707,0.0061863173216885,0.0538573508005822,0.0,218.09992534463865,194.58283702494327,399.55658267202136,207.49941662963505,1033.2,8.879210220673635,209.220715123965,0.1538991304454325,0.1146909284625099,0.7314099410920574,1057,4.884578997161778,0.0719937559236984,0.1503000006050571,0.0476467170249854,,,,2748,0.0,0.9399563318777292,0.0,0.0,1.0,26188.325354040964,0.0,-8.058938297526843e-15,2.6015443939416973e-13,0.0,0.0,0.0,0.0,,,0.0,450.0,58.19627856453548,0.0,0.0
batched_greedy@10s+aware,0,500,2748,2649,0.9639737991266376,0.0360262008733624,0.0029112081513828,0.0331149927219796,0.0,186.36635541723996,163.5363233362832,354.047769751156,181.3210856549156,1059.6,6.413363533408834,179.95299188383106,0.2345069209296565,0.0929165661614953,0.6725765129088482,1044,4.068007662835249,0.0807470306336093,0.1607769996007842,0.0477707006369426,,,,2748,0.0,0.9639737991266376,0.0,0.0,1.0,26872.825339209718,0.0,-2.3795402961916907e-15,2.666650927589733e-13,0.0,0.0,0.0,0.0,,,0.0,500.0,53.74565067841942,0.0,0.0
batched_greedy@10s+aware,1,500,2748,2633,0.958151382823872,0.041848617176128,0.007278020378457,0.034570596797671,0.0,184.46899246632276,158.0342915224728,361.3405838972308,179.33973616269506,1053.2,7.952525636156476,176.51646683016625,0.2391853862950461,0.091663973484837,0.6691506402201168,1075,4.618604651162791,0.080098139531951,0.1590640000722487,0.0485183033120278,,,,2748,0.0,0.958151382823872,0.0,0.0,1.0,26753.65178706565,0.0,-2.042338109409194e-15,2.6785595727346457e-13,0.0,0.0,0.0,0.0,,,0.0,500.0,53.5073035741313,0.0,0.0
batched_greedy@10s+aware,2,500,2748,2630,0.9570596797671034,0.0429403202328966,0.0094614264919941,0.0334788937409024,0.0,201.59092350351705,173.85974988040334,397.62568535387226,196.2583540327501,1052.0,9.45513307984791,192.1357904236691,0.2401089946761933,0.0973602030779744,0.6625308022458322,1058,5.258034026465029,0.0773766540607749,0.1624299996365153,0.0483119906868451,,,,2748,0.0,0.9570596797671034,0.0,0.0,1.0,26575.803428079333,0.0,3.913219558279544e-15,2.6899158861469777e-13,0.0,0.0,0.0,0.0,,,0.0,500.0,53.151606856158665,0.0,0.0
batched_greedy@10s+aware,3,500,2748,2647,0.963245997088792,0.0367540029112081,0.0043668122270742,0.0323871906841339,0.0,191.0539228969311,166.5254881124638,358.1555627334724,185.44071104897327,1058.8,7.597657725727238,183.45626517120388,0.2352344826744342,0.0950258424141707,0.6697396749113951,1075,4.205581395348837,0.0797483721036642,0.1615080000919988,0.0503181029496819,,,,2748,0.0,0.963245997088792,0.0,0.0,1.0,26808.58838366454,0.0,-6.052498048564737e-15,2.653891881891125e-13,0.0,0.0,0.0,0.0,,,0.0,500.0,53.61717676732908,0.0,0.0
batched_greedy@10s+aware,4,500,2748,2627,0.9559679767103348,0.0440320232896652,0.0058224163027656,0.0382096069868995,0.0,196.5025794967999,170.39790633340726,383.57519635082906,190.4276443520507,1050.8,9.19832508564903,187.30425441115088,0.2430001791965748,0.0957435020507059,0.6612563187527192,1064,5.045112781954887,0.080898872157288,0.1680069996655219,0.0493325594892629,,,,2748,0.0,0.9559679767103348,0.0,0.0,1.0,26553.95382723065,0.0,3.2626272364317506e-15,2.663764400022753e-13,0.0,0.0,0.0,0.0,,,0.0,500.0,53.1079076544613,0.0,0.0
batched_greedy@10s+aware,5,500,2748,2668,0.9708879184861716,0.0291120815138282,0.0018195050946142,0.0272925764192139,0.0,183.4794973422475,159.17185365355044,348.9863860843228,178.9529763408669,1067.2,6.87856071964018,176.60093662260732,0.2247808344159317,0.0931444693449883,0.6820746962390799,1040,4.060576923076923,0.0814288461994622,0.1686490009888074,0.0526770293609671,,,,2748,0.0,0.9708879184861716,0.0,0.0,1.0,27199.0401801386,0.0,-1.218149352836094e-14,2.604306908391176e-13,0.0,0.0,0.0,0.0,,,0.0,500.0,54.3980803602772,0.0,0.0
optimal@10s+aware,0,300,2748,1946,0.7081513828238719,0.2918486171761281,0.2106986899563318,0.0811499272197962,0.0,394.4551644612008,381.9175675600254,581.6093167954564,340.02847461739765,778.4,85.59198355601234,308.8631809051885,0.0258539953664833,0.1541772087494795,0.8199687958840373,1100,33.01090909090909,0.1466672727457824,0.2283030012586095,0.0415040794608017,3.152657700154963,0.0001110224648226,0.0336363636363636,2748,0.0,0.7081513828238719,0.0,0.0,1.0,19712.05886846066,0.0,-1.2505698201327561e-14,2.807520117951175e-13,0.0,0.0,0.0,0.0,,,0.0,300.0,65.70686289486886,0.0,0.0
optimal@10s+aware,1,300,2748,1969,0.7165211062590975,0.2834788937409024,0.1932314410480349,0.0902474526928675,0.0,381.9643296483492,373.0966164581196,581.3913406110584,328.96454340307605,787.6,78.2280345352971,303.7362951130521,0.0217760210374223,0.1546572068846172,0.8235667720779604,1098,31.494535519125684,0.1442215847077725,0.2102209998520265,0.0429275158339197,4.1453550241438055,0.0001534079281722,0.0510018214936247,2748,0.0,0.7165211062590975,0.0,0.0,1.0,19819.144914036377,0.0,8.245760036626861e-16,2.7911987940174884e-13,0.0,0.0,0.0,0.0,,,0.0,300.0,66.06381638012125,0.0,0.0
optimal@10s+aware,2,300,2748,1968,0.7161572052401747,0.2838427947598253,0.1968704512372634,0.0869723435225618,0.0,386.75065341572304,378.4561588373178,579.3127073460012,335.55054265097624,787.2,74.7433943089431,312.00725910677994,0.0198388548470622,0.1607284717637745,0.8194326733891631,1137,31.093227792436235,0.1421786279742989,0.2058759997453311,0.0469301340860973,2.5832315277414204,9.661403404870028e-05,0.0237467018469656,2748,0.0,0.7161572052401747,0.0,0.0,1.0,19694.341775649555,0.0,3.691717211964952e-16,2.7548785294538164e-13,0.0,0.0,0.0,0.0,,,0.0,300.0,65.64780591883185,0.0,0.0
optimal@10s+aware,3,300,2748,1945,0.7077874818049491,0.2922125181950509,0.2066957787481805,0.0855167394468704,0.0,399.473875289434,386.1795684807044,585.4631921685501,343.2178703794187,778.0,87.28637532133676,312.1874999680973,0.0199759851373582,0.1562841488966074,0.8237398659660343,1105,33.71402714932127,0.1423517647157191,0.2073120003478835,0.051110327811068,3.482589159772735,0.0001199376431237,0.0361990950226244,2748,0.0,0.7077874818049491,0.0,0.0,1.0,19662.223737762688,0.0,-8.016894774424371e-15,2.681778249911623e-13,0.0,0.0,0.0,0.0,,,0.0,300.0,65.5407457925423,0.0,0.0
optimal@10s+aware,4,300,2748,1926,0.7008733624454149,0.2991266375545851,0.2008733624454148,0.0982532751091703,0.0,393.7048223347414,382.2086586272503,590.7233751981812,335.8126160676695,770.4,84.39096573208722,309.3138566026541,0.0243941003732304,0.1541415556814072,0.8214643439453623,1091,33.6736938588451,0.1375299724672992,0.2130499986378707,0.0508950508950508,3.578658229845989,0.0001234625251987,0.0394133822181484,2748,0.0,0.7008733624454149,0.0,0.0,1.0,19613.928016809237,0.0,-2.493909082937839e-15,2.781003764645269e-13,0.0,0.0,0.0,0.0,,,0.0,300.0,65.37976005603078,0.0,0.0
optimal@10s+aware,5,300,2748,1923,0.6997816593886463,0.3002183406113537,0.2034206695778748,0.0967976710334788,0.0,389.0410636981146,374.1759655301739,586.2509339705584,333.1070021673611,769.2,83.1575663026521,305.8834973954625,0.0239674476816938,0.1513787310523496,0.8246538212659565,1094,32.841864716636195,0.1468648080588959,0.2222910002092248,0.044045102184637,3.901295493342333,0.0001382063670482,0.0383912248628884,2748,0.0,0.6997816593886463,0.0,0.0,1.0,19769.5388016546,0.0,-2.0830393514547923e-14,2.7593851396357986e-13,0.0,0.0,0.0,0.0,,,0.0,300.0,65.89846267218199,0.0,0.0
optimal@10s+aware,0,350,2748,2195,0.7987627365356623,0.2012372634643377,0.0978893740902474,0.1033478893740902,0.0,353.0543035081172,342.32275995073223,549.0558837911029,312.91290399153684,878.0,48.57129840546697,304.48300510265017,0.0462998566751717,0.1580311174853071,0.7956690258395213,1098,19.49544626593807,0.1355379781555253,0.200024000423582,0.0508474576271186,5.925821539016183,0.0003694150006711,0.0464480874316939,2748,0.0,0.7987627365356623,0.0,0.0,1.0,22230.34022303175,0.0,-6.71212010295475e-15,2.734132839140659e-13,0.0,0.0,0.0,0.0,,,0.0,350.0,63.51525778009072,0.0,0.0
optimal@10s+aware,1,350,2748,2198,0.7998544395924309,0.2001455604075691,0.0975254730713246,0.1026200873362445,0.0,343.4659228112308,335.39237792047084,539.1217129785573,303.98148963791203,879.2,48.24340309372157,295.2225197175093,0.0458896649947572,0.1537201547648662,0.8003901802403766,1097,19.620783956244303,0.1423013673893191,0.2007159995991968,0.0519521410579345,6.399481484248986,0.0003963438977965,0.048313582497721,2748,0.0,0.7998544395924309,0.0,0.0,1.0,22367.028765697138,0.0,-6.8007474083499124e-15,2.875023038364159e-13,0.0,0.0,0.0,0.0,,,0.0,350.0,63.9057964734204,0.0,0.0
optimal@10s+aware,2,350,2748,2212,0.8049490538573508,0.1950509461426492,0.1066229985443959,0.0884279475982532,0.0,353.7706717598623,341.26754847359143,549.8795765443182,316.69150739148034,884.8,49.59267631103074,304.17799544883155,0.0424947089899928,0.1587089895725443,0.7987963014374627,1120,20.633928571428573,0.1372342856922971,0.1942859997689083,0.0532994923857868,5.342298458631135,0.0003119790031647,0.0491071428571428,2748,0.0,0.8049490538573508,0.0,0.0,1.0,22570.7346002457,0.0,-2.7841903988248957e-15,2.7288840265240386e-13,0.0,0.0,0.0,0.0,,,0.0,350.0,64.48781314355915,0.0,0.0
optimal@10s+aware,3,350,2748,2211,0.8045851528384279,0.195414847161572,0.098981077147016,0.096433770014556,0.0,363.86068785208977,356.8908963429135,554.0766749992972,321.5423246403576,884.4,52.71099050203528,311.1496973500545,0.0383063490085911,0.1617388294381984,0.7999548215532103,1103,20.100634632819585,0.1380454216180451,0.206645998696331,0.0476942514213518,5.472507802634861,0.0003292263254011,0.0553037171350861,2748,0.0,0.8045851528384279,0.0,0.0,1.0,22524.070317451853,0.0,9.785629264538694e-16,2.665563633932774e-13,0.0,0.0,0.0,0.0,,,0.0,350.0,64.35448662129102,0.0,0.0
optimal@10s+aware,4,350,2748,2203,0.8016739446870451,0.1983260553129548,0.0978893740902474,0.1004366812227074,0.0,352.53046267196413,340.2828122147912,541.8256547963945,312.59591217162705,881.2,49.4521107580572,303.07835191390694,0.0472777571263541,0.1579699078456105,0.7947523350280353,1089,20.27640036730946,0.1423376492482319,0.1957120004954049,0.0531948378973874,7.326616920788604,0.0004375420889863,0.0587695133149678,2748,0.0,0.8016739446870451,0.0,0.0,1.0,22191.92032286779,0.0,-1.0009041056502636e-14,2.681960166635301e-13,0.0,0.0,0.0,0.0,,,0.0,350.0,63.40548663676512,0.0,0.0
optimal@10s+aware,5,350,2748,2220,0.8078602620087336,0.1921397379912663,0.0924308588064046,0.0997088791848617,0.0,354.98842581014435,345.421321784484,547.321379893623,315.6885979432712,888.0,50.16621621621621,304.82220959392816,0.0366863091522849,0.1595748792769598,0.8037388115707553,1103,19.47053490480508,0.1431586581831754,0.2019000002837856,0.0455974842767295,5.797660243984168,0.0003616936804795,0.0534904805077062,2748,0.0,0.8078602620087336,0.0,0.0,1.0,22485.06215942108,0.0,-6.456496998702982e-15,2.750016430790975e-13,0.0,0.0,0.0,0.0,,,0.0,350.0,64.24303474120309,0.0,0.0
optimal@10s+aware,0,400,2748,2443,0.8890101892285298,0.1109898107714701,0.0305676855895196,0.0804221251819505,0.0,291.5193675158284,280.02366091251406,491.4360725027939,268.5216463548194,977.2,20.441260744985676,271.0781067708427,0.079645279873184,0.1494193358361935,0.7709353842906225,1096,8.959854014598541,0.1430041971055481,0.1964049995876848,0.0488888888888888,6.2672456915365045,0.0009927592515204,0.0520072992700729,2748,0.0,0.8890101892285298,0.0,0.0,1.0,24755.95086121821,0.0,-5.671544554777713e-15,2.694958005789081e-13,0.0,0.0,0.0,0.0,,,0.0,400.0,61.889877153045525,0.0,0.0
optimal@10s+aware,1,400,2748,2416,0.8791848617176128,0.1208151382823871,0.0334788937409024,0.0873362445414847,0.0,284.82870843157394,267.3486845742823,490.51696724544126,261.65657111182145,966.4,22.24048013245033,262.5882282991236,0.0863182607191338,0.1428762841042624,0.7708054551766038,1097,9.883318140382862,0.1473471285328691,0.2039319992036325,0.0510234351824384,5.08259876027117,0.0007127820141994,0.0501367365542388,2748,0.0,0.8791848617176128,0.0,0.0,1.0,24703.965625711124,0.0,7.772664042930359e-15,2.7328139751148233e-13,0.0,0.0,0.0,0.0,,,0.0,400.0,61.75991406427781,0.0,0.0
optimal@10s+aware,2,400,2748,2454,0.8930131004366813,0.1069868995633187,0.0367540029112081,0.0702328966521106,0.0,275.41825475252625,256.96024536282266,477.3953132177877,257.4344495199204,981.6,17.88630806845966,257.5319466840665,0.0858477893495943,0.1448032659597731,0.7693489446906325,1116,9.098566308243727,0.1398137992705463,0.1998399997319211,0.0495226730310262,6.602690965763926,0.0010250005786359,0.0483870967741935,2748,0.0,0.8930131004366813,0.0,0.0,1.0,24756.03370704468,0.0,-2.6583824338620295e-15,2.6968520688375494e-13,0.0,0.0,0.0,0.0,,,0.0,400.0,61.890084267611705,0.0,0.0
optimal@10s+aware,3,400,2748,2439,0.8875545851528385,0.1124454148471615,0.029475982532751,0.0829694323144104,0.0,295.62739348116355,279.3557268004288,496.6109158370125,272.6439635843667,975.6,22.65969659696597,272.96769688419755,0.0853429475916679,0.1487571853459106,0.7658998670624214,1098,9.683060109289617,0.1386972677451866,0.1975089995721646,0.0474636606348264,7.278743460011851,0.0010443211304737,0.0555555555555555,2748,0.0,0.8875545851528385,0.0,0.0,1.0,24630.246874396053,0.0,-7.982316916698133e-16,2.676566999562406e-13,0.0,0.0,0.0,0.0,,,0.0,400.0,61.57561718599013,0.0,0.0
optimal@10s+aware,4,400,2748,2440,0.8879184861717613,0.1120815138282387,0.0240174672489082,0.0880640465793304,0.0,276.4901236541121,263.7908888627903,465.71111553125934,254.08574108545935,976.0,16.983606557377048,259.50651709673514,0.0879820615200683,0.1440831698830301,0.7679347685969016,1077,8.280408542246983,0.1393992571529359,0.1962479986832477,0.0456026058631921,6.034275956255288,0.0010704059487421,0.0519962859795728,2748,0.0,0.8879184861717613,0.0,0.0,1.0,24706.64311930128,0.0,-3.254591496122467e-15,2.6682590563272333e-13,0.0,0.0,0.0,0.0,,,0.0,400.0,61.7666077982532,0.0,0.0
optimal@10s+aware,5,400,2748,2428,0.883551673944687,0.1164483260553129,0.032023289665211,0.0844250363901018,0.0,289.15707387712365,275.85445141271293,483.43701923715247,266.6852453600693,971.2,18.9666392092257,270.19043466789793,0.0815319452112465,0.1459912996232888,0.7724767551654647,1099,9.03002729754322,0.1399698817067267,0.1959140001054038,0.0441132637853949,7.161140839069104,0.0011223687401892,0.0664240218380345,2748,0.0,0.883551673944687,0.0,0.0,1.0,24732.26808491508,0.0,-5.254445972229242e-15,2.657219127142385e-13,0.0,0.0,0.0,0.0,,,0.0,400.0,61.8306702122877,0.0,0.0
optimal@10s+aware,0,450,2748,2586,0.9410480349344978,0.0589519650655021,0.0120087336244541,0.046943231441048,0.0,223.14753638494724,202.57270356379516,402.9171535031333,214.183090710928,1034.4,10.05413766434648,213.0933987206008,0.1565019988076248,0.1167324561372445,0.7267655450551307,1091,5.442713107241064,0.1440778185223606,0.1964700002645258,0.0478832116788321,4.890371953446811,0.0017183543083425,0.0522456461961503,2748,0.0,0.9410480349344978,0.0,0.0,1.0,26162.596988377954,0.0,-1.447291199835405e-14,2.6918297444111143e-13,0.0,0.0,0.0,0.0,,,0.0,450.0,58.13910441861768,0.0,0.0
optimal@10s+aware,1,450,2748,2569,0.9348617176128092,0.0651382823871906,0.0134643377001455,0.0516739446870451,0.0,220.3634451424426,195.9546260687225,409.290753044222,210.6995138476352,1027.6,9.97275204359673,210.39069309884587,0.1606559496279762,0.1146386546462043,0.7247053957258195,1085,5.597235023041475,0.1429956682187463,0.2023480013303924,0.0468247000292654,3.222765131166687,0.0010775173136015,0.0433179723502304,2748,0.0,0.9348617176128092,0.0,0.0,1.0,26028.026055618084,0.0,3.4757889227151455e-15,2.70444451401594e-13,0.0,0.0,0.0,0.0,,,0.0,450.0,57.84005790137352,0.0,0.0
optimal@10s+aware,2,450,2748,2575,0.9370451237263464,0.0629548762736535,0.0145560407569141,0.0483988355167394,0.0,227.21580223818955,202.69853439069263,424.0134591255479,218.185702600352,1030.0,12.00621359223301,215.2095886459565,0.1653794423222566,0.1161889252496704,0.718431632428073,1072,6.351679104477612,0.1428513992306164,0.2003159986452374,0.0468795780837972,5.121793680961162,0.0013978126776224,0.0438432835820895,2748,0.0,0.9370451237263464,0.0,0.0,1.0,25892.54989135295,0.0,-1.95192298139146e-15,2.667153229665628e-13,0.0,0.0,0.0,0.0,,,0.0,450.0,57.53899975856211,0.0,0.0
optimal@10s+aware,3,450,2748,2599,0.9457787481804948,0.054221251819505,0.0116448326055312,0.0425764192139738,0.0,231.2637598662756,209.9159507258837,416.0849304198493,222.02494041854507,1039.6,10.94497883801462,220.318781028261,0.149035600446652,0.1213253198226475,0.7296390797307004,1093,5.4062214089661484,0.1494007319041038,0.2170640008262123,0.0439496044535599,4.852392630740503,0.0017157987217181,0.0384263494967978,2748,0.0,0.9457787481804948,0.0,0.0,1.0,26242.195811944694,0.0,2.8473653685807785e-15,2.6275796552887673e-13,0.0,0.0,0.0,0.0,,,0.0,450.0,58.31599069321043,0.0,0.0
optimal@10s+aware,4,450,2748,2554,0.9294032023289666,0.0705967976710334,0.0138282387190684,0.056768558951965,0.0,220.47531480088568,196.45187768496223,409.09992700046473,210.31188727822135,1021.6,11.021534847298357,209.4537799535873,0.1718694509042936,0.1132542169553148,0.7148763321403914,1071,6.093370681605975,0.1480106442576395,0.2127700005075893,0.0562645011600928,4.452059710185639,0.0013148837771845,0.0494864612511671,2748,0.0,0.9294032023289666,0.0,0.0,1.0,25822.629511246538,0.0,-5.640663260585761e-15,2.6744116362027577e-13,0.0,0.0,0.0,0.0,,,0.0,450.0,57.38362113610342,0.0,0.0
optimal@10s+aware,5,450,2748,2586,0.9410480349344978,0.0589519650655021,0.0058224163027656,0.0531295487627365,0.0,219.2351621515964,200.08197482115315,397.4375684582892,208.7374272038577,1034.4,8.376256767208043,210.85890538438835,0.1518460898013935,0.1153839969137422,0.7327699132848642,1053,4.765432098765432,0.142592972484499,0.199916000419762,0.0412280701754386,4.642486972870526,0.002152396460064,0.0484330484330484,2748,0.0,0.9410480349344978,0.0,0.0,1.0,26265.57420317784,0.0,-1.0142269425268638e-14,2.654547545084568e-13,0.0,0.0,0.0,0.0,,,0.0,450.0,58.36794267372853,0.0,0.0
optimal@10s+aware,0,500,2748,2655,0.9661572052401748,0.0338427947598253,0.0025473071324599,0.0312954876273653,0.0,189.23574164436025,166.18292941742266,360.5738223449367,184.00619564290275,1062.0,6.722787193973635,182.5129544503866,0.231584653515244,0.094576733390763,0.673838613093993,1040,4.036538461538462,0.1499139423091177,0.2137709996713964,0.0488580514599595,3.5632675761400625,0.0027167209990738,0.0413461538461538,2748,0.0,0.9661572052401748,0.0,0.0,1.0,26864.07837081797,0.0,3.2864274181295778e-15,2.683496446606441e-13,0.0,0.0,0.0,0.0,,,0.0,500.0,53.728156741635935,0.0,0.0
optimal@10s+aware,1,500,2748,2628,0.9563318777292577,0.0436681222707423,0.0069141193595342,0.0367540029112081,0.0,185.26302684102384,159.38915744961332,356.9037883307449,179.51699436854804,1051.2,7.462328767123288,177.80069807390055,0.2396623890012723,0.0917504523243259,0.6685871586744018,1052,4.527566539923955,0.1512653992551502,0.2052389994605619,0.0457325953976114,3.0957259617878754,0.0017235765033438,0.0389733840304182,2748,0.0,0.9563318777292577,0.0,0.0,1.0,26712.642675253774,0.0,-9.975108849866512e-16,2.6571895368963493e-13,0.0,0.0,0.0,0.0,,,0.0,500.0,53.42528535050754,0.0,0.0
optimal@10s+aware,2,500,2748,2632,0.9577874818049492,0.0422125181950509,0.0090975254730713,0.0331149927219796,0.0,196.77422720228796,171.8838063500002,377.0168404043023,191.744400469076,1052.8,8.8879179331307,187.8863092691572,0.2423880566290601,0.0961899497279834,0.6614219936429564,1056,5.1164772727272725,0.1432846590663564,0.2067349999379075,0.0477438136826783,3.1158469434836054,0.0013136283804884,0.0303030303030303,2748,0.0,0.9577874818049492,0.0,0.0,1.0,26538.86958615842,0.0,2.025229021971999e-15,2.6336565485021005e-13,0.0,0.0,0.0,0.0,,,0.0,500.0,53.077739172316846,0.0,0.0
optimal@10s+aware,3,500,2748,2648,0.9636098981077148,0.0363901018922852,0.0040029112081513,0.0323871906841339,0.0,193.23082399591547,170.0198817112996,363.6509083214531,187.64016011985768,1059.2,7.903700906344411,185.32712308957105,0.2333774210719644,0.0962345719521871,0.6703880069758484,1078,4.278293135435993,0.151131168841049,0.220883999918442,0.0554916618746406,3.1896368085964912,0.0019817395721741,0.0315398886827458,2748,0.0,0.9636098981077148,0.0,0.0,1.0,26837.38845997461,0.0,-6.249448759763117e-15,2.641015972548498e-13,0.0,0.0,0.0,0.0,,,0.0,500.0,53.67477691994922,0.0,0.0
optimal@10s+aware,4,500,2748,2623,0.9545123726346434,0.0454876273653566,0.0054585152838427,0.0400291120815138,0.0,192.88888379623248,169.04598977849764,362.0062305249871,186.33672136789176,1049.2,7.8974456728936335,184.99143812333887,0.2441065983307188,0.0945727349918284,0.6613206666774527,1058,4.655954631379962,0.1523535916408337,0.2103860004899616,0.0471067170689153,2.15207969063447,0.0011050749332241,0.0293005671077504,2748,0.0,0.9545123726346434,0.0,0.0,1.0,26513.395733006717,0.0,2.35944614123922e-15,2.668632460350231e-13,0.0,0.0,0.0,0.0,,,0.0,500.0,53.02679146601342,0.0,0.0
optimal@10s+aware,5,500,2748,2661,0.9683406113537116,0.0316593886462882,0.0010917030567685,0.0305676855895196,0.0,183.5761529243993,158.49773827051104,348.86536547530704,178.3637229774926,1064.4,6.925967681322811,176.65018524307652,0.2281134122672553,0.0926774608389822,0.6792091268937624,1040,4.0125,0.1579402884264989,0.2150269994308472,0.0504613610149942,2.769350110336731,0.0022047647503051,0.0375,2748,0.0,0.9683406113537116,0.0,0.0,1.0,27087.258199170967,0.0,-9.754942688521556e-15,2.605864081868174e-13,0.0,0.0,0.0,0.0,,,0.0,500.0,54.17451639834193,0.0,0.0
batched_greedy@30s+aware,0,300,2748,1926,0.7008733624454149,0.2991266375545851,0.2270742358078602,0.0720524017467248,0.0,373.5609967451989,358.0715298260548,568.5640011294854,328.2569939524534,770.4,87.49532710280374,286.0656696423951,0.0318232596360244,0.1452379350175653,0.8229388053464103,368,37.494565217391305,0.0931964673871176,0.2403200000117063,0.0576512455516014,,,,2748,0.0,0.7008733624454149,0.0,0.0,1.0,19754.84391374084,0.0,-7.911520752012123e-15,2.7831988473440084e-13,0.0,0.0,0.0,0.0,,,0.0,300.0,65.84947971246946,0.0,0.0
batched_greedy@30s+aware,1,300,2748,1956,0.7117903930131004,0.2882096069868995,0.2205240174672489,0.0676855895196506,0.0,367.59838357880966,352.261727714118,560.4618726673475,324.96448194974613,782.4,84.78476482617587,282.8136187526338,0.0318653376463259,0.1455022252381594,0.8226324371155146,368,37.36141304347826,0.0942133152153948,0.2388649986460223,0.0494227994227994,,,,2748,0.0,0.7117903930131004,0.0,0.0,1.0,19926.211829886983,0.0,-5.557018149432584e-15,2.752926266860512e-13,0.0,0.0,0.0,0.0,,,0.0,300.0,66.42070609962327,0.0,0.0
batched_greedy@30s+aware,2,300,2748,2001,0.7281659388646288,0.2718340611353712,0.2045123726346433,0.0673216885007278,0.0,362.75048109878935,348.85595935226775,557.2799162839165,323.1164699758509,800.4,79.2423788105947,283.50810228819466,0.0258492283967594,0.150125851399646,0.8240249202035945,380,34.81578947368421,0.092753684255417,0.2426780003588646,0.0530785562632696,,,,2748,0.0,0.7281659388646288,0.0,0.0,1.0,20139.00896989762,0.0,9.31233545492685e-15,2.721172723545021e-13,0.0,0.0,0.0,0.0,,,0.0,300.0,67.13002989965874,0.0,0.0
batched_greedy@30s+aware,3,300,2748,1955,0.7114264919941776,0.2885735080058224,0.2278020378457059,0.0607714701601164,0.0,375.0748964746683,362.05036306906,566.770267374084,331.6712628287279,782.0,89.2690537084399,285.8058427662284,0.0256882579139765,0.1472440114917889,0.8270677305942344,371,37.86792452830189,0.0924490566517294,0.2446499991492603,0.044,,,,2748,0.0,0.7114264919941776,0.0,0.0,1.0,19793.55391818143,0.0,-6.093221976991345e-15,2.775714298931074e-13,0.0,0.0,0.0,0.0,,,0.0,300.0,65.97851306060477,0.0,0.0
batched_greedy@30s+aware,4,300,2748,1973,0.7179767103347889,0.282023289665211,0.2034206695778748,0.0786026200873362,0.0,375.7774260019385,359.2459931726153,568.376190471134,329.34985329245785,789.2,86.65636087176888,289.12106513016965,0.0217600707716494,0.1511534082581069,0.8270865209702437,370,36.56486486486487,0.0918191891901802,0.2305339990743959,0.0406562054208273,,,,2748,0.0,0.7179767103347889,0.0,0.0,1.0,19921.689537196748,0.0,-4.602501856570745e-15,2.808750585271249e-13,0.0,0.0,0.0,0.0,,,0.0,300.0,66.40563179065583,0.0,0.0
batched_greedy@30s+aware,5,300,2748,1961,0.7136098981077147,0.2863901018922853,0.2136098981077147,0.0727802037845705,0.0,382.5099730316368,368.0779339700503,583.5556285542116,335.44355763717294,784.4,91.59408465068844,290.9158883809484,0.0185418592114147,0.1495648977812322,0.8318932430073529,370,37.497297297297294,0.0929659459526757,0.2485009999145404,0.0394406597346719,,,,2748,0.0,0.7136098981077147,0.0,0.0,1.0,19912.536185845667,0.0,8.456944136991708e-15,2.7594131863613563e-13,0.0,0.0,0.0,0.0,,,0.0,300.0,66.37512061948556,0.0,0.0
batched_greedy@30s+aware,0,350,2748,2220,0.8078602620087336,0.1921397379912663,0.1131732168850072,0.0789665211062591,0.0,349.8564759843267,339.04334819760425,540.6890693001177,316.9439813495996,888.0,61.9490990990991,287.9073768852276,0.0472150230870073,0.1521683916768438,0.8006165852361489,368,26.29076086956522,0.0971812499637567,0.2530489994569506,0.0518447837150127,,,,2748,0.0,0.8078602620087336,0.0,0.0,1.0,22476.488658040827,0.0,-7.5231112630816e-15,2.741878796080749e-13,0.0,0.0,0.0,0.0,,,0.0,350.0,64.2185390229738,0.0,0.0
batched_greedy@30s+aware,1,350,2748,2224,0.8093158660844251,0.1906841339155749,0.1102620087336244,0.0804221251819505,0.0,334.02110244664294,317.6568378219372,532.4150781597867,304.63559249587666,889.6,57.02742805755396,276.993674389089,0.0534187780356158,0.1482381021068998,0.7983431198574842,368,25.869565217391305,0.101769565251585,0.2662209990558039,0.0498721227621483,,,,2748,0.0,0.8093158660844251,0.0,0.0,1.0,22485.66229894838,0.0,-1.5950470360981566e-15,2.768616670854983e-13,0.0,0.0,0.0,0.0,,,0.0,350.0,64.2447494255668,0.0,0.0
batched_greedy@30s+aware,2,350,2748,2237,0.8140465793304221,0.1859534206695778,0.1109898107714701,0.0749636098981077,0.0,342.23596158313006,329.4774289171009,539.1815289190987,311.57460472716565,894.8,58.79615556548949,283.4398060176406,0.0399823260821215,0.1520896311752393,0.8079280427426391,380,25.492105263157896,0.097140789449967,0.2599079999708917,0.0457179652285898,,,,2748,0.0,0.8140465793304221,0.0,0.0,1.0,22677.8779393279,0.0,1.789459158510713e-15,2.7509907132307745e-13,0.0,0.0,0.0,0.0,,,0.0,350.0,64.79393696950828,0.0,0.0
batched_greedy@30s+aware,3,350,2748,2239,0.8147743813682679,0.1852256186317321,0.1048034934497816,0.0804221251819505,0.0,346.2015734992022,331.45681782866905,555.0251494194225,312.5294234084177,895.6,58.16882536846806,288.0327481307341,0.0436717828573847,0.1553526226021214,0.8009755945404938,369,24.902439024390244,0.0989972900057862,0.2696280006057349,0.0503961965134706,,,,2748,0.0,0.8147743813682679,0.0,0.0,1.0,22537.124867148017,0.0,5.315186532184894e-15,2.737061235194067e-13,0.0,0.0,0.0,0.0,,,0.0,350.0,64.39178533470862,0.0,0.0
batched_greedy@30s+aware,4,350,2748,2218,0.8071324599708879,0.192867540029112,0.1102620087336244,0.0826055312954876,0.0,335.33620734546696,320.7710167424873,534.6900667869681,303.86788819189155,887.2,58.05275022542831,277.28345712003863,0.0522434379473336,0.1471096845711635,0.8006468774815028,364,26.071428571428573,0.0977689560736157,0.2516949989876593,0.0449871465295629,,,,2748,0.0,0.8071324599708879,0.0,0.0,1.0,22498.84807659186,0.0,-3.941542013123685e-15,2.684096808154637e-13,0.0,0.0,0.0,0.0,,,0.0,350.0,64.28242307597675,0.0,0.0
batched_greedy@30s+aware,5,350,2748,2231,0.8118631732168851,0.188136826783115,0.1040756914119359,0.084061135371179,0.0,343.8376840028043,331.035117617902,534.6848859800994,310.3758786299802,892.4,59.30838189152846,284.5293021112758,0.0392231579895211,0.1516231877663985,0.8091536542440803,368,25.26086956521739,0.0934038044543621,0.2683199998864438,0.050332383665717,,,,2748,0.0,0.8118631732168851,0.0,0.0,1.0,22718.066694700145,0.0,-8.023463859541159e-15,2.766618051740226e-13,0.0,0.0,0.0,0.0,,,0.0,350.0,64.90876198485756,0.0,0.0
batched_greedy@30s+aware,0,400,2748,2443,0.8890101892285298,0.1109898107714701,0.037117903930131,0.0738719068413391,0.0,288.21989010946663,268.7750676062915,495.7802763912943,268.7507045623356,977.2,33.89684813753582,254.3230419719308,0.0892690526095319,0.1391235495723121,0.771607397818156,367,16.08991825613079,0.1152752042836138,0.2697619999889864,0.0474485228290062,,,,2748,0.0,0.8890101892285298,0.0,0.0,1.0,24737.47064407579,0.0,-1.3219788660309435e-14,2.7420536392266386e-13,0.0,0.0,0.0,0.0,,,0.0,400.0,61.84367661018948,0.0,0.0
batched_greedy@30s+aware,1,400,2748,2445,0.8897379912663755,0.1102620087336244,0.0360262008733624,0.074235807860262,0.0,283.70612526144345,261.64087500360984,481.5510895987302,265.27641707480853,978.0,31.69243353783231,252.01369172361115,0.0894379334152165,0.1384542063192739,0.7721078602655095,368,15.730978260869565,0.1134760869500377,0.2614990000074613,0.0562130177514792,,,,2748,0.0,0.8897379912663755,0.0,0.0,1.0,24812.53799142028,0.0,-8.420439987177467e-16,2.726929339005363e-13,0.0,0.0,0.0,0.0,,,0.0,400.0,62.0313449785507,0.0,0.0
batched_greedy@30s+aware,2,400,2748,2461,0.8955604075691412,0.1044395924308588,0.0436681222707423,0.0607714701601164,0.0,276.65192535438825,256.243004886599,482.4011313497999,261.47888823726026,984.4,30.956928078017068,245.6949972763712,0.0909949218900438,0.138540734016205,0.7704643440937511,380,15.56578947368421,0.1133426315056184,0.2840680005465401,0.0509745127436281,,,,2748,0.0,0.8955604075691412,0.0,0.0,1.0,24778.659354430198,0.0,-2.2426414872070615e-15,2.734095400755395e-13,0.0,0.0,0.0,0.0,,,0.0,400.0,61.94664838607548,0.0,0.0
batched_greedy@30s+aware,3,400,2748,2448,0.8908296943231441,0.1091703056768559,0.0454876273653566,0.0636826783114992,0.0,286.6373912747554,269.244049027682,490.7836583738174,268.9845769803156,979.2,35.00367647058823,251.63371480416717,0.0912509051651949,0.138878996991659,0.769870097843146,369,16.51761517615176,0.1139712737256258,0.271483999749762,0.0599584446423271,,,,2748,0.0,0.8908296943231441,0.0,0.0,1.0,24704.76094793841,0.0,1.5176676183029509e-15,2.7132653422498545e-13,0.0,0.0,0.0,0.0,,,0.0,400.0,61.76190236984602,0.0,0.0
batched_greedy@30s+aware,4,400,2748,2454,0.8930131004366813,0.1069868995633187,0.0305676855895196,0.0764192139737991,0.0,275.9703933149213,258.3407164276864,478.8746829166913,256.4051874563042,981.6,30.69682151589242,245.27357179902896,0.0951220233559215,0.1377524303394906,0.7671255463045878,361,15.13573407202216,0.1172963988956275,0.2600399991933954,0.0518058022498519,,,,2748,0.0,0.8930131004366813,0.0,0.0,1.0,24608.103281773423,0.0,-9.381248833996433e-16,2.703167762979264e-13,0.0,0.0,0.0,0.0,,,0.0,400.0,61.52025820443356,0.0,0.0
batched_greedy@30s+aware,5,400,2748,2441,0.8882823871906841,0.1117176128093158,0.037117903930131,0.0745997088791848,0.0,285.18724233686925,269.21899715510244,483.776958356304,265.63690454821653,976.4,32.651372388365424,252.53586994850383,0.0874695871212632,0.1380527059176637,0.774477706961073,370,15.605405405405405,0.1062786486481609,0.2688149998539302,0.0463239689181111,,,,2748,0.0,0.8882823871906841,0.0,0.0,1.0,24677.88767060691,0.0,3.7208162719596404e-15,2.670400656939608e-13,0.0,0.0,0.0,0.0,,,0.0,400.0,61.69471917651728,0.0,0.0
batched_greedy@30s+aware,0,450,2748,2581,0.9392285298398836,0.0607714701601164,0.0167394468704512,0.0440320232896652,0.0,231.77124295355557,211.2779464466048,417.5249417065743,223.28005371132804,1032.4,22.310732274312283,209.46051067924327,0.1579595981955853,0.113724814695055,0.7283155871093596,367,12.016348773841962,0.1400256130531667,0.2984500005550207,0.0483304042179261,,,,2748,0.0,0.9392285298398836,0.0,0.0,1.0,26177.228187421737,0.0,-4.064078704633273e-16,2.676121840809521e-13,0.0,0.0,0.0,0.0,,,0.0,450.0,58.17161819427053,0.0,0.0
batched_greedy@30s+aware,1,450,2748,2553,0.9290393013100436,0.0709606986899563,0.0211062590975254,0.0498544395924308,0.0,228.341084306343,202.11908096673145,422.2911360262107,219.072102173694,1021.2,23.82334508421465,204.5177392221284,0.1690800049655019,0.1107437237963424,0.7201762712381558,368,12.66304347826087,0.1467921195389072,0.2881950001938094,0.0513196480938416,,,,2748,0.0,0.9290393013100436,0.0,0.0,1.0,25880.056955890977,0.0,-4.311648744439288e-15,2.6479980240120695e-13,0.0,0.0,0.0,0.0,,,0.0,450.0,57.51123767975773,0.0,0.0
batched_greedy@30s+aware,2,450,2748,2575,0.9370451237263464,0.0629548762736535,0.0178311499272197,0.0451237263464337,0.0,237.453552543224,215.2707854789528,434.2925777295357,229.24895446755025,1030.0,23.60388349514563,213.8496690480784,0.1628236281895279,0.1160702990639498,0.7211060727465223,364,12.813186813186814,0.1410791209119642,0.2924899995559827,0.0439268867924528,,,,2748,0.0,0.9370451237263464,0.0,0.0,1.0,26063.722977028658,0.0,-2.7104101056324603e-15,2.6944815310997405e-13,0.0,0.0,0.0,0.0,,,0.0,450.0,57.91938439339702,0.0,0.0
batched_greedy@30s+aware,3,450,2748,2575,0.9370451237263464,0.0629548762736535,0.0141921397379912,0.0487627365356623,0.0,239.53070638182908,215.137964143858,433.3285727646136,229.44773105822784,1030.0,23.457864077669903,216.0728423041592,0.159146921667127,0.1175364287800529,0.7233166495528199,363,12.300275482093664,0.1326531680153629,0.2721000001110951,0.0526775320139697,,,,2748,0.0,0.9370451237263464,0.0,0.0,1.0,26060.972089604264,0.0,-5.992358712796224e-15,2.6663874991445663e-13,0.0,0.0,0.0,0.0,,,0.0,450.0,57.9132713102317,0.0,0.0
batched_greedy@30s+aware,4,450,2748,2559,0.9312227074235808,0.0687772925764192,0.0163755458515283,0.0524017467248908,0.0,231.24722817281724,209.30945938943023,427.6768298131277,221.5160427327668,1023.6,24.10003907776475,207.1471890950525,0.1745536594866958,0.1115722542239476,0.7138740862893564,363,12.743801652892564,0.1449556474210473,0.3060680002818117,0.0444509861642625,,,,2748,0.0,0.9312227074235808,0.0,0.0,1.0,25815.745179506503,0.0,2.5708235852750407e-15,2.679650605008129e-13,0.0,0.0,0.0,0.0,,,0.0,450.0,57.36832262112557,0.0,0.0
batched_greedy@30s+aware,5,450,2748,2579,0.938500727802038,0.0614992721979621,0.0127365356622998,0.0487627365356623,0.0,226.22164755422173,206.3026618376971,408.5047187286149,217.58053718238423,1031.6,21.589763474214813,204.63188408000693,0.1561821108911344,0.1128659515250525,0.730951937583813,360,12.030555555555557,0.1396741666515784,0.2736329996696441,0.0481751824817518,,,,2748,0.0,0.938500727802038,0.0,0.0,1.0,26192.198167632014,0.0,-3.941184115955112e-15,2.665120719865591e-13,0.0,0.0,0.0,0.0,,,0.0,450.0,58.20488481696003,0.0,0.0
batched_greedy@30s+aware,0,500,2748,2650,0.9643377001455604,0.0356622998544395,0.0043668122270742,0.0312954876273653,0.0,203.23564963240543,181.54610619042023,377.8867707216885,198.11154454920356,1060.0,19.701132075471698,183.5345175569338,0.2333867760099346,0.095071500026518,0.6715417239635473,360,10.84722222222222,0.165652777721132,0.2966610003022652,0.058469475494411,,,,2748,0.0,0.9643377001455604,0.0,0.0,1.0,26791.51618035332,0.0,-6.334555521634855e-16,2.660520022319996e-13,0.0,0.0,0.0,0.0,,,0.0,500.0,53.58303236070664,0.0,0.0
batched_greedy@30s+aware,1,500,2748,2639,0.960334788937409,0.0396652110625909,0.0090975254730713,0.0305676855895196,0.0,197.5351730418686,169.0595570081896,382.3993860067418,193.1588789083389,1055.6,19.622963243652897,177.91220979821577,0.2385029639359828,0.0914402422257895,0.6700567938382277,368,10.978260869565217,0.1646660326939483,0.3300930009208968,0.0527383367139959,,,,2748,0.0,0.960334788937409,0.0,0.0,1.0,26789.36738248023,0.0,5.439630052445349e-15,2.6721431686029604e-13,0.0,0.0,0.0,0.0,,,0.0,500.0,53.57873476496047,0.0,0.0
batched_greedy@30s+aware,2,500,2748,2624,0.9548762736535662,0.0451237263464337,0.0145560407569141,0.0305676855895196,0.0,207.3992412808207,183.6050005521101,395.3622029259137,202.98982499138737,1049.6,21.117759146341463,186.2814821344793,0.2435425933084828,0.0947653519644452,0.6616920547270719,380,11.281578947368422,0.1568278946682479,0.3002769999875449,0.0476747587013746,,,,2748,0.0,0.9548762736535662,0.0,0.0,1.0,26520.8883279191,0.0,-1.4148573911381568e-16,2.688005644627055e-13,0.0,0.0,0.0,0.0,,,0.0,500.0,53.0417766558382,0.0,0.0
batched_greedy@30s+aware,3,500,2748,2647,0.963245997088792,0.0367540029112081,0.0080058224163027,0.0287481804949053,0.0,199.3434947303423,178.1330878806748,365.8522970838058,194.7705686973455,1058.8,19.54287873063846,179.8006159997039,0.2365815210075876,0.0930403342436902,0.6703781447487221,369,10.750677506775068,0.1716002710160438,0.3413999995973426,0.0554112554112554,,,,2748,0.0,0.963245997088792,0.0,0.0,1.0,26823.61573560381,0.0,2.959476260579941e-16,2.6236730120467e-13,0.0,0.0,0.0,0.0,,,0.0,500.0,53.64723147120762,0.0,0.0
batched_greedy@30s+aware,4,500,2748,2633,0.958151382823872,0.041848617176128,0.0083697234352256,0.0334788937409024,0.0,203.36863351519676,179.03558720174988,378.22256233611154,198.13443182693752,1053.2,21.06570451955944,182.3029289956373,0.2448030437295223,0.0931151000680535,0.6620818562024241,360,11.558333333333334,0.1622236111264404,0.3415149995453249,0.0502614758861127,,,,2748,0.0,0.958151382823872,0.0,0.0,1.0,26553.28442965507,0.0,9.777383780861425e-16,2.657797179368697e-13,0.0,0.0,0.0,0.0,,,0.0,500.0,53.10656885931014,0.0,0.0
batched_greedy@30s+aware,5,500,2748,2654,0.965793304221252,0.0342066957787481,0.004730713245997,0.029475982532751,0.0,190.35925388516543,166.74935023581338,354.61560300051804,185.8870188591061,1061.6,18.523737754333084,171.8355161308324,0.2327215256535503,0.0899644653484376,0.677314008998012,363,10.523415977961433,0.1638650137315117,0.318026000240934,0.0500578703703703,,,,2748,0.0,0.965793304221252,0.0,0.0,1.0,26967.80687920965,0.0,1.4410310004629764e-15,2.668008993839067e-13,0.0,0.0,0.0,0.0,,,0.0,500.0,53.935613758419294,0.0,0.0
optimal@30s+aware,0,300,2748,1922,0.6994177583697234,0.3005822416302766,0.2372634643377001,0.0633187772925764,0.0,375.6506867031456,359.84091970349937,566.9890518254984,330.51439637534395,768.8,88.36108220603538,287.28960449711013,0.0312612406340208,0.1455337333542402,0.823205026011739,372,37.456989247311824,0.1895924731221013,0.2647769998839067,0.0521361332367849,34.87252033803883,0.0011774653435591,0.2473118279569892,2748,0.0,0.6994177583697234,0.0,0.0,1.0,19736.4589067238,0.0,-2.621096772392877e-15,2.735478625901813e-13,0.0,0.0,0.0,0.0,,,0.0,300.0,65.788196355746,0.0,0.0
optimal@30s+aware,1,300,2748,1981,0.7208879184861717,0.2791120815138282,0.2045123726346433,0.0745997088791848,0.0,371.5635276723327,354.8043718782392,565.1745665058706,327.39728831047813,792.4,83.62089853609288,287.9426291362399,0.0286605385014813,0.1507626522370937,0.8205768092614251,371,36.01617250673854,0.1866183288514565,0.2551299998231116,0.0468417317246274,36.3876180841588,0.0012871723390906,0.2722371967654987,2748,0.0,0.7208879184861717,0.0,0.0,1.0,19952.759471992125,0.0,-9.88160139837999e-16,2.776156106838157e-13,0.0,0.0,0.0,0.0,,,0.0,300.0,66.50919823997374,0.0,0.0
optimal@30s+aware,2,300,2748,1992,0.7248908296943232,0.2751091703056768,0.2085152838427947,0.0665938864628821,0.0,364.9922353218232,352.4839347196309,555.3790099217283,324.006577570114,796.8,76.7640562248996,288.2281790969236,0.0200044128777669,0.1508358567739585,0.8291597303482745,380,34.36052631578947,0.183217368421059,0.2666210001370925,0.0485887817077527,38.84266562735898,0.0014429434456909,0.2710526315789474,2748,0.0,0.7248908296943232,0.0,0.0,1.0,20133.648777998507,0.0,3.745330685482456e-16,2.721178926991292e-13,0.0,0.0,0.0,0.0,,,0.0,300.0,67.11216259332835,0.0,0.0
optimal@30s+aware,3,300,2748,1940,0.7059679767103348,0.2940320232896652,0.2267103347889374,0.0673216885007278,0.0,383.663641442826,370.52514047230943,574.5999633412592,334.90237389334607,776.0,91.91907216494846,291.7445692778775,0.0198367569841089,0.1488205110971743,0.8313427319187168,369,38.25745257452574,0.1912813007760667,0.2638440004375297,0.0487540628385698,34.783793734760465,0.0011470289118768,0.2574525745257452,2748,0.0,0.7059679767103348,0.0,0.0,1.0,19796.317003470285,0.0,-1.1758749758545367e-14,2.669607948219076e-13,0.0,0.0,0.0,0.0,,,0.0,300.0,65.98772334490094,0.0,0.0
optimal@30s+aware,4,300,2748,1961,0.7136098981077147,0.2863901018922853,0.2096069868995633,0.0767831149927219,0.0,376.67060259211854,356.88191220741646,569.6345702064714,328.725098556124,784.4,86.70525242223356,289.96535016988497,0.0248471502545035,0.1519525774327763,0.82320027231272,367,36.93732970027248,0.1825381470592762,0.2406820002215681,0.0467690110674759,45.266987853133536,0.001555555388974,0.2915531335149863,2748,0.0,0.7136098981077147,0.0,0.0,1.0,19683.388472056857,0.0,-8.400781911574668e-15,2.7557717001327025e-13,0.0,0.0,0.0,0.0,,,0.0,300.00000000000006,65.61129490685619,0.0,0.0
optimal@30s+aware,5,300,2748,1938,0.7052401746724891,0.2947598253275109,0.2248908296943231,0.0698689956331877,0.0,373.5290899271617,357.5849574589856,556.3797502186434,328.4383629131856,775.2,88.88493292053664,284.64415700662505,0.0247288013306,0.144848643884012,0.8304225547853878,370,37.516216216216215,0.1929024323839552,0.257556999931694,0.0426917510853835,41.61097036093568,0.0014044466470902,0.2810810810810811,2748,0.0,0.7052401746724891,0.0,0.0,1.0,19880.39381421157,0.0,-1.3732393275487386e-14,2.799256068313508e-13,0.0,0.0,0.0,0.0,,,0.0,300.0,66.26797938070521,0.0,0.0
optimal@30s+aware,0,350,2748,2214,0.8056768558951966,0.1943231441048035,0.1189956331877729,0.0753275109170305,0.0,355.4970465451353,342.9837603120477,547.1834194793094,320.6784315701224,885.6,64.49186991869918,291.0051766264361,0.0415059296442109,0.1521001594140742,0.8063939109417148,367,26.78201634877384,0.1789188011023561,0.241974000164191,0.0490856592877767,43.01407393165954,0.0022108969877481,0.3106267029972752,2748,0.0,0.8056768558951966,0.0,0.0,1.0,22558.3753023689,0.0,-3.243014609239301e-15,2.704571485968521e-13,0.0,0.0,0.0,0.0,,,0.0,350.0,64.45250086391114,0.0,0.0
optimal@30s+aware,1,350,2748,2205,0.8024017467248908,0.1975982532751091,0.1193595342066957,0.0782387190684134,0.0,335.25999676853866,326.05067291107844,522.7355712575611,304.5275529984235,882.0,57.29433106575964,277.965665702779,0.0550523467014676,0.1476615285953932,0.7972861247031391,368,26.05163043478261,0.1776956522146223,0.2441390008061715,0.0527500804117079,61.23165679365315,0.0032696945079345,0.3641304347826087,2748,0.0,0.8024017467248908,0.0,0.0,1.0,22474.82212941871,0.0,-3.0612952334335383e-15,2.704348209215188e-13,0.0,0.0,0.0,0.0,,,0.0,350.0,64.21377751262489,0.0,0.0
optimal@30s+aware,2,350,2748,2243,0.8162299854439592,0.1837700145560407,0.1048034934497816,0.0789665211062591,0.0,347.8509077142223,335.38705227852915,543.7478405621152,314.4259904935817,897.2,57.007579135086935,290.84332857913535,0.0402126682014484,0.1575607106456344,0.8022266211529171,364,25.73351648351648,0.1812807693188385,0.2408550011932675,0.0497448979591836,51.07289110576118,0.0027573765284835,0.3763736263736263,2748,0.0,0.8162299854439592,0.0,0.0,1.0,22582.66149675339,0.0,-7.019896132163986e-15,2.6464628279478505e-13,0.0,0.0,0.0,0.0,,,0.0,350.0,64.52188999072398,0.0,0.0
optimal@30s+aware,3,350,2748,2229,0.8111353711790393,0.1888646288209607,0.1033478893740902,0.0855167394468704,0.0,353.4085205943351,338.8306535520642,541.512863540257,315.98386094844585,891.6,58.29789143113504,295.11062916320003,0.0387694187518463,0.1576852272159551,0.8035453540321985,369,24.607046070460704,0.1758902438990879,0.2550919997156596,0.0569182389937106,54.40514037285773,0.0031100491574538,0.3441734417344173,2748,0.0,0.8111353711790393,0.0,0.0,1.0,22519.074585347797,0.0,8.39964158244892e-16,2.699855194103615e-13,0.0,0.0,0.0,0.0,,,0.0,350.0,64.3402131009937,0.0,0.0
optimal@30s+aware,4,350,2748,2220,0.8078602620087336,0.1921397379912663,0.1106259097525473,0.081513828238719,0.0,338.635807591018,328.1899058759104,538.0012642160422,306.1217914727501,888.0,58.663963963963965,279.97184362705406,0.0490205721651516,0.1490854169727564,0.8018940108620919,366,25.849726775956285,0.1845027322293599,0.251409999509633,0.0406451612903225,53.63517766720376,0.0028913121517459,0.360655737704918,2748,0.0,0.8078602620087336,0.0,0.0,1.0,22463.635472232047,0.0,3.1406308984891816e-15,2.7109205771094e-13,0.0,0.0,0.0,0.0,,,0.0,350.0,64.1818156349487,0.0,0.0
optimal@30s+aware,5,350,2748,2236,0.8136826783114993,0.1863173216885007,0.1026200873362445,0.0836972343522561,0.0,346.101612932805,335.4780331173506,536.6611307644189,311.4813949449255,894.4,59.82915921288014,286.27245371992484,0.0375493958966373,0.152355319925063,0.8100952841782996,367,25.057220708446867,0.1785084469214066,0.2542159995937254,0.043312101910828,51.608621389445005,0.0028947001004393,0.3678474114441417,2748,0.0,0.8136826783114993,0.0,0.0,1.0,22654.252388767447,0.0,1.1598752171396985e-15,2.7584374855838773e-13,0.0,0.0,0.0,0.0,,,0.0,350.0,64.72643539647842,0.0,0.0
optimal@30s+aware,0,400,2748,2439,0.8875545851528385,0.1124454148471615,0.0349344978165938,0.0775109170305676,0.0,295.4176539847357,282.3185026295496,487.7965384155043,274.12143016970344,975.6,34.53218532185322,260.88546866288254,0.0839693270390326,0.1430534569035717,0.7729772160573957,367,16.079019073569484,0.1726920981095261,0.2410260003307484,0.0549807862843629,62.41770403751581,0.0068955018380748,0.3923705722070845,2748,0.0,0.8875545851528385,0.0,0.0,1.0,24697.1686911532,0.0,-4.200912771488579e-15,2.7301563133152024e-13,0.0,0.0,0.0,0.0,,,0.0,400.0,61.742921727883,0.0,0.0
optimal@30s+aware,1,400,2748,2453,0.8926491994177583,0.1073508005822416,0.0360262008733624,0.0713245997088791,0.0,290.7298127725945,277.17336855450776,479.972599043253,271.5297249324641,981.2,32.790868324500615,257.9389444480939,0.0836221266577408,0.1420674343939946,0.7743104389482645,368,15.815217391304348,0.1823410326501882,0.2479330000278422,0.053147268408551,55.95940763098251,0.0063299533810543,0.3668478260869565,2748,0.0,0.8926491994177583,0.0,0.0,1.0,24866.14444136503,0.0,4.040795419426578e-16,2.7778585700656204e-13,0.0,0.0,0.0,0.0,,,0.0,400.0,62.16536110341258,0.0,0.0
optimal@30s+aware,2,400,2748,2452,0.8922852983988355,0.1077147016011644,0.0411208151382823,0.0665938864628821,0.0,291.1121445999451,277.0108756672894,485.05191960483467,272.7447165578872,980.8,32.27732463295269,258.8348199669924,0.0854150603329429,0.1439524302838245,0.7706325093832325,380,15.628947368421052,0.1743728946884833,0.2377719996184166,0.0482903419316136,61.31555450806889,0.0068482416304693,0.3815789473684211,2748,0.0,0.8922852983988355,0.0,0.0,1.0,24767.991338203487,0.0,-2.7616118563596065e-15,2.734531832437591e-13,0.0,0.0,0.0,0.0,,,0.0,400.0,61.91997834550872,0.0,0.0
optimal@30s+aware,3,400,2748,2450,0.8915574963609898,0.1084425036390101,0.0389374090247452,0.0695050946142649,0.0,288.1262907608473,273.2161630038404,486.8939647700093,269.27041550844166,980.0,31.89632653061225,256.22996423023505,0.0897434080657529,0.1413853126892781,0.768871279244969,369,15.533875338753388,0.1781143631330936,0.2533719996426952,0.0506706408345752,59.5434050177544,0.0069469697987444,0.3604336043360434,2748,0.0,0.8915574963609898,0.0,0.0,1.0,24666.68648210972,0.0,-5.9761719382679856e-15,2.680845115060502e-13,0.0,0.0,0.0,0.0,,,0.0,400.0,61.66671620527431,0.0,0.0
optimal@30s+aware,4,400,2748,2449,0.891193595342067,0.108806404657933,0.0323871906841339,0.0764192139737991,0.0,285.60277903004766,272.1927443402801,486.1643734138516,265.8687225033106,979.6,30.92854226214781,254.67423676789983,0.0900313851893212,0.1410926178251293,0.7688759969855494,366,15.300546448087433,0.1754551912661733,0.2293750002536398,0.0502079619726678,61.158330067155575,0.0073381285977205,0.366120218579235,2748,0.0,0.891193595342067,0.0,0.0,1.0,24768.817327382385,0.0,6.257505289304189e-15,2.70958610568884e-13,0.0,0.0,0.0,0.0,,,0.0,400.0,61.92204331845597,0.0,0.0
optimal@30s+aware,5,400,2748,2437,0.8868267831149927,0.1131732168850072,0.0382096069868995,0.0749636098981077,0.0,293.79013757684595,284.46462117869214,487.0187504720725,274.18531743172457,974.8,33.377102995486254,260.4130345813597,0.0794817163985052,0.1433060102734775,0.7772122733280171,370,16.062162162162164,0.1755664865413564,0.2439930001310131,0.046337817638266,57.17124749671712,0.0062738468141164,0.3675675675675676,2748,0.0,0.8868267831149927,0.0,0.0,1.0,24782.770779675742,0.0,-6.273192880216826e-15,2.672329143181331e-13,0.0,0.0,0.0,0.0,,,0.0,400.0,61.956926949189366,0.0,0.0
optimal@30s+aware,0,450,2748,2594,0.9439592430858806,0.0560407569141193,0.0116448326055312,0.044395924308588,0.0,230.92008786876497,212.1911398850941,412.0242424387027,222.275939042022,1037.6,20.456437933693135,210.46364993507183,0.1535112378681546,0.1162561137803347,0.7302326483515107,360,11.51388888888889,0.1861152778272096,0.2594789998693159,0.051453488372093,40.66716745201913,0.0100285086413205,0.2916666666666667,2748,0.0,0.9439592430858806,0.0,0.0,1.0,26304.20796322256,0.0,-4.3374881344491855e-15,2.691879102044575e-13,0.0,0.0,0.0,0.0,,,0.0,450.0,58.45379547382792,0.0,0.0
optimal@30s+aware,1,450,2748,2571,0.9355895196506552,0.0644104803493449,0.0156477438136826,0.0487627365356623,0.0,231.53635263024043,210.35990029847108,418.0843590855743,222.69283785510555,1028.4,21.73551147413458,209.80084115610583,0.1595658921604986,0.1148222723466838,0.7256118354928175,368,12.019021739130435,0.1814652173824588,0.2556040004492385,0.0535818287711124,41.72544942661061,0.0088664607411715,0.3043478260869565,2748,0.0,0.9355895196506552,0.0,0.0,1.0,26093.65346749244,0.0,6.674465638979491e-15,2.7045827438548443e-13,0.0,0.0,0.0,0.0,,,0.0,450.0,57.98589659442765,0.0,0.0
optimal@30s+aware,2,450,2748,2578,0.9381368267831148,0.061863173216885,0.0181950509461426,0.0436681222707423,0.0,240.0933996880975,219.56596138031728,427.1673828295408,231.7643961509168,1031.2,24.54965089216447,215.54374879593303,0.1601545148385643,0.1169078614861856,0.7229376236752502,380,12.43421052631579,0.1765892105810819,0.2452670007369305,0.0411120970127181,40.85367938430021,0.0075541689375626,0.3368421052631579,2748,0.0,0.9381368267831148,0.0,0.0,1.0,26072.412770665756,0.0,-7.437202306464936e-15,2.669444701490107e-13,0.0,0.0,0.0,0.0,,,0.0,450.0,57.9386950459239,0.0,0.0
optimal@30s+aware,3,450,2748,2595,0.9443231441048034,0.0556768558951965,0.0163755458515283,0.0393013100436681,0.0,237.26772752183024,218.94352999796047,421.4155474165683,229.13851138476383,1038.0,23.039691714836223,214.228035806994,0.1546778084936578,0.1173087312134439,0.7280134602928982,369,12.043360433604336,0.1779471544793294,0.2589279992389492,0.0491659350307287,43.39269208643624,0.0091900173679855,0.3279132791327913,2748,0.0,0.9443231441048034,0.0,0.0,1.0,26302.792285086336,0.0,4.140725441823551e-15,2.652350614884066e-13,0.0,0.0,0.0,0.0,,,0.0,450.0,58.45064952241408,0.0,0.0
optimal@30s+aware,4,450,2748,2563,0.9326783114992722,0.0673216885007278,0.017103347889374,0.0502183406113537,0.0,228.79618080660876,208.26741327682797,413.7943698351127,220.13391054483623,1025.2,21.935232149824422,206.8609486567843,0.1725902955482994,0.1125771093215927,0.7148325951301078,360,12.558333333333334,0.1842813888540856,0.2421790009248071,0.0553451791436061,41.83366986369633,0.00835927493373,0.3027777777777777,2748,0.0,0.9326783114992722,0.0,0.0,1.0,25851.09706992143,0.0,-2.0882415751513677e-15,2.6974980102833163e-13,0.0,0.0,0.0,0.0,,,0.0,450.0,57.44688237760318,0.0,0.0
optimal@30s+aware,5,450,2748,2603,0.9472343522561864,0.0527656477438136,0.0094614264919941,0.0433042212518195,0.0,226.67235502593184,208.76761362706657,404.50733996420513,218.03604312924347,1041.2,20.58202074529389,206.09033428063796,0.1507549316212318,0.114141374515237,0.735103693863531,360,11.344444444444443,0.1792402778038296,0.2385409991984488,0.0527383367139959,45.30468025188892,0.0119146892247511,0.3388888888888889,2748,0.0,0.9472343522561864,0.0,0.0,1.0,26373.41302626612,0.0,-1.0781660278787767e-14,2.638882837435737e-13,0.0,0.0,0.0,0.0,,,0.0,450.0,58.6075845028136,0.0,0.0
optimal@30s+aware,0,500,2748,2655,0.9661572052401748,0.0338427947598253,0.0043668122270742,0.029475982532751,0.0,199.9449669569693,180.3032577753129,370.88016221980286,195.32261316610672,1062.0,17.948022598870057,181.99694435809923,0.2312631138285947,0.0945727975691342,0.6741640886022711,367,10.23433242506812,0.1877209808883937,0.2524059992356342,0.0489287782281412,28.02218903726494,0.0107394203609854,0.2806539509536784,2748,0.0,0.9661572052401748,0.0,0.0,1.0,26961.249788565863,0.0,1.866011007565837e-15,2.62596389496048e-13,0.0,0.0,0.0,0.0,,,0.0,500.0,53.92249957713173,0.0,0.0
optimal@30s+aware,1,500,2748,2637,0.9596069868995634,0.0403930131004366,0.0076419213973799,0.0327510917030567,0.0,195.20660029515807,168.34540749451298,368.80792290887376,190.30661766197932,1054.8,19.218809252938943,175.98779104221916,0.237796058751514,0.0909665363468032,0.6712374049016827,360,10.97222222222222,0.1890494444422883,0.2704639996045443,0.0493612078977932,25.97584860997213,0.0082474318621129,0.2916666666666667,2748,0.0,0.9596069868995634,0.0,0.0,1.0,26847.249893277836,0.0,-9.46278828269815e-16,2.6304176887463656e-13,0.0,0.0,0.0,0.0,,,0.0,500.0,53.69449978655566,0.0,0.0
optimal@30s+aware,2,500,2748,2636,0.9592430858806404,0.0407569141193595,0.0131004366812227,0.0276564774381368,0.0,208.36438365618108,185.5884459266622,386.3050959201764,204.65251174730471,1054.4,20.202200303490137,188.16218335269096,0.2421115704874283,0.0962849145058469,0.6616035150067248,361,11.628808864265928,0.1899706371445557,0.2517000004445435,0.0503932420623361,31.64516276131209,0.0080885587278926,0.2825484764542936,2748,0.0,0.9592430858806404,0.0,0.0,1.0,26550.376058572427,0.0,-2.834859307339531e-15,2.6717036945628645e-13,0.0,0.0,0.0,0.0,,,0.0,500.0,53.10075211714485,0.0,0.0
optimal@30s+aware,3,500,2748,2660,0.9679767103347888,0.032023289665211,0.0065502183406113,0.0254730713245997,0.0,204.04560436167023,182.5124041600434,374.4319722463295,199.6961586481568,1064.0,19.911278195488723,184.1343261661815,0.23208156018052,0.0959625759132171,0.6719558639062627,369,10.7289972899729,0.192331978282623,0.2743040002678753,0.0542568542568542,31.435528252077383,0.0102778230626571,0.2764227642276423,2748,0.0,0.9679767103347888,0.0,0.0,1.0,26946.544044956776,0.0,-2.7136188033469616e-15,2.646547976593141e-13,0.0,0.0,0.0,0.0,,,0.0,500.0,53.89308808991355,0.0,0.0
optimal@30s+aware,4,500,2748,2631,0.9574235807860262,0.0425764192139738,0.0090975254730713,0.0334788937409024,0.0,206.25501645392217,182.8193901576369,377.417440705316,201.2349469165121,1052.4,20.42151273280121,185.833503721121,0.2417839256015754,0.0946284785554548,0.6635875958429696,361,11.498614958448751,0.1917656509828811,0.2569600004790117,0.0516690856313497,38.12915622091822,0.0102119925561078,0.2797783933518005,2748,0.0,0.9574235807860262,0.0,0.0,1.0,26585.179892564087,0.0,-3.108455677916668e-15,2.63717085670551e-13,0.0,0.0,0.0,0.0,,,0.0,500.0,53.17035978512818,0.0,0.0
optimal@30s+aware,5,500,2748,2657,0.9668850072780204,0.0331149927219796,0.0032751091703056,0.0298398835516739,0.0,193.7689331979912,172.7682031372642,353.30996646025307,189.07693090176167,1062.8,18.49529544599172,175.2736377519995,0.229903130306945,0.0915449706702258,0.6785518990228291,361,10.512465373961218,0.1965055401486001,0.2578799991169944,0.0510969976905311,33.52940943615399,0.0126125549062935,0.3047091412742382,2748,0.0,0.9668850072780204,0.0,0.0,1.0,27053.56624710512,0.0,-2.63779296569578e-15,2.6019750064670005e-13,0.0,0.0,0.0,0.0,,,0.0,500.0,54.10713249421024,0.0,0.0
